id,eventId,minute,second,teamId,x,y,expandedMinute,period,type,outcomeType,qualifiers,satisfiedEventsTypes,isTouch,playerId,endX,endY,relatedEventId,relatedPlayerId,blockedX,blockedY,goalMouthZ,goalMouthY,isShot,isGoal,cardType
2404677561.0,2,0,0.0,189,0.0,0.0,0,"{'value': 1, 'displayName': 'FirstHalf'}","{'value': 32, 'displayName': 'Start'}","{'value': 1, 'displayName': 'Successful'}",[],[],False,,,,,,,,,,,,
2404677549.0,2,0,0.0,29,0.0,0.0,0,"{'value': 1, 'displayName': 'FirstHalf'}","{'value': 32, 'displayName': 'Start'}","{'value': 1, 'displayName': 'Successful'}",[],[],False,,,,,,,,,,,,
2404677625.0,3,0,0.0,29,50.0,50.0,0,"{'value': 1, 'displayName': 'FirstHalf'}","{'value': 1, 'displayName': 'Pass'}","{'value': 1, 'displayName': 'Successful'}","[{'type': {'value': 141, 'displayName': 'PassEndY'}, 'value': '80.1'}, {'type': {'value': 212, 'displayName': 'Length'}, 'value': '30.9'}, {'type': {'value': 213, 'displayName': 'Angle'}, 'value': '2.4'}, {'type': {'value': 140, 'displayName': 'PassEndX'}, 'value': '28.0'}, {'type': {'value': 178, 'displayName': 'StandingSave'}}, {'type': {'value': 56, 'displayName': 'Zone'}, 'value': 'Back'}]","[91, 117, 30, 35, 37, 215, 218]",True,89998.0,28.0,80.1,,,,,,,,,
2404677713.0,4,0,3.0,29,28.9,81.8,0,"{'value': 1, 'displayName': 'FirstHalf'}","{'value': 1, 'displayName': 'Pass'}","{'value': 1, 'displayName': 'Successful'}","[{'type': {'value': 212, 'displayName': 'Length'}, 'value': '45.3'}, {'type': {'value': 178, 'displayName': 'StandingSave'}}, {'type': {'value': 140, 'displayName': 'PassEndX'}, 'value': '71.8'}, {'type': {'value': 1, 'displayName': 'Longball'}}, {'type': {'value': 213, 'displayName': 'Angle'}, 'value': '0.1'}, {'type': {'value': 141, 'displayName': 'PassEndY'}, 'value': '88.5'}, {'type': {'value': 56, 'displayName': 'Zone'}, 'value': 'Left'}]","[91, 119, 117, 127, 205, 36, 37, 217, 218]",True,68049.0,71.8,88.5,,,,,,,,,
2404677727.0,5,0,8.0,29,72.6,87.6,0,"{'value': 1, 'displayName': 'FirstHalf'}","{'value': 44, 'displayName': 'Aerial'}","{'value': 1, 'displayName': 'Successful'}","[{'type': {'value': 56, 'displayName': 'Zone'}, 'value': 'Left'}, {'type': {'value': 233, 'displayName': 'OppositeRelatedEvent'}, 'value': '3'}, {'type': {'value': 286, 'displayName': 'Offensive'}}]","[197, 199]",False,69517.0,,,,,,,,,,,
2404677771.0,3,0,8.0,189,27.4,12.4,0,"{'value': 1, 'displayName': 'FirstHalf'}","{'value': 44, 'displayName': 'Aerial'}","{'value': 0, 'displayName': 'Unsuccessful'}","[{'type': {'value': 56, 'displayName': 'Zone'}, 'value': 'Back'}, {'type': {'value': 285, 'displayName': 'Defensive'}}, {'type': {'value': 233, 'displayName': 'OppositeRelatedEvent'}, 'value': '5'}]","[198, 200]",False,29026.0,,,,,,,,,,,
2404677729.0,6,0,8.0,29,71.8,88.5,0,"{'value': 1, 'displayName': 'FirstHalf'}","{'value': 61, 'displayName': 'BallTouch'}","{'value': 0, 'displayName': 'Unsuccessful'}","[{'type': {'value': 56, 'displayName': 'Zone'}, 'value': 'Left'}, {'type': {'value': 15, 'displayName': 'Head'}}]","[91, 69]",True,69517.0,,,,,,,,,,,
2404677799.0,4,0,9.0,189,25.2,14.5,0,"{'value': 1, 'displayName': 'FirstHalf'}","{'value': 12, 'displayName': 'Clearance'}","{'value': 1, 'displayName': 'Successful'}","[{'type': {'value': 56, 'displayName': 'Zone'}, 'value': 'Back'}, {'type': {'value': 178, 'displayName': 'StandingSave'}}, {'type': {'value': 141, 'displayName': 'PassEndY'}, 'value': '0.0'}, {'type': {'value': 213, 'displayName': 'Angle'}, 'value': '3.9'}, {'type': {'value': 140, 'displayName': 'PassEndX'}, 'value': '13.9'}, {'type': {'value': 212, 'displayName': 'Length'}, 'value': '15.7'}]","[91, 94, 95, 215]",True,29026.0,13.9,0.0,,,,,,,,,
2404678161.0,8,0,29.0,29,87.7,100.0,0,"{'value': 1, 'displayName': 'FirstHalf'}","{'value': 1, 'displayName': 'Pass'}","{'value': 1, 'displayName': 'Successful'}","[{'type': {'value': 56, 'displayName': 'Zone'}, 'value': 'Left'}, {'type': {'value': 107, 'displayName': 'ThrowIn'}}, {'type': {'value': 213, 'displayName': 'Angle'}, 'value': '4.0'}, {'type': {'value': 140, 'displayName': 'PassEndX'}, 'value': '84.3'}, {'type': {'value': 141, 'displayName': 'PassEndY'}, 'value': '94.9'}, {'type': {'value': 212, 'displayName': 'Length'}, 'value': '5.6'}]","[91, 212, 35, 38, 217]",True,68049.0,84.3,94.9,,,,,,,,,
2404678189.0,9,0,31.0,29,81.5,95.3,0,"{'value': 1, 'displayName': 'FirstHalf'}","{'value': 1, 'displayName': 'Pass'}","{'value': 1, 'displayName': 'Successful'}","[{'type': {'value': 213, 'displayName': 'Angle'}, 'value': '3.3'}, {'type': {'value': 141, 'displayName': 'PassEndY'}, 'value': '89.8'}, {'type': {'value': 140, 'displayName': 'PassEndX'}, 'value': '60.4'}, {'type': {'value': 212, 'displayName': 'Length'}, 'value': '22.5'}, {'type': {'value': 178, 'displayName': 'StandingSave'}}, {'type': {'value': 56, 'displayName': 'Zone'}, 'value': 'Left'}]","[91, 119, 117, 30, 35, 38, 216, 218]",True,89998.0,60.4,89.8,,,,,,,,,
2404678263.0,10,0,34.0,29,58.0,88.5,0,"{'value': 1, 'displayName': 'FirstHalf'}","{'value': 1, 'displayName': 'Pass'}","{'value': 1, 'displayName': 'Successful'}","[{'type': {'value': 178, 'displayName': 'StandingSave'}}, {'type': {'value': 140, 'displayName': 'PassEndX'}, 'value': '46.9'}, {'type': {'value': 141, 'displayName': 'PassEndY'}, 'value': '54.7'}, {'type': {'value': 213, 'displayName': 'Angle'}, 'value': '4.2'}, {'type': {'value': 56, 'displayName': 'Zone'}, 'value': 'Back'}, {'type': {'value': 212, 'displayName': 'Length'}, 'value': '25.8'}]","[91, 117, 30, 35, 38, 216, 218]",True,106086.0,46.9,54.7,,,,,,,,,
2404678317.0,11,0,37.0,29,47.1,53.2,0,"{'value': 1, 'displayName': 'FirstHalf'}","{'value': 1, 'displayName': 'Pass'}","{'value': 1, 'displayName': 'Successful'}","[{'type': {'value': 140, 'displayName': 'PassEndX'}, 'value': '51.9'}, {'type': {'value': 141, 'displayName': 'PassEndY'}, 'value': '11.8'}, {'type': {'value': 213, 'displayName': 'Angle'}, 'value': '4.9'}, {'type': {'value': 212, 'displayName': 'Length'}, 'value': '28.6'}, {'type': {'value': 56, 'displayName': 'Zone'}, 'value': 'Right'}, {'type': {'value': 178, 'displayName': 'StandingSave'}}]","[91, 119, 117, 30, 36, 38, 216, 218]",True,73063.0,51.9,11.8,,,,,,,,,
2404678405.0,12,0,40.0,29,52.3,10.6,0,"{'value': 1, 'displayName': 'FirstHalf'}","{'value': 1, 'displayName': 'Pass'}","{'value': 1, 'displayName': 'Successful'}","[{'type': {'value': 140, 'displayName': 'PassEndX'}, 'value': '61.4'}, {'type': {'value': 213, 'displayName': 'Angle'}, 'value': '5.9'}, {'type': {'value': 56, 'displayName': 'Zone'}, 'value': 'Right'}, {'type': {'value': 178, 'displayName': 'StandingSave'}}, {'type': {'value': 141, 'displayName': 'PassEndY'}, 'value': '4.2'}, {'type': {'value': 212, 'displayName': 'Length'}, 'value': '10.5'}]","[91, 119, 117, 30, 36, 38, 216, 218]",True,111372.0,61.4,4.2,,,,,,,,,
2404678447.0,13,0,42.0,29,61.5,3.4,0,"{'value': 1, 'displayName': 'FirstHalf'}","{'value': 1, 'displayName': 'Pass'}","{'value': 0, 'displayName': 'Unsuccessful'}","[{'type': {'value': 212, 'displayName': 'Length'}, 'value': '9.1'}, {'type': {'value': 213, 'displayName': 'Angle'}, 'value': '3.5'}, {'type': {'value': 141, 'displayName': 'PassEndY'}, 'value': '0.0'}, {'type': {'value': 140, 'displayName': 'PassEndX'}, 'value': '53.3'}, {'type': {'value': 178, 'displayName': 'StandingSave'}}, {'type': {'value': 56, 'displayName': 'Zone'}, 'value': 'Right'}]","[91, 120, 29, 35, 38, 216, 218]",True,322596.0,53.3,0.0,,,,,,,,,
2404678713.0,7,0,53.0,189,40.3,100.0,0,"{'value': 1, 'displayName': 'FirstHalf'}","{'value': 1, 'displayName': 'Pass'}","{'value': 1, 'displayName': 'Successful'}","[{'type': {'value': 213, 'displayName': 'Angle'}, 'value': '4.6'}, {'type': {'value': 141, 'displayName': 'PassEndY'}, 'value': '93.0'}, {'type': {'value': 140, 'displayName': 'PassEndX'}, 'value': '39.8'}, {'type': {'value': 107, 'displayName': 'ThrowIn'}}, {'type': {'value': 212, 'displayName': 'Length'}, 'value': '5.7'}, {'type': {'value': 56, 'displayName': 'Zone'}, 'value': 'Back'}]","[91, 212, 35, 38, 216]",True,229562.0,39.8,93.0,,,,,,,,,
2404678727.0,8,0,55.0,189,39.8,93.0,0,"{'value': 1, 'displayName': 'FirstHalf'}","{'value': 1, 'displayName': 'Pass'}","{'value': 1, 'displayName': 'Successful'}","[{'type': {'value': 140, 'displayName': 'PassEndX'}, 'value': '40.4'}, {'type': {'value': 213, 'displayName': 'Angle'}, 'value': '1.3'}, {'type': {'value': 212, 'displayName': 'Length'}, 'value': '2.7'}, {'type': {'value': 141, 'displayName': 'PassEndY'}, 'value': '96.8'}, {'type': {'value': 56, 'displayName': 'Zone'}, 'value': 'Back'}, {'type': {'value': 178, 'displayName': 'StandingSave'}}]","[91, 117, 30, 36, 37, 216, 218]",True,134240.0,40.4,96.8,,,,,,,,,
2404678775.0,9,0,56.0,189,40.4,96.8,0,"{'value': 1, 'displayName': 'FirstHalf'}","{'value': 1, 'displayName': 'Pass'}","{'value': 1, 'displayName': 'Successful'}","[{'type': {'value': 140, 'displayName': 'PassEndX'}, 'value': '55.7'}, {'type': {'value': 56, 'displayName': 'Zone'}, 'value': 'Left'}, {'type': {'value': 178, 'displayName': 'StandingSave'}}, {'type': {'value': 141, 'displayName': 'PassEndY'}, 'value': '93.0'}, {'type': {'value': 212, 'displayName': 'Length'}, 'value': '16.3'}, {'type': {'value': 213, 'displayName': 'Angle'}, 'value': '6.1'}]","[91, 119, 117, 30, 36, 38, 216, 218]",True,229562.0,55.7,93.0,,,,,,,,,
2404678829.0,10,0,58.0,189,56.2,93.0,0,"{'value': 1, 'displayName': 'FirstHalf'}","{'value': 1, 'displayName': 'Pass'}","{'value': 1, 'displayName': 'Successful'}","[{'type': {'value': 178, 'displayName': 'StandingSave'}}, {'type': {'value': 212, 'displayName': 'Length'}, 'value': '16.9'}, {'type': {'value': 56, 'displayName': 'Zone'}, 'value': 'Left'}, {'type': {'value': 141, 'displayName': 'PassEndY'}, 'value': '84.6'}, {'type': {'value': 140, 'displayName': 'PassEndX'}, 'value': '71.3'}, {'type': {'value': 213, 'displayName': 'Angle'}, 'value': '5.9'}]","[91, 119, 117, 30, 205, 36, 38, 217, 218]",True,69344.0,71.3,84.6,,,,,,,,,
2404678839.0,11,0,59.0,189,71.3,84.3,0,"{'value': 1, 'displayName': 'FirstHalf'}","{'value': 61, 'displayName': 'BallTouch'}","{'value': 0, 'displayName': 'Unsuccessful'}","[{'type': {'value': 178, 'displayName': 'StandingSave'}}, {'type': {'value': 56, 'displayName': 'Zone'}, 'value': 'Left'}]","[91, 69]",True,296240.0,,,,,,,,,,,
2404678843.0,16,1,2.0,29,31.9,31.0,1,"{'value': 1, 'displayName': 'FirstHalf'}","{'value': 49, 'displayName': 'BallRecovery'}","{'value': 1, 'displayName': 'Successful'}",[],[93],False,332325.0,,,,,,,,,,,
2404678893.0,17,1,2.0,29,31.9,31.5,1,"{'value': 1, 'displayName': 'FirstHalf'}","{'value': 1, 'displayName': 'Pass'}","{'value': 1, 'displayName': 'Successful'}","[{'type': {'value': 140, 'displayName': 'PassEndX'}, 'value': '38.8'}, {'type': {'value': 212, 'displayName': 'Length'}, 'value': '12.0'}, {'type': {'value': 178, 'displayName': 'StandingSave'}}, {'type': {'value': 141, 'displayName': 'PassEndY'}, 'value': '45.6'}, {'type': {'value': 56, 'displayName': 'Zone'}, 'value': 'Back'}, {'type': {'value': 213, 'displayName': 'Angle'}, 'value': '0.9'}]","[91, 117, 30, 36, 37, 216, 218]",True,332325.0,38.8,45.6,,,,,,,,,
2404678947.0,18,1,3.0,29,38.8,45.6,1,"{'value': 1, 'displayName': 'FirstHalf'}","{'value': 1, 'displayName': 'Pass'}","{'value': 1, 'displayName': 'Successful'}","[{'type': {'value': 141, 'displayName': 'PassEndY'}, 'value': '50.6'}, {'type': {'value': 212, 'displayName': 'Length'}, 'value': '8.2'}, {'type': {'value': 140, 'displayName': 'PassEndX'}, 'value': '31.7'}, {'type': {'value': 56, 'displayName': 'Zone'}, 'value': 'Back'}, {'type': {'value': 178, 'displayName': 'StandingSave'}}, {'type': {'value': 213, 'displayName': 'Angle'}, 'value': '2.7'}]","[91, 117, 30, 35, 37, 215, 218]",True,297203.0,31.7,50.6,,,,,,,,,
2404679129.0,19,1,5.0,29,31.2,50.6,1,"{'value': 1, 'displayName': 'FirstHalf'}","{'value': 1, 'displayName': 'Pass'}","{'value': 1, 'displayName': 'Successful'}","[{'type': {'value': 56, 'displayName': 'Zone'}, 'value': 'Back'}, {'type': {'value': 178, 'displayName': 'StandingSave'}}, {'type': {'value': 140, 'displayName': 'PassEndX'}, 'value': '35.0'}, {'type': {'value': 213, 'displayName': 'Angle'}, 'value': '5.5'}, {'type': {'value': 212, 'displayName': 'Length'}, 'value': '5.9'}, {'type': {'value': 141, 'displayName': 'PassEndY'}, 'value': '44.2'}]","[91, 117, 30, 36, 38, 216, 218]",True,332325.0,35.0,44.2,,,,,,,,,
2404680623.0,21,2,19.0,29,24.6,43.2,2,"{'value': 1, 'displayName': 'FirstHalf'}","{'value': 1, 'displayName': 'Pass'}","{'value': 1, 'displayName': 'Successful'}","[{'type': {'value': 140, 'displayName': 'PassEndX'}, 'value': '10.3'}, {'type': {'value': 56, 'displayName': 'Zone'}, 'value': 'Back'}, {'type': {'value': 212, 'displayName': 'Length'}, 'value': '15.0'}, {'type': {'value': 178, 'displayName': 'StandingSave'}}, {'type': {'value': 141, 'displayName': 'PassEndY'}, 'value': '42.4'}, {'type': {'value': 213, 'displayName': 'Angle'}, 'value': '3.2'}]","[91, 117, 30, 35, 38, 215, 218]",True,332325.0,10.3,42.4,,,,,,,,,
2404680705.0,22,2,23.0,29,11.7,40.1,2,"{'value': 1, 'displayName': 'FirstHalf'}","{'value': 1, 'displayName': 'Pass'}","{'value': 1, 'displayName': 'Successful'}","[{'type': {'value': 140, 'displayName': 'PassEndX'}, 'value': '46.5'}, {'type': {'value': 56, 'displayName': 'Zone'}, 'value': 'Back'}, {'type': {'value': 212, 'displayName': 'Length'}, 'value': '43.7'}, {'type': {'value': 178, 'displayName': 'StandingSave'}}, {'type': {'value': 213, 'displayName': 'Angle'}, 'value': '5.7'}, {'type': {'value': 141, 'displayName': 'PassEndY'}, 'value': '4.8'}, {'type': {'value': 1, 'displayName': 'Longball'}}]","[91, 117, 127, 36, 38, 216, 218]",True,20973.0,46.5,4.8,,,,,,,,,
2404680751.0,23,2,27.0,29,46.5,4.8,2,"{'value': 1, 'displayName': 'FirstHalf'}","{'value': 1, 'displayName': 'Pass'}","{'value': 0, 'displayName': 'Unsuccessful'}","[{'type': {'value': 56, 'displayName': 'Zone'}, 'value': 'Right'}, {'type': {'value': 212, 'displayName': 'Length'}, 'value': '14.7'}, {'type': {'value': 140, 'displayName': 'PassEndX'}, 'value': '60.0'}, {'type': {'value': 213, 'displayName': 'Angle'}, 'value': '0.3'}, {'type': {'value': 3, 'displayName': 'HeadPass'}}, {'type': {'value': 178, 'displayName': 'StandingSave'}}, {'type': {'value': 141, 'displayName': 'PassEndY'}, 'value': '10.5'}]","[91, 120, 29, 139, 36, 37, 216, 218]",True,111372.0,60.0,10.5,,,,,,,,,
2404680765.0,13,2,29.0,189,32.0,86.7,2,"{'value': 1, 'displayName': 'FirstHalf'}","{'value': 1, 'displayName': 'Pass'}","{'value': 0, 'displayName': 'Unsuccessful'}","[{'type': {'value': 140, 'displayName': 'PassEndX'}, 'value': '38.5'}, {'type': {'value': 141, 'displayName': 'PassEndY'}, 'value': '89.4'}, {'type': {'value': 213, 'displayName': 'Angle'}, 'value': '0.3'}, {'type': {'value': 212, 'displayName': 'Length'}, 'value': '7.1'}, {'type': {'value': 56, 'displayName': 'Zone'}, 'value': 'Back'}, {'type': {'value': 3, 'displayName': 'HeadPass'}}]","[91, 118, 120, 29, 139, 36, 37, 216, 218]",True,342499.0,38.5,89.4,,,,,,,,,
2404680843.0,24,2,30.0,29,55.6,8.6,2,"{'value': 1, 'displayName': 'FirstHalf'}","{'value': 1, 'displayName': 'Pass'}","{'value': 1, 'displayName': 'Successful'}","[{'type': {'value': 213, 'displayName': 'Angle'}, 'value': '0.5'}, {'type': {'value': 212, 'displayName': 'Length'}, 'value': '11.6'}, {'type': {'value': 141, 'displayName': 'PassEndY'}, 'value': '16.7'}, {'type': {'value': 178, 'displayName': 'StandingSave'}}, {'type': {'value': 140, 'displayName': 'PassEndX'}, 'value': '65.3'}, {'type': {'value': 56, 'displayName': 'Zone'}, 'value': 'Right'}, {'type': {'value': 3, 'displayName': 'HeadPass'}}]","[91, 119, 117, 30, 139, 36, 37, 216, 218]",True,111372.0,65.3,16.7,,,,,,,,,
2404680919.0,25,2,32.0,29,65.3,16.7,2,"{'value': 1, 'displayName': 'FirstHalf'}","{'value': 1, 'displayName': 'Pass'}","{'value': 1, 'displayName': 'Successful'}","[{'type': {'value': 56, 'displayName': 'Zone'}, 'value': 'Right'}, {'type': {'value': 213, 'displayName': 'Angle'}, 'value': '3.5'}, {'type': {'value': 140, 'displayName': 'PassEndX'}, 'value': '57.6'}, {'type': {'value': 141, 'displayName': 'PassEndY'}, 'value': '12.3'}, {'type': {'value': 178, 'displayName': 'StandingSave'}}, {'type': {'value': 156, 'displayName': 'LayOff'}}, {'type': {'value': 212, 'displayName': 'Length'}, 'value': '8.6'}]","[91, 119, 117, 30, 35, 38, 216, 218]",True,69517.0,57.6,12.3,,,,,,,,,
2404680937.0,26,2,33.0,29,57.6,12.3,2,"{'value': 1, 'displayName': 'FirstHalf'}","{'value': 1, 'displayName': 'Pass'}","{'value': 0, 'displayName': 'Unsuccessful'}","[{'type': {'value': 212, 'displayName': 'Length'}, 'value': '8.8'}, {'type': {'value': 56, 'displayName': 'Zone'}, 'value': 'Right'}, {'type': {'value': 141, 'displayName': 'PassEndY'}, 'value': '11.7'}, {'type': {'value': 140, 'displayName': 'PassEndX'}, 'value': '66.0'}, {'type': {'value': 213, 'displayName': 'Angle'}, 'value': '6.2'}, {'type': {'value': 178, 'displayName': 'StandingSave'}}]","[91, 120, 29, 36, 38, 216, 218]",True,143595.0,66.0,11.7,,,,,,,,,
2404680923.0,14,2,34.0,189,26.1,83.4,2,"{'value': 1, 'displayName': 'FirstHalf'}","{'value': 49, 'displayName': 'BallRecovery'}","{'value': 1, 'displayName': 'Successful'}",[],[93],False,229562.0,,,,,,,,,,,
2404680961.0,15,2,35.0,189,27.8,85.7,2,"{'value': 1, 'displayName': 'FirstHalf'}","{'value': 1, 'displayName': 'Pass'}","{'value': 0, 'displayName': 'Unsuccessful'}","[{'type': {'value': 212, 'displayName': 'Length'}, 'value': '35.3'}, {'type': {'value': 155, 'displayName': 'Chipped'}}, {'type': {'value': 1, 'displayName': 'Longball'}}, {'type': {'value': 213, 'displayName': 'Angle'}, 'value': '0.1'}, {'type': {'value': 140, 'displayName': 'PassEndX'}, 'value': '61.3'}, {'type': {'value': 141, 'displayName': 'PassEndY'}, 'value': '90.0'}, {'type': {'value': 178, 'displayName': 'StandingSave'}}, {'type': {'value': 56, 'displayName': 'Zone'}, 'value': 'Left'}]","[91, 120, 124, 128, 36, 37, 216, 218]",True,229562.0,61.3,90.0,,,,,,,,,
2404681061.0,28,2,38.0,29,41.5,20.0,2,"{'value': 1, 'displayName': 'FirstHalf'}","{'value': 12, 'displayName': 'Clearance'}","{'value': 1, 'displayName': 'Successful'}","[{'type': {'value': 178, 'displayName': 'StandingSave'}}, {'type': {'value': 212, 'displayName': 'Length'}, 'value': '19.0'}, {'type': {'value': 213, 'displayName': 'Angle'}, 'value': '5.4'}, {'type': {'value': 15, 'displayName': 'Head'}}, {'type': {'value': 56, 'displayName': 'Zone'}, 'value': 'Right'}, {'type': {'value': 141, 'displayName': 'PassEndY'}, 'value': '0.0'}, {'type': {'value': 140, 'displayName': 'PassEndX'}, 'value': '52.8'}]","[91, 94, 95, 57, 216]",True,73063.0,52.8,0.0,,,,,,,,,
2404681135.0,17,2,43.0,189,43.0,100.0,2,"{'value': 1, 'displayName': 'FirstHalf'}","{'value': 1, 'displayName': 'Pass'}","{'value': 1, 'displayName': 'Successful'}","[{'type': {'value': 212, 'displayName': 'Length'}, 'value': '10.3'}, {'type': {'value': 141, 'displayName': 'PassEndY'}, 'value': '86.7'}, {'type': {'value': 140, 'displayName': 'PassEndX'}, 'value': '41.1'}, {'type': {'value': 107, 'displayName': 'ThrowIn'}}, {'type': {'value': 56, 'displayName': 'Zone'}, 'value': 'Back'}, {'type': {'value': 213, 'displayName': 'Angle'}, 'value': '4.5'}]","[91, 212, 35, 38, 216]",True,229562.0,41.1,86.7,,,,,,,,,
2404681169.0,18,2,44.0,189,41.1,86.7,2,"{'value': 1, 'displayName': 'FirstHalf'}","{'value': 1, 'displayName': 'Pass'}","{'value': 1, 'displayName': 'Successful'}","[{'type': {'value': 141, 'displayName': 'PassEndY'}, 'value': '94.1'}, {'type': {'value': 140, 'displayName': 'PassEndX'}, 'value': '41.9'}, {'type': {'value': 212, 'displayName': 'Length'}, 'value': '5.1'}, {'type': {'value': 56, 'displayName': 'Zone'}, 'value': 'Back'}, {'type': {'value': 213, 'displayName': 'Angle'}, 'value': '1.4'}, {'type': {'value': 178, 'displayName': 'StandingSave'}}]","[91, 117, 30, 36, 37, 216, 218]",True,101856.0,41.9,94.1,,,,,,,,,
2404681189.0,19,2,46.0,189,41.9,94.2,2,"{'value': 1, 'displayName': 'FirstHalf'}","{'value': 1, 'displayName': 'Pass'}","{'value': 1, 'displayName': 'Successful'}","[{'type': {'value': 56, 'displayName': 'Zone'}, 'value': 'Back'}, {'type': {'value': 140, 'displayName': 'PassEndX'}, 'value': '35.7'}, {'type': {'value': 213, 'displayName': 'Angle'}, 'value': '3.1'}, {'type': {'value': 178, 'displayName': 'StandingSave'}}, {'type': {'value': 212, 'displayName': 'Length'}, 'value': '6.5'}, {'type': {'value': 141, 'displayName': 'PassEndY'}, 'value': '95.0'}]","[91, 117, 30, 35, 37, 216, 218]",True,229562.0,35.7,95.0,,,,,,,,,
2404681213.0,20,2,47.0,189,35.7,95.0,2,"{'value': 1, 'displayName': 'FirstHalf'}","{'value': 1, 'displayName': 'Pass'}","{'value': 0, 'displayName': 'Unsuccessful'}","[{'type': {'value': 212, 'displayName': 'Length'}, 'value': '28.8'}, {'type': {'value': 178, 'displayName': 'StandingSave'}}, {'type': {'value': 213, 'displayName': 'Angle'}, 'value': '0.0'}, {'type': {'value': 141, 'displayName': 'PassEndY'}, 'value': '96.5'}, {'type': {'value': 140, 'displayName': 'PassEndX'}, 'value': '63.1'}, {'type': {'value': 155, 'displayName': 'Chipped'}}, {'type': {'value': 56, 'displayName': 'Zone'}, 'value': 'Left'}]","[91, 120, 29, 124, 36, 37, 216, 218]",True,101856.0,63.1,96.5,,,,,,,,,
2404681287.0,30,2,49.0,29,36.5,4.2,2,"{'value': 1, 'displayName': 'FirstHalf'}","{'value': 1, 'displayName': 'Pass'}","{'value': 0, 'displayName': 'Unsuccessful'}","[{'type': {'value': 3, 'displayName': 'HeadPass'}}, {'type': {'value': 213, 'displayName': 'Angle'}, 'value': '0.0'}, {'type': {'value': 212, 'displayName': 'Length'}, 'value': '10.7'}, {'type': {'value': 141, 'displayName': 'PassEndY'}, 'value': '4.8'}, {'type': {'value': 56, 'displayName': 'Zone'}, 'value': 'Back'}, {'type': {'value': 178, 'displayName': 'StandingSave'}}, {'type': {'value': 140, 'displayName': 'PassEndX'}, 'value': '46.7'}]","[91, 118, 120, 29, 139, 36, 37, 216, 218]",True,111372.0,46.7,4.8,,,,,,,,,
2404681305.0,21,2,51.0,189,53.4,95.1,2,"{'value': 1, 'displayName': 'FirstHalf'}","{'value': 1, 'displayName': 'Pass'}","{'value': 1, 'displayName': 'Successful'}","[{'type': {'value': 141, 'displayName': 'PassEndY'}, 'value': '89.9'}, {'type': {'value': 56, 'displayName': 'Zone'}, 'value': 'Left'}, {'type': {'value': 212, 'displayName': 'Length'}, 'value': '7.7'}, {'type': {'value': 140, 'displayName': 'PassEndX'}, 'value': '59.9'}, {'type': {'value': 178, 'displayName': 'StandingSave'}}, {'type': {'value': 213, 'displayName': 'Angle'}, 'value': '5.8'}, {'type': {'value': 3, 'displayName': 'HeadPass'}}]","[91, 119, 117, 30, 139, 36, 38, 216, 218]",True,229562.0,59.9,89.9,,,,,,,,,
2404681359.0,22,2,53.0,189,59.9,89.9,2,"{'value': 1, 'displayName': 'FirstHalf'}","{'value': 1, 'displayName': 'Pass'}","{'value': 1, 'displayName': 'Successful'}","[{'type': {'value': 56, 'displayName': 'Zone'}, 'value': 'Center'}, {'type': {'value': 140, 'displayName': 'PassEndX'}, 'value': '57.4'}, {'type': {'value': 213, 'displayName': 'Angle'}, 'value': '4.4'}, {'type': {'value': 141, 'displayName': 'PassEndY'}, 'value': '78.8'}, {'type': {'value': 212, 'displayName': 'Length'}, 'value': '8.0'}]","[91, 119, 117, 30, 35, 38, 216, 218]",True,134240.0,57.4,78.8,,,,,,,,,
2404681417.0,23,2,55.0,189,57.4,75.3,2,"{'value': 1, 'displayName': 'FirstHalf'}","{'value': 1, 'displayName': 'Pass'}","{'value': 1, 'displayName': 'Successful'}","[{'type': {'value': 213, 'displayName': 'Angle'}, 'value': '5.0'}, {'type': {'value': 155, 'displayName': 'Chipped'}}, {'type': {'value': 178, 'displayName': 'StandingSave'}}, {'type': {'value': 212, 'displayName': 'Length'}, 'value': '46.6'}, {'type': {'value': 1, 'displayName': 'Longball'}}, {'type': {'value': 141, 'displayName': 'PassEndY'}, 'value': '9.7'}, {'type': {'value': 56, 'displayName': 'Zone'}, 'value': 'Right'}, {'type': {'value': 140, 'displayName': 'PassEndX'}, 'value': '70.2'}]","[91, 119, 117, 124, 127, 205, 36, 38, 217, 218]",True,69344.0,70.2,9.7,,,,,,,,,
2404681435.0,24,2,57.0,189,70.2,9.7,2,"{'value': 1, 'displayName': 'FirstHalf'}","{'value': 1, 'displayName': 'Pass'}","{'value': 0, 'displayName': 'Unsuccessful'}","[{'type': {'value': 155, 'displayName': 'Chipped'}}, {'type': {'value': 140, 'displayName': 'PassEndX'}, 'value': '90.3'}, {'type': {'value': 56, 'displayName': 'Zone'}, 'value': 'Right'}, {'type': {'value': 178, 'displayName': 'StandingSave'}}, {'type': {'value': 141, 'displayName': 'PassEndY'}, 'value': '9.1'}, {'type': {'value': 212, 'displayName': 'Length'}, 'value': '21.1'}, {'type': {'value': 213, 'displayName': 'Angle'}, 'value': '6.3'}]","[91, 120, 29, 124, 36, 38, 217, 218]",True,353377.0,90.3,9.1,,,,,,,,,
2404681445.0,31,3,1.0,29,10.9,91.5,3,"{'value': 1, 'displayName': 'FirstHalf'}","{'value': 49, 'displayName': 'BallRecovery'}","{'value': 1, 'displayName': 'Successful'}",[],[93],False,68049.0,,,,,,,,,,,
2404681491.0,32,3,3.0,29,6.6,94.2,3,"{'value': 1, 'displayName': 'FirstHalf'}","{'value': 12, 'displayName': 'Clearance'}","{'value': 1, 'displayName': 'Successful'}","[{'type': {'value': 213, 'displayName': 'Angle'}, 'value': '1.1'}, {'type': {'value': 56, 'displayName': 'Zone'}, 'value': 'Back'}, {'type': {'value': 178, 'displayName': 'StandingSave'}}, {'type': {'value': 140, 'displayName': 'PassEndX'}, 'value': '8.9'}, {'type': {'value': 212, 'displayName': 'Length'}, 'value': '5.5'}, {'type': {'value': 141, 'displayName': 'PassEndY'}, 'value': '100.0'}]","[91, 94, 95, 215]",True,68049.0,8.9,100.0,,,,,,,,,
2404682645.0,26,3,46.0,189,93.8,0.0,3,"{'value': 1, 'displayName': 'FirstHalf'}","{'value': 1, 'displayName': 'Pass'}","{'value': 0, 'displayName': 'Unsuccessful'}","[{'type': {'value': 107, 'displayName': 'ThrowIn'}}, {'type': {'value': 213, 'displayName': 'Angle'}, 'value': '1.5'}, {'type': {'value': 141, 'displayName': 'PassEndY'}, 'value': '34.4'}, {'type': {'value': 140, 'displayName': 'PassEndX'}, 'value': '95.3'}, {'type': {'value': 56, 'displayName': 'Zone'}, 'value': 'Center'}, {'type': {'value': 212, 'displayName': 'Length'}, 'value': '24.1'}, {'type': {'value': 1, 'displayName': 'Longball'}}]","[91, 212, 36, 37, 217]",True,29026.0,95.3,34.4,,,,,,,,,
2404682657.0,34,3,48.0,29,5.7,64.2,3,"{'value': 1, 'displayName': 'FirstHalf'}","{'value': 44, 'displayName': 'Aerial'}","{'value': 1, 'displayName': 'Successful'}","[{'type': {'value': 233, 'displayName': 'OppositeRelatedEvent'}, 'value': '27'}, {'type': {'value': 285, 'displayName': 'Defensive'}}, {'type': {'value': 56, 'displayName': 'Zone'}, 'value': 'Back'}]","[197, 200]",False,68049.0,,,,,,,,,,,
2404682667.0,27,3,48.0,189,94.3,35.8,3,"{'value': 1, 'displayName': 'FirstHalf'}","{'value': 44, 'displayName': 'Aerial'}","{'value': 0, 'displayName': 'Unsuccessful'}","[{'type': {'value': 233, 'displayName': 'OppositeRelatedEvent'}, 'value': '34'}, {'type': {'value': 56, 'displayName': 'Zone'}, 'value': 'Center'}, {'type': {'value': 286, 'displayName': 'Offensive'}}]","[198, 199]",False,134240.0,,,,,,,,,,,
2404682687.0,35,3,48.0,29,6.3,61.4,3,"{'value': 1, 'displayName': 'FirstHalf'}","{'value': 12, 'displayName': 'Clearance'}","{'value': 1, 'displayName': 'Successful'}","[{'type': {'value': 212, 'displayName': 'Length'}, 'value': '8.0'}, {'type': {'value': 141, 'displayName': 'PassEndY'}, 'value': '72.8'}, {'type': {'value': 213, 'displayName': 'Angle'}, 'value': '1.3'}, {'type': {'value': 56, 'displayName': 'Zone'}, 'value': 'Back'}, {'type': {'value': 140, 'displayName': 'PassEndX'}, 'value': '8.0'}, {'type': {'value': 15, 'displayName': 'Head'}}]","[91, 94, 95, 57, 215]",True,68049.0,8.0,72.8,,,,,,,,,
2404682725.0,36,3,49.0,29,8.6,69.3,3,"{'value': 1, 'displayName': 'FirstHalf'}","{'value': 49, 'displayName': 'BallRecovery'}","{'value': 1, 'displayName': 'Successful'}",[],[93],False,297203.0,,,,,,,,,,,
2404682801.0,37,3,50.0,29,8.6,69.3,3,"{'value': 1, 'displayName': 'FirstHalf'}","{'value': 1, 'displayName': 'Pass'}","{'value': 0, 'displayName': 'Unsuccessful'}","[{'type': {'value': 1, 'displayName': 'Longball'}}, {'type': {'value': 141, 'displayName': 'PassEndY'}, 'value': '92.0'}, {'type': {'value': 213, 'displayName': 'Angle'}, 'value': '0.3'}, {'type': {'value': 212, 'displayName': 'Length'}, 'value': '56.5'}, {'type': {'value': 140, 'displayName': 'PassEndX'}, 'value': '60.4'}, {'type': {'value': 178, 'displayName': 'StandingSave'}}, {'type': {'value': 56, 'displayName': 'Zone'}, 'value': 'Left'}]","[91, 120, 128, 36, 37, 216, 218]",True,297203.0,60.4,92.0,,,,,,,,,
2404682789.0,28,3,55.0,189,33.9,4.1,3,"{'value': 1, 'displayName': 'FirstHalf'}","{'value': 49, 'displayName': 'BallRecovery'}","{'value': 1, 'displayName': 'Successful'}",[],[93],False,229562.0,,,,,,,,,,,
2404682871.0,29,3,55.0,189,33.2,4.1,3,"{'value': 1, 'displayName': 'FirstHalf'}","{'value': 1, 'displayName': 'Pass'}","{'value': 1, 'displayName': 'Successful'}","[{'type': {'value': 56, 'displayName': 'Zone'}, 'value': 'Back'}, {'type': {'value': 213, 'displayName': 'Angle'}, 'value': '2.1'}, {'type': {'value': 178, 'displayName': 'StandingSave'}}, {'type': {'value': 141, 'displayName': 'PassEndY'}, 'value': '33.5'}, {'type': {'value': 140, 'displayName': 'PassEndX'}, 'value': '21.2'}, {'type': {'value': 212, 'displayName': 'Length'}, 'value': '23.6'}]","[91, 117, 30, 35, 37, 215, 218]",True,229562.0,21.2,33.5,,,,,,,,,
2404682961.0,30,3,59.0,189,22.4,35.0,3,"{'value': 1, 'displayName': 'FirstHalf'}","{'value': 1, 'displayName': 'Pass'}","{'value': 1, 'displayName': 'Successful'}","[{'type': {'value': 140, 'displayName': 'PassEndX'}, 'value': '28.6'}, {'type': {'value': 213, 'displayName': 'Angle'}, 'value': '1.2'}, {'type': {'value': 178, 'displayName': 'StandingSave'}}, {'type': {'value': 141, 'displayName': 'PassEndY'}, 'value': '63.3'}, {'type': {'value': 56, 'displayName': 'Zone'}, 'value': 'Back'}, {'type': {'value': 212, 'displayName': 'Length'}, 'value': '20.3'}]","[91, 117, 30, 36, 37, 215, 218]",True,276366.0,28.6,63.3,,,,,,,,,
2404683041.0,31,4,4.0,189,28.9,54.6,4,"{'value': 1, 'displayName': 'FirstHalf'}","{'value': 1, 'displayName': 'Pass'}","{'value': 1, 'displayName': 'Successful'}","[{'type': {'value': 141, 'displayName': 'PassEndY'}, 'value': '47.5'}, {'type': {'value': 140, 'displayName': 'PassEndX'}, 'value': '12.9'}, {'type': {'value': 212, 'displayName': 'Length'}, 'value': '17.5'}, {'type': {'value': 56, 'displayName': 'Zone'}, 'value': 'Back'}, {'type': {'value': 178, 'displayName': 'StandingSave'}}, {'type': {'value': 213, 'displayName': 'Angle'}, 'value': '3.4'}]","[91, 117, 30, 35, 38, 215, 218]",True,69344.0,12.9,47.5,,,,,,,,,
2404683117.0,32,4,8.0,189,11.5,39.1,4,"{'value': 1, 'displayName': 'FirstHalf'}","{'value': 1, 'displayName': 'Pass'}","{'value': 1, 'displayName': 'Successful'}","[{'type': {'value': 56, 'displayName': 'Zone'}, 'value': 'Back'}, {'type': {'value': 212, 'displayName': 'Length'}, 'value': '27.0'}, {'type': {'value': 213, 'displayName': 'Angle'}, 'value': '5.4'}, {'type': {'value': 141, 'displayName': 'PassEndY'}, 'value': '8.5'}, {'type': {'value': 178, 'displayName': 'StandingSave'}}, {'type': {'value': 140, 'displayName': 'PassEndX'}, 'value': '27.9'}]","[91, 117, 30, 36, 38, 215, 218]",True,276366.0,27.9,8.5,,,,,,,,,
2404683133.0,33,4,11.0,189,22.8,7.1,4,"{'value': 1, 'displayName': 'FirstHalf'}","{'value': 1, 'displayName': 'Pass'}","{'value': 0, 'displayName': 'Unsuccessful'}","[{'type': {'value': 178, 'displayName': 'StandingSave'}}, {'type': {'value': 140, 'displayName': 'PassEndX'}, 'value': '24.7'}, {'type': {'value': 286, 'displayName': 'Offensive'}}, {'type': {'value': 212, 'displayName': 'Length'}, 'value': '2.1'}, {'type': {'value': 233, 'displayName': 'OppositeRelatedEvent'}, 'value': '38'}, {'type': {'value': 56, 'displayName': 'Zone'}, 'value': 'Back'}, {'type': {'value': 141, 'displayName': 'PassEndY'}, 'value': '6.2'}, {'type': {'value': 213, 'displayName': 'Angle'}, 'value': '6.0'}]","[91, 118, 120, 29, 36, 38, 215, 218]",True,321085.0,24.7,6.2,,,,,,,,,
2404683153.0,38,4,11.0,29,63.8,93.3,4,"{'value': 1, 'displayName': 'FirstHalf'}","{'value': 74, 'displayName': 'BlockedPass'}","{'value': 1, 'displayName': 'Successful'}","[{'type': {'value': 285, 'displayName': 'Defensive'}}, {'type': {'value': 56, 'displayName': 'Zone'}, 'value': 'Left'}, {'type': {'value': 233, 'displayName': 'OppositeRelatedEvent'}, 'value': '33'}, {'type': {'value': 178, 'displayName': 'StandingSave'}}]","[91, 60]",True,297203.0,,,,,,,,,,,
2404683725.0,35,4,32.0,189,33.2,0.0,4,"{'value': 1, 'displayName': 'FirstHalf'}","{'value': 1, 'displayName': 'Pass'}","{'value': 1, 'displayName': 'Successful'}","[{'type': {'value': 213, 'displayName': 'Angle'}, 'value': '0.6'}, {'type': {'value': 1, 'displayName': 'Longball'}}, {'type': {'value': 56, 'displayName': 'Zone'}, 'value': 'Right'}, {'type': {'value': 212, 'displayName': 'Length'}, 'value': '23.8'}, {'type': {'value': 141, 'displayName': 'PassEndY'}, 'value': '18.2'}, {'type': {'value': 107, 'displayName': 'ThrowIn'}}, {'type': {'value': 140, 'displayName': 'PassEndX'}, 'value': '52.1'}]","[91, 212, 36, 37, 216]",True,321085.0,52.1,18.2,,,,,,,,,
2404683735.0,36,4,35.0,189,52.5,18.2,4,"{'value': 1, 'displayName': 'FirstHalf'}","{'value': 1, 'displayName': 'Pass'}","{'value': 0, 'displayName': 'Unsuccessful'}","[{'type': {'value': 140, 'displayName': 'PassEndX'}, 'value': '62.4'}, {'type': {'value': 213, 'displayName': 'Angle'}, 'value': '6.0'}, {'type': {'value': 56, 'displayName': 'Zone'}, 'value': 'Right'}, {'type': {'value': 141, 'displayName': 'PassEndY'}, 'value': '14.0'}, {'type': {'value': 212, 'displayName': 'Length'}, 'value': '10.8'}, {'type': {'value': 178, 'displayName': 'StandingSave'}}]","[91, 120, 29, 36, 38, 216, 218]",True,298689.0,62.4,14.0,,,,,,,,,
2404683749.0,40,4,36.0,29,38.6,83.1,4,"{'value': 1, 'displayName': 'FirstHalf'}","{'value': 8, 'displayName': 'Interception'}","{'value': 1, 'displayName': 'Successful'}","[{'type': {'value': 178, 'displayName': 'StandingSave'}}, {'type': {'value': 56, 'displayName': 'Zone'}, 'value': 'Back'}]","[91, 101, 56]",True,68049.0,,,,,,,,,,,
2404683855.0,41,4,38.0,29,32.4,59.3,4,"{'value': 1, 'displayName': 'FirstHalf'}","{'value': 1, 'displayName': 'Pass'}","{'value': 0, 'displayName': 'Unsuccessful'}","[{'type': {'value': 56, 'displayName': 'Zone'}, 'value': 'Center'}, {'type': {'value': 1, 'displayName': 'Longball'}}, {'type': {'value': 140, 'displayName': 'PassEndX'}, 'value': '50.8'}, {'type': {'value': 213, 'displayName': 'Angle'}, 'value': '0.1'}, {'type': {'value': 141, 'displayName': 'PassEndY'}, 'value': '63.2'}, {'type': {'value': 178, 'displayName': 'StandingSave'}}, {'type': {'value': 212, 'displayName': 'Length'}, 'value': '19.5'}]","[91, 120, 128, 36, 37, 216, 218]",True,73063.0,50.8,63.2,,,,,,,,,
2404684113.0,37,4,41.0,189,45.3,52.7,4,"{'value': 1, 'displayName': 'FirstHalf'}","{'value': 1, 'displayName': 'Pass'}","{'value': 1, 'displayName': 'Successful'}","[{'type': {'value': 56, 'displayName': 'Zone'}, 'value': 'Left'}, {'type': {'value': 141, 'displayName': 'PassEndY'}, 'value': '86.6'}, {'type': {'value': 212, 'displayName': 'Length'}, 'value': '27.0'}, {'type': {'value': 140, 'displayName': 'PassEndX'}, 'value': '58.6'}, {'type': {'value': 178, 'displayName': 'StandingSave'}}, {'type': {'value': 213, 'displayName': 'Angle'}, 'value': '1.0'}]","[91, 119, 117, 30, 36, 37, 216, 218]",True,134240.0,58.6,86.6,,,,,,,,,
2404684127.0,38,4,48.0,189,88.1,85.4,4,"{'value': 1, 'displayName': 'FirstHalf'}","{'value': 1, 'displayName': 'Pass'}","{'value': 0, 'displayName': 'Unsuccessful'}","[{'type': {'value': 212, 'displayName': 'Length'}, 'value': '23.9'}, {'type': {'value': 213, 'displayName': 'Angle'}, 'value': '4.7'}, {'type': {'value': 178, 'displayName': 'StandingSave'}}, {'type': {'value': 2, 'displayName': 'Cross'}}, {'type': {'value': 72, 'displayName': 'LeftFoot'}}, {'type': {'value': 56, 'displayName': 'Zone'}, 'value': 'Center'}, {'type': {'value': 140, 'displayName': 'PassEndX'}, 'value': '88.7'}, {'type': {'value': 141, 'displayName': 'PassEndY'}, 'value': '50.3'}]","[91, 138, 126, 36, 38, 217, 218]",True,229562.0,88.7,50.3,,,,,,,,,
2404684185.0,42,4,49.0,29,11.5,47.1,4,"{'value': 1, 'displayName': 'FirstHalf'}","{'value': 12, 'displayName': 'Clearance'}","{'value': 1, 'displayName': 'Successful'}","[{'type': {'value': 141, 'displayName': 'PassEndY'}, 'value': '51.8'}, {'type': {'value': 212, 'displayName': 'Length'}, 'value': '11.1'}, {'type': {'value': 140, 'displayName': 'PassEndX'}, 'value': '21.6'}, {'type': {'value': 56, 'displayName': 'Zone'}, 'value': 'Back'}, {'type': {'value': 213, 'displayName': 'Angle'}, 'value': '0.3'}, {'type': {'value': 178, 'displayName': 'StandingSave'}}]","[91, 94, 95, 215]",True,106086.0,21.6,51.8,,,,,,,,,
2404684529.0,43,4,51.0,29,21.6,51.8,4,"{'value': 1, 'displayName': 'FirstHalf'}","{'value': 1, 'displayName': 'Pass'}","{'value': 0, 'displayName': 'Unsuccessful'}","[{'type': {'value': 56, 'displayName': 'Zone'}, 'value': 'Back'}, {'type': {'value': 140, 'displayName': 'PassEndX'}, 'value': '42.6'}, {'type': {'value': 141, 'displayName': 'PassEndY'}, 'value': '57.0'}, {'type': {'value': 178, 'displayName': 'StandingSave'}}, {'type': {'value': 212, 'displayName': 'Length'}, 'value': '22.3'}, {'type': {'value': 213, 'displayName': 'Angle'}, 'value': '0.2'}, {'type': {'value': 1, 'displayName': 'Longball'}}]","[91, 118, 120, 128, 36, 37, 216, 218]",True,297203.0,42.6,57.0,,,,,,,,,
2404684265.0,39,4,52.0,189,56.6,39.1,4,"{'value': 1, 'displayName': 'FirstHalf'}","{'value': 1, 'displayName': 'Pass'}","{'value': 1, 'displayName': 'Successful'}","[{'type': {'value': 141, 'displayName': 'PassEndY'}, 'value': '42.7'}, {'type': {'value': 213, 'displayName': 'Angle'}, 'value': '0.3'}, {'type': {'value': 140, 'displayName': 'PassEndX'}, 'value': '64.1'}, {'type': {'value': 178, 'displayName': 'StandingSave'}}, {'type': {'value': 56, 'displayName': 'Zone'}, 'value': 'Center'}, {'type': {'value': 212, 'displayName': 'Length'}, 'value': '8.2'}]","[91, 119, 117, 30, 36, 37, 216, 218]",True,29026.0,64.1,42.7,,,,,,,,,
2404684297.0,40,4,53.0,189,64.1,42.7,4,"{'value': 1, 'displayName': 'FirstHalf'}","{'value': 1, 'displayName': 'Pass'}","{'value': 1, 'displayName': 'Successful'}","[{'type': {'value': 178, 'displayName': 'StandingSave'}}, {'type': {'value': 212, 'displayName': 'Length'}, 'value': '2.8'}, {'type': {'value': 56, 'displayName': 'Zone'}, 'value': 'Center'}, {'type': {'value': 140, 'displayName': 'PassEndX'}, 'value': '65.1'}, {'type': {'value': 213, 'displayName': 'Angle'}, 'value': '5.1'}, {'type': {'value': 141, 'displayName': 'PassEndY'}, 'value': '38.9'}]","[91, 119, 117, 30, 36, 38, 216, 218]",True,101856.0,65.1,38.9,,,,,,,,,
2404684333.0,41,4,56.0,189,66.8,40.6,4,"{'value': 1, 'displayName': 'FirstHalf'}","{'value': 1, 'displayName': 'Pass'}","{'value': 1, 'displayName': 'Successful'}","[{'type': {'value': 140, 'displayName': 'PassEndX'}, 'value': '76.4'}, {'type': {'value': 56, 'displayName': 'Zone'}, 'value': 'Center'}, {'type': {'value': 141, 'displayName': 'PassEndY'}, 'value': '46.4'}, {'type': {'value': 212, 'displayName': 'Length'}, 'value': '10.8'}, {'type': {'value': 178, 'displayName': 'StandingSave'}}, {'type': {'value': 213, 'displayName': 'Angle'}, 'value': '0.4'}]","[91, 119, 117, 30, 205, 36, 37, 217, 218]",True,321085.0,76.4,46.4,,,,,,,,,
2404684357.0,42,4,57.0,189,76.4,46.4,4,"{'value': 1, 'displayName': 'FirstHalf'}","{'value': 1, 'displayName': 'Pass'}","{'value': 1, 'displayName': 'Successful'}","[{'type': {'value': 140, 'displayName': 'PassEndX'}, 'value': '73.2'}, {'type': {'value': 156, 'displayName': 'LayOff'}}, {'type': {'value': 56, 'displayName': 'Zone'}, 'value': 'Center'}, {'type': {'value': 178, 'displayName': 'StandingSave'}}, {'type': {'value': 141, 'displayName': 'PassEndY'}, 'value': '39.8'}, {'type': {'value': 212, 'displayName': 'Length'}, 'value': '5.6'}, {'type': {'value': 213, 'displayName': 'Angle'}, 'value': '4.1'}]","[91, 119, 117, 30, 205, 35, 38, 217, 218]",True,134240.0,73.2,39.8,,,,,,,,,
2404684457.0,43,4,58.0,189,73.6,39.2,4,"{'value': 1, 'displayName': 'FirstHalf'}","{'value': 1, 'displayName': 'Pass'}","{'value': 1, 'displayName': 'Successful'}","[{'type': {'value': 140, 'displayName': 'PassEndX'}, 'value': '86.5'}, {'type': {'value': 56, 'displayName': 'Zone'}, 'value': 'Center'}, {'type': {'value': 141, 'displayName': 'PassEndY'}, 'value': '38.9'}, {'type': {'value': 178, 'displayName': 'StandingSave'}}, {'type': {'value': 212, 'displayName': 'Length'}, 'value': '13.5'}, {'type': {'value': 213, 'displayName': 'Angle'}, 'value': '6.3'}]","[91, 119, 117, 30, 205, 36, 38, 217, 218]",True,321085.0,86.5,38.9,,,,,,,,,
2404684525.0,44,5,1.0,189,86.5,38.9,5,"{'value': 1, 'displayName': 'FirstHalf'}","{'value': 1, 'displayName': 'Pass'}","{'value': 1, 'displayName': 'Successful'}","[{'type': {'value': 213, 'displayName': 'Angle'}, 'value': '3.7'}, {'type': {'value': 212, 'displayName': 'Length'}, 'value': '2.2'}, {'type': {'value': 140, 'displayName': 'PassEndX'}, 'value': '84.8'}, {'type': {'value': 141, 'displayName': 'PassEndY'}, 'value': '37.1'}, {'type': {'value': 178, 'displayName': 'StandingSave'}}, {'type': {'value': 210, 'displayName': 'ShotAssist'}, 'value': '15'}, {'type': {'value': 56, 'displayName': 'Zone'}, 'value': 'Center'}, {'type': {'value': 11113, 'displayName': 'KeyPass'}}]","[91, 119, 117, 30, 123, 205, 40, 46, 35, 38, 217, 218]",True,298689.0,84.8,37.1,,,,,,,,,
2404684537.0,45,5,3.0,189,87.0,37.1,5,"{'value': 1, 'displayName': 'FirstHalf'}","{'value': 15, 'displayName': 'SavedShot'}","{'value': 1, 'displayName': 'Successful'}","[{'type': {'value': 146, 'displayName': 'BlockedX'}, 'value': '88.5'}, {'type': {'value': 20, 'displayName': 'RightFoot'}}, {'type': {'value': 55, 'displayName': 'RelatedEventId'}, 'value': '44'}, {'type': {'value': 178, 'displayName': 'StandingSave'}}, {'type': {'value': 233, 'displayName': 'OppositeRelatedEvent'}, 'value': '44'}, {'type': {'value': 56, 'displayName': 'Zone'}, 'value': 'Center'}, {'type': {'value': 103, 'displayName': 'GoalMouthZ'}, 'value': '19'}, {'type': {'value': 22, 'displayName': 'RegularPlay'}}, {'type': {'value': 29, 'displayName': 'Assisted'}}, {'type': {'value': 147, 'displayName': 'BlockedY'}, 'value': '39.0'}, {'type': {'value': 102, 'displayName': 'GoalMouthY'}, 'value': '53.4'}, {'type': {'value': 82, 'displayName': 'Blocked'}}, {'type': {'value': 76, 'displayName': 'LowLeft'}}, {'type': {'value': 17, 'displayName': 'BoxCentre'}}]","[91, 10, 1, 3, 11, 12]",True,321085.0,,,44.0,298689.0,88.5,39.0,19.0,53.4,True,,
2404684543.0,44,5,3.0,29,14.1,55.8,5,"{'value': 1, 'displayName': 'FirstHalf'}","{'value': 10, 'displayName': 'Save'}","{'value': 1, 'displayName': 'Successful'}","[{'type': {'value': 56, 'displayName': 'Zone'}, 'value': 'Back'}, {'type': {'value': 178, 'displayName': 'StandingSave'}}, {'type': {'value': 94, 'displayName': 'OutfielderBlock'}}, {'type': {'value': 233, 'displayName': 'OppositeRelatedEvent'}, 'value': '45'}]","[91, 58]",True,332325.0,,,,,,,,,,,
2404684567.0,45,5,3.0,29,11.7,58.5,5,"{'value': 1, 'displayName': 'FirstHalf'}","{'value': 61, 'displayName': 'BallTouch'}","{'value': 1, 'displayName': 'Successful'}","[{'type': {'value': 178, 'displayName': 'StandingSave'}}, {'type': {'value': 15, 'displayName': 'Head'}}, {'type': {'value': 56, 'displayName': 'Zone'}, 'value': 'Back'}]",[91],True,68049.0,,,,,,,,,,,
2404684595.0,46,5,4.0,29,13.9,69.9,5,"{'value': 1, 'displayName': 'FirstHalf'}","{'value': 49, 'displayName': 'BallRecovery'}","{'value': 1, 'displayName': 'Successful'}",[],[93],False,297203.0,,,,,,,,,,,
2404684617.0,47,5,4.0,29,13.9,69.9,5,"{'value': 1, 'displayName': 'FirstHalf'}","{'value': 1, 'displayName': 'Pass'}","{'value': 1, 'displayName': 'Successful'}","[{'type': {'value': 212, 'displayName': 'Length'}, 'value': '7.2'}, {'type': {'value': 233, 'displayName': 'OppositeRelatedEvent'}, 'value': '46'}, {'type': {'value': 178, 'displayName': 'StandingSave'}}, {'type': {'value': 56, 'displayName': 'Zone'}, 'value': 'Back'}, {'type': {'value': 141, 'displayName': 'PassEndY'}, 'value': '63.7'}, {'type': {'value': 213, 'displayName': 'Angle'}, 'value': '3.8'}, {'type': {'value': 140, 'displayName': 'PassEndX'}, 'value': '8.3'}]","[91, 117, 30, 35, 38, 215, 218]",True,297203.0,8.3,63.7,,,,,,,,,
2404686889.0,55,5,6.0,29,8.4,61.8,5,"{'value': 1, 'displayName': 'FirstHalf'}","{'value': 1, 'displayName': 'Pass'}","{'value': 0, 'displayName': 'Unsuccessful'}","[{'type': {'value': 1, 'displayName': 'Longball'}}, {'type': {'value': 56, 'displayName': 'Zone'}, 'value': 'Back'}, {'type': {'value': 286, 'displayName': 'Offensive'}}, {'type': {'value': 212, 'displayName': 'Length'}, 'value': '3.6'}, {'type': {'value': 213, 'displayName': 'Angle'}, 'value': '0.8'}, {'type': {'value': 178, 'displayName': 'StandingSave'}}, {'type': {'value': 233, 'displayName': 'OppositeRelatedEvent'}, 'value': '46'}, {'type': {'value': 140, 'displayName': 'PassEndX'}, 'value': '10.8'}, {'type': {'value': 141, 'displayName': 'PassEndY'}, 'value': '65.5'}]","[91, 118, 120, 128, 36, 37, 215, 218]",True,68049.0,10.8,65.5,,,,,,,,,
2404684675.0,46,5,6.0,189,94.4,33.2,5,"{'value': 1, 'displayName': 'FirstHalf'}","{'value': 74, 'displayName': 'BlockedPass'}","{'value': 1, 'displayName': 'Successful'}","[{'type': {'value': 56, 'displayName': 'Zone'}, 'value': 'Center'}, {'type': {'value': 178, 'displayName': 'StandingSave'}}, {'type': {'value': 285, 'displayName': 'Defensive'}}, {'type': {'value': 233, 'displayName': 'OppositeRelatedEvent'}, 'value': '55'}]","[91, 60]",True,298689.0,,,,,,,,,,,
2404684693.0,47,5,8.0,189,94.6,27.4,5,"{'value': 1, 'displayName': 'FirstHalf'}","{'value': 49, 'displayName': 'BallRecovery'}","{'value': 1, 'displayName': 'Successful'}",[],[93],False,298689.0,,,,,,,,,,,
2404684735.0,48,5,9.0,189,93.9,19.4,5,"{'value': 1, 'displayName': 'FirstHalf'}","{'value': 1, 'displayName': 'Pass'}","{'value': 1, 'displayName': 'Successful'}","[{'type': {'value': 212, 'displayName': 'Length'}, 'value': '15.1'}, {'type': {'value': 178, 'displayName': 'StandingSave'}}, {'type': {'value': 213, 'displayName': 'Angle'}, 'value': '3.2'}, {'type': {'value': 141, 'displayName': 'PassEndY'}, 'value': '18.8'}, {'type': {'value': 140, 'displayName': 'PassEndX'}, 'value': '79.5'}, {'type': {'value': 56, 'displayName': 'Zone'}, 'value': 'Right'}]","[91, 119, 117, 30, 205, 35, 38, 217, 218]",True,298689.0,79.5,18.8,,,,,,,,,
2404684803.0,49,5,11.0,189,77.6,18.8,5,"{'value': 1, 'displayName': 'FirstHalf'}","{'value': 1, 'displayName': 'Pass'}","{'value': 0, 'displayName': 'Unsuccessful'}","[{'type': {'value': 213, 'displayName': 'Angle'}, 'value': '0.9'}, {'type': {'value': 212, 'displayName': 'Length'}, 'value': '21.8'}, {'type': {'value': 140, 'displayName': 'PassEndX'}, 'value': '90.2'}, {'type': {'value': 155, 'displayName': 'Chipped'}}, {'type': {'value': 178, 'displayName': 'StandingSave'}}, {'type': {'value': 141, 'displayName': 'PassEndY'}, 'value': '44.3'}, {'type': {'value': 20, 'displayName': 'RightFoot'}}, {'type': {'value': 56, 'displayName': 'Zone'}, 'value': 'Center'}, {'type': {'value': 2, 'displayName': 'Cross'}}]","[91, 137, 124, 126, 36, 37, 217, 218]",True,101856.0,90.2,44.3,,,,,,,,,
2404684785.0,48,5,12.0,29,9.4,53.8,5,"{'value': 1, 'displayName': 'FirstHalf'}","{'value': 44, 'displayName': 'Aerial'}","{'value': 1, 'displayName': 'Successful'}","[{'type': {'value': 233, 'displayName': 'OppositeRelatedEvent'}, 'value': '50'}, {'type': {'value': 56, 'displayName': 'Zone'}, 'value': 'Back'}, {'type': {'value': 285, 'displayName': 'Defensive'}}]","[197, 200]",False,73063.0,,,,,,,,,,,
2404684821.0,50,5,12.0,189,90.6,46.2,5,"{'value': 1, 'displayName': 'FirstHalf'}","{'value': 44, 'displayName': 'Aerial'}","{'value': 0, 'displayName': 'Unsuccessful'}","[{'type': {'value': 233, 'displayName': 'OppositeRelatedEvent'}, 'value': '48'}, {'type': {'value': 286, 'displayName': 'Offensive'}}, {'type': {'value': 56, 'displayName': 'Zone'}, 'value': 'Center'}]","[198, 199]",False,296240.0,,,,,,,,,,,
2404690191.0,72,5,12.0,29,9.2,52.3,5,"{'value': 1, 'displayName': 'FirstHalf'}","{'value': 61, 'displayName': 'BallTouch'}","{'value': 1, 'displayName': 'Successful'}","[{'type': {'value': 15, 'displayName': 'Head'}}, {'type': {'value': 56, 'displayName': 'Zone'}, 'value': 'Back'}]",[91],True,73063.0,,,,,,,,,,,
2404684835.0,51,5,14.0,189,90.4,44.5,5,"{'value': 1, 'displayName': 'FirstHalf'}","{'value': 61, 'displayName': 'BallTouch'}","{'value': 0, 'displayName': 'Unsuccessful'}","[{'type': {'value': 56, 'displayName': 'Zone'}, 'value': 'Center'}, {'type': {'value': 178, 'displayName': 'StandingSave'}}]","[91, 69]",True,296240.0,,,,,,,,,,,
2404685325.0,49,5,15.0,29,9.2,54.3,5,"{'value': 1, 'displayName': 'FirstHalf'}","{'value': 12, 'displayName': 'Clearance'}","{'value': 1, 'displayName': 'Successful'}","[{'type': {'value': 141, 'displayName': 'PassEndY'}, 'value': '86.0'}, {'type': {'value': 178, 'displayName': 'StandingSave'}}, {'type': {'value': 212, 'displayName': 'Length'}, 'value': '24.5'}, {'type': {'value': 140, 'displayName': 'PassEndX'}, 'value': '20.3'}, {'type': {'value': 56, 'displayName': 'Zone'}, 'value': 'Back'}, {'type': {'value': 213, 'displayName': 'Angle'}, 'value': '1.1'}]","[91, 94, 95, 215]",True,106086.0,20.3,86.0,,,,,,,,,
2404685061.0,52,5,21.0,189,71.5,6.8,5,"{'value': 1, 'displayName': 'FirstHalf'}","{'value': 1, 'displayName': 'Pass'}","{'value': 1, 'displayName': 'Successful'}","[{'type': {'value': 212, 'displayName': 'Length'}, 'value': '20.6'}, {'type': {'value': 213, 'displayName': 'Angle'}, 'value': '1.8'}, {'type': {'value': 141, 'displayName': 'PassEndY'}, 'value': '36.2'}, {'type': {'value': 56, 'displayName': 'Zone'}, 'value': 'Center'}, {'type': {'value': 178, 'displayName': 'StandingSave'}}, {'type': {'value': 140, 'displayName': 'PassEndX'}, 'value': '66.9'}]","[91, 119, 117, 30, 205, 35, 37, 217, 218]",True,353377.0,66.9,36.2,,,,,,,,,
2404685121.0,53,5,25.0,189,69.3,40.0,5,"{'value': 1, 'displayName': 'FirstHalf'}","{'value': 1, 'displayName': 'Pass'}","{'value': 1, 'displayName': 'Successful'}","[{'type': {'value': 178, 'displayName': 'StandingSave'}}, {'type': {'value': 140, 'displayName': 'PassEndX'}, 'value': '67.0'}, {'type': {'value': 213, 'displayName': 'Angle'}, 'value': '1.7'}, {'type': {'value': 212, 'displayName': 'Length'}, 'value': '25.7'}, {'type': {'value': 56, 'displayName': 'Zone'}, 'value': 'Center'}, {'type': {'value': 141, 'displayName': 'PassEndY'}, 'value': '77.6'}]","[91, 119, 117, 30, 205, 35, 37, 217, 218]",True,69344.0,67.0,77.6,,,,,,,,,
2404685191.0,54,5,27.0,189,66.6,77.1,5,"{'value': 1, 'displayName': 'FirstHalf'}","{'value': 1, 'displayName': 'Pass'}","{'value': 1, 'displayName': 'Successful'}","[{'type': {'value': 213, 'displayName': 'Angle'}, 'value': '4.1'}, {'type': {'value': 212, 'displayName': 'Length'}, 'value': '9.6'}, {'type': {'value': 178, 'displayName': 'StandingSave'}}, {'type': {'value': 140, 'displayName': 'PassEndX'}, 'value': '61.0'}, {'type': {'value': 56, 'displayName': 'Zone'}, 'value': 'Center'}, {'type': {'value': 141, 'displayName': 'PassEndY'}, 'value': '65.9'}]","[91, 119, 117, 30, 35, 38, 216, 218]",True,229562.0,61.0,65.9,,,,,,,,,
2404685237.0,55,5,31.0,189,58.1,60.3,5,"{'value': 1, 'displayName': 'FirstHalf'}","{'value': 1, 'displayName': 'Pass'}","{'value': 1, 'displayName': 'Successful'}","[{'type': {'value': 141, 'displayName': 'PassEndY'}, 'value': '50.9'}, {'type': {'value': 140, 'displayName': 'PassEndX'}, 'value': '46.6'}, {'type': {'value': 212, 'displayName': 'Length'}, 'value': '13.7'}, {'type': {'value': 213, 'displayName': 'Angle'}, 'value': '3.6'}, {'type': {'value': 56, 'displayName': 'Zone'}, 'value': 'Back'}, {'type': {'value': 178, 'displayName': 'StandingSave'}}]","[91, 117, 30, 35, 38, 216, 218]",True,69344.0,46.6,50.9,,,,,,,,,
2404685281.0,56,5,33.0,189,47.0,50.9,5,"{'value': 1, 'displayName': 'FirstHalf'}","{'value': 1, 'displayName': 'Pass'}","{'value': 1, 'displayName': 'Successful'}","[{'type': {'value': 56, 'displayName': 'Zone'}, 'value': 'Right'}, {'type': {'value': 178, 'displayName': 'StandingSave'}}, {'type': {'value': 140, 'displayName': 'PassEndX'}, 'value': '56.7'}, {'type': {'value': 141, 'displayName': 'PassEndY'}, 'value': '14.2'}, {'type': {'value': 212, 'displayName': 'Length'}, 'value': '27.0'}, {'type': {'value': 213, 'displayName': 'Angle'}, 'value': '5.1'}]","[91, 119, 117, 30, 36, 38, 216, 218]",True,342499.0,56.7,14.2,,,,,,,,,
2404685313.0,57,5,35.0,189,56.7,12.2,5,"{'value': 1, 'displayName': 'FirstHalf'}","{'value': 1, 'displayName': 'Pass'}","{'value': 0, 'displayName': 'Unsuccessful'}","[{'type': {'value': 212, 'displayName': 'Length'}, 'value': '20.3'}, {'type': {'value': 141, 'displayName': 'PassEndY'}, 'value': '11.6'}, {'type': {'value': 140, 'displayName': 'PassEndX'}, 'value': '76.0'}, {'type': {'value': 56, 'displayName': 'Zone'}, 'value': 'Right'}, {'type': {'value': 213, 'displayName': 'Angle'}, 'value': '6.3'}, {'type': {'value': 178, 'displayName': 'StandingSave'}}]","[91, 120, 29, 36, 38, 217, 218]",True,29026.0,76.0,11.6,,,,,,,,,
2404685329.0,50,5,37.0,29,20.5,77.1,5,"{'value': 1, 'displayName': 'FirstHalf'}","{'value': 49, 'displayName': 'BallRecovery'}","{'value': 1, 'displayName': 'Successful'}",[],[93],False,68049.0,,,,,,,,,,,
2404685365.0,51,5,37.0,29,20.5,77.1,5,"{'value': 1, 'displayName': 'FirstHalf'}","{'value': 1, 'displayName': 'Pass'}","{'value': 1, 'displayName': 'Successful'}","[{'type': {'value': 140, 'displayName': 'PassEndX'}, 'value': '25.3'}, {'type': {'value': 141, 'displayName': 'PassEndY'}, 'value': '66.7'}, {'type': {'value': 213, 'displayName': 'Angle'}, 'value': '5.3'}, {'type': {'value': 212, 'displayName': 'Length'}, 'value': '8.7'}, {'type': {'value': 56, 'displayName': 'Zone'}, 'value': 'Back'}, {'type': {'value': 178, 'displayName': 'StandingSave'}}]","[91, 117, 30, 36, 38, 215, 218]",True,68049.0,25.3,66.7,,,,,,,,,
2404685481.0,52,5,39.0,29,27.8,66.3,5,"{'value': 1, 'displayName': 'FirstHalf'}","{'value': 1, 'displayName': 'Pass'}","{'value': 0, 'displayName': 'Unsuccessful'}","[{'type': {'value': 212, 'displayName': 'Length'}, 'value': '56.1'}, {'type': {'value': 213, 'displayName': 'Angle'}, 'value': '0.4'}, {'type': {'value': 141, 'displayName': 'PassEndY'}, 'value': '100.0'}, {'type': {'value': 56, 'displayName': 'Zone'}, 'value': 'Left'}, {'type': {'value': 155, 'displayName': 'Chipped'}}, {'type': {'value': 1, 'displayName': 'Longball'}}, {'type': {'value': 178, 'displayName': 'StandingSave'}}, {'type': {'value': 140, 'displayName': 'PassEndX'}, 'value': '76.0'}]","[91, 120, 124, 128, 36, 37, 217, 218]",True,332325.0,76.0,100.0,,,,,,,,,
2404688043.0,61,7,20.0,189,31.2,0.0,7,"{'value': 1, 'displayName': 'FirstHalf'}","{'value': 1, 'displayName': 'Pass'}","{'value': 1, 'displayName': 'Successful'}","[{'type': {'value': 141, 'displayName': 'PassEndY'}, 'value': '10.1'}, {'type': {'value': 212, 'displayName': 'Length'}, 'value': '8.0'}, {'type': {'value': 140, 'displayName': 'PassEndX'}, 'value': '31.6'}, {'type': {'value': 213, 'displayName': 'Angle'}, 'value': '1.5'}, {'type': {'value': 56, 'displayName': 'Zone'}, 'value': 'Back'}, {'type': {'value': 107, 'displayName': 'ThrowIn'}}]","[91, 212, 36, 37, 215]",True,321085.0,31.6,10.1,,,,,,,,,
2404688077.0,62,7,21.0,189,31.6,10.1,7,"{'value': 1, 'displayName': 'FirstHalf'}","{'value': 1, 'displayName': 'Pass'}","{'value': 1, 'displayName': 'Successful'}","[{'type': {'value': 56, 'displayName': 'Zone'}, 'value': 'Back'}, {'type': {'value': 178, 'displayName': 'StandingSave'}}, {'type': {'value': 156, 'displayName': 'LayOff'}}, {'type': {'value': 141, 'displayName': 'PassEndY'}, 'value': '3.7'}, {'type': {'value': 140, 'displayName': 'PassEndX'}, 'value': '30.9'}, {'type': {'value': 212, 'displayName': 'Length'}, 'value': '4.4'}, {'type': {'value': 213, 'displayName': 'Angle'}, 'value': '4.5'}]","[91, 117, 30, 35, 38, 215, 218]",True,101856.0,30.9,3.7,,,,,,,,,
2404688085.0,63,7,22.0,189,30.9,3.7,7,"{'value': 1, 'displayName': 'FirstHalf'}","{'value': 1, 'displayName': 'Pass'}","{'value': 0, 'displayName': 'Unsuccessful'}","[{'type': {'value': 286, 'displayName': 'Offensive'}}, {'type': {'value': 212, 'displayName': 'Length'}, 'value': '2.0'}, {'type': {'value': 178, 'displayName': 'StandingSave'}}, {'type': {'value': 141, 'displayName': 'PassEndY'}, 'value': '5.6'}, {'type': {'value': 233, 'displayName': 'OppositeRelatedEvent'}, 'value': '57'}, {'type': {'value': 140, 'displayName': 'PassEndX'}, 'value': '32.4'}, {'type': {'value': 213, 'displayName': 'Angle'}, 'value': '0.7'}, {'type': {'value': 56, 'displayName': 'Zone'}, 'value': 'Back'}]","[91, 118, 120, 29, 36, 37, 215, 218]",True,321085.0,32.4,5.6,,,,,,,,,
2404688113.0,57,7,22.0,29,63.3,91.8,7,"{'value': 1, 'displayName': 'FirstHalf'}","{'value': 74, 'displayName': 'BlockedPass'}","{'value': 1, 'displayName': 'Successful'}","[{'type': {'value': 178, 'displayName': 'StandingSave'}}, {'type': {'value': 233, 'displayName': 'OppositeRelatedEvent'}, 'value': '63'}, {'type': {'value': 56, 'displayName': 'Zone'}, 'value': 'Left'}, {'type': {'value': 285, 'displayName': 'Defensive'}}]","[91, 60]",True,297203.0,,,,,,,,,,,
2404688243.0,64,7,24.0,189,20.9,7.6,7,"{'value': 1, 'displayName': 'FirstHalf'}","{'value': 1, 'displayName': 'Pass'}","{'value': 0, 'displayName': 'Unsuccessful'}","[{'type': {'value': 140, 'displayName': 'PassEndX'}, 'value': '70.3'}, {'type': {'value': 1, 'displayName': 'Longball'}}, {'type': {'value': 213, 'displayName': 'Angle'}, 'value': '0.3'}, {'type': {'value': 141, 'displayName': 'PassEndY'}, 'value': '30.5'}, {'type': {'value': 178, 'displayName': 'StandingSave'}}, {'type': {'value': 56, 'displayName': 'Zone'}, 'value': 'Center'}, {'type': {'value': 212, 'displayName': 'Length'}, 'value': '54.2'}, {'type': {'value': 155, 'displayName': 'Chipped'}}]","[91, 120, 124, 128, 36, 37, 217, 218]",True,29026.0,70.3,30.5,,,,,,,,,
2404688333.0,58,7,28.0,29,27.8,67.3,7,"{'value': 1, 'displayName': 'FirstHalf'}","{'value': 1, 'displayName': 'Pass'}","{'value': 0, 'displayName': 'Unsuccessful'}","[{'type': {'value': 213, 'displayName': 'Angle'}, 'value': '1.0'}, {'type': {'value': 141, 'displayName': 'PassEndY'}, 'value': '85.7'}, {'type': {'value': 212, 'displayName': 'Length'}, 'value': '15.1'}, {'type': {'value': 140, 'displayName': 'PassEndX'}, 'value': '35.8'}, {'type': {'value': 3, 'displayName': 'HeadPass'}}, {'type': {'value': 56, 'displayName': 'Zone'}, 'value': 'Back'}]","[91, 118, 120, 29, 139, 36, 37, 216, 218]",True,143595.0,35.8,85.7,,,,,,,,,
2404688453.0,65,7,33.0,189,69.8,11.0,7,"{'value': 1, 'displayName': 'FirstHalf'}","{'value': 1, 'displayName': 'Pass'}","{'value': 1, 'displayName': 'Successful'}","[{'type': {'value': 178, 'displayName': 'StandingSave'}}, {'type': {'value': 56, 'displayName': 'Zone'}, 'value': 'Right'}, {'type': {'value': 140, 'displayName': 'PassEndX'}, 'value': '59.7'}, {'type': {'value': 212, 'displayName': 'Length'}, 'value': '10.9'}, {'type': {'value': 141, 'displayName': 'PassEndY'}, 'value': '14.9'}, {'type': {'value': 213, 'displayName': 'Angle'}, 'value': '2.9'}]","[91, 119, 117, 30, 35, 37, 216, 218]",True,134240.0,59.7,14.9,,,,,,,,,
2404688513.0,66,7,35.0,189,58.9,14.8,7,"{'value': 1, 'displayName': 'FirstHalf'}","{'value': 1, 'displayName': 'Pass'}","{'value': 1, 'displayName': 'Successful'}","[{'type': {'value': 56, 'displayName': 'Zone'}, 'value': 'Back'}, {'type': {'value': 141, 'displayName': 'PassEndY'}, 'value': '12.2'}, {'type': {'value': 178, 'displayName': 'StandingSave'}}, {'type': {'value': 140, 'displayName': 'PassEndX'}, 'value': '40.9'}, {'type': {'value': 212, 'displayName': 'Length'}, 'value': '19.0'}, {'type': {'value': 213, 'displayName': 'Angle'}, 'value': '3.2'}]","[91, 117, 30, 35, 38, 216, 218]",True,101856.0,40.9,12.2,,,,,,,,,
2404688587.0,67,7,38.0,189,40.7,12.2,7,"{'value': 1, 'displayName': 'FirstHalf'}","{'value': 1, 'displayName': 'Pass'}","{'value': 1, 'displayName': 'Successful'}","[{'type': {'value': 140, 'displayName': 'PassEndX'}, 'value': '35.0'}, {'type': {'value': 56, 'displayName': 'Zone'}, 'value': 'Back'}, {'type': {'value': 141, 'displayName': 'PassEndY'}, 'value': '54.9'}, {'type': {'value': 212, 'displayName': 'Length'}, 'value': '29.6'}, {'type': {'value': 178, 'displayName': 'StandingSave'}}, {'type': {'value': 213, 'displayName': 'Angle'}, 'value': '1.8'}]","[91, 117, 30, 35, 37, 216, 218]",True,29026.0,35.0,54.9,,,,,,,,,
2404688737.0,68,7,41.0,189,36.4,60.3,7,"{'value': 1, 'displayName': 'FirstHalf'}","{'value': 1, 'displayName': 'Pass'}","{'value': 1, 'displayName': 'Successful'}","[{'type': {'value': 212, 'displayName': 'Length'}, 'value': '25.7'}, {'type': {'value': 178, 'displayName': 'StandingSave'}}, {'type': {'value': 56, 'displayName': 'Zone'}, 'value': 'Back'}, {'type': {'value': 140, 'displayName': 'PassEndX'}, 'value': '45.7'}, {'type': {'value': 213, 'displayName': 'Angle'}, 'value': '1.2'}, {'type': {'value': 141, 'displayName': 'PassEndY'}, 'value': '95.3'}]","[91, 117, 30, 36, 37, 216, 218]",True,342499.0,45.7,95.3,,,,,,,,,
2404688751.0,69,7,46.0,189,48.5,82.1,7,"{'value': 1, 'displayName': 'FirstHalf'}","{'value': 1, 'displayName': 'Pass'}","{'value': 1, 'displayName': 'Successful'}","[{'type': {'value': 141, 'displayName': 'PassEndY'}, 'value': '84.0'}, {'type': {'value': 178, 'displayName': 'StandingSave'}}, {'type': {'value': 56, 'displayName': 'Zone'}, 'value': 'Back'}, {'type': {'value': 213, 'displayName': 'Angle'}, 'value': '3.0'}, {'type': {'value': 140, 'displayName': 'PassEndX'}, 'value': '42.1'}, {'type': {'value': 212, 'displayName': 'Length'}, 'value': '6.8'}]","[91, 117, 30, 35, 37, 216, 218]",True,229562.0,42.1,84.0,,,,,,,,,
2404688847.0,70,7,47.0,189,42.1,84.0,7,"{'value': 1, 'displayName': 'FirstHalf'}","{'value': 1, 'displayName': 'Pass'}","{'value': 1, 'displayName': 'Successful'}","[{'type': {'value': 140, 'displayName': 'PassEndX'}, 'value': '62.5'}, {'type': {'value': 56, 'displayName': 'Zone'}, 'value': 'Left'}, {'type': {'value': 178, 'displayName': 'StandingSave'}}, {'type': {'value': 213, 'displayName': 'Angle'}, 'value': '0.4'}, {'type': {'value': 141, 'displayName': 'PassEndY'}, 'value': '96.6'}, {'type': {'value': 212, 'displayName': 'Length'}, 'value': '23.1'}]","[91, 119, 117, 30, 36, 37, 216, 218]",True,101856.0,62.5,96.6,,,,,,,,,
2404688911.0,71,7,51.0,189,65.4,96.5,7,"{'value': 1, 'displayName': 'FirstHalf'}","{'value': 1, 'displayName': 'Pass'}","{'value': 1, 'displayName': 'Successful'}","[{'type': {'value': 56, 'displayName': 'Zone'}, 'value': 'Center'}, {'type': {'value': 140, 'displayName': 'PassEndX'}, 'value': '72.8'}, {'type': {'value': 141, 'displayName': 'PassEndY'}, 'value': '68.3'}, {'type': {'value': 178, 'displayName': 'StandingSave'}}, {'type': {'value': 213, 'displayName': 'Angle'}, 'value': '5.1'}, {'type': {'value': 212, 'displayName': 'Length'}, 'value': '20.7'}]","[91, 119, 117, 30, 205, 36, 38, 217, 218]",True,69344.0,72.8,68.3,,,,,,,,,
2404688951.0,72,7,52.0,189,72.8,68.3,7,"{'value': 1, 'displayName': 'FirstHalf'}","{'value': 1, 'displayName': 'Pass'}","{'value': 1, 'displayName': 'Successful'}","[{'type': {'value': 213, 'displayName': 'Angle'}, 'value': '2.8'}, {'type': {'value': 141, 'displayName': 'PassEndY'}, 'value': '72.6'}, {'type': {'value': 212, 'displayName': 'Length'}, 'value': '7.7'}, {'type': {'value': 140, 'displayName': 'PassEndX'}, 'value': '66.0'}, {'type': {'value': 178, 'displayName': 'StandingSave'}}, {'type': {'value': 56, 'displayName': 'Zone'}, 'value': 'Center'}]","[91, 119, 117, 30, 35, 37, 216, 218]",True,134240.0,66.0,72.6,,,,,,,,,
2404688971.0,73,7,54.0,189,66.0,72.6,7,"{'value': 1, 'displayName': 'FirstHalf'}","{'value': 1, 'displayName': 'Pass'}","{'value': 1, 'displayName': 'Successful'}","[{'type': {'value': 178, 'displayName': 'StandingSave'}}, {'type': {'value': 212, 'displayName': 'Length'}, 'value': '6.0'}, {'type': {'value': 213, 'displayName': 'Angle'}, 'value': '5.9'}, {'type': {'value': 56, 'displayName': 'Zone'}, 'value': 'Center'}, {'type': {'value': 140, 'displayName': 'PassEndX'}, 'value': '71.2'}, {'type': {'value': 141, 'displayName': 'PassEndY'}, 'value': '68.9'}]","[91, 119, 117, 30, 205, 36, 38, 217, 218]",True,229562.0,71.2,68.9,,,,,,,,,
2404689011.0,74,7,54.0,189,71.2,68.9,7,"{'value': 1, 'displayName': 'FirstHalf'}","{'value': 1, 'displayName': 'Pass'}","{'value': 1, 'displayName': 'Successful'}","[{'type': {'value': 56, 'displayName': 'Zone'}, 'value': 'Center'}, {'type': {'value': 212, 'displayName': 'Length'}, 'value': '8.8'}, {'type': {'value': 178, 'displayName': 'StandingSave'}}, {'type': {'value': 213, 'displayName': 'Angle'}, 'value': '0.3'}, {'type': {'value': 141, 'displayName': 'PassEndY'}, 'value': '73.1'}, {'type': {'value': 140, 'displayName': 'PassEndX'}, 'value': '79.1'}]","[91, 119, 117, 30, 205, 36, 37, 217, 218]",True,134240.0,79.1,73.1,,,,,,,,,
2404689037.0,75,7,55.0,189,79.1,73.1,7,"{'value': 1, 'displayName': 'FirstHalf'}","{'value': 1, 'displayName': 'Pass'}","{'value': 1, 'displayName': 'Successful'}","[{'type': {'value': 56, 'displayName': 'Zone'}, 'value': 'Left'}, {'type': {'value': 141, 'displayName': 'PassEndY'}, 'value': '88.2'}, {'type': {'value': 212, 'displayName': 'Length'}, 'value': '10.3'}, {'type': {'value': 178, 'displayName': 'StandingSave'}}, {'type': {'value': 213, 'displayName': 'Angle'}, 'value': '1.5'}, {'type': {'value': 140, 'displayName': 'PassEndX'}, 'value': '79.9'}]","[91, 119, 117, 30, 205, 36, 37, 217, 218]",True,296240.0,79.9,88.2,,,,,,,,,
2404689109.0,76,7,57.0,189,79.9,88.2,7,"{'value': 1, 'displayName': 'FirstHalf'}","{'value': 1, 'displayName': 'Pass'}","{'value': 1, 'displayName': 'Successful'}","[{'type': {'value': 56, 'displayName': 'Zone'}, 'value': 'Left'}, {'type': {'value': 140, 'displayName': 'PassEndX'}, 'value': '68.2'}, {'type': {'value': 212, 'displayName': 'Length'}, 'value': '12.4'}, {'type': {'value': 141, 'displayName': 'PassEndY'}, 'value': '90.8'}, {'type': {'value': 213, 'displayName': 'Angle'}, 'value': '3.0'}, {'type': {'value': 178, 'displayName': 'StandingSave'}}]","[91, 119, 117, 30, 205, 35, 37, 217, 218]",True,229562.0,68.2,90.8,,,,,,,,,
2404689225.0,77,8,0.0,189,68.2,90.3,8,"{'value': 1, 'displayName': 'FirstHalf'}","{'value': 1, 'displayName': 'Pass'}","{'value': 1, 'displayName': 'Successful'}","[{'type': {'value': 56, 'displayName': 'Zone'}, 'value': 'Center'}, {'type': {'value': 155, 'displayName': 'Chipped'}}, {'type': {'value': 1, 'displayName': 'Longball'}}, {'type': {'value': 140, 'displayName': 'PassEndX'}, 'value': '92.6'}, {'type': {'value': 178, 'displayName': 'StandingSave'}}, {'type': {'value': 141, 'displayName': 'PassEndY'}, 'value': '41.2'}, {'type': {'value': 213, 'displayName': 'Angle'}, 'value': '5.4'}, {'type': {'value': 212, 'displayName': 'Length'}, 'value': '42.1'}]","[91, 119, 117, 124, 127, 205, 36, 38, 217, 218]",True,69344.0,92.6,41.2,,,,,,,,,
2404689229.0,78,8,2.0,189,92.5,40.6,8,"{'value': 1, 'displayName': 'FirstHalf'}","{'value': 1, 'displayName': 'Pass'}","{'value': 0, 'displayName': 'Unsuccessful'}","[{'type': {'value': 3, 'displayName': 'HeadPass'}}, {'type': {'value': 213, 'displayName': 'Angle'}, 'value': '1.1'}, {'type': {'value': 56, 'displayName': 'Zone'}, 'value': 'Center'}, {'type': {'value': 141, 'displayName': 'PassEndY'}, 'value': '42.4'}, {'type': {'value': 212, 'displayName': 'Length'}, 'value': '1.4'}, {'type': {'value': 140, 'displayName': 'PassEndX'}, 'value': '93.1'}]","[91, 120, 29, 139, 36, 37, 217, 218]",True,298689.0,93.1,42.4,,,,,,,,,
2404689245.0,59,8,4.0,29,10.9,56.7,8,"{'value': 1, 'displayName': 'FirstHalf'}","{'value': 12, 'displayName': 'Clearance'}","{'value': 1, 'displayName': 'Successful'}","[{'type': {'value': 141, 'displayName': 'PassEndY'}, 'value': '79.8'}, {'type': {'value': 212, 'displayName': 'Length'}, 'value': '15.7'}, {'type': {'value': 213, 'displayName': 'Angle'}, 'value': '1.6'}, {'type': {'value': 56, 'displayName': 'Zone'}, 'value': 'Back'}, {'type': {'value': 140, 'displayName': 'PassEndX'}, 'value': '9.9'}, {'type': {'value': 15, 'displayName': 'Head'}}]","[91, 94, 95, 57, 215]",True,106086.0,9.9,79.8,,,,,,,,,
2404689261.0,79,8,6.0,189,91.8,14.3,8,"{'value': 1, 'displayName': 'FirstHalf'}","{'value': 61, 'displayName': 'BallTouch'}","{'value': 0, 'displayName': 'Unsuccessful'}","[{'type': {'value': 178, 'displayName': 'StandingSave'}}, {'type': {'value': 56, 'displayName': 'Zone'}, 'value': 'Right'}]","[91, 69]",True,353377.0,,,,,,,,,,,
2404689283.0,60,8,7.0,29,10.5,90.6,8,"{'value': 1, 'displayName': 'FirstHalf'}","{'value': 49, 'displayName': 'BallRecovery'}","{'value': 1, 'displayName': 'Successful'}",[],[93],False,297203.0,,,,,,,,,,,
2404689329.0,61,8,9.0,29,14.1,92.1,8,"{'value': 1, 'displayName': 'FirstHalf'}","{'value': 1, 'displayName': 'Pass'}","{'value': 1, 'displayName': 'Successful'}","[{'type': {'value': 178, 'displayName': 'StandingSave'}}, {'type': {'value': 212, 'displayName': 'Length'}, 'value': '10.2'}, {'type': {'value': 56, 'displayName': 'Zone'}, 'value': 'Back'}, {'type': {'value': 141, 'displayName': 'PassEndY'}, 'value': '82.5'}, {'type': {'value': 213, 'displayName': 'Angle'}, 'value': '5.6'}, {'type': {'value': 140, 'displayName': 'PassEndX'}, 'value': '21.6'}]","[91, 117, 30, 36, 38, 215, 218]",True,297203.0,21.6,82.5,,,,,,,,,
2404689375.0,62,8,10.0,29,21.6,82.5,8,"{'value': 1, 'displayName': 'FirstHalf'}","{'value': 1, 'displayName': 'Pass'}","{'value': 1, 'displayName': 'Successful'}","[{'type': {'value': 141, 'displayName': 'PassEndY'}, 'value': '92.4'}, {'type': {'value': 140, 'displayName': 'PassEndX'}, 'value': '13.8'}, {'type': {'value': 56, 'displayName': 'Zone'}, 'value': 'Back'}, {'type': {'value': 212, 'displayName': 'Length'}, 'value': '10.6'}, {'type': {'value': 178, 'displayName': 'StandingSave'}}, {'type': {'value': 213, 'displayName': 'Angle'}, 'value': '2.5'}]","[91, 117, 30, 35, 37, 215, 218]",True,332325.0,13.8,92.4,,,,,,,,,
2404689455.0,63,8,12.0,29,14.0,92.7,8,"{'value': 1, 'displayName': 'FirstHalf'}","{'value': 1, 'displayName': 'Pass'}","{'value': 1, 'displayName': 'Successful'}","[{'type': {'value': 56, 'displayName': 'Zone'}, 'value': 'Back'}, {'type': {'value': 213, 'displayName': 'Angle'}, 'value': '6.2'}, {'type': {'value': 212, 'displayName': 'Length'}, 'value': '36.7'}, {'type': {'value': 178, 'displayName': 'StandingSave'}}, {'type': {'value': 140, 'displayName': 'PassEndX'}, 'value': '48.8'}, {'type': {'value': 141, 'displayName': 'PassEndY'}, 'value': '88.2'}, {'type': {'value': 1, 'displayName': 'Longball'}}]","[91, 117, 127, 36, 38, 216, 218]",True,68049.0,48.8,88.2,,,,,,,,,
2404689483.0,64,8,15.0,29,48.8,88.2,8,"{'value': 1, 'displayName': 'FirstHalf'}","{'value': 1, 'displayName': 'Pass'}","{'value': 1, 'displayName': 'Successful'}","[{'type': {'value': 213, 'displayName': 'Angle'}, 'value': '4.3'}, {'type': {'value': 212, 'displayName': 'Length'}, 'value': '10.1'}, {'type': {'value': 56, 'displayName': 'Zone'}, 'value': 'Back'}, {'type': {'value': 178, 'displayName': 'StandingSave'}}, {'type': {'value': 141, 'displayName': 'PassEndY'}, 'value': '74.8'}, {'type': {'value': 156, 'displayName': 'LayOff'}}, {'type': {'value': 140, 'displayName': 'PassEndX'}, 'value': '44.7'}]","[91, 117, 30, 35, 38, 216, 218]",True,69517.0,44.7,74.8,,,,,,,,,
2404689627.0,65,8,19.0,29,54.9,52.1,8,"{'value': 1, 'displayName': 'FirstHalf'}","{'value': 1, 'displayName': 'Pass'}","{'value': 1, 'displayName': 'Successful'}","[{'type': {'value': 213, 'displayName': 'Angle'}, 'value': '4.9'}, {'type': {'value': 140, 'displayName': 'PassEndX'}, 'value': '58.5'}, {'type': {'value': 178, 'displayName': 'StandingSave'}}, {'type': {'value': 141, 'displayName': 'PassEndY'}, 'value': '23.1'}, {'type': {'value': 212, 'displayName': 'Length'}, 'value': '20.1'}, {'type': {'value': 56, 'displayName': 'Zone'}, 'value': 'Center'}]","[91, 119, 117, 30, 36, 38, 216, 218]",True,297203.0,58.5,23.1,,,,,,,,,
2404689651.0,66,8,23.0,29,69.3,24.6,8,"{'value': 1, 'displayName': 'FirstHalf'}","{'value': 1, 'displayName': 'Pass'}","{'value': 0, 'displayName': 'Unsuccessful'}","[{'type': {'value': 2, 'displayName': 'Cross'}}, {'type': {'value': 140, 'displayName': 'PassEndX'}, 'value': '90.5'}, {'type': {'value': 20, 'displayName': 'RightFoot'}}, {'type': {'value': 155, 'displayName': 'Chipped'}}, {'type': {'value': 56, 'displayName': 'Zone'}, 'value': 'Center'}, {'type': {'value': 178, 'displayName': 'StandingSave'}}, {'type': {'value': 212, 'displayName': 'Length'}, 'value': '28.9'}, {'type': {'value': 141, 'displayName': 'PassEndY'}, 'value': '51.8'}, {'type': {'value': 213, 'displayName': 'Angle'}, 'value': '0.7'}]","[91, 137, 124, 126, 36, 37, 217, 218]",True,111372.0,90.5,51.8,,,,,,,,,
2404689681.0,80,8,24.0,189,12.9,40.7,8,"{'value': 1, 'displayName': 'FirstHalf'}","{'value': 12, 'displayName': 'Clearance'}","{'value': 1, 'displayName': 'Successful'}","[{'type': {'value': 212, 'displayName': 'Length'}, 'value': '7.4'}, {'type': {'value': 56, 'displayName': 'Zone'}, 'value': 'Back'}, {'type': {'value': 140, 'displayName': 'PassEndX'}, 'value': '19.7'}, {'type': {'value': 213, 'displayName': 'Angle'}, 'value': '6.0'}, {'type': {'value': 141, 'displayName': 'PassEndY'}, 'value': '37.6'}, {'type': {'value': 15, 'displayName': 'Head'}}]","[91, 94, 95, 57, 215]",True,29026.0,19.7,37.6,,,,,,,,,
2404689697.0,67,8,25.0,29,82.2,66.3,8,"{'value': 1, 'displayName': 'FirstHalf'}","{'value': 61, 'displayName': 'BallTouch'}","{'value': 0, 'displayName': 'Unsuccessful'}","[{'type': {'value': 56, 'displayName': 'Zone'}, 'value': 'Center'}, {'type': {'value': 178, 'displayName': 'StandingSave'}}]","[91, 69]",True,297203.0,,,,,,,,,,,
2404689811.0,81,8,27.0,189,21.6,37.3,8,"{'value': 1, 'displayName': 'FirstHalf'}","{'value': 1, 'displayName': 'Pass'}","{'value': 1, 'displayName': 'Successful'}","[{'type': {'value': 213, 'displayName': 'Angle'}, 'value': '5.1'}, {'type': {'value': 212, 'displayName': 'Length'}, 'value': '24.4'}, {'type': {'value': 140, 'displayName': 'PassEndX'}, 'value': '31.2'}, {'type': {'value': 141, 'displayName': 'PassEndY'}, 'value': '4.7'}, {'type': {'value': 1, 'displayName': 'Longball'}}, {'type': {'value': 178, 'displayName': 'StandingSave'}}, {'type': {'value': 56, 'displayName': 'Zone'}, 'value': 'Back'}]","[91, 117, 127, 36, 38, 215, 218]",True,298689.0,31.2,4.7,,,,,,,,,
2404689817.0,82,8,29.0,189,31.0,4.7,8,"{'value': 1, 'displayName': 'FirstHalf'}","{'value': 61, 'displayName': 'BallTouch'}","{'value': 0, 'displayName': 'Unsuccessful'}","[{'type': {'value': 178, 'displayName': 'StandingSave'}}, {'type': {'value': 56, 'displayName': 'Zone'}, 'value': 'Back'}]","[91, 69]",True,353377.0,,,,,,,,,,,
2404690015.0,69,8,37.0,29,65.3,100.0,8,"{'value': 1, 'displayName': 'FirstHalf'}","{'value': 1, 'displayName': 'Pass'}","{'value': 1, 'displayName': 'Successful'}","[{'type': {'value': 213, 'displayName': 'Angle'}, 'value': '4.4'}, {'type': {'value': 140, 'displayName': 'PassEndX'}, 'value': '62.8'}, {'type': {'value': 107, 'displayName': 'ThrowIn'}}, {'type': {'value': 56, 'displayName': 'Zone'}, 'value': 'Left'}, {'type': {'value': 212, 'displayName': 'Length'}, 'value': '7.7'}, {'type': {'value': 141, 'displayName': 'PassEndY'}, 'value': '90.7'}]","[91, 212, 35, 38, 216]",True,68049.0,62.8,90.7,,,,,,,,,
2404690031.0,70,8,38.0,29,62.8,90.7,8,"{'value': 1, 'displayName': 'FirstHalf'}","{'value': 1, 'displayName': 'Pass'}","{'value': 0, 'displayName': 'Unsuccessful'}","[{'type': {'value': 213, 'displayName': 'Angle'}, 'value': '2.0'}, {'type': {'value': 140, 'displayName': 'PassEndX'}, 'value': '59.4'}, {'type': {'value': 212, 'displayName': 'Length'}, 'value': '8.3'}, {'type': {'value': 56, 'displayName': 'Zone'}, 'value': 'Left'}, {'type': {'value': 141, 'displayName': 'PassEndY'}, 'value': '100.0'}]","[91, 120, 29, 35, 37, 216, 218]",True,89998.0,59.4,100.0,,,,,,,,,
2404690581.0,85,9,1.0,189,32.7,0.0,9,"{'value': 1, 'displayName': 'FirstHalf'}","{'value': 1, 'displayName': 'Pass'}","{'value': 0, 'displayName': 'Unsuccessful'}","[{'type': {'value': 1, 'displayName': 'Longball'}}, {'type': {'value': 213, 'displayName': 'Angle'}, 'value': '0.5'}, {'type': {'value': 141, 'displayName': 'PassEndY'}, 'value': '14.8'}, {'type': {'value': 212, 'displayName': 'Length'}, 'value': '24.1'}, {'type': {'value': 56, 'displayName': 'Zone'}, 'value': 'Right'}, {'type': {'value': 107, 'displayName': 'ThrowIn'}}, {'type': {'value': 140, 'displayName': 'PassEndX'}, 'value': '53.2'}]","[91, 212, 36, 37, 216]",True,321085.0,53.2,14.8,,,,,,,,,
2404690601.0,73,9,3.0,29,47.8,85.6,9,"{'value': 1, 'displayName': 'FirstHalf'}","{'value': 49, 'displayName': 'BallRecovery'}","{'value': 1, 'displayName': 'Successful'}",[],[93],False,332325.0,,,,,,,,,,,
2404690629.0,74,9,3.0,29,47.8,85.6,9,"{'value': 1, 'displayName': 'FirstHalf'}","{'value': 1, 'displayName': 'Pass'}","{'value': 1, 'displayName': 'Successful'}","[{'type': {'value': 56, 'displayName': 'Zone'}, 'value': 'Back'}, {'type': {'value': 140, 'displayName': 'PassEndX'}, 'value': '49.2'}, {'type': {'value': 141, 'displayName': 'PassEndY'}, 'value': '93.0'}, {'type': {'value': 178, 'displayName': 'StandingSave'}}, {'type': {'value': 213, 'displayName': 'Angle'}, 'value': '1.3'}, {'type': {'value': 212, 'displayName': 'Length'}, 'value': '5.2'}]","[91, 117, 30, 36, 37, 216, 218]",True,332325.0,49.2,93.0,,,,,,,,,
2404690637.0,75,9,6.0,29,53.4,95.0,9,"{'value': 1, 'displayName': 'FirstHalf'}","{'value': 1, 'displayName': 'Pass'}","{'value': 0, 'displayName': 'Unsuccessful'}","[{'type': {'value': 56, 'displayName': 'Zone'}, 'value': 'Left'}, {'type': {'value': 213, 'displayName': 'Angle'}, 'value': '6.0'}, {'type': {'value': 140, 'displayName': 'PassEndX'}, 'value': '65.6'}, {'type': {'value': 141, 'displayName': 'PassEndY'}, 'value': '90.1'}, {'type': {'value': 212, 'displayName': 'Length'}, 'value': '13.2'}, {'type': {'value': 178, 'displayName': 'StandingSave'}}]","[91, 120, 29, 36, 38, 216, 218]",True,68049.0,65.6,90.1,,,,,,,,,
2404690651.0,86,9,6.0,189,34.8,13.2,9,"{'value': 1, 'displayName': 'FirstHalf'}","{'value': 8, 'displayName': 'Interception'}","{'value': 1, 'displayName': 'Successful'}","[{'type': {'value': 56, 'displayName': 'Zone'}, 'value': 'Back'}, {'type': {'value': 178, 'displayName': 'StandingSave'}}]","[91, 101, 56]",True,321085.0,,,,,,,,,,,
2404690721.0,76,9,8.0,29,53.6,90.6,9,"{'value': 1, 'displayName': 'FirstHalf'}","{'value': 1, 'displayName': 'Pass'}","{'value': 1, 'displayName': 'Successful'}","[{'type': {'value': 140, 'displayName': 'PassEndX'}, 'value': '68.7'}, {'type': {'value': 56, 'displayName': 'Zone'}, 'value': 'Center'}, {'type': {'value': 141, 'displayName': 'PassEndY'}, 'value': '54.4'}, {'type': {'value': 212, 'displayName': 'Length'}, 'value': '29.3'}, {'type': {'value': 213, 'displayName': 'Angle'}, 'value': '5.3'}, {'type': {'value': 155, 'displayName': 'Chipped'}}, {'type': {'value': 178, 'displayName': 'StandingSave'}}]","[91, 119, 117, 30, 124, 205, 36, 38, 217, 218]",True,297203.0,68.7,54.4,,,,,,,,,
2404690725.0,77,9,11.0,29,71.0,51.8,9,"{'value': 1, 'displayName': 'FirstHalf'}","{'value': 3, 'displayName': 'TakeOn'}","{'value': 0, 'displayName': 'Unsuccessful'}","[{'type': {'value': 56, 'displayName': 'Zone'}, 'value': 'Center'}, {'type': {'value': 286, 'displayName': 'Offensive'}}, {'type': {'value': 178, 'displayName': 'StandingSave'}}, {'type': {'value': 233, 'displayName': 'OppositeRelatedEvent'}, 'value': '87'}]","[91, 53]",True,322596.0,,,,,,,,,,,
2404690733.0,87,9,11.0,189,29.0,48.2,9,"{'value': 1, 'displayName': 'FirstHalf'}","{'value': 7, 'displayName': 'Tackle'}","{'value': 0, 'displayName': 'Unsuccessful'}","[{'type': {'value': 233, 'displayName': 'OppositeRelatedEvent'}, 'value': '77'}, {'type': {'value': 285, 'displayName': 'Defensive'}}, {'type': {'value': 56, 'displayName': 'Zone'}, 'value': 'Back'}, {'type': {'value': 178, 'displayName': 'StandingSave'}}]","[91, 142]",True,229562.0,,,,,,,,,,,
2404690807.0,78,9,13.0,29,68.6,61.3,9,"{'value': 1, 'displayName': 'FirstHalf'}","{'value': 1, 'displayName': 'Pass'}","{'value': 1, 'displayName': 'Successful'}","[{'type': {'value': 56, 'displayName': 'Zone'}, 'value': 'Center'}, {'type': {'value': 213, 'displayName': 'Angle'}, 'value': '4.2'}, {'type': {'value': 212, 'displayName': 'Length'}, 'value': '14.7'}, {'type': {'value': 141, 'displayName': 'PassEndY'}, 'value': '42.5'}, {'type': {'value': 140, 'displayName': 'PassEndX'}, 'value': '61.6'}, {'type': {'value': 178, 'displayName': 'StandingSave'}}]","[91, 119, 117, 30, 35, 38, 216, 218]",True,89998.0,61.6,42.5,,,,,,,,,
2404690843.0,79,9,15.0,29,60.0,35.1,9,"{'value': 1, 'displayName': 'FirstHalf'}","{'value': 1, 'displayName': 'Pass'}","{'value': 1, 'displayName': 'Successful'}","[{'type': {'value': 212, 'displayName': 'Length'}, 'value': '16.1'}, {'type': {'value': 213, 'displayName': 'Angle'}, 'value': '4.7'}, {'type': {'value': 141, 'displayName': 'PassEndY'}, 'value': '11.4'}, {'type': {'value': 140, 'displayName': 'PassEndX'}, 'value': '59.2'}, {'type': {'value': 56, 'displayName': 'Zone'}, 'value': 'Right'}, {'type': {'value': 178, 'displayName': 'StandingSave'}}]","[91, 119, 117, 30, 35, 38, 216, 218]",True,143595.0,59.2,11.4,,,,,,,,,
2404690885.0,80,9,17.0,29,59.2,11.4,9,"{'value': 1, 'displayName': 'FirstHalf'}","{'value': 1, 'displayName': 'Pass'}","{'value': 1, 'displayName': 'Successful'}","[{'type': {'value': 212, 'displayName': 'Length'}, 'value': '11.3'}, {'type': {'value': 140, 'displayName': 'PassEndX'}, 'value': '55.4'}, {'type': {'value': 141, 'displayName': 'PassEndY'}, 'value': '27.0'}, {'type': {'value': 213, 'displayName': 'Angle'}, 'value': '1.9'}, {'type': {'value': 56, 'displayName': 'Zone'}, 'value': 'Center'}, {'type': {'value': 178, 'displayName': 'StandingSave'}}]","[91, 119, 117, 30, 35, 37, 216, 218]",True,111372.0,55.4,27.0,,,,,,,,,
2404690957.0,81,9,19.0,29,54.1,30.8,9,"{'value': 1, 'displayName': 'FirstHalf'}","{'value': 1, 'displayName': 'Pass'}","{'value': 1, 'displayName': 'Successful'}","[{'type': {'value': 56, 'displayName': 'Zone'}, 'value': 'Back'}, {'type': {'value': 140, 'displayName': 'PassEndX'}, 'value': '46.2'}, {'type': {'value': 212, 'displayName': 'Length'}, 'value': '20.0'}, {'type': {'value': 141, 'displayName': 'PassEndY'}, 'value': '57.5'}, {'type': {'value': 178, 'displayName': 'StandingSave'}}, {'type': {'value': 213, 'displayName': 'Angle'}, 'value': '2.0'}]","[91, 117, 30, 35, 37, 216, 218]",True,143595.0,46.2,57.5,,,,,,,,,
2404691021.0,82,9,23.0,29,52.9,66.4,9,"{'value': 1, 'displayName': 'FirstHalf'}","{'value': 1, 'displayName': 'Pass'}","{'value': 1, 'displayName': 'Successful'}","[{'type': {'value': 178, 'displayName': 'StandingSave'}}, {'type': {'value': 140, 'displayName': 'PassEndX'}, 'value': '56.0'}, {'type': {'value': 213, 'displayName': 'Angle'}, 'value': '1.4'}, {'type': {'value': 56, 'displayName': 'Zone'}, 'value': 'Left'}, {'type': {'value': 141, 'displayName': 'PassEndY'}, 'value': '90.6'}, {'type': {'value': 212, 'displayName': 'Length'}, 'value': '16.8'}]","[91, 119, 117, 30, 36, 37, 216, 218]",True,332325.0,56.0,90.6,,,,,,,,,
2404691051.0,83,9,24.0,29,55.0,90.6,9,"{'value': 1, 'displayName': 'FirstHalf'}","{'value': 1, 'displayName': 'Pass'}","{'value': 1, 'displayName': 'Successful'}","[{'type': {'value': 213, 'displayName': 'Angle'}, 'value': '3.9'}, {'type': {'value': 141, 'displayName': 'PassEndY'}, 'value': '66.1'}, {'type': {'value': 178, 'displayName': 'StandingSave'}}, {'type': {'value': 140, 'displayName': 'PassEndX'}, 'value': '36.7'}, {'type': {'value': 56, 'displayName': 'Zone'}, 'value': 'Back'}, {'type': {'value': 212, 'displayName': 'Length'}, 'value': '25.4'}]","[91, 117, 30, 35, 38, 216, 218]",True,68049.0,36.7,66.1,,,,,,,,,
2404691109.0,84,9,27.0,29,36.6,66.1,9,"{'value': 1, 'displayName': 'FirstHalf'}","{'value': 1, 'displayName': 'Pass'}","{'value': 1, 'displayName': 'Successful'}","[{'type': {'value': 141, 'displayName': 'PassEndY'}, 'value': '41.2'}, {'type': {'value': 56, 'displayName': 'Zone'}, 'value': 'Back'}, {'type': {'value': 212, 'displayName': 'Length'}, 'value': '17.0'}, {'type': {'value': 140, 'displayName': 'PassEndX'}, 'value': '34.8'}, {'type': {'value': 178, 'displayName': 'StandingSave'}}, {'type': {'value': 213, 'displayName': 'Angle'}, 'value': '4.6'}]","[91, 117, 30, 35, 38, 216, 218]",True,106086.0,34.8,41.2,,,,,,,,,
2404691179.0,85,9,30.0,29,34.9,40.9,9,"{'value': 1, 'displayName': 'FirstHalf'}","{'value': 1, 'displayName': 'Pass'}","{'value': 1, 'displayName': 'Successful'}","[{'type': {'value': 212, 'displayName': 'Length'}, 'value': '21.5'}, {'type': {'value': 140, 'displayName': 'PassEndX'}, 'value': '41.8'}, {'type': {'value': 213, 'displayName': 'Angle'}, 'value': '5.1'}, {'type': {'value': 141, 'displayName': 'PassEndY'}, 'value': '11.1'}, {'type': {'value': 178, 'displayName': 'StandingSave'}}, {'type': {'value': 56, 'displayName': 'Zone'}, 'value': 'Back'}]","[91, 117, 30, 36, 38, 216, 218]",True,73063.0,41.8,11.1,,,,,,,,,
2404691251.0,86,9,33.0,29,42.5,9.1,9,"{'value': 1, 'displayName': 'FirstHalf'}","{'value': 1, 'displayName': 'Pass'}","{'value': 1, 'displayName': 'Successful'}","[{'type': {'value': 141, 'displayName': 'PassEndY'}, 'value': '5.3'}, {'type': {'value': 140, 'displayName': 'PassEndX'}, 'value': '54.0'}, {'type': {'value': 212, 'displayName': 'Length'}, 'value': '12.3'}, {'type': {'value': 213, 'displayName': 'Angle'}, 'value': '6.1'}, {'type': {'value': 56, 'displayName': 'Zone'}, 'value': 'Right'}, {'type': {'value': 178, 'displayName': 'StandingSave'}}]","[91, 119, 117, 30, 36, 38, 216, 218]",True,111372.0,54.0,5.3,,,,,,,,,
2404691265.0,87,9,34.0,29,54.7,4.7,9,"{'value': 1, 'displayName': 'FirstHalf'}","{'value': 61, 'displayName': 'BallTouch'}","{'value': 0, 'displayName': 'Unsuccessful'}","[{'type': {'value': 56, 'displayName': 'Zone'}, 'value': 'Right'}, {'type': {'value': 178, 'displayName': 'StandingSave'}}]","[91, 69]",True,143595.0,,,,,,,,,,,
2404691583.0,89,9,46.0,189,34.4,100.0,9,"{'value': 1, 'displayName': 'FirstHalf'}","{'value': 1, 'displayName': 'Pass'}","{'value': 1, 'displayName': 'Successful'}","[{'type': {'value': 213, 'displayName': 'Angle'}, 'value': '5.6'}, {'type': {'value': 107, 'displayName': 'ThrowIn'}}, {'type': {'value': 212, 'displayName': 'Length'}, 'value': '16.1'}, {'type': {'value': 141, 'displayName': 'PassEndY'}, 'value': '86.0'}, {'type': {'value': 56, 'displayName': 'Zone'}, 'value': 'Back'}, {'type': {'value': 140, 'displayName': 'PassEndX'}, 'value': '46.1'}]","[91, 212, 36, 38, 216]",True,229562.0,46.1,86.0,,,,,,,,,
2404691637.0,90,9,48.0,189,52.2,86.3,9,"{'value': 1, 'displayName': 'FirstHalf'}","{'value': 1, 'displayName': 'Pass'}","{'value': 0, 'displayName': 'Unsuccessful'}","[{'type': {'value': 1, 'displayName': 'Longball'}}, {'type': {'value': 140, 'displayName': 'PassEndX'}, 'value': '78.9'}, {'type': {'value': 141, 'displayName': 'PassEndY'}, 'value': '44.3'}, {'type': {'value': 213, 'displayName': 'Angle'}, 'value': '5.5'}, {'type': {'value': 56, 'displayName': 'Zone'}, 'value': 'Center'}, {'type': {'value': 155, 'displayName': 'Chipped'}}, {'type': {'value': 212, 'displayName': 'Length'}, 'value': '40.0'}, {'type': {'value': 178, 'displayName': 'StandingSave'}}]","[91, 120, 124, 128, 36, 38, 217, 218]",True,101856.0,78.9,44.3,,,,,,,,,
2404691673.0,89,9,52.0,29,26.5,48.2,9,"{'value': 1, 'displayName': 'FirstHalf'}","{'value': 1, 'displayName': 'Pass'}","{'value': 1, 'displayName': 'Successful'}","[{'type': {'value': 140, 'displayName': 'PassEndX'}, 'value': '13.0'}, {'type': {'value': 56, 'displayName': 'Zone'}, 'value': 'Back'}, {'type': {'value': 141, 'displayName': 'PassEndY'}, 'value': '52.7'}, {'type': {'value': 3, 'displayName': 'HeadPass'}}, {'type': {'value': 212, 'displayName': 'Length'}, 'value': '14.5'}, {'type': {'value': 213, 'displayName': 'Angle'}, 'value': '2.9'}]","[91, 117, 30, 139, 35, 37, 215, 218]",True,68049.0,13.0,52.7,,,,,,,,,
2404691679.0,90,9,54.0,29,9.8,53.6,9,"{'value': 1, 'displayName': 'FirstHalf'}","{'value': 52, 'displayName': 'KeeperPickup'}","{'value': 1, 'displayName': 'Successful'}","[{'type': {'value': 178, 'displayName': 'StandingSave'}}]",[93],False,20973.0,,,,,,,,,,,
2404691793.0,91,9,57.0,29,14.4,58.5,9,"{'value': 1, 'displayName': 'FirstHalf'}","{'value': 1, 'displayName': 'Pass'}","{'value': 1, 'displayName': 'Successful'}","[{'type': {'value': 123, 'displayName': 'KeeperThrow'}}, {'type': {'value': 56, 'displayName': 'Zone'}, 'value': 'Back'}, {'type': {'value': 213, 'displayName': 'Angle'}, 'value': '1.1'}, {'type': {'value': 141, 'displayName': 'PassEndY'}, 'value': '83.9'}, {'type': {'value': 140, 'displayName': 'PassEndX'}, 'value': '22.9'}, {'type': {'value': 178, 'displayName': 'StandingSave'}}, {'type': {'value': 212, 'displayName': 'Length'}, 'value': '19.4'}]","[91, 36, 37, 215, 218]",True,20973.0,22.9,83.9,,,,,,,,,
2404691861.0,92,10,1.0,29,25.9,87.4,10,"{'value': 1, 'displayName': 'FirstHalf'}","{'value': 1, 'displayName': 'Pass'}","{'value': 1, 'displayName': 'Successful'}","[{'type': {'value': 178, 'displayName': 'StandingSave'}}, {'type': {'value': 213, 'displayName': 'Angle'}, 'value': '0.8'}, {'type': {'value': 212, 'displayName': 'Length'}, 'value': '7.2'}, {'type': {'value': 140, 'displayName': 'PassEndX'}, 'value': '30.4'}, {'type': {'value': 56, 'displayName': 'Zone'}, 'value': 'Back'}, {'type': {'value': 141, 'displayName': 'PassEndY'}, 'value': '95.3'}]","[91, 117, 30, 36, 37, 215, 218]",True,332325.0,30.4,95.3,,,,,,,,,
2404691905.0,93,10,3.0,29,30.3,95.3,10,"{'value': 1, 'displayName': 'FirstHalf'}","{'value': 1, 'displayName': 'Pass'}","{'value': 1, 'displayName': 'Successful'}","[{'type': {'value': 213, 'displayName': 'Angle'}, 'value': '4.9'}, {'type': {'value': 178, 'displayName': 'StandingSave'}}, {'type': {'value': 56, 'displayName': 'Zone'}, 'value': 'Back'}, {'type': {'value': 212, 'displayName': 'Length'}, 'value': '4.7'}, {'type': {'value': 141, 'displayName': 'PassEndY'}, 'value': '88.6'}, {'type': {'value': 140, 'displayName': 'PassEndX'}, 'value': '31.2'}]","[91, 117, 30, 36, 38, 215, 218]",True,297203.0,31.2,88.6,,,,,,,,,
2404691941.0,94,10,6.0,29,30.4,89.2,10,"{'value': 1, 'displayName': 'FirstHalf'}","{'value': 1, 'displayName': 'Pass'}","{'value': 1, 'displayName': 'Successful'}","[{'type': {'value': 213, 'displayName': 'Angle'}, 'value': '2.5'}, {'type': {'value': 178, 'displayName': 'StandingSave'}}, {'type': {'value': 212, 'displayName': 'Length'}, 'value': '5.9'}, {'type': {'value': 140, 'displayName': 'PassEndX'}, 'value': '26.0'}, {'type': {'value': 141, 'displayName': 'PassEndY'}, 'value': '94.7'}, {'type': {'value': 56, 'displayName': 'Zone'}, 'value': 'Back'}]","[91, 117, 30, 35, 37, 215, 218]",True,332325.0,26.0,94.7,,,,,,,,,
2404691983.0,95,10,7.0,29,26.0,94.7,10,"{'value': 1, 'displayName': 'FirstHalf'}","{'value': 1, 'displayName': 'Pass'}","{'value': 0, 'displayName': 'Unsuccessful'}","[{'type': {'value': 178, 'displayName': 'StandingSave'}}, {'type': {'value': 212, 'displayName': 'Length'}, 'value': '25.0'}, {'type': {'value': 56, 'displayName': 'Zone'}, 'value': 'Back'}, {'type': {'value': 155, 'displayName': 'Chipped'}}, {'type': {'value': 213, 'displayName': 'Angle'}, 'value': '5.8'}, {'type': {'value': 140, 'displayName': 'PassEndX'}, 'value': '47.6'}, {'type': {'value': 141, 'displayName': 'PassEndY'}, 'value': '79.2'}]","[91, 118, 120, 29, 124, 36, 38, 216, 218]",True,297203.0,47.6,79.2,,,,,,,,,
2404692007.0,91,10,9.0,189,53.6,20.2,10,"{'value': 1, 'displayName': 'FirstHalf'}","{'value': 44, 'displayName': 'Aerial'}","{'value': 1, 'displayName': 'Successful'}","[{'type': {'value': 233, 'displayName': 'OppositeRelatedEvent'}, 'value': '96'}, {'type': {'value': 56, 'displayName': 'Zone'}, 'value': 'Right'}, {'type': {'value': 286, 'displayName': 'Offensive'}}]","[197, 199]",False,29026.0,,,,,,,,,,,
2404691997.0,96,10,9.0,29,46.4,79.8,10,"{'value': 1, 'displayName': 'FirstHalf'}","{'value': 44, 'displayName': 'Aerial'}","{'value': 0, 'displayName': 'Unsuccessful'}","[{'type': {'value': 56, 'displayName': 'Zone'}, 'value': 'Back'}, {'type': {'value': 233, 'displayName': 'OppositeRelatedEvent'}, 'value': '91'}, {'type': {'value': 285, 'displayName': 'Defensive'}}]","[198, 200]",False,69517.0,,,,,,,,,,,
2404692049.0,92,10,9.0,189,54.8,19.6,10,"{'value': 1, 'displayName': 'FirstHalf'}","{'value': 1, 'displayName': 'Pass'}","{'value': 0, 'displayName': 'Unsuccessful'}","[{'type': {'value': 212, 'displayName': 'Length'}, 'value': '15.9'}, {'type': {'value': 56, 'displayName': 'Zone'}, 'value': 'Center'}, {'type': {'value': 3, 'displayName': 'HeadPass'}}, {'type': {'value': 140, 'displayName': 'PassEndX'}, 'value': '62.6'}, {'type': {'value': 141, 'displayName': 'PassEndY'}, 'value': '39.7'}, {'type': {'value': 213, 'displayName': 'Angle'}, 'value': '1.0'}]","[91, 120, 29, 139, 36, 37, 216, 218]",True,29026.0,62.6,39.7,,,,,,,,,
2404692071.0,97,10,11.0,29,36.6,55.0,10,"{'value': 1, 'displayName': 'FirstHalf'}","{'value': 1, 'displayName': 'Pass'}","{'value': 0, 'displayName': 'Unsuccessful'}","[{'type': {'value': 141, 'displayName': 'PassEndY'}, 'value': '50.8'}, {'type': {'value': 233, 'displayName': 'OppositeRelatedEvent'}, 'value': '93'}, {'type': {'value': 212, 'displayName': 'Length'}, 'value': '3.3'}, {'type': {'value': 286, 'displayName': 'Offensive'}}, {'type': {'value': 140, 'displayName': 'PassEndX'}, 'value': '35.1'}, {'type': {'value': 213, 'displayName': 'Angle'}, 'value': '4.2'}, {'type': {'value': 178, 'displayName': 'StandingSave'}}, {'type': {'value': 56, 'displayName': 'Zone'}, 'value': 'Back'}]","[91, 118, 120, 29, 35, 38, 216, 218]",True,143595.0,35.1,50.8,,,,,,,,,
2404692105.0,93,10,11.0,189,62.6,39.5,10,"{'value': 1, 'displayName': 'FirstHalf'}","{'value': 74, 'displayName': 'BlockedPass'}","{'value': 1, 'displayName': 'Successful'}","[{'type': {'value': 233, 'displayName': 'OppositeRelatedEvent'}, 'value': '97'}, {'type': {'value': 285, 'displayName': 'Defensive'}}, {'type': {'value': 178, 'displayName': 'StandingSave'}}, {'type': {'value': 56, 'displayName': 'Zone'}, 'value': 'Center'}]","[91, 60]",True,296240.0,,,,,,,,,,,
2404692133.0,94,10,13.0,189,70.0,43.0,10,"{'value': 1, 'displayName': 'FirstHalf'}","{'value': 49, 'displayName': 'BallRecovery'}","{'value': 1, 'displayName': 'Successful'}",[],[93],False,296240.0,,,,,,,,,,,
2404692167.0,95,10,14.0,189,71.8,47.8,10,"{'value': 1, 'displayName': 'FirstHalf'}","{'value': 1, 'displayName': 'Pass'}","{'value': 0, 'displayName': 'Unsuccessful'}","[{'type': {'value': 178, 'displayName': 'StandingSave'}}, {'type': {'value': 213, 'displayName': 'Angle'}, 'value': '1.3'}, {'type': {'value': 141, 'displayName': 'PassEndY'}, 'value': '52.2'}, {'type': {'value': 212, 'displayName': 'Length'}, 'value': '3.1'}, {'type': {'value': 233, 'displayName': 'OppositeRelatedEvent'}, 'value': '98'}, {'type': {'value': 56, 'displayName': 'Zone'}, 'value': 'Center'}, {'type': {'value': 286, 'displayName': 'Offensive'}}, {'type': {'value': 140, 'displayName': 'PassEndX'}, 'value': '72.5'}]","[91, 120, 29, 36, 37, 217, 218]",True,296240.0,72.5,52.2,,,,,,,,,
2404692173.0,98,10,14.0,29,28.2,52.2,10,"{'value': 1, 'displayName': 'FirstHalf'}","{'value': 74, 'displayName': 'BlockedPass'}","{'value': 1, 'displayName': 'Successful'}","[{'type': {'value': 233, 'displayName': 'OppositeRelatedEvent'}, 'value': '95'}, {'type': {'value': 285, 'displayName': 'Defensive'}}, {'type': {'value': 178, 'displayName': 'StandingSave'}}, {'type': {'value': 56, 'displayName': 'Zone'}, 'value': 'Back'}]","[91, 60]",True,332325.0,,,,,,,,,,,
2404692177.0,99,10,16.0,29,26.7,24.6,10,"{'value': 1, 'displayName': 'FirstHalf'}","{'value': 49, 'displayName': 'BallRecovery'}","{'value': 1, 'displayName': 'Successful'}",[],[93],False,111372.0,,,,,,,,,,,
2404692383.0,100,10,22.0,29,47.0,10.3,10,"{'value': 1, 'displayName': 'FirstHalf'}","{'value': 1, 'displayName': 'Pass'}","{'value': 1, 'displayName': 'Successful'}","[{'type': {'value': 212, 'displayName': 'Length'}, 'value': '6.7'}, {'type': {'value': 56, 'displayName': 'Zone'}, 'value': 'Back'}, {'type': {'value': 178, 'displayName': 'StandingSave'}}, {'type': {'value': 213, 'displayName': 'Angle'}, 'value': '1.9'}, {'type': {'value': 140, 'displayName': 'PassEndX'}, 'value': '45.0'}, {'type': {'value': 141, 'displayName': 'PassEndY'}, 'value': '19.6'}]","[91, 117, 30, 35, 37, 216, 218]",True,111372.0,45.0,19.6,,,,,,,,,
2404692455.0,101,10,25.0,29,50.5,20.4,10,"{'value': 1, 'displayName': 'FirstHalf'}","{'value': 1, 'displayName': 'Pass'}","{'value': 1, 'displayName': 'Successful'}","[{'type': {'value': 56, 'displayName': 'Zone'}, 'value': 'Center'}, {'type': {'value': 213, 'displayName': 'Angle'}, 'value': '0.5'}, {'type': {'value': 178, 'displayName': 'StandingSave'}}, {'type': {'value': 141, 'displayName': 'PassEndY'}, 'value': '25.7'}, {'type': {'value': 140, 'displayName': 'PassEndX'}, 'value': '56.4'}, {'type': {'value': 212, 'displayName': 'Length'}, 'value': '7.2'}]","[91, 119, 117, 30, 36, 37, 216, 218]",True,143595.0,56.4,25.7,,,,,,,,,
2404692521.0,102,10,27.0,29,55.2,33.3,10,"{'value': 1, 'displayName': 'FirstHalf'}","{'value': 1, 'displayName': 'Pass'}","{'value': 1, 'displayName': 'Successful'}","[{'type': {'value': 178, 'displayName': 'StandingSave'}}, {'type': {'value': 213, 'displayName': 'Angle'}, 'value': '1.8'}, {'type': {'value': 212, 'displayName': 'Length'}, 'value': '15.6'}, {'type': {'value': 140, 'displayName': 'PassEndX'}, 'value': '52.5'}, {'type': {'value': 56, 'displayName': 'Zone'}, 'value': 'Center'}, {'type': {'value': 141, 'displayName': 'PassEndY'}, 'value': '55.8'}]","[91, 119, 117, 30, 35, 37, 216, 218]",True,89998.0,52.5,55.8,,,,,,,,,
2404692567.0,103,10,29.0,29,53.9,60.3,10,"{'value': 1, 'displayName': 'FirstHalf'}","{'value': 1, 'displayName': 'Pass'}","{'value': 1, 'displayName': 'Successful'}","[{'type': {'value': 56, 'displayName': 'Zone'}, 'value': 'Center'}, {'type': {'value': 178, 'displayName': 'StandingSave'}}, {'type': {'value': 141, 'displayName': 'PassEndY'}, 'value': '71.0'}, {'type': {'value': 213, 'displayName': 'Angle'}, 'value': '0.6'}, {'type': {'value': 140, 'displayName': 'PassEndX'}, 'value': '63.5'}, {'type': {'value': 212, 'displayName': 'Length'}, 'value': '12.4'}]","[91, 119, 117, 30, 36, 37, 216, 218]",True,332325.0,63.5,71.0,,,,,,,,,
2404692601.0,104,10,30.0,29,63.5,71.0,10,"{'value': 1, 'displayName': 'FirstHalf'}","{'value': 1, 'displayName': 'Pass'}","{'value': 1, 'displayName': 'Successful'}","[{'type': {'value': 178, 'displayName': 'StandingSave'}}, {'type': {'value': 212, 'displayName': 'Length'}, 'value': '6.3'}, {'type': {'value': 56, 'displayName': 'Zone'}, 'value': 'Center'}, {'type': {'value': 140, 'displayName': 'PassEndX'}, 'value': '57.7'}, {'type': {'value': 213, 'displayName': 'Angle'}, 'value': '3.4'}, {'type': {'value': 141, 'displayName': 'PassEndY'}, 'value': '68.9'}]","[91, 119, 117, 30, 35, 38, 216, 218]",True,297203.0,57.7,68.9,,,,,,,,,
2404692701.0,105,10,32.0,29,57.2,68.4,10,"{'value': 1, 'displayName': 'FirstHalf'}","{'value': 1, 'displayName': 'Pass'}","{'value': 1, 'displayName': 'Successful'}","[{'type': {'value': 141, 'displayName': 'PassEndY'}, 'value': '65.5'}, {'type': {'value': 140, 'displayName': 'PassEndX'}, 'value': '62.0'}, {'type': {'value': 56, 'displayName': 'Zone'}, 'value': 'Center'}, {'type': {'value': 212, 'displayName': 'Length'}, 'value': '5.4'}, {'type': {'value': 213, 'displayName': 'Angle'}, 'value': '5.9'}, {'type': {'value': 178, 'displayName': 'StandingSave'}}]","[91, 119, 117, 30, 36, 38, 216, 218]",True,332325.0,62.0,65.5,,,,,,,,,
2404692735.0,106,10,36.0,29,62.9,75.2,10,"{'value': 1, 'displayName': 'FirstHalf'}","{'value': 1, 'displayName': 'Pass'}","{'value': 1, 'displayName': 'Successful'}","[{'type': {'value': 178, 'displayName': 'StandingSave'}}, {'type': {'value': 56, 'displayName': 'Zone'}, 'value': 'Left'}, {'type': {'value': 213, 'displayName': 'Angle'}, 'value': '2.0'}, {'type': {'value': 212, 'displayName': 'Length'}, 'value': '12.5'}, {'type': {'value': 140, 'displayName': 'PassEndX'}, 'value': '58.0'}, {'type': {'value': 141, 'displayName': 'PassEndY'}, 'value': '92.0'}]","[91, 119, 117, 30, 35, 37, 216, 218]",True,89998.0,58.0,92.0,,,,,,,,,
2404692815.0,107,10,38.0,29,57.3,92.7,10,"{'value': 1, 'displayName': 'FirstHalf'}","{'value': 1, 'displayName': 'Pass'}","{'value': 1, 'displayName': 'Successful'}","[{'type': {'value': 141, 'displayName': 'PassEndY'}, 'value': '70.8'}, {'type': {'value': 140, 'displayName': 'PassEndX'}, 'value': '55.3'}, {'type': {'value': 212, 'displayName': 'Length'}, 'value': '15.0'}, {'type': {'value': 213, 'displayName': 'Angle'}, 'value': '4.6'}, {'type': {'value': 56, 'displayName': 'Zone'}, 'value': 'Center'}, {'type': {'value': 178, 'displayName': 'StandingSave'}}]","[91, 119, 117, 30, 35, 38, 216, 218]",True,68049.0,55.3,70.8,,,,,,,,,
2404692977.0,108,10,40.0,29,54.8,67.6,10,"{'value': 1, 'displayName': 'FirstHalf'}","{'value': 1, 'displayName': 'Pass'}","{'value': 1, 'displayName': 'Successful'}","[{'type': {'value': 212, 'displayName': 'Length'}, 'value': '43.9'}, {'type': {'value': 141, 'displayName': 'PassEndY'}, 'value': '7.9'}, {'type': {'value': 178, 'displayName': 'StandingSave'}}, {'type': {'value': 213, 'displayName': 'Angle'}, 'value': '5.1'}, {'type': {'value': 1, 'displayName': 'Longball'}}, {'type': {'value': 140, 'displayName': 'PassEndX'}, 'value': '70.6'}, {'type': {'value': 155, 'displayName': 'Chipped'}}, {'type': {'value': 56, 'displayName': 'Zone'}, 'value': 'Right'}]","[91, 119, 117, 124, 127, 205, 36, 38, 217, 218]",True,332325.0,70.6,7.9,,,,,,,,,
2404693047.0,109,10,45.0,29,66.1,7.7,10,"{'value': 1, 'displayName': 'FirstHalf'}","{'value': 1, 'displayName': 'Pass'}","{'value': 1, 'displayName': 'Successful'}","[{'type': {'value': 140, 'displayName': 'PassEndX'}, 'value': '54.9'}, {'type': {'value': 178, 'displayName': 'StandingSave'}}, {'type': {'value': 56, 'displayName': 'Zone'}, 'value': 'Center'}, {'type': {'value': 213, 'displayName': 'Angle'}, 'value': '2.4'}, {'type': {'value': 141, 'displayName': 'PassEndY'}, 'value': '23.5'}, {'type': {'value': 212, 'displayName': 'Length'}, 'value': '15.9'}]","[91, 119, 117, 30, 35, 37, 216, 218]",True,111372.0,54.9,23.5,,,,,,,,,
2404693113.0,110,10,48.0,29,54.9,23.5,10,"{'value': 1, 'displayName': 'FirstHalf'}","{'value': 1, 'displayName': 'Pass'}","{'value': 1, 'displayName': 'Successful'}","[{'type': {'value': 140, 'displayName': 'PassEndX'}, 'value': '45.4'}, {'type': {'value': 56, 'displayName': 'Zone'}, 'value': 'Back'}, {'type': {'value': 178, 'displayName': 'StandingSave'}}, {'type': {'value': 213, 'displayName': 'Angle'}, 'value': '2.1'}, {'type': {'value': 141, 'displayName': 'PassEndY'}, 'value': '50.6'}, {'type': {'value': 212, 'displayName': 'Length'}, 'value': '21.0'}]","[91, 117, 30, 35, 37, 216, 218]",True,73063.0,45.4,50.6,,,,,,,,,
2404693187.0,111,10,52.0,29,46.3,49.4,10,"{'value': 1, 'displayName': 'FirstHalf'}","{'value': 1, 'displayName': 'Pass'}","{'value': 1, 'displayName': 'Successful'}","[{'type': {'value': 56, 'displayName': 'Zone'}, 'value': 'Back'}, {'type': {'value': 140, 'displayName': 'PassEndX'}, 'value': '46.3'}, {'type': {'value': 213, 'displayName': 'Angle'}, 'value': '4.7'}, {'type': {'value': 178, 'displayName': 'StandingSave'}}, {'type': {'value': 212, 'displayName': 'Length'}, 'value': '11.4'}, {'type': {'value': 141, 'displayName': 'PassEndY'}, 'value': '32.7'}]","[91, 117, 30, 38, 216, 218]",True,106086.0,46.3,32.7,,,,,,,,,
2404693247.0,112,10,55.0,29,47.5,32.5,10,"{'value': 1, 'displayName': 'FirstHalf'}","{'value': 1, 'displayName': 'Pass'}","{'value': 1, 'displayName': 'Successful'}","[{'type': {'value': 178, 'displayName': 'StandingSave'}}, {'type': {'value': 56, 'displayName': 'Zone'}, 'value': 'Back'}, {'type': {'value': 141, 'displayName': 'PassEndY'}, 'value': '50.5'}, {'type': {'value': 140, 'displayName': 'PassEndX'}, 'value': '46.1'}, {'type': {'value': 212, 'displayName': 'Length'}, 'value': '12.3'}, {'type': {'value': 213, 'displayName': 'Angle'}, 'value': '1.7'}]","[91, 117, 30, 35, 37, 216, 218]",True,73063.0,46.1,50.5,,,,,,,,,
2404693265.0,113,10,57.0,29,45.4,50.5,10,"{'value': 1, 'displayName': 'FirstHalf'}","{'value': 1, 'displayName': 'Pass'}","{'value': 1, 'displayName': 'Successful'}","[{'type': {'value': 213, 'displayName': 'Angle'}, 'value': '4.4'}, {'type': {'value': 140, 'displayName': 'PassEndX'}, 'value': '42.3'}, {'type': {'value': 56, 'displayName': 'Zone'}, 'value': 'Back'}, {'type': {'value': 178, 'displayName': 'StandingSave'}}, {'type': {'value': 141, 'displayName': 'PassEndY'}, 'value': '36.6'}, {'type': {'value': 212, 'displayName': 'Length'}, 'value': '10.0'}]","[91, 117, 30, 35, 38, 216, 218]",True,106086.0,42.3,36.6,,,,,,,,,
2404693307.0,114,10,58.0,29,42.3,36.6,10,"{'value': 1, 'displayName': 'FirstHalf'}","{'value': 1, 'displayName': 'Pass'}","{'value': 1, 'displayName': 'Successful'}","[{'type': {'value': 212, 'displayName': 'Length'}, 'value': '9.2'}, {'type': {'value': 178, 'displayName': 'StandingSave'}}, {'type': {'value': 141, 'displayName': 'PassEndY'}, 'value': '47.1'}, {'type': {'value': 213, 'displayName': 'Angle'}, 'value': '0.9'}, {'type': {'value': 140, 'displayName': 'PassEndX'}, 'value': '47.9'}, {'type': {'value': 56, 'displayName': 'Zone'}, 'value': 'Back'}]","[91, 117, 30, 36, 37, 216, 218]",True,73063.0,47.9,47.1,,,,,,,,,
2404693357.0,115,10,59.0,29,47.9,47.1,10,"{'value': 1, 'displayName': 'FirstHalf'}","{'value': 1, 'displayName': 'Pass'}","{'value': 1, 'displayName': 'Successful'}","[{'type': {'value': 212, 'displayName': 'Length'}, 'value': '13.5'}, {'type': {'value': 178, 'displayName': 'StandingSave'}}, {'type': {'value': 56, 'displayName': 'Zone'}, 'value': 'Center'}, {'type': {'value': 213, 'displayName': 'Angle'}, 'value': '5.2'}, {'type': {'value': 140, 'displayName': 'PassEndX'}, 'value': '54.0'}, {'type': {'value': 141, 'displayName': 'PassEndY'}, 'value': '29.6'}]","[91, 119, 117, 30, 36, 38, 216, 218]",True,332325.0,54.0,29.6,,,,,,,,,
2404693427.0,116,11,1.0,29,54.0,29.6,11,"{'value': 1, 'displayName': 'FirstHalf'}","{'value': 1, 'displayName': 'Pass'}","{'value': 1, 'displayName': 'Successful'}","[{'type': {'value': 178, 'displayName': 'StandingSave'}}, {'type': {'value': 213, 'displayName': 'Angle'}, 'value': '5.1'}, {'type': {'value': 56, 'displayName': 'Zone'}, 'value': 'Right'}, {'type': {'value': 212, 'displayName': 'Length'}, 'value': '16.9'}, {'type': {'value': 140, 'displayName': 'PassEndX'}, 'value': '59.9'}, {'type': {'value': 141, 'displayName': 'PassEndY'}, 'value': '6.5'}]","[91, 119, 117, 30, 36, 38, 216, 218]",True,143595.0,59.9,6.5,,,,,,,,,
2404693467.0,117,11,6.0,29,63.9,6.7,11,"{'value': 1, 'displayName': 'FirstHalf'}","{'value': 1, 'displayName': 'Pass'}","{'value': 1, 'displayName': 'Successful'}","[{'type': {'value': 213, 'displayName': 'Angle'}, 'value': '2.4'}, {'type': {'value': 212, 'displayName': 'Length'}, 'value': '4.2'}, {'type': {'value': 141, 'displayName': 'PassEndY'}, 'value': '10.8'}, {'type': {'value': 56, 'displayName': 'Zone'}, 'value': 'Right'}, {'type': {'value': 140, 'displayName': 'PassEndX'}, 'value': '60.9'}, {'type': {'value': 178, 'displayName': 'StandingSave'}}]","[91, 119, 117, 30, 35, 37, 216, 218]",True,111372.0,60.9,10.8,,,,,,,,,
2404693527.0,118,11,9.0,29,58.0,11.4,11,"{'value': 1, 'displayName': 'FirstHalf'}","{'value': 1, 'displayName': 'Pass'}","{'value': 1, 'displayName': 'Successful'}","[{'type': {'value': 56, 'displayName': 'Zone'}, 'value': 'Back'}, {'type': {'value': 140, 'displayName': 'PassEndX'}, 'value': '43.8'}, {'type': {'value': 212, 'displayName': 'Length'}, 'value': '14.9'}, {'type': {'value': 178, 'displayName': 'StandingSave'}}, {'type': {'value': 141, 'displayName': 'PassEndY'}, 'value': '10.3'}, {'type': {'value': 213, 'displayName': 'Angle'}, 'value': '3.2'}]","[91, 117, 30, 35, 38, 216, 218]",True,143595.0,43.8,10.3,,,,,,,,,
2404693597.0,119,11,11.0,29,45.1,17.5,11,"{'value': 1, 'displayName': 'FirstHalf'}","{'value': 1, 'displayName': 'Pass'}","{'value': 1, 'displayName': 'Successful'}","[{'type': {'value': 213, 'displayName': 'Angle'}, 'value': '1.8'}, {'type': {'value': 56, 'displayName': 'Zone'}, 'value': 'Back'}, {'type': {'value': 212, 'displayName': 'Length'}, 'value': '13.4'}, {'type': {'value': 178, 'displayName': 'StandingSave'}}, {'type': {'value': 140, 'displayName': 'PassEndX'}, 'value': '42.8'}, {'type': {'value': 141, 'displayName': 'PassEndY'}, 'value': '36.9'}]","[91, 117, 30, 35, 37, 216, 218]",True,73063.0,42.8,36.9,,,,,,,,,
2404693651.0,120,11,14.0,29,43.6,45.6,11,"{'value': 1, 'displayName': 'FirstHalf'}","{'value': 1, 'displayName': 'Pass'}","{'value': 1, 'displayName': 'Successful'}","[{'type': {'value': 56, 'displayName': 'Zone'}, 'value': 'Center'}, {'type': {'value': 178, 'displayName': 'StandingSave'}}, {'type': {'value': 212, 'displayName': 'Length'}, 'value': '10.2'}, {'type': {'value': 213, 'displayName': 'Angle'}, 'value': '0.7'}, {'type': {'value': 141, 'displayName': 'PassEndY'}, 'value': '54.7'}, {'type': {'value': 140, 'displayName': 'PassEndX'}, 'value': '51.3'}]","[91, 119, 117, 30, 36, 37, 216, 218]",True,106086.0,51.3,54.7,,,,,,,,,
2404693689.0,121,11,15.0,29,47.9,54.7,11,"{'value': 1, 'displayName': 'FirstHalf'}","{'value': 1, 'displayName': 'Pass'}","{'value': 1, 'displayName': 'Successful'}","[{'type': {'value': 140, 'displayName': 'PassEndX'}, 'value': '38.3'}, {'type': {'value': 56, 'displayName': 'Zone'}, 'value': 'Back'}, {'type': {'value': 178, 'displayName': 'StandingSave'}}, {'type': {'value': 141, 'displayName': 'PassEndY'}, 'value': '54.6'}, {'type': {'value': 213, 'displayName': 'Angle'}, 'value': '3.1'}, {'type': {'value': 212, 'displayName': 'Length'}, 'value': '10.1'}]","[91, 117, 30, 35, 38, 216, 218]",True,89998.0,38.3,54.6,,,,,,,,,
2404693767.0,122,11,17.0,29,37.6,54.6,11,"{'value': 1, 'displayName': 'FirstHalf'}","{'value': 1, 'displayName': 'Pass'}","{'value': 1, 'displayName': 'Successful'}","[{'type': {'value': 140, 'displayName': 'PassEndX'}, 'value': '36.5'}, {'type': {'value': 141, 'displayName': 'PassEndY'}, 'value': '31.1'}, {'type': {'value': 178, 'displayName': 'StandingSave'}}, {'type': {'value': 213, 'displayName': 'Angle'}, 'value': '4.6'}, {'type': {'value': 212, 'displayName': 'Length'}, 'value': '16.0'}, {'type': {'value': 56, 'displayName': 'Zone'}, 'value': 'Back'}]","[91, 117, 30, 35, 38, 216, 218]",True,106086.0,36.5,31.1,,,,,,,,,
2404693929.0,123,11,20.0,29,36.2,29.3,11,"{'value': 1, 'displayName': 'FirstHalf'}","{'value': 1, 'displayName': 'Pass'}","{'value': 1, 'displayName': 'Successful'}","[{'type': {'value': 141, 'displayName': 'PassEndY'}, 'value': '12.3'}, {'type': {'value': 212, 'displayName': 'Length'}, 'value': '13.0'}, {'type': {'value': 140, 'displayName': 'PassEndX'}, 'value': '41.8'}, {'type': {'value': 178, 'displayName': 'StandingSave'}}, {'type': {'value': 56, 'displayName': 'Zone'}, 'value': 'Back'}, {'type': {'value': 213, 'displayName': 'Angle'}, 'value': '5.2'}]","[91, 117, 30, 36, 38, 216, 218]",True,73063.0,41.8,12.3,,,,,,,,,
2404694099.0,124,11,26.0,29,42.4,12.9,11,"{'value': 1, 'displayName': 'FirstHalf'}","{'value': 1, 'displayName': 'Pass'}","{'value': 1, 'displayName': 'Successful'}","[{'type': {'value': 178, 'displayName': 'StandingSave'}}, {'type': {'value': 141, 'displayName': 'PassEndY'}, 'value': '3.2'}, {'type': {'value': 140, 'displayName': 'PassEndX'}, 'value': '58.4'}, {'type': {'value': 212, 'displayName': 'Length'}, 'value': '18.0'}, {'type': {'value': 56, 'displayName': 'Zone'}, 'value': 'Right'}, {'type': {'value': 213, 'displayName': 'Angle'}, 'value': '5.9'}]","[91, 119, 117, 30, 36, 38, 216, 218]",True,143595.0,58.4,3.2,,,,,,,,,
2404694161.0,125,11,33.0,29,79.7,12.6,11,"{'value': 1, 'displayName': 'FirstHalf'}","{'value': 1, 'displayName': 'Pass'}","{'value': 1, 'displayName': 'Successful'}","[{'type': {'value': 141, 'displayName': 'PassEndY'}, 'value': '19.9'}, {'type': {'value': 212, 'displayName': 'Length'}, 'value': '6.8'}, {'type': {'value': 140, 'displayName': 'PassEndX'}, 'value': '75.3'}, {'type': {'value': 56, 'displayName': 'Zone'}, 'value': 'Right'}, {'type': {'value': 178, 'displayName': 'StandingSave'}}, {'type': {'value': 213, 'displayName': 'Angle'}, 'value': '2.3'}]","[91, 119, 117, 30, 205, 35, 37, 217, 218]",True,111372.0,75.3,19.9,,,,,,,,,
2404694247.0,126,11,36.0,29,76.4,18.4,11,"{'value': 1, 'displayName': 'FirstHalf'}","{'value': 1, 'displayName': 'Pass'}","{'value': 0, 'displayName': 'Unsuccessful'}","[{'type': {'value': 213, 'displayName': 'Angle'}, 'value': '0.4'}, {'type': {'value': 155, 'displayName': 'Chipped'}}, {'type': {'value': 178, 'displayName': 'StandingSave'}}, {'type': {'value': 141, 'displayName': 'PassEndY'}, 'value': '31.5'}, {'type': {'value': 212, 'displayName': 'Length'}, 'value': '22.2'}, {'type': {'value': 140, 'displayName': 'PassEndX'}, 'value': '95.8'}, {'type': {'value': 4, 'displayName': 'Throughball'}}, {'type': {'value': 56, 'displayName': 'Zone'}, 'value': 'Center'}]","[91, 120, 29, 124, 130, 36, 37, 217, 218]",True,89998.0,95.8,31.5,,,,,,,,,
2404694237.0,96,11,38.0,189,4.1,68.7,11,"{'value': 1, 'displayName': 'FirstHalf'}","{'value': 12, 'displayName': 'Clearance'}","{'value': 1, 'displayName': 'Successful'}","[{'type': {'value': 141, 'displayName': 'PassEndY'}, 'value': '69.9'}, {'type': {'value': 178, 'displayName': 'StandingSave'}}, {'type': {'value': 140, 'displayName': 'PassEndX'}, 'value': '0.0'}, {'type': {'value': 56, 'displayName': 'Zone'}, 'value': 'Back'}, {'type': {'value': 213, 'displayName': 'Angle'}, 'value': '3.0'}, {'type': {'value': 212, 'displayName': 'Length'}, 'value': '5.4'}]","[91, 94, 95, 215]",True,342499.0,0.0,69.9,,,,,,,,,
2404694255.0,97,11,39.0,189,1.6,69.2,11,"{'value': 1, 'displayName': 'FirstHalf'}","{'value': 6, 'displayName': 'CornerAwarded'}","{'value': 0, 'displayName': 'Unsuccessful'}","[{'type': {'value': 56, 'displayName': 'Zone'}, 'value': 'Back'}, {'type': {'value': 233, 'displayName': 'OppositeRelatedEvent'}, 'value': '127'}, {'type': {'value': 73, 'displayName': 'MissLeft'}}]",[122],False,342499.0,,,,,,,,,,,
2404694293.0,127,11,39.0,29,98.4,30.8,11,"{'value': 1, 'displayName': 'FirstHalf'}","{'value': 6, 'displayName': 'CornerAwarded'}","{'value': 1, 'displayName': 'Successful'}","[{'type': {'value': 56, 'displayName': 'Zone'}, 'value': 'Center'}, {'type': {'value': 75, 'displayName': 'MissRight'}}, {'type': {'value': 233, 'displayName': 'OppositeRelatedEvent'}, 'value': '97'}]",[122],False,89998.0,,,,,,,,,,,
2404694955.0,128,12,10.0,29,99.5,0.5,12,"{'value': 1, 'displayName': 'FirstHalf'}","{'value': 1, 'displayName': 'Pass'}","{'value': 0, 'displayName': 'Unsuccessful'}","[{'type': {'value': 56, 'displayName': 'Zone'}, 'value': 'Center'}, {'type': {'value': 2, 'displayName': 'Cross'}}, {'type': {'value': 233, 'displayName': 'OppositeRelatedEvent'}, 'value': '98'}, {'type': {'value': 178, 'displayName': 'StandingSave'}}, {'type': {'value': 72, 'displayName': 'LeftFoot'}}, {'type': {'value': 213, 'displayName': 'Angle'}, 'value': '1.7'}, {'type': {'value': 140, 'displayName': 'PassEndX'}, 'value': '96.0'}, {'type': {'value': 155, 'displayName': 'Chipped'}}, {'type': {'value': 141, 'displayName': 'PassEndY'}, 'value': '44.8'}, {'type': {'value': 212, 'displayName': 'Length'}, 'value': '30.3'}, {'type': {'value': 6, 'displayName': 'CornerTaken'}}]","[91, 138, 124, 126, 31, 33, 34, 35, 37, 217, 218]",True,322596.0,96.0,44.8,,,,,,,,,
2404695089.0,98,12,12.0,189,2.4,54.4,12,"{'value': 1, 'displayName': 'FirstHalf'}","{'value': 41, 'displayName': 'Punch'}","{'value': 1, 'displayName': 'Successful'}","[{'type': {'value': 213, 'displayName': 'Angle'}, 'value': '5.0'}, {'type': {'value': 233, 'displayName': 'OppositeRelatedEvent'}, 'value': '128'}, {'type': {'value': 212, 'displayName': 'Length'}, 'value': '30.6'}, {'type': {'value': 141, 'displayName': 'PassEndY'}, 'value': '10.8'}, {'type': {'value': 140, 'displayName': 'PassEndX'}, 'value': '9.5'}]","[91, 94, 95, 206, 215]",True,276366.0,9.5,10.8,,,,,,,,,
2404695075.0,129,12,18.0,29,96.9,94.4,12,"{'value': 1, 'displayName': 'FirstHalf'}","{'value': 1, 'displayName': 'Pass'}","{'value': 0, 'displayName': 'Unsuccessful'}","[{'type': {'value': 213, 'displayName': 'Angle'}, 'value': '4.7'}, {'type': {'value': 178, 'displayName': 'StandingSave'}}, {'type': {'value': 286, 'displayName': 'Offensive'}}, {'type': {'value': 212, 'displayName': 'Length'}, 'value': '2.2'}, {'type': {'value': 56, 'displayName': 'Zone'}, 'value': 'Left'}, {'type': {'value': 2, 'displayName': 'Cross'}}, {'type': {'value': 141, 'displayName': 'PassEndY'}, 'value': '91.1'}, {'type': {'value': 155, 'displayName': 'Chipped'}}, {'type': {'value': 72, 'displayName': 'LeftFoot'}}, {'type': {'value': 140, 'displayName': 'PassEndX'}, 'value': '96.9'}, {'type': {'value': 233, 'displayName': 'OppositeRelatedEvent'}, 'value': '99'}]","[91, 138, 124, 126, 38, 217, 218]",True,68049.0,96.9,91.1,,,,,,,,,
2404695109.0,99,12,18.0,189,2.1,7.0,12,"{'value': 1, 'displayName': 'FirstHalf'}","{'value': 12, 'displayName': 'Clearance'}","{'value': 1, 'displayName': 'Successful'}","[{'type': {'value': 56, 'displayName': 'Zone'}, 'value': 'Back'}, {'type': {'value': 185, 'displayName': 'BlockedCross'}}, {'type': {'value': 178, 'displayName': 'StandingSave'}}, {'type': {'value': 233, 'displayName': 'OppositeRelatedEvent'}, 'value': '129'}]","[91, 59]",True,69344.0,,,,,,,,,,,
2404695605.0,131,12,36.0,29,90.0,100.0,12,"{'value': 1, 'displayName': 'FirstHalf'}","{'value': 1, 'displayName': 'Pass'}","{'value': 1, 'displayName': 'Successful'}","[{'type': {'value': 1, 'displayName': 'Longball'}}, {'type': {'value': 107, 'displayName': 'ThrowIn'}}, {'type': {'value': 56, 'displayName': 'Zone'}, 'value': 'Left'}, {'type': {'value': 141, 'displayName': 'PassEndY'}, 'value': '94.9'}, {'type': {'value': 140, 'displayName': 'PassEndX'}, 'value': '67.8'}, {'type': {'value': 213, 'displayName': 'Angle'}, 'value': '3.3'}, {'type': {'value': 212, 'displayName': 'Length'}, 'value': '23.7'}]","[91, 212, 35, 38, 217]",True,68049.0,67.8,94.9,,,,,,,,,
2404695689.0,132,12,40.0,29,64.4,93.8,12,"{'value': 1, 'displayName': 'FirstHalf'}","{'value': 1, 'displayName': 'Pass'}","{'value': 1, 'displayName': 'Successful'}","[{'type': {'value': 141, 'displayName': 'PassEndY'}, 'value': '59.0'}, {'type': {'value': 140, 'displayName': 'PassEndX'}, 'value': '53.7'}, {'type': {'value': 212, 'displayName': 'Length'}, 'value': '26.2'}, {'type': {'value': 213, 'displayName': 'Angle'}, 'value': '4.3'}, {'type': {'value': 56, 'displayName': 'Zone'}, 'value': 'Center'}, {'type': {'value': 178, 'displayName': 'StandingSave'}}]","[91, 119, 117, 30, 35, 38, 216, 218]",True,332325.0,53.7,59.0,,,,,,,,,
2404695805.0,133,12,43.0,29,53.0,56.4,12,"{'value': 1, 'displayName': 'FirstHalf'}","{'value': 1, 'displayName': 'Pass'}","{'value': 1, 'displayName': 'Successful'}","[{'type': {'value': 178, 'displayName': 'StandingSave'}}, {'type': {'value': 212, 'displayName': 'Length'}, 'value': '27.3'}, {'type': {'value': 141, 'displayName': 'PassEndY'}, 'value': '16.7'}, {'type': {'value': 56, 'displayName': 'Zone'}, 'value': 'Right'}, {'type': {'value': 140, 'displayName': 'PassEndX'}, 'value': '57.1'}, {'type': {'value': 213, 'displayName': 'Angle'}, 'value': '4.9'}]","[91, 119, 117, 30, 36, 38, 216, 218]",True,73063.0,57.1,16.7,,,,,,,,,
2404695865.0,134,12,47.0,29,65.1,12.1,12,"{'value': 1, 'displayName': 'FirstHalf'}","{'value': 1, 'displayName': 'Pass'}","{'value': 1, 'displayName': 'Successful'}","[{'type': {'value': 141, 'displayName': 'PassEndY'}, 'value': '6.4'}, {'type': {'value': 56, 'displayName': 'Zone'}, 'value': 'Right'}, {'type': {'value': 178, 'displayName': 'StandingSave'}}, {'type': {'value': 140, 'displayName': 'PassEndX'}, 'value': '66.3'}, {'type': {'value': 212, 'displayName': 'Length'}, 'value': '4.1'}, {'type': {'value': 213, 'displayName': 'Angle'}, 'value': '5.0'}]","[91, 119, 117, 30, 36, 38, 216, 218]",True,111372.0,66.3,6.4,,,,,,,,,
2404695953.0,135,12,49.0,29,65.4,7.9,12,"{'value': 1, 'displayName': 'FirstHalf'}","{'value': 1, 'displayName': 'Pass'}","{'value': 1, 'displayName': 'Successful'}","[{'type': {'value': 141, 'displayName': 'PassEndY'}, 'value': '21.1'}, {'type': {'value': 212, 'displayName': 'Length'}, 'value': '10.6'}, {'type': {'value': 140, 'displayName': 'PassEndX'}, 'value': '60.0'}, {'type': {'value': 213, 'displayName': 'Angle'}, 'value': '2.1'}, {'type': {'value': 56, 'displayName': 'Zone'}, 'value': 'Right'}, {'type': {'value': 178, 'displayName': 'StandingSave'}}]","[91, 119, 117, 30, 35, 37, 216, 218]",True,322596.0,60.0,21.1,,,,,,,,,
2404696017.0,136,12,51.0,29,60.0,21.4,12,"{'value': 1, 'displayName': 'FirstHalf'}","{'value': 1, 'displayName': 'Pass'}","{'value': 1, 'displayName': 'Successful'}","[{'type': {'value': 56, 'displayName': 'Zone'}, 'value': 'Center'}, {'type': {'value': 140, 'displayName': 'PassEndX'}, 'value': '55.8'}, {'type': {'value': 212, 'displayName': 'Length'}, 'value': '9.2'}, {'type': {'value': 178, 'displayName': 'StandingSave'}}, {'type': {'value': 141, 'displayName': 'PassEndY'}, 'value': '33.3'}, {'type': {'value': 213, 'displayName': 'Angle'}, 'value': '2.1'}]","[91, 119, 117, 30, 35, 37, 216, 218]",True,89998.0,55.8,33.3,,,,,,,,,
2404696079.0,137,12,55.0,29,56.3,32.7,12,"{'value': 1, 'displayName': 'FirstHalf'}","{'value': 1, 'displayName': 'Pass'}","{'value': 1, 'displayName': 'Successful'}","[{'type': {'value': 56, 'displayName': 'Zone'}, 'value': 'Right'}, {'type': {'value': 178, 'displayName': 'StandingSave'}}, {'type': {'value': 213, 'displayName': 'Angle'}, 'value': '5.3'}, {'type': {'value': 141, 'displayName': 'PassEndY'}, 'value': '4.4'}, {'type': {'value': 140, 'displayName': 'PassEndX'}, 'value': '67.4'}, {'type': {'value': 212, 'displayName': 'Length'}, 'value': '22.5'}]","[91, 119, 117, 30, 205, 36, 38, 217, 218]",True,332325.0,67.4,4.4,,,,,,,,,
2404696217.0,138,12,57.0,29,67.4,4.4,12,"{'value': 1, 'displayName': 'FirstHalf'}","{'value': 1, 'displayName': 'Pass'}","{'value': 1, 'displayName': 'Successful'}","[{'type': {'value': 178, 'displayName': 'StandingSave'}}, {'type': {'value': 56, 'displayName': 'Zone'}, 'value': 'Right'}, {'type': {'value': 213, 'displayName': 'Angle'}, 'value': '2.4'}, {'type': {'value': 140, 'displayName': 'PassEndX'}, 'value': '63.3'}, {'type': {'value': 212, 'displayName': 'Length'}, 'value': '6.0'}, {'type': {'value': 141, 'displayName': 'PassEndY'}, 'value': '10.5'}]","[91, 119, 117, 30, 35, 37, 216, 218]",True,111372.0,63.3,10.5,,,,,,,,,
2404696241.0,139,13,2.0,29,68.5,30.8,13,"{'value': 1, 'displayName': 'FirstHalf'}","{'value': 1, 'displayName': 'Pass'}","{'value': 1, 'displayName': 'Successful'}","[{'type': {'value': 178, 'displayName': 'StandingSave'}}, {'type': {'value': 56, 'displayName': 'Zone'}, 'value': 'Center'}, {'type': {'value': 213, 'displayName': 'Angle'}, 'value': '0.7'}, {'type': {'value': 212, 'displayName': 'Length'}, 'value': '11.2'}, {'type': {'value': 140, 'displayName': 'PassEndX'}, 'value': '76.4'}, {'type': {'value': 141, 'displayName': 'PassEndY'}, 'value': '41.8'}]","[91, 119, 117, 30, 205, 36, 37, 217, 218]",True,89998.0,76.4,41.8,,,,,,,,,
2404696257.0,140,13,3.0,29,76.4,41.8,13,"{'value': 1, 'displayName': 'FirstHalf'}","{'value': 1, 'displayName': 'Pass'}","{'value': 0, 'displayName': 'Unsuccessful'}","[{'type': {'value': 212, 'displayName': 'Length'}, 'value': '5.8'}, {'type': {'value': 141, 'displayName': 'PassEndY'}, 'value': '33.3'}, {'type': {'value': 178, 'displayName': 'StandingSave'}}, {'type': {'value': 213, 'displayName': 'Angle'}, 'value': '4.8'}, {'type': {'value': 140, 'displayName': 'PassEndX'}, 'value': '76.8'}, {'type': {'value': 56, 'displayName': 'Zone'}, 'value': 'Center'}]","[91, 120, 29, 36, 38, 217, 218]",True,69517.0,76.8,33.3,,,,,,,,,
2404696291.0,101,13,3.0,189,24.7,66.5,13,"{'value': 1, 'displayName': 'FirstHalf'}","{'value': 8, 'displayName': 'Interception'}","{'value': 1, 'displayName': 'Successful'}","[{'type': {'value': 178, 'displayName': 'StandingSave'}}, {'type': {'value': 56, 'displayName': 'Zone'}, 'value': 'Back'}]","[91, 101, 56]",True,69344.0,,,,,,,,,,,
2404697269.0,110,13,4.0,189,19.2,62.7,13,"{'value': 1, 'displayName': 'FirstHalf'}","{'value': 1, 'displayName': 'Pass'}","{'value': 1, 'displayName': 'Successful'}","[{'type': {'value': 213, 'displayName': 'Angle'}, 'value': '3.0'}, {'type': {'value': 178, 'displayName': 'StandingSave'}}, {'type': {'value': 141, 'displayName': 'PassEndY'}, 'value': '65.3'}, {'type': {'value': 140, 'displayName': 'PassEndX'}, 'value': '4.6'}, {'type': {'value': 212, 'displayName': 'Length'}, 'value': '15.4'}, {'type': {'value': 56, 'displayName': 'Zone'}, 'value': 'Back'}]","[91, 117, 30, 35, 37, 215, 218]",True,101856.0,4.6,65.3,,,,,,,,,
2404696357.0,102,13,7.0,189,3.6,68.9,13,"{'value': 1, 'displayName': 'FirstHalf'}","{'value': 52, 'displayName': 'KeeperPickup'}","{'value': 1, 'displayName': 'Successful'}","[{'type': {'value': 178, 'displayName': 'StandingSave'}}]",[93],False,276366.0,,,,,,,,,,,
2404696603.0,103,13,15.0,189,10.3,56.7,13,"{'value': 1, 'displayName': 'FirstHalf'}","{'value': 1, 'displayName': 'Pass'}","{'value': 1, 'displayName': 'Successful'}","[{'type': {'value': 213, 'displayName': 'Angle'}, 'value': '1.2'}, {'type': {'value': 212, 'displayName': 'Length'}, 'value': '12.9'}, {'type': {'value': 141, 'displayName': 'PassEndY'}, 'value': '74.6'}, {'type': {'value': 56, 'displayName': 'Zone'}, 'value': 'Back'}, {'type': {'value': 140, 'displayName': 'PassEndX'}, 'value': '14.5'}, {'type': {'value': 178, 'displayName': 'StandingSave'}}, {'type': {'value': 123, 'displayName': 'KeeperThrow'}}]","[91, 36, 37, 215, 218]",True,276366.0,14.5,74.6,,,,,,,,,
2404696739.0,104,13,19.0,189,21.4,75.0,13,"{'value': 1, 'displayName': 'FirstHalf'}","{'value': 1, 'displayName': 'Pass'}","{'value': 1, 'displayName': 'Successful'}","[{'type': {'value': 140, 'displayName': 'PassEndX'}, 'value': '8.5'}, {'type': {'value': 56, 'displayName': 'Zone'}, 'value': 'Back'}, {'type': {'value': 212, 'displayName': 'Length'}, 'value': '19.6'}, {'type': {'value': 141, 'displayName': 'PassEndY'}, 'value': '54.2'}, {'type': {'value': 178, 'displayName': 'StandingSave'}}, {'type': {'value': 213, 'displayName': 'Angle'}, 'value': '3.9'}]","[91, 117, 30, 35, 38, 215, 218]",True,342499.0,8.5,54.2,,,,,,,,,
2404696775.0,105,13,25.0,189,7.8,50.7,13,"{'value': 1, 'displayName': 'FirstHalf'}","{'value': 1, 'displayName': 'Pass'}","{'value': 1, 'displayName': 'Successful'}","[{'type': {'value': 140, 'displayName': 'PassEndX'}, 'value': '14.1'}, {'type': {'value': 213, 'displayName': 'Angle'}, 'value': '5.0'}, {'type': {'value': 212, 'displayName': 'Length'}, 'value': '24.7'}, {'type': {'value': 56, 'displayName': 'Zone'}, 'value': 'Back'}, {'type': {'value': 178, 'displayName': 'StandingSave'}}, {'type': {'value': 141, 'displayName': 'PassEndY'}, 'value': '15.7'}]","[91, 117, 30, 36, 38, 215, 218]",True,276366.0,14.1,15.7,,,,,,,,,
2404696857.0,106,13,27.0,189,14.9,15.5,13,"{'value': 1, 'displayName': 'FirstHalf'}","{'value': 1, 'displayName': 'Pass'}","{'value': 1, 'displayName': 'Successful'}","[{'type': {'value': 140, 'displayName': 'PassEndX'}, 'value': '4.2'}, {'type': {'value': 213, 'displayName': 'Angle'}, 'value': '2.0'}, {'type': {'value': 56, 'displayName': 'Zone'}, 'value': 'Back'}, {'type': {'value': 212, 'displayName': 'Length'}, 'value': '28.2'}, {'type': {'value': 178, 'displayName': 'StandingSave'}}, {'type': {'value': 141, 'displayName': 'PassEndY'}, 'value': '53.6'}]","[91, 117, 30, 35, 37, 215, 218]",True,29026.0,4.2,53.6,,,,,,,,,
2404696935.0,107,13,30.0,189,4.7,53.6,13,"{'value': 1, 'displayName': 'FirstHalf'}","{'value': 1, 'displayName': 'Pass'}","{'value': 1, 'displayName': 'Successful'}","[{'type': {'value': 141, 'displayName': 'PassEndY'}, 'value': '65.9'}, {'type': {'value': 140, 'displayName': 'PassEndX'}, 'value': '20.9'}, {'type': {'value': 212, 'displayName': 'Length'}, 'value': '19.0'}, {'type': {'value': 56, 'displayName': 'Zone'}, 'value': 'Back'}, {'type': {'value': 178, 'displayName': 'StandingSave'}}, {'type': {'value': 213, 'displayName': 'Angle'}, 'value': '0.5'}]","[91, 117, 30, 36, 37, 215, 218]",True,276366.0,20.9,65.9,,,,,,,,,
2404696979.0,108,13,31.0,189,20.9,65.9,13,"{'value': 1, 'displayName': 'FirstHalf'}","{'value': 1, 'displayName': 'Pass'}","{'value': 0, 'displayName': 'Unsuccessful'}","[{'type': {'value': 155, 'displayName': 'Chipped'}}, {'type': {'value': 56, 'displayName': 'Zone'}, 'value': 'Back'}, {'type': {'value': 213, 'displayName': 'Angle'}, 'value': '5.1'}, {'type': {'value': 178, 'displayName': 'StandingSave'}}, {'type': {'value': 212, 'displayName': 'Length'}, 'value': '30.8'}, {'type': {'value': 140, 'displayName': 'PassEndX'}, 'value': '33.2'}, {'type': {'value': 141, 'displayName': 'PassEndY'}, 'value': '24.7'}]","[91, 118, 120, 29, 124, 36, 38, 215, 218]",True,69344.0,33.2,24.7,,,,,,,,,
2404697049.0,142,13,34.0,29,62.2,85.0,13,"{'value': 1, 'displayName': 'FirstHalf'}","{'value': 1, 'displayName': 'Pass'}","{'value': 0, 'displayName': 'Unsuccessful'}","[{'type': {'value': 141, 'displayName': 'PassEndY'}, 'value': '78.4'}, {'type': {'value': 56, 'displayName': 'Zone'}, 'value': 'Center'}, {'type': {'value': 3, 'displayName': 'HeadPass'}}, {'type': {'value': 213, 'displayName': 'Angle'}, 'value': '5.4'}, {'type': {'value': 212, 'displayName': 'Length'}, 'value': '5.7'}, {'type': {'value': 140, 'displayName': 'PassEndX'}, 'value': '65.5'}]","[91, 120, 29, 139, 36, 38, 216, 218]",True,297203.0,65.5,78.4,,,,,,,,,
2404697077.0,109,13,36.0,189,28.9,28.3,13,"{'value': 1, 'displayName': 'FirstHalf'}","{'value': 61, 'displayName': 'BallTouch'}","{'value': 1, 'displayName': 'Successful'}","[{'type': {'value': 21, 'displayName': 'OtherBodyPart'}}, {'type': {'value': 56, 'displayName': 'Zone'}, 'value': 'Back'}]",[91],True,298689.0,,,,,,,,,,,
2404697113.0,143,13,38.0,29,65.7,80.9,13,"{'value': 1, 'displayName': 'FirstHalf'}","{'value': 49, 'displayName': 'BallRecovery'}","{'value': 1, 'displayName': 'Successful'}",[],[93],False,89998.0,,,,,,,,,,,
2404697217.0,144,13,38.0,29,65.7,80.9,13,"{'value': 1, 'displayName': 'FirstHalf'}","{'value': 1, 'displayName': 'Pass'}","{'value': 1, 'displayName': 'Successful'}","[{'type': {'value': 212, 'displayName': 'Length'}, 'value': '11.3'}, {'type': {'value': 56, 'displayName': 'Zone'}, 'value': 'Center'}, {'type': {'value': 140, 'displayName': 'PassEndX'}, 'value': '55.1'}, {'type': {'value': 141, 'displayName': 'PassEndY'}, 'value': '77.8'}, {'type': {'value': 213, 'displayName': 'Angle'}, 'value': '3.3'}, {'type': {'value': 178, 'displayName': 'StandingSave'}}]","[91, 119, 117, 30, 35, 38, 216, 218]",True,89998.0,55.1,77.8,,,,,,,,,
2404697317.0,145,13,42.0,29,55.9,73.4,13,"{'value': 1, 'displayName': 'FirstHalf'}","{'value': 1, 'displayName': 'Pass'}","{'value': 0, 'displayName': 'Unsuccessful'}","[{'type': {'value': 140, 'displayName': 'PassEndX'}, 'value': '100.0'}, {'type': {'value': 178, 'displayName': 'StandingSave'}}, {'type': {'value': 155, 'displayName': 'Chipped'}}, {'type': {'value': 56, 'displayName': 'Zone'}, 'value': 'Right'}, {'type': {'value': 212, 'displayName': 'Length'}, 'value': '59.3'}, {'type': {'value': 141, 'displayName': 'PassEndY'}, 'value': '19.9'}, {'type': {'value': 213, 'displayName': 'Angle'}, 'value': '5.6'}, {'type': {'value': 1, 'displayName': 'Longball'}}]","[91, 120, 124, 128, 36, 38, 217, 218]",True,332325.0,100.0,19.9,,,,,,,,,
2404697889.0,112,14,1.0,189,4.4,53.0,14,"{'value': 1, 'displayName': 'FirstHalf'}","{'value': 1, 'displayName': 'Pass'}","{'value': 1, 'displayName': 'Successful'}","[{'type': {'value': 213, 'displayName': 'Angle'}, 'value': '4.8'}, {'type': {'value': 56, 'displayName': 'Zone'}, 'value': 'Back'}, {'type': {'value': 124, 'displayName': 'GoalKick'}}, {'type': {'value': 212, 'displayName': 'Length'}, 'value': '14.6'}, {'type': {'value': 141, 'displayName': 'PassEndY'}, 'value': '31.7'}, {'type': {'value': 140, 'displayName': 'PassEndX'}, 'value': '5.9'}]","[91, 117, 30, 36, 38, 215, 218]",True,276366.0,5.9,31.7,,,,,,,,,
2404697951.0,113,14,7.0,189,22.2,25.6,14,"{'value': 1, 'displayName': 'FirstHalf'}","{'value': 1, 'displayName': 'Pass'}","{'value': 1, 'displayName': 'Successful'}","[{'type': {'value': 141, 'displayName': 'PassEndY'}, 'value': '36.8'}, {'type': {'value': 140, 'displayName': 'PassEndX'}, 'value': '44.0'}, {'type': {'value': 212, 'displayName': 'Length'}, 'value': '24.1'}, {'type': {'value': 213, 'displayName': 'Angle'}, 'value': '0.3'}, {'type': {'value': 56, 'displayName': 'Zone'}, 'value': 'Back'}, {'type': {'value': 178, 'displayName': 'StandingSave'}}]","[91, 117, 30, 36, 37, 216, 218]",True,29026.0,44.0,36.8,,,,,,,,,
2404698019.0,114,14,8.0,189,43.9,35.6,14,"{'value': 1, 'displayName': 'FirstHalf'}","{'value': 1, 'displayName': 'Pass'}","{'value': 0, 'displayName': 'Unsuccessful'}","[{'type': {'value': 141, 'displayName': 'PassEndY'}, 'value': '28.6'}, {'type': {'value': 56, 'displayName': 'Zone'}, 'value': 'Center'}, {'type': {'value': 212, 'displayName': 'Length'}, 'value': '37.9'}, {'type': {'value': 155, 'displayName': 'Chipped'}}, {'type': {'value': 1, 'displayName': 'Longball'}}, {'type': {'value': 213, 'displayName': 'Angle'}, 'value': '6.2'}, {'type': {'value': 140, 'displayName': 'PassEndX'}, 'value': '79.7'}, {'type': {'value': 178, 'displayName': 'StandingSave'}}]","[91, 120, 124, 128, 36, 38, 217, 218]",True,134240.0,79.7,28.6,,,,,,,,,
2404698063.0,147,14,12.0,29,22.8,70.7,14,"{'value': 1, 'displayName': 'FirstHalf'}","{'value': 12, 'displayName': 'Clearance'}","{'value': 1, 'displayName': 'Successful'}","[{'type': {'value': 56, 'displayName': 'Zone'}, 'value': 'Back'}, {'type': {'value': 140, 'displayName': 'PassEndX'}, 'value': '18.4'}, {'type': {'value': 213, 'displayName': 'Angle'}, 'value': '2.0'}, {'type': {'value': 212, 'displayName': 'Length'}, 'value': '12.3'}, {'type': {'value': 141, 'displayName': 'PassEndY'}, 'value': '87.4'}, {'type': {'value': 178, 'displayName': 'StandingSave'}}]","[91, 94, 95, 215]",True,106086.0,18.4,87.4,,,,,,,,,
2404698069.0,148,14,15.0,29,18.4,87.4,14,"{'value': 1, 'displayName': 'FirstHalf'}","{'value': 49, 'displayName': 'BallRecovery'}","{'value': 1, 'displayName': 'Successful'}",[],[93],False,68049.0,,,,,,,,,,,
2404698149.0,149,14,16.0,29,18.7,88.6,14,"{'value': 1, 'displayName': 'FirstHalf'}","{'value': 1, 'displayName': 'Pass'}","{'value': 1, 'displayName': 'Successful'}","[{'type': {'value': 178, 'displayName': 'StandingSave'}}, {'type': {'value': 212, 'displayName': 'Length'}, 'value': '8.2'}, {'type': {'value': 141, 'displayName': 'PassEndY'}, 'value': '94.1'}, {'type': {'value': 213, 'displayName': 'Angle'}, 'value': '0.5'}, {'type': {'value': 56, 'displayName': 'Zone'}, 'value': 'Back'}, {'type': {'value': 140, 'displayName': 'PassEndX'}, 'value': '25.7'}]","[91, 117, 30, 36, 37, 215, 218]",True,68049.0,25.7,94.1,,,,,,,,,
2404698205.0,150,14,17.0,29,25.7,94.1,14,"{'value': 1, 'displayName': 'FirstHalf'}","{'value': 1, 'displayName': 'Pass'}","{'value': 1, 'displayName': 'Successful'}","[{'type': {'value': 178, 'displayName': 'StandingSave'}}, {'type': {'value': 56, 'displayName': 'Zone'}, 'value': 'Back'}, {'type': {'value': 213, 'displayName': 'Angle'}, 'value': '5.9'}, {'type': {'value': 140, 'displayName': 'PassEndX'}, 'value': '32.7'}, {'type': {'value': 212, 'displayName': 'Length'}, 'value': '7.9'}, {'type': {'value': 141, 'displayName': 'PassEndY'}, 'value': '89.7'}]","[91, 117, 30, 36, 38, 215, 218]",True,297203.0,32.7,89.7,,,,,,,,,
2404698249.0,151,14,20.0,29,32.7,89.7,14,"{'value': 1, 'displayName': 'FirstHalf'}","{'value': 1, 'displayName': 'Pass'}","{'value': 1, 'displayName': 'Successful'}","[{'type': {'value': 178, 'displayName': 'StandingSave'}}, {'type': {'value': 140, 'displayName': 'PassEndX'}, 'value': '30.4'}, {'type': {'value': 56, 'displayName': 'Zone'}, 'value': 'Back'}, {'type': {'value': 141, 'displayName': 'PassEndY'}, 'value': '79.2'}, {'type': {'value': 212, 'displayName': 'Length'}, 'value': '7.5'}, {'type': {'value': 213, 'displayName': 'Angle'}, 'value': '4.4'}]","[91, 117, 30, 35, 38, 215, 218]",True,89998.0,30.4,79.2,,,,,,,,,
2404698255.0,152,14,20.0,29,30.4,79.2,14,"{'value': 1, 'displayName': 'FirstHalf'}","{'value': 61, 'displayName': 'BallTouch'}","{'value': 0, 'displayName': 'Unsuccessful'}","[{'type': {'value': 178, 'displayName': 'StandingSave'}}, {'type': {'value': 56, 'displayName': 'Zone'}, 'value': 'Back'}]","[91, 69]",True,297203.0,,,,,,,,,,,
2404698261.0,115,14,21.0,189,70.9,17.0,14,"{'value': 1, 'displayName': 'FirstHalf'}","{'value': 49, 'displayName': 'BallRecovery'}","{'value': 1, 'displayName': 'Successful'}",[],[93],False,298689.0,,,,,,,,,,,
2404698335.0,116,14,22.0,189,71.2,15.7,14,"{'value': 1, 'displayName': 'FirstHalf'}","{'value': 1, 'displayName': 'Pass'}","{'value': 1, 'displayName': 'Successful'}","[{'type': {'value': 212, 'displayName': 'Length'}, 'value': '6.4'}, {'type': {'value': 178, 'displayName': 'StandingSave'}}, {'type': {'value': 213, 'displayName': 'Angle'}, 'value': '5.4'}, {'type': {'value': 141, 'displayName': 'PassEndY'}, 'value': '8.3'}, {'type': {'value': 56, 'displayName': 'Zone'}, 'value': 'Right'}, {'type': {'value': 140, 'displayName': 'PassEndX'}, 'value': '75.0'}]","[91, 119, 117, 30, 205, 36, 38, 217, 218]",True,298689.0,75.0,8.3,,,,,,,,,
2404698357.0,117,14,23.0,189,75.0,8.3,14,"{'value': 1, 'displayName': 'FirstHalf'}","{'value': 1, 'displayName': 'Pass'}","{'value': 1, 'displayName': 'Successful'}","[{'type': {'value': 178, 'displayName': 'StandingSave'}}, {'type': {'value': 213, 'displayName': 'Angle'}, 'value': '1.1'}, {'type': {'value': 56, 'displayName': 'Zone'}, 'value': 'Right'}, {'type': {'value': 140, 'displayName': 'PassEndX'}, 'value': '79.0'}, {'type': {'value': 212, 'displayName': 'Length'}, 'value': '8.6'}, {'type': {'value': 141, 'displayName': 'PassEndY'}, 'value': '19.3'}]","[91, 119, 117, 30, 205, 36, 37, 217, 218]",True,134240.0,79.0,19.3,,,,,,,,,
2404698379.0,118,14,24.0,189,79.0,19.3,14,"{'value': 1, 'displayName': 'FirstHalf'}","{'value': 1, 'displayName': 'Pass'}","{'value': 1, 'displayName': 'Successful'}","[{'type': {'value': 212, 'displayName': 'Length'}, 'value': '7.3'}, {'type': {'value': 213, 'displayName': 'Angle'}, 'value': '3.5'}, {'type': {'value': 141, 'displayName': 'PassEndY'}, 'value': '15.7'}, {'type': {'value': 56, 'displayName': 'Zone'}, 'value': 'Right'}, {'type': {'value': 140, 'displayName': 'PassEndX'}, 'value': '72.4'}, {'type': {'value': 178, 'displayName': 'StandingSave'}}]","[91, 119, 117, 30, 205, 35, 38, 217, 218]",True,298689.0,72.4,15.7,,,,,,,,,
2404698403.0,119,14,25.0,189,72.4,15.7,14,"{'value': 1, 'displayName': 'FirstHalf'}","{'value': 1, 'displayName': 'Pass'}","{'value': 1, 'displayName': 'Successful'}","[{'type': {'value': 140, 'displayName': 'PassEndX'}, 'value': '87.9'}, {'type': {'value': 213, 'displayName': 'Angle'}, 'value': '0.0'}, {'type': {'value': 141, 'displayName': 'PassEndY'}, 'value': '16.1'}, {'type': {'value': 56, 'displayName': 'Zone'}, 'value': 'Right'}, {'type': {'value': 212, 'displayName': 'Length'}, 'value': '16.3'}, {'type': {'value': 178, 'displayName': 'StandingSave'}}]","[91, 119, 117, 30, 205, 36, 37, 217, 218]",True,321085.0,87.9,16.1,,,,,,,,,
2404698447.0,120,14,27.0,189,89.2,17.6,14,"{'value': 1, 'displayName': 'FirstHalf'}","{'value': 1, 'displayName': 'Pass'}","{'value': 0, 'displayName': 'Unsuccessful'}","[{'type': {'value': 56, 'displayName': 'Zone'}, 'value': 'Center'}, {'type': {'value': 141, 'displayName': 'PassEndY'}, 'value': '34.3'}, {'type': {'value': 140, 'displayName': 'PassEndX'}, 'value': '77.6'}, {'type': {'value': 178, 'displayName': 'StandingSave'}}, {'type': {'value': 212, 'displayName': 'Length'}, 'value': '16.7'}, {'type': {'value': 213, 'displayName': 'Angle'}, 'value': '2.4'}]","[91, 120, 29, 35, 37, 217, 218]",True,298689.0,77.6,34.3,,,,,,,,,
2404698453.0,153,14,29.0,29,22.7,65.2,14,"{'value': 1, 'displayName': 'FirstHalf'}","{'value': 49, 'displayName': 'BallRecovery'}","{'value': 1, 'displayName': 'Successful'}",[],[93],False,143595.0,,,,,,,,,,,
2404698491.0,154,14,29.0,29,22.7,65.2,14,"{'value': 1, 'displayName': 'FirstHalf'}","{'value': 1, 'displayName': 'Pass'}","{'value': 1, 'displayName': 'Successful'}","[{'type': {'value': 213, 'displayName': 'Angle'}, 'value': '1.9'}, {'type': {'value': 178, 'displayName': 'StandingSave'}}, {'type': {'value': 141, 'displayName': 'PassEndY'}, 'value': '87.1'}, {'type': {'value': 212, 'displayName': 'Length'}, 'value': '16.0'}, {'type': {'value': 140, 'displayName': 'PassEndX'}, 'value': '17.1'}, {'type': {'value': 56, 'displayName': 'Zone'}, 'value': 'Back'}]","[91, 117, 30, 35, 37, 215, 218]",True,143595.0,17.1,87.1,,,,,,,,,
2404698597.0,155,14,31.0,29,17.1,87.1,14,"{'value': 1, 'displayName': 'FirstHalf'}","{'value': 1, 'displayName': 'Pass'}","{'value': 0, 'displayName': 'Unsuccessful'}","[{'type': {'value': 178, 'displayName': 'StandingSave'}}, {'type': {'value': 212, 'displayName': 'Length'}, 'value': '14.8'}, {'type': {'value': 141, 'displayName': 'PassEndY'}, 'value': '84.1'}, {'type': {'value': 140, 'displayName': 'PassEndX'}, 'value': '31.1'}, {'type': {'value': 213, 'displayName': 'Angle'}, 'value': '6.1'}, {'type': {'value': 56, 'displayName': 'Zone'}, 'value': 'Back'}]","[91, 118, 120, 29, 36, 38, 215, 218]",True,297203.0,31.1,84.1,,,,,,,,,
2404698559.0,121,14,34.0,189,65.3,11.2,14,"{'value': 1, 'displayName': 'FirstHalf'}","{'value': 49, 'displayName': 'BallRecovery'}","{'value': 1, 'displayName': 'Successful'}",[],[93],False,101856.0,,,,,,,,,,,
2404698665.0,122,14,35.0,189,65.3,11.5,14,"{'value': 1, 'displayName': 'FirstHalf'}","{'value': 1, 'displayName': 'Pass'}","{'value': 1, 'displayName': 'Successful'}","[{'type': {'value': 56, 'displayName': 'Zone'}, 'value': 'Center'}, {'type': {'value': 212, 'displayName': 'Length'}, 'value': '13.8'}, {'type': {'value': 141, 'displayName': 'PassEndY'}, 'value': '29.8'}, {'type': {'value': 178, 'displayName': 'StandingSave'}}, {'type': {'value': 140, 'displayName': 'PassEndX'}, 'value': '59.7'}, {'type': {'value': 213, 'displayName': 'Angle'}, 'value': '2.0'}]","[91, 119, 117, 30, 35, 37, 216, 218]",True,101856.0,59.7,29.8,,,,,,,,,
2404698733.0,123,14,38.0,189,58.8,33.2,14,"{'value': 1, 'displayName': 'FirstHalf'}","{'value': 1, 'displayName': 'Pass'}","{'value': 1, 'displayName': 'Successful'}","[{'type': {'value': 1, 'displayName': 'Longball'}}, {'type': {'value': 56, 'displayName': 'Zone'}, 'value': 'Left'}, {'type': {'value': 213, 'displayName': 'Angle'}, 'value': '1.3'}, {'type': {'value': 178, 'displayName': 'StandingSave'}}, {'type': {'value': 212, 'displayName': 'Length'}, 'value': '41.3'}, {'type': {'value': 140, 'displayName': 'PassEndX'}, 'value': '67.9'}, {'type': {'value': 141, 'displayName': 'PassEndY'}, 'value': '92.3'}]","[91, 119, 117, 127, 205, 36, 37, 217, 218]",True,69344.0,67.9,92.3,,,,,,,,,
2404698839.0,124,14,41.0,189,69.5,93.3,14,"{'value': 1, 'displayName': 'FirstHalf'}","{'value': 1, 'displayName': 'Pass'}","{'value': 1, 'displayName': 'Successful'}","[{'type': {'value': 210, 'displayName': 'ShotAssist'}, 'value': '15'}, {'type': {'value': 72, 'displayName': 'LeftFoot'}}, {'type': {'value': 212, 'displayName': 'Length'}, 'value': '31.1'}, {'type': {'value': 178, 'displayName': 'StandingSave'}}, {'type': {'value': 140, 'displayName': 'PassEndX'}, 'value': '85.0'}, {'type': {'value': 2, 'displayName': 'Cross'}}, {'type': {'value': 154, 'displayName': 'IntentionalAssist'}}, {'type': {'value': 141, 'displayName': 'PassEndY'}, 'value': '54.3'}, {'type': {'value': 213, 'displayName': 'Angle'}, 'value': '5.3'}, {'type': {'value': 56, 'displayName': 'Zone'}, 'value': 'Center'}, {'type': {'value': 155, 'displayName': 'Chipped'}}, {'type': {'value': 11113, 'displayName': 'KeyPass'}}]","[91, 119, 123, 138, 124, 125, 40, 41, 36, 38, 217, 218]",True,229562.0,85.0,54.3,,,,,,,,,
2404698849.0,125,14,43.0,189,84.8,53.4,14,"{'value': 1, 'displayName': 'FirstHalf'}","{'value': 15, 'displayName': 'SavedShot'}","{'value': 1, 'displayName': 'Successful'}","[{'type': {'value': 17, 'displayName': 'BoxCentre'}}, {'type': {'value': 103, 'displayName': 'GoalMouthZ'}, 'value': '18.4'}, {'type': {'value': 15, 'displayName': 'Head'}}, {'type': {'value': 146, 'displayName': 'BlockedX'}, 'value': '97.7'}, {'type': {'value': 78, 'displayName': 'LowCentre'}}, {'type': {'value': 55, 'displayName': 'RelatedEventId'}, 'value': '124'}, {'type': {'value': 56, 'displayName': 'Zone'}, 'value': 'Center'}, {'type': {'value': 29, 'displayName': 'Assisted'}}, {'type': {'value': 102, 'displayName': 'GoalMouthY'}, 'value': '50.7'}, {'type': {'value': 233, 'displayName': 'OppositeRelatedEvent'}, 'value': '156'}, {'type': {'value': 147, 'displayName': 'BlockedY'}, 'value': '50.2'}, {'type': {'value': 154, 'displayName': 'IntentionalAssist'}}, {'type': {'value': 22, 'displayName': 'RegularPlay'}}]","[91, 9, 10, 1, 3, 14]",True,353377.0,,,124.0,229562.0,97.7,50.2,18.4,50.7,True,,
2404698819.0,156,14,44.0,29,2.2,49.4,14,"{'value': 1, 'displayName': 'FirstHalf'}","{'value': 10, 'displayName': 'Save'}","{'value': 1, 'displayName': 'Successful'}","[{'type': {'value': 182, 'displayName': 'Hands'}}, {'type': {'value': 56, 'displayName': 'Zone'}, 'value': 'Back'}, {'type': {'value': 178, 'displayName': 'StandingSave'}}, {'type': {'value': 233, 'displayName': 'OppositeRelatedEvent'}, 'value': '125'}, {'type': {'value': 177, 'displayName': 'Collected'}}, {'type': {'value': 11115, 'displayName': 'KeeperSaveInTheBox'}}]","[91, 110, 113, 112, 77, 79, 84, 81]",True,20973.0,,,,,,,,,,,
2404698859.0,157,14,44.0,29,2.2,49.4,14,"{'value': 1, 'displayName': 'FirstHalf'}","{'value': 52, 'displayName': 'KeeperPickup'}","{'value': 1, 'displayName': 'Successful'}","[{'type': {'value': 178, 'displayName': 'StandingSave'}}]",[93],False,20973.0,,,,,,,,,,,
2404699349.0,158,15,2.0,29,14.7,52.7,15,"{'value': 1, 'displayName': 'FirstHalf'}","{'value': 1, 'displayName': 'Pass'}","{'value': 1, 'displayName': 'Successful'}","[{'type': {'value': 140, 'displayName': 'PassEndX'}, 'value': '57.2'}, {'type': {'value': 56, 'displayName': 'Zone'}, 'value': 'Center'}, {'type': {'value': 141, 'displayName': 'PassEndY'}, 'value': '69.5'}, {'type': {'value': 1, 'displayName': 'Longball'}}, {'type': {'value': 212, 'displayName': 'Length'}, 'value': '46.1'}, {'type': {'value': 213, 'displayName': 'Angle'}, 'value': '0.3'}]","[91, 119, 117, 127, 36, 37, 216, 218]",True,20973.0,57.2,69.5,,,,,,,,,
2404699371.0,159,15,6.0,29,57.2,69.5,15,"{'value': 1, 'displayName': 'FirstHalf'}","{'value': 1, 'displayName': 'Pass'}","{'value': 1, 'displayName': 'Successful'}","[{'type': {'value': 212, 'displayName': 'Length'}, 'value': '5.7'}, {'type': {'value': 213, 'displayName': 'Angle'}, 'value': '3.7'}, {'type': {'value': 141, 'displayName': 'PassEndY'}, 'value': '65.4'}, {'type': {'value': 140, 'displayName': 'PassEndX'}, 'value': '52.5'}, {'type': {'value': 156, 'displayName': 'LayOff'}}, {'type': {'value': 178, 'displayName': 'StandingSave'}}, {'type': {'value': 56, 'displayName': 'Zone'}, 'value': 'Center'}]","[91, 119, 117, 30, 35, 38, 216, 218]",True,69517.0,52.5,65.4,,,,,,,,,
2404699459.0,160,15,7.0,29,52.5,65.4,15,"{'value': 1, 'displayName': 'FirstHalf'}","{'value': 1, 'displayName': 'Pass'}","{'value': 1, 'displayName': 'Successful'}","[{'type': {'value': 212, 'displayName': 'Length'}, 'value': '6.3'}, {'type': {'value': 178, 'displayName': 'StandingSave'}}, {'type': {'value': 141, 'displayName': 'PassEndY'}, 'value': '60.8'}, {'type': {'value': 56, 'displayName': 'Zone'}, 'value': 'Back'}, {'type': {'value': 213, 'displayName': 'Angle'}, 'value': '3.7'}, {'type': {'value': 140, 'displayName': 'PassEndX'}, 'value': '47.3'}]","[91, 117, 30, 35, 38, 216, 218]",True,89998.0,47.3,60.8,,,,,,,,,
2404699589.0,161,15,11.0,29,47.1,59.4,15,"{'value': 1, 'displayName': 'FirstHalf'}","{'value': 1, 'displayName': 'Pass'}","{'value': 1, 'displayName': 'Successful'}","[{'type': {'value': 212, 'displayName': 'Length'}, 'value': '48.1'}, {'type': {'value': 141, 'displayName': 'PassEndY'}, 'value': '4.7'}, {'type': {'value': 56, 'displayName': 'Zone'}, 'value': 'Right'}, {'type': {'value': 213, 'displayName': 'Angle'}, 'value': '5.4'}, {'type': {'value': 140, 'displayName': 'PassEndX'}, 'value': '76.1'}, {'type': {'value': 1, 'displayName': 'Longball'}}, {'type': {'value': 178, 'displayName': 'StandingSave'}}, {'type': {'value': 155, 'displayName': 'Chipped'}}]","[91, 119, 117, 124, 127, 205, 36, 38, 217, 218]",True,143595.0,76.1,4.7,,,,,,,,,
2404699597.0,162,15,14.0,29,80.6,4.7,15,"{'value': 1, 'displayName': 'FirstHalf'}","{'value': 61, 'displayName': 'BallTouch'}","{'value': 0, 'displayName': 'Unsuccessful'}","[{'type': {'value': 15, 'displayName': 'Head'}}, {'type': {'value': 178, 'displayName': 'StandingSave'}}, {'type': {'value': 56, 'displayName': 'Zone'}, 'value': 'Right'}]","[91, 69]",True,111372.0,,,,,,,,,,,
2404699625.0,126,15,17.0,189,2.9,95.1,15,"{'value': 1, 'displayName': 'FirstHalf'}","{'value': 61, 'displayName': 'BallTouch'}","{'value': 1, 'displayName': 'Successful'}","[{'type': {'value': 178, 'displayName': 'StandingSave'}}, {'type': {'value': 56, 'displayName': 'Zone'}, 'value': 'Back'}, {'type': {'value': 21, 'displayName': 'OtherBodyPart'}}]",[91],True,229562.0,,,,,,,,,,,
2404699869.0,164,15,27.0,29,89.3,0.0,15,"{'value': 1, 'displayName': 'FirstHalf'}","{'value': 1, 'displayName': 'Pass'}","{'value': 1, 'displayName': 'Successful'}","[{'type': {'value': 213, 'displayName': 'Angle'}, 'value': '3.0'}, {'type': {'value': 1, 'displayName': 'Longball'}}, {'type': {'value': 212, 'displayName': 'Length'}, 'value': '23.5'}, {'type': {'value': 140, 'displayName': 'PassEndX'}, 'value': '67.3'}, {'type': {'value': 107, 'displayName': 'ThrowIn'}}, {'type': {'value': 56, 'displayName': 'Zone'}, 'value': 'Right'}, {'type': {'value': 141, 'displayName': 'PassEndY'}, 'value': '5.0'}]","[91, 212, 35, 37, 217]",True,111372.0,67.3,5.0,,,,,,,,,
2404699889.0,165,15,30.0,29,65.6,5.6,15,"{'value': 1, 'displayName': 'FirstHalf'}","{'value': 1, 'displayName': 'Pass'}","{'value': 1, 'displayName': 'Successful'}","[{'type': {'value': 141, 'displayName': 'PassEndY'}, 'value': '1.8'}, {'type': {'value': 56, 'displayName': 'Zone'}, 'value': 'Right'}, {'type': {'value': 140, 'displayName': 'PassEndX'}, 'value': '77.2'}, {'type': {'value': 212, 'displayName': 'Length'}, 'value': '12.5'}, {'type': {'value': 178, 'displayName': 'StandingSave'}}, {'type': {'value': 213, 'displayName': 'Angle'}, 'value': '6.1'}]","[91, 119, 117, 30, 205, 36, 38, 217, 218]",True,73063.0,77.2,1.8,,,,,,,,,
2404699953.0,166,15,32.0,29,77.9,2.4,15,"{'value': 1, 'displayName': 'FirstHalf'}","{'value': 1, 'displayName': 'Pass'}","{'value': 1, 'displayName': 'Successful'}","[{'type': {'value': 140, 'displayName': 'PassEndX'}, 'value': '70.1'}, {'type': {'value': 213, 'displayName': 'Angle'}, 'value': '2.7'}, {'type': {'value': 141, 'displayName': 'PassEndY'}, 'value': '8.2'}, {'type': {'value': 56, 'displayName': 'Zone'}, 'value': 'Right'}, {'type': {'value': 212, 'displayName': 'Length'}, 'value': '9.1'}, {'type': {'value': 178, 'displayName': 'StandingSave'}}]","[91, 119, 117, 30, 205, 35, 37, 217, 218]",True,111372.0,70.1,8.2,,,,,,,,,
2404700011.0,167,15,35.0,29,69.8,8.6,15,"{'value': 1, 'displayName': 'FirstHalf'}","{'value': 1, 'displayName': 'Pass'}","{'value': 1, 'displayName': 'Successful'}","[{'type': {'value': 56, 'displayName': 'Zone'}, 'value': 'Right'}, {'type': {'value': 212, 'displayName': 'Length'}, 'value': '9.1'}, {'type': {'value': 213, 'displayName': 'Angle'}, 'value': '2.6'}, {'type': {'value': 141, 'displayName': 'PassEndY'}, 'value': '15.5'}, {'type': {'value': 178, 'displayName': 'StandingSave'}}, {'type': {'value': 140, 'displayName': 'PassEndX'}, 'value': '62.4'}]","[91, 119, 117, 30, 35, 37, 216, 218]",True,89998.0,62.4,15.5,,,,,,,,,
2404700131.0,168,15,38.0,29,61.6,15.6,15,"{'value': 1, 'displayName': 'FirstHalf'}","{'value': 1, 'displayName': 'Pass'}","{'value': 1, 'displayName': 'Successful'}","[{'type': {'value': 178, 'displayName': 'StandingSave'}}, {'type': {'value': 213, 'displayName': 'Angle'}, 'value': '5.4'}, {'type': {'value': 56, 'displayName': 'Zone'}, 'value': 'Right'}, {'type': {'value': 212, 'displayName': 'Length'}, 'value': '7.1'}, {'type': {'value': 140, 'displayName': 'PassEndX'}, 'value': '66.1'}, {'type': {'value': 141, 'displayName': 'PassEndY'}, 'value': '7.9'}]","[91, 119, 117, 30, 36, 38, 216, 218]",True,73063.0,66.1,7.9,,,,,,,,,
2404700183.0,169,15,42.0,29,65.0,30.2,15,"{'value': 1, 'displayName': 'FirstHalf'}","{'value': 1, 'displayName': 'Pass'}","{'value': 1, 'displayName': 'Successful'}","[{'type': {'value': 178, 'displayName': 'StandingSave'}}, {'type': {'value': 140, 'displayName': 'PassEndX'}, 'value': '55.5'}, {'type': {'value': 56, 'displayName': 'Zone'}, 'value': 'Center'}, {'type': {'value': 212, 'displayName': 'Length'}, 'value': '13.5'}, {'type': {'value': 141, 'displayName': 'PassEndY'}, 'value': '43.6'}, {'type': {'value': 213, 'displayName': 'Angle'}, 'value': '2.4'}]","[91, 119, 117, 30, 35, 37, 216, 218]",True,89998.0,55.5,43.6,,,,,,,,,
2404700233.0,170,15,44.0,29,55.6,45.7,15,"{'value': 1, 'displayName': 'FirstHalf'}","{'value': 1, 'displayName': 'Pass'}","{'value': 1, 'displayName': 'Successful'}","[{'type': {'value': 213, 'displayName': 'Angle'}, 'value': '1.6'}, {'type': {'value': 212, 'displayName': 'Length'}, 'value': '14.8'}, {'type': {'value': 140, 'displayName': 'PassEndX'}, 'value': '55.3'}, {'type': {'value': 141, 'displayName': 'PassEndY'}, 'value': '67.5'}, {'type': {'value': 178, 'displayName': 'StandingSave'}}, {'type': {'value': 56, 'displayName': 'Zone'}, 'value': 'Center'}]","[91, 119, 117, 30, 35, 37, 216, 218]",True,332325.0,55.3,67.5,,,,,,,,,
2404700303.0,171,15,47.0,29,55.1,68.5,15,"{'value': 1, 'displayName': 'FirstHalf'}","{'value': 1, 'displayName': 'Pass'}","{'value': 1, 'displayName': 'Successful'}","[{'type': {'value': 141, 'displayName': 'PassEndY'}, 'value': '55.5'}, {'type': {'value': 212, 'displayName': 'Length'}, 'value': '10.0'}, {'type': {'value': 213, 'displayName': 'Angle'}, 'value': '5.2'}, {'type': {'value': 140, 'displayName': 'PassEndX'}, 'value': '59.6'}, {'type': {'value': 178, 'displayName': 'StandingSave'}}, {'type': {'value': 56, 'displayName': 'Zone'}, 'value': 'Center'}]","[91, 119, 117, 30, 36, 38, 216, 218]",True,106086.0,59.6,55.5,,,,,,,,,
2404700375.0,172,15,50.0,29,46.6,51.5,15,"{'value': 1, 'displayName': 'FirstHalf'}","{'value': 1, 'displayName': 'Pass'}","{'value': 1, 'displayName': 'Successful'}","[{'type': {'value': 178, 'displayName': 'StandingSave'}}, {'type': {'value': 140, 'displayName': 'PassEndX'}, 'value': '40.2'}, {'type': {'value': 56, 'displayName': 'Zone'}, 'value': 'Back'}, {'type': {'value': 213, 'displayName': 'Angle'}, 'value': '4.3'}, {'type': {'value': 141, 'displayName': 'PassEndY'}, 'value': '29.9'}, {'type': {'value': 212, 'displayName': 'Length'}, 'value': '16.2'}]","[91, 117, 30, 35, 38, 216, 218]",True,89998.0,40.2,29.9,,,,,,,,,
2404700479.0,173,15,53.0,29,41.6,23.4,15,"{'value': 1, 'displayName': 'FirstHalf'}","{'value': 1, 'displayName': 'Pass'}","{'value': 1, 'displayName': 'Successful'}","[{'type': {'value': 213, 'displayName': 'Angle'}, 'value': '5.5'}, {'type': {'value': 212, 'displayName': 'Length'}, 'value': '18.8'}, {'type': {'value': 56, 'displayName': 'Zone'}, 'value': 'Right'}, {'type': {'value': 178, 'displayName': 'StandingSave'}}, {'type': {'value': 141, 'displayName': 'PassEndY'}, 'value': '4.1'}, {'type': {'value': 140, 'displayName': 'PassEndX'}, 'value': '54.4'}]","[91, 119, 117, 30, 36, 38, 216, 218]",True,332325.0,54.4,4.1,,,,,,,,,
2404700537.0,174,15,57.0,29,54.9,4.2,15,"{'value': 1, 'displayName': 'FirstHalf'}","{'value': 1, 'displayName': 'Pass'}","{'value': 1, 'displayName': 'Successful'}","[{'type': {'value': 212, 'displayName': 'Length'}, 'value': '14.3'}, {'type': {'value': 141, 'displayName': 'PassEndY'}, 'value': '7.6'}, {'type': {'value': 56, 'displayName': 'Zone'}, 'value': 'Back'}, {'type': {'value': 140, 'displayName': 'PassEndX'}, 'value': '41.5'}, {'type': {'value': 213, 'displayName': 'Angle'}, 'value': '3.0'}, {'type': {'value': 178, 'displayName': 'StandingSave'}}]","[91, 117, 30, 35, 37, 216, 218]",True,111372.0,41.5,7.6,,,,,,,,,
2404700585.0,175,15,59.0,29,41.1,9.4,15,"{'value': 1, 'displayName': 'FirstHalf'}","{'value': 1, 'displayName': 'Pass'}","{'value': 1, 'displayName': 'Successful'}","[{'type': {'value': 212, 'displayName': 'Length'}, 'value': '12.2'}, {'type': {'value': 56, 'displayName': 'Zone'}, 'value': 'Back'}, {'type': {'value': 141, 'displayName': 'PassEndY'}, 'value': '27.2'}, {'type': {'value': 140, 'displayName': 'PassEndX'}, 'value': '39.4'}, {'type': {'value': 213, 'displayName': 'Angle'}, 'value': '1.7'}, {'type': {'value': 178, 'displayName': 'StandingSave'}}]","[91, 117, 30, 35, 37, 216, 218]",True,73063.0,39.4,27.2,,,,,,,,,
2404700621.0,176,16,1.0,29,39.4,28.3,16,"{'value': 1, 'displayName': 'FirstHalf'}","{'value': 1, 'displayName': 'Pass'}","{'value': 1, 'displayName': 'Successful'}","[{'type': {'value': 213, 'displayName': 'Angle'}, 'value': '5.8'}, {'type': {'value': 212, 'displayName': 'Length'}, 'value': '6.8'}, {'type': {'value': 141, 'displayName': 'PassEndY'}, 'value': '23.4'}, {'type': {'value': 178, 'displayName': 'StandingSave'}}, {'type': {'value': 56, 'displayName': 'Zone'}, 'value': 'Back'}, {'type': {'value': 140, 'displayName': 'PassEndX'}, 'value': '45.1'}]","[91, 117, 30, 36, 38, 216, 218]",True,332325.0,45.1,23.4,,,,,,,,,
2404700709.0,177,16,3.0,29,44.6,24.8,16,"{'value': 1, 'displayName': 'FirstHalf'}","{'value': 1, 'displayName': 'Pass'}","{'value': 1, 'displayName': 'Successful'}","[{'type': {'value': 140, 'displayName': 'PassEndX'}, 'value': '36.0'}, {'type': {'value': 141, 'displayName': 'PassEndY'}, 'value': '40.1'}, {'type': {'value': 213, 'displayName': 'Angle'}, 'value': '2.3'}, {'type': {'value': 212, 'displayName': 'Length'}, 'value': '13.8'}, {'type': {'value': 56, 'displayName': 'Zone'}, 'value': 'Back'}, {'type': {'value': 178, 'displayName': 'StandingSave'}}]","[91, 117, 30, 35, 37, 216, 218]",True,89998.0,36.0,40.1,,,,,,,,,
2404700735.0,178,16,6.0,29,35.8,47.1,16,"{'value': 1, 'displayName': 'FirstHalf'}","{'value': 1, 'displayName': 'Pass'}","{'value': 0, 'displayName': 'Unsuccessful'}","[{'type': {'value': 178, 'displayName': 'StandingSave'}}, {'type': {'value': 213, 'displayName': 'Angle'}, 'value': '0.3'}, {'type': {'value': 56, 'displayName': 'Zone'}, 'value': 'Center'}, {'type': {'value': 140, 'displayName': 'PassEndX'}, 'value': '56.4'}, {'type': {'value': 212, 'displayName': 'Length'}, 'value': '22.6'}, {'type': {'value': 141, 'displayName': 'PassEndY'}, 'value': '56.7'}]","[91, 120, 29, 36, 37, 216, 218]",True,332325.0,56.4,56.7,,,,,,,,,
2404700751.0,128,16,7.0,189,46.4,44.1,16,"{'value': 1, 'displayName': 'FirstHalf'}","{'value': 8, 'displayName': 'Interception'}","{'value': 1, 'displayName': 'Successful'}","[{'type': {'value': 56, 'displayName': 'Zone'}, 'value': 'Back'}]","[91, 101, 56]",True,101856.0,,,,,,,,,,,
2404700781.0,129,16,9.0,189,58.2,36.1,16,"{'value': 1, 'displayName': 'FirstHalf'}","{'value': 49, 'displayName': 'BallRecovery'}","{'value': 1, 'displayName': 'Successful'}",[],[93],False,353377.0,,,,,,,,,,,
2404700931.0,130,16,14.0,189,73.4,32.3,16,"{'value': 1, 'displayName': 'FirstHalf'}","{'value': 1, 'displayName': 'Pass'}","{'value': 1, 'displayName': 'Successful'}","[{'type': {'value': 141, 'displayName': 'PassEndY'}, 'value': '57.9'}, {'type': {'value': 212, 'displayName': 'Length'}, 'value': '17.4'}, {'type': {'value': 178, 'displayName': 'StandingSave'}}, {'type': {'value': 140, 'displayName': 'PassEndX'}, 'value': '72.7'}, {'type': {'value': 213, 'displayName': 'Angle'}, 'value': '1.6'}, {'type': {'value': 56, 'displayName': 'Zone'}, 'value': 'Center'}]","[91, 119, 117, 30, 205, 35, 37, 217, 218]",True,353377.0,72.7,57.9,,,,,,,,,
2404700983.0,131,16,17.0,189,72.5,55.8,16,"{'value': 1, 'displayName': 'FirstHalf'}","{'value': 1, 'displayName': 'Pass'}","{'value': 1, 'displayName': 'Successful'}","[{'type': {'value': 212, 'displayName': 'Length'}, 'value': '19.7'}, {'type': {'value': 213, 'displayName': 'Angle'}, 'value': '5.4'}, {'type': {'value': 141, 'displayName': 'PassEndY'}, 'value': '34.3'}, {'type': {'value': 140, 'displayName': 'PassEndX'}, 'value': '85.1'}, {'type': {'value': 178, 'displayName': 'StandingSave'}}, {'type': {'value': 56, 'displayName': 'Zone'}, 'value': 'Center'}]","[91, 119, 117, 30, 205, 36, 38, 217, 218]",True,69344.0,85.1,34.3,,,,,,,,,
2404701003.0,132,16,18.0,189,85.1,34.3,16,"{'value': 1, 'displayName': 'FirstHalf'}","{'value': 61, 'displayName': 'BallTouch'}","{'value': 0, 'displayName': 'Unsuccessful'}","[{'type': {'value': 178, 'displayName': 'StandingSave'}}, {'type': {'value': 56, 'displayName': 'Zone'}, 'value': 'Center'}]","[91, 69]",True,353377.0,,,,,,,,,,,
2404700993.0,179,16,18.0,29,14.4,63.2,16,"{'value': 1, 'displayName': 'FirstHalf'}","{'value': 61, 'displayName': 'BallTouch'}","{'value': 1, 'displayName': 'Successful'}","[{'type': {'value': 56, 'displayName': 'Zone'}, 'value': 'Back'}, {'type': {'value': 178, 'displayName': 'StandingSave'}}]",[91],True,68049.0,,,,,,,,,,,
2404701023.0,133,16,19.0,189,85.8,37.3,16,"{'value': 1, 'displayName': 'FirstHalf'}","{'value': 1, 'displayName': 'Pass'}","{'value': 0, 'displayName': 'Unsuccessful'}","[{'type': {'value': 141, 'displayName': 'PassEndY'}, 'value': '32.3'}, {'type': {'value': 140, 'displayName': 'PassEndX'}, 'value': '93.3'}, {'type': {'value': 212, 'displayName': 'Length'}, 'value': '8.6'}, {'type': {'value': 213, 'displayName': 'Angle'}, 'value': '5.9'}, {'type': {'value': 56, 'displayName': 'Zone'}, 'value': 'Center'}, {'type': {'value': 178, 'displayName': 'StandingSave'}}]","[91, 120, 29, 36, 38, 217, 218]",True,298689.0,93.3,32.3,,,,,,,,,
2404701051.0,180,16,20.0,29,8.2,61.1,16,"{'value': 1, 'displayName': 'FirstHalf'}","{'value': 12, 'displayName': 'Clearance'}","{'value': 1, 'displayName': 'Successful'}","[{'type': {'value': 212, 'displayName': 'Length'}, 'value': '28.1'}, {'type': {'value': 213, 'displayName': 'Angle'}, 'value': '1.4'}, {'type': {'value': 140, 'displayName': 'PassEndX'}, 'value': '11.7'}, {'type': {'value': 141, 'displayName': 'PassEndY'}, 'value': '100.0'}, {'type': {'value': 56, 'displayName': 'Zone'}, 'value': 'Back'}, {'type': {'value': 178, 'displayName': 'StandingSave'}}]","[91, 94, 95, 215]",True,106086.0,11.7,100.0,,,,,,,,,
2404701961.0,135,16,55.0,189,88.8,0.0,16,"{'value': 1, 'displayName': 'FirstHalf'}","{'value': 1, 'displayName': 'Pass'}","{'value': 1, 'displayName': 'Successful'}","[{'type': {'value': 141, 'displayName': 'PassEndY'}, 'value': '16.1'}, {'type': {'value': 56, 'displayName': 'Zone'}, 'value': 'Right'}, {'type': {'value': 213, 'displayName': 'Angle'}, 'value': '1.3'}, {'type': {'value': 107, 'displayName': 'ThrowIn'}}, {'type': {'value': 212, 'displayName': 'Length'}, 'value': '12.2'}, {'type': {'value': 140, 'displayName': 'PassEndX'}, 'value': '91.7'}]","[91, 212, 36, 37, 217]",True,29026.0,91.7,16.1,,,,,,,,,
2404701975.0,136,16,58.0,189,96.3,14.2,16,"{'value': 1, 'displayName': 'FirstHalf'}","{'value': 1, 'displayName': 'Pass'}","{'value': 0, 'displayName': 'Unsuccessful'}","[{'type': {'value': 140, 'displayName': 'PassEndX'}, 'value': '95.6'}, {'type': {'value': 213, 'displayName': 'Angle'}, 'value': '1.8'}, {'type': {'value': 141, 'displayName': 'PassEndY'}, 'value': '18.5'}, {'type': {'value': 56, 'displayName': 'Zone'}, 'value': 'Right'}, {'type': {'value': 20, 'displayName': 'RightFoot'}}, {'type': {'value': 155, 'displayName': 'Chipped'}}, {'type': {'value': 212, 'displayName': 'Length'}, 'value': '3.0'}, {'type': {'value': 178, 'displayName': 'StandingSave'}}, {'type': {'value': 2, 'displayName': 'Cross'}}]","[91, 137, 124, 126, 35, 37, 217, 218]",True,134240.0,95.6,18.5,,,,,,,,,
2404702005.0,182,16,59.0,29,4.7,84.5,16,"{'value': 1, 'displayName': 'FirstHalf'}","{'value': 61, 'displayName': 'BallTouch'}","{'value': 1, 'displayName': 'Successful'}","[{'type': {'value': 56, 'displayName': 'Zone'}, 'value': 'Back'}]",[91],True,68049.0,,,,,,,,,,,
2404702073.0,137,17,0.0,189,95.6,34.4,17,"{'value': 1, 'displayName': 'FirstHalf'}","{'value': 44, 'displayName': 'Aerial'}","{'value': 1, 'displayName': 'Successful'}","[{'type': {'value': 286, 'displayName': 'Offensive'}}, {'type': {'value': 233, 'displayName': 'OppositeRelatedEvent'}, 'value': '183'}, {'type': {'value': 56, 'displayName': 'Zone'}, 'value': 'Center'}]","[197, 199]",False,321085.0,,,,,,,,,,,
2404702035.0,183,17,0.0,29,4.4,65.6,17,"{'value': 1, 'displayName': 'FirstHalf'}","{'value': 44, 'displayName': 'Aerial'}","{'value': 0, 'displayName': 'Unsuccessful'}","[{'type': {'value': 233, 'displayName': 'OppositeRelatedEvent'}, 'value': '137'}, {'type': {'value': 56, 'displayName': 'Zone'}, 'value': 'Back'}, {'type': {'value': 285, 'displayName': 'Defensive'}}]","[198, 200]",False,106086.0,,,,,,,,,,,
2404703231.0,144,17,0.0,189,96.0,34.2,17,"{'value': 1, 'displayName': 'FirstHalf'}","{'value': 1, 'displayName': 'Pass'}","{'value': 0, 'displayName': 'Unsuccessful'}","[{'type': {'value': 213, 'displayName': 'Angle'}, 'value': '1.7'}, {'type': {'value': 21, 'displayName': 'OtherBodyPart'}}, {'type': {'value': 56, 'displayName': 'Zone'}, 'value': 'Center'}, {'type': {'value': 212, 'displayName': 'Length'}, 'value': '1.2'}, {'type': {'value': 140, 'displayName': 'PassEndX'}, 'value': '95.9'}, {'type': {'value': 141, 'displayName': 'PassEndY'}, 'value': '35.9'}]","[91, 120, 29, 35, 37, 217, 218]",True,321085.0,95.9,35.9,,,,,,,,,
2404702191.0,184,17,3.0,29,1.7,71.1,17,"{'value': 1, 'displayName': 'FirstHalf'}","{'value': 12, 'displayName': 'Clearance'}","{'value': 1, 'displayName': 'Successful'}","[{'type': {'value': 178, 'displayName': 'StandingSave'}}, {'type': {'value': 212, 'displayName': 'Length'}, 'value': '25.9'}, {'type': {'value': 213, 'displayName': 'Angle'}, 'value': '0.9'}, {'type': {'value': 141, 'displayName': 'PassEndY'}, 'value': '100.0'}, {'type': {'value': 56, 'displayName': 'Zone'}, 'value': 'Back'}, {'type': {'value': 140, 'displayName': 'PassEndX'}, 'value': '16.4'}]","[91, 94, 95, 215]",True,106086.0,16.4,100.0,,,,,,,,,
2404702889.0,139,17,40.0,189,91.5,0.0,17,"{'value': 1, 'displayName': 'FirstHalf'}","{'value': 1, 'displayName': 'Pass'}","{'value': 1, 'displayName': 'Successful'}","[{'type': {'value': 212, 'displayName': 'Length'}, 'value': '21.2'}, {'type': {'value': 213, 'displayName': 'Angle'}, 'value': '1.5'}, {'type': {'value': 141, 'displayName': 'PassEndY'}, 'value': '29.8'}, {'type': {'value': 107, 'displayName': 'ThrowIn'}}, {'type': {'value': 140, 'displayName': 'PassEndX'}, 'value': '92.5'}, {'type': {'value': 56, 'displayName': 'Zone'}, 'value': 'Center'}]","[91, 212, 36, 37, 217]",True,29026.0,92.5,29.8,,,,,,,,,
2404702897.0,140,17,42.0,189,90.6,39.2,17,"{'value': 1, 'displayName': 'FirstHalf'}","{'value': 44, 'displayName': 'Aerial'}","{'value': 1, 'displayName': 'Successful'}","[{'type': {'value': 233, 'displayName': 'OppositeRelatedEvent'}, 'value': '196'}, {'type': {'value': 286, 'displayName': 'Offensive'}}, {'type': {'value': 56, 'displayName': 'Zone'}, 'value': 'Center'}]","[197, 199]",False,134240.0,,,,,,,,,,,
2404703899.0,196,17,42.0,29,9.4,60.8,17,"{'value': 1, 'displayName': 'FirstHalf'}","{'value': 44, 'displayName': 'Aerial'}","{'value': 0, 'displayName': 'Unsuccessful'}","[{'type': {'value': 285, 'displayName': 'Defensive'}}, {'type': {'value': 56, 'displayName': 'Zone'}, 'value': 'Back'}, {'type': {'value': 233, 'displayName': 'OppositeRelatedEvent'}, 'value': '140'}]","[198, 200]",False,68049.0,,,,,,,,,,,
2404702929.0,141,17,42.0,189,92.5,29.8,17,"{'value': 1, 'displayName': 'FirstHalf'}","{'value': 1, 'displayName': 'Pass'}","{'value': 1, 'displayName': 'Successful'}","[{'type': {'value': 141, 'displayName': 'PassEndY'}, 'value': '42.7'}, {'type': {'value': 3, 'displayName': 'HeadPass'}}, {'type': {'value': 140, 'displayName': 'PassEndX'}, 'value': '92.3'}, {'type': {'value': 213, 'displayName': 'Angle'}, 'value': '1.6'}, {'type': {'value': 56, 'displayName': 'Zone'}, 'value': 'Center'}, {'type': {'value': 212, 'displayName': 'Length'}, 'value': '8.8'}]","[91, 119, 117, 30, 139, 205, 35, 37, 217, 218]",True,134240.0,92.3,42.7,,,,,,,,,
2404702967.0,142,17,44.0,189,90.6,39.2,17,"{'value': 1, 'displayName': 'FirstHalf'}","{'value': 44, 'displayName': 'Aerial'}","{'value': 1, 'displayName': 'Successful'}","[{'type': {'value': 56, 'displayName': 'Zone'}, 'value': 'Center'}, {'type': {'value': 233, 'displayName': 'OppositeRelatedEvent'}, 'value': '186'}, {'type': {'value': 286, 'displayName': 'Offensive'}}]","[197, 199]",False,342499.0,,,,,,,,,,,
2404702919.0,186,17,44.0,29,9.4,60.8,17,"{'value': 1, 'displayName': 'FirstHalf'}","{'value': 44, 'displayName': 'Aerial'}","{'value': 0, 'displayName': 'Unsuccessful'}","[{'type': {'value': 285, 'displayName': 'Defensive'}}, {'type': {'value': 56, 'displayName': 'Zone'}, 'value': 'Back'}, {'type': {'value': 233, 'displayName': 'OppositeRelatedEvent'}, 'value': '142'}]","[198, 200]",False,332325.0,,,,,,,,,,,
2404702993.0,143,17,44.0,189,92.3,42.7,17,"{'value': 1, 'displayName': 'FirstHalf'}","{'value': 1, 'displayName': 'Pass'}","{'value': 0, 'displayName': 'Unsuccessful'}","[{'type': {'value': 140, 'displayName': 'PassEndX'}, 'value': '97.9'}, {'type': {'value': 141, 'displayName': 'PassEndY'}, 'value': '45.8'}, {'type': {'value': 3, 'displayName': 'HeadPass'}}, {'type': {'value': 56, 'displayName': 'Zone'}, 'value': 'Center'}, {'type': {'value': 213, 'displayName': 'Angle'}, 'value': '0.3'}, {'type': {'value': 212, 'displayName': 'Length'}, 'value': '6.2'}]","[91, 120, 29, 139, 36, 37, 217, 218]",True,342499.0,97.9,45.8,,,,,,,,,
2404702951.0,187,17,45.0,29,4.0,53.0,17,"{'value': 1, 'displayName': 'FirstHalf'}","{'value': 52, 'displayName': 'KeeperPickup'}","{'value': 1, 'displayName': 'Successful'}","[{'type': {'value': 178, 'displayName': 'StandingSave'}}]",[93],False,20973.0,,,,,,,,,,,
2404703257.0,188,17,52.0,29,14.2,42.9,17,"{'value': 1, 'displayName': 'FirstHalf'}","{'value': 1, 'displayName': 'Pass'}","{'value': 1, 'displayName': 'Successful'}","[{'type': {'value': 178, 'displayName': 'StandingSave'}}, {'type': {'value': 212, 'displayName': 'Length'}, 'value': '16.9'}, {'type': {'value': 213, 'displayName': 'Angle'}, 'value': '5.2'}, {'type': {'value': 123, 'displayName': 'KeeperThrow'}}, {'type': {'value': 56, 'displayName': 'Zone'}, 'value': 'Back'}, {'type': {'value': 141, 'displayName': 'PassEndY'}, 'value': '21.5'}, {'type': {'value': 140, 'displayName': 'PassEndX'}, 'value': '22.4'}]","[91, 36, 38, 215, 218]",True,20973.0,22.4,21.5,,,,,,,,,
2404703371.0,189,18,0.0,29,33.9,17.5,18,"{'value': 1, 'displayName': 'FirstHalf'}","{'value': 1, 'displayName': 'Pass'}","{'value': 1, 'displayName': 'Successful'}","[{'type': {'value': 178, 'displayName': 'StandingSave'}}, {'type': {'value': 213, 'displayName': 'Angle'}, 'value': '2.2'}, {'type': {'value': 56, 'displayName': 'Zone'}, 'value': 'Back'}, {'type': {'value': 141, 'displayName': 'PassEndY'}, 'value': '46.7'}, {'type': {'value': 212, 'displayName': 'Length'}, 'value': '25.3'}, {'type': {'value': 140, 'displayName': 'PassEndX'}, 'value': '19.0'}]","[91, 117, 30, 35, 37, 215, 218]",True,73063.0,19.0,46.7,,,,,,,,,
2404703417.0,190,18,6.0,29,21.7,42.2,18,"{'value': 1, 'displayName': 'FirstHalf'}","{'value': 1, 'displayName': 'Pass'}","{'value': 1, 'displayName': 'Successful'}","[{'type': {'value': 56, 'displayName': 'Zone'}, 'value': 'Back'}, {'type': {'value': 141, 'displayName': 'PassEndY'}, 'value': '10.3'}, {'type': {'value': 178, 'displayName': 'StandingSave'}}, {'type': {'value': 140, 'displayName': 'PassEndX'}, 'value': '32.7'}, {'type': {'value': 212, 'displayName': 'Length'}, 'value': '24.6'}, {'type': {'value': 213, 'displayName': 'Angle'}, 'value': '5.2'}]","[91, 117, 30, 36, 38, 215, 218]",True,106086.0,32.7,10.3,,,,,,,,,
2404703453.0,191,18,9.0,29,32.7,10.3,18,"{'value': 1, 'displayName': 'FirstHalf'}","{'value': 1, 'displayName': 'Pass'}","{'value': 0, 'displayName': 'Unsuccessful'}","[{'type': {'value': 141, 'displayName': 'PassEndY'}, 'value': '13.4'}, {'type': {'value': 212, 'displayName': 'Length'}, 'value': '25.6'}, {'type': {'value': 213, 'displayName': 'Angle'}, 'value': '0.1'}, {'type': {'value': 140, 'displayName': 'PassEndX'}, 'value': '57.0'}, {'type': {'value': 56, 'displayName': 'Zone'}, 'value': 'Right'}, {'type': {'value': 178, 'displayName': 'StandingSave'}}, {'type': {'value': 155, 'displayName': 'Chipped'}}]","[91, 120, 29, 124, 36, 37, 216, 218]",True,73063.0,57.0,13.4,,,,,,,,,
2404703461.0,145,18,11.0,189,34.5,89.7,18,"{'value': 1, 'displayName': 'FirstHalf'}","{'value': 49, 'displayName': 'BallRecovery'}","{'value': 1, 'displayName': 'Successful'}",[],[93],False,229562.0,,,,,,,,,,,
2404703529.0,146,18,11.0,189,34.5,89.7,18,"{'value': 1, 'displayName': 'FirstHalf'}","{'value': 1, 'displayName': 'Pass'}","{'value': 1, 'displayName': 'Successful'}","[{'type': {'value': 155, 'displayName': 'Chipped'}}, {'type': {'value': 56, 'displayName': 'Zone'}, 'value': 'Left'}, {'type': {'value': 140, 'displayName': 'PassEndX'}, 'value': '57.7'}, {'type': {'value': 213, 'displayName': 'Angle'}, 'value': '6.1'}, {'type': {'value': 212, 'displayName': 'Length'}, 'value': '24.9'}, {'type': {'value': 141, 'displayName': 'PassEndY'}, 'value': '82.1'}]","[91, 119, 117, 30, 124, 36, 38, 216, 218]",True,229562.0,57.7,82.1,,,,,,,,,
2404703533.0,147,18,12.0,189,58.4,79.4,18,"{'value': 1, 'displayName': 'FirstHalf'}","{'value': 44, 'displayName': 'Aerial'}","{'value': 1, 'displayName': 'Successful'}","[{'type': {'value': 233, 'displayName': 'OppositeRelatedEvent'}, 'value': '192'}, {'type': {'value': 286, 'displayName': 'Offensive'}}, {'type': {'value': 56, 'displayName': 'Zone'}, 'value': 'Left'}]","[197, 199]",False,298689.0,,,,,,,,,,,
2404703515.0,192,18,12.0,29,41.6,20.6,18,"{'value': 1, 'displayName': 'FirstHalf'}","{'value': 44, 'displayName': 'Aerial'}","{'value': 0, 'displayName': 'Unsuccessful'}","[{'type': {'value': 285, 'displayName': 'Defensive'}}, {'type': {'value': 56, 'displayName': 'Zone'}, 'value': 'Back'}, {'type': {'value': 233, 'displayName': 'OppositeRelatedEvent'}, 'value': '147'}]","[198, 200]",False,332325.0,,,,,,,,,,,
2404703557.0,148,18,12.0,189,57.7,82.1,18,"{'value': 1, 'displayName': 'FirstHalf'}","{'value': 1, 'displayName': 'Pass'}","{'value': 1, 'displayName': 'Successful'}","[{'type': {'value': 56, 'displayName': 'Zone'}, 'value': 'Left'}, {'type': {'value': 212, 'displayName': 'Length'}, 'value': '11.1'}, {'type': {'value': 213, 'displayName': 'Angle'}, 'value': '0.2'}, {'type': {'value': 140, 'displayName': 'PassEndX'}, 'value': '68.1'}, {'type': {'value': 3, 'displayName': 'HeadPass'}}, {'type': {'value': 141, 'displayName': 'PassEndY'}, 'value': '85.1'}]","[91, 119, 117, 30, 139, 205, 36, 37, 217, 218]",True,298689.0,68.1,85.1,,,,,,,,,
2404703575.0,149,18,14.0,189,66.1,83.8,18,"{'value': 1, 'displayName': 'FirstHalf'}","{'value': 44, 'displayName': 'Aerial'}","{'value': 1, 'displayName': 'Successful'}","[{'type': {'value': 233, 'displayName': 'OppositeRelatedEvent'}, 'value': '193'}, {'type': {'value': 56, 'displayName': 'Zone'}, 'value': 'Left'}, {'type': {'value': 286, 'displayName': 'Offensive'}}]","[197, 199]",False,296240.0,,,,,,,,,,,
2404703537.0,193,18,14.0,29,33.9,16.2,18,"{'value': 1, 'displayName': 'FirstHalf'}","{'value': 44, 'displayName': 'Aerial'}","{'value': 0, 'displayName': 'Unsuccessful'}","[{'type': {'value': 285, 'displayName': 'Defensive'}}, {'type': {'value': 233, 'displayName': 'OppositeRelatedEvent'}, 'value': '149'}, {'type': {'value': 56, 'displayName': 'Zone'}, 'value': 'Back'}]","[198, 200]",False,111372.0,,,,,,,,,,,
2404703595.0,150,18,14.0,189,67.9,85.1,18,"{'value': 1, 'displayName': 'FirstHalf'}","{'value': 1, 'displayName': 'Pass'}","{'value': 0, 'displayName': 'Unsuccessful'}","[{'type': {'value': 56, 'displayName': 'Zone'}, 'value': 'Center'}, {'type': {'value': 213, 'displayName': 'Angle'}, 'value': '4.8'}, {'type': {'value': 3, 'displayName': 'HeadPass'}}, {'type': {'value': 140, 'displayName': 'PassEndX'}, 'value': '69.4'}, {'type': {'value': 141, 'displayName': 'PassEndY'}, 'value': '65.9'}, {'type': {'value': 212, 'displayName': 'Length'}, 'value': '13.2'}]","[91, 120, 29, 139, 36, 38, 217, 218]",True,296240.0,69.4,65.9,,,,,,,,,
2404703579.0,194,18,16.0,29,33.4,34.6,18,"{'value': 1, 'displayName': 'FirstHalf'}","{'value': 49, 'displayName': 'BallRecovery'}","{'value': 1, 'displayName': 'Successful'}",[],[93],False,106086.0,,,,,,,,,,,
2404703693.0,195,18,20.0,29,43.0,65.2,18,"{'value': 1, 'displayName': 'FirstHalf'}","{'value': 4, 'displayName': 'Foul'}","{'value': 1, 'displayName': 'Successful'}","[{'type': {'value': 233, 'displayName': 'OppositeRelatedEvent'}, 'value': '151'}, {'type': {'value': 56, 'displayName': 'Zone'}, 'value': 'Back'}, {'type': {'value': 286, 'displayName': 'Offensive'}}, {'type': {'value': 13, 'displayName': 'Foul'}}]","[91, 63]",True,106086.0,,,,,,,,,,,
2404703733.0,151,18,20.0,189,57.0,34.8,18,"{'value': 1, 'displayName': 'FirstHalf'}","{'value': 4, 'displayName': 'Foul'}","{'value': 0, 'displayName': 'Unsuccessful'}","[{'type': {'value': 233, 'displayName': 'OppositeRelatedEvent'}, 'value': '195'}, {'type': {'value': 13, 'displayName': 'Foul'}}, {'type': {'value': 285, 'displayName': 'Defensive'}}, {'type': {'value': 56, 'displayName': 'Zone'}, 'value': 'Center'}, {'type': {'value': 178, 'displayName': 'StandingSave'}}]",[64],False,101856.0,,,,,,,,,,,
2404705567.0,197,19,39.0,29,44.4,71.0,19,"{'value': 1, 'displayName': 'FirstHalf'}","{'value': 1, 'displayName': 'Pass'}","{'value': 1, 'displayName': 'Successful'}","[{'type': {'value': 213, 'displayName': 'Angle'}, 'value': '4.8'}, {'type': {'value': 212, 'displayName': 'Length'}, 'value': '12.7'}, {'type': {'value': 141, 'displayName': 'PassEndY'}, 'value': '52.4'}, {'type': {'value': 140, 'displayName': 'PassEndX'}, 'value': '45.4'}, {'type': {'value': 178, 'displayName': 'StandingSave'}}, {'type': {'value': 56, 'displayName': 'Zone'}, 'value': 'Back'}, {'type': {'value': 5, 'displayName': 'FreekickTaken'}}]","[91, 117, 30, 132, 36, 38, 216, 218]",True,68049.0,45.4,52.4,,,,,,,,,
2404705637.0,198,19,44.0,29,55.4,36.6,19,"{'value': 1, 'displayName': 'FirstHalf'}","{'value': 1, 'displayName': 'Pass'}","{'value': 1, 'displayName': 'Successful'}","[{'type': {'value': 56, 'displayName': 'Zone'}, 'value': 'Center'}, {'type': {'value': 178, 'displayName': 'StandingSave'}}, {'type': {'value': 140, 'displayName': 'PassEndX'}, 'value': '55.9'}, {'type': {'value': 212, 'displayName': 'Length'}, 'value': '9.0'}, {'type': {'value': 141, 'displayName': 'PassEndY'}, 'value': '23.4'}, {'type': {'value': 213, 'displayName': 'Angle'}, 'value': '4.8'}]","[91, 119, 117, 30, 36, 38, 216, 218]",True,332325.0,55.9,23.4,,,,,,,,,
2404705675.0,199,19,46.0,29,56.3,24.2,19,"{'value': 1, 'displayName': 'FirstHalf'}","{'value': 1, 'displayName': 'Pass'}","{'value': 1, 'displayName': 'Successful'}","[{'type': {'value': 141, 'displayName': 'PassEndY'}, 'value': '33.4'}, {'type': {'value': 213, 'displayName': 'Angle'}, 'value': '1.9'}, {'type': {'value': 56, 'displayName': 'Zone'}, 'value': 'Center'}, {'type': {'value': 140, 'displayName': 'PassEndX'}, 'value': '54.4'}, {'type': {'value': 212, 'displayName': 'Length'}, 'value': '6.6'}, {'type': {'value': 178, 'displayName': 'StandingSave'}}]","[91, 119, 117, 30, 35, 37, 216, 218]",True,143595.0,54.4,33.4,,,,,,,,,
2404705811.0,200,19,48.0,29,53.7,34.2,19,"{'value': 1, 'displayName': 'FirstHalf'}","{'value': 1, 'displayName': 'Pass'}","{'value': 1, 'displayName': 'Successful'}","[{'type': {'value': 141, 'displayName': 'PassEndY'}, 'value': '50.8'}, {'type': {'value': 213, 'displayName': 'Angle'}, 'value': '1.4'}, {'type': {'value': 56, 'displayName': 'Zone'}, 'value': 'Center'}, {'type': {'value': 212, 'displayName': 'Length'}, 'value': '11.5'}, {'type': {'value': 140, 'displayName': 'PassEndX'}, 'value': '55.6'}, {'type': {'value': 178, 'displayName': 'StandingSave'}}]","[91, 119, 117, 30, 36, 37, 216, 218]",True,332325.0,55.6,50.8,,,,,,,,,
2404705869.0,201,19,53.0,29,65.3,39.7,19,"{'value': 1, 'displayName': 'FirstHalf'}","{'value': 1, 'displayName': 'Pass'}","{'value': 1, 'displayName': 'Successful'}","[{'type': {'value': 56, 'displayName': 'Zone'}, 'value': 'Right'}, {'type': {'value': 140, 'displayName': 'PassEndX'}, 'value': '85.9'}, {'type': {'value': 155, 'displayName': 'Chipped'}}, {'type': {'value': 141, 'displayName': 'PassEndY'}, 'value': '4.1'}, {'type': {'value': 1, 'displayName': 'Longball'}}, {'type': {'value': 213, 'displayName': 'Angle'}, 'value': '5.4'}, {'type': {'value': 178, 'displayName': 'StandingSave'}}, {'type': {'value': 212, 'displayName': 'Length'}, 'value': '32.5'}]","[91, 119, 117, 124, 127, 205, 36, 38, 217, 218]",True,297203.0,85.9,4.1,,,,,,,,,
2404705919.0,202,19,57.0,29,87.9,4.7,19,"{'value': 1, 'displayName': 'FirstHalf'}","{'value': 1, 'displayName': 'Pass'}","{'value': 0, 'displayName': 'Unsuccessful'}","[{'type': {'value': 155, 'displayName': 'Chipped'}}, {'type': {'value': 140, 'displayName': 'PassEndX'}, 'value': '100.0'}, {'type': {'value': 56, 'displayName': 'Zone'}, 'value': 'Center'}, {'type': {'value': 213, 'displayName': 'Angle'}, 'value': '0.9'}, {'type': {'value': 141, 'displayName': 'PassEndY'}, 'value': '28.6'}, {'type': {'value': 178, 'displayName': 'StandingSave'}}, {'type': {'value': 212, 'displayName': 'Length'}, 'value': '21.2'}]","[91, 120, 29, 124, 36, 37, 217, 218]",True,111372.0,100.0,28.6,,,,,,,,,
2404706877.0,153,20,39.0,189,4.6,52.2,20,"{'value': 1, 'displayName': 'FirstHalf'}","{'value': 1, 'displayName': 'Pass'}","{'value': 0, 'displayName': 'Unsuccessful'}","[{'type': {'value': 141, 'displayName': 'PassEndY'}, 'value': '59.6'}, {'type': {'value': 74, 'displayName': 'MissHigh'}}, {'type': {'value': 140, 'displayName': 'PassEndX'}, 'value': '62.4'}, {'type': {'value': 124, 'displayName': 'GoalKick'}}, {'type': {'value': 213, 'displayName': 'Angle'}, 'value': '0.1'}, {'type': {'value': 56, 'displayName': 'Zone'}, 'value': 'Center'}, {'type': {'value': 1, 'displayName': 'Longball'}}, {'type': {'value': 212, 'displayName': 'Length'}, 'value': '60.9'}]","[91, 120, 128, 36, 37, 216, 218]",True,276366.0,62.4,59.6,,,,,,,,,
2404706847.0,204,20,43.0,29,39.7,34.2,20,"{'value': 1, 'displayName': 'FirstHalf'}","{'value': 44, 'displayName': 'Aerial'}","{'value': 1, 'displayName': 'Successful'}","[{'type': {'value': 285, 'displayName': 'Defensive'}}, {'type': {'value': 56, 'displayName': 'Zone'}, 'value': 'Back'}, {'type': {'value': 233, 'displayName': 'OppositeRelatedEvent'}, 'value': '154'}]","[197, 200]",False,106086.0,,,,,,,,,,,
2404706887.0,154,20,43.0,189,60.3,65.8,20,"{'value': 1, 'displayName': 'FirstHalf'}","{'value': 44, 'displayName': 'Aerial'}","{'value': 0, 'displayName': 'Unsuccessful'}","[{'type': {'value': 286, 'displayName': 'Offensive'}}, {'type': {'value': 56, 'displayName': 'Zone'}, 'value': 'Center'}, {'type': {'value': 233, 'displayName': 'OppositeRelatedEvent'}, 'value': '204'}]","[198, 199]",False,296240.0,,,,,,,,,,,
2404706865.0,205,20,43.0,29,41.1,28.1,20,"{'value': 1, 'displayName': 'FirstHalf'}","{'value': 61, 'displayName': 'BallTouch'}","{'value': 1, 'displayName': 'Successful'}","[{'type': {'value': 21, 'displayName': 'OtherBodyPart'}}, {'type': {'value': 56, 'displayName': 'Zone'}, 'value': 'Back'}]",[91],True,106086.0,,,,,,,,,,,
2404706991.0,155,20,45.0,189,64.6,71.1,20,"{'value': 1, 'displayName': 'FirstHalf'}","{'value': 1, 'displayName': 'Pass'}","{'value': 1, 'displayName': 'Successful'}","[{'type': {'value': 140, 'displayName': 'PassEndX'}, 'value': '86.1'}, {'type': {'value': 210, 'displayName': 'ShotAssist'}, 'value': '15'}, {'type': {'value': 56, 'displayName': 'Zone'}, 'value': 'Center'}, {'type': {'value': 141, 'displayName': 'PassEndY'}, 'value': '70.5'}, {'type': {'value': 154, 'displayName': 'IntentionalAssist'}}, {'type': {'value': 178, 'displayName': 'StandingSave'}}, {'type': {'value': 212, 'displayName': 'Length'}, 'value': '22.6'}, {'type': {'value': 213, 'displayName': 'Angle'}, 'value': '6.3'}, {'type': {'value': 11113, 'displayName': 'KeyPass'}}]","[91, 119, 117, 30, 123, 205, 40, 46, 36, 38, 217, 218]",True,134240.0,86.1,70.5,,,,,,,,,
2404706999.0,156,20,47.0,189,86.1,70.5,20,"{'value': 1, 'displayName': 'FirstHalf'}","{'value': 15, 'displayName': 'SavedShot'}","{'value': 1, 'displayName': 'Successful'}","[{'type': {'value': 29, 'displayName': 'Assisted'}}, {'type': {'value': 102, 'displayName': 'GoalMouthY'}, 'value': '53.7'}, {'type': {'value': 233, 'displayName': 'OppositeRelatedEvent'}, 'value': '206'}, {'type': {'value': 64, 'displayName': 'BoxLeft'}}, {'type': {'value': 154, 'displayName': 'IntentionalAssist'}}, {'type': {'value': 146, 'displayName': 'BlockedX'}, 'value': '98.1'}, {'type': {'value': 72, 'displayName': 'LeftFoot'}}, {'type': {'value': 22, 'displayName': 'RegularPlay'}}, {'type': {'value': 147, 'displayName': 'BlockedY'}, 'value': '53.8'}, {'type': {'value': 55, 'displayName': 'RelatedEventId'}, 'value': '155'}, {'type': {'value': 103, 'displayName': 'GoalMouthZ'}, 'value': '27.8'}, {'type': {'value': 77, 'displayName': 'HighLeft'}}, {'type': {'value': 56, 'displayName': 'Zone'}, 'value': 'Center'}, {'type': {'value': 178, 'displayName': 'StandingSave'}}]","[91, 9, 10, 1, 3, 13]",True,353377.0,,,155.0,134240.0,98.1,53.8,27.8,53.7,True,,
2404706983.0,206,20,48.0,29,1.0,46.7,20,"{'value': 1, 'displayName': 'FirstHalf'}","{'value': 10, 'displayName': 'Save'}","{'value': 1, 'displayName': 'Successful'}","[{'type': {'value': 179, 'displayName': 'DivingSave'}}, {'type': {'value': 233, 'displayName': 'OppositeRelatedEvent'}, 'value': '156'}, {'type': {'value': 182, 'displayName': 'Hands'}}, {'type': {'value': 56, 'displayName': 'Zone'}, 'value': 'Back'}, {'type': {'value': 173, 'displayName': 'ParriedSafe'}}, {'type': {'value': 11115, 'displayName': 'KeeperSaveInTheBox'}}]","[91, 109, 113, 112, 83, 77, 79, 81]",True,20973.0,,,,,,,,,,,
2404707199.0,157,20,49.0,189,94.8,59.3,20,"{'value': 1, 'displayName': 'FirstHalf'}","{'value': 6, 'displayName': 'CornerAwarded'}","{'value': 1, 'displayName': 'Successful'}","[{'type': {'value': 233, 'displayName': 'OppositeRelatedEvent'}, 'value': '207'}, {'type': {'value': 56, 'displayName': 'Zone'}, 'value': 'Center'}, {'type': {'value': 73, 'displayName': 'MissLeft'}}]",[122],False,353377.0,,,,,,,,,,,
2404707025.0,207,20,49.0,29,5.2,40.7,20,"{'value': 1, 'displayName': 'FirstHalf'}","{'value': 6, 'displayName': 'CornerAwarded'}","{'value': 0, 'displayName': 'Unsuccessful'}","[{'type': {'value': 233, 'displayName': 'OppositeRelatedEvent'}, 'value': '157'}, {'type': {'value': 73, 'displayName': 'MissLeft'}}, {'type': {'value': 56, 'displayName': 'Zone'}, 'value': 'Back'}]",[122],False,20973.0,,,,,,,,,,,
2404707731.0,158,21,23.0,189,99.5,99.5,21,"{'value': 1, 'displayName': 'FirstHalf'}","{'value': 1, 'displayName': 'Pass'}","{'value': 0, 'displayName': 'Unsuccessful'}","[{'type': {'value': 212, 'displayName': 'Length'}, 'value': '33.5'}, {'type': {'value': 2, 'displayName': 'Cross'}}, {'type': {'value': 141, 'displayName': 'PassEndY'}, 'value': '50.4'}, {'type': {'value': 233, 'displayName': 'OppositeRelatedEvent'}, 'value': '211'}, {'type': {'value': 1, 'displayName': 'Longball'}}, {'type': {'value': 213, 'displayName': 'Angle'}, 'value': '4.6'}, {'type': {'value': 155, 'displayName': 'Chipped'}}, {'type': {'value': 140, 'displayName': 'PassEndX'}, 'value': '96.7'}, {'type': {'value': 20, 'displayName': 'RightFoot'}}, {'type': {'value': 6, 'displayName': 'CornerTaken'}}, {'type': {'value': 178, 'displayName': 'StandingSave'}}, {'type': {'value': 56, 'displayName': 'Zone'}, 'value': 'Center'}]","[91, 137, 124, 126, 31, 33, 34, 35, 38, 217, 218]",True,69344.0,96.7,50.4,,,,,,,,,
2404707745.0,208,21,24.0,29,3.2,48.8,21,"{'value': 1, 'displayName': 'FirstHalf'}","{'value': 44, 'displayName': 'Aerial'}","{'value': 1, 'displayName': 'Successful'}","[{'type': {'value': 56, 'displayName': 'Zone'}, 'value': 'Back'}, {'type': {'value': 233, 'displayName': 'OppositeRelatedEvent'}, 'value': '159'}, {'type': {'value': 285, 'displayName': 'Defensive'}}]","[197, 200]",False,20973.0,,,,,,,,,,,
2404707735.0,159,21,24.0,189,96.8,51.2,21,"{'value': 1, 'displayName': 'FirstHalf'}","{'value': 44, 'displayName': 'Aerial'}","{'value': 0, 'displayName': 'Unsuccessful'}","[{'type': {'value': 56, 'displayName': 'Zone'}, 'value': 'Center'}, {'type': {'value': 286, 'displayName': 'Offensive'}}, {'type': {'value': 233, 'displayName': 'OppositeRelatedEvent'}, 'value': '208'}]","[198, 199]",False,101856.0,,,,,,,,,,,
2404707849.0,211,21,24.0,29,1.7,48.5,21,"{'value': 1, 'displayName': 'FirstHalf'}","{'value': 41, 'displayName': 'Punch'}","{'value': 1, 'displayName': 'Successful'}","[{'type': {'value': 140, 'displayName': 'PassEndX'}, 'value': '13.0'}, {'type': {'value': 213, 'displayName': 'Angle'}, 'value': '6.0'}, {'type': {'value': 141, 'displayName': 'PassEndY'}, 'value': '43.1'}, {'type': {'value': 233, 'displayName': 'OppositeRelatedEvent'}, 'value': '158'}, {'type': {'value': 212, 'displayName': 'Length'}, 'value': '12.4'}]","[91, 94, 95, 206, 215]",True,20973.0,13.0,43.1,,,,,,,,,
2404707751.0,160,21,25.0,189,91.0,49.9,21,"{'value': 1, 'displayName': 'FirstHalf'}","{'value': 61, 'displayName': 'BallTouch'}","{'value': 0, 'displayName': 'Unsuccessful'}","[{'type': {'value': 178, 'displayName': 'StandingSave'}}, {'type': {'value': 56, 'displayName': 'Zone'}, 'value': 'Center'}]","[91, 69]",True,29026.0,,,,,,,,,,,
2404708259.0,212,21,25.0,29,11.3,44.7,21,"{'value': 1, 'displayName': 'FirstHalf'}","{'value': 61, 'displayName': 'BallTouch'}","{'value': 1, 'displayName': 'Successful'}","[{'type': {'value': 15, 'displayName': 'Head'}}, {'type': {'value': 178, 'displayName': 'StandingSave'}}, {'type': {'value': 56, 'displayName': 'Zone'}, 'value': 'Back'}]",[91],True,332325.0,,,,,,,,,,,
2404707767.0,209,21,27.0,29,8.4,47.8,21,"{'value': 1, 'displayName': 'FirstHalf'}","{'value': 44, 'displayName': 'Aerial'}","{'value': 1, 'displayName': 'Successful'}","[{'type': {'value': 285, 'displayName': 'Defensive'}}, {'type': {'value': 56, 'displayName': 'Zone'}, 'value': 'Back'}, {'type': {'value': 233, 'displayName': 'OppositeRelatedEvent'}, 'value': '161'}]","[197, 200]",False,143595.0,,,,,,,,,,,
2404707791.0,161,21,27.0,189,91.6,52.2,21,"{'value': 1, 'displayName': 'FirstHalf'}","{'value': 44, 'displayName': 'Aerial'}","{'value': 0, 'displayName': 'Unsuccessful'}","[{'type': {'value': 233, 'displayName': 'OppositeRelatedEvent'}, 'value': '209'}, {'type': {'value': 56, 'displayName': 'Zone'}, 'value': 'Center'}, {'type': {'value': 286, 'displayName': 'Offensive'}}]","[198, 199]",False,29026.0,,,,,,,,,,,
2404707801.0,210,21,27.0,29,7.7,45.4,21,"{'value': 1, 'displayName': 'FirstHalf'}","{'value': 12, 'displayName': 'Clearance'}","{'value': 1, 'displayName': 'Successful'}","[{'type': {'value': 212, 'displayName': 'Length'}, 'value': '7.3'}, {'type': {'value': 56, 'displayName': 'Zone'}, 'value': 'Back'}, {'type': {'value': 141, 'displayName': 'PassEndY'}, 'value': '42.2'}, {'type': {'value': 213, 'displayName': 'Angle'}, 'value': '6.0'}, {'type': {'value': 140, 'displayName': 'PassEndX'}, 'value': '14.3'}, {'type': {'value': 15, 'displayName': 'Head'}}]","[91, 94, 95, 57, 215]",True,143595.0,14.3,42.2,,,,,,,,,
2404707839.0,162,21,28.0,189,85.0,56.3,21,"{'value': 1, 'displayName': 'FirstHalf'}","{'value': 13, 'displayName': 'MissedShots'}","{'value': 1, 'displayName': 'Successful'}","[{'type': {'value': 74, 'displayName': 'MissHigh'}}, {'type': {'value': 56, 'displayName': 'Zone'}, 'value': 'Center'}, {'type': {'value': 72, 'displayName': 'LeftFoot'}}, {'type': {'value': 103, 'displayName': 'GoalMouthZ'}, 'value': '84.7'}, {'type': {'value': 17, 'displayName': 'BoxCentre'}}, {'type': {'value': 102, 'displayName': 'GoalMouthY'}, 'value': '50.9'}, {'type': {'value': 25, 'displayName': 'FromCorner'}}]","[91, 7, 90, 10, 1, 5, 13]",True,353377.0,,,,,,,84.7,50.9,True,,
2404708757.0,214,22,13.0,29,5.0,47.6,22,"{'value': 1, 'displayName': 'FirstHalf'}","{'value': 1, 'displayName': 'Pass'}","{'value': 1, 'displayName': 'Successful'}","[{'type': {'value': 56, 'displayName': 'Zone'}, 'value': 'Center'}, {'type': {'value': 1, 'displayName': 'Longball'}}, {'type': {'value': 140, 'displayName': 'PassEndX'}, 'value': '54.5'}, {'type': {'value': 124, 'displayName': 'GoalKick'}}, {'type': {'value': 212, 'displayName': 'Length'}, 'value': '54.0'}, {'type': {'value': 74, 'displayName': 'MissHigh'}}, {'type': {'value': 213, 'displayName': 'Angle'}, 'value': '6.0'}, {'type': {'value': 141, 'displayName': 'PassEndY'}, 'value': '25.8'}]","[91, 119, 117, 127, 36, 38, 216, 218]",True,20973.0,54.5,25.8,,,,,,,,,
2404708767.0,215,22,16.0,29,58.0,25.0,22,"{'value': 1, 'displayName': 'FirstHalf'}","{'value': 44, 'displayName': 'Aerial'}","{'value': 1, 'displayName': 'Successful'}","[{'type': {'value': 56, 'displayName': 'Zone'}, 'value': 'Center'}, {'type': {'value': 286, 'displayName': 'Offensive'}}, {'type': {'value': 233, 'displayName': 'OppositeRelatedEvent'}, 'value': '164'}]","[197, 199]",False,69517.0,,,,,,,,,,,
2404708793.0,164,22,16.0,189,42.0,75.0,22,"{'value': 1, 'displayName': 'FirstHalf'}","{'value': 44, 'displayName': 'Aerial'}","{'value': 0, 'displayName': 'Unsuccessful'}","[{'type': {'value': 233, 'displayName': 'OppositeRelatedEvent'}, 'value': '215'}, {'type': {'value': 56, 'displayName': 'Zone'}, 'value': 'Back'}, {'type': {'value': 285, 'displayName': 'Defensive'}}]","[198, 200]",False,101856.0,,,,,,,,,,,
2404708777.0,216,22,16.0,29,54.5,25.8,22,"{'value': 1, 'displayName': 'FirstHalf'}","{'value': 1, 'displayName': 'Pass'}","{'value': 0, 'displayName': 'Unsuccessful'}","[{'type': {'value': 140, 'displayName': 'PassEndX'}, 'value': '64.6'}, {'type': {'value': 213, 'displayName': 'Angle'}, 'value': '5.9'}, {'type': {'value': 3, 'displayName': 'HeadPass'}}, {'type': {'value': 141, 'displayName': 'PassEndY'}, 'value': '19.9'}, {'type': {'value': 212, 'displayName': 'Length'}, 'value': '11.3'}, {'type': {'value': 56, 'displayName': 'Zone'}, 'value': 'Right'}]","[91, 120, 29, 139, 36, 38, 216, 218]",True,69517.0,64.6,19.9,,,,,,,,,
2404708821.0,165,22,17.0,189,36.3,91.7,22,"{'value': 1, 'displayName': 'FirstHalf'}","{'value': 49, 'displayName': 'BallRecovery'}","{'value': 1, 'displayName': 'Successful'}",[],[93],False,29026.0,,,,,,,,,,,
2404708871.0,166,22,21.0,189,37.9,93.2,22,"{'value': 1, 'displayName': 'FirstHalf'}","{'value': 1, 'displayName': 'Pass'}","{'value': 1, 'displayName': 'Successful'}","[{'type': {'value': 213, 'displayName': 'Angle'}, 'value': '5.7'}, {'type': {'value': 212, 'displayName': 'Length'}, 'value': '29.7'}, {'type': {'value': 140, 'displayName': 'PassEndX'}, 'value': '60.7'}, {'type': {'value': 155, 'displayName': 'Chipped'}}, {'type': {'value': 141, 'displayName': 'PassEndY'}, 'value': '67.4'}, {'type': {'value': 178, 'displayName': 'StandingSave'}}, {'type': {'value': 56, 'displayName': 'Zone'}, 'value': 'Center'}]","[91, 119, 117, 30, 124, 36, 38, 216, 218]",True,29026.0,60.7,67.4,,,,,,,,,
2404708877.0,167,22,22.0,189,61.8,65.6,22,"{'value': 1, 'displayName': 'FirstHalf'}","{'value': 1, 'displayName': 'Pass'}","{'value': 1, 'displayName': 'Successful'}","[{'type': {'value': 141, 'displayName': 'PassEndY'}, 'value': '58.1'}, {'type': {'value': 156, 'displayName': 'LayOff'}}, {'type': {'value': 56, 'displayName': 'Zone'}, 'value': 'Center'}, {'type': {'value': 213, 'displayName': 'Angle'}, 'value': '3.7'}, {'type': {'value': 140, 'displayName': 'PassEndX'}, 'value': '54.0'}, {'type': {'value': 212, 'displayName': 'Length'}, 'value': '9.6'}]","[91, 119, 117, 30, 35, 38, 216, 218]",True,134240.0,54.0,58.1,,,,,,,,,
2404708921.0,168,22,24.0,189,51.2,56.1,22,"{'value': 1, 'displayName': 'FirstHalf'}","{'value': 1, 'displayName': 'Pass'}","{'value': 1, 'displayName': 'Successful'}","[{'type': {'value': 140, 'displayName': 'PassEndX'}, 'value': '60.1'}, {'type': {'value': 178, 'displayName': 'StandingSave'}}, {'type': {'value': 56, 'displayName': 'Zone'}, 'value': 'Right'}, {'type': {'value': 212, 'displayName': 'Length'}, 'value': '26.1'}, {'type': {'value': 141, 'displayName': 'PassEndY'}, 'value': '20.3'}, {'type': {'value': 213, 'displayName': 'Angle'}, 'value': '5.1'}]","[91, 119, 117, 30, 36, 38, 216, 218]",True,298689.0,60.1,20.3,,,,,,,,,
2404708975.0,169,22,29.0,189,68.4,11.8,22,"{'value': 1, 'displayName': 'FirstHalf'}","{'value': 1, 'displayName': 'Pass'}","{'value': 1, 'displayName': 'Successful'}","[{'type': {'value': 212, 'displayName': 'Length'}, 'value': '7.6'}, {'type': {'value': 141, 'displayName': 'PassEndY'}, 'value': '5.3'}, {'type': {'value': 56, 'displayName': 'Zone'}, 'value': 'Right'}, {'type': {'value': 178, 'displayName': 'StandingSave'}}, {'type': {'value': 140, 'displayName': 'PassEndX'}, 'value': '74.3'}, {'type': {'value': 213, 'displayName': 'Angle'}, 'value': '5.7'}]","[91, 119, 117, 30, 205, 36, 38, 217, 218]",True,321085.0,74.3,5.3,,,,,,,,,
2404708995.0,170,22,32.0,189,74.2,8.3,22,"{'value': 1, 'displayName': 'FirstHalf'}","{'value': 1, 'displayName': 'Pass'}","{'value': 0, 'displayName': 'Unsuccessful'}","[{'type': {'value': 141, 'displayName': 'PassEndY'}, 'value': '28.7'}, {'type': {'value': 213, 'displayName': 'Angle'}, 'value': '1.5'}, {'type': {'value': 140, 'displayName': 'PassEndX'}, 'value': '75.0'}, {'type': {'value': 178, 'displayName': 'StandingSave'}}, {'type': {'value': 56, 'displayName': 'Zone'}, 'value': 'Center'}, {'type': {'value': 212, 'displayName': 'Length'}, 'value': '13.9'}]","[91, 120, 29, 36, 37, 217, 218]",True,353377.0,75.0,28.7,,,,,,,,,
2404709003.0,217,22,33.0,29,23.7,68.9,22,"{'value': 1, 'displayName': 'FirstHalf'}","{'value': 8, 'displayName': 'Interception'}","{'value': 1, 'displayName': 'Successful'}","[{'type': {'value': 56, 'displayName': 'Zone'}, 'value': 'Back'}, {'type': {'value': 178, 'displayName': 'StandingSave'}}]","[91, 101, 56]",True,332325.0,,,,,,,,,,,
2404709021.0,218,22,36.0,29,28.7,83.1,22,"{'value': 1, 'displayName': 'FirstHalf'}","{'value': 49, 'displayName': 'BallRecovery'}","{'value': 1, 'displayName': 'Successful'}",[],[93],False,297203.0,,,,,,,,,,,
2404709117.0,219,22,36.0,29,30.3,83.6,22,"{'value': 1, 'displayName': 'FirstHalf'}","{'value': 1, 'displayName': 'Pass'}","{'value': 1, 'displayName': 'Successful'}","[{'type': {'value': 56, 'displayName': 'Zone'}, 'value': 'Back'}, {'type': {'value': 213, 'displayName': 'Angle'}, 'value': '5.8'}, {'type': {'value': 212, 'displayName': 'Length'}, 'value': '23.1'}, {'type': {'value': 140, 'displayName': 'PassEndX'}, 'value': '49.8'}, {'type': {'value': 178, 'displayName': 'StandingSave'}}, {'type': {'value': 141, 'displayName': 'PassEndY'}, 'value': '67.8'}]","[91, 117, 30, 36, 38, 216, 218]",True,297203.0,49.8,67.8,,,,,,,,,
2404709159.0,220,22,41.0,29,52.2,79.5,22,"{'value': 1, 'displayName': 'FirstHalf'}","{'value': 1, 'displayName': 'Pass'}","{'value': 1, 'displayName': 'Successful'}","[{'type': {'value': 212, 'displayName': 'Length'}, 'value': '8.2'}, {'type': {'value': 213, 'displayName': 'Angle'}, 'value': '1.5'}, {'type': {'value': 56, 'displayName': 'Zone'}, 'value': 'Left'}, {'type': {'value': 141, 'displayName': 'PassEndY'}, 'value': '91.5'}, {'type': {'value': 140, 'displayName': 'PassEndX'}, 'value': '52.5'}, {'type': {'value': 178, 'displayName': 'StandingSave'}}]","[91, 119, 117, 30, 36, 37, 216, 218]",True,69517.0,52.5,91.5,,,,,,,,,
2404709263.0,221,22,43.0,29,52.8,85.3,22,"{'value': 1, 'displayName': 'FirstHalf'}","{'value': 1, 'displayName': 'Pass'}","{'value': 1, 'displayName': 'Successful'}","[{'type': {'value': 178, 'displayName': 'StandingSave'}}, {'type': {'value': 212, 'displayName': 'Length'}, 'value': '16.5'}, {'type': {'value': 56, 'displayName': 'Zone'}, 'value': 'Back'}, {'type': {'value': 213, 'displayName': 'Angle'}, 'value': '4.2'}, {'type': {'value': 141, 'displayName': 'PassEndY'}, 'value': '64.6'}, {'type': {'value': 140, 'displayName': 'PassEndX'}, 'value': '44.6'}]","[91, 117, 30, 35, 38, 216, 218]",True,297203.0,44.6,64.6,,,,,,,,,
2404709367.0,222,22,50.0,29,57.7,35.9,22,"{'value': 1, 'displayName': 'FirstHalf'}","{'value': 1, 'displayName': 'Pass'}","{'value': 1, 'displayName': 'Successful'}","[{'type': {'value': 212, 'displayName': 'Length'}, 'value': '25.4'}, {'type': {'value': 141, 'displayName': 'PassEndY'}, 'value': '4.8'}, {'type': {'value': 178, 'displayName': 'StandingSave'}}, {'type': {'value': 140, 'displayName': 'PassEndX'}, 'value': '71.1'}, {'type': {'value': 213, 'displayName': 'Angle'}, 'value': '5.3'}, {'type': {'value': 56, 'displayName': 'Zone'}, 'value': 'Right'}]","[91, 119, 117, 30, 205, 36, 38, 217, 218]",True,332325.0,71.1,4.8,,,,,,,,,
2404709415.0,223,22,55.0,29,74.5,4.1,22,"{'value': 1, 'displayName': 'FirstHalf'}","{'value': 1, 'displayName': 'Pass'}","{'value': 1, 'displayName': 'Successful'}","[{'type': {'value': 141, 'displayName': 'PassEndY'}, 'value': '22.9'}, {'type': {'value': 56, 'displayName': 'Zone'}, 'value': 'Center'}, {'type': {'value': 212, 'displayName': 'Length'}, 'value': '15.5'}, {'type': {'value': 140, 'displayName': 'PassEndX'}, 'value': '66.2'}, {'type': {'value': 213, 'displayName': 'Angle'}, 'value': '2.2'}, {'type': {'value': 178, 'displayName': 'StandingSave'}}]","[91, 119, 117, 30, 35, 37, 216, 218]",True,111372.0,66.2,22.9,,,,,,,,,
2404709451.0,224,22,57.0,29,65.4,23.2,22,"{'value': 1, 'displayName': 'FirstHalf'}","{'value': 1, 'displayName': 'Pass'}","{'value': 1, 'displayName': 'Successful'}","[{'type': {'value': 212, 'displayName': 'Length'}, 'value': '32.3'}, {'type': {'value': 141, 'displayName': 'PassEndY'}, 'value': '68.7'}, {'type': {'value': 56, 'displayName': 'Zone'}, 'value': 'Center'}, {'type': {'value': 1, 'displayName': 'Longball'}}, {'type': {'value': 140, 'displayName': 'PassEndX'}, 'value': '56.7'}, {'type': {'value': 178, 'displayName': 'StandingSave'}}, {'type': {'value': 213, 'displayName': 'Angle'}, 'value': '1.9'}]","[91, 119, 117, 127, 35, 37, 216, 218]",True,332325.0,56.7,68.7,,,,,,,,,
2404709527.0,225,23,0.0,29,56.8,70.1,23,"{'value': 1, 'displayName': 'FirstHalf'}","{'value': 1, 'displayName': 'Pass'}","{'value': 1, 'displayName': 'Successful'}","[{'type': {'value': 212, 'displayName': 'Length'}, 'value': '16.3'}, {'type': {'value': 56, 'displayName': 'Zone'}, 'value': 'Left'}, {'type': {'value': 141, 'displayName': 'PassEndY'}, 'value': '93.3'}, {'type': {'value': 178, 'displayName': 'StandingSave'}}, {'type': {'value': 140, 'displayName': 'PassEndX'}, 'value': '60.7'}, {'type': {'value': 213, 'displayName': 'Angle'}, 'value': '1.3'}]","[91, 119, 117, 30, 36, 37, 216, 218]",True,106086.0,60.7,93.3,,,,,,,,,
2404709569.0,226,23,3.0,29,60.5,80.9,23,"{'value': 1, 'displayName': 'FirstHalf'}","{'value': 1, 'displayName': 'Pass'}","{'value': 1, 'displayName': 'Successful'}","[{'type': {'value': 140, 'displayName': 'PassEndX'}, 'value': '61.4'}, {'type': {'value': 56, 'displayName': 'Zone'}, 'value': 'Center'}, {'type': {'value': 141, 'displayName': 'PassEndY'}, 'value': '63.4'}, {'type': {'value': 212, 'displayName': 'Length'}, 'value': '11.9'}, {'type': {'value': 178, 'displayName': 'StandingSave'}}, {'type': {'value': 213, 'displayName': 'Angle'}, 'value': '4.8'}]","[91, 119, 117, 30, 36, 38, 216, 218]",True,68049.0,61.4,63.4,,,,,,,,,
2404709629.0,227,23,6.0,29,60.9,61.7,23,"{'value': 1, 'displayName': 'FirstHalf'}","{'value': 1, 'displayName': 'Pass'}","{'value': 1, 'displayName': 'Successful'}","[{'type': {'value': 56, 'displayName': 'Zone'}, 'value': 'Center'}, {'type': {'value': 213, 'displayName': 'Angle'}, 'value': '4.2'}, {'type': {'value': 140, 'displayName': 'PassEndX'}, 'value': '53.9'}, {'type': {'value': 212, 'displayName': 'Length'}, 'value': '15.0'}, {'type': {'value': 141, 'displayName': 'PassEndY'}, 'value': '42.5'}, {'type': {'value': 178, 'displayName': 'StandingSave'}}]","[91, 119, 117, 30, 35, 38, 216, 218]",True,89998.0,53.9,42.5,,,,,,,,,
2404709671.0,228,23,8.0,29,53.9,42.5,23,"{'value': 1, 'displayName': 'FirstHalf'}","{'value': 1, 'displayName': 'Pass'}","{'value': 1, 'displayName': 'Successful'}","[{'type': {'value': 212, 'displayName': 'Length'}, 'value': '16.9'}, {'type': {'value': 213, 'displayName': 'Angle'}, 'value': '4.9'}, {'type': {'value': 141, 'displayName': 'PassEndY'}, 'value': '18.1'}, {'type': {'value': 140, 'displayName': 'PassEndX'}, 'value': '57.0'}, {'type': {'value': 56, 'displayName': 'Zone'}, 'value': 'Right'}, {'type': {'value': 178, 'displayName': 'StandingSave'}}]","[91, 119, 117, 30, 36, 38, 216, 218]",True,73063.0,57.0,18.1,,,,,,,,,
2404709771.0,229,23,10.0,29,57.5,17.3,23,"{'value': 1, 'displayName': 'FirstHalf'}","{'value': 1, 'displayName': 'Pass'}","{'value': 1, 'displayName': 'Successful'}","[{'type': {'value': 141, 'displayName': 'PassEndY'}, 'value': '2.7'}, {'type': {'value': 140, 'displayName': 'PassEndX'}, 'value': '69.6'}, {'type': {'value': 213, 'displayName': 'Angle'}, 'value': '5.6'}, {'type': {'value': 212, 'displayName': 'Length'}, 'value': '16.1'}, {'type': {'value': 178, 'displayName': 'StandingSave'}}, {'type': {'value': 56, 'displayName': 'Zone'}, 'value': 'Right'}]","[91, 119, 117, 30, 205, 36, 38, 217, 218]",True,332325.0,69.6,2.7,,,,,,,,,
2404709813.0,230,23,14.0,29,63.9,13.7,23,"{'value': 1, 'displayName': 'FirstHalf'}","{'value': 1, 'displayName': 'Pass'}","{'value': 1, 'displayName': 'Successful'}","[{'type': {'value': 141, 'displayName': 'PassEndY'}, 'value': '32.7'}, {'type': {'value': 56, 'displayName': 'Zone'}, 'value': 'Center'}, {'type': {'value': 140, 'displayName': 'PassEndX'}, 'value': '53.9'}, {'type': {'value': 212, 'displayName': 'Length'}, 'value': '16.6'}, {'type': {'value': 178, 'displayName': 'StandingSave'}}, {'type': {'value': 213, 'displayName': 'Angle'}, 'value': '2.3'}]","[91, 119, 117, 30, 35, 37, 216, 218]",True,111372.0,53.9,32.7,,,,,,,,,
2404709855.0,231,23,16.0,29,53.9,32.7,23,"{'value': 1, 'displayName': 'FirstHalf'}","{'value': 1, 'displayName': 'Pass'}","{'value': 1, 'displayName': 'Successful'}","[{'type': {'value': 56, 'displayName': 'Zone'}, 'value': 'Center'}, {'type': {'value': 140, 'displayName': 'PassEndX'}, 'value': '55.3'}, {'type': {'value': 213, 'displayName': 'Angle'}, 'value': '1.4'}, {'type': {'value': 178, 'displayName': 'StandingSave'}}, {'type': {'value': 212, 'displayName': 'Length'}, 'value': '11.2'}, {'type': {'value': 141, 'displayName': 'PassEndY'}, 'value': '49.1'}]","[91, 119, 117, 30, 36, 37, 216, 218]",True,73063.0,55.3,49.1,,,,,,,,,
2404709919.0,232,23,18.0,29,53.6,45.3,23,"{'value': 1, 'displayName': 'FirstHalf'}","{'value': 1, 'displayName': 'Pass'}","{'value': 1, 'displayName': 'Successful'}","[{'type': {'value': 56, 'displayName': 'Zone'}, 'value': 'Right'}, {'type': {'value': 178, 'displayName': 'StandingSave'}}, {'type': {'value': 213, 'displayName': 'Angle'}, 'value': '5.0'}, {'type': {'value': 141, 'displayName': 'PassEndY'}, 'value': '15.8'}, {'type': {'value': 140, 'displayName': 'PassEndX'}, 'value': '58.4'}, {'type': {'value': 212, 'displayName': 'Length'}, 'value': '20.7'}]","[91, 119, 117, 30, 36, 38, 216, 218]",True,89998.0,58.4,15.8,,,,,,,,,
2404709957.0,233,23,21.0,29,58.4,15.8,23,"{'value': 1, 'displayName': 'FirstHalf'}","{'value': 1, 'displayName': 'Pass'}","{'value': 1, 'displayName': 'Successful'}","[{'type': {'value': 56, 'displayName': 'Zone'}, 'value': 'Center'}, {'type': {'value': 141, 'displayName': 'PassEndY'}, 'value': '24.5'}, {'type': {'value': 213, 'displayName': 'Angle'}, 'value': '1.6'}, {'type': {'value': 178, 'displayName': 'StandingSave'}}, {'type': {'value': 140, 'displayName': 'PassEndX'}, 'value': '58.3'}, {'type': {'value': 212, 'displayName': 'Length'}, 'value': '5.9'}]","[91, 119, 117, 30, 35, 37, 216, 218]",True,332325.0,58.3,24.5,,,,,,,,,
2404710015.0,234,23,23.0,29,57.9,23.8,23,"{'value': 1, 'displayName': 'FirstHalf'}","{'value': 1, 'displayName': 'Pass'}","{'value': 1, 'displayName': 'Successful'}","[{'type': {'value': 141, 'displayName': 'PassEndY'}, 'value': '10.0'}, {'type': {'value': 212, 'displayName': 'Length'}, 'value': '10.3'}, {'type': {'value': 56, 'displayName': 'Zone'}, 'value': 'Right'}, {'type': {'value': 213, 'displayName': 'Angle'}, 'value': '4.3'}, {'type': {'value': 178, 'displayName': 'StandingSave'}}, {'type': {'value': 140, 'displayName': 'PassEndX'}, 'value': '53.9'}]","[91, 119, 117, 30, 35, 38, 216, 218]",True,89998.0,53.9,10.0,,,,,,,,,
2404710053.0,235,23,26.0,29,54.2,10.6,23,"{'value': 1, 'displayName': 'FirstHalf'}","{'value': 1, 'displayName': 'Pass'}","{'value': 1, 'displayName': 'Successful'}","[{'type': {'value': 141, 'displayName': 'PassEndY'}, 'value': '24.2'}, {'type': {'value': 178, 'displayName': 'StandingSave'}}, {'type': {'value': 212, 'displayName': 'Length'}, 'value': '10.0'}, {'type': {'value': 140, 'displayName': 'PassEndX'}, 'value': '57.7'}, {'type': {'value': 213, 'displayName': 'Angle'}, 'value': '1.2'}, {'type': {'value': 56, 'displayName': 'Zone'}, 'value': 'Center'}]","[91, 119, 117, 30, 36, 37, 216, 218]",True,332325.0,57.7,24.2,,,,,,,,,
2404710107.0,236,23,27.0,29,56.7,24.2,23,"{'value': 1, 'displayName': 'FirstHalf'}","{'value': 1, 'displayName': 'Pass'}","{'value': 1, 'displayName': 'Successful'}","[{'type': {'value': 140, 'displayName': 'PassEndX'}, 'value': '46.6'}, {'type': {'value': 56, 'displayName': 'Zone'}, 'value': 'Back'}, {'type': {'value': 178, 'displayName': 'StandingSave'}}, {'type': {'value': 212, 'displayName': 'Length'}, 'value': '11.7'}, {'type': {'value': 141, 'displayName': 'PassEndY'}, 'value': '16.9'}, {'type': {'value': 213, 'displayName': 'Angle'}, 'value': '3.6'}]","[91, 117, 30, 35, 38, 216, 218]",True,89998.0,46.6,16.9,,,,,,,,,
2404710187.0,237,23,30.0,29,46.6,16.9,23,"{'value': 1, 'displayName': 'FirstHalf'}","{'value': 1, 'displayName': 'Pass'}","{'value': 1, 'displayName': 'Successful'}","[{'type': {'value': 56, 'displayName': 'Zone'}, 'value': 'Back'}, {'type': {'value': 178, 'displayName': 'StandingSave'}}, {'type': {'value': 140, 'displayName': 'PassEndX'}, 'value': '38.1'}, {'type': {'value': 213, 'displayName': 'Angle'}, 'value': '2.4'}, {'type': {'value': 212, 'displayName': 'Length'}, 'value': '11.6'}, {'type': {'value': 141, 'displayName': 'PassEndY'}, 'value': '27.8'}]","[91, 117, 30, 35, 37, 216, 218]",True,332325.0,38.1,27.8,,,,,,,,,
2404710233.0,238,23,34.0,29,39.1,26.3,23,"{'value': 1, 'displayName': 'FirstHalf'}","{'value': 1, 'displayName': 'Pass'}","{'value': 0, 'displayName': 'Unsuccessful'}","[{'type': {'value': 212, 'displayName': 'Length'}, 'value': '43.1'}, {'type': {'value': 213, 'displayName': 'Angle'}, 'value': '6.0'}, {'type': {'value': 141, 'displayName': 'PassEndY'}, 'value': '9.6'}, {'type': {'value': 140, 'displayName': 'PassEndX'}, 'value': '78.7'}, {'type': {'value': 155, 'displayName': 'Chipped'}}, {'type': {'value': 1, 'displayName': 'Longball'}}, {'type': {'value': 178, 'displayName': 'StandingSave'}}, {'type': {'value': 56, 'displayName': 'Zone'}, 'value': 'Right'}]","[91, 120, 124, 128, 36, 38, 217, 218]",True,73063.0,78.7,9.6,,,,,,,,,
2404710263.0,171,23,37.0,189,24.1,90.6,23,"{'value': 1, 'displayName': 'FirstHalf'}","{'value': 1, 'displayName': 'Pass'}","{'value': 1, 'displayName': 'Successful'}","[{'type': {'value': 3, 'displayName': 'HeadPass'}}, {'type': {'value': 212, 'displayName': 'Length'}, 'value': '9.8'}, {'type': {'value': 141, 'displayName': 'PassEndY'}, 'value': '87.5'}, {'type': {'value': 56, 'displayName': 'Zone'}, 'value': 'Back'}, {'type': {'value': 213, 'displayName': 'Angle'}, 'value': '6.1'}, {'type': {'value': 140, 'displayName': 'PassEndX'}, 'value': '33.2'}]","[91, 117, 30, 139, 36, 38, 215, 218]",True,229562.0,33.2,87.5,,,,,,,,,
2404710269.0,172,23,38.0,189,32.9,87.6,23,"{'value': 1, 'displayName': 'FirstHalf'}","{'value': 49, 'displayName': 'BallRecovery'}","{'value': 1, 'displayName': 'Successful'}",[],[93],False,101856.0,,,,,,,,,,,
2404710291.0,173,23,38.0,189,32.5,88.4,23,"{'value': 1, 'displayName': 'FirstHalf'}","{'value': 1, 'displayName': 'Pass'}","{'value': 0, 'displayName': 'Unsuccessful'}","[{'type': {'value': 178, 'displayName': 'StandingSave'}}, {'type': {'value': 140, 'displayName': 'PassEndX'}, 'value': '45.7'}, {'type': {'value': 213, 'displayName': 'Angle'}, 'value': '0.2'}, {'type': {'value': 212, 'displayName': 'Length'}, 'value': '14.1'}, {'type': {'value': 141, 'displayName': 'PassEndY'}, 'value': '92.1'}, {'type': {'value': 56, 'displayName': 'Zone'}, 'value': 'Back'}, {'type': {'value': 155, 'displayName': 'Chipped'}}]","[91, 118, 120, 29, 124, 36, 37, 216, 218]",True,101856.0,45.7,92.1,,,,,,,,,
2404710325.0,239,23,40.0,29,60.0,10.3,23,"{'value': 1, 'displayName': 'FirstHalf'}","{'value': 1, 'displayName': 'Pass'}","{'value': 1, 'displayName': 'Successful'}","[{'type': {'value': 141, 'displayName': 'PassEndY'}, 'value': '3.6'}, {'type': {'value': 212, 'displayName': 'Length'}, 'value': '8.8'}, {'type': {'value': 140, 'displayName': 'PassEndX'}, 'value': '67.2'}, {'type': {'value': 213, 'displayName': 'Angle'}, 'value': '5.7'}, {'type': {'value': 56, 'displayName': 'Zone'}, 'value': 'Right'}, {'type': {'value': 3, 'displayName': 'HeadPass'}}]","[91, 119, 117, 30, 139, 205, 36, 38, 217, 218]",True,332325.0,67.2,3.6,,,,,,,,,
2404710331.0,240,23,42.0,29,67.2,3.6,23,"{'value': 1, 'displayName': 'FirstHalf'}","{'value': 49, 'displayName': 'BallRecovery'}","{'value': 1, 'displayName': 'Successful'}",[],[93],False,111372.0,,,,,,,,,,,
2404710455.0,241,23,42.0,29,67.2,3.6,23,"{'value': 1, 'displayName': 'FirstHalf'}","{'value': 1, 'displayName': 'Pass'}","{'value': 1, 'displayName': 'Successful'}","[{'type': {'value': 213, 'displayName': 'Angle'}, 'value': '0.7'}, {'type': {'value': 178, 'displayName': 'StandingSave'}}, {'type': {'value': 141, 'displayName': 'PassEndY'}, 'value': '12.1'}, {'type': {'value': 212, 'displayName': 'Length'}, 'value': '8.6'}, {'type': {'value': 140, 'displayName': 'PassEndX'}, 'value': '73.3'}, {'type': {'value': 56, 'displayName': 'Zone'}, 'value': 'Right'}]","[91, 119, 117, 30, 205, 36, 37, 217, 218]",True,111372.0,73.3,12.1,,,,,,,,,
2404710519.0,242,23,48.0,29,78.7,3.6,23,"{'value': 1, 'displayName': 'FirstHalf'}","{'value': 1, 'displayName': 'Pass'}","{'value': 1, 'displayName': 'Successful'}","[{'type': {'value': 178, 'displayName': 'StandingSave'}}, {'type': {'value': 213, 'displayName': 'Angle'}, 'value': '2.0'}, {'type': {'value': 56, 'displayName': 'Zone'}, 'value': 'Right'}, {'type': {'value': 212, 'displayName': 'Length'}, 'value': '11.5'}, {'type': {'value': 141, 'displayName': 'PassEndY'}, 'value': '19.1'}, {'type': {'value': 140, 'displayName': 'PassEndX'}, 'value': '74.3'}]","[91, 119, 117, 30, 205, 35, 37, 217, 218]",True,322596.0,74.3,19.1,,,,,,,,,
2404710605.0,243,23,50.0,29,74.3,19.1,23,"{'value': 1, 'displayName': 'FirstHalf'}","{'value': 1, 'displayName': 'Pass'}","{'value': 1, 'displayName': 'Successful'}","[{'type': {'value': 56, 'displayName': 'Zone'}, 'value': 'Center'}, {'type': {'value': 213, 'displayName': 'Angle'}, 'value': '1.7'}, {'type': {'value': 141, 'displayName': 'PassEndY'}, 'value': '42.9'}, {'type': {'value': 178, 'displayName': 'StandingSave'}}, {'type': {'value': 212, 'displayName': 'Length'}, 'value': '16.3'}, {'type': {'value': 140, 'displayName': 'PassEndX'}, 'value': '72.5'}]","[91, 119, 117, 30, 205, 35, 37, 217, 218]",True,89998.0,72.5,42.9,,,,,,,,,
2404710635.0,244,23,54.0,29,72.0,39.7,23,"{'value': 1, 'displayName': 'FirstHalf'}","{'value': 1, 'displayName': 'Pass'}","{'value': 1, 'displayName': 'Successful'}","[{'type': {'value': 178, 'displayName': 'StandingSave'}}, {'type': {'value': 140, 'displayName': 'PassEndX'}, 'value': '87.6'}, {'type': {'value': 56, 'displayName': 'Zone'}, 'value': 'Right'}, {'type': {'value': 213, 'displayName': 'Angle'}, 'value': '5.6'}, {'type': {'value': 141, 'displayName': 'PassEndY'}, 'value': '18.1'}, {'type': {'value': 212, 'displayName': 'Length'}, 'value': '22.0'}]","[91, 119, 117, 30, 205, 36, 38, 217, 218]",True,297203.0,87.6,18.1,,,,,,,,,
2404710707.0,245,23,55.0,29,87.6,18.1,23,"{'value': 1, 'displayName': 'FirstHalf'}","{'value': 1, 'displayName': 'Pass'}","{'value': 1, 'displayName': 'Successful'}","[{'type': {'value': 56, 'displayName': 'Zone'}, 'value': 'Center'}, {'type': {'value': 141, 'displayName': 'PassEndY'}, 'value': '47.9'}, {'type': {'value': 155, 'displayName': 'Chipped'}}, {'type': {'value': 212, 'displayName': 'Length'}, 'value': '20.3'}, {'type': {'value': 154, 'displayName': 'IntentionalAssist'}}, {'type': {'value': 140, 'displayName': 'PassEndX'}, 'value': '89.2'}, {'type': {'value': 20, 'displayName': 'RightFoot'}}, {'type': {'value': 2, 'displayName': 'Cross'}}, {'type': {'value': 178, 'displayName': 'StandingSave'}}, {'type': {'value': 210, 'displayName': 'ShotAssist'}, 'value': '15'}, {'type': {'value': 213, 'displayName': 'Angle'}, 'value': '1.5'}, {'type': {'value': 11113, 'displayName': 'KeyPass'}}]","[91, 119, 123, 137, 124, 125, 40, 41, 36, 37, 217, 218]",True,111372.0,89.2,47.9,,,,,,,,,
2404710715.0,246,23,57.0,29,89.0,43.3,23,"{'value': 1, 'displayName': 'FirstHalf'}","{'value': 15, 'displayName': 'SavedShot'}","{'value': 1, 'displayName': 'Successful'}","[{'type': {'value': 22, 'displayName': 'RegularPlay'}}, {'type': {'value': 55, 'displayName': 'RelatedEventId'}, 'value': '245'}, {'type': {'value': 103, 'displayName': 'GoalMouthZ'}, 'value': '15.2'}, {'type': {'value': 17, 'displayName': 'BoxCentre'}}, {'type': {'value': 146, 'displayName': 'BlockedX'}, 'value': '98.8'}, {'type': {'value': 29, 'displayName': 'Assisted'}}, {'type': {'value': 154, 'displayName': 'IntentionalAssist'}}, {'type': {'value': 78, 'displayName': 'LowCentre'}}, {'type': {'value': 56, 'displayName': 'Zone'}, 'value': 'Center'}, {'type': {'value': 233, 'displayName': 'OppositeRelatedEvent'}, 'value': '175'}, {'type': {'value': 102, 'displayName': 'GoalMouthY'}, 'value': '51.0'}, {'type': {'value': 15, 'displayName': 'Head'}}, {'type': {'value': 147, 'displayName': 'BlockedY'}, 'value': '49.6'}]","[91, 9, 10, 1, 3, 14]",True,143595.0,,,245.0,111372.0,98.8,49.6,15.2,51.0,True,,
2404710749.0,175,23,57.0,189,2.8,49.9,23,"{'value': 1, 'displayName': 'FirstHalf'}","{'value': 10, 'displayName': 'Save'}","{'value': 1, 'displayName': 'Successful'}","[{'type': {'value': 178, 'displayName': 'StandingSave'}}, {'type': {'value': 233, 'displayName': 'OppositeRelatedEvent'}, 'value': '246'}, {'type': {'value': 182, 'displayName': 'Hands'}}, {'type': {'value': 56, 'displayName': 'Zone'}, 'value': 'Back'}, {'type': {'value': 177, 'displayName': 'Collected'}}, {'type': {'value': 11115, 'displayName': 'KeeperSaveInTheBox'}}]","[91, 110, 113, 112, 77, 79, 84, 81]",True,276366.0,,,,,,,,,,,
2404710735.0,174,23,57.0,189,2.8,49.9,23,"{'value': 1, 'displayName': 'FirstHalf'}","{'value': 52, 'displayName': 'KeeperPickup'}","{'value': 1, 'displayName': 'Successful'}","[{'type': {'value': 178, 'displayName': 'StandingSave'}}]",[93],False,276366.0,,,,,,,,,,,
2404711013.0,176,24,13.0,189,8.6,49.4,24,"{'value': 1, 'displayName': 'FirstHalf'}","{'value': 1, 'displayName': 'Pass'}","{'value': 1, 'displayName': 'Successful'}","[{'type': {'value': 140, 'displayName': 'PassEndX'}, 'value': '13.8'}, {'type': {'value': 178, 'displayName': 'StandingSave'}}, {'type': {'value': 213, 'displayName': 'Angle'}, 'value': '1.2'}, {'type': {'value': 56, 'displayName': 'Zone'}, 'value': 'Back'}, {'type': {'value': 212, 'displayName': 'Length'}, 'value': '17.3'}, {'type': {'value': 123, 'displayName': 'KeeperThrow'}}, {'type': {'value': 141, 'displayName': 'PassEndY'}, 'value': '73.5'}]","[91, 36, 37, 215, 218]",True,276366.0,13.8,73.5,,,,,,,,,
2404711083.0,177,24,16.0,189,13.8,73.5,24,"{'value': 1, 'displayName': 'FirstHalf'}","{'value': 1, 'displayName': 'Pass'}","{'value': 1, 'displayName': 'Successful'}","[{'type': {'value': 140, 'displayName': 'PassEndX'}, 'value': '8.0'}, {'type': {'value': 141, 'displayName': 'PassEndY'}, 'value': '52.4'}, {'type': {'value': 56, 'displayName': 'Zone'}, 'value': 'Back'}, {'type': {'value': 178, 'displayName': 'StandingSave'}}, {'type': {'value': 212, 'displayName': 'Length'}, 'value': '15.6'}, {'type': {'value': 213, 'displayName': 'Angle'}, 'value': '4.3'}]","[91, 117, 30, 35, 38, 215, 218]",True,342499.0,8.0,52.4,,,,,,,,,
2404711149.0,178,24,20.0,189,8.3,49.3,24,"{'value': 1, 'displayName': 'FirstHalf'}","{'value': 1, 'displayName': 'Pass'}","{'value': 1, 'displayName': 'Successful'}","[{'type': {'value': 56, 'displayName': 'Zone'}, 'value': 'Back'}, {'type': {'value': 178, 'displayName': 'StandingSave'}}, {'type': {'value': 140, 'displayName': 'PassEndX'}, 'value': '21.3'}, {'type': {'value': 212, 'displayName': 'Length'}, 'value': '22.8'}, {'type': {'value': 213, 'displayName': 'Angle'}, 'value': '5.4'}, {'type': {'value': 141, 'displayName': 'PassEndY'}, 'value': '22.4'}]","[91, 117, 30, 36, 38, 215, 218]",True,276366.0,21.3,22.4,,,,,,,,,
2404711191.0,179,24,24.0,189,24.7,22.3,24,"{'value': 1, 'displayName': 'FirstHalf'}","{'value': 1, 'displayName': 'Pass'}","{'value': 1, 'displayName': 'Successful'}","[{'type': {'value': 178, 'displayName': 'StandingSave'}}, {'type': {'value': 56, 'displayName': 'Zone'}, 'value': 'Back'}, {'type': {'value': 213, 'displayName': 'Angle'}, 'value': '0.5'}, {'type': {'value': 140, 'displayName': 'PassEndX'}, 'value': '40.3'}, {'type': {'value': 141, 'displayName': 'PassEndY'}, 'value': '36.4'}, {'type': {'value': 212, 'displayName': 'Length'}, 'value': '19.0'}]","[91, 117, 30, 36, 37, 216, 218]",True,29026.0,40.3,36.4,,,,,,,,,
2404711235.0,180,24,25.0,189,40.3,36.4,24,"{'value': 1, 'displayName': 'FirstHalf'}","{'value': 1, 'displayName': 'Pass'}","{'value': 0, 'displayName': 'Unsuccessful'}","[{'type': {'value': 140, 'displayName': 'PassEndX'}, 'value': '70.4'}, {'type': {'value': 178, 'displayName': 'StandingSave'}}, {'type': {'value': 1, 'displayName': 'Longball'}}, {'type': {'value': 213, 'displayName': 'Angle'}, 'value': '5.8'}, {'type': {'value': 56, 'displayName': 'Zone'}, 'value': 'Right'}, {'type': {'value': 141, 'displayName': 'PassEndY'}, 'value': '11.0'}, {'type': {'value': 155, 'displayName': 'Chipped'}}, {'type': {'value': 212, 'displayName': 'Length'}, 'value': '36.0'}]","[91, 120, 124, 128, 36, 38, 217, 218]",True,134240.0,70.4,11.0,,,,,,,,,
2404711275.0,247,24,28.0,29,34.2,91.7,24,"{'value': 1, 'displayName': 'FirstHalf'}","{'value': 1, 'displayName': 'Pass'}","{'value': 0, 'displayName': 'Unsuccessful'}","[{'type': {'value': 56, 'displayName': 'Zone'}, 'value': 'Left'}, {'type': {'value': 140, 'displayName': 'PassEndX'}, 'value': '54.5'}, {'type': {'value': 141, 'displayName': 'PassEndY'}, 'value': '92.3'}, {'type': {'value': 1, 'displayName': 'Longball'}}, {'type': {'value': 178, 'displayName': 'StandingSave'}}, {'type': {'value': 213, 'displayName': 'Angle'}, 'value': '0.0'}, {'type': {'value': 212, 'displayName': 'Length'}, 'value': '21.3'}]","[91, 120, 128, 36, 37, 216, 218]",True,68049.0,54.5,92.3,,,,,,,,,
2404711331.0,181,24,30.0,189,42.4,11.8,24,"{'value': 1, 'displayName': 'FirstHalf'}","{'value': 1, 'displayName': 'Pass'}","{'value': 0, 'displayName': 'Unsuccessful'}","[{'type': {'value': 213, 'displayName': 'Angle'}, 'value': '0.2'}, {'type': {'value': 3, 'displayName': 'HeadPass'}}, {'type': {'value': 212, 'displayName': 'Length'}, 'value': '11.6'}, {'type': {'value': 56, 'displayName': 'Zone'}, 'value': 'Right'}, {'type': {'value': 141, 'displayName': 'PassEndY'}, 'value': '15.5'}, {'type': {'value': 140, 'displayName': 'PassEndX'}, 'value': '53.2'}]","[91, 120, 29, 139, 36, 37, 216, 218]",True,321085.0,53.2,15.5,,,,,,,,,
2404711373.0,248,24,32.0,29,47.6,82.1,24,"{'value': 1, 'displayName': 'FirstHalf'}","{'value': 1, 'displayName': 'Pass'}","{'value': 0, 'displayName': 'Unsuccessful'}","[{'type': {'value': 213, 'displayName': 'Angle'}, 'value': '6.1'}, {'type': {'value': 3, 'displayName': 'HeadPass'}}, {'type': {'value': 212, 'displayName': 'Length'}, 'value': '14.5'}, {'type': {'value': 56, 'displayName': 'Zone'}, 'value': 'Center'}, {'type': {'value': 141, 'displayName': 'PassEndY'}, 'value': '78.6'}, {'type': {'value': 140, 'displayName': 'PassEndX'}, 'value': '61.2'}]","[91, 120, 29, 139, 36, 38, 216, 218]",True,297203.0,61.2,78.6,,,,,,,,,
2404711367.0,182,24,34.0,189,37.7,21.0,24,"{'value': 1, 'displayName': 'FirstHalf'}","{'value': 44, 'displayName': 'Aerial'}","{'value': 1, 'displayName': 'Successful'}","[{'type': {'value': 285, 'displayName': 'Defensive'}}, {'type': {'value': 56, 'displayName': 'Zone'}, 'value': 'Back'}, {'type': {'value': 233, 'displayName': 'OppositeRelatedEvent'}, 'value': '249'}]","[197, 200]",False,29026.0,,,,,,,,,,,
2404711381.0,249,24,34.0,29,62.3,79.0,24,"{'value': 1, 'displayName': 'FirstHalf'}","{'value': 44, 'displayName': 'Aerial'}","{'value': 0, 'displayName': 'Unsuccessful'}","[{'type': {'value': 286, 'displayName': 'Offensive'}}, {'type': {'value': 56, 'displayName': 'Zone'}, 'value': 'Left'}, {'type': {'value': 233, 'displayName': 'OppositeRelatedEvent'}, 'value': '182'}]","[198, 199]",False,69517.0,,,,,,,,,,,
2404711439.0,183,24,34.0,189,34.4,20.0,24,"{'value': 1, 'displayName': 'FirstHalf'}","{'value': 1, 'displayName': 'Pass'}","{'value': 1, 'displayName': 'Successful'}","[{'type': {'value': 3, 'displayName': 'HeadPass'}}, {'type': {'value': 56, 'displayName': 'Zone'}, 'value': 'Back'}, {'type': {'value': 212, 'displayName': 'Length'}, 'value': '4.5'}, {'type': {'value': 213, 'displayName': 'Angle'}, 'value': '4.7'}, {'type': {'value': 140, 'displayName': 'PassEndX'}, 'value': '34.4'}, {'type': {'value': 141, 'displayName': 'PassEndY'}, 'value': '13.4'}]","[91, 117, 30, 139, 38, 216, 218]",True,29026.0,34.4,13.4,,,,,,,,,
2404711557.0,184,24,37.0,189,31.9,7.6,24,"{'value': 1, 'displayName': 'FirstHalf'}","{'value': 1, 'displayName': 'Pass'}","{'value': 1, 'displayName': 'Successful'}","[{'type': {'value': 212, 'displayName': 'Length'}, 'value': '17.2'}, {'type': {'value': 178, 'displayName': 'StandingSave'}}, {'type': {'value': 213, 'displayName': 'Angle'}, 'value': '6.3'}, {'type': {'value': 141, 'displayName': 'PassEndY'}, 'value': '7.0'}, {'type': {'value': 56, 'displayName': 'Zone'}, 'value': 'Back'}, {'type': {'value': 140, 'displayName': 'PassEndX'}, 'value': '48.3'}]","[91, 117, 30, 36, 38, 216, 218]",True,321085.0,48.3,7.0,,,,,,,,,
2404711585.0,185,24,43.0,189,61.7,9.8,24,"{'value': 1, 'displayName': 'FirstHalf'}","{'value': 1, 'displayName': 'Pass'}","{'value': 1, 'displayName': 'Successful'}","[{'type': {'value': 140, 'displayName': 'PassEndX'}, 'value': '56.7'}, {'type': {'value': 56, 'displayName': 'Zone'}, 'value': 'Center'}, {'type': {'value': 212, 'displayName': 'Length'}, 'value': '19.5'}, {'type': {'value': 178, 'displayName': 'StandingSave'}}, {'type': {'value': 141, 'displayName': 'PassEndY'}, 'value': '37.4'}, {'type': {'value': 213, 'displayName': 'Angle'}, 'value': '1.8'}]","[91, 119, 117, 30, 35, 37, 216, 218]",True,298689.0,56.7,37.4,,,,,,,,,
2404711615.0,186,24,45.0,189,56.7,37.6,24,"{'value': 1, 'displayName': 'FirstHalf'}","{'value': 1, 'displayName': 'Pass'}","{'value': 1, 'displayName': 'Successful'}","[{'type': {'value': 178, 'displayName': 'StandingSave'}}, {'type': {'value': 140, 'displayName': 'PassEndX'}, 'value': '45.3'}, {'type': {'value': 213, 'displayName': 'Angle'}, 'value': '2.4'}, {'type': {'value': 56, 'displayName': 'Zone'}, 'value': 'Back'}, {'type': {'value': 141, 'displayName': 'PassEndY'}, 'value': '54.2'}, {'type': {'value': 212, 'displayName': 'Length'}, 'value': '16.5'}]","[91, 117, 30, 35, 37, 216, 218]",True,69344.0,45.3,54.2,,,,,,,,,
2404711653.0,187,24,48.0,189,45.5,57.5,24,"{'value': 1, 'displayName': 'FirstHalf'}","{'value': 1, 'displayName': 'Pass'}","{'value': 1, 'displayName': 'Successful'}","[{'type': {'value': 141, 'displayName': 'PassEndY'}, 'value': '92.9'}, {'type': {'value': 212, 'displayName': 'Length'}, 'value': '27.3'}, {'type': {'value': 140, 'displayName': 'PassEndX'}, 'value': '57.8'}, {'type': {'value': 56, 'displayName': 'Zone'}, 'value': 'Left'}, {'type': {'value': 178, 'displayName': 'StandingSave'}}, {'type': {'value': 213, 'displayName': 'Angle'}, 'value': '1.1'}]","[91, 119, 117, 30, 36, 37, 216, 218]",True,342499.0,57.8,92.9,,,,,,,,,
2404711685.0,188,24,50.0,189,57.8,92.9,24,"{'value': 1, 'displayName': 'FirstHalf'}","{'value': 1, 'displayName': 'Pass'}","{'value': 1, 'displayName': 'Successful'}","[{'type': {'value': 56, 'displayName': 'Zone'}, 'value': 'Back'}, {'type': {'value': 178, 'displayName': 'StandingSave'}}, {'type': {'value': 140, 'displayName': 'PassEndX'}, 'value': '47.3'}, {'type': {'value': 141, 'displayName': 'PassEndY'}, 'value': '76.1'}, {'type': {'value': 212, 'displayName': 'Length'}, 'value': '15.9'}, {'type': {'value': 213, 'displayName': 'Angle'}, 'value': '3.9'}]","[91, 117, 30, 35, 38, 216, 218]",True,229562.0,47.3,76.1,,,,,,,,,
2404711733.0,189,24,53.0,189,47.3,73.4,24,"{'value': 1, 'displayName': 'FirstHalf'}","{'value': 1, 'displayName': 'Pass'}","{'value': 1, 'displayName': 'Successful'}","[{'type': {'value': 141, 'displayName': 'PassEndY'}, 'value': '33.4'}, {'type': {'value': 178, 'displayName': 'StandingSave'}}, {'type': {'value': 140, 'displayName': 'PassEndX'}, 'value': '43.2'}, {'type': {'value': 212, 'displayName': 'Length'}, 'value': '27.5'}, {'type': {'value': 213, 'displayName': 'Angle'}, 'value': '4.6'}, {'type': {'value': 56, 'displayName': 'Zone'}, 'value': 'Back'}]","[91, 117, 30, 35, 38, 216, 218]",True,69344.0,43.2,33.4,,,,,,,,,
2404711833.0,190,24,56.0,189,43.8,33.1,24,"{'value': 1, 'displayName': 'FirstHalf'}","{'value': 1, 'displayName': 'Pass'}","{'value': 1, 'displayName': 'Successful'}","[{'type': {'value': 56, 'displayName': 'Zone'}, 'value': 'Right'}, {'type': {'value': 212, 'displayName': 'Length'}, 'value': '24.5'}, {'type': {'value': 141, 'displayName': 'PassEndY'}, 'value': '4.9'}, {'type': {'value': 213, 'displayName': 'Angle'}, 'value': '5.4'}, {'type': {'value': 140, 'displayName': 'PassEndX'}, 'value': '58.3'}, {'type': {'value': 178, 'displayName': 'StandingSave'}}]","[91, 119, 117, 30, 36, 38, 216, 218]",True,29026.0,58.3,4.9,,,,,,,,,
2404723897.0,11198,25,,189,77.1,61.6,25,"{'value': 1, 'displayName': 'FirstHalf'}","{'value': 10000, 'displayName': 'OffsideGiven'}","{'value': 0, 'displayName': 'Unsuccessful'}",[],[61],False,353377.0,,,,,,,,,,,
2404711845.0,191,25,1.0,189,64.4,28.0,25,"{'value': 1, 'displayName': 'FirstHalf'}","{'value': 1, 'displayName': 'Pass'}","{'value': 0, 'displayName': 'Unsuccessful'}","[{'type': {'value': 56, 'displayName': 'Zone'}, 'value': 'Center'}, {'type': {'value': 141, 'displayName': 'PassEndY'}, 'value': '68.3'}, {'type': {'value': 140, 'displayName': 'PassEndX'}, 'value': '67.9'}, {'type': {'value': 178, 'displayName': 'StandingSave'}}, {'type': {'value': 212, 'displayName': 'Length'}, 'value': '27.6'}, {'type': {'value': 213, 'displayName': 'Angle'}, 'value': '1.4'}]","[91, 120, 29, 36, 37, 217, 218]",True,321085.0,67.9,68.3,,,,,,,,,
2404711853.0,250,25,3.0,29,33.7,35.1,25,"{'value': 1, 'displayName': 'FirstHalf'}","{'value': 49, 'displayName': 'BallRecovery'}","{'value': 1, 'displayName': 'Successful'}",[],[93],False,322596.0,,,,,,,,,,,
2404711879.0,251,25,4.0,29,33.2,33.4,25,"{'value': 1, 'displayName': 'FirstHalf'}","{'value': 1, 'displayName': 'Pass'}","{'value': 1, 'displayName': 'Successful'}","[{'type': {'value': 140, 'displayName': 'PassEndX'}, 'value': '24.7'}, {'type': {'value': 178, 'displayName': 'StandingSave'}}, {'type': {'value': 56, 'displayName': 'Zone'}, 'value': 'Back'}, {'type': {'value': 141, 'displayName': 'PassEndY'}, 'value': '30.7'}, {'type': {'value': 212, 'displayName': 'Length'}, 'value': '9.1'}, {'type': {'value': 213, 'displayName': 'Angle'}, 'value': '3.3'}]","[91, 117, 30, 35, 38, 215, 218]",True,322596.0,24.7,30.7,,,,,,,,,
2404711907.0,252,25,6.0,29,23.3,29.3,25,"{'value': 1, 'displayName': 'FirstHalf'}","{'value': 1, 'displayName': 'Pass'}","{'value': 1, 'displayName': 'Successful'}","[{'type': {'value': 212, 'displayName': 'Length'}, 'value': '5.9'}, {'type': {'value': 213, 'displayName': 'Angle'}, 'value': '6.1'}, {'type': {'value': 56, 'displayName': 'Zone'}, 'value': 'Back'}, {'type': {'value': 141, 'displayName': 'PassEndY'}, 'value': '27.5'}, {'type': {'value': 178, 'displayName': 'StandingSave'}}, {'type': {'value': 140, 'displayName': 'PassEndX'}, 'value': '28.8'}]","[91, 117, 30, 36, 38, 215, 218]",True,111372.0,28.8,27.5,,,,,,,,,
2404712001.0,253,25,8.0,29,29.1,26.6,25,"{'value': 1, 'displayName': 'FirstHalf'}","{'value': 1, 'displayName': 'Pass'}","{'value': 1, 'displayName': 'Successful'}","[{'type': {'value': 212, 'displayName': 'Length'}, 'value': '12.1'}, {'type': {'value': 141, 'displayName': 'PassEndY'}, 'value': '12.0'}, {'type': {'value': 56, 'displayName': 'Zone'}, 'value': 'Back'}, {'type': {'value': 178, 'displayName': 'StandingSave'}}, {'type': {'value': 140, 'displayName': 'PassEndX'}, 'value': '35.7'}, {'type': {'value': 213, 'displayName': 'Angle'}, 'value': '5.3'}]","[91, 117, 30, 36, 38, 216, 218]",True,143595.0,35.7,12.0,,,,,,,,,
2404712209.0,254,25,13.0,29,52.5,4.4,25,"{'value': 1, 'displayName': 'FirstHalf'}","{'value': 1, 'displayName': 'Pass'}","{'value': 1, 'displayName': 'Successful'}","[{'type': {'value': 213, 'displayName': 'Angle'}, 'value': '6.2'}, {'type': {'value': 212, 'displayName': 'Length'}, 'value': '12.4'}, {'type': {'value': 140, 'displayName': 'PassEndX'}, 'value': '64.3'}, {'type': {'value': 141, 'displayName': 'PassEndY'}, 'value': '3.6'}, {'type': {'value': 178, 'displayName': 'StandingSave'}}, {'type': {'value': 56, 'displayName': 'Zone'}, 'value': 'Right'}]","[91, 119, 117, 30, 36, 38, 216, 218]",True,111372.0,64.3,3.6,,,,,,,,,
2404712231.0,255,25,22.0,29,95.1,7.1,25,"{'value': 1, 'displayName': 'FirstHalf'}","{'value': 1, 'displayName': 'Pass'}","{'value': 0, 'displayName': 'Unsuccessful'}","[{'type': {'value': 212, 'displayName': 'Length'}, 'value': '15.5'}, {'type': {'value': 213, 'displayName': 'Angle'}, 'value': '1.6'}, {'type': {'value': 2, 'displayName': 'Cross'}}, {'type': {'value': 56, 'displayName': 'Zone'}, 'value': 'Center'}, {'type': {'value': 141, 'displayName': 'PassEndY'}, 'value': '29.9'}, {'type': {'value': 140, 'displayName': 'PassEndX'}, 'value': '94.9'}, {'type': {'value': 20, 'displayName': 'RightFoot'}}, {'type': {'value': 178, 'displayName': 'StandingSave'}}]","[91, 137, 126, 35, 37, 217, 218]",True,69517.0,94.9,29.9,,,,,,,,,
2404712295.0,192,25,23.0,189,4.1,66.9,25,"{'value': 1, 'displayName': 'FirstHalf'}","{'value': 12, 'displayName': 'Clearance'}","{'value': 1, 'displayName': 'Successful'}","[{'type': {'value': 141, 'displayName': 'PassEndY'}, 'value': '100.0'}, {'type': {'value': 212, 'displayName': 'Length'}, 'value': '39.6'}, {'type': {'value': 213, 'displayName': 'Angle'}, 'value': '0.6'}, {'type': {'value': 140, 'displayName': 'PassEndX'}, 'value': '34.6'}, {'type': {'value': 56, 'displayName': 'Zone'}, 'value': 'Back'}, {'type': {'value': 178, 'displayName': 'StandingSave'}}]","[91, 94, 95, 216]",True,101856.0,34.6,100.0,,,,,,,,,
2404712689.0,257,25,47.0,29,54.5,0.0,25,"{'value': 1, 'displayName': 'FirstHalf'}","{'value': 1, 'displayName': 'Pass'}","{'value': 1, 'displayName': 'Successful'}","[{'type': {'value': 213, 'displayName': 'Angle'}, 'value': '2.1'}, {'type': {'value': 140, 'displayName': 'PassEndX'}, 'value': '52.0'}, {'type': {'value': 141, 'displayName': 'PassEndY'}, 'value': '5.0'}, {'type': {'value': 212, 'displayName': 'Length'}, 'value': '5.4'}, {'type': {'value': 56, 'displayName': 'Zone'}, 'value': 'Right'}, {'type': {'value': 107, 'displayName': 'ThrowIn'}}]","[91, 212, 35, 37, 216]",True,111372.0,52.0,5.0,,,,,,,,,
2404712715.0,258,25,48.0,29,52.0,5.0,25,"{'value': 1, 'displayName': 'FirstHalf'}","{'value': 1, 'displayName': 'Pass'}","{'value': 1, 'displayName': 'Successful'}","[{'type': {'value': 213, 'displayName': 'Angle'}, 'value': '5.9'}, {'type': {'value': 212, 'displayName': 'Length'}, 'value': '5.9'}, {'type': {'value': 141, 'displayName': 'PassEndY'}, 'value': '1.5'}, {'type': {'value': 178, 'displayName': 'StandingSave'}}, {'type': {'value': 56, 'displayName': 'Zone'}, 'value': 'Right'}, {'type': {'value': 140, 'displayName': 'PassEndX'}, 'value': '57.1'}]","[91, 119, 117, 30, 36, 38, 216, 218]",True,332325.0,57.1,1.5,,,,,,,,,
2404712731.0,259,25,49.0,29,57.5,1.5,25,"{'value': 1, 'displayName': 'FirstHalf'}","{'value': 1, 'displayName': 'Pass'}","{'value': 0, 'displayName': 'Unsuccessful'}","[{'type': {'value': 212, 'displayName': 'Length'}, 'value': '6.1'}, {'type': {'value': 141, 'displayName': 'PassEndY'}, 'value': '0.0'}, {'type': {'value': 213, 'displayName': 'Angle'}, 'value': '3.5'}, {'type': {'value': 56, 'displayName': 'Zone'}, 'value': 'Right'}, {'type': {'value': 178, 'displayName': 'StandingSave'}}, {'type': {'value': 140, 'displayName': 'PassEndX'}, 'value': '52.2'}]","[91, 120, 29, 35, 38, 216, 218]",True,111372.0,52.2,0.0,,,,,,,,,
2404712803.0,195,25,54.0,189,41.0,100.0,25,"{'value': 1, 'displayName': 'FirstHalf'}","{'value': 1, 'displayName': 'Pass'}","{'value': 1, 'displayName': 'Successful'}","[{'type': {'value': 56, 'displayName': 'Zone'}, 'value': 'Left'}, {'type': {'value': 140, 'displayName': 'PassEndX'}, 'value': '56.1'}, {'type': {'value': 141, 'displayName': 'PassEndY'}, 'value': '88.2'}, {'type': {'value': 107, 'displayName': 'ThrowIn'}}, {'type': {'value': 212, 'displayName': 'Length'}, 'value': '18.1'}, {'type': {'value': 213, 'displayName': 'Angle'}, 'value': '5.8'}]","[91, 212, 36, 38, 216]",True,69344.0,56.1,88.2,,,,,,,,,
2404712841.0,196,25,55.0,189,56.1,88.2,25,"{'value': 1, 'displayName': 'FirstHalf'}","{'value': 1, 'displayName': 'Pass'}","{'value': 1, 'displayName': 'Successful'}","[{'type': {'value': 178, 'displayName': 'StandingSave'}}, {'type': {'value': 140, 'displayName': 'PassEndX'}, 'value': '54.0'}, {'type': {'value': 56, 'displayName': 'Zone'}, 'value': 'Left'}, {'type': {'value': 141, 'displayName': 'PassEndY'}, 'value': '92.7'}, {'type': {'value': 212, 'displayName': 'Length'}, 'value': '3.8'}, {'type': {'value': 213, 'displayName': 'Angle'}, 'value': '2.2'}]","[91, 119, 117, 30, 35, 37, 216, 218]",True,134240.0,54.0,92.7,,,,,,,,,
2404712849.0,197,25,55.0,189,54.0,92.7,25,"{'value': 1, 'displayName': 'FirstHalf'}","{'value': 1, 'displayName': 'Pass'}","{'value': 1, 'displayName': 'Successful'}","[{'type': {'value': 56, 'displayName': 'Zone'}, 'value': 'Left'}, {'type': {'value': 213, 'displayName': 'Angle'}, 'value': '5.6'}, {'type': {'value': 140, 'displayName': 'PassEndX'}, 'value': '57.4'}, {'type': {'value': 212, 'displayName': 'Length'}, 'value': '4.5'}, {'type': {'value': 178, 'displayName': 'StandingSave'}}, {'type': {'value': 141, 'displayName': 'PassEndY'}, 'value': '88.7'}]","[91, 119, 117, 30, 36, 38, 216, 218]",True,69344.0,57.4,88.7,,,,,,,,,
2404712897.0,198,25,58.0,189,58.4,86.3,25,"{'value': 1, 'displayName': 'FirstHalf'}","{'value': 2, 'displayName': 'OffsidePass'}","{'value': 1, 'displayName': 'Successful'}","[{'type': {'value': 140, 'displayName': 'PassEndX'}, 'value': '77.1'}, {'type': {'value': 178, 'displayName': 'StandingSave'}}, {'type': {'value': 56, 'displayName': 'Zone'}, 'value': 'Center'}, {'type': {'value': 141, 'displayName': 'PassEndY'}, 'value': '61.6'}, {'type': {'value': 7, 'displayName': 'PlayerCaughtOffside'}, 'value': '353377'}]","[91, 217]",True,134240.0,77.1,61.6,,,,,,,,,
2404713057.0,262,25,58.0,29,27.3,47.2,25,"{'value': 1, 'displayName': 'FirstHalf'}","{'value': 55, 'displayName': 'OffsideProvoked'}","{'value': 1, 'displayName': 'Successful'}",[],[62],False,68049.0,,,,,,,,,,,
2404715519.0,265,28,38.0,29,0.0,0.0,28,"{'value': 1, 'displayName': 'FirstHalf'}","{'value': 18, 'displayName': 'SubstitutionOff'}","{'value': 1, 'displayName': 'Successful'}","[{'type': {'value': 55, 'displayName': 'RelatedEventId'}, 'value': '266'}, {'type': {'value': 44, 'displayName': 'PlayerPosition'}, 'value': 'Defender'}, {'type': {'value': 59, 'displayName': 'JerseyNumber'}, 'value': '4'}]",[214],False,106086.0,,,266.0,300359.0,,,,,,,
2404715525.0,266,28,38.0,29,0.0,0.0,28,"{'value': 1, 'displayName': 'FirstHalf'}","{'value': 19, 'displayName': 'SubstitutionOn'}","{'value': 1, 'displayName': 'Successful'}","[{'type': {'value': 145, 'displayName': 'FormationSlot'}, 'value': '6'}, {'type': {'value': 59, 'displayName': 'JerseyNumber'}, 'value': '23'}, {'type': {'value': 44, 'displayName': 'PlayerPosition'}, 'value': 'Defender'}, {'type': {'value': 55, 'displayName': 'RelatedEventId'}, 'value': '265'}]",[213],False,300359.0,,,265.0,106086.0,,,,,,,
2404727759.0,11272,29,,29,53.6,45.0,29,"{'value': 1, 'displayName': 'FirstHalf'}","{'value': 10000, 'displayName': 'OffsideGiven'}","{'value': 0, 'displayName': 'Unsuccessful'}",[],[61],False,69517.0,,,,,,,,,,,
2404716031.0,267,29,6.0,29,21.9,29.6,29,"{'value': 1, 'displayName': 'FirstHalf'}","{'value': 1, 'displayName': 'Pass'}","{'value': 1, 'displayName': 'Successful'}","[{'type': {'value': 5, 'displayName': 'FreekickTaken'}}, {'type': {'value': 1, 'displayName': 'Longball'}}, {'type': {'value': 56, 'displayName': 'Zone'}, 'value': 'Right'}, {'type': {'value': 155, 'displayName': 'Chipped'}}, {'type': {'value': 140, 'displayName': 'PassEndX'}, 'value': '63.9'}, {'type': {'value': 213, 'displayName': 'Angle'}, 'value': '5.9'}, {'type': {'value': 178, 'displayName': 'StandingSave'}}, {'type': {'value': 212, 'displayName': 'Length'}, 'value': '47.8'}, {'type': {'value': 241, 'displayName': 'IndirectFreekickTaken'}}, {'type': {'value': 141, 'displayName': 'PassEndY'}, 'value': '2.6'}]","[91, 119, 117, 124, 127, 132, 36, 38, 216, 218]",True,20973.0,63.9,2.6,,,,,,,,,
2404716037.0,268,29,10.0,29,66.2,3.4,29,"{'value': 1, 'displayName': 'FirstHalf'}","{'value': 44, 'displayName': 'Aerial'}","{'value': 1, 'displayName': 'Successful'}","[{'type': {'value': 233, 'displayName': 'OppositeRelatedEvent'}, 'value': '203'}, {'type': {'value': 286, 'displayName': 'Offensive'}}, {'type': {'value': 56, 'displayName': 'Zone'}, 'value': 'Right'}]","[197, 199]",False,143595.0,,,,,,,,,,,
2404716021.0,203,29,10.0,189,33.8,96.6,29,"{'value': 1, 'displayName': 'FirstHalf'}","{'value': 44, 'displayName': 'Aerial'}","{'value': 0, 'displayName': 'Unsuccessful'}","[{'type': {'value': 56, 'displayName': 'Zone'}, 'value': 'Back'}, {'type': {'value': 285, 'displayName': 'Defensive'}}, {'type': {'value': 233, 'displayName': 'OppositeRelatedEvent'}, 'value': '268'}]","[198, 200]",False,229562.0,,,,,,,,,,,
2404716083.0,269,29,10.0,29,63.9,2.6,29,"{'value': 1, 'displayName': 'FirstHalf'}","{'value': 1, 'displayName': 'Pass'}","{'value': 0, 'displayName': 'Unsuccessful'}","[{'type': {'value': 140, 'displayName': 'PassEndX'}, 'value': '59.7'}, {'type': {'value': 212, 'displayName': 'Length'}, 'value': '12.0'}, {'type': {'value': 141, 'displayName': 'PassEndY'}, 'value': '19.0'}, {'type': {'value': 213, 'displayName': 'Angle'}, 'value': '1.9'}, {'type': {'value': 3, 'displayName': 'HeadPass'}}, {'type': {'value': 56, 'displayName': 'Zone'}, 'value': 'Right'}]","[91, 120, 29, 139, 35, 37, 216, 218]",True,143595.0,59.7,19.0,,,,,,,,,
2404716057.0,204,29,12.0,189,34.4,74.4,29,"{'value': 1, 'displayName': 'FirstHalf'}","{'value': 49, 'displayName': 'BallRecovery'}","{'value': 1, 'displayName': 'Successful'}",[],[93],False,298689.0,,,,,,,,,,,
2404716095.0,205,29,13.0,189,34.2,77.3,29,"{'value': 1, 'displayName': 'FirstHalf'}","{'value': 1, 'displayName': 'Pass'}","{'value': 1, 'displayName': 'Successful'}","[{'type': {'value': 56, 'displayName': 'Zone'}, 'value': 'Back'}, {'type': {'value': 140, 'displayName': 'PassEndX'}, 'value': '27.6'}, {'type': {'value': 213, 'displayName': 'Angle'}, 'value': '2.7'}, {'type': {'value': 178, 'displayName': 'StandingSave'}}, {'type': {'value': 141, 'displayName': 'PassEndY'}, 'value': '81.6'}, {'type': {'value': 212, 'displayName': 'Length'}, 'value': '7.5'}]","[91, 117, 30, 35, 37, 215, 218]",True,298689.0,27.6,81.6,,,,,,,,,
2404716157.0,206,29,15.0,189,27.6,81.6,29,"{'value': 1, 'displayName': 'FirstHalf'}","{'value': 1, 'displayName': 'Pass'}","{'value': 1, 'displayName': 'Successful'}","[{'type': {'value': 56, 'displayName': 'Zone'}, 'value': 'Back'}, {'type': {'value': 212, 'displayName': 'Length'}, 'value': '27.0'}, {'type': {'value': 141, 'displayName': 'PassEndY'}, 'value': '54.9'}, {'type': {'value': 140, 'displayName': 'PassEndX'}, 'value': '8.6'}, {'type': {'value': 178, 'displayName': 'StandingSave'}}, {'type': {'value': 213, 'displayName': 'Angle'}, 'value': '3.9'}]","[91, 117, 30, 35, 38, 215, 218]",True,342499.0,8.6,54.9,,,,,,,,,
2404716229.0,207,29,19.0,189,8.6,54.6,29,"{'value': 1, 'displayName': 'FirstHalf'}","{'value': 1, 'displayName': 'Pass'}","{'value': 1, 'displayName': 'Successful'}","[{'type': {'value': 178, 'displayName': 'StandingSave'}}, {'type': {'value': 212, 'displayName': 'Length'}, 'value': '19.6'}, {'type': {'value': 213, 'displayName': 'Angle'}, 'value': '5.2'}, {'type': {'value': 141, 'displayName': 'PassEndY'}, 'value': '28.6'}, {'type': {'value': 56, 'displayName': 'Zone'}, 'value': 'Back'}, {'type': {'value': 140, 'displayName': 'PassEndX'}, 'value': '16.6'}]","[91, 117, 30, 36, 38, 215, 218]",True,276366.0,16.6,28.6,,,,,,,,,
2404716313.0,208,29,23.0,189,19.6,27.5,29,"{'value': 1, 'displayName': 'FirstHalf'}","{'value': 1, 'displayName': 'Pass'}","{'value': 1, 'displayName': 'Successful'}","[{'type': {'value': 56, 'displayName': 'Zone'}, 'value': 'Back'}, {'type': {'value': 212, 'displayName': 'Length'}, 'value': '22.9'}, {'type': {'value': 213, 'displayName': 'Angle'}, 'value': '2.0'}, {'type': {'value': 141, 'displayName': 'PassEndY'}, 'value': '57.5'}, {'type': {'value': 178, 'displayName': 'StandingSave'}}, {'type': {'value': 140, 'displayName': 'PassEndX'}, 'value': '9.7'}]","[91, 117, 30, 35, 37, 215, 218]",True,29026.0,9.7,57.5,,,,,,,,,
2404716373.0,209,29,28.0,189,14.2,56.9,29,"{'value': 1, 'displayName': 'FirstHalf'}","{'value': 1, 'displayName': 'Pass'}","{'value': 1, 'displayName': 'Successful'}","[{'type': {'value': 141, 'displayName': 'PassEndY'}, 'value': '53.1'}, {'type': {'value': 56, 'displayName': 'Zone'}, 'value': 'Back'}, {'type': {'value': 212, 'displayName': 'Length'}, 'value': '14.1'}, {'type': {'value': 140, 'displayName': 'PassEndX'}, 'value': '27.4'}, {'type': {'value': 178, 'displayName': 'StandingSave'}}, {'type': {'value': 213, 'displayName': 'Angle'}, 'value': '6.1'}]","[91, 117, 30, 36, 38, 215, 218]",True,276366.0,27.4,53.1,,,,,,,,,
2404716425.0,210,29,31.0,189,27.9,59.1,29,"{'value': 1, 'displayName': 'FirstHalf'}","{'value': 1, 'displayName': 'Pass'}","{'value': 1, 'displayName': 'Successful'}","[{'type': {'value': 56, 'displayName': 'Zone'}, 'value': 'Back'}, {'type': {'value': 140, 'displayName': 'PassEndX'}, 'value': '18.6'}, {'type': {'value': 212, 'displayName': 'Length'}, 'value': '17.5'}, {'type': {'value': 178, 'displayName': 'StandingSave'}}, {'type': {'value': 141, 'displayName': 'PassEndY'}, 'value': '80.4'}, {'type': {'value': 213, 'displayName': 'Angle'}, 'value': '2.2'}]","[91, 117, 30, 35, 37, 215, 218]",True,69344.0,18.6,80.4,,,,,,,,,
2404716501.0,211,29,34.0,189,21.6,76.4,29,"{'value': 1, 'displayName': 'FirstHalf'}","{'value': 1, 'displayName': 'Pass'}","{'value': 1, 'displayName': 'Successful'}","[{'type': {'value': 56, 'displayName': 'Zone'}, 'value': 'Back'}, {'type': {'value': 141, 'displayName': 'PassEndY'}, 'value': '33.8'}, {'type': {'value': 140, 'displayName': 'PassEndX'}, 'value': '19.7'}, {'type': {'value': 178, 'displayName': 'StandingSave'}}, {'type': {'value': 212, 'displayName': 'Length'}, 'value': '29.0'}, {'type': {'value': 213, 'displayName': 'Angle'}, 'value': '4.6'}]","[91, 117, 30, 35, 38, 215, 218]",True,342499.0,19.7,33.8,,,,,,,,,
2404716547.0,212,29,38.0,189,23.5,32.9,29,"{'value': 1, 'displayName': 'FirstHalf'}","{'value': 1, 'displayName': 'Pass'}","{'value': 1, 'displayName': 'Successful'}","[{'type': {'value': 56, 'displayName': 'Zone'}, 'value': 'Back'}, {'type': {'value': 178, 'displayName': 'StandingSave'}}, {'type': {'value': 140, 'displayName': 'PassEndX'}, 'value': '33.3'}, {'type': {'value': 141, 'displayName': 'PassEndY'}, 'value': '67.1'}, {'type': {'value': 213, 'displayName': 'Angle'}, 'value': '1.2'}, {'type': {'value': 212, 'displayName': 'Length'}, 'value': '25.4'}]","[91, 117, 30, 36, 37, 215, 218]",True,29026.0,33.3,67.1,,,,,,,,,
2404716613.0,213,29,41.0,189,34.8,67.5,29,"{'value': 1, 'displayName': 'FirstHalf'}","{'value': 1, 'displayName': 'Pass'}","{'value': 1, 'displayName': 'Successful'}","[{'type': {'value': 141, 'displayName': 'PassEndY'}, 'value': '95.3'}, {'type': {'value': 56, 'displayName': 'Zone'}, 'value': 'Left'}, {'type': {'value': 212, 'displayName': 'Length'}, 'value': '33.2'}, {'type': {'value': 155, 'displayName': 'Chipped'}}, {'type': {'value': 1, 'displayName': 'Longball'}}, {'type': {'value': 213, 'displayName': 'Angle'}, 'value': '0.6'}, {'type': {'value': 178, 'displayName': 'StandingSave'}}, {'type': {'value': 140, 'displayName': 'PassEndX'}, 'value': '60.8'}]","[91, 119, 117, 124, 127, 36, 37, 216, 218]",True,69344.0,60.8,95.3,,,,,,,,,
2404716649.0,214,29,46.0,189,66.6,91.2,29,"{'value': 1, 'displayName': 'FirstHalf'}","{'value': 1, 'displayName': 'Pass'}","{'value': 0, 'displayName': 'Unsuccessful'}","[{'type': {'value': 140, 'displayName': 'PassEndX'}, 'value': '73.3'}, {'type': {'value': 178, 'displayName': 'StandingSave'}}, {'type': {'value': 56, 'displayName': 'Zone'}, 'value': 'Center'}, {'type': {'value': 212, 'displayName': 'Length'}, 'value': '16.7'}, {'type': {'value': 141, 'displayName': 'PassEndY'}, 'value': '68.9'}, {'type': {'value': 213, 'displayName': 'Angle'}, 'value': '5.1'}]","[91, 120, 29, 36, 38, 217, 218]",True,229562.0,73.3,68.9,,,,,,,,,
2404716653.0,270,29,47.0,29,23.8,27.2,29,"{'value': 1, 'displayName': 'FirstHalf'}","{'value': 8, 'displayName': 'Interception'}","{'value': 1, 'displayName': 'Successful'}","[{'type': {'value': 56, 'displayName': 'Zone'}, 'value': 'Back'}, {'type': {'value': 178, 'displayName': 'StandingSave'}}]","[91, 101, 56]",True,332325.0,,,,,,,,,,,
2404716663.0,271,29,48.0,29,25.5,27.0,29,"{'value': 1, 'displayName': 'FirstHalf'}","{'value': 49, 'displayName': 'BallRecovery'}","{'value': 1, 'displayName': 'Successful'}",[],[93],False,332325.0,,,,,,,,,,,
2404716759.0,272,29,49.0,29,32.5,31.0,29,"{'value': 1, 'displayName': 'FirstHalf'}","{'value': 2, 'displayName': 'OffsidePass'}","{'value': 1, 'displayName': 'Successful'}","[{'type': {'value': 56, 'displayName': 'Zone'}, 'value': 'Center'}, {'type': {'value': 178, 'displayName': 'StandingSave'}}, {'type': {'value': 7, 'displayName': 'PlayerCaughtOffside'}, 'value': '69517'}, {'type': {'value': 140, 'displayName': 'PassEndX'}, 'value': '53.6'}, {'type': {'value': 141, 'displayName': 'PassEndY'}, 'value': '45.0'}]","[91, 216]",True,332325.0,53.6,45.0,,,,,,,,,
2404716755.0,215,29,49.0,189,45.0,65.1,29,"{'value': 1, 'displayName': 'FirstHalf'}","{'value': 55, 'displayName': 'OffsideProvoked'}","{'value': 1, 'displayName': 'Successful'}",[],[62],False,342499.0,,,,,,,,,,,
2404716865.0,216,29,57.0,189,46.2,40.8,29,"{'value': 1, 'displayName': 'FirstHalf'}","{'value': 1, 'displayName': 'Pass'}","{'value': 1, 'displayName': 'Successful'}","[{'type': {'value': 56, 'displayName': 'Zone'}, 'value': 'Center'}, {'type': {'value': 140, 'displayName': 'PassEndX'}, 'value': '57.7'}, {'type': {'value': 241, 'displayName': 'IndirectFreekickTaken'}}, {'type': {'value': 178, 'displayName': 'StandingSave'}}, {'type': {'value': 141, 'displayName': 'PassEndY'}, 'value': '43.9'}, {'type': {'value': 212, 'displayName': 'Length'}, 'value': '12.3'}, {'type': {'value': 5, 'displayName': 'FreekickTaken'}}, {'type': {'value': 213, 'displayName': 'Angle'}, 'value': '0.2'}]","[91, 119, 117, 30, 132, 36, 37, 216, 218]",True,101856.0,57.7,43.9,,,,,,,,,
2404716907.0,217,29,59.0,189,57.7,29.8,29,"{'value': 1, 'displayName': 'FirstHalf'}","{'value': 1, 'displayName': 'Pass'}","{'value': 1, 'displayName': 'Successful'}","[{'type': {'value': 212, 'displayName': 'Length'}, 'value': '9.7'}, {'type': {'value': 140, 'displayName': 'PassEndX'}, 'value': '62.4'}, {'type': {'value': 178, 'displayName': 'StandingSave'}}, {'type': {'value': 141, 'displayName': 'PassEndY'}, 'value': '17.5'}, {'type': {'value': 56, 'displayName': 'Zone'}, 'value': 'Right'}, {'type': {'value': 213, 'displayName': 'Angle'}, 'value': '5.2'}]","[91, 119, 117, 30, 36, 38, 216, 218]",True,298689.0,62.4,17.5,,,,,,,,,
2404716925.0,218,30,3.0,189,76.3,24.8,30,"{'value': 1, 'displayName': 'FirstHalf'}","{'value': 1, 'displayName': 'Pass'}","{'value': 1, 'displayName': 'Successful'}","[{'type': {'value': 212, 'displayName': 'Length'}, 'value': '14.7'}, {'type': {'value': 213, 'displayName': 'Angle'}, 'value': '5.8'}, {'type': {'value': 178, 'displayName': 'StandingSave'}}, {'type': {'value': 56, 'displayName': 'Zone'}, 'value': 'Right'}, {'type': {'value': 141, 'displayName': 'PassEndY'}, 'value': '14.8'}, {'type': {'value': 140, 'displayName': 'PassEndX'}, 'value': '88.7'}]","[91, 119, 117, 30, 205, 36, 38, 217, 218]",True,321085.0,88.7,14.8,,,,,,,,,
2404716975.0,219,30,4.0,189,88.7,14.8,30,"{'value': 1, 'displayName': 'FirstHalf'}","{'value': 1, 'displayName': 'Pass'}","{'value': 0, 'displayName': 'Unsuccessful'}","[{'type': {'value': 140, 'displayName': 'PassEndX'}, 'value': '100.0'}, {'type': {'value': 56, 'displayName': 'Zone'}, 'value': 'Center'}, {'type': {'value': 141, 'displayName': 'PassEndY'}, 'value': '69.9'}, {'type': {'value': 1, 'displayName': 'Longball'}}, {'type': {'value': 212, 'displayName': 'Length'}, 'value': '39.9'}, {'type': {'value': 155, 'displayName': 'Chipped'}}, {'type': {'value': 72, 'displayName': 'LeftFoot'}}, {'type': {'value': 178, 'displayName': 'StandingSave'}}, {'type': {'value': 2, 'displayName': 'Cross'}}, {'type': {'value': 213, 'displayName': 'Angle'}, 'value': '1.2'}]","[91, 138, 124, 126, 36, 37, 217, 218]",True,353377.0,100.0,69.9,,,,,,,,,
2404717693.0,274,30,42.0,29,5.4,42.4,30,"{'value': 1, 'displayName': 'FirstHalf'}","{'value': 1, 'displayName': 'Pass'}","{'value': 1, 'displayName': 'Successful'}","[{'type': {'value': 213, 'displayName': 'Angle'}, 'value': '5.9'}, {'type': {'value': 140, 'displayName': 'PassEndX'}, 'value': '61.2'}, {'type': {'value': 56, 'displayName': 'Zone'}, 'value': 'Right'}, {'type': {'value': 141, 'displayName': 'PassEndY'}, 'value': '11.7'}, {'type': {'value': 212, 'displayName': 'Length'}, 'value': '62.2'}, {'type': {'value': 124, 'displayName': 'GoalKick'}}, {'type': {'value': 1, 'displayName': 'Longball'}}, {'type': {'value': 74, 'displayName': 'MissHigh'}}]","[91, 119, 117, 127, 36, 38, 216, 218]",True,20973.0,61.2,11.7,,,,,,,,,
2404717747.0,275,30,47.0,29,61.2,11.7,30,"{'value': 1, 'displayName': 'FirstHalf'}","{'value': 1, 'displayName': 'Pass'}","{'value': 0, 'displayName': 'Unsuccessful'}","[{'type': {'value': 140, 'displayName': 'PassEndX'}, 'value': '67.5'}, {'type': {'value': 3, 'displayName': 'HeadPass'}}, {'type': {'value': 141, 'displayName': 'PassEndY'}, 'value': '10.0'}, {'type': {'value': 56, 'displayName': 'Zone'}, 'value': 'Right'}, {'type': {'value': 212, 'displayName': 'Length'}, 'value': '6.7'}, {'type': {'value': 213, 'displayName': 'Angle'}, 'value': '6.1'}]","[91, 120, 29, 139, 36, 38, 217, 218]",True,322596.0,67.5,10.0,,,,,,,,,
2404717719.0,221,30,49.0,189,29.7,90.9,30,"{'value': 1, 'displayName': 'FirstHalf'}","{'value': 49, 'displayName': 'BallRecovery'}","{'value': 1, 'displayName': 'Successful'}",[],[93],False,229562.0,,,,,,,,,,,
2404717787.0,222,30,50.0,189,29.7,91.5,30,"{'value': 1, 'displayName': 'FirstHalf'}","{'value': 1, 'displayName': 'Pass'}","{'value': 1, 'displayName': 'Successful'}","[{'type': {'value': 213, 'displayName': 'Angle'}, 'value': '5.9'}, {'type': {'value': 212, 'displayName': 'Length'}, 'value': '38.7'}, {'type': {'value': 140, 'displayName': 'PassEndX'}, 'value': '64.5'}, {'type': {'value': 178, 'displayName': 'StandingSave'}}, {'type': {'value': 141, 'displayName': 'PassEndY'}, 'value': '72.6'}, {'type': {'value': 1, 'displayName': 'Longball'}}, {'type': {'value': 56, 'displayName': 'Zone'}, 'value': 'Center'}]","[91, 119, 117, 127, 36, 38, 216, 218]",True,229562.0,64.5,72.6,,,,,,,,,
2404717799.0,223,30,52.0,189,65.5,74.6,30,"{'value': 1, 'displayName': 'FirstHalf'}","{'value': 44, 'displayName': 'Aerial'}","{'value': 1, 'displayName': 'Successful'}","[{'type': {'value': 56, 'displayName': 'Zone'}, 'value': 'Center'}, {'type': {'value': 286, 'displayName': 'Offensive'}}, {'type': {'value': 233, 'displayName': 'OppositeRelatedEvent'}, 'value': '276'}]","[197, 199]",False,134240.0,,,,,,,,,,,
2404717795.0,276,30,52.0,29,34.5,25.4,30,"{'value': 1, 'displayName': 'FirstHalf'}","{'value': 44, 'displayName': 'Aerial'}","{'value': 0, 'displayName': 'Unsuccessful'}","[{'type': {'value': 56, 'displayName': 'Zone'}, 'value': 'Back'}, {'type': {'value': 285, 'displayName': 'Defensive'}}, {'type': {'value': 233, 'displayName': 'OppositeRelatedEvent'}, 'value': '223'}]","[198, 200]",False,73063.0,,,,,,,,,,,
2404717857.0,224,30,52.0,189,65.2,72.8,30,"{'value': 1, 'displayName': 'FirstHalf'}","{'value': 1, 'displayName': 'Pass'}","{'value': 1, 'displayName': 'Successful'}","[{'type': {'value': 140, 'displayName': 'PassEndX'}, 'value': '74.4'}, {'type': {'value': 141, 'displayName': 'PassEndY'}, 'value': '76.2'}, {'type': {'value': 212, 'displayName': 'Length'}, 'value': '9.9'}, {'type': {'value': 56, 'displayName': 'Zone'}, 'value': 'Center'}, {'type': {'value': 3, 'displayName': 'HeadPass'}}, {'type': {'value': 213, 'displayName': 'Angle'}, 'value': '0.2'}]","[91, 119, 117, 30, 139, 205, 36, 37, 217, 218]",True,134240.0,74.4,76.2,,,,,,,,,
2404717879.0,225,30,56.0,189,86.9,74.4,30,"{'value': 1, 'displayName': 'FirstHalf'}","{'value': 1, 'displayName': 'Pass'}","{'value': 0, 'displayName': 'Unsuccessful'}","[{'type': {'value': 140, 'displayName': 'PassEndX'}, 'value': '89.7'}, {'type': {'value': 141, 'displayName': 'PassEndY'}, 'value': '65.1'}, {'type': {'value': 56, 'displayName': 'Zone'}, 'value': 'Center'}, {'type': {'value': 212, 'displayName': 'Length'}, 'value': '7.0'}, {'type': {'value': 178, 'displayName': 'StandingSave'}}, {'type': {'value': 213, 'displayName': 'Angle'}, 'value': '5.1'}]","[91, 120, 29, 36, 38, 217, 218]",True,296240.0,89.7,65.1,,,,,,,,,
2404717891.0,277,30,56.0,29,13.7,34.2,30,"{'value': 1, 'displayName': 'FirstHalf'}","{'value': 61, 'displayName': 'BallTouch'}","{'value': 1, 'displayName': 'Successful'}","[{'type': {'value': 178, 'displayName': 'StandingSave'}}, {'type': {'value': 56, 'displayName': 'Zone'}, 'value': 'Back'}]",[91],True,300359.0,,,,,,,,,,,
2404717911.0,226,30,58.0,189,85.5,43.7,30,"{'value': 1, 'displayName': 'FirstHalf'}","{'value': 1, 'displayName': 'Pass'}","{'value': 1, 'displayName': 'Successful'}","[{'type': {'value': 56, 'displayName': 'Zone'}, 'value': 'Center'}, {'type': {'value': 141, 'displayName': 'PassEndY'}, 'value': '37.7'}, {'type': {'value': 140, 'displayName': 'PassEndX'}, 'value': '86.5'}, {'type': {'value': 212, 'displayName': 'Length'}, 'value': '4.2'}, {'type': {'value': 213, 'displayName': 'Angle'}, 'value': '5.0'}, {'type': {'value': 178, 'displayName': 'StandingSave'}}]","[91, 119, 117, 30, 205, 36, 38, 217, 218]",True,298689.0,86.5,37.7,,,,,,,,,
2404717937.0,227,31,1.0,189,86.4,37.7,31,"{'value': 1, 'displayName': 'FirstHalf'}","{'value': 1, 'displayName': 'Pass'}","{'value': 1, 'displayName': 'Successful'}","[{'type': {'value': 178, 'displayName': 'StandingSave'}}, {'type': {'value': 141, 'displayName': 'PassEndY'}, 'value': '46.0'}, {'type': {'value': 212, 'displayName': 'Length'}, 'value': '7.8'}, {'type': {'value': 140, 'displayName': 'PassEndX'}, 'value': '81.3'}, {'type': {'value': 56, 'displayName': 'Zone'}, 'value': 'Center'}, {'type': {'value': 213, 'displayName': 'Angle'}, 'value': '2.3'}]","[91, 119, 117, 30, 205, 35, 37, 217, 218]",True,353377.0,81.3,46.0,,,,,,,,,
2404717975.0,228,31,2.0,189,81.3,46.0,31,"{'value': 1, 'displayName': 'FirstHalf'}","{'value': 1, 'displayName': 'Pass'}","{'value': 1, 'displayName': 'Successful'}","[{'type': {'value': 213, 'displayName': 'Angle'}, 'value': '4.7'}, {'type': {'value': 212, 'displayName': 'Length'}, 'value': '6.5'}, {'type': {'value': 140, 'displayName': 'PassEndX'}, 'value': '81.3'}, {'type': {'value': 141, 'displayName': 'PassEndY'}, 'value': '36.4'}, {'type': {'value': 210, 'displayName': 'ShotAssist'}, 'value': '15'}, {'type': {'value': 178, 'displayName': 'StandingSave'}}, {'type': {'value': 56, 'displayName': 'Zone'}, 'value': 'Center'}, {'type': {'value': 11113, 'displayName': 'KeyPass'}}]","[91, 119, 117, 30, 123, 205, 40, 46, 38, 217, 218]",True,134240.0,81.3,36.4,,,,,,,,,
2404717983.0,229,31,3.0,189,80.3,38.8,31,"{'value': 1, 'displayName': 'FirstHalf'}","{'value': 15, 'displayName': 'SavedShot'}","{'value': 1, 'displayName': 'Successful'}","[{'type': {'value': 22, 'displayName': 'RegularPlay'}}, {'type': {'value': 146, 'displayName': 'BlockedX'}, 'value': '98.2'}, {'type': {'value': 78, 'displayName': 'LowCentre'}}, {'type': {'value': 103, 'displayName': 'GoalMouthZ'}, 'value': '1.9'}, {'type': {'value': 233, 'displayName': 'OppositeRelatedEvent'}, 'value': '278'}, {'type': {'value': 18, 'displayName': 'OutOfBoxCentre'}}, {'type': {'value': 102, 'displayName': 'GoalMouthY'}, 'value': '49.4'}, {'type': {'value': 20, 'displayName': 'RightFoot'}}, {'type': {'value': 147, 'displayName': 'BlockedY'}, 'value': '48.6'}, {'type': {'value': 29, 'displayName': 'Assisted'}}, {'type': {'value': 56, 'displayName': 'Zone'}, 'value': 'Center'}, {'type': {'value': 178, 'displayName': 'StandingSave'}}, {'type': {'value': 55, 'displayName': 'RelatedEventId'}, 'value': '228'}]","[91, 9, 10, 2, 3, 12]",True,69344.0,,,228.0,134240.0,98.2,48.6,1.9,49.4,True,,
2404717971.0,278,31,4.0,29,2.2,50.8,31,"{'value': 1, 'displayName': 'FirstHalf'}","{'value': 10, 'displayName': 'Save'}","{'value': 1, 'displayName': 'Successful'}","[{'type': {'value': 182, 'displayName': 'Hands'}}, {'type': {'value': 177, 'displayName': 'Collected'}}, {'type': {'value': 56, 'displayName': 'Zone'}, 'value': 'Back'}, {'type': {'value': 233, 'displayName': 'OppositeRelatedEvent'}, 'value': '229'}, {'type': {'value': 11117, 'displayName': 'KeeperSaveObox'}}]","[91, 110, 113, 77, 79, 82]",True,20973.0,,,,,,,,,,,
2404717987.0,279,31,4.0,29,2.2,50.8,31,"{'value': 1, 'displayName': 'FirstHalf'}","{'value': 52, 'displayName': 'KeeperPickup'}","{'value': 1, 'displayName': 'Successful'}","[{'type': {'value': 178, 'displayName': 'StandingSave'}}]",[93],False,20973.0,,,,,,,,,,,
2404718307.0,280,31,13.0,29,13.0,40.0,31,"{'value': 1, 'displayName': 'FirstHalf'}","{'value': 1, 'displayName': 'Pass'}","{'value': 1, 'displayName': 'Successful'}","[{'type': {'value': 212, 'displayName': 'Length'}, 'value': '19.5'}, {'type': {'value': 213, 'displayName': 'Angle'}, 'value': '5.2'}, {'type': {'value': 140, 'displayName': 'PassEndX'}, 'value': '21.8'}, {'type': {'value': 178, 'displayName': 'StandingSave'}}, {'type': {'value': 141, 'displayName': 'PassEndY'}, 'value': '14.7'}, {'type': {'value': 56, 'displayName': 'Zone'}, 'value': 'Back'}, {'type': {'value': 123, 'displayName': 'KeeperThrow'}}]","[91, 36, 38, 215, 218]",True,20973.0,21.8,14.7,,,,,,,,,
2405048595.0,898,31,21.0,29,22.9,13.3,31,"{'value': 1, 'displayName': 'FirstHalf'}","{'value': 1, 'displayName': 'Pass'}","{'value': 1, 'displayName': 'Successful'}","[{'type': {'value': 212, 'displayName': 'Length'}, 'value': '9.0'}, {'type': {'value': 178, 'displayName': 'StandingSave'}}, {'type': {'value': 56, 'displayName': 'Zone'}, 'value': 'Back'}, {'type': {'value': 140, 'displayName': 'PassEndX'}, 'value': '28.9'}, {'type': {'value': 141, 'displayName': 'PassEndY'}, 'value': '3.8'}, {'type': {'value': 213, 'displayName': 'Angle'}, 'value': '5.5'}]","[91, 117, 30, 36, 38, 215, 218]",True,73063.0,28.9,3.8,,,,,,,,,
2404718337.0,281,31,22.0,29,35.8,6.5,31,"{'value': 1, 'displayName': 'FirstHalf'}","{'value': 1, 'displayName': 'Pass'}","{'value': 1, 'displayName': 'Successful'}","[{'type': {'value': 140, 'displayName': 'PassEndX'}, 'value': '53.1'}, {'type': {'value': 56, 'displayName': 'Zone'}, 'value': 'Right'}, {'type': {'value': 178, 'displayName': 'StandingSave'}}, {'type': {'value': 212, 'displayName': 'Length'}, 'value': '18.3'}, {'type': {'value': 141, 'displayName': 'PassEndY'}, 'value': '3.3'}, {'type': {'value': 213, 'displayName': 'Angle'}, 'value': '6.2'}]","[91, 119, 117, 30, 36, 38, 216, 218]",True,111372.0,53.1,3.3,,,,,,,,,
2404718341.0,282,31,24.0,29,53.1,3.3,31,"{'value': 1, 'displayName': 'FirstHalf'}","{'value': 61, 'displayName': 'BallTouch'}","{'value': 0, 'displayName': 'Unsuccessful'}","[{'type': {'value': 178, 'displayName': 'StandingSave'}}, {'type': {'value': 56, 'displayName': 'Zone'}, 'value': 'Right'}]","[91, 69]",True,143595.0,,,,,,,,,,,
2404718669.0,231,31,34.0,189,48.8,100.0,31,"{'value': 1, 'displayName': 'FirstHalf'}","{'value': 1, 'displayName': 'Pass'}","{'value': 1, 'displayName': 'Successful'}","[{'type': {'value': 213, 'displayName': 'Angle'}, 'value': '5.8'}, {'type': {'value': 141, 'displayName': 'PassEndY'}, 'value': '87.2'}, {'type': {'value': 140, 'displayName': 'PassEndX'}, 'value': '67.8'}, {'type': {'value': 56, 'displayName': 'Zone'}, 'value': 'Left'}, {'type': {'value': 1, 'displayName': 'Longball'}}, {'type': {'value': 107, 'displayName': 'ThrowIn'}}, {'type': {'value': 212, 'displayName': 'Length'}, 'value': '22.1'}]","[91, 212, 36, 38, 217]",True,229562.0,67.8,87.2,,,,,,,,,
2404718689.0,232,31,37.0,189,68.4,81.4,31,"{'value': 1, 'displayName': 'FirstHalf'}","{'value': 3, 'displayName': 'TakeOn'}","{'value': 0, 'displayName': 'Unsuccessful'}","[{'type': {'value': 233, 'displayName': 'OppositeRelatedEvent'}, 'value': '284'}, {'type': {'value': 178, 'displayName': 'StandingSave'}}, {'type': {'value': 286, 'displayName': 'Offensive'}}, {'type': {'value': 56, 'displayName': 'Zone'}, 'value': 'Left'}]","[91, 53]",True,69344.0,,,,,,,,,,,
2404718703.0,284,31,37.0,29,31.6,18.6,31,"{'value': 1, 'displayName': 'FirstHalf'}","{'value': 7, 'displayName': 'Tackle'}","{'value': 0, 'displayName': 'Unsuccessful'}","[{'type': {'value': 233, 'displayName': 'OppositeRelatedEvent'}, 'value': '232'}, {'type': {'value': 56, 'displayName': 'Zone'}, 'value': 'Back'}, {'type': {'value': 285, 'displayName': 'Defensive'}}, {'type': {'value': 178, 'displayName': 'StandingSave'}}]","[91, 142]",True,332325.0,,,,,,,,,,,
2404718717.0,233,31,38.0,189,73.0,78.8,31,"{'value': 1, 'displayName': 'FirstHalf'}","{'value': 61, 'displayName': 'BallTouch'}","{'value': 0, 'displayName': 'Unsuccessful'}","[{'type': {'value': 178, 'displayName': 'StandingSave'}}, {'type': {'value': 56, 'displayName': 'Zone'}, 'value': 'Center'}]","[91, 69]",True,296240.0,,,,,,,,,,,
2404720821.0,293,31,40.0,29,25.2,43.1,31,"{'value': 1, 'displayName': 'FirstHalf'}","{'value': 49, 'displayName': 'BallRecovery'}","{'value': 1, 'displayName': 'Successful'}",[],[93],False,300359.0,,,,,,,,,,,
2404718763.0,285,31,40.0,29,27.3,41.5,31,"{'value': 1, 'displayName': 'FirstHalf'}","{'value': 1, 'displayName': 'Pass'}","{'value': 0, 'displayName': 'Unsuccessful'}","[{'type': {'value': 213, 'displayName': 'Angle'}, 'value': '5.5'}, {'type': {'value': 212, 'displayName': 'Length'}, 'value': '25.6'}, {'type': {'value': 140, 'displayName': 'PassEndX'}, 'value': '43.7'}, {'type': {'value': 141, 'displayName': 'PassEndY'}, 'value': '13.7'}, {'type': {'value': 155, 'displayName': 'Chipped'}}, {'type': {'value': 178, 'displayName': 'StandingSave'}}, {'type': {'value': 56, 'displayName': 'Zone'}, 'value': 'Back'}]","[91, 118, 120, 29, 124, 36, 38, 216, 218]",True,300359.0,43.7,13.7,,,,,,,,,
2404718809.0,234,31,42.0,189,58.4,90.6,31,"{'value': 1, 'displayName': 'FirstHalf'}","{'value': 8, 'displayName': 'Interception'}","{'value': 1, 'displayName': 'Successful'}","[{'type': {'value': 56, 'displayName': 'Zone'}, 'value': 'Left'}, {'type': {'value': 178, 'displayName': 'StandingSave'}}]","[91, 101, 56]",True,101856.0,,,,,,,,,,,
2404720059.0,253,31,43.0,189,60.5,83.3,31,"{'value': 1, 'displayName': 'FirstHalf'}","{'value': 49, 'displayName': 'BallRecovery'}","{'value': 1, 'displayName': 'Successful'}",[],[93],False,229562.0,,,,,,,,,,,
2404718901.0,235,31,44.0,189,64.4,88.8,31,"{'value': 1, 'displayName': 'FirstHalf'}","{'value': 1, 'displayName': 'Pass'}","{'value': 1, 'displayName': 'Successful'}","[{'type': {'value': 213, 'displayName': 'Angle'}, 'value': '1.4'}, {'type': {'value': 178, 'displayName': 'StandingSave'}}, {'type': {'value': 140, 'displayName': 'PassEndX'}, 'value': '65.4'}, {'type': {'value': 212, 'displayName': 'Length'}, 'value': '4.9'}, {'type': {'value': 141, 'displayName': 'PassEndY'}, 'value': '95.9'}, {'type': {'value': 56, 'displayName': 'Zone'}, 'value': 'Left'}]","[91, 119, 117, 30, 36, 37, 216, 218]",True,229562.0,65.4,95.9,,,,,,,,,
2404718929.0,236,31,48.0,189,65.7,97.2,31,"{'value': 1, 'displayName': 'FirstHalf'}","{'value': 1, 'displayName': 'Pass'}","{'value': 1, 'displayName': 'Successful'}","[{'type': {'value': 212, 'displayName': 'Length'}, 'value': '5.1'}, {'type': {'value': 140, 'displayName': 'PassEndX'}, 'value': '70.5'}, {'type': {'value': 213, 'displayName': 'Angle'}, 'value': '0.2'}, {'type': {'value': 56, 'displayName': 'Zone'}, 'value': 'Left'}, {'type': {'value': 178, 'displayName': 'StandingSave'}}, {'type': {'value': 141, 'displayName': 'PassEndY'}, 'value': '98.7'}]","[91, 119, 117, 30, 205, 36, 37, 217, 218]",True,101856.0,70.5,98.7,,,,,,,,,
2404718975.0,237,31,50.0,189,69.3,98.4,31,"{'value': 1, 'displayName': 'FirstHalf'}","{'value': 1, 'displayName': 'Pass'}","{'value': 1, 'displayName': 'Successful'}","[{'type': {'value': 56, 'displayName': 'Zone'}, 'value': 'Center'}, {'type': {'value': 178, 'displayName': 'StandingSave'}}, {'type': {'value': 140, 'displayName': 'PassEndX'}, 'value': '59.9'}, {'type': {'value': 141, 'displayName': 'PassEndY'}, 'value': '69.2'}, {'type': {'value': 212, 'displayName': 'Length'}, 'value': '22.2'}, {'type': {'value': 213, 'displayName': 'Angle'}, 'value': '4.3'}]","[91, 119, 117, 30, 35, 38, 216, 218]",True,69344.0,59.9,69.2,,,,,,,,,
2404719055.0,238,31,52.0,189,58.4,66.0,31,"{'value': 1, 'displayName': 'FirstHalf'}","{'value': 1, 'displayName': 'Pass'}","{'value': 1, 'displayName': 'Successful'}","[{'type': {'value': 56, 'displayName': 'Zone'}, 'value': 'Back'}, {'type': {'value': 141, 'displayName': 'PassEndY'}, 'value': '50.3'}, {'type': {'value': 140, 'displayName': 'PassEndX'}, 'value': '46.7'}, {'type': {'value': 212, 'displayName': 'Length'}, 'value': '16.3'}, {'type': {'value': 178, 'displayName': 'StandingSave'}}, {'type': {'value': 213, 'displayName': 'Angle'}, 'value': '3.9'}]","[91, 117, 30, 35, 38, 216, 218]",True,298689.0,46.7,50.3,,,,,,,,,
2404719087.0,239,31,55.0,189,47.5,45.4,31,"{'value': 1, 'displayName': 'FirstHalf'}","{'value': 1, 'displayName': 'Pass'}","{'value': 1, 'displayName': 'Successful'}","[{'type': {'value': 140, 'displayName': 'PassEndX'}, 'value': '43.9'}, {'type': {'value': 56, 'displayName': 'Zone'}, 'value': 'Back'}, {'type': {'value': 141, 'displayName': 'PassEndY'}, 'value': '26.3'}, {'type': {'value': 178, 'displayName': 'StandingSave'}}, {'type': {'value': 212, 'displayName': 'Length'}, 'value': '13.5'}, {'type': {'value': 213, 'displayName': 'Angle'}, 'value': '4.4'}]","[91, 117, 30, 35, 38, 216, 218]",True,29026.0,43.9,26.3,,,,,,,,,
2404719127.0,240,31,57.0,189,43.0,25.6,31,"{'value': 1, 'displayName': 'FirstHalf'}","{'value': 1, 'displayName': 'Pass'}","{'value': 1, 'displayName': 'Successful'}","[{'type': {'value': 56, 'displayName': 'Zone'}, 'value': 'Right'}, {'type': {'value': 140, 'displayName': 'PassEndX'}, 'value': '61.3'}, {'type': {'value': 141, 'displayName': 'PassEndY'}, 'value': '6.8'}, {'type': {'value': 178, 'displayName': 'StandingSave'}}, {'type': {'value': 212, 'displayName': 'Length'}, 'value': '23.1'}, {'type': {'value': 213, 'displayName': 'Angle'}, 'value': '5.7'}]","[91, 119, 117, 30, 36, 38, 216, 218]",True,321085.0,61.3,6.8,,,,,,,,,
2404719197.0,241,31,59.0,189,61.3,6.8,31,"{'value': 1, 'displayName': 'FirstHalf'}","{'value': 1, 'displayName': 'Pass'}","{'value': 1, 'displayName': 'Successful'}","[{'type': {'value': 213, 'displayName': 'Angle'}, 'value': '3.0'}, {'type': {'value': 140, 'displayName': 'PassEndX'}, 'value': '44.9'}, {'type': {'value': 56, 'displayName': 'Zone'}, 'value': 'Back'}, {'type': {'value': 141, 'displayName': 'PassEndY'}, 'value': '10.7'}, {'type': {'value': 212, 'displayName': 'Length'}, 'value': '17.4'}, {'type': {'value': 178, 'displayName': 'StandingSave'}}]","[91, 117, 30, 35, 37, 216, 218]",True,353377.0,44.9,10.7,,,,,,,,,
2404719237.0,242,32,2.0,189,44.2,13.3,32,"{'value': 1, 'displayName': 'FirstHalf'}","{'value': 1, 'displayName': 'Pass'}","{'value': 1, 'displayName': 'Successful'}","[{'type': {'value': 178, 'displayName': 'StandingSave'}}, {'type': {'value': 56, 'displayName': 'Zone'}, 'value': 'Back'}, {'type': {'value': 1, 'displayName': 'Longball'}}, {'type': {'value': 213, 'displayName': 'Angle'}, 'value': '2.4'}, {'type': {'value': 140, 'displayName': 'PassEndX'}, 'value': '18.6'}, {'type': {'value': 212, 'displayName': 'Length'}, 'value': '36.5'}, {'type': {'value': 141, 'displayName': 'PassEndY'}, 'value': '49.7'}]","[91, 117, 127, 35, 37, 215, 218]",True,321085.0,18.6,49.7,,,,,,,,,
2404719309.0,243,32,5.0,189,18.6,49.7,32,"{'value': 1, 'displayName': 'FirstHalf'}","{'value': 1, 'displayName': 'Pass'}","{'value': 1, 'displayName': 'Successful'}","[{'type': {'value': 140, 'displayName': 'PassEndX'}, 'value': '30.9'}, {'type': {'value': 141, 'displayName': 'PassEndY'}, 'value': '75.8'}, {'type': {'value': 178, 'displayName': 'StandingSave'}}, {'type': {'value': 213, 'displayName': 'Angle'}, 'value': '0.9'}, {'type': {'value': 212, 'displayName': 'Length'}, 'value': '21.9'}, {'type': {'value': 56, 'displayName': 'Zone'}, 'value': 'Back'}]","[91, 117, 30, 36, 37, 215, 218]",True,276366.0,30.9,75.8,,,,,,,,,
2404719337.0,244,32,8.0,189,31.7,77.9,32,"{'value': 1, 'displayName': 'FirstHalf'}","{'value': 1, 'displayName': 'Pass'}","{'value': 1, 'displayName': 'Successful'}","[{'type': {'value': 178, 'displayName': 'StandingSave'}}, {'type': {'value': 140, 'displayName': 'PassEndX'}, 'value': '41.1'}, {'type': {'value': 141, 'displayName': 'PassEndY'}, 'value': '78.2'}, {'type': {'value': 212, 'displayName': 'Length'}, 'value': '9.9'}, {'type': {'value': 56, 'displayName': 'Zone'}, 'value': 'Back'}, {'type': {'value': 213, 'displayName': 'Angle'}, 'value': '0.0'}]","[91, 117, 30, 36, 37, 216, 218]",True,342499.0,41.1,78.2,,,,,,,,,
2404719401.0,245,32,9.0,189,41.1,78.2,32,"{'value': 1, 'displayName': 'FirstHalf'}","{'value': 1, 'displayName': 'Pass'}","{'value': 1, 'displayName': 'Successful'}","[{'type': {'value': 212, 'displayName': 'Length'}, 'value': '35.3'}, {'type': {'value': 178, 'displayName': 'StandingSave'}}, {'type': {'value': 56, 'displayName': 'Zone'}, 'value': 'Back'}, {'type': {'value': 141, 'displayName': 'PassEndY'}, 'value': '32.0'}, {'type': {'value': 213, 'displayName': 'Angle'}, 'value': '4.2'}, {'type': {'value': 140, 'displayName': 'PassEndX'}, 'value': '25.7'}, {'type': {'value': 1, 'displayName': 'Longball'}}]","[91, 117, 127, 35, 38, 215, 218]",True,101856.0,25.7,32.0,,,,,,,,,
2404719469.0,246,32,13.0,189,30.9,30.5,32,"{'value': 1, 'displayName': 'FirstHalf'}","{'value': 1, 'displayName': 'Pass'}","{'value': 1, 'displayName': 'Successful'}","[{'type': {'value': 213, 'displayName': 'Angle'}, 'value': '0.8'}, {'type': {'value': 141, 'displayName': 'PassEndY'}, 'value': '41.5'}, {'type': {'value': 178, 'displayName': 'StandingSave'}}, {'type': {'value': 212, 'displayName': 'Length'}, 'value': '10.6'}, {'type': {'value': 140, 'displayName': 'PassEndX'}, 'value': '38.0'}, {'type': {'value': 56, 'displayName': 'Zone'}, 'value': 'Back'}]","[91, 117, 30, 36, 37, 216, 218]",True,29026.0,38.0,41.5,,,,,,,,,
2404719541.0,247,32,16.0,189,42.1,38.0,32,"{'value': 1, 'displayName': 'FirstHalf'}","{'value': 1, 'displayName': 'Pass'}","{'value': 1, 'displayName': 'Successful'}","[{'type': {'value': 56, 'displayName': 'Zone'}, 'value': 'Left'}, {'type': {'value': 178, 'displayName': 'StandingSave'}}, {'type': {'value': 141, 'displayName': 'PassEndY'}, 'value': '93.6'}, {'type': {'value': 155, 'displayName': 'Chipped'}}, {'type': {'value': 140, 'displayName': 'PassEndX'}, 'value': '74.5'}, {'type': {'value': 212, 'displayName': 'Length'}, 'value': '50.9'}, {'type': {'value': 1, 'displayName': 'Longball'}}, {'type': {'value': 213, 'displayName': 'Angle'}, 'value': '0.8'}]","[91, 119, 117, 124, 127, 205, 36, 37, 217, 218]",True,69344.0,74.5,93.6,,,,,,,,,
2404719611.0,248,32,19.0,189,74.6,93.8,32,"{'value': 1, 'displayName': 'FirstHalf'}","{'value': 1, 'displayName': 'Pass'}","{'value': 1, 'displayName': 'Successful'}","[{'type': {'value': 213, 'displayName': 'Angle'}, 'value': '5.9'}, {'type': {'value': 3, 'displayName': 'HeadPass'}}, {'type': {'value': 212, 'displayName': 'Length'}, 'value': '21.0'}, {'type': {'value': 140, 'displayName': 'PassEndX'}, 'value': '93.2'}, {'type': {'value': 56, 'displayName': 'Zone'}, 'value': 'Left'}, {'type': {'value': 141, 'displayName': 'PassEndY'}, 'value': '82.5'}]","[91, 119, 117, 30, 139, 205, 36, 38, 217, 218]",True,229562.0,93.2,82.5,,,,,,,,,
2404719635.0,249,32,23.0,189,93.8,83.0,32,"{'value': 1, 'displayName': 'FirstHalf'}","{'value': 1, 'displayName': 'Pass'}","{'value': 1, 'displayName': 'Successful'}","[{'type': {'value': 140, 'displayName': 'PassEndX'}, 'value': '85.6'}, {'type': {'value': 56, 'displayName': 'Zone'}, 'value': 'Left'}, {'type': {'value': 213, 'displayName': 'Angle'}, 'value': '2.6'}, {'type': {'value': 178, 'displayName': 'StandingSave'}}, {'type': {'value': 212, 'displayName': 'Length'}, 'value': '10.3'}, {'type': {'value': 141, 'displayName': 'PassEndY'}, 'value': '91.4'}]","[91, 119, 117, 30, 205, 35, 37, 217, 218]",True,296240.0,85.6,91.4,,,,,,,,,
2404719695.0,250,32,24.0,189,85.6,91.4,32,"{'value': 1, 'displayName': 'FirstHalf'}","{'value': 1, 'displayName': 'Pass'}","{'value': 1, 'displayName': 'Successful'}","[{'type': {'value': 178, 'displayName': 'StandingSave'}}, {'type': {'value': 210, 'displayName': 'ShotAssist'}, 'value': '15'}, {'type': {'value': 2, 'displayName': 'Cross'}}, {'type': {'value': 141, 'displayName': 'PassEndY'}, 'value': '44.9'}, {'type': {'value': 212, 'displayName': 'Length'}, 'value': '32.5'}, {'type': {'value': 154, 'displayName': 'IntentionalAssist'}}, {'type': {'value': 56, 'displayName': 'Zone'}, 'value': 'Center'}, {'type': {'value': 1, 'displayName': 'Longball'}}, {'type': {'value': 72, 'displayName': 'LeftFoot'}}, {'type': {'value': 155, 'displayName': 'Chipped'}}, {'type': {'value': 140, 'displayName': 'PassEndX'}, 'value': '92.9'}, {'type': {'value': 213, 'displayName': 'Angle'}, 'value': '5.0'}, {'type': {'value': 11113, 'displayName': 'KeyPass'}}]","[91, 119, 123, 138, 124, 125, 39, 41, 36, 38, 217, 218]",True,229562.0,92.9,44.9,,,,,,,,,
2404719703.0,251,32,26.0,189,91.1,47.8,32,"{'value': 1, 'displayName': 'FirstHalf'}","{'value': 44, 'displayName': 'Aerial'}","{'value': 1, 'displayName': 'Successful'}","[{'type': {'value': 233, 'displayName': 'OppositeRelatedEvent'}, 'value': '286'}, {'type': {'value': 286, 'displayName': 'Offensive'}}, {'type': {'value': 56, 'displayName': 'Zone'}, 'value': 'Center'}]","[197, 199]",False,134240.0,,,,,,,,,,,
2404719683.0,286,32,26.0,29,8.9,52.2,32,"{'value': 1, 'displayName': 'FirstHalf'}","{'value': 44, 'displayName': 'Aerial'}","{'value': 0, 'displayName': 'Unsuccessful'}","[{'type': {'value': 285, 'displayName': 'Defensive'}}, {'type': {'value': 233, 'displayName': 'OppositeRelatedEvent'}, 'value': '251'}, {'type': {'value': 56, 'displayName': 'Zone'}, 'value': 'Back'}]","[198, 200]",False,300359.0,,,,,,,,,,,
2404719725.0,252,32,26.0,189,92.7,44.9,32,"{'value': 1, 'displayName': 'FirstHalf'}","{'value': 15, 'displayName': 'SavedShot'}","{'value': 1, 'displayName': 'Successful'}","[{'type': {'value': 76, 'displayName': 'LowLeft'}}, {'type': {'value': 82, 'displayName': 'Blocked'}}, {'type': {'value': 147, 'displayName': 'BlockedY'}, 'value': '45.5'}, {'type': {'value': 103, 'displayName': 'GoalMouthZ'}, 'value': '19'}, {'type': {'value': 55, 'displayName': 'RelatedEventId'}, 'value': '250'}, {'type': {'value': 146, 'displayName': 'BlockedX'}, 'value': '93.3'}, {'type': {'value': 22, 'displayName': 'RegularPlay'}}, {'type': {'value': 154, 'displayName': 'IntentionalAssist'}}, {'type': {'value': 56, 'displayName': 'Zone'}, 'value': 'Center'}, {'type': {'value': 17, 'displayName': 'BoxCentre'}}, {'type': {'value': 29, 'displayName': 'Assisted'}}, {'type': {'value': 233, 'displayName': 'OppositeRelatedEvent'}, 'value': '289'}, {'type': {'value': 102, 'displayName': 'GoalMouthY'}, 'value': '52.0'}, {'type': {'value': 15, 'displayName': 'Head'}}]","[91, 10, 1, 3, 11, 14]",True,134240.0,,,250.0,229562.0,93.3,45.5,19.0,52.0,True,,
2404720131.0,289,32,26.0,29,8.8,53.2,32,"{'value': 1, 'displayName': 'FirstHalf'}","{'value': 10, 'displayName': 'Save'}","{'value': 1, 'displayName': 'Successful'}","[{'type': {'value': 233, 'displayName': 'OppositeRelatedEvent'}, 'value': '252'}, {'type': {'value': 56, 'displayName': 'Zone'}, 'value': 'Back'}, {'type': {'value': 178, 'displayName': 'StandingSave'}}, {'type': {'value': 94, 'displayName': 'OutfielderBlock'}}]","[91, 58]",True,300359.0,,,,,,,,,,,
2404719745.0,287,32,27.0,29,9.2,42.4,32,"{'value': 1, 'displayName': 'FirstHalf'}","{'value': 1, 'displayName': 'Pass'}","{'value': 1, 'displayName': 'Successful'}","[{'type': {'value': 3, 'displayName': 'HeadPass'}}, {'type': {'value': 56, 'displayName': 'Zone'}, 'value': 'Back'}, {'type': {'value': 141, 'displayName': 'PassEndY'}, 'value': '49.5'}, {'type': {'value': 212, 'displayName': 'Length'}, 'value': '7.5'}, {'type': {'value': 140, 'displayName': 'PassEndX'}, 'value': '3.7'}, {'type': {'value': 213, 'displayName': 'Angle'}, 'value': '2.4'}]","[91, 117, 30, 139, 35, 37, 215, 218]",True,73063.0,3.7,49.5,,,,,,,,,
2404719751.0,288,32,28.0,29,3.7,49.5,32,"{'value': 1, 'displayName': 'FirstHalf'}","{'value': 52, 'displayName': 'KeeperPickup'}","{'value': 1, 'displayName': 'Successful'}","[{'type': {'value': 178, 'displayName': 'StandingSave'}}]",[93],False,20973.0,,,,,,,,,,,
2404720261.0,290,32,50.0,29,23.4,21.9,32,"{'value': 1, 'displayName': 'FirstHalf'}","{'value': 1, 'displayName': 'Pass'}","{'value': 0, 'displayName': 'Unsuccessful'}","[{'type': {'value': 141, 'displayName': 'PassEndY'}, 'value': '0.0'}, {'type': {'value': 178, 'displayName': 'StandingSave'}}, {'type': {'value': 140, 'displayName': 'PassEndX'}, 'value': '60.1'}, {'type': {'value': 56, 'displayName': 'Zone'}, 'value': 'Right'}, {'type': {'value': 212, 'displayName': 'Length'}, 'value': '41.7'}, {'type': {'value': 213, 'displayName': 'Angle'}, 'value': '5.9'}, {'type': {'value': 1, 'displayName': 'Longball'}}]","[91, 120, 128, 36, 38, 216, 218]",True,20973.0,60.1,0.0,,,,,,,,,
2404720569.0,255,33,0.0,189,38.2,100.0,33,"{'value': 1, 'displayName': 'FirstHalf'}","{'value': 1, 'displayName': 'Pass'}","{'value': 1, 'displayName': 'Successful'}","[{'type': {'value': 1, 'displayName': 'Longball'}}, {'type': {'value': 56, 'displayName': 'Zone'}, 'value': 'Back'}, {'type': {'value': 140, 'displayName': 'PassEndX'}, 'value': '37.9'}, {'type': {'value': 212, 'displayName': 'Length'}, 'value': '21.6'}, {'type': {'value': 107, 'displayName': 'ThrowIn'}}, {'type': {'value': 213, 'displayName': 'Angle'}, 'value': '4.7'}, {'type': {'value': 141, 'displayName': 'PassEndY'}, 'value': '69.9'}]","[91, 212, 35, 38, 216]",True,229562.0,37.9,69.9,,,,,,,,,
2404720593.0,256,33,8.0,189,61.5,57.0,33,"{'value': 1, 'displayName': 'FirstHalf'}","{'value': 1, 'displayName': 'Pass'}","{'value': 1, 'displayName': 'Successful'}","[{'type': {'value': 140, 'displayName': 'PassEndX'}, 'value': '71.7'}, {'type': {'value': 213, 'displayName': 'Angle'}, 'value': '0'}, {'type': {'value': 141, 'displayName': 'PassEndY'}, 'value': '57.0'}, {'type': {'value': 178, 'displayName': 'StandingSave'}}, {'type': {'value': 56, 'displayName': 'Zone'}, 'value': 'Center'}, {'type': {'value': 212, 'displayName': 'Length'}, 'value': '10.7'}]","[91, 119, 117, 30, 205, 36, 217, 218]",True,29026.0,71.7,57.0,,,,,,,,,
2404720627.0,257,33,9.0,189,71.7,57.0,33,"{'value': 1, 'displayName': 'FirstHalf'}","{'value': 1, 'displayName': 'Pass'}","{'value': 1, 'displayName': 'Successful'}","[{'type': {'value': 141, 'displayName': 'PassEndY'}, 'value': '38.5'}, {'type': {'value': 140, 'displayName': 'PassEndX'}, 'value': '75.3'}, {'type': {'value': 212, 'displayName': 'Length'}, 'value': '13.1'}, {'type': {'value': 213, 'displayName': 'Angle'}, 'value': '5.0'}, {'type': {'value': 178, 'displayName': 'StandingSave'}}, {'type': {'value': 56, 'displayName': 'Zone'}, 'value': 'Center'}]","[91, 119, 117, 30, 205, 36, 38, 217, 218]",True,134240.0,75.3,38.5,,,,,,,,,
2404720667.0,258,33,11.0,189,75.8,38.9,33,"{'value': 1, 'displayName': 'FirstHalf'}","{'value': 1, 'displayName': 'Pass'}","{'value': 1, 'displayName': 'Successful'}","[{'type': {'value': 212, 'displayName': 'Length'}, 'value': '8.0'}, {'type': {'value': 178, 'displayName': 'StandingSave'}}, {'type': {'value': 141, 'displayName': 'PassEndY'}, 'value': '48.1'}, {'type': {'value': 213, 'displayName': 'Angle'}, 'value': '0.9'}, {'type': {'value': 140, 'displayName': 'PassEndX'}, 'value': '80.6'}, {'type': {'value': 56, 'displayName': 'Zone'}, 'value': 'Center'}]","[91, 119, 117, 30, 205, 36, 37, 217, 218]",True,298689.0,80.6,48.1,,,,,,,,,
2404720731.0,259,33,12.0,189,80.6,48.1,33,"{'value': 1, 'displayName': 'FirstHalf'}","{'value': 1, 'displayName': 'Pass'}","{'value': 1, 'displayName': 'Successful'}","[{'type': {'value': 213, 'displayName': 'Angle'}, 'value': '5.1'}, {'type': {'value': 178, 'displayName': 'StandingSave'}}, {'type': {'value': 140, 'displayName': 'PassEndX'}, 'value': '85.7'}, {'type': {'value': 56, 'displayName': 'Zone'}, 'value': 'Center'}, {'type': {'value': 154, 'displayName': 'IntentionalAssist'}}, {'type': {'value': 212, 'displayName': 'Length'}, 'value': '12.8'}, {'type': {'value': 210, 'displayName': 'ShotAssist'}, 'value': '13'}, {'type': {'value': 141, 'displayName': 'PassEndY'}, 'value': '31.0'}, {'type': {'value': 11113, 'displayName': 'KeyPass'}}]","[91, 119, 117, 30, 123, 205, 40, 46, 36, 38, 217, 218]",True,134240.0,85.7,31.0,,,,,,,,,
2404720737.0,260,33,13.0,189,85.7,30.7,33,"{'value': 1, 'displayName': 'FirstHalf'}","{'value': 13, 'displayName': 'MissedShots'}","{'value': 1, 'displayName': 'Successful'}","[{'type': {'value': 154, 'displayName': 'IntentionalAssist'}}, {'type': {'value': 55, 'displayName': 'RelatedEventId'}, 'value': '259'}, {'type': {'value': 103, 'displayName': 'GoalMouthZ'}, 'value': '70.8'}, {'type': {'value': 56, 'displayName': 'Zone'}, 'value': 'Center'}, {'type': {'value': 102, 'displayName': 'GoalMouthY'}, 'value': '59.3'}, {'type': {'value': 178, 'displayName': 'StandingSave'}}, {'type': {'value': 29, 'displayName': 'Assisted'}}, {'type': {'value': 72, 'displayName': 'LeftFoot'}}, {'type': {'value': 77, 'displayName': 'HighLeft'}}, {'type': {'value': 63, 'displayName': 'BoxRight'}}, {'type': {'value': 22, 'displayName': 'RegularPlay'}}]","[91, 7, 90, 10, 1, 3, 13]",True,353377.0,,,259.0,134240.0,,,70.8,59.3,True,,
2404721431.0,294,33,49.0,29,4.9,48.8,33,"{'value': 1, 'displayName': 'FirstHalf'}","{'value': 1, 'displayName': 'Pass'}","{'value': 0, 'displayName': 'Unsuccessful'}","[{'type': {'value': 141, 'displayName': 'PassEndY'}, 'value': '15.8'}, {'type': {'value': 1, 'displayName': 'Longball'}}, {'type': {'value': 74, 'displayName': 'MissHigh'}}, {'type': {'value': 124, 'displayName': 'GoalKick'}}, {'type': {'value': 213, 'displayName': 'Angle'}, 'value': '5.9'}, {'type': {'value': 140, 'displayName': 'PassEndX'}, 'value': '55.8'}, {'type': {'value': 212, 'displayName': 'Length'}, 'value': '58.0'}, {'type': {'value': 56, 'displayName': 'Zone'}, 'value': 'Right'}]","[91, 120, 128, 36, 38, 216, 218]",True,20973.0,55.8,15.8,,,,,,,,,
2404721457.0,262,33,53.0,189,41.1,84.8,33,"{'value': 1, 'displayName': 'FirstHalf'}","{'value': 1, 'displayName': 'Pass'}","{'value': 0, 'displayName': 'Unsuccessful'}","[{'type': {'value': 3, 'displayName': 'HeadPass'}}, {'type': {'value': 56, 'displayName': 'Zone'}, 'value': 'Left'}, {'type': {'value': 212, 'displayName': 'Length'}, 'value': '22.5'}, {'type': {'value': 141, 'displayName': 'PassEndY'}, 'value': '88.7'}, {'type': {'value': 140, 'displayName': 'PassEndX'}, 'value': '62.4'}, {'type': {'value': 213, 'displayName': 'Angle'}, 'value': '0.1'}]","[91, 120, 29, 139, 36, 37, 216, 218]",True,342499.0,62.4,88.7,,,,,,,,,
2404721507.0,295,33,55.0,29,36.1,10.2,33,"{'value': 1, 'displayName': 'FirstHalf'}","{'value': 1, 'displayName': 'Pass'}","{'value': 0, 'displayName': 'Unsuccessful'}","[{'type': {'value': 3, 'displayName': 'HeadPass'}}, {'type': {'value': 56, 'displayName': 'Zone'}, 'value': 'Back'}, {'type': {'value': 213, 'displayName': 'Angle'}, 'value': '0.8'}, {'type': {'value': 212, 'displayName': 'Length'}, 'value': '15.1'}, {'type': {'value': 140, 'displayName': 'PassEndX'}, 'value': '46.0'}, {'type': {'value': 141, 'displayName': 'PassEndY'}, 'value': '26.3'}]","[91, 118, 120, 29, 139, 36, 37, 216, 218]",True,111372.0,46.0,26.3,,,,,,,,,
2404721563.0,263,33,57.0,189,55.0,66.6,33,"{'value': 1, 'displayName': 'FirstHalf'}","{'value': 1, 'displayName': 'Pass'}","{'value': 1, 'displayName': 'Successful'}","[{'type': {'value': 212, 'displayName': 'Length'}, 'value': '9.8'}, {'type': {'value': 3, 'displayName': 'HeadPass'}}, {'type': {'value': 56, 'displayName': 'Zone'}, 'value': 'Center'}, {'type': {'value': 141, 'displayName': 'PassEndY'}, 'value': '68.3'}, {'type': {'value': 213, 'displayName': 'Angle'}, 'value': '0.1'}, {'type': {'value': 140, 'displayName': 'PassEndX'}, 'value': '64.3'}]","[91, 119, 117, 30, 139, 36, 37, 216, 218]",True,298689.0,64.3,68.3,,,,,,,,,
2404721569.0,264,33,58.0,189,61.3,69.9,33,"{'value': 1, 'displayName': 'FirstHalf'}","{'value': 49, 'displayName': 'BallRecovery'}","{'value': 1, 'displayName': 'Successful'}",[],[93],False,134240.0,,,,,,,,,,,
2404721617.0,265,33,59.0,189,60.2,70.5,33,"{'value': 1, 'displayName': 'FirstHalf'}","{'value': 61, 'displayName': 'BallTouch'}","{'value': 1, 'displayName': 'Successful'}","[{'type': {'value': 56, 'displayName': 'Zone'}, 'value': 'Center'}, {'type': {'value': 178, 'displayName': 'StandingSave'}}]",[91],True,134240.0,,,,,,,,,,,
2404721667.0,266,34,2.0,189,58.5,72.5,34,"{'value': 1, 'displayName': 'FirstHalf'}","{'value': 1, 'displayName': 'Pass'}","{'value': 1, 'displayName': 'Successful'}","[{'type': {'value': 178, 'displayName': 'StandingSave'}}, {'type': {'value': 213, 'displayName': 'Angle'}, 'value': '1.3'}, {'type': {'value': 56, 'displayName': 'Zone'}, 'value': 'Left'}, {'type': {'value': 140, 'displayName': 'PassEndX'}, 'value': '61.8'}, {'type': {'value': 212, 'displayName': 'Length'}, 'value': '13.0'}, {'type': {'value': 141, 'displayName': 'PassEndY'}, 'value': '90.9'}]","[91, 119, 117, 30, 36, 37, 216, 218]",True,101856.0,61.8,90.9,,,,,,,,,
2404721789.0,267,34,6.0,189,61.3,92.4,34,"{'value': 1, 'displayName': 'FirstHalf'}","{'value': 1, 'displayName': 'Pass'}","{'value': 1, 'displayName': 'Successful'}","[{'type': {'value': 140, 'displayName': 'PassEndX'}, 'value': '54.1'}, {'type': {'value': 178, 'displayName': 'StandingSave'}}, {'type': {'value': 56, 'displayName': 'Zone'}, 'value': 'Left'}, {'type': {'value': 141, 'displayName': 'PassEndY'}, 'value': '89.6'}, {'type': {'value': 213, 'displayName': 'Angle'}, 'value': '3.4'}, {'type': {'value': 212, 'displayName': 'Length'}, 'value': '7.8'}]","[91, 119, 117, 30, 35, 38, 216, 218]",True,342499.0,54.1,89.6,,,,,,,,,
2404721831.0,268,34,12.0,189,57.6,80.3,34,"{'value': 1, 'displayName': 'FirstHalf'}","{'value': 1, 'displayName': 'Pass'}","{'value': 1, 'displayName': 'Successful'}","[{'type': {'value': 212, 'displayName': 'Length'}, 'value': '14.9'}, {'type': {'value': 155, 'displayName': 'Chipped'}}, {'type': {'value': 140, 'displayName': 'PassEndX'}, 'value': '71.8'}, {'type': {'value': 178, 'displayName': 'StandingSave'}}, {'type': {'value': 141, 'displayName': 'PassEndY'}, 'value': '79.7'}, {'type': {'value': 213, 'displayName': 'Angle'}, 'value': '6.3'}, {'type': {'value': 56, 'displayName': 'Zone'}, 'value': 'Left'}]","[91, 119, 117, 30, 124, 205, 36, 38, 217, 218]",True,69344.0,71.8,79.7,,,,,,,,,
2404721841.0,269,34,13.0,189,71.4,79.4,34,"{'value': 1, 'displayName': 'FirstHalf'}","{'value': 61, 'displayName': 'BallTouch'}","{'value': 0, 'displayName': 'Unsuccessful'}","[{'type': {'value': 178, 'displayName': 'StandingSave'}}, {'type': {'value': 56, 'displayName': 'Zone'}, 'value': 'Left'}]","[91, 69]",True,101856.0,,,,,,,,,,,
2404721847.0,296,34,14.0,29,29.6,16.9,34,"{'value': 1, 'displayName': 'FirstHalf'}","{'value': 49, 'displayName': 'BallRecovery'}","{'value': 1, 'displayName': 'Successful'}",[],[93],False,111372.0,,,,,,,,,,,
2404721999.0,297,34,18.0,29,27.3,4.7,34,"{'value': 1, 'displayName': 'FirstHalf'}","{'value': 1, 'displayName': 'Pass'}","{'value': 1, 'displayName': 'Successful'}","[{'type': {'value': 178, 'displayName': 'StandingSave'}}, {'type': {'value': 141, 'displayName': 'PassEndY'}, 'value': '14.1'}, {'type': {'value': 212, 'displayName': 'Length'}, 'value': '21.5'}, {'type': {'value': 140, 'displayName': 'PassEndX'}, 'value': '46.9'}, {'type': {'value': 56, 'displayName': 'Zone'}, 'value': 'Back'}, {'type': {'value': 155, 'displayName': 'Chipped'}}, {'type': {'value': 213, 'displayName': 'Angle'}, 'value': '0.3'}]","[91, 117, 30, 124, 36, 37, 216, 218]",True,111372.0,46.9,14.1,,,,,,,,,
2404722035.0,298,34,19.0,29,46.9,14.1,34,"{'value': 1, 'displayName': 'FirstHalf'}","{'value': 1, 'displayName': 'Pass'}","{'value': 1, 'displayName': 'Successful'}","[{'type': {'value': 178, 'displayName': 'StandingSave'}}, {'type': {'value': 141, 'displayName': 'PassEndY'}, 'value': '30.1'}, {'type': {'value': 56, 'displayName': 'Zone'}, 'value': 'Center'}, {'type': {'value': 213, 'displayName': 'Angle'}, 'value': '1.1'}, {'type': {'value': 140, 'displayName': 'PassEndX'}, 'value': '52.4'}, {'type': {'value': 212, 'displayName': 'Length'}, 'value': '12.3'}]","[91, 119, 117, 30, 36, 37, 216, 218]",True,69517.0,52.4,30.1,,,,,,,,,
2404722051.0,299,34,21.0,29,52.4,30.1,34,"{'value': 1, 'displayName': 'FirstHalf'}","{'value': 3, 'displayName': 'TakeOn'}","{'value': 0, 'displayName': 'Unsuccessful'}","[{'type': {'value': 178, 'displayName': 'StandingSave'}}, {'type': {'value': 56, 'displayName': 'Zone'}, 'value': 'Center'}, {'type': {'value': 211, 'displayName': 'OverRun'}}, {'type': {'value': 286, 'displayName': 'Offensive'}}]","[91, 204]",True,89998.0,,,,,,,,,,,
2404722137.0,270,34,23.0,189,45.2,55.5,34,"{'value': 1, 'displayName': 'FirstHalf'}","{'value': 1, 'displayName': 'Pass'}","{'value': 1, 'displayName': 'Successful'}","[{'type': {'value': 141, 'displayName': 'PassEndY'}, 'value': '39.7'}, {'type': {'value': 178, 'displayName': 'StandingSave'}}, {'type': {'value': 140, 'displayName': 'PassEndX'}, 'value': '12.3'}, {'type': {'value': 56, 'displayName': 'Zone'}, 'value': 'Back'}, {'type': {'value': 1, 'displayName': 'Longball'}}, {'type': {'value': 213, 'displayName': 'Angle'}, 'value': '3.4'}, {'type': {'value': 212, 'displayName': 'Length'}, 'value': '36.2'}]","[91, 117, 127, 35, 38, 215, 218]",True,134240.0,12.3,39.7,,,,,,,,,
2404722141.0,271,34,26.0,189,13.5,39.7,34,"{'value': 1, 'displayName': 'FirstHalf'}","{'value': 49, 'displayName': 'BallRecovery'}","{'value': 1, 'displayName': 'Successful'}",[],[93],False,276366.0,,,,,,,,,,,
2404722269.0,272,34,27.0,189,14.8,38.5,34,"{'value': 1, 'displayName': 'FirstHalf'}","{'value': 1, 'displayName': 'Pass'}","{'value': 1, 'displayName': 'Successful'}","[{'type': {'value': 212, 'displayName': 'Length'}, 'value': '14.8'}, {'type': {'value': 140, 'displayName': 'PassEndX'}, 'value': '28.3'}, {'type': {'value': 178, 'displayName': 'StandingSave'}}, {'type': {'value': 56, 'displayName': 'Zone'}, 'value': 'Back'}, {'type': {'value': 213, 'displayName': 'Angle'}, 'value': '0.3'}, {'type': {'value': 141, 'displayName': 'PassEndY'}, 'value': '44.9'}]","[91, 117, 30, 36, 37, 215, 218]",True,276366.0,28.3,44.9,,,,,,,,,
2404722299.0,273,34,32.0,189,29.3,46.9,34,"{'value': 1, 'displayName': 'FirstHalf'}","{'value': 1, 'displayName': 'Pass'}","{'value': 1, 'displayName': 'Successful'}","[{'type': {'value': 213, 'displayName': 'Angle'}, 'value': '1.9'}, {'type': {'value': 212, 'displayName': 'Length'}, 'value': '16.4'}, {'type': {'value': 141, 'displayName': 'PassEndY'}, 'value': '69.8'}, {'type': {'value': 56, 'displayName': 'Zone'}, 'value': 'Back'}, {'type': {'value': 178, 'displayName': 'StandingSave'}}, {'type': {'value': 140, 'displayName': 'PassEndX'}, 'value': '24.5'}]","[91, 117, 30, 35, 37, 215, 218]",True,69344.0,24.5,69.8,,,,,,,,,
2404722341.0,274,34,34.0,189,26.6,72.5,34,"{'value': 1, 'displayName': 'FirstHalf'}","{'value': 1, 'displayName': 'Pass'}","{'value': 1, 'displayName': 'Successful'}","[{'type': {'value': 56, 'displayName': 'Zone'}, 'value': 'Back'}, {'type': {'value': 178, 'displayName': 'StandingSave'}}, {'type': {'value': 213, 'displayName': 'Angle'}, 'value': '0.0'}, {'type': {'value': 141, 'displayName': 'PassEndY'}, 'value': '72.8'}, {'type': {'value': 212, 'displayName': 'Length'}, 'value': '9.8'}, {'type': {'value': 140, 'displayName': 'PassEndX'}, 'value': '35.9'}]","[91, 117, 30, 36, 37, 216, 218]",True,342499.0,35.9,72.8,,,,,,,,,
2404722361.0,275,34,35.0,189,35.9,72.8,34,"{'value': 1, 'displayName': 'FirstHalf'}","{'value': 1, 'displayName': 'Pass'}","{'value': 1, 'displayName': 'Successful'}","[{'type': {'value': 141, 'displayName': 'PassEndY'}, 'value': '73.1'}, {'type': {'value': 156, 'displayName': 'LayOff'}}, {'type': {'value': 140, 'displayName': 'PassEndX'}, 'value': '23.3'}, {'type': {'value': 212, 'displayName': 'Length'}, 'value': '13.2'}, {'type': {'value': 56, 'displayName': 'Zone'}, 'value': 'Back'}, {'type': {'value': 213, 'displayName': 'Angle'}, 'value': '3.1'}, {'type': {'value': 178, 'displayName': 'StandingSave'}}]","[91, 117, 30, 35, 37, 215, 218]",True,101856.0,23.3,73.1,,,,,,,,,
2404722489.0,276,34,37.0,189,23.3,73.1,34,"{'value': 1, 'displayName': 'FirstHalf'}","{'value': 1, 'displayName': 'Pass'}","{'value': 1, 'displayName': 'Successful'}","[{'type': {'value': 141, 'displayName': 'PassEndY'}, 'value': '53.1'}, {'type': {'value': 140, 'displayName': 'PassEndX'}, 'value': '11.2'}, {'type': {'value': 212, 'displayName': 'Length'}, 'value': '18.6'}, {'type': {'value': 213, 'displayName': 'Angle'}, 'value': '4.0'}, {'type': {'value': 56, 'displayName': 'Zone'}, 'value': 'Back'}, {'type': {'value': 178, 'displayName': 'StandingSave'}}]","[91, 117, 30, 35, 38, 215, 218]",True,342499.0,11.2,53.1,,,,,,,,,
2404722547.0,277,34,44.0,189,19.6,40.4,34,"{'value': 1, 'displayName': 'FirstHalf'}","{'value': 1, 'displayName': 'Pass'}","{'value': 1, 'displayName': 'Successful'}","[{'type': {'value': 212, 'displayName': 'Length'}, 'value': '13.0'}, {'type': {'value': 178, 'displayName': 'StandingSave'}}, {'type': {'value': 213, 'displayName': 'Angle'}, 'value': '5.1'}, {'type': {'value': 141, 'displayName': 'PassEndY'}, 'value': '22.6'}, {'type': {'value': 140, 'displayName': 'PassEndX'}, 'value': '24.2'}, {'type': {'value': 56, 'displayName': 'Zone'}, 'value': 'Back'}]","[91, 117, 30, 36, 38, 215, 218]",True,276366.0,24.2,22.6,,,,,,,,,
2404722629.0,278,34,47.0,189,30.8,22.7,34,"{'value': 1, 'displayName': 'FirstHalf'}","{'value': 1, 'displayName': 'Pass'}","{'value': 1, 'displayName': 'Successful'}","[{'type': {'value': 56, 'displayName': 'Zone'}, 'value': 'Back'}, {'type': {'value': 178, 'displayName': 'StandingSave'}}, {'type': {'value': 213, 'displayName': 'Angle'}, 'value': '6.2'}, {'type': {'value': 141, 'displayName': 'PassEndY'}, 'value': '21.4'}, {'type': {'value': 140, 'displayName': 'PassEndX'}, 'value': '48.4'}, {'type': {'value': 212, 'displayName': 'Length'}, 'value': '18.5'}]","[91, 117, 30, 36, 38, 216, 218]",True,29026.0,48.4,21.4,,,,,,,,,
2404722633.0,279,34,48.0,189,48.4,21.4,34,"{'value': 1, 'displayName': 'FirstHalf'}","{'value': 61, 'displayName': 'BallTouch'}","{'value': 0, 'displayName': 'Unsuccessful'}","[{'type': {'value': 56, 'displayName': 'Zone'}, 'value': 'Back'}, {'type': {'value': 178, 'displayName': 'StandingSave'}}]","[91, 69]",True,353377.0,,,,,,,,,,,
2404722647.0,301,34,50.0,29,48.4,84.7,34,"{'value': 1, 'displayName': 'FirstHalf'}","{'value': 49, 'displayName': 'BallRecovery'}","{'value': 1, 'displayName': 'Successful'}",[],[93],False,143595.0,,,,,,,,,,,
2404722669.0,302,34,50.0,29,48.4,84.7,34,"{'value': 1, 'displayName': 'FirstHalf'}","{'value': 1, 'displayName': 'Pass'}","{'value': 1, 'displayName': 'Successful'}","[{'type': {'value': 213, 'displayName': 'Angle'}, 'value': '3.0'}, {'type': {'value': 178, 'displayName': 'StandingSave'}}, {'type': {'value': 212, 'displayName': 'Length'}, 'value': '11.1'}, {'type': {'value': 141, 'displayName': 'PassEndY'}, 'value': '87.6'}, {'type': {'value': 56, 'displayName': 'Zone'}, 'value': 'Back'}, {'type': {'value': 140, 'displayName': 'PassEndX'}, 'value': '38.0'}]","[91, 117, 30, 35, 37, 216, 218]",True,143595.0,38.0,87.6,,,,,,,,,
2404722725.0,303,34,50.0,29,38.0,87.6,34,"{'value': 1, 'displayName': 'FirstHalf'}","{'value': 1, 'displayName': 'Pass'}","{'value': 1, 'displayName': 'Successful'}","[{'type': {'value': 178, 'displayName': 'StandingSave'}}, {'type': {'value': 212, 'displayName': 'Length'}, 'value': '13.4'}, {'type': {'value': 140, 'displayName': 'PassEndX'}, 'value': '42.7'}, {'type': {'value': 213, 'displayName': 'Angle'}, 'value': '5.1'}, {'type': {'value': 56, 'displayName': 'Zone'}, 'value': 'Back'}, {'type': {'value': 141, 'displayName': 'PassEndY'}, 'value': '69.3'}]","[91, 117, 30, 36, 38, 216, 218]",True,68049.0,42.7,69.3,,,,,,,,,
2404722799.0,304,34,54.0,29,44.5,56.8,34,"{'value': 1, 'displayName': 'FirstHalf'}","{'value': 1, 'displayName': 'Pass'}","{'value': 1, 'displayName': 'Successful'}","[{'type': {'value': 140, 'displayName': 'PassEndX'}, 'value': '33.0'}, {'type': {'value': 178, 'displayName': 'StandingSave'}}, {'type': {'value': 141, 'displayName': 'PassEndY'}, 'value': '66.9'}, {'type': {'value': 56, 'displayName': 'Zone'}, 'value': 'Back'}, {'type': {'value': 212, 'displayName': 'Length'}, 'value': '13.9'}, {'type': {'value': 213, 'displayName': 'Angle'}, 'value': '2.6'}]","[91, 117, 30, 35, 37, 215, 218]",True,332325.0,33.0,66.9,,,,,,,,,
2404722911.0,305,34,57.0,29,31.3,65.5,34,"{'value': 1, 'displayName': 'FirstHalf'}","{'value': 1, 'displayName': 'Pass'}","{'value': 1, 'displayName': 'Successful'}","[{'type': {'value': 141, 'displayName': 'PassEndY'}, 'value': '43.9'}, {'type': {'value': 212, 'displayName': 'Length'}, 'value': '21.7'}, {'type': {'value': 178, 'displayName': 'StandingSave'}}, {'type': {'value': 140, 'displayName': 'PassEndX'}, 'value': '16.1'}, {'type': {'value': 213, 'displayName': 'Angle'}, 'value': '3.9'}, {'type': {'value': 56, 'displayName': 'Zone'}, 'value': 'Back'}]","[91, 117, 30, 35, 38, 215, 218]",True,300359.0,16.1,43.9,,,,,,,,,
2404722955.0,306,35,1.0,29,21.3,34.3,35,"{'value': 1, 'displayName': 'FirstHalf'}","{'value': 1, 'displayName': 'Pass'}","{'value': 0, 'displayName': 'Unsuccessful'}","[{'type': {'value': 213, 'displayName': 'Angle'}, 'value': '5.9'}, {'type': {'value': 178, 'displayName': 'StandingSave'}}, {'type': {'value': 141, 'displayName': 'PassEndY'}, 'value': '6.1'}, {'type': {'value': 1, 'displayName': 'Longball'}}, {'type': {'value': 212, 'displayName': 'Length'}, 'value': '49.7'}, {'type': {'value': 140, 'displayName': 'PassEndX'}, 'value': '65.0'}, {'type': {'value': 56, 'displayName': 'Zone'}, 'value': 'Right'}]","[91, 120, 128, 36, 38, 216, 218]",True,20973.0,65.0,6.1,,,,,,,,,
2404722993.0,280,35,6.0,189,31.6,94.7,35,"{'value': 1, 'displayName': 'FirstHalf'}","{'value': 49, 'displayName': 'BallRecovery'}","{'value': 1, 'displayName': 'Successful'}",[],[93],False,229562.0,,,,,,,,,,,
2404723027.0,281,35,6.0,189,31.6,94.7,35,"{'value': 1, 'displayName': 'FirstHalf'}","{'value': 1, 'displayName': 'Pass'}","{'value': 0, 'displayName': 'Unsuccessful'}","[{'type': {'value': 212, 'displayName': 'Length'}, 'value': '27.9'}, {'type': {'value': 1, 'displayName': 'Longball'}}, {'type': {'value': 140, 'displayName': 'PassEndX'}, 'value': '57.9'}, {'type': {'value': 141, 'displayName': 'PassEndY'}, 'value': '100.0'}, {'type': {'value': 178, 'displayName': 'StandingSave'}}, {'type': {'value': 213, 'displayName': 'Angle'}, 'value': '0.2'}, {'type': {'value': 56, 'displayName': 'Zone'}, 'value': 'Left'}]","[91, 120, 128, 36, 37, 216, 218]",True,229562.0,57.9,100.0,,,,,,,,,
2404723625.0,308,35,38.0,29,53.2,0.0,35,"{'value': 1, 'displayName': 'FirstHalf'}","{'value': 1, 'displayName': 'Pass'}","{'value': 1, 'displayName': 'Successful'}","[{'type': {'value': 56, 'displayName': 'Zone'}, 'value': 'Right'}, {'type': {'value': 141, 'displayName': 'PassEndY'}, 'value': '20.4'}, {'type': {'value': 140, 'displayName': 'PassEndX'}, 'value': '54.7'}, {'type': {'value': 212, 'displayName': 'Length'}, 'value': '15.3'}, {'type': {'value': 107, 'displayName': 'ThrowIn'}}, {'type': {'value': 213, 'displayName': 'Angle'}, 'value': '1.5'}]","[91, 212, 36, 37, 216]",True,111372.0,54.7,20.4,,,,,,,,,
2404723657.0,309,35,38.0,29,54.7,20.4,35,"{'value': 1, 'displayName': 'FirstHalf'}","{'value': 1, 'displayName': 'Pass'}","{'value': 1, 'displayName': 'Successful'}","[{'type': {'value': 141, 'displayName': 'PassEndY'}, 'value': '8.3'}, {'type': {'value': 140, 'displayName': 'PassEndX'}, 'value': '42.4'}, {'type': {'value': 212, 'displayName': 'Length'}, 'value': '15.3'}, {'type': {'value': 178, 'displayName': 'StandingSave'}}, {'type': {'value': 156, 'displayName': 'LayOff'}}, {'type': {'value': 56, 'displayName': 'Zone'}, 'value': 'Back'}, {'type': {'value': 213, 'displayName': 'Angle'}, 'value': '3.7'}]","[91, 117, 30, 35, 38, 216, 218]",True,69517.0,42.4,8.3,,,,,,,,,
2404723765.0,310,35,41.0,29,42.0,8.3,35,"{'value': 1, 'displayName': 'FirstHalf'}","{'value': 1, 'displayName': 'Pass'}","{'value': 1, 'displayName': 'Successful'}","[{'type': {'value': 213, 'displayName': 'Angle'}, 'value': '3.0'}, {'type': {'value': 212, 'displayName': 'Length'}, 'value': '24.1'}, {'type': {'value': 141, 'displayName': 'PassEndY'}, 'value': '14.0'}, {'type': {'value': 56, 'displayName': 'Zone'}, 'value': 'Back'}, {'type': {'value': 140, 'displayName': 'PassEndX'}, 'value': '19.3'}, {'type': {'value': 178, 'displayName': 'StandingSave'}}]","[91, 117, 30, 35, 37, 215, 218]",True,89998.0,19.3,14.0,,,,,,,,,
2404723799.0,311,35,43.0,29,19.3,14.0,35,"{'value': 1, 'displayName': 'FirstHalf'}","{'value': 1, 'displayName': 'Pass'}","{'value': 1, 'displayName': 'Successful'}","[{'type': {'value': 140, 'displayName': 'PassEndX'}, 'value': '12.2'}, {'type': {'value': 212, 'displayName': 'Length'}, 'value': '22.2'}, {'type': {'value': 141, 'displayName': 'PassEndY'}, 'value': '44.8'}, {'type': {'value': 178, 'displayName': 'StandingSave'}}, {'type': {'value': 213, 'displayName': 'Angle'}, 'value': '1.9'}, {'type': {'value': 56, 'displayName': 'Zone'}, 'value': 'Back'}]","[91, 117, 30, 35, 37, 215, 218]",True,73063.0,12.2,44.8,,,,,,,,,
2404723839.0,312,35,47.0,29,12.2,46.5,35,"{'value': 1, 'displayName': 'FirstHalf'}","{'value': 1, 'displayName': 'Pass'}","{'value': 0, 'displayName': 'Unsuccessful'}","[{'type': {'value': 141, 'displayName': 'PassEndY'}, 'value': '54.9'}, {'type': {'value': 1, 'displayName': 'Longball'}}, {'type': {'value': 178, 'displayName': 'StandingSave'}}, {'type': {'value': 213, 'displayName': 'Angle'}, 'value': '0.1'}, {'type': {'value': 56, 'displayName': 'Zone'}, 'value': 'Center'}, {'type': {'value': 212, 'displayName': 'Length'}, 'value': '50.2'}, {'type': {'value': 140, 'displayName': 'PassEndX'}, 'value': '59.7'}]","[91, 120, 128, 36, 37, 216, 218]",True,20973.0,59.7,54.9,,,,,,,,,
2404723897.0,283,35,51.0,189,40.3,43.4,35,"{'value': 1, 'displayName': 'FirstHalf'}","{'value': 1, 'displayName': 'Pass'}","{'value': 1, 'displayName': 'Successful'}","[{'type': {'value': 56, 'displayName': 'Zone'}, 'value': 'Center'}, {'type': {'value': 212, 'displayName': 'Length'}, 'value': '16.0'}, {'type': {'value': 213, 'displayName': 'Angle'}, 'value': '0.2'}, {'type': {'value': 141, 'displayName': 'PassEndY'}, 'value': '48.8'}, {'type': {'value': 140, 'displayName': 'PassEndX'}, 'value': '55.1'}, {'type': {'value': 3, 'displayName': 'HeadPass'}}]","[91, 119, 117, 30, 139, 36, 37, 216, 218]",True,29026.0,55.1,48.8,,,,,,,,,
2404723925.0,284,35,52.0,189,57.4,49.7,35,"{'value': 1, 'displayName': 'FirstHalf'}","{'value': 1, 'displayName': 'Pass'}","{'value': 1, 'displayName': 'Successful'}","[{'type': {'value': 141, 'displayName': 'PassEndY'}, 'value': '54.4'}, {'type': {'value': 212, 'displayName': 'Length'}, 'value': '7.2'}, {'type': {'value': 140, 'displayName': 'PassEndX'}, 'value': '51.3'}, {'type': {'value': 213, 'displayName': 'Angle'}, 'value': '2.7'}, {'type': {'value': 56, 'displayName': 'Zone'}, 'value': 'Center'}, {'type': {'value': 156, 'displayName': 'LayOff'}}, {'type': {'value': 3, 'displayName': 'HeadPass'}}]","[91, 119, 117, 30, 139, 35, 37, 216, 218]",True,101856.0,51.3,54.4,,,,,,,,,
2404723947.0,285,35,53.0,189,51.5,52.8,35,"{'value': 1, 'displayName': 'FirstHalf'}","{'value': 49, 'displayName': 'BallRecovery'}","{'value': 1, 'displayName': 'Successful'}",[],[93],False,69344.0,,,,,,,,,,,
2404723963.0,286,35,53.0,189,51.3,54.4,35,"{'value': 1, 'displayName': 'FirstHalf'}","{'value': 1, 'displayName': 'Pass'}","{'value': 0, 'displayName': 'Unsuccessful'}","[{'type': {'value': 212, 'displayName': 'Length'}, 'value': '3.2'}, {'type': {'value': 178, 'displayName': 'StandingSave'}}, {'type': {'value': 141, 'displayName': 'PassEndY'}, 'value': '55.0'}, {'type': {'value': 56, 'displayName': 'Zone'}, 'value': 'Center'}, {'type': {'value': 140, 'displayName': 'PassEndX'}, 'value': '54.3'}, {'type': {'value': 213, 'displayName': 'Angle'}, 'value': '0.1'}]","[91, 120, 29, 36, 37, 216, 218]",True,69344.0,54.3,55.0,,,,,,,,,
2404723937.0,313,35,53.0,29,52.0,53.0,35,"{'value': 1, 'displayName': 'FirstHalf'}","{'value': 49, 'displayName': 'BallRecovery'}","{'value': 1, 'displayName': 'Successful'}",[],[93],False,89998.0,,,,,,,,,,,
2404723993.0,314,35,56.0,29,52.5,54.6,35,"{'value': 1, 'displayName': 'FirstHalf'}","{'value': 1, 'displayName': 'Pass'}","{'value': 1, 'displayName': 'Successful'}","[{'type': {'value': 212, 'displayName': 'Length'}, 'value': '5.0'}, {'type': {'value': 141, 'displayName': 'PassEndY'}, 'value': '60.8'}, {'type': {'value': 140, 'displayName': 'PassEndX'}, 'value': '55.1'}, {'type': {'value': 178, 'displayName': 'StandingSave'}}, {'type': {'value': 213, 'displayName': 'Angle'}, 'value': '1.0'}, {'type': {'value': 56, 'displayName': 'Zone'}, 'value': 'Center'}]","[91, 119, 117, 30, 36, 37, 216, 218]",True,89998.0,55.1,60.8,,,,,,,,,
2404724045.0,315,35,58.0,29,55.5,45.3,35,"{'value': 1, 'displayName': 'FirstHalf'}","{'value': 1, 'displayName': 'Pass'}","{'value': 1, 'displayName': 'Successful'}","[{'type': {'value': 178, 'displayName': 'StandingSave'}}, {'type': {'value': 56, 'displayName': 'Zone'}, 'value': 'Right'}, {'type': {'value': 140, 'displayName': 'PassEndX'}, 'value': '61.2'}, {'type': {'value': 141, 'displayName': 'PassEndY'}, 'value': '17.3'}, {'type': {'value': 213, 'displayName': 'Angle'}, 'value': '5.0'}, {'type': {'value': 212, 'displayName': 'Length'}, 'value': '20.0'}]","[91, 119, 117, 30, 36, 38, 216, 218]",True,297203.0,61.2,17.3,,,,,,,,,
2404724099.0,316,36,2.0,29,61.7,17.3,36,"{'value': 1, 'displayName': 'FirstHalf'}","{'value': 1, 'displayName': 'Pass'}","{'value': 1, 'displayName': 'Successful'}","[{'type': {'value': 56, 'displayName': 'Zone'}, 'value': 'Center'}, {'type': {'value': 140, 'displayName': 'PassEndX'}, 'value': '59.2'}, {'type': {'value': 212, 'displayName': 'Length'}, 'value': '7.3'}, {'type': {'value': 141, 'displayName': 'PassEndY'}, 'value': '27.3'}, {'type': {'value': 178, 'displayName': 'StandingSave'}}, {'type': {'value': 213, 'displayName': 'Angle'}, 'value': '1.9'}]","[91, 119, 117, 30, 35, 37, 216, 218]",True,111372.0,59.2,27.3,,,,,,,,,
2404724195.0,317,36,4.0,29,59.7,30.2,36,"{'value': 1, 'displayName': 'FirstHalf'}","{'value': 1, 'displayName': 'Pass'}","{'value': 1, 'displayName': 'Successful'}","[{'type': {'value': 141, 'displayName': 'PassEndY'}, 'value': '59.6'}, {'type': {'value': 212, 'displayName': 'Length'}, 'value': '20.5'}, {'type': {'value': 140, 'displayName': 'PassEndX'}, 'value': '64.2'}, {'type': {'value': 56, 'displayName': 'Zone'}, 'value': 'Center'}, {'type': {'value': 213, 'displayName': 'Angle'}, 'value': '1.3'}, {'type': {'value': 178, 'displayName': 'StandingSave'}}]","[91, 119, 117, 30, 36, 37, 216, 218]",True,332325.0,64.2,59.6,,,,,,,,,
2404724253.0,318,36,8.0,29,62.1,63.8,36,"{'value': 1, 'displayName': 'FirstHalf'}","{'value': 1, 'displayName': 'Pass'}","{'value': 1, 'displayName': 'Successful'}","[{'type': {'value': 141, 'displayName': 'PassEndY'}, 'value': '31.9'}, {'type': {'value': 213, 'displayName': 'Angle'}, 'value': '4.7'}, {'type': {'value': 140, 'displayName': 'PassEndX'}, 'value': '62.3'}, {'type': {'value': 212, 'displayName': 'Length'}, 'value': '21.7'}, {'type': {'value': 178, 'displayName': 'StandingSave'}}, {'type': {'value': 56, 'displayName': 'Zone'}, 'value': 'Center'}]","[91, 119, 117, 30, 36, 38, 216, 218]",True,89998.0,62.3,31.9,,,,,,,,,
2404724283.0,319,36,11.0,29,62.3,31.9,36,"{'value': 1, 'displayName': 'FirstHalf'}","{'value': 1, 'displayName': 'Pass'}","{'value': 1, 'displayName': 'Successful'}","[{'type': {'value': 141, 'displayName': 'PassEndY'}, 'value': '30.8'}, {'type': {'value': 213, 'displayName': 'Angle'}, 'value': '6.2'}, {'type': {'value': 212, 'displayName': 'Length'}, 'value': '8.9'}, {'type': {'value': 140, 'displayName': 'PassEndX'}, 'value': '70.7'}, {'type': {'value': 56, 'displayName': 'Zone'}, 'value': 'Center'}, {'type': {'value': 178, 'displayName': 'StandingSave'}}]","[91, 119, 117, 30, 205, 36, 38, 217, 218]",True,332325.0,70.7,30.8,,,,,,,,,
2404724315.0,320,36,14.0,29,72.0,30.4,36,"{'value': 1, 'displayName': 'FirstHalf'}","{'value': 1, 'displayName': 'Pass'}","{'value': 1, 'displayName': 'Successful'}","[{'type': {'value': 56, 'displayName': 'Zone'}, 'value': 'Right'}, {'type': {'value': 178, 'displayName': 'StandingSave'}}, {'type': {'value': 140, 'displayName': 'PassEndX'}, 'value': '88.2'}, {'type': {'value': 141, 'displayName': 'PassEndY'}, 'value': '15.2'}, {'type': {'value': 213, 'displayName': 'Angle'}, 'value': '5.7'}, {'type': {'value': 212, 'displayName': 'Length'}, 'value': '19.9'}]","[91, 119, 117, 30, 205, 36, 38, 217, 218]",True,322596.0,88.2,15.2,,,,,,,,,
2404724323.0,321,36,15.0,29,87.9,11.6,36,"{'value': 1, 'displayName': 'FirstHalf'}","{'value': 1, 'displayName': 'Pass'}","{'value': 0, 'displayName': 'Unsuccessful'}","[{'type': {'value': 212, 'displayName': 'Length'}, 'value': '17.9'}, {'type': {'value': 178, 'displayName': 'StandingSave'}}, {'type': {'value': 2, 'displayName': 'Cross'}}, {'type': {'value': 140, 'displayName': 'PassEndX'}, 'value': '91.2'}, {'type': {'value': 213, 'displayName': 'Angle'}, 'value': '1.4'}, {'type': {'value': 141, 'displayName': 'PassEndY'}, 'value': '37.4'}, {'type': {'value': 56, 'displayName': 'Zone'}, 'value': 'Center'}, {'type': {'value': 20, 'displayName': 'RightFoot'}}]","[91, 137, 126, 36, 37, 217, 218]",True,111372.0,91.2,37.4,,,,,,,,,
2404724483.0,287,36,16.0,189,9.8,56.4,36,"{'value': 1, 'displayName': 'FirstHalf'}","{'value': 12, 'displayName': 'Clearance'}","{'value': 1, 'displayName': 'Successful'}","[{'type': {'value': 178, 'displayName': 'StandingSave'}}, {'type': {'value': 212, 'displayName': 'Length'}, 'value': '24.1'}, {'type': {'value': 56, 'displayName': 'Zone'}, 'value': 'Back'}, {'type': {'value': 213, 'displayName': 'Angle'}, 'value': '1.1'}, {'type': {'value': 140, 'displayName': 'PassEndX'}, 'value': '19.6'}, {'type': {'value': 141, 'displayName': 'PassEndY'}, 'value': '88.5'}]","[91, 94, 95, 215]",True,342499.0,19.6,88.5,,,,,,,,,
2404724397.0,322,36,19.0,29,83.4,16.7,36,"{'value': 1, 'displayName': 'FirstHalf'}","{'value': 1, 'displayName': 'Pass'}","{'value': 1, 'displayName': 'Successful'}","[{'type': {'value': 178, 'displayName': 'StandingSave'}}, {'type': {'value': 212, 'displayName': 'Length'}, 'value': '9.0'}, {'type': {'value': 56, 'displayName': 'Zone'}, 'value': 'Center'}, {'type': {'value': 141, 'displayName': 'PassEndY'}, 'value': '24.6'}, {'type': {'value': 213, 'displayName': 'Angle'}, 'value': '2.5'}, {'type': {'value': 140, 'displayName': 'PassEndX'}, 'value': '76.5'}]","[91, 119, 117, 30, 205, 35, 37, 217, 218]",True,111372.0,76.5,24.6,,,,,,,,,
2404724467.0,323,36,20.0,29,74.4,20.4,36,"{'value': 1, 'displayName': 'FirstHalf'}","{'value': 1, 'displayName': 'Pass'}","{'value': 0, 'displayName': 'Unsuccessful'}","[{'type': {'value': 20, 'displayName': 'RightFoot'}}, {'type': {'value': 2, 'displayName': 'Cross'}}, {'type': {'value': 155, 'displayName': 'Chipped'}}, {'type': {'value': 212, 'displayName': 'Length'}, 'value': '38.6'}, {'type': {'value': 213, 'displayName': 'Angle'}, 'value': '1.1'}, {'type': {'value': 140, 'displayName': 'PassEndX'}, 'value': '90.9'}, {'type': {'value': 56, 'displayName': 'Zone'}, 'value': 'Center'}, {'type': {'value': 141, 'displayName': 'PassEndY'}, 'value': '71.1'}, {'type': {'value': 178, 'displayName': 'StandingSave'}}, {'type': {'value': 1, 'displayName': 'Longball'}}]","[91, 137, 124, 126, 36, 37, 217, 218]",True,332325.0,90.9,71.1,,,,,,,,,
2404725081.0,288,36,23.0,189,4.4,26.6,36,"{'value': 1, 'displayName': 'FirstHalf'}","{'value': 12, 'displayName': 'Clearance'}","{'value': 1, 'displayName': 'Successful'}","[{'type': {'value': 178, 'displayName': 'StandingSave'}}, {'type': {'value': 56, 'displayName': 'Zone'}, 'value': 'Back'}, {'type': {'value': 141, 'displayName': 'PassEndY'}, 'value': '3.5'}, {'type': {'value': 140, 'displayName': 'PassEndX'}, 'value': '30.1'}, {'type': {'value': 212, 'displayName': 'Length'}, 'value': '31.2'}, {'type': {'value': 213, 'displayName': 'Angle'}, 'value': '5.8'}]","[91, 94, 95, 215]",True,353377.0,30.1,3.5,,,,,,,,,
2404724629.0,324,36,28.0,29,73.3,90.6,36,"{'value': 1, 'displayName': 'FirstHalf'}","{'value': 1, 'displayName': 'Pass'}","{'value': 1, 'displayName': 'Successful'}","[{'type': {'value': 213, 'displayName': 'Angle'}, 'value': '3.1'}, {'type': {'value': 212, 'displayName': 'Length'}, 'value': '27.5'}, {'type': {'value': 140, 'displayName': 'PassEndX'}, 'value': '47.1'}, {'type': {'value': 178, 'displayName': 'StandingSave'}}, {'type': {'value': 56, 'displayName': 'Zone'}, 'value': 'Back'}, {'type': {'value': 141, 'displayName': 'PassEndY'}, 'value': '90.9'}]","[91, 117, 30, 35, 37, 216, 218]",True,297203.0,47.1,90.9,,,,,,,,,
2404724681.0,325,36,31.0,29,47.1,90.9,36,"{'value': 1, 'displayName': 'FirstHalf'}","{'value': 1, 'displayName': 'Pass'}","{'value': 1, 'displayName': 'Successful'}","[{'type': {'value': 178, 'displayName': 'StandingSave'}}, {'type': {'value': 141, 'displayName': 'PassEndY'}, 'value': '93.2'}, {'type': {'value': 56, 'displayName': 'Zone'}, 'value': 'Left'}, {'type': {'value': 212, 'displayName': 'Length'}, 'value': '7.8'}, {'type': {'value': 140, 'displayName': 'PassEndX'}, 'value': '54.4'}, {'type': {'value': 213, 'displayName': 'Angle'}, 'value': '0.2'}]","[91, 119, 117, 30, 36, 37, 216, 218]",True,300359.0,54.4,93.2,,,,,,,,,
2404724791.0,326,36,34.0,29,48.4,92.0,36,"{'value': 1, 'displayName': 'FirstHalf'}","{'value': 1, 'displayName': 'Pass'}","{'value': 1, 'displayName': 'Successful'}","[{'type': {'value': 213, 'displayName': 'Angle'}, 'value': '4.2'}, {'type': {'value': 140, 'displayName': 'PassEndX'}, 'value': '38.8'}, {'type': {'value': 56, 'displayName': 'Zone'}, 'value': 'Back'}, {'type': {'value': 178, 'displayName': 'StandingSave'}}, {'type': {'value': 141, 'displayName': 'PassEndY'}, 'value': '64.4'}, {'type': {'value': 212, 'displayName': 'Length'}, 'value': '21.3'}]","[91, 117, 30, 35, 38, 216, 218]",True,297203.0,38.8,64.4,,,,,,,,,
2404724843.0,327,36,37.0,29,35.1,60.2,36,"{'value': 1, 'displayName': 'FirstHalf'}","{'value': 1, 'displayName': 'Pass'}","{'value': 1, 'displayName': 'Successful'}","[{'type': {'value': 140, 'displayName': 'PassEndX'}, 'value': '34.6'}, {'type': {'value': 178, 'displayName': 'StandingSave'}}, {'type': {'value': 141, 'displayName': 'PassEndY'}, 'value': '35.3'}, {'type': {'value': 56, 'displayName': 'Zone'}, 'value': 'Back'}, {'type': {'value': 212, 'displayName': 'Length'}, 'value': '16.9'}, {'type': {'value': 213, 'displayName': 'Angle'}, 'value': '4.7'}]","[91, 117, 30, 35, 38, 216, 218]",True,89998.0,34.6,35.3,,,,,,,,,
2404724893.0,328,36,41.0,29,35.7,32.5,36,"{'value': 1, 'displayName': 'FirstHalf'}","{'value': 1, 'displayName': 'Pass'}","{'value': 1, 'displayName': 'Successful'}","[{'type': {'value': 178, 'displayName': 'StandingSave'}}, {'type': {'value': 56, 'displayName': 'Zone'}, 'value': 'Back'}, {'type': {'value': 213, 'displayName': 'Angle'}, 'value': '5.2'}, {'type': {'value': 140, 'displayName': 'PassEndX'}, 'value': '44.4'}, {'type': {'value': 141, 'displayName': 'PassEndY'}, 'value': '6.7'}, {'type': {'value': 212, 'displayName': 'Length'}, 'value': '19.8'}]","[91, 117, 30, 36, 38, 216, 218]",True,73063.0,44.4,6.7,,,,,,,,,
2404724983.0,329,36,43.0,29,44.7,6.5,36,"{'value': 1, 'displayName': 'FirstHalf'}","{'value': 1, 'displayName': 'Pass'}","{'value': 1, 'displayName': 'Successful'}","[{'type': {'value': 212, 'displayName': 'Length'}, 'value': '17.7'}, {'type': {'value': 213, 'displayName': 'Angle'}, 'value': '2.4'}, {'type': {'value': 141, 'displayName': 'PassEndY'}, 'value': '23.7'}, {'type': {'value': 56, 'displayName': 'Zone'}, 'value': 'Back'}, {'type': {'value': 178, 'displayName': 'StandingSave'}}, {'type': {'value': 140, 'displayName': 'PassEndX'}, 'value': '32.1'}]","[91, 117, 30, 35, 37, 215, 218]",True,111372.0,32.1,23.7,,,,,,,,,
2404725009.0,330,36,46.0,29,32.1,23.7,36,"{'value': 1, 'displayName': 'FirstHalf'}","{'value': 1, 'displayName': 'Pass'}","{'value': 1, 'displayName': 'Successful'}","[{'type': {'value': 212, 'displayName': 'Length'}, 'value': '7.2'}, {'type': {'value': 141, 'displayName': 'PassEndY'}, 'value': '33.3'}, {'type': {'value': 140, 'displayName': 'PassEndX'}, 'value': '35.1'}, {'type': {'value': 213, 'displayName': 'Angle'}, 'value': '1.1'}, {'type': {'value': 178, 'displayName': 'StandingSave'}}, {'type': {'value': 56, 'displayName': 'Zone'}, 'value': 'Back'}]","[91, 117, 30, 36, 37, 216, 218]",True,73063.0,35.1,33.3,,,,,,,,,
2404725079.0,331,36,48.0,29,35.1,33.3,36,"{'value': 1, 'displayName': 'FirstHalf'}","{'value': 1, 'displayName': 'Pass'}","{'value': 1, 'displayName': 'Successful'}","[{'type': {'value': 212, 'displayName': 'Length'}, 'value': '21.6'}, {'type': {'value': 56, 'displayName': 'Zone'}, 'value': 'Back'}, {'type': {'value': 213, 'displayName': 'Angle'}, 'value': '1.8'}, {'type': {'value': 141, 'displayName': 'PassEndY'}, 'value': '64.0'}, {'type': {'value': 178, 'displayName': 'StandingSave'}}, {'type': {'value': 140, 'displayName': 'PassEndX'}, 'value': '30.0'}]","[91, 117, 30, 35, 37, 215, 218]",True,332325.0,30.0,64.0,,,,,,,,,
2404725119.0,332,36,52.0,29,32.4,67.8,36,"{'value': 1, 'displayName': 'FirstHalf'}","{'value': 1, 'displayName': 'Pass'}","{'value': 1, 'displayName': 'Successful'}","[{'type': {'value': 213, 'displayName': 'Angle'}, 'value': '1.2'}, {'type': {'value': 178, 'displayName': 'StandingSave'}}, {'type': {'value': 140, 'displayName': 'PassEndX'}, 'value': '37.6'}, {'type': {'value': 141, 'displayName': 'PassEndY'}, 'value': '89.4'}, {'type': {'value': 212, 'displayName': 'Length'}, 'value': '15.7'}, {'type': {'value': 56, 'displayName': 'Zone'}, 'value': 'Back'}]","[91, 117, 30, 36, 37, 216, 218]",True,300359.0,37.6,89.4,,,,,,,,,
2404725163.0,333,36,54.0,29,35.9,88.9,36,"{'value': 1, 'displayName': 'FirstHalf'}","{'value': 1, 'displayName': 'Pass'}","{'value': 1, 'displayName': 'Successful'}","[{'type': {'value': 178, 'displayName': 'StandingSave'}}, {'type': {'value': 212, 'displayName': 'Length'}, 'value': '18.4'}, {'type': {'value': 213, 'displayName': 'Angle'}, 'value': '4.1'}, {'type': {'value': 141, 'displayName': 'PassEndY'}, 'value': '66.1'}, {'type': {'value': 56, 'displayName': 'Zone'}, 'value': 'Back'}, {'type': {'value': 140, 'displayName': 'PassEndX'}, 'value': '26.4'}]","[91, 117, 30, 35, 38, 215, 218]",True,68049.0,26.4,66.1,,,,,,,,,
2404725219.0,334,36,57.0,29,25.5,65.7,36,"{'value': 1, 'displayName': 'FirstHalf'}","{'value': 1, 'displayName': 'Pass'}","{'value': 1, 'displayName': 'Successful'}","[{'type': {'value': 212, 'displayName': 'Length'}, 'value': '22.0'}, {'type': {'value': 178, 'displayName': 'StandingSave'}}, {'type': {'value': 213, 'displayName': 'Angle'}, 'value': '4.7'}, {'type': {'value': 141, 'displayName': 'PassEndY'}, 'value': '33.3'}, {'type': {'value': 140, 'displayName': 'PassEndX'}, 'value': '24.7'}, {'type': {'value': 56, 'displayName': 'Zone'}, 'value': 'Back'}]","[91, 117, 30, 35, 38, 215, 218]",True,300359.0,24.7,33.3,,,,,,,,,
2404725259.0,335,37,0.0,29,26.9,30.4,37,"{'value': 1, 'displayName': 'FirstHalf'}","{'value': 1, 'displayName': 'Pass'}","{'value': 1, 'displayName': 'Successful'}","[{'type': {'value': 140, 'displayName': 'PassEndX'}, 'value': '37.1'}, {'type': {'value': 212, 'displayName': 'Length'}, 'value': '19.5'}, {'type': {'value': 56, 'displayName': 'Zone'}, 'value': 'Back'}, {'type': {'value': 141, 'displayName': 'PassEndY'}, 'value': '6.5'}, {'type': {'value': 178, 'displayName': 'StandingSave'}}, {'type': {'value': 213, 'displayName': 'Angle'}, 'value': '5.3'}]","[91, 117, 30, 36, 38, 216, 218]",True,73063.0,37.1,6.5,,,,,,,,,
2404725351.0,336,37,3.0,29,37.1,6.5,37,"{'value': 1, 'displayName': 'FirstHalf'}","{'value': 1, 'displayName': 'Pass'}","{'value': 1, 'displayName': 'Successful'}","[{'type': {'value': 56, 'displayName': 'Zone'}, 'value': 'Back'}, {'type': {'value': 140, 'displayName': 'PassEndX'}, 'value': '43.2'}, {'type': {'value': 213, 'displayName': 'Angle'}, 'value': '6.0'}, {'type': {'value': 178, 'displayName': 'StandingSave'}}, {'type': {'value': 212, 'displayName': 'Length'}, 'value': '6.8'}, {'type': {'value': 141, 'displayName': 'PassEndY'}, 'value': '3.3'}]","[91, 117, 30, 36, 38, 216, 218]",True,143595.0,43.2,3.3,,,,,,,,,
2404725381.0,337,37,5.0,29,43.5,3.3,37,"{'value': 1, 'displayName': 'FirstHalf'}","{'value': 1, 'displayName': 'Pass'}","{'value': 1, 'displayName': 'Successful'}","[{'type': {'value': 140, 'displayName': 'PassEndX'}, 'value': '53.8'}, {'type': {'value': 56, 'displayName': 'Zone'}, 'value': 'Right'}, {'type': {'value': 141, 'displayName': 'PassEndY'}, 'value': '5.8'}, {'type': {'value': 155, 'displayName': 'Chipped'}}, {'type': {'value': 212, 'displayName': 'Length'}, 'value': '10.9'}, {'type': {'value': 178, 'displayName': 'StandingSave'}}, {'type': {'value': 213, 'displayName': 'Angle'}, 'value': '0.2'}]","[91, 119, 117, 30, 124, 36, 37, 216, 218]",True,111372.0,53.8,5.8,,,,,,,,,
2404725431.0,338,37,6.0,29,53.8,5.8,37,"{'value': 1, 'displayName': 'FirstHalf'}","{'value': 1, 'displayName': 'Pass'}","{'value': 1, 'displayName': 'Successful'}","[{'type': {'value': 212, 'displayName': 'Length'}, 'value': '9.2'}, {'type': {'value': 213, 'displayName': 'Angle'}, 'value': '3.1'}, {'type': {'value': 141, 'displayName': 'PassEndY'}, 'value': '5.8'}, {'type': {'value': 140, 'displayName': 'PassEndX'}, 'value': '45.0'}, {'type': {'value': 56, 'displayName': 'Zone'}, 'value': 'Back'}, {'type': {'value': 178, 'displayName': 'StandingSave'}}]","[91, 117, 30, 35, 216, 218]",True,322596.0,45.0,5.8,,,,,,,,,
2404725497.0,339,37,9.0,29,44.6,5.8,37,"{'value': 1, 'displayName': 'FirstHalf'}","{'value': 1, 'displayName': 'Pass'}","{'value': 1, 'displayName': 'Successful'}","[{'type': {'value': 213, 'displayName': 'Angle'}, 'value': '2.6'}, {'type': {'value': 178, 'displayName': 'StandingSave'}}, {'type': {'value': 140, 'displayName': 'PassEndX'}, 'value': '32.9'}, {'type': {'value': 212, 'displayName': 'Length'}, 'value': '13.9'}, {'type': {'value': 56, 'displayName': 'Zone'}, 'value': 'Back'}, {'type': {'value': 141, 'displayName': 'PassEndY'}, 'value': '15.5'}]","[91, 117, 30, 35, 37, 215, 218]",True,111372.0,32.9,15.5,,,,,,,,,
2404725639.0,340,37,12.0,29,29.5,17.9,37,"{'value': 1, 'displayName': 'FirstHalf'}","{'value': 1, 'displayName': 'Pass'}","{'value': 1, 'displayName': 'Successful'}","[{'type': {'value': 140, 'displayName': 'PassEndX'}, 'value': '14.9'}, {'type': {'value': 56, 'displayName': 'Zone'}, 'value': 'Back'}, {'type': {'value': 212, 'displayName': 'Length'}, 'value': '21.0'}, {'type': {'value': 141, 'displayName': 'PassEndY'}, 'value': '38.9'}, {'type': {'value': 213, 'displayName': 'Angle'}, 'value': '2.4'}, {'type': {'value': 178, 'displayName': 'StandingSave'}}]","[91, 117, 30, 35, 37, 215, 218]",True,73063.0,14.9,38.9,,,,,,,,,
2404725705.0,341,37,18.0,29,15.3,39.2,37,"{'value': 1, 'displayName': 'FirstHalf'}","{'value': 1, 'displayName': 'Pass'}","{'value': 1, 'displayName': 'Successful'}","[{'type': {'value': 141, 'displayName': 'PassEndY'}, 'value': '65.5'}, {'type': {'value': 140, 'displayName': 'PassEndX'}, 'value': '20.4'}, {'type': {'value': 212, 'displayName': 'Length'}, 'value': '18.7'}, {'type': {'value': 213, 'displayName': 'Angle'}, 'value': '1.3'}, {'type': {'value': 56, 'displayName': 'Zone'}, 'value': 'Back'}, {'type': {'value': 178, 'displayName': 'StandingSave'}}]","[91, 117, 30, 36, 37, 215, 218]",True,20973.0,20.4,65.5,,,,,,,,,
2404725769.0,342,37,22.0,29,20.7,65.5,37,"{'value': 1, 'displayName': 'FirstHalf'}","{'value': 1, 'displayName': 'Pass'}","{'value': 1, 'displayName': 'Successful'}","[{'type': {'value': 140, 'displayName': 'PassEndX'}, 'value': '25.9'}, {'type': {'value': 213, 'displayName': 'Angle'}, 'value': '5.5'}, {'type': {'value': 56, 'displayName': 'Zone'}, 'value': 'Back'}, {'type': {'value': 141, 'displayName': 'PassEndY'}, 'value': '57.8'}, {'type': {'value': 212, 'displayName': 'Length'}, 'value': '7.6'}, {'type': {'value': 178, 'displayName': 'StandingSave'}}]","[91, 117, 30, 36, 38, 215, 218]",True,300359.0,25.9,57.8,,,,,,,,,
2404725797.0,343,37,24.0,29,26.0,57.8,37,"{'value': 1, 'displayName': 'FirstHalf'}","{'value': 1, 'displayName': 'Pass'}","{'value': 1, 'displayName': 'Successful'}","[{'type': {'value': 56, 'displayName': 'Zone'}, 'value': 'Back'}, {'type': {'value': 178, 'displayName': 'StandingSave'}}, {'type': {'value': 140, 'displayName': 'PassEndX'}, 'value': '31.3'}, {'type': {'value': 213, 'displayName': 'Angle'}, 'value': '5.5'}, {'type': {'value': 141, 'displayName': 'PassEndY'}, 'value': '49.4'}, {'type': {'value': 212, 'displayName': 'Length'}, 'value': '8.0'}]","[91, 117, 30, 36, 38, 215, 218]",True,89998.0,31.3,49.4,,,,,,,,,
2404725865.0,344,37,26.0,29,31.5,48.9,37,"{'value': 1, 'displayName': 'FirstHalf'}","{'value': 1, 'displayName': 'Pass'}","{'value': 1, 'displayName': 'Successful'}","[{'type': {'value': 56, 'displayName': 'Zone'}, 'value': 'Back'}, {'type': {'value': 141, 'displayName': 'PassEndY'}, 'value': '27.2'}, {'type': {'value': 212, 'displayName': 'Length'}, 'value': '15.6'}, {'type': {'value': 213, 'displayName': 'Angle'}, 'value': '4.4'}, {'type': {'value': 178, 'displayName': 'StandingSave'}}, {'type': {'value': 140, 'displayName': 'PassEndX'}, 'value': '26.7'}]","[91, 117, 30, 35, 38, 215, 218]",True,332325.0,26.7,27.2,,,,,,,,,
2404725921.0,345,37,29.0,29,27.5,25.5,37,"{'value': 1, 'displayName': 'FirstHalf'}","{'value': 1, 'displayName': 'Pass'}","{'value': 1, 'displayName': 'Successful'}","[{'type': {'value': 213, 'displayName': 'Angle'}, 'value': '5.3'}, {'type': {'value': 140, 'displayName': 'PassEndX'}, 'value': '36.3'}, {'type': {'value': 56, 'displayName': 'Zone'}, 'value': 'Back'}, {'type': {'value': 141, 'displayName': 'PassEndY'}, 'value': '7.1'}, {'type': {'value': 212, 'displayName': 'Length'}, 'value': '15.6'}, {'type': {'value': 178, 'displayName': 'StandingSave'}}]","[91, 117, 30, 36, 38, 216, 218]",True,73063.0,36.3,7.1,,,,,,,,,
2404726013.0,346,37,31.0,29,37.2,6.5,37,"{'value': 1, 'displayName': 'FirstHalf'}","{'value': 1, 'displayName': 'Pass'}","{'value': 1, 'displayName': 'Successful'}","[{'type': {'value': 56, 'displayName': 'Zone'}, 'value': 'Right'}, {'type': {'value': 140, 'displayName': 'PassEndX'}, 'value': '51.9'}, {'type': {'value': 212, 'displayName': 'Length'}, 'value': '15.6'}, {'type': {'value': 141, 'displayName': 'PassEndY'}, 'value': '10.3'}, {'type': {'value': 178, 'displayName': 'StandingSave'}}, {'type': {'value': 213, 'displayName': 'Angle'}, 'value': '0.2'}]","[91, 119, 117, 30, 36, 37, 216, 218]",True,111372.0,51.9,10.3,,,,,,,,,
2404726051.0,347,37,36.0,29,48.6,24.5,37,"{'value': 1, 'displayName': 'FirstHalf'}","{'value': 1, 'displayName': 'Pass'}","{'value': 1, 'displayName': 'Successful'}","[{'type': {'value': 213, 'displayName': 'Angle'}, 'value': '2.2'}, {'type': {'value': 212, 'displayName': 'Length'}, 'value': '10.5'}, {'type': {'value': 141, 'displayName': 'PassEndY'}, 'value': '37.4'}, {'type': {'value': 178, 'displayName': 'StandingSave'}}, {'type': {'value': 56, 'displayName': 'Zone'}, 'value': 'Back'}, {'type': {'value': 140, 'displayName': 'PassEndX'}, 'value': '43.1'}]","[91, 117, 30, 35, 37, 216, 218]",True,69517.0,43.1,37.4,,,,,,,,,
2404726143.0,348,37,38.0,29,43.1,37.4,37,"{'value': 1, 'displayName': 'FirstHalf'}","{'value': 1, 'displayName': 'Pass'}","{'value': 1, 'displayName': 'Successful'}","[{'type': {'value': 213, 'displayName': 'Angle'}, 'value': '1.6'}, {'type': {'value': 178, 'displayName': 'StandingSave'}}, {'type': {'value': 212, 'displayName': 'Length'}, 'value': '14.9'}, {'type': {'value': 56, 'displayName': 'Zone'}, 'value': 'Back'}, {'type': {'value': 140, 'displayName': 'PassEndX'}, 'value': '43.3'}, {'type': {'value': 141, 'displayName': 'PassEndY'}, 'value': '59.3'}]","[91, 117, 30, 36, 37, 216, 218]",True,332325.0,43.3,59.3,,,,,,,,,
2404726183.0,349,37,43.0,29,54.9,64.4,37,"{'value': 1, 'displayName': 'FirstHalf'}","{'value': 1, 'displayName': 'Pass'}","{'value': 1, 'displayName': 'Successful'}","[{'type': {'value': 141, 'displayName': 'PassEndY'}, 'value': '51.2'}, {'type': {'value': 140, 'displayName': 'PassEndX'}, 'value': '52.4'}, {'type': {'value': 178, 'displayName': 'StandingSave'}}, {'type': {'value': 56, 'displayName': 'Zone'}, 'value': 'Center'}, {'type': {'value': 212, 'displayName': 'Length'}, 'value': '9.4'}, {'type': {'value': 213, 'displayName': 'Angle'}, 'value': '4.4'}]","[91, 119, 117, 30, 35, 38, 216, 218]",True,89998.0,52.4,51.2,,,,,,,,,
2404726271.0,350,37,46.0,29,53.9,52.9,37,"{'value': 1, 'displayName': 'FirstHalf'}","{'value': 1, 'displayName': 'Pass'}","{'value': 1, 'displayName': 'Successful'}","[{'type': {'value': 213, 'displayName': 'Angle'}, 'value': '1.5'}, {'type': {'value': 212, 'displayName': 'Length'}, 'value': '9.0'}, {'type': {'value': 56, 'displayName': 'Zone'}, 'value': 'Center'}, {'type': {'value': 140, 'displayName': 'PassEndX'}, 'value': '54.7'}, {'type': {'value': 178, 'displayName': 'StandingSave'}}, {'type': {'value': 141, 'displayName': 'PassEndY'}, 'value': '66.1'}]","[91, 119, 117, 30, 36, 37, 216, 218]",True,332325.0,54.7,66.1,,,,,,,,,
2404726299.0,351,37,50.0,29,57.3,64.6,37,"{'value': 1, 'displayName': 'FirstHalf'}","{'value': 1, 'displayName': 'Pass'}","{'value': 1, 'displayName': 'Successful'}","[{'type': {'value': 178, 'displayName': 'StandingSave'}}, {'type': {'value': 141, 'displayName': 'PassEndY'}, 'value': '49.5'}, {'type': {'value': 140, 'displayName': 'PassEndX'}, 'value': '65.4'}, {'type': {'value': 212, 'displayName': 'Length'}, 'value': '13.3'}, {'type': {'value': 213, 'displayName': 'Angle'}, 'value': '5.4'}, {'type': {'value': 56, 'displayName': 'Zone'}, 'value': 'Center'}]","[91, 119, 117, 30, 36, 38, 216, 218]",True,89998.0,65.4,49.5,,,,,,,,,
2404726343.0,352,37,51.0,29,64.4,49.9,37,"{'value': 1, 'displayName': 'FirstHalf'}","{'value': 1, 'displayName': 'Pass'}","{'value': 1, 'displayName': 'Successful'}","[{'type': {'value': 56, 'displayName': 'Zone'}, 'value': 'Back'}, {'type': {'value': 140, 'displayName': 'PassEndX'}, 'value': '49.7'}, {'type': {'value': 213, 'displayName': 'Angle'}, 'value': '2.9'}, {'type': {'value': 178, 'displayName': 'StandingSave'}}, {'type': {'value': 141, 'displayName': 'PassEndY'}, 'value': '56.3'}, {'type': {'value': 156, 'displayName': 'LayOff'}}, {'type': {'value': 212, 'displayName': 'Length'}, 'value': '16.0'}]","[91, 117, 30, 35, 37, 216, 218]",True,69517.0,49.7,56.3,,,,,,,,,
2404726423.0,353,37,53.0,29,49.7,55.2,37,"{'value': 1, 'displayName': 'FirstHalf'}","{'value': 1, 'displayName': 'Pass'}","{'value': 1, 'displayName': 'Successful'}","[{'type': {'value': 140, 'displayName': 'PassEndX'}, 'value': '52.7'}, {'type': {'value': 141, 'displayName': 'PassEndY'}, 'value': '31.6'}, {'type': {'value': 56, 'displayName': 'Zone'}, 'value': 'Center'}, {'type': {'value': 213, 'displayName': 'Angle'}, 'value': '4.9'}, {'type': {'value': 212, 'displayName': 'Length'}, 'value': '16.4'}, {'type': {'value': 178, 'displayName': 'StandingSave'}}]","[91, 119, 117, 30, 36, 38, 216, 218]",True,332325.0,52.7,31.6,,,,,,,,,
2404726523.0,354,37,56.0,29,52.8,30.8,37,"{'value': 1, 'displayName': 'FirstHalf'}","{'value': 1, 'displayName': 'Pass'}","{'value': 1, 'displayName': 'Successful'}","[{'type': {'value': 178, 'displayName': 'StandingSave'}}, {'type': {'value': 141, 'displayName': 'PassEndY'}, 'value': '7.7'}, {'type': {'value': 56, 'displayName': 'Zone'}, 'value': 'Right'}, {'type': {'value': 213, 'displayName': 'Angle'}, 'value': '5.1'}, {'type': {'value': 140, 'displayName': 'PassEndX'}, 'value': '58.5'}, {'type': {'value': 212, 'displayName': 'Length'}, 'value': '16.8'}]","[91, 119, 117, 30, 36, 38, 216, 218]",True,73063.0,58.5,7.7,,,,,,,,,
2404726579.0,355,37,59.0,29,58.5,7.7,37,"{'value': 1, 'displayName': 'FirstHalf'}","{'value': 1, 'displayName': 'Pass'}","{'value': 1, 'displayName': 'Successful'}","[{'type': {'value': 213, 'displayName': 'Angle'}, 'value': '2.6'}, {'type': {'value': 178, 'displayName': 'StandingSave'}}, {'type': {'value': 141, 'displayName': 'PassEndY'}, 'value': '18.1'}, {'type': {'value': 212, 'displayName': 'Length'}, 'value': '13.4'}, {'type': {'value': 140, 'displayName': 'PassEndX'}, 'value': '47.7'}, {'type': {'value': 56, 'displayName': 'Zone'}, 'value': 'Back'}]","[91, 117, 30, 35, 37, 216, 218]",True,111372.0,47.7,18.1,,,,,,,,,
2404726721.0,356,38,1.0,29,47.7,21.6,38,"{'value': 1, 'displayName': 'FirstHalf'}","{'value': 1, 'displayName': 'Pass'}","{'value': 1, 'displayName': 'Successful'}","[{'type': {'value': 56, 'displayName': 'Zone'}, 'value': 'Back'}, {'type': {'value': 141, 'displayName': 'PassEndY'}, 'value': '50.6'}, {'type': {'value': 213, 'displayName': 'Angle'}, 'value': '2.0'}, {'type': {'value': 212, 'displayName': 'Length'}, 'value': '21.6'}, {'type': {'value': 178, 'displayName': 'StandingSave'}}, {'type': {'value': 140, 'displayName': 'PassEndX'}, 'value': '39.4'}]","[91, 117, 30, 35, 37, 216, 218]",True,73063.0,39.4,50.6,,,,,,,,,
2404726809.0,357,38,7.0,29,42.0,61.7,38,"{'value': 1, 'displayName': 'FirstHalf'}","{'value': 1, 'displayName': 'Pass'}","{'value': 1, 'displayName': 'Successful'}","[{'type': {'value': 213, 'displayName': 'Angle'}, 'value': '0.3'}, {'type': {'value': 212, 'displayName': 'Length'}, 'value': '15.2'}, {'type': {'value': 140, 'displayName': 'PassEndX'}, 'value': '55.8'}, {'type': {'value': 178, 'displayName': 'StandingSave'}}, {'type': {'value': 141, 'displayName': 'PassEndY'}, 'value': '68.4'}, {'type': {'value': 56, 'displayName': 'Zone'}, 'value': 'Center'}]","[91, 119, 117, 30, 36, 37, 216, 218]",True,300359.0,55.8,68.4,,,,,,,,,
2404726853.0,358,38,9.0,29,52.3,69.6,38,"{'value': 1, 'displayName': 'FirstHalf'}","{'value': 1, 'displayName': 'Pass'}","{'value': 1, 'displayName': 'Successful'}","[{'type': {'value': 212, 'displayName': 'Length'}, 'value': '14.5'}, {'type': {'value': 213, 'displayName': 'Angle'}, 'value': '2.8'}, {'type': {'value': 56, 'displayName': 'Zone'}, 'value': 'Back'}, {'type': {'value': 140, 'displayName': 'PassEndX'}, 'value': '39.4'}, {'type': {'value': 178, 'displayName': 'StandingSave'}}, {'type': {'value': 141, 'displayName': 'PassEndY'}, 'value': '77.2'}]","[91, 117, 30, 35, 37, 216, 218]",True,297203.0,39.4,77.2,,,,,,,,,
2404726897.0,359,38,12.0,29,38.9,79.6,38,"{'value': 1, 'displayName': 'FirstHalf'}","{'value': 1, 'displayName': 'Pass'}","{'value': 1, 'displayName': 'Successful'}","[{'type': {'value': 213, 'displayName': 'Angle'}, 'value': '1.5'}, {'type': {'value': 140, 'displayName': 'PassEndX'}, 'value': '39.3'}, {'type': {'value': 141, 'displayName': 'PassEndY'}, 'value': '92.4'}, {'type': {'value': 56, 'displayName': 'Zone'}, 'value': 'Back'}, {'type': {'value': 178, 'displayName': 'StandingSave'}}, {'type': {'value': 212, 'displayName': 'Length'}, 'value': '8.7'}]","[91, 117, 30, 36, 37, 216, 218]",True,300359.0,39.3,92.4,,,,,,,,,
2404726995.0,360,38,14.0,29,36.8,92.6,38,"{'value': 1, 'displayName': 'FirstHalf'}","{'value': 1, 'displayName': 'Pass'}","{'value': 1, 'displayName': 'Successful'}","[{'type': {'value': 140, 'displayName': 'PassEndX'}, 'value': '14.7'}, {'type': {'value': 178, 'displayName': 'StandingSave'}}, {'type': {'value': 141, 'displayName': 'PassEndY'}, 'value': '43.2'}, {'type': {'value': 212, 'displayName': 'Length'}, 'value': '40.8'}, {'type': {'value': 56, 'displayName': 'Zone'}, 'value': 'Back'}, {'type': {'value': 1, 'displayName': 'Longball'}}, {'type': {'value': 213, 'displayName': 'Angle'}, 'value': '4.1'}]","[91, 117, 127, 35, 38, 215, 218]",True,68049.0,14.7,43.2,,,,,,,,,
2404727113.0,361,38,18.0,29,14.7,43.2,38,"{'value': 1, 'displayName': 'FirstHalf'}","{'value': 1, 'displayName': 'Pass'}","{'value': 1, 'displayName': 'Successful'}","[{'type': {'value': 178, 'displayName': 'StandingSave'}}, {'type': {'value': 213, 'displayName': 'Angle'}, 'value': '5.2'}, {'type': {'value': 140, 'displayName': 'PassEndX'}, 'value': '26.3'}, {'type': {'value': 56, 'displayName': 'Zone'}, 'value': 'Back'}, {'type': {'value': 141, 'displayName': 'PassEndY'}, 'value': '8.6'}, {'type': {'value': 212, 'displayName': 'Length'}, 'value': '26.5'}]","[91, 117, 30, 36, 38, 215, 218]",True,20973.0,26.3,8.6,,,,,,,,,
2404727267.0,362,38,25.0,29,27.8,6.1,38,"{'value': 1, 'displayName': 'FirstHalf'}","{'value': 1, 'displayName': 'Pass'}","{'value': 1, 'displayName': 'Successful'}","[{'type': {'value': 140, 'displayName': 'PassEndX'}, 'value': '10.0'}, {'type': {'value': 212, 'displayName': 'Length'}, 'value': '25.8'}, {'type': {'value': 56, 'displayName': 'Zone'}, 'value': 'Back'}, {'type': {'value': 141, 'displayName': 'PassEndY'}, 'value': '32.2'}, {'type': {'value': 213, 'displayName': 'Angle'}, 'value': '2.4'}, {'type': {'value': 178, 'displayName': 'StandingSave'}}]","[91, 117, 30, 35, 37, 215, 218]",True,73063.0,10.0,32.2,,,,,,,,,
2404727341.0,363,38,32.0,29,9.9,33.3,38,"{'value': 1, 'displayName': 'FirstHalf'}","{'value': 1, 'displayName': 'Pass'}","{'value': 1, 'displayName': 'Successful'}","[{'type': {'value': 141, 'displayName': 'PassEndY'}, 'value': '13.8'}, {'type': {'value': 140, 'displayName': 'PassEndX'}, 'value': '19.3'}, {'type': {'value': 212, 'displayName': 'Length'}, 'value': '16.5'}, {'type': {'value': 213, 'displayName': 'Angle'}, 'value': '5.4'}, {'type': {'value': 56, 'displayName': 'Zone'}, 'value': 'Back'}, {'type': {'value': 178, 'displayName': 'StandingSave'}}]","[91, 117, 30, 36, 38, 215, 218]",True,20973.0,19.3,13.8,,,,,,,,,
2404727389.0,364,38,36.0,29,22.0,10.0,38,"{'value': 1, 'displayName': 'FirstHalf'}","{'value': 1, 'displayName': 'Pass'}","{'value': 1, 'displayName': 'Successful'}","[{'type': {'value': 178, 'displayName': 'StandingSave'}}, {'type': {'value': 1, 'displayName': 'Longball'}}, {'type': {'value': 212, 'displayName': 'Length'}, 'value': '39.5'}, {'type': {'value': 56, 'displayName': 'Zone'}, 'value': 'Center'}, {'type': {'value': 213, 'displayName': 'Angle'}, 'value': '0.5'}, {'type': {'value': 141, 'displayName': 'PassEndY'}, 'value': '39.4'}, {'type': {'value': 140, 'displayName': 'PassEndX'}, 'value': '54.5'}]","[91, 119, 117, 127, 36, 37, 216, 218]",True,73063.0,54.5,39.4,,,,,,,,,
2404727423.0,365,38,38.0,29,54.5,39.4,38,"{'value': 1, 'displayName': 'FirstHalf'}","{'value': 1, 'displayName': 'Pass'}","{'value': 1, 'displayName': 'Successful'}","[{'type': {'value': 56, 'displayName': 'Zone'}, 'value': 'Back'}, {'type': {'value': 141, 'displayName': 'PassEndY'}, 'value': '47.1'}, {'type': {'value': 212, 'displayName': 'Length'}, 'value': '8.7'}, {'type': {'value': 213, 'displayName': 'Angle'}, 'value': '2.5'}, {'type': {'value': 178, 'displayName': 'StandingSave'}}, {'type': {'value': 140, 'displayName': 'PassEndX'}, 'value': '47.9'}, {'type': {'value': 156, 'displayName': 'LayOff'}}]","[91, 117, 30, 35, 37, 216, 218]",True,69517.0,47.9,47.1,,,,,,,,,
2404727535.0,366,38,40.0,29,52.8,49.7,38,"{'value': 1, 'displayName': 'FirstHalf'}","{'value': 1, 'displayName': 'Pass'}","{'value': 1, 'displayName': 'Successful'}","[{'type': {'value': 178, 'displayName': 'StandingSave'}}, {'type': {'value': 213, 'displayName': 'Angle'}, 'value': '0.8'}, {'type': {'value': 140, 'displayName': 'PassEndX'}, 'value': '73.1'}, {'type': {'value': 141, 'displayName': 'PassEndY'}, 'value': '83.3'}, {'type': {'value': 56, 'displayName': 'Zone'}, 'value': 'Left'}, {'type': {'value': 212, 'displayName': 'Length'}, 'value': '31.2'}]","[91, 119, 117, 30, 205, 36, 37, 217, 218]",True,297203.0,73.1,83.3,,,,,,,,,
2404727559.0,367,38,45.0,29,78.2,83.1,38,"{'value': 1, 'displayName': 'FirstHalf'}","{'value': 1, 'displayName': 'Pass'}","{'value': 1, 'displayName': 'Successful'}","[{'type': {'value': 141, 'displayName': 'PassEndY'}, 'value': '77.1'}, {'type': {'value': 140, 'displayName': 'PassEndX'}, 'value': '90.6'}, {'type': {'value': 178, 'displayName': 'StandingSave'}}, {'type': {'value': 212, 'displayName': 'Length'}, 'value': '13.6'}, {'type': {'value': 56, 'displayName': 'Zone'}, 'value': 'Center'}, {'type': {'value': 213, 'displayName': 'Angle'}, 'value': '6.0'}]","[91, 119, 117, 30, 205, 36, 38, 217, 218]",True,68049.0,90.6,77.1,,,,,,,,,
2404727567.0,368,38,47.0,29,90.8,77.1,38,"{'value': 1, 'displayName': 'FirstHalf'}","{'value': 1, 'displayName': 'Pass'}","{'value': 0, 'displayName': 'Unsuccessful'}","[{'type': {'value': 212, 'displayName': 'Length'}, 'value': '3.2'}, {'type': {'value': 233, 'displayName': 'OppositeRelatedEvent'}, 'value': '290'}, {'type': {'value': 56, 'displayName': 'Zone'}, 'value': 'Center'}, {'type': {'value': 178, 'displayName': 'StandingSave'}}, {'type': {'value': 286, 'displayName': 'Offensive'}}, {'type': {'value': 141, 'displayName': 'PassEndY'}, 'value': '72.5'}, {'type': {'value': 140, 'displayName': 'PassEndX'}, 'value': '90.0'}, {'type': {'value': 213, 'displayName': 'Angle'}, 'value': '4.5'}]","[91, 120, 29, 35, 38, 217, 218]",True,297203.0,90.0,72.5,,,,,,,,,
2404727639.0,290,38,47.0,189,7.5,24.7,38,"{'value': 1, 'displayName': 'FirstHalf'}","{'value': 74, 'displayName': 'BlockedPass'}","{'value': 1, 'displayName': 'Successful'}","[{'type': {'value': 233, 'displayName': 'OppositeRelatedEvent'}, 'value': '368'}, {'type': {'value': 56, 'displayName': 'Zone'}, 'value': 'Back'}, {'type': {'value': 178, 'displayName': 'StandingSave'}}, {'type': {'value': 285, 'displayName': 'Defensive'}}]","[91, 60]",True,29026.0,,,,,,,,,,,
2404727681.0,291,38,48.0,189,8.1,25.0,38,"{'value': 1, 'displayName': 'FirstHalf'}","{'value': 6, 'displayName': 'CornerAwarded'}","{'value': 0, 'displayName': 'Unsuccessful'}","[{'type': {'value': 56, 'displayName': 'Zone'}, 'value': 'Back'}, {'type': {'value': 233, 'displayName': 'OppositeRelatedEvent'}, 'value': '370'}, {'type': {'value': 73, 'displayName': 'MissLeft'}}]",[122],False,29026.0,,,,,,,,,,,
2404727671.0,370,38,48.0,29,91.9,75.0,38,"{'value': 1, 'displayName': 'FirstHalf'}","{'value': 6, 'displayName': 'CornerAwarded'}","{'value': 1, 'displayName': 'Successful'}","[{'type': {'value': 233, 'displayName': 'OppositeRelatedEvent'}, 'value': '291'}, {'type': {'value': 56, 'displayName': 'Zone'}, 'value': 'Center'}, {'type': {'value': 73, 'displayName': 'MissLeft'}}]",[122],False,297203.0,,,,,,,,,,,
2404739861.0,11375,39,,29,96.9,58.8,39,"{'value': 1, 'displayName': 'FirstHalf'}","{'value': 10000, 'displayName': 'OffsideGiven'}","{'value': 0, 'displayName': 'Unsuccessful'}",[],[61],False,300359.0,,,,,,,,,,,
2404728609.0,371,39,37.0,29,99.5,99.5,39,"{'value': 1, 'displayName': 'FirstHalf'}","{'value': 1, 'displayName': 'Pass'}","{'value': 0, 'displayName': 'Unsuccessful'}","[{'type': {'value': 6, 'displayName': 'CornerTaken'}}, {'type': {'value': 72, 'displayName': 'LeftFoot'}}, {'type': {'value': 2, 'displayName': 'Cross'}}, {'type': {'value': 140, 'displayName': 'PassEndX'}, 'value': '92.8'}, {'type': {'value': 178, 'displayName': 'StandingSave'}}, {'type': {'value': 212, 'displayName': 'Length'}, 'value': '25.5'}, {'type': {'value': 155, 'displayName': 'Chipped'}}, {'type': {'value': 56, 'displayName': 'Zone'}, 'value': 'Center'}, {'type': {'value': 141, 'displayName': 'PassEndY'}, 'value': '63.5'}, {'type': {'value': 213, 'displayName': 'Angle'}, 'value': '4.4'}]","[91, 138, 124, 126, 31, 33, 34, 35, 38, 217, 218]",True,68049.0,92.8,63.5,,,,,,,,,
2404728645.0,292,39,38.0,189,4.5,40.6,39,"{'value': 1, 'displayName': 'FirstHalf'}","{'value': 12, 'displayName': 'Clearance'}","{'value': 1, 'displayName': 'Successful'}","[{'type': {'value': 178, 'displayName': 'StandingSave'}}, {'type': {'value': 141, 'displayName': 'PassEndY'}, 'value': '40.6'}, {'type': {'value': 140, 'displayName': 'PassEndX'}, 'value': '11.0'}, {'type': {'value': 15, 'displayName': 'Head'}}, {'type': {'value': 213, 'displayName': 'Angle'}, 'value': '0'}, {'type': {'value': 56, 'displayName': 'Zone'}, 'value': 'Back'}, {'type': {'value': 212, 'displayName': 'Length'}, 'value': '6.8'}]","[91, 94, 95, 57, 215]",True,101856.0,11.0,40.6,,,,,,,,,
2404728673.0,372,39,40.0,29,88.0,65.8,39,"{'value': 1, 'displayName': 'FirstHalf'}","{'value': 1, 'displayName': 'Pass'}","{'value': 1, 'displayName': 'Successful'}","[{'type': {'value': 178, 'displayName': 'StandingSave'}}, {'type': {'value': 56, 'displayName': 'Zone'}, 'value': 'Left'}, {'type': {'value': 140, 'displayName': 'PassEndX'}, 'value': '90.8'}, {'type': {'value': 141, 'displayName': 'PassEndY'}, 'value': '83.6'}, {'type': {'value': 213, 'displayName': 'Angle'}, 'value': '1.3'}, {'type': {'value': 212, 'displayName': 'Length'}, 'value': '12.5'}]","[91, 119, 117, 30, 205, 36, 37, 217, 218]",True,332325.0,90.8,83.6,,,,,,,,,
2404728765.0,373,39,43.0,29,91.4,84.8,39,"{'value': 1, 'displayName': 'FirstHalf'}","{'value': 1, 'displayName': 'Pass'}","{'value': 1, 'displayName': 'Successful'}","[{'type': {'value': 155, 'displayName': 'Chipped'}}, {'type': {'value': 178, 'displayName': 'StandingSave'}}, {'type': {'value': 141, 'displayName': 'PassEndY'}, 'value': '32.7'}, {'type': {'value': 213, 'displayName': 'Angle'}, 'value': '4.7'}, {'type': {'value': 56, 'displayName': 'Zone'}, 'value': 'Center'}, {'type': {'value': 1, 'displayName': 'Longball'}}, {'type': {'value': 72, 'displayName': 'LeftFoot'}}, {'type': {'value': 2, 'displayName': 'Cross'}}, {'type': {'value': 212, 'displayName': 'Length'}, 'value': '35.4'}, {'type': {'value': 140, 'displayName': 'PassEndX'}, 'value': '90.8'}]","[91, 119, 138, 124, 125, 35, 38, 217, 218]",True,68049.0,90.8,32.7,,,,,,,,,
2404728811.0,374,39,49.0,29,79.6,35.1,39,"{'value': 1, 'displayName': 'FirstHalf'}","{'value': 1, 'displayName': 'Pass'}","{'value': 1, 'displayName': 'Successful'}","[{'type': {'value': 213, 'displayName': 'Angle'}, 'value': '0.9'}, {'type': {'value': 178, 'displayName': 'StandingSave'}}, {'type': {'value': 141, 'displayName': 'PassEndY'}, 'value': '52.1'}, {'type': {'value': 140, 'displayName': 'PassEndX'}, 'value': '88.1'}, {'type': {'value': 155, 'displayName': 'Chipped'}}, {'type': {'value': 56, 'displayName': 'Zone'}, 'value': 'Center'}, {'type': {'value': 212, 'displayName': 'Length'}, 'value': '14.6'}]","[91, 119, 117, 30, 124, 205, 36, 37, 217, 218]",True,322596.0,88.1,52.1,,,,,,,,,
2404728861.0,375,39,50.0,29,88.1,52.1,39,"{'value': 1, 'displayName': 'FirstHalf'}","{'value': 2, 'displayName': 'OffsidePass'}","{'value': 1, 'displayName': 'Successful'}","[{'type': {'value': 7, 'displayName': 'PlayerCaughtOffside'}, 'value': '300359'}, {'type': {'value': 3, 'displayName': 'HeadPass'}}, {'type': {'value': 56, 'displayName': 'Zone'}, 'value': 'Center'}, {'type': {'value': 141, 'displayName': 'PassEndY'}, 'value': '58.8'}, {'type': {'value': 140, 'displayName': 'PassEndX'}, 'value': '96.9'}]","[91, 217]",True,73063.0,96.9,58.8,,,,,,,,,
2404728839.0,293,39,50.0,189,9.1,44.7,39,"{'value': 1, 'displayName': 'FirstHalf'}","{'value': 55, 'displayName': 'OffsideProvoked'}","{'value': 1, 'displayName': 'Successful'}",[],[62],False,229562.0,,,,,,,,,,,
2404729499.0,294,40,20.0,189,10.0,39.0,40,"{'value': 1, 'displayName': 'FirstHalf'}","{'value': 1, 'displayName': 'Pass'}","{'value': 1, 'displayName': 'Successful'}","[{'type': {'value': 56, 'displayName': 'Zone'}, 'value': 'Back'}, {'type': {'value': 140, 'displayName': 'PassEndX'}, 'value': '18.7'}, {'type': {'value': 241, 'displayName': 'IndirectFreekickTaken'}}, {'type': {'value': 5, 'displayName': 'FreekickTaken'}}, {'type': {'value': 212, 'displayName': 'Length'}, 'value': '13.2'}, {'type': {'value': 141, 'displayName': 'PassEndY'}, 'value': '25.0'}, {'type': {'value': 213, 'displayName': 'Angle'}, 'value': '5.5'}, {'type': {'value': 178, 'displayName': 'StandingSave'}}]","[91, 117, 30, 132, 36, 38, 215, 218]",True,276366.0,18.7,25.0,,,,,,,,,
2404729549.0,295,40,22.0,189,21.9,25.2,40,"{'value': 1, 'displayName': 'FirstHalf'}","{'value': 1, 'displayName': 'Pass'}","{'value': 1, 'displayName': 'Successful'}","[{'type': {'value': 213, 'displayName': 'Angle'}, 'value': '2.8'}, {'type': {'value': 141, 'displayName': 'PassEndY'}, 'value': '36.1'}, {'type': {'value': 140, 'displayName': 'PassEndX'}, 'value': '2.9'}, {'type': {'value': 212, 'displayName': 'Length'}, 'value': '21.3'}, {'type': {'value': 178, 'displayName': 'StandingSave'}}, {'type': {'value': 56, 'displayName': 'Zone'}, 'value': 'Back'}]","[91, 117, 30, 35, 37, 215, 218]",True,29026.0,2.9,36.1,,,,,,,,,
2404729621.0,296,40,28.0,189,10.4,43.3,40,"{'value': 1, 'displayName': 'FirstHalf'}","{'value': 1, 'displayName': 'Pass'}","{'value': 1, 'displayName': 'Successful'}","[{'type': {'value': 56, 'displayName': 'Zone'}, 'value': 'Back'}, {'type': {'value': 140, 'displayName': 'PassEndX'}, 'value': '24.4'}, {'type': {'value': 212, 'displayName': 'Length'}, 'value': '17.7'}, {'type': {'value': 178, 'displayName': 'StandingSave'}}, {'type': {'value': 141, 'displayName': 'PassEndY'}, 'value': '28.7'}, {'type': {'value': 213, 'displayName': 'Angle'}, 'value': '5.7'}]","[91, 117, 30, 36, 38, 215, 218]",True,276366.0,24.4,28.7,,,,,,,,,
2404729717.0,297,40,30.0,189,24.4,28.7,40,"{'value': 1, 'displayName': 'FirstHalf'}","{'value': 1, 'displayName': 'Pass'}","{'value': 1, 'displayName': 'Successful'}","[{'type': {'value': 213, 'displayName': 'Angle'}, 'value': '3.9'}, {'type': {'value': 178, 'displayName': 'StandingSave'}}, {'type': {'value': 141, 'displayName': 'PassEndY'}, 'value': '14.9'}, {'type': {'value': 140, 'displayName': 'PassEndX'}, 'value': '14.0'}, {'type': {'value': 212, 'displayName': 'Length'}, 'value': '14.4'}, {'type': {'value': 56, 'displayName': 'Zone'}, 'value': 'Back'}]","[91, 117, 30, 35, 38, 215, 218]",True,101856.0,14.0,14.9,,,,,,,,,
2404729775.0,298,40,35.0,189,24.0,12.8,40,"{'value': 1, 'displayName': 'FirstHalf'}","{'value': 1, 'displayName': 'Pass'}","{'value': 1, 'displayName': 'Successful'}","[{'type': {'value': 141, 'displayName': 'PassEndY'}, 'value': '10.7'}, {'type': {'value': 212, 'displayName': 'Length'}, 'value': '25.3'}, {'type': {'value': 178, 'displayName': 'StandingSave'}}, {'type': {'value': 140, 'displayName': 'PassEndX'}, 'value': '48.1'}, {'type': {'value': 213, 'displayName': 'Angle'}, 'value': '6.2'}, {'type': {'value': 155, 'displayName': 'Chipped'}}, {'type': {'value': 56, 'displayName': 'Zone'}, 'value': 'Back'}]","[91, 117, 30, 124, 36, 38, 216, 218]",True,29026.0,48.1,10.7,,,,,,,,,
2404729783.0,299,40,36.0,189,49.5,7.3,40,"{'value': 1, 'displayName': 'FirstHalf'}","{'value': 44, 'displayName': 'Aerial'}","{'value': 1, 'displayName': 'Successful'}","[{'type': {'value': 56, 'displayName': 'Zone'}, 'value': 'Back'}, {'type': {'value': 233, 'displayName': 'OppositeRelatedEvent'}, 'value': '376'}, {'type': {'value': 285, 'displayName': 'Defensive'}}]","[197, 200]",False,353377.0,,,,,,,,,,,
2404729795.0,376,40,36.0,29,50.5,92.7,40,"{'value': 1, 'displayName': 'FirstHalf'}","{'value': 44, 'displayName': 'Aerial'}","{'value': 0, 'displayName': 'Unsuccessful'}","[{'type': {'value': 286, 'displayName': 'Offensive'}}, {'type': {'value': 233, 'displayName': 'OppositeRelatedEvent'}, 'value': '299'}, {'type': {'value': 56, 'displayName': 'Zone'}, 'value': 'Left'}]","[198, 199]",False,68049.0,,,,,,,,,,,
2404729835.0,300,40,36.0,189,48.1,10.7,40,"{'value': 1, 'displayName': 'FirstHalf'}","{'value': 1, 'displayName': 'Pass'}","{'value': 0, 'displayName': 'Unsuccessful'}","[{'type': {'value': 212, 'displayName': 'Length'}, 'value': '16.6'}, {'type': {'value': 213, 'displayName': 'Angle'}, 'value': '5.8'}, {'type': {'value': 141, 'displayName': 'PassEndY'}, 'value': '0.0'}, {'type': {'value': 3, 'displayName': 'HeadPass'}}, {'type': {'value': 56, 'displayName': 'Zone'}, 'value': 'Right'}, {'type': {'value': 140, 'displayName': 'PassEndX'}, 'value': '61.8'}]","[91, 120, 29, 139, 36, 38, 216, 218]",True,353377.0,61.8,0.0,,,,,,,,,
2404729957.0,378,40,42.0,29,39.5,100.0,40,"{'value': 1, 'displayName': 'FirstHalf'}","{'value': 1, 'displayName': 'Pass'}","{'value': 1, 'displayName': 'Successful'}","[{'type': {'value': 56, 'displayName': 'Zone'}, 'value': 'Back'}, {'type': {'value': 107, 'displayName': 'ThrowIn'}}, {'type': {'value': 140, 'displayName': 'PassEndX'}, 'value': '22.9'}, {'type': {'value': 141, 'displayName': 'PassEndY'}, 'value': '79.6'}, {'type': {'value': 1, 'displayName': 'Longball'}}, {'type': {'value': 213, 'displayName': 'Angle'}, 'value': '3.8'}, {'type': {'value': 212, 'displayName': 'Length'}, 'value': '22.8'}]","[91, 212, 35, 38, 215]",True,68049.0,22.9,79.6,,,,,,,,,
2404730129.0,379,40,46.0,29,22.2,75.4,40,"{'value': 1, 'displayName': 'FirstHalf'}","{'value': 1, 'displayName': 'Pass'}","{'value': 1, 'displayName': 'Successful'}","[{'type': {'value': 213, 'displayName': 'Angle'}, 'value': '4.6'}, {'type': {'value': 212, 'displayName': 'Length'}, 'value': '21.0'}, {'type': {'value': 140, 'displayName': 'PassEndX'}, 'value': '19.3'}, {'type': {'value': 141, 'displayName': 'PassEndY'}, 'value': '44.8'}, {'type': {'value': 178, 'displayName': 'StandingSave'}}, {'type': {'value': 56, 'displayName': 'Zone'}, 'value': 'Back'}]","[91, 117, 30, 35, 38, 215, 218]",True,300359.0,19.3,44.8,,,,,,,,,
2404730179.0,380,40,54.0,29,24.4,45.4,40,"{'value': 1, 'displayName': 'FirstHalf'}","{'value': 1, 'displayName': 'Pass'}","{'value': 1, 'displayName': 'Successful'}","[{'type': {'value': 178, 'displayName': 'StandingSave'}}, {'type': {'value': 56, 'displayName': 'Zone'}, 'value': 'Back'}, {'type': {'value': 141, 'displayName': 'PassEndY'}, 'value': '49.4'}, {'type': {'value': 212, 'displayName': 'Length'}, 'value': '14.6'}, {'type': {'value': 213, 'displayName': 'Angle'}, 'value': '3.0'}, {'type': {'value': 140, 'displayName': 'PassEndX'}, 'value': '10.7'}]","[91, 117, 30, 35, 37, 215, 218]",True,73063.0,10.7,49.4,,,,,,,,,
2404730269.0,381,40,55.0,29,10.7,49.4,40,"{'value': 1, 'displayName': 'FirstHalf'}","{'value': 1, 'displayName': 'Pass'}","{'value': 0, 'displayName': 'Unsuccessful'}","[{'type': {'value': 178, 'displayName': 'StandingSave'}}, {'type': {'value': 1, 'displayName': 'Longball'}}, {'type': {'value': 56, 'displayName': 'Zone'}, 'value': 'Left'}, {'type': {'value': 141, 'displayName': 'PassEndY'}, 'value': '88.2'}, {'type': {'value': 140, 'displayName': 'PassEndX'}, 'value': '62.3'}, {'type': {'value': 212, 'displayName': 'Length'}, 'value': '60.3'}, {'type': {'value': 213, 'displayName': 'Angle'}, 'value': '0.5'}]","[91, 120, 128, 36, 37, 216, 218]",True,20973.0,62.3,88.2,,,,,,,,,
2404730293.0,302,41,0.0,189,37.6,7.4,41,"{'value': 1, 'displayName': 'FirstHalf'}","{'value': 1, 'displayName': 'Pass'}","{'value': 1, 'displayName': 'Successful'}","[{'type': {'value': 141, 'displayName': 'PassEndY'}, 'value': '29.2'}, {'type': {'value': 3, 'displayName': 'HeadPass'}}, {'type': {'value': 56, 'displayName': 'Zone'}, 'value': 'Back'}, {'type': {'value': 140, 'displayName': 'PassEndX'}, 'value': '36.7'}, {'type': {'value': 213, 'displayName': 'Angle'}, 'value': '1.6'}, {'type': {'value': 212, 'displayName': 'Length'}, 'value': '14.9'}]","[91, 117, 30, 139, 35, 37, 216, 218]",True,321085.0,36.7,29.2,,,,,,,,,
2404730303.0,303,41,1.0,189,36.6,29.3,41,"{'value': 1, 'displayName': 'FirstHalf'}","{'value': 49, 'displayName': 'BallRecovery'}","{'value': 1, 'displayName': 'Successful'}",[],[93],False,29026.0,,,,,,,,,,,
2404730341.0,304,41,1.0,189,35.9,31.1,41,"{'value': 1, 'displayName': 'FirstHalf'}","{'value': 1, 'displayName': 'Pass'}","{'value': 1, 'displayName': 'Successful'}","[{'type': {'value': 212, 'displayName': 'Length'}, 'value': '19.5'}, {'type': {'value': 178, 'displayName': 'StandingSave'}}, {'type': {'value': 56, 'displayName': 'Zone'}, 'value': 'Back'}, {'type': {'value': 141, 'displayName': 'PassEndY'}, 'value': '46.4'}, {'type': {'value': 213, 'displayName': 'Angle'}, 'value': '2.6'}, {'type': {'value': 140, 'displayName': 'PassEndX'}, 'value': '20.2'}]","[91, 117, 30, 35, 37, 215, 218]",True,29026.0,20.2,46.4,,,,,,,,,
2404730423.0,305,41,4.0,189,18.7,47.5,41,"{'value': 1, 'displayName': 'FirstHalf'}","{'value': 1, 'displayName': 'Pass'}","{'value': 1, 'displayName': 'Successful'}","[{'type': {'value': 141, 'displayName': 'PassEndY'}, 'value': '63.5'}, {'type': {'value': 56, 'displayName': 'Zone'}, 'value': 'Back'}, {'type': {'value': 140, 'displayName': 'PassEndX'}, 'value': '27.9'}, {'type': {'value': 178, 'displayName': 'StandingSave'}}, {'type': {'value': 212, 'displayName': 'Length'}, 'value': '14.5'}, {'type': {'value': 213, 'displayName': 'Angle'}, 'value': '0.8'}]","[91, 117, 30, 36, 37, 215, 218]",True,276366.0,27.9,63.5,,,,,,,,,
2404730479.0,306,41,10.0,189,35.3,64.4,41,"{'value': 1, 'displayName': 'FirstHalf'}","{'value': 1, 'displayName': 'Pass'}","{'value': 1, 'displayName': 'Successful'}","[{'type': {'value': 140, 'displayName': 'PassEndX'}, 'value': '32.6'}, {'type': {'value': 178, 'displayName': 'StandingSave'}}, {'type': {'value': 56, 'displayName': 'Zone'}, 'value': 'Back'}, {'type': {'value': 212, 'displayName': 'Length'}, 'value': '20.3'}, {'type': {'value': 141, 'displayName': 'PassEndY'}, 'value': '34.9'}, {'type': {'value': 213, 'displayName': 'Angle'}, 'value': '4.6'}]","[91, 117, 30, 35, 38, 215, 218]",True,342499.0,32.6,34.9,,,,,,,,,
2404730557.0,307,41,13.0,189,33.6,34.9,41,"{'value': 1, 'displayName': 'FirstHalf'}","{'value': 1, 'displayName': 'Pass'}","{'value': 1, 'displayName': 'Successful'}","[{'type': {'value': 178, 'displayName': 'StandingSave'}}, {'type': {'value': 140, 'displayName': 'PassEndX'}, 'value': '39.6'}, {'type': {'value': 141, 'displayName': 'PassEndY'}, 'value': '11.2'}, {'type': {'value': 212, 'displayName': 'Length'}, 'value': '17.3'}, {'type': {'value': 56, 'displayName': 'Zone'}, 'value': 'Back'}, {'type': {'value': 213, 'displayName': 'Angle'}, 'value': '5.1'}]","[91, 117, 30, 36, 38, 216, 218]",True,29026.0,39.6,11.2,,,,,,,,,
2404730627.0,308,41,18.0,189,53.3,9.5,41,"{'value': 1, 'displayName': 'FirstHalf'}","{'value': 1, 'displayName': 'Pass'}","{'value': 1, 'displayName': 'Successful'}","[{'type': {'value': 56, 'displayName': 'Zone'}, 'value': 'Right'}, {'type': {'value': 141, 'displayName': 'PassEndY'}, 'value': '4.0'}, {'type': {'value': 212, 'displayName': 'Length'}, 'value': '15.9'}, {'type': {'value': 140, 'displayName': 'PassEndX'}, 'value': '68.0'}, {'type': {'value': 178, 'displayName': 'StandingSave'}}, {'type': {'value': 213, 'displayName': 'Angle'}, 'value': '6.0'}]","[91, 119, 117, 30, 205, 36, 38, 217, 218]",True,101856.0,68.0,4.0,,,,,,,,,
2404730653.0,309,41,21.0,189,75.2,3.5,41,"{'value': 1, 'displayName': 'FirstHalf'}","{'value': 1, 'displayName': 'Pass'}","{'value': 0, 'displayName': 'Unsuccessful'}","[{'type': {'value': 213, 'displayName': 'Angle'}, 'value': '1.1'}, {'type': {'value': 212, 'displayName': 'Length'}, 'value': '39.8'}, {'type': {'value': 178, 'displayName': 'StandingSave'}}, {'type': {'value': 140, 'displayName': 'PassEndX'}, 'value': '93.5'}, {'type': {'value': 141, 'displayName': 'PassEndY'}, 'value': '54.8'}, {'type': {'value': 1, 'displayName': 'Longball'}}, {'type': {'value': 56, 'displayName': 'Zone'}, 'value': 'Center'}]","[91, 120, 128, 36, 37, 217, 218]",True,321085.0,93.5,54.8,,,,,,,,,
2404730669.0,382,41,23.0,29,6.0,45.0,41,"{'value': 1, 'displayName': 'FirstHalf'}","{'value': 52, 'displayName': 'KeeperPickup'}","{'value': 1, 'displayName': 'Successful'}","[{'type': {'value': 178, 'displayName': 'StandingSave'}}]",[93],False,20973.0,,,,,,,,,,,
2404730941.0,383,41,33.0,29,14.2,43.5,41,"{'value': 1, 'displayName': 'FirstHalf'}","{'value': 1, 'displayName': 'Pass'}","{'value': 1, 'displayName': 'Successful'}","[{'type': {'value': 123, 'displayName': 'KeeperThrow'}}, {'type': {'value': 212, 'displayName': 'Length'}, 'value': '18.7'}, {'type': {'value': 141, 'displayName': 'PassEndY'}, 'value': '16.2'}, {'type': {'value': 178, 'displayName': 'StandingSave'}}, {'type': {'value': 56, 'displayName': 'Zone'}, 'value': 'Back'}, {'type': {'value': 213, 'displayName': 'Angle'}, 'value': '4.8'}, {'type': {'value': 140, 'displayName': 'PassEndX'}, 'value': '16.4'}]","[91, 36, 38, 215, 218]",True,20973.0,16.4,16.2,,,,,,,,,
2404731005.0,384,41,36.0,29,16.3,16.2,41,"{'value': 1, 'displayName': 'FirstHalf'}","{'value': 1, 'displayName': 'Pass'}","{'value': 1, 'displayName': 'Successful'}","[{'type': {'value': 212, 'displayName': 'Length'}, 'value': '21.9'}, {'type': {'value': 213, 'displayName': 'Angle'}, 'value': '2.0'}, {'type': {'value': 178, 'displayName': 'StandingSave'}}, {'type': {'value': 141, 'displayName': 'PassEndY'}, 'value': '45.7'}, {'type': {'value': 140, 'displayName': 'PassEndX'}, 'value': '7.9'}, {'type': {'value': 56, 'displayName': 'Zone'}, 'value': 'Back'}]","[91, 117, 30, 35, 37, 215, 218]",True,73063.0,7.9,45.7,,,,,,,,,
2404731021.0,385,41,42.0,29,8.8,47.4,41,"{'value': 1, 'displayName': 'FirstHalf'}","{'value': 1, 'displayName': 'Pass'}","{'value': 1, 'displayName': 'Successful'}","[{'type': {'value': 140, 'displayName': 'PassEndX'}, 'value': '22.0'}, {'type': {'value': 213, 'displayName': 'Angle'}, 'value': '0.2'}, {'type': {'value': 178, 'displayName': 'StandingSave'}}, {'type': {'value': 141, 'displayName': 'PassEndY'}, 'value': '51.5'}, {'type': {'value': 56, 'displayName': 'Zone'}, 'value': 'Back'}, {'type': {'value': 212, 'displayName': 'Length'}, 'value': '14.1'}]","[91, 117, 30, 36, 37, 215, 218]",True,20973.0,22.0,51.5,,,,,,,,,
2404731057.0,386,41,43.0,29,22.0,51.5,41,"{'value': 1, 'displayName': 'FirstHalf'}","{'value': 1, 'displayName': 'Pass'}","{'value': 1, 'displayName': 'Successful'}","[{'type': {'value': 178, 'displayName': 'StandingSave'}}, {'type': {'value': 141, 'displayName': 'PassEndY'}, 'value': '17.6'}, {'type': {'value': 212, 'displayName': 'Length'}, 'value': '23.1'}, {'type': {'value': 213, 'displayName': 'Angle'}, 'value': '4.8'}, {'type': {'value': 140, 'displayName': 'PassEndX'}, 'value': '23.0'}, {'type': {'value': 56, 'displayName': 'Zone'}, 'value': 'Back'}]","[91, 117, 30, 36, 38, 215, 218]",True,332325.0,23.0,17.6,,,,,,,,,
2404731093.0,387,41,45.0,29,23.0,17.6,41,"{'value': 1, 'displayName': 'FirstHalf'}","{'value': 1, 'displayName': 'Pass'}","{'value': 1, 'displayName': 'Successful'}","[{'type': {'value': 213, 'displayName': 'Angle'}, 'value': '5.5'}, {'type': {'value': 141, 'displayName': 'PassEndY'}, 'value': '6.2'}, {'type': {'value': 212, 'displayName': 'Length'}, 'value': '11.0'}, {'type': {'value': 56, 'displayName': 'Zone'}, 'value': 'Back'}, {'type': {'value': 178, 'displayName': 'StandingSave'}}, {'type': {'value': 140, 'displayName': 'PassEndX'}, 'value': '30.4'}]","[91, 117, 30, 36, 38, 215, 218]",True,73063.0,30.4,6.2,,,,,,,,,
2404731149.0,388,41,47.0,29,30.5,5.1,41,"{'value': 1, 'displayName': 'FirstHalf'}","{'value': 1, 'displayName': 'Pass'}","{'value': 1, 'displayName': 'Successful'}","[{'type': {'value': 178, 'displayName': 'StandingSave'}}, {'type': {'value': 212, 'displayName': 'Length'}, 'value': '7.1'}, {'type': {'value': 141, 'displayName': 'PassEndY'}, 'value': '4.4'}, {'type': {'value': 213, 'displayName': 'Angle'}, 'value': '6.2'}, {'type': {'value': 140, 'displayName': 'PassEndX'}, 'value': '37.2'}, {'type': {'value': 56, 'displayName': 'Zone'}, 'value': 'Back'}]","[91, 117, 30, 36, 38, 216, 218]",True,111372.0,37.2,4.4,,,,,,,,,
2404731165.0,389,41,48.0,29,37.6,4.4,41,"{'value': 1, 'displayName': 'FirstHalf'}","{'value': 1, 'displayName': 'Pass'}","{'value': 0, 'displayName': 'Unsuccessful'}","[{'type': {'value': 141, 'displayName': 'PassEndY'}, 'value': '5.8'}, {'type': {'value': 213, 'displayName': 'Angle'}, 'value': '0.2'}, {'type': {'value': 212, 'displayName': 'Length'}, 'value': '5.0'}, {'type': {'value': 178, 'displayName': 'StandingSave'}}, {'type': {'value': 140, 'displayName': 'PassEndX'}, 'value': '42.3'}, {'type': {'value': 56, 'displayName': 'Zone'}, 'value': 'Back'}]","[91, 118, 120, 29, 36, 37, 216, 218]",True,143595.0,42.3,5.8,,,,,,,,,
2404731187.0,311,41,51.0,189,43.3,91.7,41,"{'value': 1, 'displayName': 'FirstHalf'}","{'value': 49, 'displayName': 'BallRecovery'}","{'value': 1, 'displayName': 'Successful'}",[],[93],False,229562.0,,,,,,,,,,,
2404731261.0,312,41,53.0,189,39.2,92.4,41,"{'value': 1, 'displayName': 'FirstHalf'}","{'value': 1, 'displayName': 'Pass'}","{'value': 1, 'displayName': 'Successful'}","[{'type': {'value': 141, 'displayName': 'PassEndY'}, 'value': '70.4'}, {'type': {'value': 212, 'displayName': 'Length'}, 'value': '15.4'}, {'type': {'value': 140, 'displayName': 'PassEndX'}, 'value': '42.7'}, {'type': {'value': 56, 'displayName': 'Zone'}, 'value': 'Back'}, {'type': {'value': 213, 'displayName': 'Angle'}, 'value': '5.0'}, {'type': {'value': 178, 'displayName': 'StandingSave'}}]","[91, 117, 30, 36, 38, 216, 218]",True,229562.0,42.7,70.4,,,,,,,,,
2404731287.0,313,41,55.0,189,40.5,71.4,41,"{'value': 1, 'displayName': 'FirstHalf'}","{'value': 1, 'displayName': 'Pass'}","{'value': 1, 'displayName': 'Successful'}","[{'type': {'value': 140, 'displayName': 'PassEndX'}, 'value': '32.3'}, {'type': {'value': 141, 'displayName': 'PassEndY'}, 'value': '57.3'}, {'type': {'value': 178, 'displayName': 'StandingSave'}}, {'type': {'value': 213, 'displayName': 'Angle'}, 'value': '4.0'}, {'type': {'value': 56, 'displayName': 'Zone'}, 'value': 'Back'}, {'type': {'value': 212, 'displayName': 'Length'}, 'value': '12.9'}]","[91, 117, 30, 35, 38, 215, 218]",True,101856.0,32.3,57.3,,,,,,,,,
2404731387.0,314,41,58.0,189,32.3,57.3,41,"{'value': 1, 'displayName': 'FirstHalf'}","{'value': 1, 'displayName': 'Pass'}","{'value': 1, 'displayName': 'Successful'}","[{'type': {'value': 178, 'displayName': 'StandingSave'}}, {'type': {'value': 212, 'displayName': 'Length'}, 'value': '20.8'}, {'type': {'value': 56, 'displayName': 'Zone'}, 'value': 'Back'}, {'type': {'value': 213, 'displayName': 'Angle'}, 'value': '4.6'}, {'type': {'value': 141, 'displayName': 'PassEndY'}, 'value': '26.9'}, {'type': {'value': 140, 'displayName': 'PassEndX'}, 'value': '30.0'}]","[91, 117, 30, 35, 38, 215, 218]",True,29026.0,30.0,26.9,,,,,,,,,
2404731395.0,315,42,2.0,189,29.4,9.7,42,"{'value': 1, 'displayName': 'FirstHalf'}","{'value': 1, 'displayName': 'Pass'}","{'value': 0, 'displayName': 'Unsuccessful'}","[{'type': {'value': 178, 'displayName': 'StandingSave'}}, {'type': {'value': 213, 'displayName': 'Angle'}, 'value': '0'}, {'type': {'value': 141, 'displayName': 'PassEndY'}, 'value': '9.7'}, {'type': {'value': 212, 'displayName': 'Length'}, 'value': '1.3'}, {'type': {'value': 140, 'displayName': 'PassEndX'}, 'value': '30.6'}, {'type': {'value': 56, 'displayName': 'Zone'}, 'value': 'Back'}]","[91, 118, 120, 29, 36, 215, 218]",True,321085.0,30.6,9.7,,,,,,,,,
2404732041.0,394,42,2.0,29,71.4,90.9,42,"{'value': 1, 'displayName': 'FirstHalf'}","{'value': 61, 'displayName': 'BallTouch'}","{'value': 1, 'displayName': 'Successful'}","[{'type': {'value': 178, 'displayName': 'StandingSave'}}, {'type': {'value': 56, 'displayName': 'Zone'}, 'value': 'Left'}]",[91],True,297203.0,,,,,,,,,,,
2404731443.0,316,42,4.0,189,51.1,10.8,42,"{'value': 1, 'displayName': 'FirstHalf'}","{'value': 50, 'displayName': 'Dispossessed'}","{'value': 1, 'displayName': 'Successful'}","[{'type': {'value': 286, 'displayName': 'Offensive'}}, {'type': {'value': 233, 'displayName': 'OppositeRelatedEvent'}, 'value': '390'}, {'type': {'value': 56, 'displayName': 'Zone'}, 'value': 'Right'}]","[91, 70]",True,353377.0,,,,,,,,,,,
2404731459.0,390,42,4.0,29,48.9,89.2,42,"{'value': 1, 'displayName': 'FirstHalf'}","{'value': 7, 'displayName': 'Tackle'}","{'value': 0, 'displayName': 'Unsuccessful'}","[{'type': {'value': 178, 'displayName': 'StandingSave'}}, {'type': {'value': 233, 'displayName': 'OppositeRelatedEvent'}, 'value': '316'}, {'type': {'value': 56, 'displayName': 'Zone'}, 'value': 'Back'}, {'type': {'value': 285, 'displayName': 'Defensive'}}]","[91, 142]",True,68049.0,,,,,,,,,,,
2404733603.0,337,42,5.0,189,47.5,8.2,42,"{'value': 1, 'displayName': 'FirstHalf'}","{'value': 61, 'displayName': 'BallTouch'}","{'value': 1, 'displayName': 'Successful'}","[{'type': {'value': 178, 'displayName': 'StandingSave'}}, {'type': {'value': 56, 'displayName': 'Zone'}, 'value': 'Back'}]",[91],True,353377.0,,,,,,,,,,,
2404731469.0,391,42,5.0,29,52.7,91.7,42,"{'value': 1, 'displayName': 'FirstHalf'}","{'value': 1, 'displayName': 'Pass'}","{'value': 1, 'displayName': 'Successful'}","[{'type': {'value': 141, 'displayName': 'PassEndY'}, 'value': '79.1'}, {'type': {'value': 178, 'displayName': 'StandingSave'}}, {'type': {'value': 212, 'displayName': 'Length'}, 'value': '8.8'}, {'type': {'value': 140, 'displayName': 'PassEndX'}, 'value': '51.0'}, {'type': {'value': 213, 'displayName': 'Angle'}, 'value': '4.5'}, {'type': {'value': 56, 'displayName': 'Zone'}, 'value': 'Left'}]","[91, 119, 117, 30, 35, 38, 216, 218]",True,68049.0,51.0,79.1,,,,,,,,,
2404731475.0,392,42,6.0,29,51.1,75.2,42,"{'value': 1, 'displayName': 'FirstHalf'}","{'value': 49, 'displayName': 'BallRecovery'}","{'value': 1, 'displayName': 'Successful'}",[],[93],False,332325.0,,,,,,,,,,,
2404731517.0,393,42,6.0,29,51.5,75.2,42,"{'value': 1, 'displayName': 'FirstHalf'}","{'value': 1, 'displayName': 'Pass'}","{'value': 0, 'displayName': 'Unsuccessful'}","[{'type': {'value': 178, 'displayName': 'StandingSave'}}, {'type': {'value': 213, 'displayName': 'Angle'}, 'value': '0.2'}, {'type': {'value': 212, 'displayName': 'Length'}, 'value': '28.1'}, {'type': {'value': 140, 'displayName': 'PassEndX'}, 'value': '77.5'}, {'type': {'value': 56, 'displayName': 'Zone'}, 'value': 'Left'}, {'type': {'value': 141, 'displayName': 'PassEndY'}, 'value': '85.0'}]","[91, 120, 29, 36, 37, 217, 218]",True,332325.0,77.5,85.0,,,,,,,,,
2404731527.0,317,42,9.0,189,17.8,15.8,42,"{'value': 1, 'displayName': 'FirstHalf'}","{'value': 49, 'displayName': 'BallRecovery'}","{'value': 1, 'displayName': 'Successful'}",[],[93],False,29026.0,,,,,,,,,,,
2404731605.0,318,42,9.0,189,17.8,15.8,42,"{'value': 1, 'displayName': 'FirstHalf'}","{'value': 1, 'displayName': 'Pass'}","{'value': 1, 'displayName': 'Successful'}","[{'type': {'value': 56, 'displayName': 'Zone'}, 'value': 'Back'}, {'type': {'value': 140, 'displayName': 'PassEndX'}, 'value': '5.8'}, {'type': {'value': 178, 'displayName': 'StandingSave'}}, {'type': {'value': 212, 'displayName': 'Length'}, 'value': '19.9'}, {'type': {'value': 141, 'displayName': 'PassEndY'}, 'value': '38.5'}, {'type': {'value': 213, 'displayName': 'Angle'}, 'value': '2.3'}]","[91, 117, 30, 35, 37, 215, 218]",True,29026.0,5.8,38.5,,,,,,,,,
2404731701.0,319,42,13.0,189,5.3,39.7,42,"{'value': 1, 'displayName': 'FirstHalf'}","{'value': 1, 'displayName': 'Pass'}","{'value': 1, 'displayName': 'Successful'}","[{'type': {'value': 1, 'displayName': 'Longball'}}, {'type': {'value': 213, 'displayName': 'Angle'}, 'value': '0.8'}, {'type': {'value': 56, 'displayName': 'Zone'}, 'value': 'Back'}, {'type': {'value': 141, 'displayName': 'PassEndY'}, 'value': '95.6'}, {'type': {'value': 155, 'displayName': 'Chipped'}}, {'type': {'value': 212, 'displayName': 'Length'}, 'value': '51.4'}, {'type': {'value': 178, 'displayName': 'StandingSave'}}, {'type': {'value': 140, 'displayName': 'PassEndX'}, 'value': '38.2'}]","[91, 117, 124, 127, 36, 37, 216, 218]",True,276366.0,38.2,95.6,,,,,,,,,
2404731815.0,320,42,17.0,189,38.2,95.6,42,"{'value': 1, 'displayName': 'FirstHalf'}","{'value': 1, 'displayName': 'Pass'}","{'value': 1, 'displayName': 'Successful'}","[{'type': {'value': 56, 'displayName': 'Zone'}, 'value': 'Back'}, {'type': {'value': 141, 'displayName': 'PassEndY'}, 'value': '76.5'}, {'type': {'value': 140, 'displayName': 'PassEndX'}, 'value': '33.3'}, {'type': {'value': 178, 'displayName': 'StandingSave'}}, {'type': {'value': 212, 'displayName': 'Length'}, 'value': '14.0'}, {'type': {'value': 213, 'displayName': 'Angle'}, 'value': '4.3'}]","[91, 117, 30, 35, 38, 215, 218]",True,229562.0,33.3,76.5,,,,,,,,,
2404731861.0,321,42,22.0,189,34.7,72.3,42,"{'value': 1, 'displayName': 'FirstHalf'}","{'value': 1, 'displayName': 'Pass'}","{'value': 1, 'displayName': 'Successful'}","[{'type': {'value': 178, 'displayName': 'StandingSave'}}, {'type': {'value': 140, 'displayName': 'PassEndX'}, 'value': '26.0'}, {'type': {'value': 213, 'displayName': 'Angle'}, 'value': '2.9'}, {'type': {'value': 141, 'displayName': 'PassEndY'}, 'value': '75.2'}, {'type': {'value': 56, 'displayName': 'Zone'}, 'value': 'Back'}, {'type': {'value': 212, 'displayName': 'Length'}, 'value': '9.3'}]","[91, 117, 30, 35, 37, 215, 218]",True,69344.0,26.0,75.2,,,,,,,,,
2404731881.0,322,42,25.0,189,26.0,75.2,42,"{'value': 1, 'displayName': 'FirstHalf'}","{'value': 1, 'displayName': 'Pass'}","{'value': 1, 'displayName': 'Successful'}","[{'type': {'value': 178, 'displayName': 'StandingSave'}}, {'type': {'value': 140, 'displayName': 'PassEndX'}, 'value': '32.9'}, {'type': {'value': 56, 'displayName': 'Zone'}, 'value': 'Back'}, {'type': {'value': 213, 'displayName': 'Angle'}, 'value': '5.7'}, {'type': {'value': 141, 'displayName': 'PassEndY'}, 'value': '67.7'}, {'type': {'value': 212, 'displayName': 'Length'}, 'value': '8.9'}]","[91, 117, 30, 36, 38, 215, 218]",True,342499.0,32.9,67.7,,,,,,,,,
2404731949.0,323,42,26.0,189,32.9,67.7,42,"{'value': 1, 'displayName': 'FirstHalf'}","{'value': 1, 'displayName': 'Pass'}","{'value': 1, 'displayName': 'Successful'}","[{'type': {'value': 141, 'displayName': 'PassEndY'}, 'value': '74.9'}, {'type': {'value': 212, 'displayName': 'Length'}, 'value': '8.7'}, {'type': {'value': 213, 'displayName': 'Angle'}, 'value': '2.5'}, {'type': {'value': 56, 'displayName': 'Zone'}, 'value': 'Back'}, {'type': {'value': 140, 'displayName': 'PassEndX'}, 'value': '26.0'}, {'type': {'value': 178, 'displayName': 'StandingSave'}}]","[91, 117, 30, 35, 37, 215, 218]",True,101856.0,26.0,74.9,,,,,,,,,
2404731999.0,324,42,29.0,189,27.0,75.5,42,"{'value': 1, 'displayName': 'FirstHalf'}","{'value': 1, 'displayName': 'Pass'}","{'value': 1, 'displayName': 'Successful'}","[{'type': {'value': 56, 'displayName': 'Zone'}, 'value': 'Back'}, {'type': {'value': 212, 'displayName': 'Length'}, 'value': '17.3'}, {'type': {'value': 213, 'displayName': 'Angle'}, 'value': '5.9'}, {'type': {'value': 141, 'displayName': 'PassEndY'}, 'value': '65.9'}, {'type': {'value': 178, 'displayName': 'StandingSave'}}, {'type': {'value': 140, 'displayName': 'PassEndX'}, 'value': '42.3'}]","[91, 117, 30, 36, 38, 216, 218]",True,342499.0,42.3,65.9,,,,,,,,,
2404732099.0,325,42,31.0,189,42.3,65.9,42,"{'value': 1, 'displayName': 'FirstHalf'}","{'value': 1, 'displayName': 'Pass'}","{'value': 1, 'displayName': 'Successful'}","[{'type': {'value': 213, 'displayName': 'Angle'}, 'value': '0.4'}, {'type': {'value': 178, 'displayName': 'StandingSave'}}, {'type': {'value': 212, 'displayName': 'Length'}, 'value': '21.8'}, {'type': {'value': 56, 'displayName': 'Zone'}, 'value': 'Center'}, {'type': {'value': 140, 'displayName': 'PassEndX'}, 'value': '61.4'}, {'type': {'value': 141, 'displayName': 'PassEndY'}, 'value': '78.3'}]","[91, 119, 117, 30, 36, 37, 216, 218]",True,134240.0,61.4,78.3,,,,,,,,,
2404732161.0,326,42,36.0,189,68.4,78.2,42,"{'value': 1, 'displayName': 'FirstHalf'}","{'value': 1, 'displayName': 'Pass'}","{'value': 1, 'displayName': 'Successful'}","[{'type': {'value': 213, 'displayName': 'Angle'}, 'value': '5.3'}, {'type': {'value': 154, 'displayName': 'IntentionalAssist'}}, {'type': {'value': 178, 'displayName': 'StandingSave'}}, {'type': {'value': 155, 'displayName': 'Chipped'}}, {'type': {'value': 56, 'displayName': 'Zone'}, 'value': 'Center'}, {'type': {'value': 1, 'displayName': 'Longball'}}, {'type': {'value': 212, 'displayName': 'Length'}, 'value': '40.1'}, {'type': {'value': 140, 'displayName': 'PassEndX'}, 'value': '90.7'}, {'type': {'value': 210, 'displayName': 'ShotAssist'}, 'value': '15'}, {'type': {'value': 141, 'displayName': 'PassEndY'}, 'value': '30.4'}, {'type': {'value': 11113, 'displayName': 'KeyPass'}}]","[91, 119, 117, 123, 124, 127, 205, 39, 46, 36, 38, 217, 218]",True,69344.0,90.7,30.4,,,,,,,,,
2404732167.0,327,42,39.0,189,90.7,34.9,42,"{'value': 1, 'displayName': 'FirstHalf'}","{'value': 15, 'displayName': 'SavedShot'}","{'value': 1, 'displayName': 'Successful'}","[{'type': {'value': 80, 'displayName': 'LowRight'}}, {'type': {'value': 233, 'displayName': 'OppositeRelatedEvent'}, 'value': '395'}, {'type': {'value': 55, 'displayName': 'RelatedEventId'}, 'value': '326'}, {'type': {'value': 102, 'displayName': 'GoalMouthY'}, 'value': '47.4'}, {'type': {'value': 154, 'displayName': 'IntentionalAssist'}}, {'type': {'value': 178, 'displayName': 'StandingSave'}}, {'type': {'value': 22, 'displayName': 'RegularPlay'}}, {'type': {'value': 56, 'displayName': 'Zone'}, 'value': 'Center'}, {'type': {'value': 103, 'displayName': 'GoalMouthZ'}, 'value': '19'}, {'type': {'value': 72, 'displayName': 'LeftFoot'}}, {'type': {'value': 63, 'displayName': 'BoxRight'}}, {'type': {'value': 82, 'displayName': 'Blocked'}}, {'type': {'value': 29, 'displayName': 'Assisted'}}, {'type': {'value': 146, 'displayName': 'BlockedX'}, 'value': '92.5'}, {'type': {'value': 147, 'displayName': 'BlockedY'}, 'value': '37.4'}]","[91, 10, 1, 3, 11, 13]",True,353377.0,,,326.0,69344.0,92.5,37.4,19.0,47.4,True,,
2404732189.0,395,42,39.0,29,9.0,60.8,42,"{'value': 1, 'displayName': 'FirstHalf'}","{'value': 10, 'displayName': 'Save'}","{'value': 1, 'displayName': 'Successful'}","[{'type': {'value': 178, 'displayName': 'StandingSave'}}, {'type': {'value': 233, 'displayName': 'OppositeRelatedEvent'}, 'value': '327'}, {'type': {'value': 56, 'displayName': 'Zone'}, 'value': 'Back'}, {'type': {'value': 94, 'displayName': 'OutfielderBlock'}}]","[91, 58]",True,68049.0,,,,,,,,,,,
2404732293.0,328,42,43.0,189,77.5,21.1,42,"{'value': 1, 'displayName': 'FirstHalf'}","{'value': 1, 'displayName': 'Pass'}","{'value': 0, 'displayName': 'Unsuccessful'}","[{'type': {'value': 212, 'displayName': 'Length'}, 'value': '28.4'}, {'type': {'value': 178, 'displayName': 'StandingSave'}}, {'type': {'value': 20, 'displayName': 'RightFoot'}}, {'type': {'value': 56, 'displayName': 'Zone'}, 'value': 'Center'}, {'type': {'value': 213, 'displayName': 'Angle'}, 'value': '0.7'}, {'type': {'value': 141, 'displayName': 'PassEndY'}, 'value': '48.7'}, {'type': {'value': 140, 'displayName': 'PassEndX'}, 'value': '97.8'}, {'type': {'value': 2, 'displayName': 'Cross'}}, {'type': {'value': 155, 'displayName': 'Chipped'}}]","[91, 137, 124, 126, 36, 37, 217, 218]",True,134240.0,97.8,48.7,,,,,,,,,
2404732299.0,396,42,45.0,29,2.8,50.5,42,"{'value': 1, 'displayName': 'FirstHalf'}","{'value': 52, 'displayName': 'KeeperPickup'}","{'value': 1, 'displayName': 'Successful'}","[{'type': {'value': 178, 'displayName': 'StandingSave'}}]",[93],False,20973.0,,,,,,,,,,,
2404732711.0,397,42,56.0,29,12.8,42.7,42,"{'value': 1, 'displayName': 'FirstHalf'}","{'value': 1, 'displayName': 'Pass'}","{'value': 1, 'displayName': 'Successful'}","[{'type': {'value': 123, 'displayName': 'KeeperThrow'}}, {'type': {'value': 213, 'displayName': 'Angle'}, 'value': '5.0'}, {'type': {'value': 56, 'displayName': 'Zone'}, 'value': 'Back'}, {'type': {'value': 178, 'displayName': 'StandingSave'}}, {'type': {'value': 212, 'displayName': 'Length'}, 'value': '14.2'}, {'type': {'value': 140, 'displayName': 'PassEndX'}, 'value': '16.1'}, {'type': {'value': 141, 'displayName': 'PassEndY'}, 'value': '22.5'}]","[91, 36, 38, 215, 218]",True,20973.0,16.1,22.5,,,,,,,,,
2404732767.0,398,43,5.0,29,31.6,15.6,43,"{'value': 1, 'displayName': 'FirstHalf'}","{'value': 1, 'displayName': 'Pass'}","{'value': 1, 'displayName': 'Successful'}","[{'type': {'value': 141, 'displayName': 'PassEndY'}, 'value': '26.6'}, {'type': {'value': 140, 'displayName': 'PassEndX'}, 'value': '75.9'}, {'type': {'value': 212, 'displayName': 'Length'}, 'value': '47.1'}, {'type': {'value': 1, 'displayName': 'Longball'}}, {'type': {'value': 213, 'displayName': 'Angle'}, 'value': '0.2'}, {'type': {'value': 178, 'displayName': 'StandingSave'}}, {'type': {'value': 56, 'displayName': 'Zone'}, 'value': 'Center'}, {'type': {'value': 155, 'displayName': 'Chipped'}}]","[91, 119, 117, 124, 127, 205, 36, 37, 217, 218]",True,73063.0,75.9,26.6,,,,,,,,,
2404732775.0,399,43,8.0,29,74.7,24.3,43,"{'value': 1, 'displayName': 'FirstHalf'}","{'value': 44, 'displayName': 'Aerial'}","{'value': 1, 'displayName': 'Successful'}","[{'type': {'value': 286, 'displayName': 'Offensive'}}, {'type': {'value': 56, 'displayName': 'Zone'}, 'value': 'Center'}, {'type': {'value': 233, 'displayName': 'OppositeRelatedEvent'}, 'value': '329'}]","[197, 199]",False,69517.0,,,,,,,,,,,
2404732781.0,329,43,8.0,189,25.3,75.7,43,"{'value': 1, 'displayName': 'FirstHalf'}","{'value': 44, 'displayName': 'Aerial'}","{'value': 0, 'displayName': 'Unsuccessful'}","[{'type': {'value': 285, 'displayName': 'Defensive'}}, {'type': {'value': 56, 'displayName': 'Zone'}, 'value': 'Back'}, {'type': {'value': 233, 'displayName': 'OppositeRelatedEvent'}, 'value': '399'}]","[198, 200]",False,342499.0,,,,,,,,,,,
2404737905.0,433,43,8.0,29,77.3,24.3,43,"{'value': 1, 'displayName': 'FirstHalf'}","{'value': 1, 'displayName': 'Pass'}","{'value': 0, 'displayName': 'Unsuccessful'}","[{'type': {'value': 141, 'displayName': 'PassEndY'}, 'value': '28.6'}, {'type': {'value': 212, 'displayName': 'Length'}, 'value': '7.9'}, {'type': {'value': 140, 'displayName': 'PassEndX'}, 'value': '70.3'}, {'type': {'value': 156, 'displayName': 'LayOff'}}, {'type': {'value': 213, 'displayName': 'Angle'}, 'value': '2.8'}, {'type': {'value': 56, 'displayName': 'Zone'}, 'value': 'Center'}, {'type': {'value': 3, 'displayName': 'HeadPass'}}]","[91, 120, 29, 139, 35, 37, 217, 218]",True,69517.0,70.3,28.6,,,,,,,,,
2404732813.0,331,43,8.0,189,32.2,74.0,43,"{'value': 1, 'displayName': 'FirstHalf'}","{'value': 49, 'displayName': 'BallRecovery'}","{'value': 1, 'displayName': 'Successful'}",[],[93],False,101856.0,,,,,,,,,,,
2404732851.0,332,43,9.0,189,32.2,74.0,43,"{'value': 1, 'displayName': 'FirstHalf'}","{'value': 1, 'displayName': 'Pass'}","{'value': 1, 'displayName': 'Successful'}","[{'type': {'value': 155, 'displayName': 'Chipped'}}, {'type': {'value': 141, 'displayName': 'PassEndY'}, 'value': '53.4'}, {'type': {'value': 140, 'displayName': 'PassEndX'}, 'value': '7.9'}, {'type': {'value': 178, 'displayName': 'StandingSave'}}, {'type': {'value': 56, 'displayName': 'Zone'}, 'value': 'Back'}, {'type': {'value': 212, 'displayName': 'Length'}, 'value': '29.1'}, {'type': {'value': 213, 'displayName': 'Angle'}, 'value': '3.6'}]","[91, 117, 30, 124, 35, 38, 215, 218]",True,101856.0,7.9,53.4,,,,,,,,,
2404733063.0,333,43,14.0,189,7.3,51.9,43,"{'value': 1, 'displayName': 'FirstHalf'}","{'value': 1, 'displayName': 'Pass'}","{'value': 1, 'displayName': 'Successful'}","[{'type': {'value': 1, 'displayName': 'Longball'}}, {'type': {'value': 140, 'displayName': 'PassEndX'}, 'value': '37.0'}, {'type': {'value': 178, 'displayName': 'StandingSave'}}, {'type': {'value': 212, 'displayName': 'Length'}, 'value': '39.6'}, {'type': {'value': 155, 'displayName': 'Chipped'}}, {'type': {'value': 213, 'displayName': 'Angle'}, 'value': '5.6'}, {'type': {'value': 141, 'displayName': 'PassEndY'}, 'value': '16.1'}, {'type': {'value': 56, 'displayName': 'Zone'}, 'value': 'Back'}]","[91, 117, 124, 127, 36, 38, 216, 218]",True,276366.0,37.0,16.1,,,,,,,,,
2404733097.0,334,43,22.0,189,32.9,5.9,43,"{'value': 1, 'displayName': 'FirstHalf'}","{'value': 1, 'displayName': 'Pass'}","{'value': 1, 'displayName': 'Successful'}","[{'type': {'value': 212, 'displayName': 'Length'}, 'value': '17.6'}, {'type': {'value': 141, 'displayName': 'PassEndY'}, 'value': '31.7'}, {'type': {'value': 213, 'displayName': 'Angle'}, 'value': '1.7'}, {'type': {'value': 140, 'displayName': 'PassEndX'}, 'value': '31.2'}, {'type': {'value': 178, 'displayName': 'StandingSave'}}, {'type': {'value': 56, 'displayName': 'Zone'}, 'value': 'Back'}]","[91, 117, 30, 35, 37, 215, 218]",True,298689.0,31.2,31.7,,,,,,,,,
2404733147.0,335,43,23.0,189,31.3,31.7,43,"{'value': 1, 'displayName': 'FirstHalf'}","{'value': 1, 'displayName': 'Pass'}","{'value': 1, 'displayName': 'Successful'}","[{'type': {'value': 56, 'displayName': 'Zone'}, 'value': 'Center'}, {'type': {'value': 178, 'displayName': 'StandingSave'}}, {'type': {'value': 141, 'displayName': 'PassEndY'}, 'value': '32.0'}, {'type': {'value': 1, 'displayName': 'Longball'}}, {'type': {'value': 140, 'displayName': 'PassEndX'}, 'value': '65.8'}, {'type': {'value': 212, 'displayName': 'Length'}, 'value': '36.2'}, {'type': {'value': 213, 'displayName': 'Angle'}, 'value': '0.0'}]","[91, 119, 117, 127, 36, 37, 216, 218]",True,69344.0,65.8,32.0,,,,,,,,,
2404733157.0,336,43,24.0,189,65.8,32.3,43,"{'value': 1, 'displayName': 'FirstHalf'}","{'value': 1, 'displayName': 'Pass'}","{'value': 0, 'displayName': 'Unsuccessful'}","[{'type': {'value': 178, 'displayName': 'StandingSave'}}, {'type': {'value': 212, 'displayName': 'Length'}, 'value': '11.1'}, {'type': {'value': 141, 'displayName': 'PassEndY'}, 'value': '44.6'}, {'type': {'value': 140, 'displayName': 'PassEndX'}, 'value': '72.7'}, {'type': {'value': 213, 'displayName': 'Angle'}, 'value': '0.9'}, {'type': {'value': 56, 'displayName': 'Zone'}, 'value': 'Center'}]","[91, 120, 29, 36, 37, 217, 218]",True,353377.0,72.7,44.6,,,,,,,,,
2404733169.0,401,43,27.0,29,27.3,57.6,43,"{'value': 1, 'displayName': 'FirstHalf'}","{'value': 49, 'displayName': 'BallRecovery'}","{'value': 1, 'displayName': 'Successful'}",[],[93],False,300359.0,,,,,,,,,,,
2404733229.0,402,43,27.0,29,27.3,57.6,43,"{'value': 1, 'displayName': 'FirstHalf'}","{'value': 1, 'displayName': 'Pass'}","{'value': 1, 'displayName': 'Successful'}","[{'type': {'value': 212, 'displayName': 'Length'}, 'value': '10.0'}, {'type': {'value': 56, 'displayName': 'Zone'}, 'value': 'Back'}, {'type': {'value': 141, 'displayName': 'PassEndY'}, 'value': '43.2'}, {'type': {'value': 213, 'displayName': 'Angle'}, 'value': '4.9'}, {'type': {'value': 178, 'displayName': 'StandingSave'}}, {'type': {'value': 140, 'displayName': 'PassEndX'}, 'value': '29.0'}]","[91, 117, 30, 36, 38, 215, 218]",True,300359.0,29.0,43.2,,,,,,,,,
2404733307.0,403,43,30.0,29,32.1,40.6,43,"{'value': 1, 'displayName': 'FirstHalf'}","{'value': 1, 'displayName': 'Pass'}","{'value': 1, 'displayName': 'Successful'}","[{'type': {'value': 56, 'displayName': 'Zone'}, 'value': 'Back'}, {'type': {'value': 140, 'displayName': 'PassEndX'}, 'value': '47.1'}, {'type': {'value': 212, 'displayName': 'Length'}, 'value': '16.9'}, {'type': {'value': 141, 'displayName': 'PassEndY'}, 'value': '31.6'}, {'type': {'value': 178, 'displayName': 'StandingSave'}}, {'type': {'value': 213, 'displayName': 'Angle'}, 'value': '5.9'}]","[91, 117, 30, 36, 38, 216, 218]",True,73063.0,47.1,31.6,,,,,,,,,
2404733385.0,404,43,33.0,29,46.6,31.9,43,"{'value': 1, 'displayName': 'FirstHalf'}","{'value': 1, 'displayName': 'Pass'}","{'value': 1, 'displayName': 'Successful'}","[{'type': {'value': 212, 'displayName': 'Length'}, 'value': '10.3'}, {'type': {'value': 213, 'displayName': 'Angle'}, 'value': '3.7'}, {'type': {'value': 178, 'displayName': 'StandingSave'}}, {'type': {'value': 140, 'displayName': 'PassEndX'}, 'value': '38.2'}, {'type': {'value': 56, 'displayName': 'Zone'}, 'value': 'Back'}, {'type': {'value': 141, 'displayName': 'PassEndY'}, 'value': '24.2'}]","[91, 117, 30, 35, 38, 216, 218]",True,69517.0,38.2,24.2,,,,,,,,,
2404733433.0,405,43,37.0,29,40.3,30.1,43,"{'value': 1, 'displayName': 'FirstHalf'}","{'value': 1, 'displayName': 'Pass'}","{'value': 1, 'displayName': 'Successful'}","[{'type': {'value': 140, 'displayName': 'PassEndX'}, 'value': '44.3'}, {'type': {'value': 212, 'displayName': 'Length'}, 'value': '15.1'}, {'type': {'value': 56, 'displayName': 'Zone'}, 'value': 'Back'}, {'type': {'value': 213, 'displayName': 'Angle'}, 'value': '1.3'}, {'type': {'value': 178, 'displayName': 'StandingSave'}}, {'type': {'value': 141, 'displayName': 'PassEndY'}, 'value': '51.4'}]","[91, 117, 30, 36, 37, 216, 218]",True,143595.0,44.3,51.4,,,,,,,,,
2404733493.0,406,43,40.0,29,45.3,55.6,43,"{'value': 1, 'displayName': 'FirstHalf'}","{'value': 1, 'displayName': 'Pass'}","{'value': 1, 'displayName': 'Successful'}","[{'type': {'value': 213, 'displayName': 'Angle'}, 'value': '6.2'}, {'type': {'value': 141, 'displayName': 'PassEndY'}, 'value': '55.2'}, {'type': {'value': 212, 'displayName': 'Length'}, 'value': '6.9'}, {'type': {'value': 178, 'displayName': 'StandingSave'}}, {'type': {'value': 140, 'displayName': 'PassEndX'}, 'value': '51.9'}, {'type': {'value': 56, 'displayName': 'Zone'}, 'value': 'Center'}]","[91, 119, 117, 30, 36, 38, 216, 218]",True,332325.0,51.9,55.2,,,,,,,,,
2404733537.0,407,43,43.0,29,53.3,65.4,43,"{'value': 1, 'displayName': 'FirstHalf'}","{'value': 1, 'displayName': 'Pass'}","{'value': 1, 'displayName': 'Successful'}","[{'type': {'value': 56, 'displayName': 'Zone'}, 'value': 'Back'}, {'type': {'value': 178, 'displayName': 'StandingSave'}}, {'type': {'value': 140, 'displayName': 'PassEndX'}, 'value': '44.1'}, {'type': {'value': 141, 'displayName': 'PassEndY'}, 'value': '74.3'}, {'type': {'value': 213, 'displayName': 'Angle'}, 'value': '2.6'}, {'type': {'value': 212, 'displayName': 'Length'}, 'value': '11.4'}]","[91, 117, 30, 35, 37, 216, 218]",True,89998.0,44.1,74.3,,,,,,,,,
2404733597.0,408,43,44.0,29,43.5,74.3,43,"{'value': 1, 'displayName': 'FirstHalf'}","{'value': 1, 'displayName': 'Pass'}","{'value': 1, 'displayName': 'Successful'}","[{'type': {'value': 56, 'displayName': 'Zone'}, 'value': 'Back'}, {'type': {'value': 140, 'displayName': 'PassEndX'}, 'value': '27.1'}, {'type': {'value': 178, 'displayName': 'StandingSave'}}, {'type': {'value': 212, 'displayName': 'Length'}, 'value': '18.4'}, {'type': {'value': 141, 'displayName': 'PassEndY'}, 'value': '64.9'}, {'type': {'value': 213, 'displayName': 'Angle'}, 'value': '3.5'}]","[91, 117, 30, 35, 38, 215, 218]",True,332325.0,27.1,64.9,,,,,,,,,
2404733673.0,409,43,47.0,29,26.9,63.4,43,"{'value': 1, 'displayName': 'FirstHalf'}","{'value': 1, 'displayName': 'Pass'}","{'value': 1, 'displayName': 'Successful'}","[{'type': {'value': 178, 'displayName': 'StandingSave'}}, {'type': {'value': 141, 'displayName': 'PassEndY'}, 'value': '27.5'}, {'type': {'value': 213, 'displayName': 'Angle'}, 'value': '4.7'}, {'type': {'value': 212, 'displayName': 'Length'}, 'value': '24.4'}, {'type': {'value': 140, 'displayName': 'PassEndX'}, 'value': '25.7'}, {'type': {'value': 56, 'displayName': 'Zone'}, 'value': 'Back'}]","[91, 117, 30, 35, 38, 215, 218]",True,300359.0,25.7,27.5,,,,,,,,,
2404733703.0,410,43,52.0,29,25.7,27.5,43,"{'value': 1, 'displayName': 'FirstHalf'}","{'value': 1, 'displayName': 'Pass'}","{'value': 1, 'displayName': 'Successful'}","[{'type': {'value': 212, 'displayName': 'Length'}, 'value': '3.6'}, {'type': {'value': 140, 'displayName': 'PassEndX'}, 'value': '28.6'}, {'type': {'value': 213, 'displayName': 'Angle'}, 'value': '0.5'}, {'type': {'value': 56, 'displayName': 'Zone'}, 'value': 'Back'}, {'type': {'value': 141, 'displayName': 'PassEndY'}, 'value': '30.2'}, {'type': {'value': 178, 'displayName': 'StandingSave'}}]","[91, 117, 30, 36, 37, 215, 218]",True,73063.0,28.6,30.2,,,,,,,,,
2404733767.0,411,43,52.0,29,28.6,30.2,43,"{'value': 1, 'displayName': 'FirstHalf'}","{'value': 1, 'displayName': 'Pass'}","{'value': 1, 'displayName': 'Successful'}","[{'type': {'value': 213, 'displayName': 'Angle'}, 'value': '4.7'}, {'type': {'value': 212, 'displayName': 'Length'}, 'value': '13.9'}, {'type': {'value': 178, 'displayName': 'StandingSave'}}, {'type': {'value': 140, 'displayName': 'PassEndX'}, 'value': '28.1'}, {'type': {'value': 56, 'displayName': 'Zone'}, 'value': 'Back'}, {'type': {'value': 141, 'displayName': 'PassEndY'}, 'value': '9.7'}]","[91, 117, 30, 35, 38, 215, 218]",True,143595.0,28.1,9.7,,,,,,,,,
2404733811.0,412,43,55.0,29,27.1,8.0,43,"{'value': 1, 'displayName': 'FirstHalf'}","{'value': 1, 'displayName': 'Pass'}","{'value': 1, 'displayName': 'Successful'}","[{'type': {'value': 213, 'displayName': 'Angle'}, 'value': '2.5'}, {'type': {'value': 178, 'displayName': 'StandingSave'}}, {'type': {'value': 140, 'displayName': 'PassEndX'}, 'value': '22.3'}, {'type': {'value': 212, 'displayName': 'Length'}, 'value': '6.5'}, {'type': {'value': 56, 'displayName': 'Zone'}, 'value': 'Back'}, {'type': {'value': 141, 'displayName': 'PassEndY'}, 'value': '14.0'}]","[91, 117, 30, 35, 37, 215, 218]",True,111372.0,22.3,14.0,,,,,,,,,
2404733847.0,413,43,56.0,29,22.3,14.0,43,"{'value': 1, 'displayName': 'FirstHalf'}","{'value': 1, 'displayName': 'Pass'}","{'value': 0, 'displayName': 'Unsuccessful'}","[{'type': {'value': 56, 'displayName': 'Zone'}, 'value': 'Center'}, {'type': {'value': 178, 'displayName': 'StandingSave'}}, {'type': {'value': 140, 'displayName': 'PassEndX'}, 'value': '51.2'}, {'type': {'value': 212, 'displayName': 'Length'}, 'value': '31.4'}, {'type': {'value': 141, 'displayName': 'PassEndY'}, 'value': '26.0'}, {'type': {'value': 155, 'displayName': 'Chipped'}}, {'type': {'value': 213, 'displayName': 'Angle'}, 'value': '0.3'}]","[91, 120, 29, 124, 36, 37, 216, 218]",True,73063.0,51.2,26.0,,,,,,,,,
2404733909.0,338,43,58.0,189,49.0,72.8,43,"{'value': 1, 'displayName': 'FirstHalf'}","{'value': 1, 'displayName': 'Pass'}","{'value': 1, 'displayName': 'Successful'}","[{'type': {'value': 3, 'displayName': 'HeadPass'}}, {'type': {'value': 212, 'displayName': 'Length'}, 'value': '16.3'}, {'type': {'value': 56, 'displayName': 'Zone'}, 'value': 'Back'}, {'type': {'value': 213, 'displayName': 'Angle'}, 'value': '4.2'}, {'type': {'value': 140, 'displayName': 'PassEndX'}, 'value': '41.9'}, {'type': {'value': 141, 'displayName': 'PassEndY'}, 'value': '51.5'}]","[91, 117, 30, 139, 35, 38, 216, 218]",True,101856.0,41.9,51.5,,,,,,,,,
2404733981.0,339,44,0.0,189,41.9,51.5,44,"{'value': 1, 'displayName': 'FirstHalf'}","{'value': 1, 'displayName': 'Pass'}","{'value': 1, 'displayName': 'Successful'}","[{'type': {'value': 212, 'displayName': 'Length'}, 'value': '28.4'}, {'type': {'value': 140, 'displayName': 'PassEndX'}, 'value': '40.4'}, {'type': {'value': 213, 'displayName': 'Angle'}, 'value': '1.6'}, {'type': {'value': 141, 'displayName': 'PassEndY'}, 'value': '93.2'}, {'type': {'value': 56, 'displayName': 'Zone'}, 'value': 'Back'}, {'type': {'value': 3, 'displayName': 'HeadPass'}}]","[91, 117, 30, 139, 35, 37, 216, 218]",True,321085.0,40.4,93.2,,,,,,,,,
2404733987.0,340,44,4.0,189,40.1,94.5,44,"{'value': 1, 'displayName': 'FirstHalf'}","{'value': 49, 'displayName': 'BallRecovery'}","{'value': 1, 'displayName': 'Successful'}",[],[93],False,342499.0,,,,,,,,,,,
2404734045.0,341,44,4.0,189,40.1,94.5,44,"{'value': 1, 'displayName': 'FirstHalf'}","{'value': 1, 'displayName': 'Pass'}","{'value': 1, 'displayName': 'Successful'}","[{'type': {'value': 141, 'displayName': 'PassEndY'}, 'value': '85.4'}, {'type': {'value': 56, 'displayName': 'Zone'}, 'value': 'Left'}, {'type': {'value': 212, 'displayName': 'Length'}, 'value': '27.5'}, {'type': {'value': 155, 'displayName': 'Chipped'}}, {'type': {'value': 178, 'displayName': 'StandingSave'}}, {'type': {'value': 213, 'displayName': 'Angle'}, 'value': '6.1'}, {'type': {'value': 140, 'displayName': 'PassEndX'}, 'value': '65.6'}]","[91, 119, 117, 30, 124, 36, 38, 216, 218]",True,342499.0,65.6,85.4,,,,,,,,,
2404734183.0,342,44,6.0,189,64.2,81.4,44,"{'value': 1, 'displayName': 'FirstHalf'}","{'value': 4, 'displayName': 'Foul'}","{'value': 1, 'displayName': 'Successful'}","[{'type': {'value': 13, 'displayName': 'Foul'}}, {'type': {'value': 286, 'displayName': 'Offensive'}}, {'type': {'value': 56, 'displayName': 'Zone'}, 'value': 'Left'}, {'type': {'value': 233, 'displayName': 'OppositeRelatedEvent'}, 'value': '414'}]","[91, 63]",True,296240.0,,,,,,,,,,,
2404734173.0,414,44,6.0,29,35.8,18.6,44,"{'value': 1, 'displayName': 'FirstHalf'}","{'value': 4, 'displayName': 'Foul'}","{'value': 0, 'displayName': 'Unsuccessful'}","[{'type': {'value': 285, 'displayName': 'Defensive'}}, {'type': {'value': 13, 'displayName': 'Foul'}}, {'type': {'value': 56, 'displayName': 'Zone'}, 'value': 'Back'}, {'type': {'value': 233, 'displayName': 'OppositeRelatedEvent'}, 'value': '342'}]",[64],False,73063.0,,,,,,,,,,,
2404735355.0,344,45,10.0,189,61.1,77.7,45,"{'value': 1, 'displayName': 'FirstHalf'}","{'value': 1, 'displayName': 'Pass'}","{'value': 0, 'displayName': 'Unsuccessful'}","[{'type': {'value': 1, 'displayName': 'Longball'}}, {'type': {'value': 20, 'displayName': 'RightFoot'}}, {'type': {'value': 141, 'displayName': 'PassEndY'}, 'value': '56.6'}, {'type': {'value': 56, 'displayName': 'Zone'}, 'value': 'Center'}, {'type': {'value': 5, 'displayName': 'FreekickTaken'}}, {'type': {'value': 140, 'displayName': 'PassEndX'}, 'value': '89.8'}, {'type': {'value': 213, 'displayName': 'Angle'}, 'value': '5.8'}, {'type': {'value': 155, 'displayName': 'Chipped'}}, {'type': {'value': 178, 'displayName': 'StandingSave'}}, {'type': {'value': 212, 'displayName': 'Length'}, 'value': '33.4'}, {'type': {'value': 2, 'displayName': 'Cross'}}]","[91, 137, 124, 126, 36, 38, 217, 218]",True,69344.0,89.8,56.6,,,,,,,,,
2404735381.0,415,45,12.0,29,11.7,42.4,45,"{'value': 1, 'displayName': 'FirstHalf'}","{'value': 12, 'displayName': 'Clearance'}","{'value': 1, 'displayName': 'Successful'}","[{'type': {'value': 56, 'displayName': 'Zone'}, 'value': 'Back'}, {'type': {'value': 140, 'displayName': 'PassEndX'}, 'value': '0.0'}, {'type': {'value': 141, 'displayName': 'PassEndY'}, 'value': '50.3'}, {'type': {'value': 212, 'displayName': 'Length'}, 'value': '14.4'}, {'type': {'value': 213, 'displayName': 'Angle'}, 'value': '2.8'}, {'type': {'value': 15, 'displayName': 'Head'}}]","[91, 94, 95, 57, 215]",True,111372.0,0.0,50.3,,,,,,,,,
2404735409.0,345,45,13.0,189,95.4,53.2,45,"{'value': 1, 'displayName': 'FirstHalf'}","{'value': 6, 'displayName': 'CornerAwarded'}","{'value': 1, 'displayName': 'Successful'}","[{'type': {'value': 233, 'displayName': 'OppositeRelatedEvent'}, 'value': '416'}, {'type': {'value': 56, 'displayName': 'Zone'}, 'value': 'Center'}, {'type': {'value': 75, 'displayName': 'MissRight'}}]",[122],False,69344.0,,,,,,,,,,,
2404735391.0,416,45,13.0,29,4.6,46.8,45,"{'value': 1, 'displayName': 'FirstHalf'}","{'value': 6, 'displayName': 'CornerAwarded'}","{'value': 0, 'displayName': 'Unsuccessful'}","[{'type': {'value': 56, 'displayName': 'Zone'}, 'value': 'Back'}, {'type': {'value': 233, 'displayName': 'OppositeRelatedEvent'}, 'value': '345'}, {'type': {'value': 73, 'displayName': 'MissLeft'}}]",[122],False,111372.0,,,,,,,,,,,
2404735921.0,346,45,41.0,189,99.6,0.7,45,"{'value': 1, 'displayName': 'FirstHalf'}","{'value': 1, 'displayName': 'Pass'}","{'value': 0, 'displayName': 'Unsuccessful'}","[{'type': {'value': 6, 'displayName': 'CornerTaken'}}, {'type': {'value': 2, 'displayName': 'Cross'}}, {'type': {'value': 178, 'displayName': 'StandingSave'}}, {'type': {'value': 141, 'displayName': 'PassEndY'}, 'value': '46.9'}, {'type': {'value': 140, 'displayName': 'PassEndX'}, 'value': '87.2'}, {'type': {'value': 1, 'displayName': 'Longball'}}, {'type': {'value': 155, 'displayName': 'Chipped'}}, {'type': {'value': 213, 'displayName': 'Angle'}, 'value': '2.0'}, {'type': {'value': 212, 'displayName': 'Length'}, 'value': '34.0'}, {'type': {'value': 20, 'displayName': 'RightFoot'}}, {'type': {'value': 56, 'displayName': 'Zone'}, 'value': 'Center'}]","[91, 137, 124, 126, 31, 33, 34, 35, 37, 217, 218]",True,69344.0,87.2,46.9,,,,,,,,,
2404735953.0,417,45,42.0,29,8.6,55.2,45,"{'value': 1, 'displayName': 'FirstHalf'}","{'value': 12, 'displayName': 'Clearance'}","{'value': 1, 'displayName': 'Successful'}","[{'type': {'value': 56, 'displayName': 'Zone'}, 'value': 'Back'}, {'type': {'value': 213, 'displayName': 'Angle'}, 'value': '5.6'}, {'type': {'value': 212, 'displayName': 'Length'}, 'value': '20.7'}, {'type': {'value': 140, 'displayName': 'PassEndX'}, 'value': '23.5'}, {'type': {'value': 15, 'displayName': 'Head'}}, {'type': {'value': 141, 'displayName': 'PassEndY'}, 'value': '35.3'}]","[91, 94, 95, 57, 215]",True,332325.0,23.5,35.3,,,,,,,,,
2404735959.0,347,45,44.0,189,76.9,65.6,45,"{'value': 1, 'displayName': 'FirstHalf'}","{'value': 1, 'displayName': 'Pass'}","{'value': 1, 'displayName': 'Successful'}","[{'type': {'value': 178, 'displayName': 'StandingSave'}}, {'type': {'value': 141, 'displayName': 'PassEndY'}, 'value': '72.2'}, {'type': {'value': 56, 'displayName': 'Zone'}, 'value': 'Center'}, {'type': {'value': 140, 'displayName': 'PassEndX'}, 'value': '86.2'}, {'type': {'value': 3, 'displayName': 'HeadPass'}}, {'type': {'value': 212, 'displayName': 'Length'}, 'value': '10.7'}, {'type': {'value': 213, 'displayName': 'Angle'}, 'value': '0.4'}]","[91, 119, 117, 30, 139, 205, 36, 37, 217, 218]",True,298689.0,86.2,72.2,,,,,,,,,
2404735977.0,348,45,45.0,189,85.3,72.3,45,"{'value': 1, 'displayName': 'FirstHalf'}","{'value': 1, 'displayName': 'Pass'}","{'value': 0, 'displayName': 'Unsuccessful'}","[{'type': {'value': 178, 'displayName': 'StandingSave'}}, {'type': {'value': 212, 'displayName': 'Length'}, 'value': '13.4'}, {'type': {'value': 141, 'displayName': 'PassEndY'}, 'value': '55.4'}, {'type': {'value': 56, 'displayName': 'Zone'}, 'value': 'Center'}, {'type': {'value': 213, 'displayName': 'Angle'}, 'value': '5.3'}, {'type': {'value': 140, 'displayName': 'PassEndX'}, 'value': '91.9'}, {'type': {'value': 155, 'displayName': 'Chipped'}}]","[91, 120, 29, 124, 36, 38, 217, 218]",True,134240.0,91.9,55.4,,,,,,,,,
2404736009.0,418,45,47.0,29,9.4,42.4,45,"{'value': 1, 'displayName': 'FirstHalf'}","{'value': 12, 'displayName': 'Clearance'}","{'value': 1, 'displayName': 'Successful'}","[{'type': {'value': 15, 'displayName': 'Head'}}, {'type': {'value': 213, 'displayName': 'Angle'}, 'value': '5.1'}, {'type': {'value': 56, 'displayName': 'Zone'}, 'value': 'Back'}, {'type': {'value': 141, 'displayName': 'PassEndY'}, 'value': '27.2'}, {'type': {'value': 212, 'displayName': 'Length'}, 'value': '11.3'}, {'type': {'value': 140, 'displayName': 'PassEndX'}, 'value': '13.8'}]","[91, 94, 95, 57, 215]",True,73063.0,13.8,27.2,,,,,,,,,
2404736039.0,349,45,50.0,189,85.6,72.8,45,"{'value': 1, 'displayName': 'FirstHalf'}","{'value': 1, 'displayName': 'Pass'}","{'value': 0, 'displayName': 'Unsuccessful'}","[{'type': {'value': 140, 'displayName': 'PassEndX'}, 'value': '91.9'}, {'type': {'value': 141, 'displayName': 'PassEndY'}, 'value': '51.3'}, {'type': {'value': 212, 'displayName': 'Length'}, 'value': '16.0'}, {'type': {'value': 56, 'displayName': 'Zone'}, 'value': 'Center'}, {'type': {'value': 155, 'displayName': 'Chipped'}}, {'type': {'value': 213, 'displayName': 'Angle'}, 'value': '5.1'}, {'type': {'value': 178, 'displayName': 'StandingSave'}}]","[91, 120, 29, 124, 36, 38, 217, 218]",True,134240.0,91.9,51.3,,,,,,,,,
2404736069.0,419,45,50.0,29,8.3,45.7,45,"{'value': 1, 'displayName': 'FirstHalf'}","{'value': 12, 'displayName': 'Clearance'}","{'value': 1, 'displayName': 'Successful'}","[{'type': {'value': 56, 'displayName': 'Zone'}, 'value': 'Back'}, {'type': {'value': 141, 'displayName': 'PassEndY'}, 'value': '68.5'}, {'type': {'value': 212, 'displayName': 'Length'}, 'value': '18.9'}, {'type': {'value': 213, 'displayName': 'Angle'}, 'value': '1.0'}, {'type': {'value': 15, 'displayName': 'Head'}}, {'type': {'value': 140, 'displayName': 'PassEndX'}, 'value': '18.6'}]","[91, 94, 95, 57, 215]",True,300359.0,18.6,68.5,,,,,,,,,
2404736119.0,350,45,53.0,189,83.9,32.4,45,"{'value': 1, 'displayName': 'FirstHalf'}","{'value': 15, 'displayName': 'SavedShot'}","{'value': 1, 'displayName': 'Successful'}","[{'type': {'value': 147, 'displayName': 'BlockedY'}, 'value': '46.8'}, {'type': {'value': 103, 'displayName': 'GoalMouthZ'}, 'value': '3.2'}, {'type': {'value': 178, 'displayName': 'StandingSave'}}, {'type': {'value': 76, 'displayName': 'LowLeft'}}, {'type': {'value': 25, 'displayName': 'FromCorner'}}, {'type': {'value': 146, 'displayName': 'BlockedX'}, 'value': '98.5'}, {'type': {'value': 20, 'displayName': 'RightFoot'}}, {'type': {'value': 63, 'displayName': 'BoxRight'}}, {'type': {'value': 102, 'displayName': 'GoalMouthY'}, 'value': '53.2'}, {'type': {'value': 233, 'displayName': 'OppositeRelatedEvent'}, 'value': '420'}, {'type': {'value': 56, 'displayName': 'Zone'}, 'value': 'Center'}]","[91, 9, 10, 1, 5, 12]",True,69344.0,,,,,98.5,46.8,3.2,53.2,True,,
2404736129.0,420,45,54.0,29,2.0,50.6,45,"{'value': 1, 'displayName': 'FirstHalf'}","{'value': 10, 'displayName': 'Save'}","{'value': 1, 'displayName': 'Successful'}","[{'type': {'value': 177, 'displayName': 'Collected'}}, {'type': {'value': 56, 'displayName': 'Zone'}, 'value': 'Back'}, {'type': {'value': 182, 'displayName': 'Hands'}}, {'type': {'value': 179, 'displayName': 'DivingSave'}}, {'type': {'value': 233, 'displayName': 'OppositeRelatedEvent'}, 'value': '350'}, {'type': {'value': 11115, 'displayName': 'KeeperSaveInTheBox'}}]","[91, 110, 113, 112, 83, 77, 79, 81]",True,20973.0,,,,,,,,,,,
2404736137.0,421,45,55.0,29,2.0,50.6,45,"{'value': 1, 'displayName': 'FirstHalf'}","{'value': 52, 'displayName': 'KeeperPickup'}","{'value': 1, 'displayName': 'Successful'}","[{'type': {'value': 178, 'displayName': 'StandingSave'}}]",[93],False,20973.0,,,,,,,,,,,
2404736395.0,422,46,10.0,29,8.8,47.1,46,"{'value': 1, 'displayName': 'FirstHalf'}","{'value': 1, 'displayName': 'Pass'}","{'value': 1, 'displayName': 'Successful'}","[{'type': {'value': 213, 'displayName': 'Angle'}, 'value': '1.1'}, {'type': {'value': 178, 'displayName': 'StandingSave'}}, {'type': {'value': 140, 'displayName': 'PassEndX'}, 'value': '14.6'}, {'type': {'value': 141, 'displayName': 'PassEndY'}, 'value': '64.1'}, {'type': {'value': 212, 'displayName': 'Length'}, 'value': '13.1'}, {'type': {'value': 56, 'displayName': 'Zone'}, 'value': 'Back'}, {'type': {'value': 123, 'displayName': 'KeeperThrow'}}]","[91, 36, 37, 215, 218]",True,20973.0,14.6,64.1,,,,,,,,,
2404736419.0,423,46,11.0,29,14.7,64.1,46,"{'value': 1, 'displayName': 'FirstHalf'}","{'value': 1, 'displayName': 'Pass'}","{'value': 1, 'displayName': 'Successful'}","[{'type': {'value': 212, 'displayName': 'Length'}, 'value': '10.4'}, {'type': {'value': 178, 'displayName': 'StandingSave'}}, {'type': {'value': 141, 'displayName': 'PassEndY'}, 'value': '58.4'}, {'type': {'value': 56, 'displayName': 'Zone'}, 'value': 'Back'}, {'type': {'value': 140, 'displayName': 'PassEndX'}, 'value': '23.9'}, {'type': {'value': 213, 'displayName': 'Angle'}, 'value': '5.9'}]","[91, 117, 30, 36, 38, 215, 218]",True,300359.0,23.9,58.4,,,,,,,,,
2404736449.0,424,46,12.0,29,25.0,56.8,46,"{'value': 1, 'displayName': 'FirstHalf'}","{'value': 1, 'displayName': 'Pass'}","{'value': 1, 'displayName': 'Successful'}","[{'type': {'value': 212, 'displayName': 'Length'}, 'value': '23.8'}, {'type': {'value': 140, 'displayName': 'PassEndX'}, 'value': '22.2'}, {'type': {'value': 178, 'displayName': 'StandingSave'}}, {'type': {'value': 213, 'displayName': 'Angle'}, 'value': '4.6'}, {'type': {'value': 56, 'displayName': 'Zone'}, 'value': 'Back'}, {'type': {'value': 141, 'displayName': 'PassEndY'}, 'value': '22.0'}]","[91, 117, 30, 35, 38, 215, 218]",True,332325.0,22.2,22.0,,,,,,,,,
2404736471.0,425,46,16.0,29,22.9,21.6,46,"{'value': 1, 'displayName': 'FirstHalf'}","{'value': 1, 'displayName': 'Pass'}","{'value': 1, 'displayName': 'Successful'}","[{'type': {'value': 212, 'displayName': 'Length'}, 'value': '19.6'}, {'type': {'value': 141, 'displayName': 'PassEndY'}, 'value': '13.7'}, {'type': {'value': 213, 'displayName': 'Angle'}, 'value': '6.0'}, {'type': {'value': 56, 'displayName': 'Zone'}, 'value': 'Back'}, {'type': {'value': 178, 'displayName': 'StandingSave'}}, {'type': {'value': 140, 'displayName': 'PassEndX'}, 'value': '40.9'}]","[91, 117, 30, 36, 38, 216, 218]",True,73063.0,40.9,13.7,,,,,,,,,
2404736501.0,426,46,18.0,29,42.5,13.1,46,"{'value': 1, 'displayName': 'FirstHalf'}","{'value': 1, 'displayName': 'Pass'}","{'value': 1, 'displayName': 'Successful'}","[{'type': {'value': 141, 'displayName': 'PassEndY'}, 'value': '1.5'}, {'type': {'value': 178, 'displayName': 'StandingSave'}}, {'type': {'value': 140, 'displayName': 'PassEndX'}, 'value': '54.5'}, {'type': {'value': 213, 'displayName': 'Angle'}, 'value': '5.7'}, {'type': {'value': 56, 'displayName': 'Zone'}, 'value': 'Right'}, {'type': {'value': 212, 'displayName': 'Length'}, 'value': '14.9'}]","[91, 119, 117, 30, 36, 38, 216, 218]",True,143595.0,54.5,1.5,,,,,,,,,
2404736545.0,427,46,20.0,29,54.5,1.5,46,"{'value': 1, 'displayName': 'FirstHalf'}","{'value': 1, 'displayName': 'Pass'}","{'value': 1, 'displayName': 'Successful'}","[{'type': {'value': 140, 'displayName': 'PassEndX'}, 'value': '82.7'}, {'type': {'value': 56, 'displayName': 'Zone'}, 'value': 'Right'}, {'type': {'value': 178, 'displayName': 'StandingSave'}}, {'type': {'value': 141, 'displayName': 'PassEndY'}, 'value': '19.9'}, {'type': {'value': 212, 'displayName': 'Length'}, 'value': '32.1'}, {'type': {'value': 213, 'displayName': 'Angle'}, 'value': '0.4'}, {'type': {'value': 1, 'displayName': 'Longball'}}]","[91, 119, 117, 127, 205, 36, 37, 217, 218]",True,111372.0,82.7,19.9,,,,,,,,,
2404736549.0,428,46,24.0,29,91.2,29.8,46,"{'value': 1, 'displayName': 'FirstHalf'}","{'value': 3, 'displayName': 'TakeOn'}","{'value': 0, 'displayName': 'Unsuccessful'}","[{'type': {'value': 178, 'displayName': 'StandingSave'}}, {'type': {'value': 286, 'displayName': 'Offensive'}}, {'type': {'value': 233, 'displayName': 'OppositeRelatedEvent'}, 'value': '351'}, {'type': {'value': 56, 'displayName': 'Zone'}, 'value': 'Center'}]","[91, 53]",True,69517.0,,,,,,,,,,,
2404736573.0,351,46,24.0,189,8.8,70.2,46,"{'value': 1, 'displayName': 'FirstHalf'}","{'value': 7, 'displayName': 'Tackle'}","{'value': 1, 'displayName': 'Successful'}","[{'type': {'value': 56, 'displayName': 'Zone'}, 'value': 'Back'}, {'type': {'value': 285, 'displayName': 'Defensive'}}, {'type': {'value': 178, 'displayName': 'StandingSave'}}, {'type': {'value': 233, 'displayName': 'OppositeRelatedEvent'}, 'value': '428'}]","[91, 143]",True,342499.0,,,,,,,,,,,
2404736611.0,352,46,25.0,189,8.8,70.2,46,"{'value': 1, 'displayName': 'FirstHalf'}","{'value': 6, 'displayName': 'CornerAwarded'}","{'value': 0, 'displayName': 'Unsuccessful'}","[{'type': {'value': 73, 'displayName': 'MissLeft'}}, {'type': {'value': 56, 'displayName': 'Zone'}, 'value': 'Back'}, {'type': {'value': 233, 'displayName': 'OppositeRelatedEvent'}, 'value': '429'}]",[122],False,342499.0,,,,,,,,,,,
2404736619.0,429,46,25.0,29,91.2,29.8,46,"{'value': 1, 'displayName': 'FirstHalf'}","{'value': 6, 'displayName': 'CornerAwarded'}","{'value': 1, 'displayName': 'Successful'}","[{'type': {'value': 56, 'displayName': 'Zone'}, 'value': 'Center'}, {'type': {'value': 233, 'displayName': 'OppositeRelatedEvent'}, 'value': '352'}, {'type': {'value': 75, 'displayName': 'MissRight'}}]",[122],False,69517.0,,,,,,,,,,,
2404737299.0,430,46,55.0,29,99.5,0.5,46,"{'value': 1, 'displayName': 'FirstHalf'}","{'value': 1, 'displayName': 'Pass'}","{'value': 1, 'displayName': 'Successful'}","[{'type': {'value': 56, 'displayName': 'Zone'}, 'value': 'Center'}, {'type': {'value': 1, 'displayName': 'Longball'}}, {'type': {'value': 213, 'displayName': 'Angle'}, 'value': '1.7'}, {'type': {'value': 140, 'displayName': 'PassEndX'}, 'value': '94.4'}, {'type': {'value': 210, 'displayName': 'ShotAssist'}, 'value': '13'}, {'type': {'value': 155, 'displayName': 'Chipped'}}, {'type': {'value': 154, 'displayName': 'IntentionalAssist'}}, {'type': {'value': 141, 'displayName': 'PassEndY'}, 'value': '66.0'}, {'type': {'value': 178, 'displayName': 'StandingSave'}}, {'type': {'value': 212, 'displayName': 'Length'}, 'value': '44.9'}, {'type': {'value': 6, 'displayName': 'CornerTaken'}}, {'type': {'value': 11113, 'displayName': 'KeyPass'}}]","[91, 119, 117, 123, 124, 127, 205, 31, 32, 34, 39, 42, 35, 37, 217, 218]",True,322596.0,94.4,66.0,,,,,,,,,
2404737309.0,431,46,58.0,29,93.7,67.5,46,"{'value': 1, 'displayName': 'FirstHalf'}","{'value': 13, 'displayName': 'MissedShots'}","{'value': 1, 'displayName': 'Successful'}","[{'type': {'value': 103, 'displayName': 'GoalMouthZ'}, 'value': '37.5'}, {'type': {'value': 102, 'displayName': 'GoalMouthY'}, 'value': '60.2'}, {'type': {'value': 154, 'displayName': 'IntentionalAssist'}}, {'type': {'value': 73, 'displayName': 'MissLeft'}}, {'type': {'value': 25, 'displayName': 'FromCorner'}}, {'type': {'value': 29, 'displayName': 'Assisted'}}, {'type': {'value': 56, 'displayName': 'Zone'}, 'value': 'Center'}, {'type': {'value': 55, 'displayName': 'RelatedEventId'}, 'value': '430'}, {'type': {'value': 178, 'displayName': 'StandingSave'}}, {'type': {'value': 72, 'displayName': 'LeftFoot'}}, {'type': {'value': 64, 'displayName': 'BoxLeft'}}]","[91, 7, 90, 10, 1, 5, 13]",True,68049.0,,,430.0,322596.0,,,37.5,60.2,True,,
2404737797.0,354,47,23.0,189,4.7,49.5,47,"{'value': 1, 'displayName': 'FirstHalf'}","{'value': 1, 'displayName': 'Pass'}","{'value': 1, 'displayName': 'Successful'}","[{'type': {'value': 213, 'displayName': 'Angle'}, 'value': '5.1'}, {'type': {'value': 212, 'displayName': 'Length'}, 'value': '17.2'}, {'type': {'value': 141, 'displayName': 'PassEndY'}, 'value': '25.8'}, {'type': {'value': 140, 'displayName': 'PassEndX'}, 'value': '10.4'}, {'type': {'value': 56, 'displayName': 'Zone'}, 'value': 'Back'}, {'type': {'value': 124, 'displayName': 'GoalKick'}}]","[91, 117, 30, 36, 38, 215, 218]",True,276366.0,10.4,25.8,,,,,,,,,
2404737861.0,355,47,25.0,189,12.4,26.3,47,"{'value': 1, 'displayName': 'FirstHalf'}","{'value': 1, 'displayName': 'Pass'}","{'value': 1, 'displayName': 'Successful'}","[{'type': {'value': 56, 'displayName': 'Zone'}, 'value': 'Back'}, {'type': {'value': 178, 'displayName': 'StandingSave'}}, {'type': {'value': 140, 'displayName': 'PassEndX'}, 'value': '14.5'}, {'type': {'value': 141, 'displayName': 'PassEndY'}, 'value': '68.0'}, {'type': {'value': 213, 'displayName': 'Angle'}, 'value': '1.5'}, {'type': {'value': 212, 'displayName': 'Length'}, 'value': '28.4'}]","[91, 117, 30, 36, 37, 215, 218]",True,29026.0,14.5,68.0,,,,,,,,,
2404737941.0,356,47,32.0,189,25.1,72.6,47,"{'value': 1, 'displayName': 'FirstHalf'}","{'value': 1, 'displayName': 'Pass'}","{'value': 1, 'displayName': 'Successful'}","[{'type': {'value': 178, 'displayName': 'StandingSave'}}, {'type': {'value': 140, 'displayName': 'PassEndX'}, 'value': '12.0'}, {'type': {'value': 213, 'displayName': 'Angle'}, 'value': '3.9'}, {'type': {'value': 212, 'displayName': 'Length'}, 'value': '19.4'}, {'type': {'value': 56, 'displayName': 'Zone'}, 'value': 'Back'}, {'type': {'value': 141, 'displayName': 'PassEndY'}, 'value': '52.5'}]","[91, 117, 30, 35, 38, 215, 218]",True,342499.0,12.0,52.5,,,,,,,,,
2404737987.0,357,47,35.0,189,12.1,50.6,47,"{'value': 1, 'displayName': 'FirstHalf'}","{'value': 1, 'displayName': 'Pass'}","{'value': 1, 'displayName': 'Successful'}","[{'type': {'value': 56, 'displayName': 'Zone'}, 'value': 'Back'}, {'type': {'value': 140, 'displayName': 'PassEndX'}, 'value': '25.7'}, {'type': {'value': 212, 'displayName': 'Length'}, 'value': '22.1'}, {'type': {'value': 141, 'displayName': 'PassEndY'}, 'value': '25.7'}, {'type': {'value': 213, 'displayName': 'Angle'}, 'value': '5.4'}, {'type': {'value': 178, 'displayName': 'StandingSave'}}]","[91, 117, 30, 36, 38, 215, 218]",True,276366.0,25.7,25.7,,,,,,,,,
2404738081.0,358,47,39.0,189,24.0,26.5,47,"{'value': 1, 'displayName': 'FirstHalf'}","{'value': 1, 'displayName': 'Pass'}","{'value': 1, 'displayName': 'Successful'}","[{'type': {'value': 56, 'displayName': 'Zone'}, 'value': 'Back'}, {'type': {'value': 178, 'displayName': 'StandingSave'}}, {'type': {'value': 140, 'displayName': 'PassEndX'}, 'value': '22.2'}, {'type': {'value': 141, 'displayName': 'PassEndY'}, 'value': '74.6'}, {'type': {'value': 212, 'displayName': 'Length'}, 'value': '32.8'}, {'type': {'value': 1, 'displayName': 'Longball'}}, {'type': {'value': 213, 'displayName': 'Angle'}, 'value': '1.6'}]","[91, 117, 127, 35, 37, 215, 218]",True,29026.0,22.2,74.6,,,,,,,,,
2404738127.0,359,47,45.0,189,27.4,78.5,47,"{'value': 1, 'displayName': 'FirstHalf'}","{'value': 1, 'displayName': 'Pass'}","{'value': 1, 'displayName': 'Successful'}","[{'type': {'value': 213, 'displayName': 'Angle'}, 'value': '1.2'}, {'type': {'value': 140, 'displayName': 'PassEndX'}, 'value': '29.6'}, {'type': {'value': 141, 'displayName': 'PassEndY'}, 'value': '88.4'}, {'type': {'value': 56, 'displayName': 'Zone'}, 'value': 'Back'}, {'type': {'value': 178, 'displayName': 'StandingSave'}}, {'type': {'value': 212, 'displayName': 'Length'}, 'value': '7.1'}]","[91, 117, 30, 36, 37, 215, 218]",True,342499.0,29.6,88.4,,,,,,,,,
2404738235.0,360,47,47.0,189,33.6,85.1,47,"{'value': 1, 'displayName': 'FirstHalf'}","{'value': 1, 'displayName': 'Pass'}","{'value': 1, 'displayName': 'Successful'}","[{'type': {'value': 178, 'displayName': 'StandingSave'}}, {'type': {'value': 155, 'displayName': 'Chipped'}}, {'type': {'value': 140, 'displayName': 'PassEndX'}, 'value': '25.1'}, {'type': {'value': 56, 'displayName': 'Zone'}, 'value': 'Back'}, {'type': {'value': 141, 'displayName': 'PassEndY'}, 'value': '13.2'}, {'type': {'value': 212, 'displayName': 'Length'}, 'value': '49.7'}, {'type': {'value': 1, 'displayName': 'Longball'}}, {'type': {'value': 213, 'displayName': 'Angle'}, 'value': '4.5'}]","[91, 117, 124, 127, 35, 38, 215, 218]",True,69344.0,25.1,13.2,,,,,,,,,
2404738291.0,361,47,52.0,189,25.8,13.1,47,"{'value': 1, 'displayName': 'FirstHalf'}","{'value': 1, 'displayName': 'Pass'}","{'value': 1, 'displayName': 'Successful'}","[{'type': {'value': 212, 'displayName': 'Length'}, 'value': '8.5'}, {'type': {'value': 56, 'displayName': 'Zone'}, 'value': 'Back'}, {'type': {'value': 213, 'displayName': 'Angle'}, 'value': '5.6'}, {'type': {'value': 140, 'displayName': 'PassEndX'}, 'value': '32.1'}, {'type': {'value': 141, 'displayName': 'PassEndY'}, 'value': '5.3'}, {'type': {'value': 178, 'displayName': 'StandingSave'}}]","[91, 117, 30, 36, 38, 215, 218]",True,29026.0,32.1,5.3,,,,,,,,,
2404738309.0,362,47,53.0,189,32.9,4.6,47,"{'value': 1, 'displayName': 'FirstHalf'}","{'value': 1, 'displayName': 'Pass'}","{'value': 1, 'displayName': 'Successful'}","[{'type': {'value': 140, 'displayName': 'PassEndX'}, 'value': '31.7'}, {'type': {'value': 178, 'displayName': 'StandingSave'}}, {'type': {'value': 56, 'displayName': 'Zone'}, 'value': 'Back'}, {'type': {'value': 212, 'displayName': 'Length'}, 'value': '12.3'}, {'type': {'value': 141, 'displayName': 'PassEndY'}, 'value': '22.6'}, {'type': {'value': 213, 'displayName': 'Angle'}, 'value': '1.7'}]","[91, 117, 30, 35, 37, 215, 218]",True,321085.0,31.7,22.6,,,,,,,,,
2404738319.0,363,47,54.0,189,31.7,22.6,47,"{'value': 1, 'displayName': 'FirstHalf'}","{'value': 1, 'displayName': 'Pass'}","{'value': 0, 'displayName': 'Unsuccessful'}","[{'type': {'value': 56, 'displayName': 'Zone'}, 'value': 'Center'}, {'type': {'value': 178, 'displayName': 'StandingSave'}}, {'type': {'value': 140, 'displayName': 'PassEndX'}, 'value': '71.1'}, {'type': {'value': 141, 'displayName': 'PassEndY'}, 'value': '22.0'}, {'type': {'value': 155, 'displayName': 'Chipped'}}, {'type': {'value': 212, 'displayName': 'Length'}, 'value': '41.4'}, {'type': {'value': 213, 'displayName': 'Angle'}, 'value': '6.3'}, {'type': {'value': 1, 'displayName': 'Longball'}}]","[91, 120, 124, 128, 36, 38, 217, 218]",True,101856.0,71.1,22.0,,,,,,,,,
2404738357.0,434,47,57.0,29,29.2,80.1,47,"{'value': 1, 'displayName': 'FirstHalf'}","{'value': 1, 'displayName': 'Pass'}","{'value': 0, 'displayName': 'Unsuccessful'}","[{'type': {'value': 140, 'displayName': 'PassEndX'}, 'value': '44.7'}, {'type': {'value': 141, 'displayName': 'PassEndY'}, 'value': '82.5'}, {'type': {'value': 213, 'displayName': 'Angle'}, 'value': '0.1'}, {'type': {'value': 1, 'displayName': 'Longball'}}, {'type': {'value': 212, 'displayName': 'Length'}, 'value': '16.4'}, {'type': {'value': 178, 'displayName': 'StandingSave'}}, {'type': {'value': 56, 'displayName': 'Zone'}, 'value': 'Back'}]","[91, 118, 120, 128, 36, 37, 216, 218]",True,68049.0,44.7,82.5,,,,,,,,,
2404738415.0,364,48,1.0,189,0.0,0.0,48,"{'value': 1, 'displayName': 'FirstHalf'}","{'value': 30, 'displayName': 'End'}","{'value': 1, 'displayName': 'Successful'}",[],[],False,,,,,,,,,,,,
2404738421.0,435,48,1.0,29,0.0,0.0,48,"{'value': 1, 'displayName': 'FirstHalf'}","{'value': 30, 'displayName': 'End'}","{'value': 1, 'displayName': 'Successful'}",[],[],False,,,,,,,,,,,,
2404750919.0,365,45,0.0,189,0.0,0.0,49,"{'value': 2, 'displayName': 'SecondHalf'}","{'value': 32, 'displayName': 'Start'}","{'value': 1, 'displayName': 'Successful'}",[],[],False,,,,,,,,,,,,
2404750935.0,436,45,0.0,29,0.0,0.0,49,"{'value': 2, 'displayName': 'SecondHalf'}","{'value': 32, 'displayName': 'Start'}","{'value': 1, 'displayName': 'Successful'}",[],[],False,,,,,,,,,,,,
2404750977.0,366,45,0.0,189,50.1,50.0,49,"{'value': 2, 'displayName': 'SecondHalf'}","{'value': 1, 'displayName': 'Pass'}","{'value': 1, 'displayName': 'Successful'}","[{'type': {'value': 212, 'displayName': 'Length'}, 'value': '12.6'}, {'type': {'value': 178, 'displayName': 'StandingSave'}}, {'type': {'value': 141, 'displayName': 'PassEndY'}, 'value': '40.9'}, {'type': {'value': 56, 'displayName': 'Zone'}, 'value': 'Back'}, {'type': {'value': 140, 'displayName': 'PassEndX'}, 'value': '39.6'}, {'type': {'value': 213, 'displayName': 'Angle'}, 'value': '3.7'}]","[91, 117, 30, 35, 38, 216, 218]",True,69344.0,39.6,40.9,,,,,,,,,
2404751093.0,367,45,2.0,189,39.6,40.7,49,"{'value': 2, 'displayName': 'SecondHalf'}","{'value': 1, 'displayName': 'Pass'}","{'value': 1, 'displayName': 'Successful'}","[{'type': {'value': 140, 'displayName': 'PassEndX'}, 'value': '31.3'}, {'type': {'value': 56, 'displayName': 'Zone'}, 'value': 'Back'}, {'type': {'value': 141, 'displayName': 'PassEndY'}, 'value': '28.1'}, {'type': {'value': 212, 'displayName': 'Length'}, 'value': '12.2'}, {'type': {'value': 178, 'displayName': 'StandingSave'}}, {'type': {'value': 213, 'displayName': 'Angle'}, 'value': '3.9'}]","[91, 117, 30, 35, 38, 215, 218]",True,101856.0,31.3,28.1,,,,,,,,,
2404751129.0,368,45,9.0,189,42.1,18.2,49,"{'value': 2, 'displayName': 'SecondHalf'}","{'value': 1, 'displayName': 'Pass'}","{'value': 1, 'displayName': 'Successful'}","[{'type': {'value': 56, 'displayName': 'Zone'}, 'value': 'Right'}, {'type': {'value': 140, 'displayName': 'PassEndX'}, 'value': '58.6'}, {'type': {'value': 178, 'displayName': 'StandingSave'}}, {'type': {'value': 213, 'displayName': 'Angle'}, 'value': '5.8'}, {'type': {'value': 141, 'displayName': 'PassEndY'}, 'value': '4.3'}, {'type': {'value': 212, 'displayName': 'Length'}, 'value': '19.7'}]","[91, 119, 117, 30, 36, 38, 216, 218]",True,29026.0,58.6,4.3,,,,,,,,,
2404751197.0,369,45,11.0,189,58.1,4.3,49,"{'value': 2, 'displayName': 'SecondHalf'}","{'value': 1, 'displayName': 'Pass'}","{'value': 1, 'displayName': 'Successful'}","[{'type': {'value': 178, 'displayName': 'StandingSave'}}, {'type': {'value': 213, 'displayName': 'Angle'}, 'value': '3.2'}, {'type': {'value': 56, 'displayName': 'Zone'}, 'value': 'Back'}, {'type': {'value': 140, 'displayName': 'PassEndX'}, 'value': '40.5'}, {'type': {'value': 212, 'displayName': 'Length'}, 'value': '18.5'}, {'type': {'value': 141, 'displayName': 'PassEndY'}, 'value': '3.2'}]","[91, 117, 30, 35, 38, 216, 218]",True,353377.0,40.5,3.2,,,,,,,,,
2404751279.0,370,45,15.0,189,40.1,4.6,49,"{'value': 2, 'displayName': 'SecondHalf'}","{'value': 1, 'displayName': 'Pass'}","{'value': 1, 'displayName': 'Successful'}","[{'type': {'value': 141, 'displayName': 'PassEndY'}, 'value': '19.3'}, {'type': {'value': 56, 'displayName': 'Zone'}, 'value': 'Back'}, {'type': {'value': 212, 'displayName': 'Length'}, 'value': '16.2'}, {'type': {'value': 140, 'displayName': 'PassEndX'}, 'value': '28.0'}, {'type': {'value': 178, 'displayName': 'StandingSave'}}, {'type': {'value': 213, 'displayName': 'Angle'}, 'value': '2.5'}]","[91, 117, 30, 35, 37, 215, 218]",True,321085.0,28.0,19.3,,,,,,,,,
2404751327.0,371,45,18.0,189,31.3,25.4,49,"{'value': 2, 'displayName': 'SecondHalf'}","{'value': 1, 'displayName': 'Pass'}","{'value': 1, 'displayName': 'Successful'}","[{'type': {'value': 213, 'displayName': 'Angle'}, 'value': '1.3'}, {'type': {'value': 141, 'displayName': 'PassEndY'}, 'value': '57.0'}, {'type': {'value': 140, 'displayName': 'PassEndX'}, 'value': '37.2'}, {'type': {'value': 178, 'displayName': 'StandingSave'}}, {'type': {'value': 56, 'displayName': 'Zone'}, 'value': 'Back'}, {'type': {'value': 212, 'displayName': 'Length'}, 'value': '22.4'}]","[91, 117, 30, 36, 37, 216, 218]",True,29026.0,37.2,57.0,,,,,,,,,
2404751393.0,372,45,20.0,189,37.2,57.0,49,"{'value': 2, 'displayName': 'SecondHalf'}","{'value': 1, 'displayName': 'Pass'}","{'value': 1, 'displayName': 'Successful'}","[{'type': {'value': 212, 'displayName': 'Length'}, 'value': '16.2'}, {'type': {'value': 213, 'displayName': 'Angle'}, 'value': '2.6'}, {'type': {'value': 140, 'displayName': 'PassEndX'}, 'value': '24.3'}, {'type': {'value': 56, 'displayName': 'Zone'}, 'value': 'Back'}, {'type': {'value': 178, 'displayName': 'StandingSave'}}, {'type': {'value': 141, 'displayName': 'PassEndY'}, 'value': '70.1'}]","[91, 117, 30, 35, 37, 215, 218]",True,69344.0,24.3,70.1,,,,,,,,,
2404751409.0,373,45,24.0,189,26.7,73.1,49,"{'value': 2, 'displayName': 'SecondHalf'}","{'value': 1, 'displayName': 'Pass'}","{'value': 1, 'displayName': 'Successful'}","[{'type': {'value': 56, 'displayName': 'Zone'}, 'value': 'Back'}, {'type': {'value': 212, 'displayName': 'Length'}, 'value': '14.6'}, {'type': {'value': 213, 'displayName': 'Angle'}, 'value': '1.1'}, {'type': {'value': 140, 'displayName': 'PassEndX'}, 'value': '32.6'}, {'type': {'value': 178, 'displayName': 'StandingSave'}}, {'type': {'value': 141, 'displayName': 'PassEndY'}, 'value': '92.6'}]","[91, 117, 30, 36, 37, 215, 218]",True,342499.0,32.6,92.6,,,,,,,,,
2404751453.0,374,45,25.0,189,32.6,92.6,49,"{'value': 2, 'displayName': 'SecondHalf'}","{'value': 1, 'displayName': 'Pass'}","{'value': 1, 'displayName': 'Successful'}","[{'type': {'value': 213, 'displayName': 'Angle'}, 'value': '3.7'}, {'type': {'value': 56, 'displayName': 'Zone'}, 'value': 'Back'}, {'type': {'value': 178, 'displayName': 'StandingSave'}}, {'type': {'value': 140, 'displayName': 'PassEndX'}, 'value': '21.1'}, {'type': {'value': 212, 'displayName': 'Length'}, 'value': '13.9'}, {'type': {'value': 141, 'displayName': 'PassEndY'}, 'value': '82.4'}]","[91, 117, 30, 35, 38, 215, 218]",True,229562.0,21.1,82.4,,,,,,,,,
2404751501.0,375,45,28.0,189,20.7,83.1,49,"{'value': 2, 'displayName': 'SecondHalf'}","{'value': 1, 'displayName': 'Pass'}","{'value': 1, 'displayName': 'Successful'}","[{'type': {'value': 56, 'displayName': 'Zone'}, 'value': 'Back'}, {'type': {'value': 213, 'displayName': 'Angle'}, 'value': '4.2'}, {'type': {'value': 212, 'displayName': 'Length'}, 'value': '24.2'}, {'type': {'value': 140, 'displayName': 'PassEndX'}, 'value': '10.2'}, {'type': {'value': 178, 'displayName': 'StandingSave'}}, {'type': {'value': 141, 'displayName': 'PassEndY'}, 'value': '51.5'}]","[91, 117, 30, 35, 38, 215, 218]",True,342499.0,10.2,51.5,,,,,,,,,
2404751543.0,376,45,32.0,189,10.3,48.7,49,"{'value': 2, 'displayName': 'SecondHalf'}","{'value': 1, 'displayName': 'Pass'}","{'value': 1, 'displayName': 'Successful'}","[{'type': {'value': 56, 'displayName': 'Zone'}, 'value': 'Back'}, {'type': {'value': 178, 'displayName': 'StandingSave'}}, {'type': {'value': 212, 'displayName': 'Length'}, 'value': '24.9'}, {'type': {'value': 213, 'displayName': 'Angle'}, 'value': '5.3'}, {'type': {'value': 141, 'displayName': 'PassEndY'}, 'value': '18.1'}, {'type': {'value': 140, 'displayName': 'PassEndX'}, 'value': '23.3'}]","[91, 117, 30, 36, 38, 215, 218]",True,276366.0,23.3,18.1,,,,,,,,,
2404751573.0,377,45,35.0,189,23.3,17.9,49,"{'value': 2, 'displayName': 'SecondHalf'}","{'value': 1, 'displayName': 'Pass'}","{'value': 1, 'displayName': 'Successful'}","[{'type': {'value': 213, 'displayName': 'Angle'}, 'value': '5.4'}, {'type': {'value': 178, 'displayName': 'StandingSave'}}, {'type': {'value': 212, 'displayName': 'Length'}, 'value': '12.0'}, {'type': {'value': 141, 'displayName': 'PassEndY'}, 'value': '3.8'}, {'type': {'value': 56, 'displayName': 'Zone'}, 'value': 'Back'}, {'type': {'value': 140, 'displayName': 'PassEndX'}, 'value': '30.1'}]","[91, 117, 30, 36, 38, 215, 218]",True,29026.0,30.1,3.8,,,,,,,,,
2404751595.0,378,45,37.0,189,30.1,3.8,49,"{'value': 2, 'displayName': 'SecondHalf'}","{'value': 1, 'displayName': 'Pass'}","{'value': 1, 'displayName': 'Successful'}","[{'type': {'value': 56, 'displayName': 'Zone'}, 'value': 'Back'}, {'type': {'value': 213, 'displayName': 'Angle'}, 'value': '0.9'}, {'type': {'value': 178, 'displayName': 'StandingSave'}}, {'type': {'value': 212, 'displayName': 'Length'}, 'value': '7.9'}, {'type': {'value': 140, 'displayName': 'PassEndX'}, 'value': '34.7'}, {'type': {'value': 141, 'displayName': 'PassEndY'}, 'value': '13.0'}]","[91, 117, 30, 36, 37, 216, 218]",True,321085.0,34.7,13.0,,,,,,,,,
2404751701.0,379,45,38.0,189,34.7,13.0,49,"{'value': 2, 'displayName': 'SecondHalf'}","{'value': 1, 'displayName': 'Pass'}","{'value': 1, 'displayName': 'Successful'}","[{'type': {'value': 140, 'displayName': 'PassEndX'}, 'value': '43.4'}, {'type': {'value': 212, 'displayName': 'Length'}, 'value': '11.0'}, {'type': {'value': 56, 'displayName': 'Zone'}, 'value': 'Back'}, {'type': {'value': 213, 'displayName': 'Angle'}, 'value': '5.7'}, {'type': {'value': 141, 'displayName': 'PassEndY'}, 'value': '4.0'}, {'type': {'value': 178, 'displayName': 'StandingSave'}}]","[91, 117, 30, 36, 38, 216, 218]",True,101856.0,43.4,4.0,,,,,,,,,
2404751745.0,380,45,43.0,189,35.0,6.1,49,"{'value': 2, 'displayName': 'SecondHalf'}","{'value': 1, 'displayName': 'Pass'}","{'value': 1, 'displayName': 'Successful'}","[{'type': {'value': 213, 'displayName': 'Angle'}, 'value': '2.3'}, {'type': {'value': 178, 'displayName': 'StandingSave'}}, {'type': {'value': 56, 'displayName': 'Zone'}, 'value': 'Back'}, {'type': {'value': 212, 'displayName': 'Length'}, 'value': '16.3'}, {'type': {'value': 141, 'displayName': 'PassEndY'}, 'value': '24.1'}, {'type': {'value': 140, 'displayName': 'PassEndX'}, 'value': '24.8'}]","[91, 117, 30, 35, 37, 215, 218]",True,298689.0,24.8,24.1,,,,,,,,,
2404751797.0,381,45,46.0,189,23.6,26.8,49,"{'value': 2, 'displayName': 'SecondHalf'}","{'value': 1, 'displayName': 'Pass'}","{'value': 1, 'displayName': 'Successful'}","[{'type': {'value': 56, 'displayName': 'Zone'}, 'value': 'Back'}, {'type': {'value': 212, 'displayName': 'Length'}, 'value': '22.3'}, {'type': {'value': 141, 'displayName': 'PassEndY'}, 'value': '56.7'}, {'type': {'value': 140, 'displayName': 'PassEndX'}, 'value': '32.4'}, {'type': {'value': 178, 'displayName': 'StandingSave'}}, {'type': {'value': 213, 'displayName': 'Angle'}, 'value': '1.1'}]","[91, 117, 30, 36, 37, 215, 218]",True,29026.0,32.4,56.7,,,,,,,,,
2404751841.0,382,45,49.0,189,35.0,61.2,49,"{'value': 2, 'displayName': 'SecondHalf'}","{'value': 1, 'displayName': 'Pass'}","{'value': 1, 'displayName': 'Successful'}","[{'type': {'value': 212, 'displayName': 'Length'}, 'value': '32.8'}, {'type': {'value': 141, 'displayName': 'PassEndY'}, 'value': '95.1'}, {'type': {'value': 56, 'displayName': 'Zone'}, 'value': 'Left'}, {'type': {'value': 178, 'displayName': 'StandingSave'}}, {'type': {'value': 140, 'displayName': 'PassEndX'}, 'value': '57.2'}, {'type': {'value': 1, 'displayName': 'Longball'}}, {'type': {'value': 213, 'displayName': 'Angle'}, 'value': '0.8'}]","[91, 119, 117, 127, 36, 37, 216, 218]",True,69344.0,57.2,95.1,,,,,,,,,
2404751881.0,383,45,52.0,189,57.8,95.0,49,"{'value': 2, 'displayName': 'SecondHalf'}","{'value': 1, 'displayName': 'Pass'}","{'value': 0, 'displayName': 'Unsuccessful'}","[{'type': {'value': 56, 'displayName': 'Zone'}, 'value': 'Left'}, {'type': {'value': 140, 'displayName': 'PassEndX'}, 'value': '70.7'}, {'type': {'value': 141, 'displayName': 'PassEndY'}, 'value': '83.6'}, {'type': {'value': 213, 'displayName': 'Angle'}, 'value': '5.8'}, {'type': {'value': 212, 'displayName': 'Length'}, 'value': '15.6'}, {'type': {'value': 178, 'displayName': 'StandingSave'}}]","[91, 120, 29, 36, 38, 217, 218]",True,229562.0,70.7,83.6,,,,,,,,,
2404751899.0,437,45,53.0,29,29.2,21.4,49,"{'value': 2, 'displayName': 'SecondHalf'}","{'value': 49, 'displayName': 'BallRecovery'}","{'value': 1, 'displayName': 'Successful'}",[],[93],False,111372.0,,,,,,,,,,,
2404751923.0,438,45,53.0,29,29.2,21.4,49,"{'value': 2, 'displayName': 'SecondHalf'}","{'value': 1, 'displayName': 'Pass'}","{'value': 1, 'displayName': 'Successful'}","[{'type': {'value': 140, 'displayName': 'PassEndX'}, 'value': '35.2'}, {'type': {'value': 178, 'displayName': 'StandingSave'}}, {'type': {'value': 213, 'displayName': 'Angle'}, 'value': '5.4'}, {'type': {'value': 141, 'displayName': 'PassEndY'}, 'value': '9.6'}, {'type': {'value': 212, 'displayName': 'Length'}, 'value': '10.2'}, {'type': {'value': 56, 'displayName': 'Zone'}, 'value': 'Back'}]","[91, 117, 30, 36, 38, 216, 218]",True,111372.0,35.2,9.6,,,,,,,,,
2404751947.0,439,45,54.0,29,35.2,9.6,49,"{'value': 2, 'displayName': 'SecondHalf'}","{'value': 1, 'displayName': 'Pass'}","{'value': 1, 'displayName': 'Successful'}","[{'type': {'value': 178, 'displayName': 'StandingSave'}}, {'type': {'value': 213, 'displayName': 'Angle'}, 'value': '1.3'}, {'type': {'value': 140, 'displayName': 'PassEndX'}, 'value': '36.9'}, {'type': {'value': 56, 'displayName': 'Zone'}, 'value': 'Back'}, {'type': {'value': 141, 'displayName': 'PassEndY'}, 'value': '20.8'}, {'type': {'value': 212, 'displayName': 'Length'}, 'value': '7.8'}]","[91, 117, 30, 36, 37, 216, 218]",True,322596.0,36.9,20.8,,,,,,,,,
2404751969.0,440,45,55.0,29,36.9,20.8,49,"{'value': 2, 'displayName': 'SecondHalf'}","{'value': 1, 'displayName': 'Pass'}","{'value': 1, 'displayName': 'Successful'}","[{'type': {'value': 213, 'displayName': 'Angle'}, 'value': '2.5'}, {'type': {'value': 178, 'displayName': 'StandingSave'}}, {'type': {'value': 141, 'displayName': 'PassEndY'}, 'value': '29.0'}, {'type': {'value': 212, 'displayName': 'Length'}, 'value': '9.4'}, {'type': {'value': 56, 'displayName': 'Zone'}, 'value': 'Back'}, {'type': {'value': 140, 'displayName': 'PassEndX'}, 'value': '29.7'}]","[91, 117, 30, 35, 37, 215, 218]",True,143595.0,29.7,29.0,,,,,,,,,
2404751989.0,441,45,56.0,29,29.7,29.0,49,"{'value': 2, 'displayName': 'SecondHalf'}","{'value': 1, 'displayName': 'Pass'}","{'value': 1, 'displayName': 'Successful'}","[{'type': {'value': 213, 'displayName': 'Angle'}, 'value': '1.0'}, {'type': {'value': 56, 'displayName': 'Zone'}, 'value': 'Back'}, {'type': {'value': 140, 'displayName': 'PassEndX'}, 'value': '33.1'}, {'type': {'value': 178, 'displayName': 'StandingSave'}}, {'type': {'value': 212, 'displayName': 'Length'}, 'value': '6.6'}, {'type': {'value': 141, 'displayName': 'PassEndY'}, 'value': '37.2'}]","[91, 117, 30, 36, 37, 215, 218]",True,322596.0,33.1,37.2,,,,,,,,,
2404752001.0,442,45,58.0,29,33.2,41.2,49,"{'value': 2, 'displayName': 'SecondHalf'}","{'value': 50, 'displayName': 'Dispossessed'}","{'value': 1, 'displayName': 'Successful'}","[{'type': {'value': 233, 'displayName': 'OppositeRelatedEvent'}, 'value': '384'}, {'type': {'value': 285, 'displayName': 'Defensive'}}, {'type': {'value': 56, 'displayName': 'Zone'}, 'value': 'Back'}]","[91, 70]",True,332325.0,,,,,,,,,,,
2404752017.0,384,45,58.0,189,66.8,58.8,49,"{'value': 2, 'displayName': 'SecondHalf'}","{'value': 7, 'displayName': 'Tackle'}","{'value': 0, 'displayName': 'Unsuccessful'}","[{'type': {'value': 178, 'displayName': 'StandingSave'}}, {'type': {'value': 286, 'displayName': 'Offensive'}}, {'type': {'value': 233, 'displayName': 'OppositeRelatedEvent'}, 'value': '442'}, {'type': {'value': 56, 'displayName': 'Zone'}, 'value': 'Center'}]","[91, 142]",True,298689.0,,,,,,,,,,,
2404752117.0,443,45,59.0,29,31.9,38.4,49,"{'value': 2, 'displayName': 'SecondHalf'}","{'value': 1, 'displayName': 'Pass'}","{'value': 1, 'displayName': 'Successful'}","[{'type': {'value': 212, 'displayName': 'Length'}, 'value': '21.9'}, {'type': {'value': 213, 'displayName': 'Angle'}, 'value': '2.7'}, {'type': {'value': 141, 'displayName': 'PassEndY'}, 'value': '53.5'}, {'type': {'value': 140, 'displayName': 'PassEndX'}, 'value': '13.5'}, {'type': {'value': 178, 'displayName': 'StandingSave'}}, {'type': {'value': 56, 'displayName': 'Zone'}, 'value': 'Back'}]","[91, 117, 30, 35, 37, 215, 218]",True,332325.0,13.5,53.5,,,,,,,,,
2404752161.0,444,46,4.0,29,12.9,52.4,50,"{'value': 2, 'displayName': 'SecondHalf'}","{'value': 1, 'displayName': 'Pass'}","{'value': 0, 'displayName': 'Unsuccessful'}","[{'type': {'value': 1, 'displayName': 'Longball'}}, {'type': {'value': 178, 'displayName': 'StandingSave'}}, {'type': {'value': 56, 'displayName': 'Zone'}, 'value': 'Center'}, {'type': {'value': 213, 'displayName': 'Angle'}, 'value': '5.9'}, {'type': {'value': 212, 'displayName': 'Length'}, 'value': '52.8'}, {'type': {'value': 140, 'displayName': 'PassEndX'}, 'value': '60.3'}, {'type': {'value': 141, 'displayName': 'PassEndY'}, 'value': '26.6'}]","[91, 120, 128, 36, 38, 216, 218]",True,20973.0,60.3,26.6,,,,,,,,,
2404752159.0,385,46,8.0,189,34.3,75.3,50,"{'value': 2, 'displayName': 'SecondHalf'}","{'value': 49, 'displayName': 'BallRecovery'}","{'value': 1, 'displayName': 'Successful'}",[],[93],False,342499.0,,,,,,,,,,,
2404752259.0,386,46,8.0,189,34.7,74.7,50,"{'value': 2, 'displayName': 'SecondHalf'}","{'value': 1, 'displayName': 'Pass'}","{'value': 1, 'displayName': 'Successful'}","[{'type': {'value': 141, 'displayName': 'PassEndY'}, 'value': '63.6'}, {'type': {'value': 140, 'displayName': 'PassEndX'}, 'value': '15.7'}, {'type': {'value': 56, 'displayName': 'Zone'}, 'value': 'Back'}, {'type': {'value': 212, 'displayName': 'Length'}, 'value': '21.3'}, {'type': {'value': 213, 'displayName': 'Angle'}, 'value': '3.5'}, {'type': {'value': 178, 'displayName': 'StandingSave'}}]","[91, 117, 30, 35, 38, 215, 218]",True,342499.0,15.7,63.6,,,,,,,,,
2404752367.0,387,46,13.0,189,14.9,59.4,50,"{'value': 2, 'displayName': 'SecondHalf'}","{'value': 1, 'displayName': 'Pass'}","{'value': 1, 'displayName': 'Successful'}","[{'type': {'value': 212, 'displayName': 'Length'}, 'value': '28.4'}, {'type': {'value': 141, 'displayName': 'PassEndY'}, 'value': '27.1'}, {'type': {'value': 140, 'displayName': 'PassEndX'}, 'value': '32.0'}, {'type': {'value': 178, 'displayName': 'StandingSave'}}, {'type': {'value': 56, 'displayName': 'Zone'}, 'value': 'Back'}, {'type': {'value': 213, 'displayName': 'Angle'}, 'value': '5.4'}]","[91, 117, 30, 36, 38, 215, 218]",True,276366.0,32.0,27.1,,,,,,,,,
2404752395.0,388,46,19.0,189,34.8,24.8,50,"{'value': 2, 'displayName': 'SecondHalf'}","{'value': 1, 'displayName': 'Pass'}","{'value': 1, 'displayName': 'Successful'}","[{'type': {'value': 213, 'displayName': 'Angle'}, 'value': '0.2'}, {'type': {'value': 178, 'displayName': 'StandingSave'}}, {'type': {'value': 212, 'displayName': 'Length'}, 'value': '10.8'}, {'type': {'value': 141, 'displayName': 'PassEndY'}, 'value': '28.6'}, {'type': {'value': 56, 'displayName': 'Zone'}, 'value': 'Back'}, {'type': {'value': 140, 'displayName': 'PassEndX'}, 'value': '44.8'}]","[91, 117, 30, 36, 37, 216, 218]",True,29026.0,44.8,28.6,,,,,,,,,
2404752499.0,389,46,20.0,189,44.8,28.6,50,"{'value': 2, 'displayName': 'SecondHalf'}","{'value': 1, 'displayName': 'Pass'}","{'value': 1, 'displayName': 'Successful'}","[{'type': {'value': 141, 'displayName': 'PassEndY'}, 'value': '67.5'}, {'type': {'value': 140, 'displayName': 'PassEndX'}, 'value': '34.5'}, {'type': {'value': 212, 'displayName': 'Length'}, 'value': '28.6'}, {'type': {'value': 213, 'displayName': 'Angle'}, 'value': '2.0'}, {'type': {'value': 56, 'displayName': 'Zone'}, 'value': 'Back'}, {'type': {'value': 178, 'displayName': 'StandingSave'}}]","[91, 117, 30, 35, 37, 216, 218]",True,353377.0,34.5,67.5,,,,,,,,,
2404752595.0,390,46,24.0,189,41.2,71.4,50,"{'value': 2, 'displayName': 'SecondHalf'}","{'value': 1, 'displayName': 'Pass'}","{'value': 1, 'displayName': 'Successful'}","[{'type': {'value': 56, 'displayName': 'Zone'}, 'value': 'Center'}, {'type': {'value': 140, 'displayName': 'PassEndX'}, 'value': '69.0'}, {'type': {'value': 178, 'displayName': 'StandingSave'}}, {'type': {'value': 141, 'displayName': 'PassEndY'}, 'value': '74.7'}, {'type': {'value': 213, 'displayName': 'Angle'}, 'value': '0.1'}, {'type': {'value': 212, 'displayName': 'Length'}, 'value': '29.3'}]","[91, 119, 117, 30, 205, 36, 37, 217, 218]",True,342499.0,69.0,74.7,,,,,,,,,
2404752657.0,391,46,27.0,189,69.0,78.8,50,"{'value': 2, 'displayName': 'SecondHalf'}","{'value': 1, 'displayName': 'Pass'}","{'value': 1, 'displayName': 'Successful'}","[{'type': {'value': 212, 'displayName': 'Length'}, 'value': '8.8'}, {'type': {'value': 178, 'displayName': 'StandingSave'}}, {'type': {'value': 141, 'displayName': 'PassEndY'}, 'value': '85.4'}, {'type': {'value': 140, 'displayName': 'PassEndX'}, 'value': '76.2'}, {'type': {'value': 213, 'displayName': 'Angle'}, 'value': '0.5'}, {'type': {'value': 56, 'displayName': 'Zone'}, 'value': 'Left'}]","[91, 119, 117, 30, 205, 36, 37, 217, 218]",True,69344.0,76.2,85.4,,,,,,,,,
2404752685.0,392,46,30.0,189,72.9,89.0,50,"{'value': 2, 'displayName': 'SecondHalf'}","{'value': 1, 'displayName': 'Pass'}","{'value': 1, 'displayName': 'Successful'}","[{'type': {'value': 141, 'displayName': 'PassEndY'}, 'value': '95.7'}, {'type': {'value': 140, 'displayName': 'PassEndX'}, 'value': '79.2'}, {'type': {'value': 212, 'displayName': 'Length'}, 'value': '8.0'}, {'type': {'value': 178, 'displayName': 'StandingSave'}}, {'type': {'value': 56, 'displayName': 'Zone'}, 'value': 'Left'}, {'type': {'value': 213, 'displayName': 'Angle'}, 'value': '0.6'}]","[91, 119, 117, 30, 205, 36, 37, 217, 218]",True,296240.0,79.2,95.7,,,,,,,,,
2404752737.0,393,46,32.0,189,78.1,95.7,50,"{'value': 2, 'displayName': 'SecondHalf'}","{'value': 1, 'displayName': 'Pass'}","{'value': 1, 'displayName': 'Successful'}","[{'type': {'value': 212, 'displayName': 'Length'}, 'value': '8.9'}, {'type': {'value': 178, 'displayName': 'StandingSave'}}, {'type': {'value': 56, 'displayName': 'Zone'}, 'value': 'Left'}, {'type': {'value': 140, 'displayName': 'PassEndX'}, 'value': '71.1'}, {'type': {'value': 141, 'displayName': 'PassEndY'}, 'value': '88.2'}, {'type': {'value': 213, 'displayName': 'Angle'}, 'value': '3.7'}]","[91, 119, 117, 30, 205, 35, 38, 217, 218]",True,229562.0,71.1,88.2,,,,,,,,,
2404752771.0,394,46,34.0,189,73.8,88.8,50,"{'value': 2, 'displayName': 'SecondHalf'}","{'value': 1, 'displayName': 'Pass'}","{'value': 0, 'displayName': 'Unsuccessful'}","[{'type': {'value': 2, 'displayName': 'Cross'}}, {'type': {'value': 72, 'displayName': 'LeftFoot'}}, {'type': {'value': 212, 'displayName': 'Length'}, 'value': '28.5'}, {'type': {'value': 56, 'displayName': 'Zone'}, 'value': 'Center'}, {'type': {'value': 141, 'displayName': 'PassEndY'}, 'value': '57.9'}, {'type': {'value': 178, 'displayName': 'StandingSave'}}, {'type': {'value': 213, 'displayName': 'Angle'}, 'value': '5.5'}, {'type': {'value': 155, 'displayName': 'Chipped'}}, {'type': {'value': 140, 'displayName': 'PassEndX'}, 'value': '92.2'}]","[91, 138, 124, 126, 36, 38, 217, 218]",True,69344.0,92.2,57.9,,,,,,,,,
2404752785.0,445,46,35.0,29,10.8,40.7,50,"{'value': 2, 'displayName': 'SecondHalf'}","{'value': 8, 'displayName': 'Interception'}","{'value': 1, 'displayName': 'Successful'}","[{'type': {'value': 56, 'displayName': 'Zone'}, 'value': 'Back'}]","[91, 101, 102, 56]",True,73063.0,,,,,,,,,,,
2404752807.0,446,46,36.0,29,2.0,41.6,50,"{'value': 2, 'displayName': 'SecondHalf'}","{'value': 52, 'displayName': 'KeeperPickup'}","{'value': 1, 'displayName': 'Successful'}","[{'type': {'value': 178, 'displayName': 'StandingSave'}}]",[93],False,20973.0,,,,,,,,,,,
2404753277.0,447,46,55.0,29,13.1,46.0,50,"{'value': 2, 'displayName': 'SecondHalf'}","{'value': 1, 'displayName': 'Pass'}","{'value': 0, 'displayName': 'Unsuccessful'}","[{'type': {'value': 212, 'displayName': 'Length'}, 'value': '59.6'}, {'type': {'value': 213, 'displayName': 'Angle'}, 'value': '6.1'}, {'type': {'value': 141, 'displayName': 'PassEndY'}, 'value': '31.1'}, {'type': {'value': 140, 'displayName': 'PassEndX'}, 'value': '69.0'}, {'type': {'value': 1, 'displayName': 'Longball'}}, {'type': {'value': 56, 'displayName': 'Zone'}, 'value': 'Center'}]","[91, 120, 128, 36, 38, 217, 218]",True,20973.0,69.0,31.1,,,,,,,,,
2404753281.0,395,46,59.0,189,27.9,65.6,50,"{'value': 2, 'displayName': 'SecondHalf'}","{'value': 1, 'displayName': 'Pass'}","{'value': 1, 'displayName': 'Successful'}","[{'type': {'value': 141, 'displayName': 'PassEndY'}, 'value': '48.2'}, {'type': {'value': 56, 'displayName': 'Zone'}, 'value': 'Back'}, {'type': {'value': 212, 'displayName': 'Length'}, 'value': '13.7'}, {'type': {'value': 3, 'displayName': 'HeadPass'}}, {'type': {'value': 213, 'displayName': 'Angle'}, 'value': '5.2'}, {'type': {'value': 140, 'displayName': 'PassEndX'}, 'value': '34.5'}]","[91, 117, 30, 139, 36, 38, 216, 218]",True,342499.0,34.5,48.2,,,,,,,,,
2404753311.0,396,47,1.0,189,34.5,48.4,51,"{'value': 2, 'displayName': 'SecondHalf'}","{'value': 1, 'displayName': 'Pass'}","{'value': 1, 'displayName': 'Successful'}","[{'type': {'value': 212, 'displayName': 'Length'}, 'value': '13.9'}, {'type': {'value': 213, 'displayName': 'Angle'}, 'value': '4.6'}, {'type': {'value': 140, 'displayName': 'PassEndX'}, 'value': '33.3'}, {'type': {'value': 56, 'displayName': 'Zone'}, 'value': 'Back'}, {'type': {'value': 141, 'displayName': 'PassEndY'}, 'value': '28.1'}, {'type': {'value': 3, 'displayName': 'HeadPass'}}]","[91, 117, 30, 139, 35, 38, 215, 218]",True,101856.0,33.3,28.1,,,,,,,,,
2404753319.0,397,47,2.0,189,34.1,26.8,51,"{'value': 2, 'displayName': 'SecondHalf'}","{'value': 49, 'displayName': 'BallRecovery'}","{'value': 1, 'displayName': 'Successful'}",[],[93],False,321085.0,,,,,,,,,,,
2404753425.0,398,47,6.0,189,41.6,6.2,51,"{'value': 2, 'displayName': 'SecondHalf'}","{'value': 1, 'displayName': 'Pass'}","{'value': 0, 'displayName': 'Unsuccessful'}","[{'type': {'value': 56, 'displayName': 'Zone'}, 'value': 'Right'}, {'type': {'value': 212, 'displayName': 'Length'}, 'value': '26.3'}, {'type': {'value': 141, 'displayName': 'PassEndY'}, 'value': '8.3'}, {'type': {'value': 213, 'displayName': 'Angle'}, 'value': '0.1'}, {'type': {'value': 140, 'displayName': 'PassEndX'}, 'value': '66.6'}, {'type': {'value': 178, 'displayName': 'StandingSave'}}]","[91, 120, 29, 36, 37, 216, 218]",True,321085.0,66.6,8.3,,,,,,,,,
2404753437.0,448,47,9.0,29,27.7,93.5,51,"{'value': 2, 'displayName': 'SecondHalf'}","{'value': 49, 'displayName': 'BallRecovery'}","{'value': 1, 'displayName': 'Successful'}",[],[93],False,300359.0,,,,,,,,,,,
2404753515.0,449,47,10.0,29,26.8,98.8,51,"{'value': 2, 'displayName': 'SecondHalf'}","{'value': 1, 'displayName': 'Pass'}","{'value': 0, 'displayName': 'Unsuccessful'}","[{'type': {'value': 140, 'displayName': 'PassEndX'}, 'value': '33.8'}, {'type': {'value': 56, 'displayName': 'Zone'}, 'value': 'Back'}, {'type': {'value': 141, 'displayName': 'PassEndY'}, 'value': '100.0'}, {'type': {'value': 178, 'displayName': 'StandingSave'}}, {'type': {'value': 212, 'displayName': 'Length'}, 'value': '7.5'}, {'type': {'value': 213, 'displayName': 'Angle'}, 'value': '0.2'}]","[91, 118, 120, 29, 36, 37, 216, 218]",True,300359.0,33.8,100.0,,,,,,,,,
2404753723.0,400,47,21.0,189,71.6,0.0,51,"{'value': 2, 'displayName': 'SecondHalf'}","{'value': 1, 'displayName': 'Pass'}","{'value': 1, 'displayName': 'Successful'}","[{'type': {'value': 141, 'displayName': 'PassEndY'}, 'value': '21.7'}, {'type': {'value': 212, 'displayName': 'Length'}, 'value': '15.4'}, {'type': {'value': 213, 'displayName': 'Angle'}, 'value': '1.5'}, {'type': {'value': 107, 'displayName': 'ThrowIn'}}, {'type': {'value': 56, 'displayName': 'Zone'}, 'value': 'Center'}, {'type': {'value': 140, 'displayName': 'PassEndX'}, 'value': '73.3'}]","[91, 212, 36, 37, 217]",True,321085.0,73.3,21.7,,,,,,,,,
2404753777.0,401,47,22.0,189,73.9,23.6,51,"{'value': 2, 'displayName': 'SecondHalf'}","{'value': 1, 'displayName': 'Pass'}","{'value': 1, 'displayName': 'Successful'}","[{'type': {'value': 212, 'displayName': 'Length'}, 'value': '19.5'}, {'type': {'value': 56, 'displayName': 'Zone'}, 'value': 'Center'}, {'type': {'value': 210, 'displayName': 'ShotAssist'}, 'value': '16'}, {'type': {'value': 154, 'displayName': 'IntentionalAssist'}}, {'type': {'value': 141, 'displayName': 'PassEndY'}, 'value': '33.5'}, {'type': {'value': 140, 'displayName': 'PassEndX'}, 'value': '91.3'}, {'type': {'value': 22, 'displayName': 'RegularPlay'}}, {'type': {'value': 178, 'displayName': 'StandingSave'}}, {'type': {'value': 213, 'displayName': 'Angle'}, 'value': '0.4'}, {'type': {'value': 4, 'displayName': 'Throughball'}}, {'type': {'value': 11111, 'displayName': 'IntentionalGoalAssist'}}, {'type': {'value': 11113, 'displayName': 'KeyPass'}}]","[91, 92, 100, 119, 117, 30, 123, 129, 205, 40, 43, 49, 36, 37, 217, 218]",True,134240.0,91.3,33.5,,,,,,,,,
2404753781.0,402,47,25.0,189,91.6,33.2,51,"{'value': 2, 'displayName': 'SecondHalf'}","{'value': 16, 'displayName': 'Goal'}","{'value': 1, 'displayName': 'Successful'}","[{'type': {'value': 29, 'displayName': 'Assisted'}}, {'type': {'value': 55, 'displayName': 'RelatedEventId'}, 'value': '401'}, {'type': {'value': 72, 'displayName': 'LeftFoot'}}, {'type': {'value': 103, 'displayName': 'GoalMouthZ'}, 'value': '1.9'}, {'type': {'value': 178, 'displayName': 'StandingSave'}}, {'type': {'value': 80, 'displayName': 'LowRight'}}, {'type': {'value': 63, 'displayName': 'BoxRight'}}, {'type': {'value': 154, 'displayName': 'IntentionalAssist'}}, {'type': {'value': 56, 'displayName': 'Zone'}, 'value': 'Center'}, {'type': {'value': 102, 'displayName': 'GoalMouthY'}, 'value': '46.5'}, {'type': {'value': 22, 'displayName': 'RegularPlay'}}]","[91, 24, 9, 10, 1, 3, 13, 17, 19, 26]",True,353377.0,,,401.0,134240.0,,,1.9,46.5,True,True,
2404755321.0,451,48,30.0,29,49.9,49.8,52,"{'value': 2, 'displayName': 'SecondHalf'}","{'value': 1, 'displayName': 'Pass'}","{'value': 1, 'displayName': 'Successful'}","[{'type': {'value': 212, 'displayName': 'Length'}, 'value': '15.9'}, {'type': {'value': 56, 'displayName': 'Zone'}, 'value': 'Back'}, {'type': {'value': 141, 'displayName': 'PassEndY'}, 'value': '37.8'}, {'type': {'value': 140, 'displayName': 'PassEndX'}, 'value': '36.9'}, {'type': {'value': 213, 'displayName': 'Angle'}, 'value': '3.7'}, {'type': {'value': 178, 'displayName': 'StandingSave'}}]","[91, 117, 30, 35, 38, 216, 218]",True,89998.0,36.9,37.8,,,,,,,,,
2404755391.0,452,48,33.0,29,34.7,30.8,52,"{'value': 2, 'displayName': 'SecondHalf'}","{'value': 1, 'displayName': 'Pass'}","{'value': 0, 'displayName': 'Unsuccessful'}","[{'type': {'value': 140, 'displayName': 'PassEndX'}, 'value': '70.0'}, {'type': {'value': 178, 'displayName': 'StandingSave'}}, {'type': {'value': 1, 'displayName': 'Longball'}}, {'type': {'value': 213, 'displayName': 'Angle'}, 'value': '5.9'}, {'type': {'value': 56, 'displayName': 'Zone'}, 'value': 'Right'}, {'type': {'value': 141, 'displayName': 'PassEndY'}, 'value': '8.6'}, {'type': {'value': 212, 'displayName': 'Length'}, 'value': '40.0'}]","[91, 120, 128, 36, 38, 217, 218]",True,73063.0,70.0,8.6,,,,,,,,,
2404755399.0,403,48,36.0,189,29.7,88.8,52,"{'value': 2, 'displayName': 'SecondHalf'}","{'value': 8, 'displayName': 'Interception'}","{'value': 1, 'displayName': 'Successful'}","[{'type': {'value': 56, 'displayName': 'Zone'}, 'value': 'Back'}]","[91, 101, 56]",True,342499.0,,,,,,,,,,,
2404755695.0,454,48,48.0,29,65.1,0.0,52,"{'value': 2, 'displayName': 'SecondHalf'}","{'value': 1, 'displayName': 'Pass'}","{'value': 0, 'displayName': 'Unsuccessful'}","[{'type': {'value': 213, 'displayName': 'Angle'}, 'value': '0.2'}, {'type': {'value': 141, 'displayName': 'PassEndY'}, 'value': '11.2'}, {'type': {'value': 212, 'displayName': 'Length'}, 'value': '38.3'}, {'type': {'value': 140, 'displayName': 'PassEndX'}, 'value': '100.0'}, {'type': {'value': 1, 'displayName': 'Longball'}}, {'type': {'value': 107, 'displayName': 'ThrowIn'}}, {'type': {'value': 56, 'displayName': 'Zone'}, 'value': 'Right'}]","[91, 212, 36, 37, 217]",True,111372.0,100.0,11.2,,,,,,,,,
2404755999.0,406,49,3.0,189,2.1,57.7,53,"{'value': 2, 'displayName': 'SecondHalf'}","{'value': 1, 'displayName': 'Pass'}","{'value': 1, 'displayName': 'Successful'}","[{'type': {'value': 124, 'displayName': 'GoalKick'}}, {'type': {'value': 56, 'displayName': 'Zone'}, 'value': 'Back'}, {'type': {'value': 213, 'displayName': 'Angle'}, 'value': '5.1'}, {'type': {'value': 212, 'displayName': 'Length'}, 'value': '22.3'}, {'type': {'value': 140, 'displayName': 'PassEndX'}, 'value': '10.3'}, {'type': {'value': 141, 'displayName': 'PassEndY'}, 'value': '27.4'}]","[91, 117, 30, 36, 38, 215, 218]",True,276366.0,10.3,27.4,,,,,,,,,
2404756045.0,407,49,7.0,189,20.5,27.8,53,"{'value': 2, 'displayName': 'SecondHalf'}","{'value': 1, 'displayName': 'Pass'}","{'value': 1, 'displayName': 'Successful'}","[{'type': {'value': 178, 'displayName': 'StandingSave'}}, {'type': {'value': 213, 'displayName': 'Angle'}, 'value': '1.6'}, {'type': {'value': 212, 'displayName': 'Length'}, 'value': '28.1'}, {'type': {'value': 56, 'displayName': 'Zone'}, 'value': 'Back'}, {'type': {'value': 140, 'displayName': 'PassEndX'}, 'value': '18.9'}, {'type': {'value': 141, 'displayName': 'PassEndY'}, 'value': '69.0'}]","[91, 117, 30, 35, 37, 215, 218]",True,29026.0,18.9,69.0,,,,,,,,,
2404756153.0,408,49,11.0,189,25.5,72.6,53,"{'value': 2, 'displayName': 'SecondHalf'}","{'value': 1, 'displayName': 'Pass'}","{'value': 1, 'displayName': 'Successful'}","[{'type': {'value': 213, 'displayName': 'Angle'}, 'value': '5.8'}, {'type': {'value': 56, 'displayName': 'Zone'}, 'value': 'Back'}, {'type': {'value': 140, 'displayName': 'PassEndX'}, 'value': '39.1'}, {'type': {'value': 212, 'displayName': 'Length'}, 'value': '15.9'}, {'type': {'value': 141, 'displayName': 'PassEndY'}, 'value': '62.3'}, {'type': {'value': 178, 'displayName': 'StandingSave'}}]","[91, 117, 30, 36, 38, 216, 218]",True,342499.0,39.1,62.3,,,,,,,,,
2404756301.0,409,49,14.0,189,33.0,61.0,53,"{'value': 2, 'displayName': 'SecondHalf'}","{'value': 1, 'displayName': 'Pass'}","{'value': 1, 'displayName': 'Successful'}","[{'type': {'value': 1, 'displayName': 'Longball'}}, {'type': {'value': 212, 'displayName': 'Length'}, 'value': '40.9'}, {'type': {'value': 141, 'displayName': 'PassEndY'}, 'value': '5.8'}, {'type': {'value': 56, 'displayName': 'Zone'}, 'value': 'Back'}, {'type': {'value': 178, 'displayName': 'StandingSave'}}, {'type': {'value': 213, 'displayName': 'Angle'}, 'value': '5.1'}, {'type': {'value': 140, 'displayName': 'PassEndX'}, 'value': '48.4'}]","[91, 117, 127, 36, 38, 216, 218]",True,134240.0,48.4,5.8,,,,,,,,,
2404756311.0,410,49,24.0,189,89.4,25.1,53,"{'value': 2, 'displayName': 'SecondHalf'}","{'value': 1, 'displayName': 'Pass'}","{'value': 0, 'displayName': 'Unsuccessful'}","[{'type': {'value': 212, 'displayName': 'Length'}, 'value': '10.3'}, {'type': {'value': 178, 'displayName': 'StandingSave'}}, {'type': {'value': 213, 'displayName': 'Angle'}, 'value': '1.4'}, {'type': {'value': 141, 'displayName': 'PassEndY'}, 'value': '40.1'}, {'type': {'value': 56, 'displayName': 'Zone'}, 'value': 'Center'}, {'type': {'value': 140, 'displayName': 'PassEndX'}, 'value': '91.0'}]","[91, 120, 29, 36, 37, 217, 218]",True,321085.0,91.0,40.1,,,,,,,,,
2404756405.0,456,49,24.0,29,9.7,56.2,53,"{'value': 2, 'displayName': 'SecondHalf'}","{'value': 12, 'displayName': 'Clearance'}","{'value': 1, 'displayName': 'Successful'}","[{'type': {'value': 212, 'displayName': 'Length'}, 'value': '25.4'}, {'type': {'value': 178, 'displayName': 'StandingSave'}}, {'type': {'value': 141, 'displayName': 'PassEndY'}, 'value': '76.9'}, {'type': {'value': 213, 'displayName': 'Angle'}, 'value': '0.6'}, {'type': {'value': 56, 'displayName': 'Zone'}, 'value': 'Back'}, {'type': {'value': 140, 'displayName': 'PassEndX'}, 'value': '29.8'}]","[91, 94, 95, 215]",True,300359.0,29.8,76.9,,,,,,,,,
2404756393.0,411,49,27.0,189,74.2,23.2,53,"{'value': 2, 'displayName': 'SecondHalf'}","{'value': 1, 'displayName': 'Pass'}","{'value': 0, 'displayName': 'Unsuccessful'}","[{'type': {'value': 213, 'displayName': 'Angle'}, 'value': '1.0'}, {'type': {'value': 140, 'displayName': 'PassEndX'}, 'value': '89.8'}, {'type': {'value': 2, 'displayName': 'Cross'}}, {'type': {'value': 20, 'displayName': 'RightFoot'}}, {'type': {'value': 212, 'displayName': 'Length'}, 'value': '31.9'}, {'type': {'value': 56, 'displayName': 'Zone'}, 'value': 'Center'}, {'type': {'value': 178, 'displayName': 'StandingSave'}}, {'type': {'value': 155, 'displayName': 'Chipped'}}, {'type': {'value': 141, 'displayName': 'PassEndY'}, 'value': '63.5'}]","[91, 137, 124, 126, 36, 37, 217, 218]",True,101856.0,89.8,63.5,,,,,,,,,
2404756435.0,457,49,29.0,29,8.0,40.9,53,"{'value': 2, 'displayName': 'SecondHalf'}","{'value': 12, 'displayName': 'Clearance'}","{'value': 1, 'displayName': 'Successful'}","[{'type': {'value': 212, 'displayName': 'Length'}, 'value': '20.9'}, {'type': {'value': 213, 'displayName': 'Angle'}, 'value': '0.1'}, {'type': {'value': 141, 'displayName': 'PassEndY'}, 'value': '45.0'}, {'type': {'value': 140, 'displayName': 'PassEndX'}, 'value': '27.7'}, {'type': {'value': 15, 'displayName': 'Head'}}, {'type': {'value': 56, 'displayName': 'Zone'}, 'value': 'Back'}]","[91, 94, 95, 57, 215]",True,111372.0,27.7,45.0,,,,,,,,,
2404756463.0,458,49,31.0,29,29.1,45.0,53,"{'value': 2, 'displayName': 'SecondHalf'}","{'value': 49, 'displayName': 'BallRecovery'}","{'value': 1, 'displayName': 'Successful'}",[],[93],False,89998.0,,,,,,,,,,,
2404756665.0,459,49,33.0,29,31.4,54.3,53,"{'value': 2, 'displayName': 'SecondHalf'}","{'value': 50, 'displayName': 'Dispossessed'}","{'value': 1, 'displayName': 'Successful'}","[{'type': {'value': 233, 'displayName': 'OppositeRelatedEvent'}, 'value': '413'}, {'type': {'value': 56, 'displayName': 'Zone'}, 'value': 'Back'}, {'type': {'value': 285, 'displayName': 'Defensive'}}]","[91, 70]",True,89998.0,,,,,,,,,,,
2404757017.0,413,49,34.0,189,68.6,45.7,53,"{'value': 2, 'displayName': 'SecondHalf'}","{'value': 7, 'displayName': 'Tackle'}","{'value': 0, 'displayName': 'Unsuccessful'}","[{'type': {'value': 178, 'displayName': 'StandingSave'}}, {'type': {'value': 233, 'displayName': 'OppositeRelatedEvent'}, 'value': '459'}, {'type': {'value': 286, 'displayName': 'Offensive'}}, {'type': {'value': 56, 'displayName': 'Zone'}, 'value': 'Center'}]","[91, 142]",True,69344.0,,,,,,,,,,,
2404756655.0,412,49,35.0,189,70.2,46.4,53,"{'value': 2, 'displayName': 'SecondHalf'}","{'value': 4, 'displayName': 'Foul'}","{'value': 1, 'displayName': 'Successful'}","[{'type': {'value': 56, 'displayName': 'Zone'}, 'value': 'Center'}, {'type': {'value': 286, 'displayName': 'Offensive'}}, {'type': {'value': 233, 'displayName': 'OppositeRelatedEvent'}, 'value': '460'}]","[91, 63]",True,,,,,,,,,,,,
2404756717.0,460,49,35.0,29,29.8,53.6,53,"{'value': 2, 'displayName': 'SecondHalf'}","{'value': 4, 'displayName': 'Foul'}","{'value': 0, 'displayName': 'Unsuccessful'}","[{'type': {'value': 56, 'displayName': 'Zone'}, 'value': 'Back'}, {'type': {'value': 285, 'displayName': 'Defensive'}}, {'type': {'value': 233, 'displayName': 'OppositeRelatedEvent'}, 'value': '412'}]",[64],False,89998.0,,,,,,,,,,,
2404757377.0,414,50,15.0,189,68.3,40.7,54,"{'value': 2, 'displayName': 'SecondHalf'}","{'value': 1, 'displayName': 'Pass'}","{'value': 1, 'displayName': 'Successful'}","[{'type': {'value': 178, 'displayName': 'StandingSave'}}, {'type': {'value': 140, 'displayName': 'PassEndX'}, 'value': '76.3'}, {'type': {'value': 213, 'displayName': 'Angle'}, 'value': '0.5'}, {'type': {'value': 5, 'displayName': 'FreekickTaken'}}, {'type': {'value': 212, 'displayName': 'Length'}, 'value': '9.6'}, {'type': {'value': 141, 'displayName': 'PassEndY'}, 'value': '47.5'}, {'type': {'value': 56, 'displayName': 'Zone'}, 'value': 'Center'}]","[91, 119, 117, 30, 132, 205, 36, 37, 217, 218]",True,69344.0,76.3,47.5,,,,,,,,,
2404757391.0,415,50,16.0,189,76.3,47.5,54,"{'value': 2, 'displayName': 'SecondHalf'}","{'value': 1, 'displayName': 'Pass'}","{'value': 0, 'displayName': 'Unsuccessful'}","[{'type': {'value': 212, 'displayName': 'Length'}, 'value': '10.4'}, {'type': {'value': 141, 'displayName': 'PassEndY'}, 'value': '33.1'}, {'type': {'value': 178, 'displayName': 'StandingSave'}}, {'type': {'value': 56, 'displayName': 'Zone'}, 'value': 'Center'}, {'type': {'value': 140, 'displayName': 'PassEndX'}, 'value': '79.5'}, {'type': {'value': 213, 'displayName': 'Angle'}, 'value': '5.0'}]","[91, 120, 29, 36, 38, 217, 218]",True,101856.0,79.5,33.1,,,,,,,,,
2404757477.0,461,50,17.0,29,20.1,63.8,54,"{'value': 2, 'displayName': 'SecondHalf'}","{'value': 12, 'displayName': 'Clearance'}","{'value': 1, 'displayName': 'Successful'}","[{'type': {'value': 212, 'displayName': 'Length'}, 'value': '42.2'}, {'type': {'value': 56, 'displayName': 'Zone'}, 'value': 'Center'}, {'type': {'value': 178, 'displayName': 'StandingSave'}}, {'type': {'value': 213, 'displayName': 'Angle'}, 'value': '6.2'}, {'type': {'value': 140, 'displayName': 'PassEndX'}, 'value': '60.2'}, {'type': {'value': 141, 'displayName': 'PassEndY'}, 'value': '60.3'}]","[91, 94, 95, 216]",True,297203.0,60.2,60.3,,,,,,,,,
2404757683.0,416,50,26.0,189,42.3,31.4,54,"{'value': 2, 'displayName': 'SecondHalf'}","{'value': 1, 'displayName': 'Pass'}","{'value': 1, 'displayName': 'Successful'}","[{'type': {'value': 212, 'displayName': 'Length'}, 'value': '47.4'}, {'type': {'value': 178, 'displayName': 'StandingSave'}}, {'type': {'value': 213, 'displayName': 'Angle'}, 'value': '0.7'}, {'type': {'value': 141, 'displayName': 'PassEndY'}, 'value': '78.5'}, {'type': {'value': 140, 'displayName': 'PassEndX'}, 'value': '75.6'}, {'type': {'value': 1, 'displayName': 'Longball'}}, {'type': {'value': 155, 'displayName': 'Chipped'}}, {'type': {'value': 56, 'displayName': 'Zone'}, 'value': 'Center'}]","[91, 119, 117, 124, 127, 205, 36, 37, 217, 218]",True,276366.0,75.6,78.5,,,,,,,,,
2404757691.0,417,50,29.0,189,75.8,75.9,54,"{'value': 2, 'displayName': 'SecondHalf'}","{'value': 44, 'displayName': 'Aerial'}","{'value': 1, 'displayName': 'Successful'}","[{'type': {'value': 286, 'displayName': 'Offensive'}}, {'type': {'value': 56, 'displayName': 'Zone'}, 'value': 'Center'}, {'type': {'value': 233, 'displayName': 'OppositeRelatedEvent'}, 'value': '462'}]","[197, 199]",False,342499.0,,,,,,,,,,,
2404757663.0,462,50,29.0,29,24.2,24.1,54,"{'value': 2, 'displayName': 'SecondHalf'}","{'value': 44, 'displayName': 'Aerial'}","{'value': 0, 'displayName': 'Unsuccessful'}","[{'type': {'value': 56, 'displayName': 'Zone'}, 'value': 'Back'}, {'type': {'value': 233, 'displayName': 'OppositeRelatedEvent'}, 'value': '417'}, {'type': {'value': 285, 'displayName': 'Defensive'}}]","[198, 200]",False,143595.0,,,,,,,,,,,
2404757709.0,418,50,29.0,189,75.6,78.5,54,"{'value': 2, 'displayName': 'SecondHalf'}","{'value': 1, 'displayName': 'Pass'}","{'value': 0, 'displayName': 'Unsuccessful'}","[{'type': {'value': 212, 'displayName': 'Length'}, 'value': '18.7'}, {'type': {'value': 141, 'displayName': 'PassEndY'}, 'value': '57.9'}, {'type': {'value': 140, 'displayName': 'PassEndX'}, 'value': '87.4'}, {'type': {'value': 56, 'displayName': 'Zone'}, 'value': 'Center'}, {'type': {'value': 3, 'displayName': 'HeadPass'}}, {'type': {'value': 213, 'displayName': 'Angle'}, 'value': '5.4'}]","[91, 120, 29, 139, 36, 38, 217, 218]",True,342499.0,87.4,57.9,,,,,,,,,
2404757787.0,463,50,30.0,29,13.7,35.1,54,"{'value': 2, 'displayName': 'SecondHalf'}","{'value': 12, 'displayName': 'Clearance'}","{'value': 1, 'displayName': 'Successful'}","[{'type': {'value': 56, 'displayName': 'Zone'}, 'value': 'Back'}, {'type': {'value': 212, 'displayName': 'Length'}, 'value': '26.6'}, {'type': {'value': 213, 'displayName': 'Angle'}, 'value': '5.3'}, {'type': {'value': 15, 'displayName': 'Head'}}, {'type': {'value': 141, 'displayName': 'PassEndY'}, 'value': '1.9'}, {'type': {'value': 140, 'displayName': 'PassEndX'}, 'value': '27.1'}]","[91, 94, 95, 57, 215]",True,73063.0,27.1,1.9,,,,,,,,,
2404963407.0,892,50,34.0,29,24.4,2.9,54,"{'value': 2, 'displayName': 'SecondHalf'}","{'value': 12, 'displayName': 'Clearance'}","{'value': 1, 'displayName': 'Successful'}","[{'type': {'value': 178, 'displayName': 'StandingSave'}}, {'type': {'value': 140, 'displayName': 'PassEndX'}, 'value': '25.8'}, {'type': {'value': 141, 'displayName': 'PassEndY'}, 'value': '0.0'}, {'type': {'value': 56, 'displayName': 'Zone'}, 'value': 'Back'}, {'type': {'value': 212, 'displayName': 'Length'}, 'value': '3.0'}, {'type': {'value': 213, 'displayName': 'Angle'}, 'value': '5.2'}]","[91, 94, 95, 215]",True,69517.0,25.8,0.0,,,,,,,,,
2404758135.0,420,50,47.0,189,74.0,100.0,54,"{'value': 2, 'displayName': 'SecondHalf'}","{'value': 1, 'displayName': 'Pass'}","{'value': 1, 'displayName': 'Successful'}","[{'type': {'value': 56, 'displayName': 'Zone'}, 'value': 'Left'}, {'type': {'value': 107, 'displayName': 'ThrowIn'}}, {'type': {'value': 212, 'displayName': 'Length'}, 'value': '11.3'}, {'type': {'value': 213, 'displayName': 'Angle'}, 'value': '4.7'}, {'type': {'value': 141, 'displayName': 'PassEndY'}, 'value': '84.5'}, {'type': {'value': 140, 'displayName': 'PassEndX'}, 'value': '73.8'}]","[91, 212, 35, 38, 217]",True,229562.0,73.8,84.5,,,,,,,,,
2404758181.0,421,50,48.0,189,73.8,84.5,54,"{'value': 2, 'displayName': 'SecondHalf'}","{'value': 1, 'displayName': 'Pass'}","{'value': 1, 'displayName': 'Successful'}","[{'type': {'value': 212, 'displayName': 'Length'}, 'value': '6.8'}, {'type': {'value': 141, 'displayName': 'PassEndY'}, 'value': '94.5'}, {'type': {'value': 213, 'displayName': 'Angle'}, 'value': '1.6'}, {'type': {'value': 178, 'displayName': 'StandingSave'}}, {'type': {'value': 140, 'displayName': 'PassEndX'}, 'value': '73.4'}, {'type': {'value': 56, 'displayName': 'Zone'}, 'value': 'Left'}]","[91, 119, 117, 30, 205, 35, 37, 217, 218]",True,134240.0,73.4,94.5,,,,,,,,,
2404758247.0,422,50,51.0,189,72.7,94.1,54,"{'value': 2, 'displayName': 'SecondHalf'}","{'value': 1, 'displayName': 'Pass'}","{'value': 1, 'displayName': 'Successful'}","[{'type': {'value': 140, 'displayName': 'PassEndX'}, 'value': '73.2'}, {'type': {'value': 56, 'displayName': 'Zone'}, 'value': 'Center'}, {'type': {'value': 141, 'displayName': 'PassEndY'}, 'value': '71.4'}, {'type': {'value': 213, 'displayName': 'Angle'}, 'value': '4.7'}, {'type': {'value': 212, 'displayName': 'Length'}, 'value': '15.4'}, {'type': {'value': 178, 'displayName': 'StandingSave'}}]","[91, 119, 117, 30, 205, 36, 38, 217, 218]",True,69344.0,73.2,71.4,,,,,,,,,
2404758307.0,423,50,54.0,189,71.1,67.2,54,"{'value': 2, 'displayName': 'SecondHalf'}","{'value': 1, 'displayName': 'Pass'}","{'value': 1, 'displayName': 'Successful'}","[{'type': {'value': 141, 'displayName': 'PassEndY'}, 'value': '56.1'}, {'type': {'value': 212, 'displayName': 'Length'}, 'value': '9.1'}, {'type': {'value': 213, 'displayName': 'Angle'}, 'value': '5.3'}, {'type': {'value': 140, 'displayName': 'PassEndX'}, 'value': '75.9'}, {'type': {'value': 56, 'displayName': 'Zone'}, 'value': 'Center'}, {'type': {'value': 210, 'displayName': 'ShotAssist'}, 'value': '15'}, {'type': {'value': 178, 'displayName': 'StandingSave'}}, {'type': {'value': 11113, 'displayName': 'KeyPass'}}]","[91, 119, 117, 30, 123, 205, 40, 46, 36, 38, 217, 218]",True,134240.0,75.9,56.1,,,,,,,,,
2404758315.0,424,50,56.0,189,77.4,52.8,54,"{'value': 2, 'displayName': 'SecondHalf'}","{'value': 15, 'displayName': 'SavedShot'}","{'value': 1, 'displayName': 'Successful'}","[{'type': {'value': 72, 'displayName': 'LeftFoot'}}, {'type': {'value': 18, 'displayName': 'OutOfBoxCentre'}}, {'type': {'value': 146, 'displayName': 'BlockedX'}, 'value': '80.8'}, {'type': {'value': 55, 'displayName': 'RelatedEventId'}, 'value': '423'}, {'type': {'value': 178, 'displayName': 'StandingSave'}}, {'type': {'value': 82, 'displayName': 'Blocked'}}, {'type': {'value': 102, 'displayName': 'GoalMouthY'}, 'value': '51.0'}, {'type': {'value': 29, 'displayName': 'Assisted'}}, {'type': {'value': 147, 'displayName': 'BlockedY'}, 'value': '52.5'}, {'type': {'value': 22, 'displayName': 'RegularPlay'}}, {'type': {'value': 233, 'displayName': 'OppositeRelatedEvent'}, 'value': '465'}, {'type': {'value': 56, 'displayName': 'Zone'}, 'value': 'Center'}, {'type': {'value': 78, 'displayName': 'LowCentre'}}, {'type': {'value': 103, 'displayName': 'GoalMouthZ'}, 'value': '19'}]","[91, 10, 2, 3, 11, 13]",True,298689.0,,,423.0,134240.0,80.8,52.5,19.0,51.0,True,,
2404758327.0,465,50,56.0,29,22.0,45.0,54,"{'value': 2, 'displayName': 'SecondHalf'}","{'value': 10, 'displayName': 'Save'}","{'value': 1, 'displayName': 'Successful'}","[{'type': {'value': 233, 'displayName': 'OppositeRelatedEvent'}, 'value': '424'}, {'type': {'value': 94, 'displayName': 'OutfielderBlock'}}, {'type': {'value': 56, 'displayName': 'Zone'}, 'value': 'Back'}, {'type': {'value': 178, 'displayName': 'StandingSave'}}]","[91, 58]",True,300359.0,,,,,,,,,,,
2404758387.0,466,51,0.0,29,36.2,12.0,55,"{'value': 2, 'displayName': 'SecondHalf'}","{'value': 49, 'displayName': 'BallRecovery'}","{'value': 1, 'displayName': 'Successful'}",[],[93],False,69517.0,,,,,,,,,,,
2404758513.0,467,51,2.0,29,33.3,8.8,55,"{'value': 2, 'displayName': 'SecondHalf'}","{'value': 1, 'displayName': 'Pass'}","{'value': 1, 'displayName': 'Successful'}","[{'type': {'value': 213, 'displayName': 'Angle'}, 'value': '2.4'}, {'type': {'value': 178, 'displayName': 'StandingSave'}}, {'type': {'value': 140, 'displayName': 'PassEndX'}, 'value': '18.8'}, {'type': {'value': 56, 'displayName': 'Zone'}, 'value': 'Back'}, {'type': {'value': 141, 'displayName': 'PassEndY'}, 'value': '29.9'}, {'type': {'value': 212, 'displayName': 'Length'}, 'value': '20.9'}]","[91, 117, 30, 35, 37, 215, 218]",True,69517.0,18.8,29.9,,,,,,,,,
2404758585.0,468,51,5.0,29,20.0,29.3,55,"{'value': 2, 'displayName': 'SecondHalf'}","{'value': 1, 'displayName': 'Pass'}","{'value': 1, 'displayName': 'Successful'}","[{'type': {'value': 212, 'displayName': 'Length'}, 'value': '14.3'}, {'type': {'value': 56, 'displayName': 'Zone'}, 'value': 'Back'}, {'type': {'value': 141, 'displayName': 'PassEndY'}, 'value': '8.8'}, {'type': {'value': 213, 'displayName': 'Angle'}, 'value': '4.9'}, {'type': {'value': 178, 'displayName': 'StandingSave'}}, {'type': {'value': 140, 'displayName': 'PassEndX'}, 'value': '23.0'}]","[91, 117, 30, 36, 38, 215, 218]",True,73063.0,23.0,8.8,,,,,,,,,
2404758597.0,469,51,7.0,29,23.0,8.8,55,"{'value': 2, 'displayName': 'SecondHalf'}","{'value': 1, 'displayName': 'Pass'}","{'value': 0, 'displayName': 'Unsuccessful'}","[{'type': {'value': 213, 'displayName': 'Angle'}, 'value': '5.9'}, {'type': {'value': 286, 'displayName': 'Offensive'}}, {'type': {'value': 178, 'displayName': 'StandingSave'}}, {'type': {'value': 212, 'displayName': 'Length'}, 'value': '4.4'}, {'type': {'value': 141, 'displayName': 'PassEndY'}, 'value': '6.1'}, {'type': {'value': 233, 'displayName': 'OppositeRelatedEvent'}, 'value': '425'}, {'type': {'value': 56, 'displayName': 'Zone'}, 'value': 'Back'}, {'type': {'value': 140, 'displayName': 'PassEndX'}, 'value': '26.8'}]","[91, 118, 120, 29, 36, 38, 215, 218]",True,111372.0,26.8,6.1,,,,,,,,,
2404758611.0,425,51,7.0,189,78.6,91.7,55,"{'value': 2, 'displayName': 'SecondHalf'}","{'value': 74, 'displayName': 'BlockedPass'}","{'value': 1, 'displayName': 'Successful'}","[{'type': {'value': 178, 'displayName': 'StandingSave'}}, {'type': {'value': 233, 'displayName': 'OppositeRelatedEvent'}, 'value': '469'}, {'type': {'value': 285, 'displayName': 'Defensive'}}, {'type': {'value': 56, 'displayName': 'Zone'}, 'value': 'Left'}]","[91, 60]",True,342499.0,,,,,,,,,,,
2404758705.0,470,51,10.0,29,14.6,6.5,55,"{'value': 2, 'displayName': 'SecondHalf'}","{'value': 1, 'displayName': 'Pass'}","{'value': 1, 'displayName': 'Successful'}","[{'type': {'value': 212, 'displayName': 'Length'}, 'value': '13.3'}, {'type': {'value': 213, 'displayName': 'Angle'}, 'value': '2.0'}, {'type': {'value': 141, 'displayName': 'PassEndY'}, 'value': '24.3'}, {'type': {'value': 140, 'displayName': 'PassEndX'}, 'value': '9.4'}, {'type': {'value': 56, 'displayName': 'Zone'}, 'value': 'Back'}, {'type': {'value': 178, 'displayName': 'StandingSave'}}]","[91, 117, 30, 35, 37, 215, 218]",True,111372.0,9.4,24.3,,,,,,,,,
2404758765.0,471,51,11.0,29,9.4,24.3,55,"{'value': 2, 'displayName': 'SecondHalf'}","{'value': 1, 'displayName': 'Pass'}","{'value': 0, 'displayName': 'Unsuccessful'}","[{'type': {'value': 141, 'displayName': 'PassEndY'}, 'value': '22.0'}, {'type': {'value': 212, 'displayName': 'Length'}, 'value': '35.2'}, {'type': {'value': 140, 'displayName': 'PassEndX'}, 'value': '42.9'}, {'type': {'value': 213, 'displayName': 'Angle'}, 'value': '6.2'}, {'type': {'value': 178, 'displayName': 'StandingSave'}}, {'type': {'value': 56, 'displayName': 'Zone'}, 'value': 'Back'}, {'type': {'value': 155, 'displayName': 'Chipped'}}, {'type': {'value': 1, 'displayName': 'Longball'}}]","[91, 118, 120, 124, 128, 36, 38, 216, 218]",True,73063.0,42.9,22.0,,,,,,,,,
2404758781.0,426,51,14.0,189,63.5,77.6,55,"{'value': 2, 'displayName': 'SecondHalf'}","{'value': 1, 'displayName': 'Pass'}","{'value': 0, 'displayName': 'Unsuccessful'}","[{'type': {'value': 141, 'displayName': 'PassEndY'}, 'value': '66.3'}, {'type': {'value': 178, 'displayName': 'StandingSave'}}, {'type': {'value': 3, 'displayName': 'HeadPass'}}, {'type': {'value': 140, 'displayName': 'PassEndX'}, 'value': '71.8'}, {'type': {'value': 213, 'displayName': 'Angle'}, 'value': '5.6'}, {'type': {'value': 56, 'displayName': 'Zone'}, 'value': 'Center'}, {'type': {'value': 212, 'displayName': 'Length'}, 'value': '11.6'}]","[91, 120, 29, 139, 36, 38, 217, 218]",True,229562.0,71.8,66.3,,,,,,,,,
2404758795.0,472,51,15.0,29,30.8,33.3,55,"{'value': 2, 'displayName': 'SecondHalf'}","{'value': 8, 'displayName': 'Interception'}","{'value': 1, 'displayName': 'Successful'}","[{'type': {'value': 56, 'displayName': 'Zone'}, 'value': 'Back'}, {'type': {'value': 178, 'displayName': 'StandingSave'}}]","[91, 101, 56]",True,332325.0,,,,,,,,,,,
2404758835.0,473,51,17.0,29,33.6,29.0,55,"{'value': 2, 'displayName': 'SecondHalf'}","{'value': 1, 'displayName': 'Pass'}","{'value': 1, 'displayName': 'Successful'}","[{'type': {'value': 178, 'displayName': 'StandingSave'}}, {'type': {'value': 213, 'displayName': 'Angle'}, 'value': '2.8'}, {'type': {'value': 56, 'displayName': 'Zone'}, 'value': 'Back'}, {'type': {'value': 140, 'displayName': 'PassEndX'}, 'value': '28.9'}, {'type': {'value': 212, 'displayName': 'Length'}, 'value': '5.2'}, {'type': {'value': 141, 'displayName': 'PassEndY'}, 'value': '31.5'}]","[91, 117, 30, 35, 37, 215, 218]",True,89998.0,28.9,31.5,,,,,,,,,
2404758895.0,474,51,19.0,29,29.1,32.5,55,"{'value': 2, 'displayName': 'SecondHalf'}","{'value': 1, 'displayName': 'Pass'}","{'value': 1, 'displayName': 'Successful'}","[{'type': {'value': 141, 'displayName': 'PassEndY'}, 'value': '49.2'}, {'type': {'value': 212, 'displayName': 'Length'}, 'value': '18.3'}, {'type': {'value': 140, 'displayName': 'PassEndX'}, 'value': '42.8'}, {'type': {'value': 56, 'displayName': 'Zone'}, 'value': 'Back'}, {'type': {'value': 178, 'displayName': 'StandingSave'}}, {'type': {'value': 213, 'displayName': 'Angle'}, 'value': '0.7'}]","[91, 117, 30, 36, 37, 216, 218]",True,143595.0,42.8,49.2,,,,,,,,,
2404759023.0,475,51,21.0,29,43.2,49.2,55,"{'value': 2, 'displayName': 'SecondHalf'}","{'value': 1, 'displayName': 'Pass'}","{'value': 1, 'displayName': 'Successful'}","[{'type': {'value': 56, 'displayName': 'Zone'}, 'value': 'Right'}, {'type': {'value': 155, 'displayName': 'Chipped'}}, {'type': {'value': 1, 'displayName': 'Longball'}}, {'type': {'value': 140, 'displayName': 'PassEndX'}, 'value': '77.3'}, {'type': {'value': 213, 'displayName': 'Angle'}, 'value': '5.7'}, {'type': {'value': 141, 'displayName': 'PassEndY'}, 'value': '11.8'}, {'type': {'value': 178, 'displayName': 'StandingSave'}}, {'type': {'value': 212, 'displayName': 'Length'}, 'value': '43.9'}]","[91, 119, 117, 124, 127, 205, 36, 38, 217, 218]",True,297203.0,77.3,11.8,,,,,,,,,
2404759049.0,476,51,28.0,29,84.5,9.7,55,"{'value': 2, 'displayName': 'SecondHalf'}","{'value': 1, 'displayName': 'Pass'}","{'value': 1, 'displayName': 'Successful'}","[{'type': {'value': 56, 'displayName': 'Zone'}, 'value': 'Right'}, {'type': {'value': 213, 'displayName': 'Angle'}, 'value': '3.2'}, {'type': {'value': 178, 'displayName': 'StandingSave'}}, {'type': {'value': 140, 'displayName': 'PassEndX'}, 'value': '78.3'}, {'type': {'value': 212, 'displayName': 'Length'}, 'value': '6.5'}, {'type': {'value': 141, 'displayName': 'PassEndY'}, 'value': '9.1'}]","[91, 119, 117, 30, 205, 35, 38, 217, 218]",True,69517.0,78.3,9.1,,,,,,,,,
2404759087.0,477,51,30.0,29,78.1,9.3,55,"{'value': 2, 'displayName': 'SecondHalf'}","{'value': 1, 'displayName': 'Pass'}","{'value': 1, 'displayName': 'Successful'}","[{'type': {'value': 212, 'displayName': 'Length'}, 'value': '12.1'}, {'type': {'value': 56, 'displayName': 'Zone'}, 'value': 'Center'}, {'type': {'value': 178, 'displayName': 'StandingSave'}}, {'type': {'value': 140, 'displayName': 'PassEndX'}, 'value': '75.8'}, {'type': {'value': 213, 'displayName': 'Angle'}, 'value': '1.8'}, {'type': {'value': 141, 'displayName': 'PassEndY'}, 'value': '26.7'}]","[91, 119, 117, 30, 205, 35, 37, 217, 218]",True,89998.0,75.8,26.7,,,,,,,,,
2404759135.0,478,51,31.0,29,75.8,26.7,55,"{'value': 2, 'displayName': 'SecondHalf'}","{'value': 1, 'displayName': 'Pass'}","{'value': 1, 'displayName': 'Successful'}","[{'type': {'value': 56, 'displayName': 'Zone'}, 'value': 'Right'}, {'type': {'value': 178, 'displayName': 'StandingSave'}}, {'type': {'value': 212, 'displayName': 'Length'}, 'value': '16.0'}, {'type': {'value': 213, 'displayName': 'Angle'}, 'value': '5.4'}, {'type': {'value': 141, 'displayName': 'PassEndY'}, 'value': '8.6'}, {'type': {'value': 140, 'displayName': 'PassEndX'}, 'value': '85.6'}]","[91, 119, 117, 30, 205, 36, 38, 217, 218]",True,143595.0,85.6,8.6,,,,,,,,,
2404759145.0,479,51,34.0,29,86.5,8.5,55,"{'value': 2, 'displayName': 'SecondHalf'}","{'value': 1, 'displayName': 'Pass'}","{'value': 0, 'displayName': 'Unsuccessful'}","[{'type': {'value': 212, 'displayName': 'Length'}, 'value': '3.2'}, {'type': {'value': 178, 'displayName': 'StandingSave'}}, {'type': {'value': 140, 'displayName': 'PassEndX'}, 'value': '86.9'}, {'type': {'value': 20, 'displayName': 'RightFoot'}}, {'type': {'value': 141, 'displayName': 'PassEndY'}, 'value': '13.1'}, {'type': {'value': 155, 'displayName': 'Chipped'}}, {'type': {'value': 213, 'displayName': 'Angle'}, 'value': '1.4'}, {'type': {'value': 56, 'displayName': 'Zone'}, 'value': 'Right'}, {'type': {'value': 2, 'displayName': 'Cross'}}]","[91, 137, 124, 126, 36, 37, 217, 218]",True,69517.0,86.9,13.1,,,,,,,,,
2404759149.0,427,51,34.0,189,13.1,85.2,55,"{'value': 2, 'displayName': 'SecondHalf'}","{'value': 61, 'displayName': 'BallTouch'}","{'value': 1, 'displayName': 'Successful'}","[{'type': {'value': 56, 'displayName': 'Zone'}, 'value': 'Back'}, {'type': {'value': 21, 'displayName': 'OtherBodyPart'}}, {'type': {'value': 178, 'displayName': 'StandingSave'}}]",[91],True,229562.0,,,,,,,,,,,
2404759253.0,480,51,38.0,29,80.1,5.3,55,"{'value': 2, 'displayName': 'SecondHalf'}","{'value': 1, 'displayName': 'Pass'}","{'value': 1, 'displayName': 'Successful'}","[{'type': {'value': 140, 'displayName': 'PassEndX'}, 'value': '71.5'}, {'type': {'value': 56, 'displayName': 'Zone'}, 'value': 'Right'}, {'type': {'value': 141, 'displayName': 'PassEndY'}, 'value': '5.3'}, {'type': {'value': 178, 'displayName': 'StandingSave'}}, {'type': {'value': 212, 'displayName': 'Length'}, 'value': '9.0'}, {'type': {'value': 213, 'displayName': 'Angle'}, 'value': '3.1'}]","[91, 119, 117, 30, 205, 35, 217, 218]",True,69517.0,71.5,5.3,,,,,,,,,
2404759321.0,481,51,41.0,29,69.6,8.6,55,"{'value': 2, 'displayName': 'SecondHalf'}","{'value': 1, 'displayName': 'Pass'}","{'value': 1, 'displayName': 'Successful'}","[{'type': {'value': 212, 'displayName': 'Length'}, 'value': '14.1'}, {'type': {'value': 56, 'displayName': 'Zone'}, 'value': 'Center'}, {'type': {'value': 141, 'displayName': 'PassEndY'}, 'value': '27.6'}, {'type': {'value': 213, 'displayName': 'Angle'}, 'value': '2.0'}, {'type': {'value': 140, 'displayName': 'PassEndX'}, 'value': '64.3'}, {'type': {'value': 178, 'displayName': 'StandingSave'}}]","[91, 119, 117, 30, 35, 37, 216, 218]",True,89998.0,64.3,27.6,,,,,,,,,
2404759375.0,482,51,44.0,29,64.3,27.6,55,"{'value': 2, 'displayName': 'SecondHalf'}","{'value': 1, 'displayName': 'Pass'}","{'value': 0, 'displayName': 'Unsuccessful'}","[{'type': {'value': 213, 'displayName': 'Angle'}, 'value': '1.0'}, {'type': {'value': 56, 'displayName': 'Zone'}, 'value': 'Left'}, {'type': {'value': 1, 'displayName': 'Longball'}}, {'type': {'value': 155, 'displayName': 'Chipped'}}, {'type': {'value': 178, 'displayName': 'StandingSave'}}, {'type': {'value': 212, 'displayName': 'Length'}, 'value': '42.8'}, {'type': {'value': 140, 'displayName': 'PassEndX'}, 'value': '85.8'}, {'type': {'value': 141, 'displayName': 'PassEndY'}, 'value': '81.0'}]","[91, 120, 124, 128, 36, 37, 217, 218]",True,73063.0,85.8,81.0,,,,,,,,,
2404759393.0,428,51,47.0,189,10.8,17.0,55,"{'value': 2, 'displayName': 'SecondHalf'}","{'value': 12, 'displayName': 'Clearance'}","{'value': 1, 'displayName': 'Successful'}","[{'type': {'value': 213, 'displayName': 'Angle'}, 'value': '4.7'}, {'type': {'value': 141, 'displayName': 'PassEndY'}, 'value': '0.0'}, {'type': {'value': 15, 'displayName': 'Head'}}, {'type': {'value': 212, 'displayName': 'Length'}, 'value': '12.4'}, {'type': {'value': 140, 'displayName': 'PassEndX'}, 'value': '10.5'}, {'type': {'value': 56, 'displayName': 'Zone'}, 'value': 'Back'}]","[91, 94, 95, 57, 215]",True,321085.0,10.5,0.0,,,,,,,,,
2404759659.0,484,51,54.0,29,85.4,100.0,55,"{'value': 2, 'displayName': 'SecondHalf'}","{'value': 1, 'displayName': 'Pass'}","{'value': 1, 'displayName': 'Successful'}","[{'type': {'value': 56, 'displayName': 'Zone'}, 'value': 'Left'}, {'type': {'value': 140, 'displayName': 'PassEndX'}, 'value': '60.4'}, {'type': {'value': 1, 'displayName': 'Longball'}}, {'type': {'value': 212, 'displayName': 'Length'}, 'value': '30.1'}, {'type': {'value': 141, 'displayName': 'PassEndY'}, 'value': '80.3'}, {'type': {'value': 107, 'displayName': 'ThrowIn'}}, {'type': {'value': 213, 'displayName': 'Angle'}, 'value': '3.7'}]","[91, 212, 35, 38, 216]",True,68049.0,60.4,80.3,,,,,,,,,
2404759699.0,485,51,58.0,29,60.4,80.3,55,"{'value': 2, 'displayName': 'SecondHalf'}","{'value': 1, 'displayName': 'Pass'}","{'value': 1, 'displayName': 'Successful'}","[{'type': {'value': 56, 'displayName': 'Zone'}, 'value': 'Center'}, {'type': {'value': 140, 'displayName': 'PassEndX'}, 'value': '55.0'}, {'type': {'value': 212, 'displayName': 'Length'}, 'value': '24.8'}, {'type': {'value': 178, 'displayName': 'StandingSave'}}, {'type': {'value': 141, 'displayName': 'PassEndY'}, 'value': '44.8'}, {'type': {'value': 213, 'displayName': 'Angle'}, 'value': '4.5'}]","[91, 119, 117, 30, 35, 38, 216, 218]",True,332325.0,55.0,44.8,,,,,,,,,
2404759731.0,486,52,1.0,29,55.4,43.3,56,"{'value': 2, 'displayName': 'SecondHalf'}","{'value': 1, 'displayName': 'Pass'}","{'value': 1, 'displayName': 'Successful'}","[{'type': {'value': 213, 'displayName': 'Angle'}, 'value': '4.9'}, {'type': {'value': 56, 'displayName': 'Zone'}, 'value': 'Right'}, {'type': {'value': 212, 'displayName': 'Length'}, 'value': '16.9'}, {'type': {'value': 141, 'displayName': 'PassEndY'}, 'value': '18.8'}, {'type': {'value': 140, 'displayName': 'PassEndX'}, 'value': '58.2'}, {'type': {'value': 178, 'displayName': 'StandingSave'}}]","[91, 119, 117, 30, 36, 38, 216, 218]",True,73063.0,58.2,18.8,,,,,,,,,
2404759761.0,487,52,3.0,29,59.3,16.7,56,"{'value': 2, 'displayName': 'SecondHalf'}","{'value': 1, 'displayName': 'Pass'}","{'value': 1, 'displayName': 'Successful'}","[{'type': {'value': 212, 'displayName': 'Length'}, 'value': '9.9'}, {'type': {'value': 213, 'displayName': 'Angle'}, 'value': '5.7'}, {'type': {'value': 56, 'displayName': 'Zone'}, 'value': 'Right'}, {'type': {'value': 141, 'displayName': 'PassEndY'}, 'value': '8.5'}, {'type': {'value': 178, 'displayName': 'StandingSave'}}, {'type': {'value': 140, 'displayName': 'PassEndX'}, 'value': '67.1'}]","[91, 119, 117, 30, 205, 36, 38, 217, 218]",True,111372.0,67.1,8.5,,,,,,,,,
2404759825.0,488,52,5.0,29,66.4,9.7,56,"{'value': 2, 'displayName': 'SecondHalf'}","{'value': 1, 'displayName': 'Pass'}","{'value': 1, 'displayName': 'Successful'}","[{'type': {'value': 141, 'displayName': 'PassEndY'}, 'value': '28.7'}, {'type': {'value': 178, 'displayName': 'StandingSave'}}, {'type': {'value': 212, 'displayName': 'Length'}, 'value': '12.9'}, {'type': {'value': 213, 'displayName': 'Angle'}, 'value': '1.5'}, {'type': {'value': 140, 'displayName': 'PassEndX'}, 'value': '66.7'}, {'type': {'value': 56, 'displayName': 'Zone'}, 'value': 'Center'}]","[91, 119, 117, 30, 205, 36, 37, 217, 218]",True,322596.0,66.7,28.7,,,,,,,,,
2404759885.0,489,52,9.0,29,67.3,30.4,56,"{'value': 2, 'displayName': 'SecondHalf'}","{'value': 1, 'displayName': 'Pass'}","{'value': 1, 'displayName': 'Successful'}","[{'type': {'value': 212, 'displayName': 'Length'}, 'value': '21.0'}, {'type': {'value': 141, 'displayName': 'PassEndY'}, 'value': '61.3'}, {'type': {'value': 213, 'displayName': 'Angle'}, 'value': '1.6'}, {'type': {'value': 56, 'displayName': 'Zone'}, 'value': 'Center'}, {'type': {'value': 140, 'displayName': 'PassEndX'}, 'value': '66.1'}, {'type': {'value': 178, 'displayName': 'StandingSave'}}]","[91, 119, 117, 30, 35, 37, 216, 218]",True,89998.0,66.1,61.3,,,,,,,,,
2404759935.0,490,52,13.0,29,67.0,66.7,56,"{'value': 2, 'displayName': 'SecondHalf'}","{'value': 1, 'displayName': 'Pass'}","{'value': 1, 'displayName': 'Successful'}","[{'type': {'value': 140, 'displayName': 'PassEndX'}, 'value': '79.2'}, {'type': {'value': 141, 'displayName': 'PassEndY'}, 'value': '94.4'}, {'type': {'value': 213, 'displayName': 'Angle'}, 'value': '1.0'}, {'type': {'value': 212, 'displayName': 'Length'}, 'value': '22.8'}, {'type': {'value': 56, 'displayName': 'Zone'}, 'value': 'Left'}, {'type': {'value': 178, 'displayName': 'StandingSave'}}]","[91, 119, 117, 30, 205, 36, 37, 217, 218]",True,332325.0,79.2,94.4,,,,,,,,,
2404759961.0,491,52,16.0,29,79.2,94.4,56,"{'value': 2, 'displayName': 'SecondHalf'}","{'value': 1, 'displayName': 'Pass'}","{'value': 1, 'displayName': 'Successful'}","[{'type': {'value': 213, 'displayName': 'Angle'}, 'value': '4.1'}, {'type': {'value': 212, 'displayName': 'Length'}, 'value': '4.5'}, {'type': {'value': 141, 'displayName': 'PassEndY'}, 'value': '89.1'}, {'type': {'value': 140, 'displayName': 'PassEndX'}, 'value': '76.7'}, {'type': {'value': 178, 'displayName': 'StandingSave'}}, {'type': {'value': 56, 'displayName': 'Zone'}, 'value': 'Left'}]","[91, 119, 117, 30, 205, 35, 38, 217, 218]",True,68049.0,76.7,89.1,,,,,,,,,
2404760047.0,492,52,17.0,29,75.5,86.3,56,"{'value': 2, 'displayName': 'SecondHalf'}","{'value': 1, 'displayName': 'Pass'}","{'value': 1, 'displayName': 'Successful'}","[{'type': {'value': 213, 'displayName': 'Angle'}, 'value': '4.4'}, {'type': {'value': 178, 'displayName': 'StandingSave'}}, {'type': {'value': 212, 'displayName': 'Length'}, 'value': '10.4'}, {'type': {'value': 56, 'displayName': 'Zone'}, 'value': 'Center'}, {'type': {'value': 141, 'displayName': 'PassEndY'}, 'value': '71.6'}, {'type': {'value': 140, 'displayName': 'PassEndX'}, 'value': '72.6'}]","[91, 119, 117, 30, 205, 35, 38, 217, 218]",True,297203.0,72.6,71.6,,,,,,,,,
2404760111.0,493,52,21.0,29,72.5,66.9,56,"{'value': 2, 'displayName': 'SecondHalf'}","{'value': 1, 'displayName': 'Pass'}","{'value': 1, 'displayName': 'Successful'}","[{'type': {'value': 155, 'displayName': 'Chipped'}}, {'type': {'value': 140, 'displayName': 'PassEndX'}, 'value': '97.8'}, {'type': {'value': 141, 'displayName': 'PassEndY'}, 'value': '17.6'}, {'type': {'value': 1, 'displayName': 'Longball'}}, {'type': {'value': 213, 'displayName': 'Angle'}, 'value': '5.4'}, {'type': {'value': 178, 'displayName': 'StandingSave'}}, {'type': {'value': 212, 'displayName': 'Length'}, 'value': '42.8'}, {'type': {'value': 56, 'displayName': 'Zone'}, 'value': 'Right'}]","[91, 119, 117, 124, 127, 205, 36, 38, 217, 218]",True,332325.0,97.8,17.6,,,,,,,,,
2404760153.0,494,52,23.0,29,97.8,17.6,56,"{'value': 2, 'displayName': 'SecondHalf'}","{'value': 1, 'displayName': 'Pass'}","{'value': 1, 'displayName': 'Successful'}","[{'type': {'value': 212, 'displayName': 'Length'}, 'value': '8.3'}, {'type': {'value': 3, 'displayName': 'HeadPass'}}, {'type': {'value': 56, 'displayName': 'Zone'}, 'value': 'Center'}, {'type': {'value': 141, 'displayName': 'PassEndY'}, 'value': '29.2'}, {'type': {'value': 213, 'displayName': 'Angle'}, 'value': '1.9'}, {'type': {'value': 140, 'displayName': 'PassEndX'}, 'value': '95.2'}]","[91, 119, 117, 30, 139, 205, 35, 37, 217, 218]",True,111372.0,95.2,29.2,,,,,,,,,
2404760213.0,495,52,25.0,29,95.2,29.2,56,"{'value': 2, 'displayName': 'SecondHalf'}","{'value': 61, 'displayName': 'BallTouch'}","{'value': 0, 'displayName': 'Unsuccessful'}","[{'type': {'value': 56, 'displayName': 'Zone'}, 'value': 'Center'}]","[91, 69]",True,322596.0,,,,,,,,,,,
2404760649.0,431,52,41.0,189,4.6,49.9,56,"{'value': 2, 'displayName': 'SecondHalf'}","{'value': 1, 'displayName': 'Pass'}","{'value': 1, 'displayName': 'Successful'}","[{'type': {'value': 141, 'displayName': 'PassEndY'}, 'value': '26.0'}, {'type': {'value': 56, 'displayName': 'Zone'}, 'value': 'Back'}, {'type': {'value': 213, 'displayName': 'Angle'}, 'value': '5.0'}, {'type': {'value': 140, 'displayName': 'PassEndX'}, 'value': '9.7'}, {'type': {'value': 212, 'displayName': 'Length'}, 'value': '17.1'}, {'type': {'value': 124, 'displayName': 'GoalKick'}}]","[91, 117, 30, 36, 38, 215, 218]",True,276366.0,9.7,26.0,,,,,,,,,
2404760763.0,432,52,49.0,189,29.3,19.7,56,"{'value': 2, 'displayName': 'SecondHalf'}","{'value': 1, 'displayName': 'Pass'}","{'value': 1, 'displayName': 'Successful'}","[{'type': {'value': 141, 'displayName': 'PassEndY'}, 'value': '3.7'}, {'type': {'value': 213, 'displayName': 'Angle'}, 'value': '5.6'}, {'type': {'value': 178, 'displayName': 'StandingSave'}}, {'type': {'value': 212, 'displayName': 'Length'}, 'value': '17.7'}, {'type': {'value': 56, 'displayName': 'Zone'}, 'value': 'Back'}, {'type': {'value': 140, 'displayName': 'PassEndX'}, 'value': '42.6'}]","[91, 117, 30, 36, 38, 216, 218]",True,29026.0,42.6,3.7,,,,,,,,,
2404760825.0,433,52,55.0,189,33.2,5.0,56,"{'value': 2, 'displayName': 'SecondHalf'}","{'value': 1, 'displayName': 'Pass'}","{'value': 1, 'displayName': 'Successful'}","[{'type': {'value': 140, 'displayName': 'PassEndX'}, 'value': '8.1'}, {'type': {'value': 141, 'displayName': 'PassEndY'}, 'value': '40.8'}, {'type': {'value': 212, 'displayName': 'Length'}, 'value': '35.9'}, {'type': {'value': 56, 'displayName': 'Zone'}, 'value': 'Back'}, {'type': {'value': 178, 'displayName': 'StandingSave'}}, {'type': {'value': 213, 'displayName': 'Angle'}, 'value': '2.4'}, {'type': {'value': 1, 'displayName': 'Longball'}}]","[91, 117, 127, 35, 37, 215, 218]",True,353377.0,8.1,40.8,,,,,,,,,
2404760939.0,434,53,0.0,189,10.0,44.2,57,"{'value': 2, 'displayName': 'SecondHalf'}","{'value': 1, 'displayName': 'Pass'}","{'value': 1, 'displayName': 'Successful'}","[{'type': {'value': 178, 'displayName': 'StandingSave'}}, {'type': {'value': 212, 'displayName': 'Length'}, 'value': '15.2'}, {'type': {'value': 56, 'displayName': 'Zone'}, 'value': 'Back'}, {'type': {'value': 140, 'displayName': 'PassEndX'}, 'value': '12.5'}, {'type': {'value': 213, 'displayName': 'Angle'}, 'value': '1.4'}, {'type': {'value': 141, 'displayName': 'PassEndY'}, 'value': '66.2'}]","[91, 117, 30, 36, 37, 215, 218]",True,276366.0,12.5,66.2,,,,,,,,,
2404760953.0,435,53,2.0,189,14.1,68.0,57,"{'value': 2, 'displayName': 'SecondHalf'}","{'value': 1, 'displayName': 'Pass'}","{'value': 1, 'displayName': 'Successful'}","[{'type': {'value': 56, 'displayName': 'Zone'}, 'value': 'Back'}, {'type': {'value': 140, 'displayName': 'PassEndX'}, 'value': '28.4'}, {'type': {'value': 213, 'displayName': 'Angle'}, 'value': '5.8'}, {'type': {'value': 212, 'displayName': 'Length'}, 'value': '17.2'}, {'type': {'value': 178, 'displayName': 'StandingSave'}}, {'type': {'value': 141, 'displayName': 'PassEndY'}, 'value': '55.8'}]","[91, 117, 30, 36, 38, 215, 218]",True,342499.0,28.4,55.8,,,,,,,,,
2404761093.0,436,53,4.0,189,28.4,55.8,57,"{'value': 2, 'displayName': 'SecondHalf'}","{'value': 1, 'displayName': 'Pass'}","{'value': 1, 'displayName': 'Successful'}","[{'type': {'value': 178, 'displayName': 'StandingSave'}}, {'type': {'value': 141, 'displayName': 'PassEndY'}, 'value': '67.2'}, {'type': {'value': 212, 'displayName': 'Length'}, 'value': '11.6'}, {'type': {'value': 213, 'displayName': 'Angle'}, 'value': '2.4'}, {'type': {'value': 140, 'displayName': 'PassEndX'}, 'value': '20.2'}, {'type': {'value': 56, 'displayName': 'Zone'}, 'value': 'Back'}]","[91, 117, 30, 35, 37, 215, 218]",True,101856.0,20.2,67.2,,,,,,,,,
2404761137.0,437,53,9.0,189,23.3,70.7,57,"{'value': 2, 'displayName': 'SecondHalf'}","{'value': 1, 'displayName': 'Pass'}","{'value': 1, 'displayName': 'Successful'}","[{'type': {'value': 178, 'displayName': 'StandingSave'}}, {'type': {'value': 56, 'displayName': 'Zone'}, 'value': 'Back'}, {'type': {'value': 213, 'displayName': 'Angle'}, 'value': '6.3'}, {'type': {'value': 212, 'displayName': 'Length'}, 'value': '10.8'}, {'type': {'value': 140, 'displayName': 'PassEndX'}, 'value': '33.6'}, {'type': {'value': 141, 'displayName': 'PassEndY'}, 'value': '70.2'}]","[91, 117, 30, 36, 38, 216, 218]",True,342499.0,33.6,70.2,,,,,,,,,
2404761211.0,438,53,11.0,189,32.4,73.1,57,"{'value': 2, 'displayName': 'SecondHalf'}","{'value': 1, 'displayName': 'Pass'}","{'value': 1, 'displayName': 'Successful'}","[{'type': {'value': 56, 'displayName': 'Zone'}, 'value': 'Back'}, {'type': {'value': 140, 'displayName': 'PassEndX'}, 'value': '23.7'}, {'type': {'value': 213, 'displayName': 'Angle'}, 'value': '2.5'}, {'type': {'value': 212, 'displayName': 'Length'}, 'value': '11.1'}, {'type': {'value': 141, 'displayName': 'PassEndY'}, 'value': '82.5'}, {'type': {'value': 178, 'displayName': 'StandingSave'}}]","[91, 117, 30, 35, 37, 215, 218]",True,134240.0,23.7,82.5,,,,,,,,,
2404761241.0,439,53,13.0,189,24.7,84.0,57,"{'value': 2, 'displayName': 'SecondHalf'}","{'value': 1, 'displayName': 'Pass'}","{'value': 0, 'displayName': 'Unsuccessful'}","[{'type': {'value': 178, 'displayName': 'StandingSave'}}, {'type': {'value': 212, 'displayName': 'Length'}, 'value': '44.5'}, {'type': {'value': 56, 'displayName': 'Zone'}, 'value': 'Left'}, {'type': {'value': 155, 'displayName': 'Chipped'}}, {'type': {'value': 213, 'displayName': 'Angle'}, 'value': '0.3'}, {'type': {'value': 140, 'displayName': 'PassEndX'}, 'value': '65.6'}, {'type': {'value': 1, 'displayName': 'Longball'}}, {'type': {'value': 141, 'displayName': 'PassEndY'}, 'value': '100.0'}]","[91, 120, 124, 128, 36, 37, 216, 218]",True,342499.0,65.6,100.0,,,,,,,,,
2404761597.0,498,53,29.0,29,42.1,0.0,57,"{'value': 2, 'displayName': 'SecondHalf'}","{'value': 1, 'displayName': 'Pass'}","{'value': 1, 'displayName': 'Successful'}","[{'type': {'value': 141, 'displayName': 'PassEndY'}, 'value': '3.9'}, {'type': {'value': 107, 'displayName': 'ThrowIn'}}, {'type': {'value': 140, 'displayName': 'PassEndX'}, 'value': '46.6'}, {'type': {'value': 56, 'displayName': 'Zone'}, 'value': 'Back'}, {'type': {'value': 212, 'displayName': 'Length'}, 'value': '5.9'}, {'type': {'value': 213, 'displayName': 'Angle'}, 'value': '0.6'}]","[91, 212, 36, 37, 216]",True,111372.0,46.6,3.9,,,,,,,,,
2404761631.0,499,53,31.0,29,46.6,3.9,57,"{'value': 2, 'displayName': 'SecondHalf'}","{'value': 1, 'displayName': 'Pass'}","{'value': 1, 'displayName': 'Successful'}","[{'type': {'value': 212, 'displayName': 'Length'}, 'value': '8.6'}, {'type': {'value': 213, 'displayName': 'Angle'}, 'value': '3.1'}, {'type': {'value': 141, 'displayName': 'PassEndY'}, 'value': '3.8'}, {'type': {'value': 56, 'displayName': 'Zone'}, 'value': 'Back'}, {'type': {'value': 140, 'displayName': 'PassEndX'}, 'value': '38.4'}, {'type': {'value': 178, 'displayName': 'StandingSave'}}]","[91, 117, 30, 35, 38, 216, 218]",True,143595.0,38.4,3.8,,,,,,,,,
2404761671.0,500,53,34.0,29,34.0,5.3,57,"{'value': 2, 'displayName': 'SecondHalf'}","{'value': 1, 'displayName': 'Pass'}","{'value': 1, 'displayName': 'Successful'}","[{'type': {'value': 141, 'displayName': 'PassEndY'}, 'value': '11.7'}, {'type': {'value': 56, 'displayName': 'Zone'}, 'value': 'Back'}, {'type': {'value': 212, 'displayName': 'Length'}, 'value': '21.4'}, {'type': {'value': 213, 'displayName': 'Angle'}, 'value': '2.9'}, {'type': {'value': 178, 'displayName': 'StandingSave'}}, {'type': {'value': 140, 'displayName': 'PassEndX'}, 'value': '14.0'}]","[91, 117, 30, 35, 37, 215, 218]",True,111372.0,14.0,11.7,,,,,,,,,
2404761727.0,501,53,35.0,29,12.6,12.4,57,"{'value': 2, 'displayName': 'SecondHalf'}","{'value': 1, 'displayName': 'Pass'}","{'value': 1, 'displayName': 'Successful'}","[{'type': {'value': 213, 'displayName': 'Angle'}, 'value': '2.1'}, {'type': {'value': 178, 'displayName': 'StandingSave'}}, {'type': {'value': 212, 'displayName': 'Length'}, 'value': '18.5'}, {'type': {'value': 56, 'displayName': 'Zone'}, 'value': 'Back'}, {'type': {'value': 140, 'displayName': 'PassEndX'}, 'value': '3.0'}, {'type': {'value': 141, 'displayName': 'PassEndY'}, 'value': '35.3'}]","[91, 117, 30, 35, 37, 215, 218]",True,73063.0,3.0,35.3,,,,,,,,,
2404761785.0,502,53,37.0,29,3.0,35.3,57,"{'value': 2, 'displayName': 'SecondHalf'}","{'value': 1, 'displayName': 'Pass'}","{'value': 0, 'displayName': 'Unsuccessful'}","[{'type': {'value': 141, 'displayName': 'PassEndY'}, 'value': '22.0'}, {'type': {'value': 178, 'displayName': 'StandingSave'}}, {'type': {'value': 1, 'displayName': 'Longball'}}, {'type': {'value': 212, 'displayName': 'Length'}, 'value': '43.5'}, {'type': {'value': 56, 'displayName': 'Zone'}, 'value': 'Back'}, {'type': {'value': 140, 'displayName': 'PassEndX'}, 'value': '43.5'}, {'type': {'value': 213, 'displayName': 'Angle'}, 'value': '6.1'}]","[91, 118, 120, 128, 36, 38, 216, 218]",True,20973.0,43.5,22.0,,,,,,,,,
2404994241.0,796,53,41.0,189,58.0,73.2,57,"{'value': 2, 'displayName': 'SecondHalf'}","{'value': 44, 'displayName': 'Aerial'}","{'value': 1, 'displayName': 'Successful'}","[{'type': {'value': 56, 'displayName': 'Zone'}, 'value': 'Center'}, {'type': {'value': 233, 'displayName': 'OppositeRelatedEvent'}, 'value': '893'}, {'type': {'value': 286, 'displayName': 'Offensive'}}]","[197, 199]",False,101856.0,,,,,,,,,,,
2404994243.0,893,53,41.0,29,42.0,26.8,57,"{'value': 2, 'displayName': 'SecondHalf'}","{'value': 44, 'displayName': 'Aerial'}","{'value': 0, 'displayName': 'Unsuccessful'}","[{'type': {'value': 56, 'displayName': 'Zone'}, 'value': 'Back'}, {'type': {'value': 285, 'displayName': 'Defensive'}}, {'type': {'value': 233, 'displayName': 'OppositeRelatedEvent'}, 'value': '796'}]","[198, 200]",False,69517.0,,,,,,,,,,,
2404761833.0,441,53,41.0,189,63.6,71.0,57,"{'value': 2, 'displayName': 'SecondHalf'}","{'value': 1, 'displayName': 'Pass'}","{'value': 0, 'displayName': 'Unsuccessful'}","[{'type': {'value': 3, 'displayName': 'HeadPass'}}, {'type': {'value': 56, 'displayName': 'Zone'}, 'value': 'Center'}, {'type': {'value': 213, 'displayName': 'Angle'}, 'value': '5.5'}, {'type': {'value': 212, 'displayName': 'Length'}, 'value': '14.1'}, {'type': {'value': 140, 'displayName': 'PassEndX'}, 'value': '73.5'}, {'type': {'value': 141, 'displayName': 'PassEndY'}, 'value': '56.9'}]","[91, 120, 29, 139, 36, 38, 217, 218]",True,101856.0,73.5,56.9,,,,,,,,,
2404761957.0,503,53,44.0,29,27.2,42.9,57,"{'value': 2, 'displayName': 'SecondHalf'}","{'value': 1, 'displayName': 'Pass'}","{'value': 1, 'displayName': 'Successful'}","[{'type': {'value': 141, 'displayName': 'PassEndY'}, 'value': '39.5'}, {'type': {'value': 213, 'displayName': 'Angle'}, 'value': '5.5'}, {'type': {'value': 140, 'displayName': 'PassEndX'}, 'value': '29.3'}, {'type': {'value': 212, 'displayName': 'Length'}, 'value': '3.2'}, {'type': {'value': 56, 'displayName': 'Zone'}, 'value': 'Back'}, {'type': {'value': 178, 'displayName': 'StandingSave'}}]","[91, 117, 30, 36, 38, 215, 218]",True,300359.0,29.3,39.5,,,,,,,,,
2404762001.0,504,53,49.0,29,40.6,31.5,57,"{'value': 2, 'displayName': 'SecondHalf'}","{'value': 1, 'displayName': 'Pass'}","{'value': 1, 'displayName': 'Successful'}","[{'type': {'value': 213, 'displayName': 'Angle'}, 'value': '4.9'}, {'type': {'value': 178, 'displayName': 'StandingSave'}}, {'type': {'value': 212, 'displayName': 'Length'}, 'value': '12.8'}, {'type': {'value': 140, 'displayName': 'PassEndX'}, 'value': '42.7'}, {'type': {'value': 56, 'displayName': 'Zone'}, 'value': 'Back'}, {'type': {'value': 141, 'displayName': 'PassEndY'}, 'value': '12.9'}]","[91, 117, 30, 36, 38, 216, 218]",True,89998.0,42.7,12.9,,,,,,,,,
2404762071.0,505,53,51.0,29,43.0,12.6,57,"{'value': 2, 'displayName': 'SecondHalf'}","{'value': 1, 'displayName': 'Pass'}","{'value': 1, 'displayName': 'Successful'}","[{'type': {'value': 140, 'displayName': 'PassEndX'}, 'value': '44.0'}, {'type': {'value': 212, 'displayName': 'Length'}, 'value': '8.8'}, {'type': {'value': 56, 'displayName': 'Zone'}, 'value': 'Back'}, {'type': {'value': 141, 'displayName': 'PassEndY'}, 'value': '25.5'}, {'type': {'value': 213, 'displayName': 'Angle'}, 'value': '1.5'}, {'type': {'value': 178, 'displayName': 'StandingSave'}}]","[91, 117, 30, 36, 37, 216, 218]",True,111372.0,44.0,25.5,,,,,,,,,
2404762189.0,506,53,54.0,29,44.6,27.6,57,"{'value': 2, 'displayName': 'SecondHalf'}","{'value': 1, 'displayName': 'Pass'}","{'value': 1, 'displayName': 'Successful'}","[{'type': {'value': 213, 'displayName': 'Angle'}, 'value': '1.5'}, {'type': {'value': 212, 'displayName': 'Length'}, 'value': '27.2'}, {'type': {'value': 140, 'displayName': 'PassEndX'}, 'value': '45.4'}, {'type': {'value': 141, 'displayName': 'PassEndY'}, 'value': '67.6'}, {'type': {'value': 178, 'displayName': 'StandingSave'}}, {'type': {'value': 56, 'displayName': 'Zone'}, 'value': 'Back'}]","[91, 117, 30, 36, 37, 216, 218]",True,89998.0,45.4,67.6,,,,,,,,,
2404762271.0,507,53,58.0,29,46.2,67.2,57,"{'value': 2, 'displayName': 'SecondHalf'}","{'value': 1, 'displayName': 'Pass'}","{'value': 1, 'displayName': 'Successful'}","[{'type': {'value': 56, 'displayName': 'Zone'}, 'value': 'Center'}, {'type': {'value': 212, 'displayName': 'Length'}, 'value': '9.9'}, {'type': {'value': 140, 'displayName': 'PassEndX'}, 'value': '51.6'}, {'type': {'value': 178, 'displayName': 'StandingSave'}}, {'type': {'value': 213, 'displayName': 'Angle'}, 'value': '5.3'}, {'type': {'value': 141, 'displayName': 'PassEndY'}, 'value': '55.3'}]","[91, 119, 117, 30, 36, 38, 216, 218]",True,332325.0,51.6,55.3,,,,,,,,,
2404762311.0,508,54,0.0,29,55.8,51.8,58,"{'value': 2, 'displayName': 'SecondHalf'}","{'value': 1, 'displayName': 'Pass'}","{'value': 0, 'displayName': 'Unsuccessful'}","[{'type': {'value': 213, 'displayName': 'Angle'}, 'value': '0.5'}, {'type': {'value': 140, 'displayName': 'PassEndX'}, 'value': '66.0'}, {'type': {'value': 212, 'displayName': 'Length'}, 'value': '12.2'}, {'type': {'value': 141, 'displayName': 'PassEndY'}, 'value': '60.5'}, {'type': {'value': 56, 'displayName': 'Zone'}, 'value': 'Center'}, {'type': {'value': 178, 'displayName': 'StandingSave'}}]","[91, 120, 29, 36, 37, 216, 218]",True,89998.0,66.0,60.5,,,,,,,,,
2404762319.0,442,54,1.0,189,30.7,37.1,58,"{'value': 2, 'displayName': 'SecondHalf'}","{'value': 8, 'displayName': 'Interception'}","{'value': 1, 'displayName': 'Successful'}","[{'type': {'value': 178, 'displayName': 'StandingSave'}}, {'type': {'value': 56, 'displayName': 'Zone'}, 'value': 'Back'}]","[91, 101, 56]",True,29026.0,,,,,,,,,,,
2404762411.0,509,54,3.0,29,63.5,60.9,58,"{'value': 2, 'displayName': 'SecondHalf'}","{'value': 61, 'displayName': 'BallTouch'}","{'value': 1, 'displayName': 'Successful'}","[{'type': {'value': 56, 'displayName': 'Zone'}, 'value': 'Center'}, {'type': {'value': 178, 'displayName': 'StandingSave'}}]",[91],True,89998.0,,,,,,,,,,,
2404762479.0,510,54,5.0,29,64.1,72.7,58,"{'value': 2, 'displayName': 'SecondHalf'}","{'value': 1, 'displayName': 'Pass'}","{'value': 1, 'displayName': 'Successful'}","[{'type': {'value': 213, 'displayName': 'Angle'}, 'value': '3.4'}, {'type': {'value': 212, 'displayName': 'Length'}, 'value': '6.3'}, {'type': {'value': 141, 'displayName': 'PassEndY'}, 'value': '70.7'}, {'type': {'value': 140, 'displayName': 'PassEndX'}, 'value': '58.2'}, {'type': {'value': 178, 'displayName': 'StandingSave'}}, {'type': {'value': 56, 'displayName': 'Zone'}, 'value': 'Center'}]","[91, 119, 117, 30, 35, 38, 216, 218]",True,297203.0,58.2,70.7,,,,,,,,,
2404762549.0,511,54,10.0,29,59.8,69.6,58,"{'value': 2, 'displayName': 'SecondHalf'}","{'value': 1, 'displayName': 'Pass'}","{'value': 1, 'displayName': 'Successful'}","[{'type': {'value': 178, 'displayName': 'StandingSave'}}, {'type': {'value': 56, 'displayName': 'Zone'}, 'value': 'Left'}, {'type': {'value': 213, 'displayName': 'Angle'}, 'value': '1.7'}, {'type': {'value': 212, 'displayName': 'Length'}, 'value': '8.3'}, {'type': {'value': 140, 'displayName': 'PassEndX'}, 'value': '58.6'}, {'type': {'value': 141, 'displayName': 'PassEndY'}, 'value': '81.6'}]","[91, 119, 117, 30, 35, 37, 216, 218]",True,332325.0,58.6,81.6,,,,,,,,,
2404762609.0,512,54,14.0,29,58.7,80.6,58,"{'value': 2, 'displayName': 'SecondHalf'}","{'value': 1, 'displayName': 'Pass'}","{'value': 1, 'displayName': 'Successful'}","[{'type': {'value': 56, 'displayName': 'Zone'}, 'value': 'Center'}, {'type': {'value': 140, 'displayName': 'PassEndX'}, 'value': '55.7'}, {'type': {'value': 212, 'displayName': 'Length'}, 'value': '29.7'}, {'type': {'value': 178, 'displayName': 'StandingSave'}}, {'type': {'value': 141, 'displayName': 'PassEndY'}, 'value': '37.1'}, {'type': {'value': 213, 'displayName': 'Angle'}, 'value': '4.6'}]","[91, 119, 117, 30, 35, 38, 216, 218]",True,297203.0,55.7,37.1,,,,,,,,,
2404762665.0,513,54,17.0,29,57.1,30.5,58,"{'value': 2, 'displayName': 'SecondHalf'}","{'value': 1, 'displayName': 'Pass'}","{'value': 1, 'displayName': 'Successful'}","[{'type': {'value': 178, 'displayName': 'StandingSave'}}, {'type': {'value': 140, 'displayName': 'PassEndX'}, 'value': '59.7'}, {'type': {'value': 141, 'displayName': 'PassEndY'}, 'value': '13.1'}, {'type': {'value': 213, 'displayName': 'Angle'}, 'value': '4.9'}, {'type': {'value': 56, 'displayName': 'Zone'}, 'value': 'Right'}, {'type': {'value': 212, 'displayName': 'Length'}, 'value': '12.1'}]","[91, 119, 117, 30, 36, 38, 216, 218]",True,73063.0,59.7,13.1,,,,,,,,,
2404762701.0,514,54,20.0,29,59.9,11.7,58,"{'value': 2, 'displayName': 'SecondHalf'}","{'value': 1, 'displayName': 'Pass'}","{'value': 1, 'displayName': 'Successful'}","[{'type': {'value': 178, 'displayName': 'StandingSave'}}, {'type': {'value': 212, 'displayName': 'Length'}, 'value': '10.3'}, {'type': {'value': 213, 'displayName': 'Angle'}, 'value': '2.4'}, {'type': {'value': 140, 'displayName': 'PassEndX'}, 'value': '52.4'}, {'type': {'value': 56, 'displayName': 'Zone'}, 'value': 'Center'}, {'type': {'value': 141, 'displayName': 'PassEndY'}, 'value': '21.4'}]","[91, 119, 117, 30, 35, 37, 216, 218]",True,111372.0,52.4,21.4,,,,,,,,,
2404762733.0,515,54,22.0,29,52.4,21.4,58,"{'value': 2, 'displayName': 'SecondHalf'}","{'value': 1, 'displayName': 'Pass'}","{'value': 1, 'displayName': 'Successful'}","[{'type': {'value': 140, 'displayName': 'PassEndX'}, 'value': '53.9'}, {'type': {'value': 56, 'displayName': 'Zone'}, 'value': 'Center'}, {'type': {'value': 178, 'displayName': 'StandingSave'}}, {'type': {'value': 213, 'displayName': 'Angle'}, 'value': '1.3'}, {'type': {'value': 212, 'displayName': 'Length'}, 'value': '5.8'}, {'type': {'value': 141, 'displayName': 'PassEndY'}, 'value': '29.6'}]","[91, 119, 117, 30, 36, 37, 216, 218]",True,73063.0,53.9,29.6,,,,,,,,,
2404762789.0,516,54,24.0,29,53.3,28.6,58,"{'value': 2, 'displayName': 'SecondHalf'}","{'value': 1, 'displayName': 'Pass'}","{'value': 1, 'displayName': 'Successful'}","[{'type': {'value': 212, 'displayName': 'Length'}, 'value': '13.3'}, {'type': {'value': 140, 'displayName': 'PassEndX'}, 'value': '43.4'}, {'type': {'value': 56, 'displayName': 'Zone'}, 'value': 'Back'}, {'type': {'value': 178, 'displayName': 'StandingSave'}}, {'type': {'value': 213, 'displayName': 'Angle'}, 'value': '3.8'}, {'type': {'value': 141, 'displayName': 'PassEndY'}, 'value': '16.4'}]","[91, 117, 30, 35, 38, 216, 218]",True,89998.0,43.4,16.4,,,,,,,,,
2404762855.0,517,54,27.0,29,43.8,12.3,58,"{'value': 2, 'displayName': 'SecondHalf'}","{'value': 1, 'displayName': 'Pass'}","{'value': 0, 'displayName': 'Unsuccessful'}","[{'type': {'value': 212, 'displayName': 'Length'}, 'value': '32.2'}, {'type': {'value': 140, 'displayName': 'PassEndX'}, 'value': '73.9'}, {'type': {'value': 213, 'displayName': 'Angle'}, 'value': '0.2'}, {'type': {'value': 56, 'displayName': 'Zone'}, 'value': 'Center'}, {'type': {'value': 1, 'displayName': 'Longball'}}, {'type': {'value': 155, 'displayName': 'Chipped'}}, {'type': {'value': 141, 'displayName': 'PassEndY'}, 'value': '21.6'}, {'type': {'value': 178, 'displayName': 'StandingSave'}}]","[91, 120, 124, 128, 36, 37, 217, 218]",True,73063.0,73.9,21.6,,,,,,,,,
2404762901.0,444,54,29.0,189,24.7,75.3,58,"{'value': 2, 'displayName': 'SecondHalf'}","{'value': 1, 'displayName': 'Pass'}","{'value': 0, 'displayName': 'Unsuccessful'}","[{'type': {'value': 213, 'displayName': 'Angle'}, 'value': '6.0'}, {'type': {'value': 212, 'displayName': 'Length'}, 'value': '18.2'}, {'type': {'value': 140, 'displayName': 'PassEndX'}, 'value': '41.4'}, {'type': {'value': 3, 'displayName': 'HeadPass'}}, {'type': {'value': 141, 'displayName': 'PassEndY'}, 'value': '68.4'}, {'type': {'value': 56, 'displayName': 'Zone'}, 'value': 'Back'}]","[91, 118, 120, 29, 139, 36, 38, 216, 218]",True,342499.0,41.4,68.4,,,,,,,,,
2404763045.0,518,54,31.0,29,66.0,29.9,58,"{'value': 2, 'displayName': 'SecondHalf'}","{'value': 1, 'displayName': 'Pass'}","{'value': 1, 'displayName': 'Successful'}","[{'type': {'value': 3, 'displayName': 'HeadPass'}}, {'type': {'value': 56, 'displayName': 'Zone'}, 'value': 'Center'}, {'type': {'value': 212, 'displayName': 'Length'}, 'value': '5.8'}, {'type': {'value': 141, 'displayName': 'PassEndY'}, 'value': '38.0'}, {'type': {'value': 140, 'displayName': 'PassEndX'}, 'value': '67.6'}, {'type': {'value': 213, 'displayName': 'Angle'}, 'value': '1.3'}]","[91, 119, 117, 30, 139, 205, 36, 37, 217, 218]",True,89998.0,67.6,38.0,,,,,,,,,
2404763067.0,519,54,38.0,29,96.8,27.6,58,"{'value': 2, 'displayName': 'SecondHalf'}","{'value': 1, 'displayName': 'Pass'}","{'value': 1, 'displayName': 'Successful'}","[{'type': {'value': 178, 'displayName': 'StandingSave'}}, {'type': {'value': 212, 'displayName': 'Length'}, 'value': '4.5'}, {'type': {'value': 141, 'displayName': 'PassEndY'}, 'value': '22.8'}, {'type': {'value': 56, 'displayName': 'Zone'}, 'value': 'Center'}, {'type': {'value': 140, 'displayName': 'PassEndX'}, 'value': '93.8'}, {'type': {'value': 213, 'displayName': 'Angle'}, 'value': '3.9'}]","[91, 119, 117, 30, 205, 35, 38, 217, 218]",True,297203.0,93.8,22.8,,,,,,,,,
2404763113.0,520,54,39.0,29,93.8,22.8,58,"{'value': 2, 'displayName': 'SecondHalf'}","{'value': 1, 'displayName': 'Pass'}","{'value': 0, 'displayName': 'Unsuccessful'}","[{'type': {'value': 20, 'displayName': 'RightFoot'}}, {'type': {'value': 141, 'displayName': 'PassEndY'}, 'value': '45.6'}, {'type': {'value': 140, 'displayName': 'PassEndX'}, 'value': '95.7'}, {'type': {'value': 213, 'displayName': 'Angle'}, 'value': '1.4'}, {'type': {'value': 155, 'displayName': 'Chipped'}}, {'type': {'value': 233, 'displayName': 'OppositeRelatedEvent'}, 'value': '445'}, {'type': {'value': 212, 'displayName': 'Length'}, 'value': '15.6'}, {'type': {'value': 178, 'displayName': 'StandingSave'}}, {'type': {'value': 2, 'displayName': 'Cross'}}, {'type': {'value': 56, 'displayName': 'Zone'}, 'value': 'Center'}]","[91, 137, 124, 126, 36, 37, 217, 218]",True,143595.0,95.7,45.6,,,,,,,,,
2404763137.0,445,54,40.0,189,5.3,50.9,58,"{'value': 2, 'displayName': 'SecondHalf'}","{'value': 52, 'displayName': 'KeeperPickup'}","{'value': 1, 'displayName': 'Successful'}","[{'type': {'value': 178, 'displayName': 'StandingSave'}}]",[93],False,276366.0,,,,,,,,,,,
2404763317.0,446,54,42.0,189,12.6,47.2,58,"{'value': 2, 'displayName': 'SecondHalf'}","{'value': 1, 'displayName': 'Pass'}","{'value': 1, 'displayName': 'Successful'}","[{'type': {'value': 140, 'displayName': 'PassEndX'}, 'value': '32.9'}, {'type': {'value': 213, 'displayName': 'Angle'}, 'value': '5.8'}, {'type': {'value': 141, 'displayName': 'PassEndY'}, 'value': '30.2'}, {'type': {'value': 56, 'displayName': 'Zone'}, 'value': 'Back'}, {'type': {'value': 178, 'displayName': 'StandingSave'}}, {'type': {'value': 123, 'displayName': 'KeeperThrow'}}, {'type': {'value': 212, 'displayName': 'Length'}, 'value': '24.2'}]","[91, 36, 38, 215, 218]",True,276366.0,32.9,30.2,,,,,,,,,
2404763437.0,447,54,50.0,189,58.0,7.9,58,"{'value': 2, 'displayName': 'SecondHalf'}","{'value': 1, 'displayName': 'Pass'}","{'value': 1, 'displayName': 'Successful'}","[{'type': {'value': 140, 'displayName': 'PassEndX'}, 'value': '65.0'}, {'type': {'value': 212, 'displayName': 'Length'}, 'value': '7.7'}, {'type': {'value': 56, 'displayName': 'Zone'}, 'value': 'Right'}, {'type': {'value': 213, 'displayName': 'Angle'}, 'value': '6.0'}, {'type': {'value': 178, 'displayName': 'StandingSave'}}, {'type': {'value': 141, 'displayName': 'PassEndY'}, 'value': '4.4'}]","[91, 119, 117, 30, 36, 38, 216, 218]",True,321085.0,65.0,4.4,,,,,,,,,
2404763513.0,448,54,56.0,189,76.0,21.5,58,"{'value': 2, 'displayName': 'SecondHalf'}","{'value': 1, 'displayName': 'Pass'}","{'value': 0, 'displayName': 'Unsuccessful'}","[{'type': {'value': 56, 'displayName': 'Zone'}, 'value': 'Center'}, {'type': {'value': 140, 'displayName': 'PassEndX'}, 'value': '79.2'}, {'type': {'value': 2, 'displayName': 'Cross'}}, {'type': {'value': 213, 'displayName': 'Angle'}, 'value': '0.8'}, {'type': {'value': 212, 'displayName': 'Length'}, 'value': '4.8'}, {'type': {'value': 178, 'displayName': 'StandingSave'}}, {'type': {'value': 72, 'displayName': 'LeftFoot'}}, {'type': {'value': 141, 'displayName': 'PassEndY'}, 'value': '26.5'}]","[91, 138, 126, 36, 37, 217, 218]",True,353377.0,79.2,26.5,,,,,,,,,
2404763493.0,521,54,56.0,29,19.9,73.9,58,"{'value': 2, 'displayName': 'SecondHalf'}","{'value': 61, 'displayName': 'BallTouch'}","{'value': 1, 'displayName': 'Successful'}","[{'type': {'value': 178, 'displayName': 'StandingSave'}}, {'type': {'value': 56, 'displayName': 'Zone'}, 'value': 'Back'}]",[91],True,332325.0,,,,,,,,,,,
2404763559.0,522,55,1.0,29,4.8,29.0,59,"{'value': 2, 'displayName': 'SecondHalf'}","{'value': 49, 'displayName': 'BallRecovery'}","{'value': 1, 'displayName': 'Successful'}",[],[93],False,20973.0,,,,,,,,,,,
2404763709.0,523,55,2.0,29,5.4,29.0,59,"{'value': 2, 'displayName': 'SecondHalf'}","{'value': 1, 'displayName': 'Pass'}","{'value': 1, 'displayName': 'Successful'}","[{'type': {'value': 140, 'displayName': 'PassEndX'}, 'value': '17.2'}, {'type': {'value': 141, 'displayName': 'PassEndY'}, 'value': '16.9'}, {'type': {'value': 213, 'displayName': 'Angle'}, 'value': '5.7'}, {'type': {'value': 56, 'displayName': 'Zone'}, 'value': 'Back'}, {'type': {'value': 212, 'displayName': 'Length'}, 'value': '14.9'}, {'type': {'value': 178, 'displayName': 'StandingSave'}}]","[91, 117, 30, 36, 38, 215, 218]",True,20973.0,17.2,16.9,,,,,,,,,
2404763739.0,524,55,7.0,29,28.0,16.1,59,"{'value': 2, 'displayName': 'SecondHalf'}","{'value': 1, 'displayName': 'Pass'}","{'value': 1, 'displayName': 'Successful'}","[{'type': {'value': 178, 'displayName': 'StandingSave'}}, {'type': {'value': 141, 'displayName': 'PassEndY'}, 'value': '9.6'}, {'type': {'value': 56, 'displayName': 'Zone'}, 'value': 'Back'}, {'type': {'value': 213, 'displayName': 'Angle'}, 'value': '5.5'}, {'type': {'value': 140, 'displayName': 'PassEndX'}, 'value': '32.6'}, {'type': {'value': 212, 'displayName': 'Length'}, 'value': '6.5'}]","[91, 117, 30, 36, 38, 215, 218]",True,111372.0,32.6,9.6,,,,,,,,,
2404763791.0,525,55,10.0,29,33.6,8.9,59,"{'value': 2, 'displayName': 'SecondHalf'}","{'value': 1, 'displayName': 'Pass'}","{'value': 1, 'displayName': 'Successful'}","[{'type': {'value': 178, 'displayName': 'StandingSave'}}, {'type': {'value': 212, 'displayName': 'Length'}, 'value': '11.2'}, {'type': {'value': 213, 'displayName': 'Angle'}, 'value': '2.2'}, {'type': {'value': 56, 'displayName': 'Zone'}, 'value': 'Back'}, {'type': {'value': 141, 'displayName': 'PassEndY'}, 'value': '22.6'}, {'type': {'value': 140, 'displayName': 'PassEndX'}, 'value': '27.6'}]","[91, 117, 30, 35, 37, 215, 218]",True,322596.0,27.6,22.6,,,,,,,,,
2404763819.0,526,55,12.0,29,28.9,23.2,59,"{'value': 2, 'displayName': 'SecondHalf'}","{'value': 1, 'displayName': 'Pass'}","{'value': 1, 'displayName': 'Successful'}","[{'type': {'value': 141, 'displayName': 'PassEndY'}, 'value': '30.1'}, {'type': {'value': 178, 'displayName': 'StandingSave'}}, {'type': {'value': 212, 'displayName': 'Length'}, 'value': '8.7'}, {'type': {'value': 213, 'displayName': 'Angle'}, 'value': '0.6'}, {'type': {'value': 140, 'displayName': 'PassEndX'}, 'value': '35.9'}, {'type': {'value': 56, 'displayName': 'Zone'}, 'value': 'Back'}]","[91, 117, 30, 36, 37, 216, 218]",True,89998.0,35.9,30.1,,,,,,,,,
2404763867.0,527,55,13.0,29,35.9,30.1,59,"{'value': 2, 'displayName': 'SecondHalf'}","{'value': 1, 'displayName': 'Pass'}","{'value': 1, 'displayName': 'Successful'}","[{'type': {'value': 178, 'displayName': 'StandingSave'}}, {'type': {'value': 141, 'displayName': 'PassEndY'}, 'value': '27.2'}, {'type': {'value': 212, 'displayName': 'Length'}, 'value': '6.2'}, {'type': {'value': 140, 'displayName': 'PassEndX'}, 'value': '30.3'}, {'type': {'value': 56, 'displayName': 'Zone'}, 'value': 'Back'}, {'type': {'value': 213, 'displayName': 'Angle'}, 'value': '3.5'}]","[91, 117, 30, 35, 38, 215, 218]",True,143595.0,30.3,27.2,,,,,,,,,
2404763929.0,528,55,16.0,29,32.6,28.1,59,"{'value': 2, 'displayName': 'SecondHalf'}","{'value': 1, 'displayName': 'Pass'}","{'value': 1, 'displayName': 'Successful'}","[{'type': {'value': 56, 'displayName': 'Zone'}, 'value': 'Back'}, {'type': {'value': 212, 'displayName': 'Length'}, 'value': '7.7'}, {'type': {'value': 141, 'displayName': 'PassEndY'}, 'value': '32.1'}, {'type': {'value': 140, 'displayName': 'PassEndX'}, 'value': '39.5'}, {'type': {'value': 178, 'displayName': 'StandingSave'}}, {'type': {'value': 213, 'displayName': 'Angle'}, 'value': '0.4'}]","[91, 117, 30, 36, 37, 216, 218]",True,89998.0,39.5,32.1,,,,,,,,,
2404763971.0,529,55,18.0,29,40.3,34.6,59,"{'value': 2, 'displayName': 'SecondHalf'}","{'value': 1, 'displayName': 'Pass'}","{'value': 1, 'displayName': 'Successful'}","[{'type': {'value': 140, 'displayName': 'PassEndX'}, 'value': '38.0'}, {'type': {'value': 141, 'displayName': 'PassEndY'}, 'value': '57.8'}, {'type': {'value': 213, 'displayName': 'Angle'}, 'value': '1.7'}, {'type': {'value': 212, 'displayName': 'Length'}, 'value': '16.0'}, {'type': {'value': 56, 'displayName': 'Zone'}, 'value': 'Back'}, {'type': {'value': 178, 'displayName': 'StandingSave'}}]","[91, 117, 30, 35, 37, 216, 218]",True,143595.0,38.0,57.8,,,,,,,,,
2404764011.0,530,55,20.0,29,36.6,62.8,59,"{'value': 2, 'displayName': 'SecondHalf'}","{'value': 1, 'displayName': 'Pass'}","{'value': 1, 'displayName': 'Successful'}","[{'type': {'value': 140, 'displayName': 'PassEndX'}, 'value': '36.5'}, {'type': {'value': 56, 'displayName': 'Zone'}, 'value': 'Back'}, {'type': {'value': 213, 'displayName': 'Angle'}, 'value': '1.6'}, {'type': {'value': 141, 'displayName': 'PassEndY'}, 'value': '90.3'}, {'type': {'value': 178, 'displayName': 'StandingSave'}}, {'type': {'value': 212, 'displayName': 'Length'}, 'value': '18.7'}]","[91, 117, 30, 35, 37, 216, 218]",True,332325.0,36.5,90.3,,,,,,,,,
2404764115.0,531,55,22.0,29,36.1,90.1,59,"{'value': 2, 'displayName': 'SecondHalf'}","{'value': 1, 'displayName': 'Pass'}","{'value': 1, 'displayName': 'Successful'}","[{'type': {'value': 141, 'displayName': 'PassEndY'}, 'value': '74.5'}, {'type': {'value': 56, 'displayName': 'Zone'}, 'value': 'Back'}, {'type': {'value': 213, 'displayName': 'Angle'}, 'value': '4.6'}, {'type': {'value': 178, 'displayName': 'StandingSave'}}, {'type': {'value': 212, 'displayName': 'Length'}, 'value': '10.7'}, {'type': {'value': 140, 'displayName': 'PassEndX'}, 'value': '34.9'}]","[91, 117, 30, 35, 38, 216, 218]",True,68049.0,34.9,74.5,,,,,,,,,
2404764189.0,532,55,26.0,29,33.7,64.4,59,"{'value': 2, 'displayName': 'SecondHalf'}","{'value': 1, 'displayName': 'Pass'}","{'value': 1, 'displayName': 'Successful'}","[{'type': {'value': 56, 'displayName': 'Zone'}, 'value': 'Back'}, {'type': {'value': 178, 'displayName': 'StandingSave'}}, {'type': {'value': 212, 'displayName': 'Length'}, 'value': '22.1'}, {'type': {'value': 213, 'displayName': 'Angle'}, 'value': '4.5'}, {'type': {'value': 141, 'displayName': 'PassEndY'}, 'value': '32.8'}, {'type': {'value': 140, 'displayName': 'PassEndX'}, 'value': '28.6'}]","[91, 117, 30, 35, 38, 215, 218]",True,332325.0,28.6,32.8,,,,,,,,,
2404764257.0,533,55,29.0,29,32.1,28.0,59,"{'value': 2, 'displayName': 'SecondHalf'}","{'value': 1, 'displayName': 'Pass'}","{'value': 0, 'displayName': 'Unsuccessful'}","[{'type': {'value': 141, 'displayName': 'PassEndY'}, 'value': '17.9'}, {'type': {'value': 178, 'displayName': 'StandingSave'}}, {'type': {'value': 212, 'displayName': 'Length'}, 'value': '44.2'}, {'type': {'value': 56, 'displayName': 'Zone'}, 'value': 'Right'}, {'type': {'value': 213, 'displayName': 'Angle'}, 'value': '6.1'}, {'type': {'value': 140, 'displayName': 'PassEndX'}, 'value': '73.7'}, {'type': {'value': 155, 'displayName': 'Chipped'}}, {'type': {'value': 1, 'displayName': 'Longball'}}]","[91, 120, 124, 128, 36, 38, 217, 218]",True,73063.0,73.7,17.9,,,,,,,,,
2404764263.0,449,55,32.0,189,28.6,82.4,59,"{'value': 2, 'displayName': 'SecondHalf'}","{'value': 49, 'displayName': 'BallRecovery'}","{'value': 1, 'displayName': 'Successful'}",[],[93],False,342499.0,,,,,,,,,,,
2404764303.0,450,55,32.0,189,28.6,82.4,59,"{'value': 2, 'displayName': 'SecondHalf'}","{'value': 1, 'displayName': 'Pass'}","{'value': 1, 'displayName': 'Successful'}","[{'type': {'value': 178, 'displayName': 'StandingSave'}}, {'type': {'value': 56, 'displayName': 'Zone'}, 'value': 'Back'}, {'type': {'value': 140, 'displayName': 'PassEndX'}, 'value': '34.9'}, {'type': {'value': 212, 'displayName': 'Length'}, 'value': '9.8'}, {'type': {'value': 141, 'displayName': 'PassEndY'}, 'value': '93.0'}, {'type': {'value': 213, 'displayName': 'Angle'}, 'value': '0.8'}]","[91, 117, 30, 36, 37, 216, 218]",True,342499.0,34.9,93.0,,,,,,,,,
2404764331.0,451,55,35.0,189,29.5,95.4,59,"{'value': 2, 'displayName': 'SecondHalf'}","{'value': 1, 'displayName': 'Pass'}","{'value': 1, 'displayName': 'Successful'}","[{'type': {'value': 56, 'displayName': 'Zone'}, 'value': 'Back'}, {'type': {'value': 178, 'displayName': 'StandingSave'}}, {'type': {'value': 140, 'displayName': 'PassEndX'}, 'value': '13.1'}, {'type': {'value': 212, 'displayName': 'Length'}, 'value': '17.4'}, {'type': {'value': 141, 'displayName': 'PassEndY'}, 'value': '92.0'}, {'type': {'value': 213, 'displayName': 'Angle'}, 'value': '3.3'}]","[91, 117, 30, 35, 38, 215, 218]",True,229562.0,13.1,92.0,,,,,,,,,
2404764369.0,452,55,36.0,189,13.1,92.0,59,"{'value': 2, 'displayName': 'SecondHalf'}","{'value': 1, 'displayName': 'Pass'}","{'value': 1, 'displayName': 'Successful'}","[{'type': {'value': 140, 'displayName': 'PassEndX'}, 'value': '44.3'}, {'type': {'value': 141, 'displayName': 'PassEndY'}, 'value': '74.1'}, {'type': {'value': 212, 'displayName': 'Length'}, 'value': '34.9'}, {'type': {'value': 56, 'displayName': 'Zone'}, 'value': 'Back'}, {'type': {'value': 178, 'displayName': 'StandingSave'}}, {'type': {'value': 213, 'displayName': 'Angle'}, 'value': '5.9'}, {'type': {'value': 1, 'displayName': 'Longball'}}]","[91, 117, 127, 36, 38, 216, 218]",True,342499.0,44.3,74.1,,,,,,,,,
2404764381.0,453,55,38.0,189,44.3,74.1,59,"{'value': 2, 'displayName': 'SecondHalf'}","{'value': 1, 'displayName': 'Pass'}","{'value': 0, 'displayName': 'Unsuccessful'}","[{'type': {'value': 213, 'displayName': 'Angle'}, 'value': '0.4'}, {'type': {'value': 212, 'displayName': 'Length'}, 'value': '15.7'}, {'type': {'value': 141, 'displayName': 'PassEndY'}, 'value': '82.8'}, {'type': {'value': 56, 'displayName': 'Zone'}, 'value': 'Left'}, {'type': {'value': 140, 'displayName': 'PassEndX'}, 'value': '58.1'}]","[91, 120, 29, 36, 37, 216, 218]",True,134240.0,58.1,82.8,,,,,,,,,
2404764427.0,534,55,40.0,29,42.1,16.2,59,"{'value': 2, 'displayName': 'SecondHalf'}","{'value': 1, 'displayName': 'Pass'}","{'value': 1, 'displayName': 'Successful'}","[{'type': {'value': 213, 'displayName': 'Angle'}, 'value': '6.2'}, {'type': {'value': 56, 'displayName': 'Zone'}, 'value': 'Right'}, {'type': {'value': 141, 'displayName': 'PassEndY'}, 'value': '14.7'}, {'type': {'value': 212, 'displayName': 'Length'}, 'value': '11.8'}, {'type': {'value': 3, 'displayName': 'HeadPass'}}, {'type': {'value': 140, 'displayName': 'PassEndX'}, 'value': '53.3'}]","[91, 119, 117, 30, 139, 36, 38, 216, 218]",True,111372.0,53.3,14.7,,,,,,,,,
2404764439.0,535,55,42.0,29,53.3,14.7,59,"{'value': 2, 'displayName': 'SecondHalf'}","{'value': 49, 'displayName': 'BallRecovery'}","{'value': 1, 'displayName': 'Successful'}",[],[93],False,89998.0,,,,,,,,,,,
2404764499.0,536,55,45.0,29,58.2,2.9,59,"{'value': 2, 'displayName': 'SecondHalf'}","{'value': 1, 'displayName': 'Pass'}","{'value': 0, 'displayName': 'Unsuccessful'}","[{'type': {'value': 178, 'displayName': 'StandingSave'}}, {'type': {'value': 286, 'displayName': 'Offensive'}}, {'type': {'value': 141, 'displayName': 'PassEndY'}, 'value': '6.7'}, {'type': {'value': 233, 'displayName': 'OppositeRelatedEvent'}, 'value': '454'}, {'type': {'value': 213, 'displayName': 'Angle'}, 'value': '2.0'}, {'type': {'value': 56, 'displayName': 'Zone'}, 'value': 'Right'}, {'type': {'value': 140, 'displayName': 'PassEndX'}, 'value': '57.2'}, {'type': {'value': 212, 'displayName': 'Length'}, 'value': '2.8'}]","[91, 120, 29, 35, 37, 216, 218]",True,89998.0,57.2,6.7,,,,,,,,,
2404764519.0,454,55,45.0,189,38.3,97.7,59,"{'value': 2, 'displayName': 'SecondHalf'}","{'value': 74, 'displayName': 'BlockedPass'}","{'value': 1, 'displayName': 'Successful'}","[{'type': {'value': 233, 'displayName': 'OppositeRelatedEvent'}, 'value': '536'}, {'type': {'value': 178, 'displayName': 'StandingSave'}}, {'type': {'value': 56, 'displayName': 'Zone'}, 'value': 'Back'}, {'type': {'value': 285, 'displayName': 'Defensive'}}]","[91, 60]",True,69344.0,,,,,,,,,,,
2404764537.0,537,55,46.0,29,57.2,6.7,59,"{'value': 2, 'displayName': 'SecondHalf'}","{'value': 1, 'displayName': 'Pass'}","{'value': 1, 'displayName': 'Successful'}","[{'type': {'value': 212, 'displayName': 'Length'}, 'value': '3.6'}, {'type': {'value': 178, 'displayName': 'StandingSave'}}, {'type': {'value': 213, 'displayName': 'Angle'}, 'value': '1.7'}, {'type': {'value': 141, 'displayName': 'PassEndY'}, 'value': '12.0'}, {'type': {'value': 56, 'displayName': 'Zone'}, 'value': 'Right'}, {'type': {'value': 140, 'displayName': 'PassEndX'}, 'value': '56.9'}]","[91, 119, 117, 30, 35, 37, 216, 218]",True,89998.0,56.9,12.0,,,,,,,,,
2404764617.0,538,55,48.0,29,62.2,9.7,59,"{'value': 2, 'displayName': 'SecondHalf'}","{'value': 1, 'displayName': 'Pass'}","{'value': 1, 'displayName': 'Successful'}","[{'type': {'value': 56, 'displayName': 'Zone'}, 'value': 'Right'}, {'type': {'value': 140, 'displayName': 'PassEndX'}, 'value': '70.6'}, {'type': {'value': 178, 'displayName': 'StandingSave'}}, {'type': {'value': 141, 'displayName': 'PassEndY'}, 'value': '6.2'}, {'type': {'value': 213, 'displayName': 'Angle'}, 'value': '6.0'}, {'type': {'value': 212, 'displayName': 'Length'}, 'value': '9.1'}]","[91, 119, 117, 30, 205, 36, 38, 217, 218]",True,111372.0,70.6,6.2,,,,,,,,,
2404764655.0,539,55,52.0,29,78.4,5.1,59,"{'value': 2, 'displayName': 'SecondHalf'}","{'value': 1, 'displayName': 'Pass'}","{'value': 0, 'displayName': 'Unsuccessful'}","[{'type': {'value': 140, 'displayName': 'PassEndX'}, 'value': '87.9'}, {'type': {'value': 141, 'displayName': 'PassEndY'}, 'value': '11.2'}, {'type': {'value': 56, 'displayName': 'Zone'}, 'value': 'Right'}, {'type': {'value': 212, 'displayName': 'Length'}, 'value': '10.8'}, {'type': {'value': 178, 'displayName': 'StandingSave'}}, {'type': {'value': 213, 'displayName': 'Angle'}, 'value': '0.4'}]","[91, 120, 29, 36, 37, 217, 218]",True,69517.0,87.9,11.2,,,,,,,,,
2404764671.0,455,55,53.0,189,5.7,90.5,59,"{'value': 2, 'displayName': 'SecondHalf'}","{'value': 49, 'displayName': 'BallRecovery'}","{'value': 1, 'displayName': 'Successful'}",[],[93],False,342499.0,,,,,,,,,,,
2404764775.0,456,55,55.0,189,5.0,95.9,59,"{'value': 2, 'displayName': 'SecondHalf'}","{'value': 1, 'displayName': 'Pass'}","{'value': 1, 'displayName': 'Successful'}","[{'type': {'value': 178, 'displayName': 'StandingSave'}}, {'type': {'value': 140, 'displayName': 'PassEndX'}, 'value': '30.6'}, {'type': {'value': 141, 'displayName': 'PassEndY'}, 'value': '88.8'}, {'type': {'value': 212, 'displayName': 'Length'}, 'value': '27.3'}, {'type': {'value': 56, 'displayName': 'Zone'}, 'value': 'Back'}, {'type': {'value': 1, 'displayName': 'Longball'}}, {'type': {'value': 213, 'displayName': 'Angle'}, 'value': '6.1'}]","[91, 117, 127, 36, 38, 215, 218]",True,342499.0,30.6,88.8,,,,,,,,,
2404764817.0,457,55,59.0,189,25.3,88.4,59,"{'value': 2, 'displayName': 'SecondHalf'}","{'value': 1, 'displayName': 'Pass'}","{'value': 1, 'displayName': 'Successful'}","[{'type': {'value': 178, 'displayName': 'StandingSave'}}, {'type': {'value': 140, 'displayName': 'PassEndX'}, 'value': '7.9'}, {'type': {'value': 213, 'displayName': 'Angle'}, 'value': '3.3'}, {'type': {'value': 141, 'displayName': 'PassEndY'}, 'value': '85.1'}, {'type': {'value': 56, 'displayName': 'Zone'}, 'value': 'Back'}, {'type': {'value': 212, 'displayName': 'Length'}, 'value': '18.4'}]","[91, 117, 30, 35, 38, 215, 218]",True,69344.0,7.9,85.1,,,,,,,,,
2404764877.0,458,56,1.0,189,7.9,85.1,60,"{'value': 2, 'displayName': 'SecondHalf'}","{'value': 1, 'displayName': 'Pass'}","{'value': 1, 'displayName': 'Successful'}","[{'type': {'value': 178, 'displayName': 'StandingSave'}}, {'type': {'value': 213, 'displayName': 'Angle'}, 'value': '4.6'}, {'type': {'value': 212, 'displayName': 'Length'}, 'value': '12.4'}, {'type': {'value': 140, 'displayName': 'PassEndX'}, 'value': '6.3'}, {'type': {'value': 56, 'displayName': 'Zone'}, 'value': 'Back'}, {'type': {'value': 141, 'displayName': 'PassEndY'}, 'value': '67.1'}]","[91, 117, 30, 35, 38, 215, 218]",True,342499.0,6.3,67.1,,,,,,,,,
2404764965.0,459,56,4.0,189,8.2,63.5,60,"{'value': 2, 'displayName': 'SecondHalf'}","{'value': 1, 'displayName': 'Pass'}","{'value': 1, 'displayName': 'Successful'}","[{'type': {'value': 213, 'displayName': 'Angle'}, 'value': '4.6'}, {'type': {'value': 56, 'displayName': 'Zone'}, 'value': 'Back'}, {'type': {'value': 140, 'displayName': 'PassEndX'}, 'value': '5.8'}, {'type': {'value': 141, 'displayName': 'PassEndY'}, 'value': '33.8'}, {'type': {'value': 212, 'displayName': 'Length'}, 'value': '20.4'}, {'type': {'value': 178, 'displayName': 'StandingSave'}}]","[91, 117, 30, 35, 38, 215, 218]",True,101856.0,5.8,33.8,,,,,,,,,
2404765109.0,460,56,8.0,189,12.9,30.5,60,"{'value': 2, 'displayName': 'SecondHalf'}","{'value': 1, 'displayName': 'Pass'}","{'value': 1, 'displayName': 'Successful'}","[{'type': {'value': 56, 'displayName': 'Zone'}, 'value': 'Back'}, {'type': {'value': 140, 'displayName': 'PassEndX'}, 'value': '21.5'}, {'type': {'value': 212, 'displayName': 'Length'}, 'value': '9.1'}, {'type': {'value': 178, 'displayName': 'StandingSave'}}, {'type': {'value': 213, 'displayName': 'Angle'}, 'value': '0.1'}, {'type': {'value': 141, 'displayName': 'PassEndY'}, 'value': '31.6'}]","[91, 117, 30, 36, 37, 215, 218]",True,29026.0,21.5,31.6,,,,,,,,,
2404765265.0,461,56,16.0,189,38.2,31.1,60,"{'value': 2, 'displayName': 'SecondHalf'}","{'value': 1, 'displayName': 'Pass'}","{'value': 1, 'displayName': 'Successful'}","[{'type': {'value': 56, 'displayName': 'Zone'}, 'value': 'Back'}, {'type': {'value': 213, 'displayName': 'Angle'}, 'value': '5.0'}, {'type': {'value': 212, 'displayName': 'Length'}, 'value': '18.3'}, {'type': {'value': 140, 'displayName': 'PassEndX'}, 'value': '43.9'}, {'type': {'value': 178, 'displayName': 'StandingSave'}}, {'type': {'value': 141, 'displayName': 'PassEndY'}, 'value': '5.6'}]","[91, 117, 30, 36, 38, 216, 218]",True,101856.0,43.9,5.6,,,,,,,,,
2404765279.0,462,56,24.0,189,77.2,3.5,60,"{'value': 2, 'displayName': 'SecondHalf'}","{'value': 1, 'displayName': 'Pass'}","{'value': 0, 'displayName': 'Unsuccessful'}","[{'type': {'value': 178, 'displayName': 'StandingSave'}}, {'type': {'value': 213, 'displayName': 'Angle'}, 'value': '1.1'}, {'type': {'value': 2, 'displayName': 'Cross'}}, {'type': {'value': 20, 'displayName': 'RightFoot'}}, {'type': {'value': 56, 'displayName': 'Zone'}, 'value': 'Center'}, {'type': {'value': 212, 'displayName': 'Length'}, 'value': '21.5'}, {'type': {'value': 141, 'displayName': 'PassEndY'}, 'value': '32.3'}, {'type': {'value': 140, 'displayName': 'PassEndX'}, 'value': '85.7'}]","[91, 137, 126, 36, 37, 217, 218]",True,321085.0,85.7,32.3,,,,,,,,,
2404765437.0,540,56,24.0,29,15.9,69.2,60,"{'value': 2, 'displayName': 'SecondHalf'}","{'value': 12, 'displayName': 'Clearance'}","{'value': 1, 'displayName': 'Successful'}","[{'type': {'value': 212, 'displayName': 'Length'}, 'value': '25.1'}, {'type': {'value': 178, 'displayName': 'StandingSave'}}, {'type': {'value': 140, 'displayName': 'PassEndX'}, 'value': '4.4'}, {'type': {'value': 141, 'displayName': 'PassEndY'}, 'value': '100.0'}, {'type': {'value': 213, 'displayName': 'Angle'}, 'value': '2.1'}, {'type': {'value': 56, 'displayName': 'Zone'}, 'value': 'Back'}]","[91, 94, 95, 215]",True,300359.0,4.4,100.0,,,,,,,,,
2404765449.0,463,56,31.0,189,0.0,0.0,60,"{'value': 2, 'displayName': 'SecondHalf'}","{'value': 56, 'displayName': 'ShieldBallOpp'}","{'value': 1, 'displayName': 'Successful'}","[{'type': {'value': 56, 'displayName': 'Zone'}, 'value': 'Right'}]",[],False,321085.0,,,,,,,,,,,
2404765845.0,542,56,53.0,29,0.0,0.0,60,"{'value': 2, 'displayName': 'SecondHalf'}","{'value': 18, 'displayName': 'SubstitutionOff'}","{'value': 1, 'displayName': 'Successful'}","[{'type': {'value': 44, 'displayName': 'PlayerPosition'}, 'value': 'Midfielder'}, {'type': {'value': 55, 'displayName': 'RelatedEventId'}, 'value': '543'}, {'type': {'value': 59, 'displayName': 'JerseyNumber'}, 'value': '10'}]",[214],False,89998.0,,,543.0,137021.0,,,,,,,
2404765853.0,543,56,53.0,29,0.0,0.0,60,"{'value': 2, 'displayName': 'SecondHalf'}","{'value': 19, 'displayName': 'SubstitutionOn'}","{'value': 1, 'displayName': 'Successful'}","[{'type': {'value': 59, 'displayName': 'JerseyNumber'}, 'value': '22'}, {'type': {'value': 145, 'displayName': 'FormationSlot'}, 'value': '10'}, {'type': {'value': 44, 'displayName': 'PlayerPosition'}, 'value': 'Midfielder'}, {'type': {'value': 55, 'displayName': 'RelatedEventId'}, 'value': '542'}]",[213],False,137021.0,,,542.0,89998.0,,,,,,,
2404767527.0,556,56,55.0,29,0.0,0.0,60,"{'value': 2, 'displayName': 'SecondHalf'}","{'value': 40, 'displayName': 'FormationChange'}","{'value': 1, 'displayName': 'Successful'}","[{'type': {'value': 30, 'displayName': 'InvolvedPlayers'}, 'value': '20973,111372,68049,332325,73063,300359,322596,143595,69517,297203,137021,41672,343975,92516,83554,122980,349484,369861'}, {'type': {'value': 44, 'displayName': 'PlayerPosition'}, 'value': '1, 2, 2, 3, 2, 2, 3, 3, 4, 3, 3, 5, 5, 5, 5, 5, 5, 5'}, {'type': {'value': 130, 'displayName': 'TeamFormation'}, 'value': '8'}, {'type': {'value': 131, 'displayName': 'TeamPlayerFormation'}, 'value': '1, 2, 3, 4, 5, 6, 7, 8, 9, 10, 11, 0, 0, 0, 0, 0, 0, 0'}, {'type': {'value': 194, 'displayName': 'CaptainPlayerId'}, 'value': '332325'}, {'type': {'value': 59, 'displayName': 'JerseyNumber'}, 'value': '1, 5, 3, 41, 15, 23, 20, 28, 9, 8, 22, 7, 11, 13, 24, 26, 31, 33'}]",[],False,,,,,,,,,,,,
2404766573.0,465,57,31.0,189,94.7,0.0,61,"{'value': 2, 'displayName': 'SecondHalf'}","{'value': 1, 'displayName': 'Pass'}","{'value': 1, 'displayName': 'Successful'}","[{'type': {'value': 213, 'displayName': 'Angle'}, 'value': '1.3'}, {'type': {'value': 140, 'displayName': 'PassEndX'}, 'value': '97.7'}, {'type': {'value': 212, 'displayName': 'Length'}, 'value': '10.0'}, {'type': {'value': 107, 'displayName': 'ThrowIn'}}, {'type': {'value': 141, 'displayName': 'PassEndY'}, 'value': '12.4'}, {'type': {'value': 56, 'displayName': 'Zone'}, 'value': 'Right'}]","[91, 212, 36, 37, 217]",True,29026.0,97.7,12.4,,,,,,,,,
2404766611.0,466,57,32.0,189,97.5,12.7,61,"{'value': 2, 'displayName': 'SecondHalf'}","{'value': 1, 'displayName': 'Pass'}","{'value': 1, 'displayName': 'Successful'}","[{'type': {'value': 212, 'displayName': 'Length'}, 'value': '3.1'}, {'type': {'value': 213, 'displayName': 'Angle'}, 'value': '4.6'}, {'type': {'value': 178, 'displayName': 'StandingSave'}}, {'type': {'value': 141, 'displayName': 'PassEndY'}, 'value': '8.2'}, {'type': {'value': 140, 'displayName': 'PassEndX'}, 'value': '97.1'}, {'type': {'value': 56, 'displayName': 'Zone'}, 'value': 'Right'}]","[91, 119, 117, 30, 205, 35, 38, 217, 218]",True,134240.0,97.1,8.2,,,,,,,,,
2404766629.0,467,57,33.0,189,97.1,8.2,61,"{'value': 2, 'displayName': 'SecondHalf'}","{'value': 1, 'displayName': 'Pass'}","{'value': 0, 'displayName': 'Unsuccessful'}","[{'type': {'value': 140, 'displayName': 'PassEndX'}, 'value': '93.5'}, {'type': {'value': 20, 'displayName': 'RightFoot'}}, {'type': {'value': 56, 'displayName': 'Zone'}, 'value': 'Center'}, {'type': {'value': 141, 'displayName': 'PassEndY'}, 'value': '39.7'}, {'type': {'value': 212, 'displayName': 'Length'}, 'value': '21.8'}, {'type': {'value': 2, 'displayName': 'Cross'}}, {'type': {'value': 178, 'displayName': 'StandingSave'}}, {'type': {'value': 213, 'displayName': 'Angle'}, 'value': '1.7'}]","[91, 137, 126, 35, 37, 217, 218]",True,29026.0,93.5,39.7,,,,,,,,,
2404766713.0,544,57,34.0,29,8.0,64.9,61,"{'value': 2, 'displayName': 'SecondHalf'}","{'value': 12, 'displayName': 'Clearance'}","{'value': 1, 'displayName': 'Successful'}","[{'type': {'value': 178, 'displayName': 'StandingSave'}}, {'type': {'value': 212, 'displayName': 'Length'}, 'value': '20.5'}, {'type': {'value': 213, 'displayName': 'Angle'}, 'value': '1.0'}, {'type': {'value': 140, 'displayName': 'PassEndX'}, 'value': '19.3'}, {'type': {'value': 56, 'displayName': 'Zone'}, 'value': 'Back'}, {'type': {'value': 141, 'displayName': 'PassEndY'}, 'value': '89.4'}]","[91, 94, 95, 215]",True,143595.0,19.3,89.4,,,,,,,,,
2404766723.0,545,57,36.0,29,20.8,89.5,61,"{'value': 2, 'displayName': 'SecondHalf'}","{'value': 49, 'displayName': 'BallRecovery'}","{'value': 1, 'displayName': 'Successful'}",[],[93],False,137021.0,,,,,,,,,,,
2404766729.0,546,57,37.0,29,23.5,87.1,61,"{'value': 2, 'displayName': 'SecondHalf'}","{'value': 61, 'displayName': 'BallTouch'}","{'value': 0, 'displayName': 'Unsuccessful'}","[{'type': {'value': 56, 'displayName': 'Zone'}, 'value': 'Back'}, {'type': {'value': 178, 'displayName': 'StandingSave'}}]","[91, 69]",True,137021.0,,,,,,,,,,,
2404767649.0,477,57,38.0,189,72.4,16.5,61,"{'value': 2, 'displayName': 'SecondHalf'}","{'value': 3, 'displayName': 'TakeOn'}","{'value': 1, 'displayName': 'Successful'}","[{'type': {'value': 56, 'displayName': 'Zone'}, 'value': 'Right'}, {'type': {'value': 286, 'displayName': 'Offensive'}}, {'type': {'value': 233, 'displayName': 'OppositeRelatedEvent'}, 'value': '557'}, {'type': {'value': 178, 'displayName': 'StandingSave'}}]","[91, 54]",True,69344.0,,,,,,,,,,,
2404767565.0,557,57,38.0,29,27.6,83.5,61,"{'value': 2, 'displayName': 'SecondHalf'}","{'value': 45, 'displayName': 'Challenge'}","{'value': 0, 'displayName': 'Unsuccessful'}","[{'type': {'value': 233, 'displayName': 'OppositeRelatedEvent'}, 'value': '477'}, {'type': {'value': 56, 'displayName': 'Zone'}, 'value': 'Back'}, {'type': {'value': 285, 'displayName': 'Defensive'}}]",[55],False,137021.0,,,,,,,,,,,
2404766773.0,468,57,39.0,189,73.9,15.8,61,"{'value': 2, 'displayName': 'SecondHalf'}","{'value': 49, 'displayName': 'BallRecovery'}","{'value': 1, 'displayName': 'Successful'}",[],[93],False,69344.0,,,,,,,,,,,
2404766921.0,469,57,45.0,189,77.2,15.8,61,"{'value': 2, 'displayName': 'SecondHalf'}","{'value': 1, 'displayName': 'Pass'}","{'value': 1, 'displayName': 'Successful'}","[{'type': {'value': 178, 'displayName': 'StandingSave'}}, {'type': {'value': 213, 'displayName': 'Angle'}, 'value': '5.1'}, {'type': {'value': 56, 'displayName': 'Zone'}, 'value': 'Right'}, {'type': {'value': 212, 'displayName': 'Length'}, 'value': '6.3'}, {'type': {'value': 140, 'displayName': 'PassEndX'}, 'value': '79.7'}, {'type': {'value': 141, 'displayName': 'PassEndY'}, 'value': '7.3'}]","[91, 119, 117, 30, 205, 36, 38, 217, 218]",True,69344.0,79.7,7.3,,,,,,,,,
2404766937.0,470,57,46.0,189,79.7,7.3,61,"{'value': 2, 'displayName': 'SecondHalf'}","{'value': 1, 'displayName': 'Pass'}","{'value': 0, 'displayName': 'Unsuccessful'}","[{'type': {'value': 2, 'displayName': 'Cross'}}, {'type': {'value': 140, 'displayName': 'PassEndX'}, 'value': '92.1'}, {'type': {'value': 155, 'displayName': 'Chipped'}}, {'type': {'value': 56, 'displayName': 'Zone'}, 'value': 'Center'}, {'type': {'value': 178, 'displayName': 'StandingSave'}}, {'type': {'value': 212, 'displayName': 'Length'}, 'value': '28.0'}, {'type': {'value': 20, 'displayName': 'RightFoot'}}, {'type': {'value': 141, 'displayName': 'PassEndY'}, 'value': '43.7'}, {'type': {'value': 213, 'displayName': 'Angle'}, 'value': '1.1'}]","[91, 137, 124, 126, 36, 37, 217, 218]",True,134240.0,92.1,43.7,,,,,,,,,
2404766961.0,547,57,47.0,29,9.5,59.3,61,"{'value': 2, 'displayName': 'SecondHalf'}","{'value': 12, 'displayName': 'Clearance'}","{'value': 1, 'displayName': 'Successful'}","[{'type': {'value': 56, 'displayName': 'Zone'}, 'value': 'Back'}, {'type': {'value': 140, 'displayName': 'PassEndX'}, 'value': '24.4'}, {'type': {'value': 212, 'displayName': 'Length'}, 'value': '17.0'}, {'type': {'value': 141, 'displayName': 'PassEndY'}, 'value': '69.2'}, {'type': {'value': 15, 'displayName': 'Head'}}, {'type': {'value': 213, 'displayName': 'Angle'}, 'value': '0.4'}]","[91, 94, 95, 57, 215]",True,300359.0,24.4,69.2,,,,,,,,,
2404767003.0,548,57,49.0,29,24.4,69.2,61,"{'value': 2, 'displayName': 'SecondHalf'}","{'value': 1, 'displayName': 'Pass'}","{'value': 1, 'displayName': 'Successful'}","[{'type': {'value': 141, 'displayName': 'PassEndY'}, 'value': '63.1'}, {'type': {'value': 212, 'displayName': 'Length'}, 'value': '4.7'}, {'type': {'value': 140, 'displayName': 'PassEndX'}, 'value': '26.5'}, {'type': {'value': 213, 'displayName': 'Angle'}, 'value': '5.2'}, {'type': {'value': 56, 'displayName': 'Zone'}, 'value': 'Back'}, {'type': {'value': 178, 'displayName': 'StandingSave'}}, {'type': {'value': 3, 'displayName': 'HeadPass'}}]","[91, 117, 30, 139, 36, 38, 215, 218]",True,332325.0,26.5,63.1,,,,,,,,,
2404767007.0,549,57,49.0,29,27.0,64.0,61,"{'value': 2, 'displayName': 'SecondHalf'}","{'value': 49, 'displayName': 'BallRecovery'}","{'value': 1, 'displayName': 'Successful'}",[],[93],False,297203.0,,,,,,,,,,,
2404767117.0,550,57,49.0,29,27.0,64.0,61,"{'value': 2, 'displayName': 'SecondHalf'}","{'value': 1, 'displayName': 'Pass'}","{'value': 1, 'displayName': 'Successful'}","[{'type': {'value': 140, 'displayName': 'PassEndX'}, 'value': '33.0'}, {'type': {'value': 178, 'displayName': 'StandingSave'}}, {'type': {'value': 141, 'displayName': 'PassEndY'}, 'value': '85.4'}, {'type': {'value': 56, 'displayName': 'Zone'}, 'value': 'Back'}, {'type': {'value': 212, 'displayName': 'Length'}, 'value': '15.9'}, {'type': {'value': 213, 'displayName': 'Angle'}, 'value': '1.2'}]","[91, 117, 30, 36, 37, 215, 218]",True,297203.0,33.0,85.4,,,,,,,,,
2404767185.0,551,57,55.0,29,53.4,89.8,61,"{'value': 2, 'displayName': 'SecondHalf'}","{'value': 1, 'displayName': 'Pass'}","{'value': 1, 'displayName': 'Successful'}","[{'type': {'value': 140, 'displayName': 'PassEndX'}, 'value': '62.9'}, {'type': {'value': 212, 'displayName': 'Length'}, 'value': '10.5'}, {'type': {'value': 213, 'displayName': 'Angle'}, 'value': '0.3'}, {'type': {'value': 141, 'displayName': 'PassEndY'}, 'value': '94.5'}, {'type': {'value': 178, 'displayName': 'StandingSave'}}, {'type': {'value': 56, 'displayName': 'Zone'}, 'value': 'Left'}]","[91, 119, 117, 30, 36, 37, 216, 218]",True,137021.0,62.9,94.5,,,,,,,,,
2404767207.0,552,58,0.0,29,69.4,79.5,62,"{'value': 2, 'displayName': 'SecondHalf'}","{'value': 1, 'displayName': 'Pass'}","{'value': 0, 'displayName': 'Unsuccessful'}","[{'type': {'value': 56, 'displayName': 'Zone'}, 'value': 'Center'}, {'type': {'value': 178, 'displayName': 'StandingSave'}}, {'type': {'value': 212, 'displayName': 'Length'}, 'value': '18.8'}, {'type': {'value': 213, 'displayName': 'Angle'}, 'value': '5.2'}, {'type': {'value': 141, 'displayName': 'PassEndY'}, 'value': '55.5'}, {'type': {'value': 140, 'displayName': 'PassEndX'}, 'value': '78.3'}]","[91, 120, 29, 36, 38, 217, 218]",True,69517.0,78.3,55.5,,,,,,,,,
2404767271.0,471,58,0.0,189,23.3,36.8,62,"{'value': 2, 'displayName': 'SecondHalf'}","{'value': 12, 'displayName': 'Clearance'}","{'value': 1, 'displayName': 'Successful'}","[{'type': {'value': 140, 'displayName': 'PassEndX'}, 'value': '32.1'}, {'type': {'value': 141, 'displayName': 'PassEndY'}, 'value': '10.9'}, {'type': {'value': 56, 'displayName': 'Zone'}, 'value': 'Back'}, {'type': {'value': 212, 'displayName': 'Length'}, 'value': '19.9'}, {'type': {'value': 178, 'displayName': 'StandingSave'}}, {'type': {'value': 213, 'displayName': 'Angle'}, 'value': '5.2'}]","[91, 94, 95, 215]",True,298689.0,32.1,10.9,,,,,,,,,
2404767273.0,472,58,3.0,189,32.1,10.9,62,"{'value': 2, 'displayName': 'SecondHalf'}","{'value': 49, 'displayName': 'BallRecovery'}","{'value': 1, 'displayName': 'Successful'}",[],[93],False,321085.0,,,,,,,,,,,
2404767299.0,473,58,3.0,189,32.1,10.9,62,"{'value': 2, 'displayName': 'SecondHalf'}","{'value': 1, 'displayName': 'Pass'}","{'value': 1, 'displayName': 'Successful'}","[{'type': {'value': 212, 'displayName': 'Length'}, 'value': '15.4'}, {'type': {'value': 141, 'displayName': 'PassEndY'}, 'value': '23.5'}, {'type': {'value': 56, 'displayName': 'Zone'}, 'value': 'Back'}, {'type': {'value': 213, 'displayName': 'Angle'}, 'value': '0.6'}, {'type': {'value': 140, 'displayName': 'PassEndX'}, 'value': '44.3'}]","[91, 117, 30, 36, 37, 216, 218]",True,321085.0,44.3,23.5,,,,,,,,,
2404767309.0,474,58,6.0,189,45.4,27.2,62,"{'value': 2, 'displayName': 'SecondHalf'}","{'value': 3, 'displayName': 'TakeOn'}","{'value': 0, 'displayName': 'Unsuccessful'}","[{'type': {'value': 233, 'displayName': 'OppositeRelatedEvent'}, 'value': '553'}, {'type': {'value': 286, 'displayName': 'Offensive'}}, {'type': {'value': 178, 'displayName': 'StandingSave'}}, {'type': {'value': 56, 'displayName': 'Zone'}, 'value': 'Back'}]","[91, 53]",True,134240.0,,,,,,,,,,,
2404767319.0,553,58,6.0,29,54.6,72.8,62,"{'value': 2, 'displayName': 'SecondHalf'}","{'value': 7, 'displayName': 'Tackle'}","{'value': 0, 'displayName': 'Unsuccessful'}","[{'type': {'value': 285, 'displayName': 'Defensive'}}, {'type': {'value': 178, 'displayName': 'StandingSave'}}, {'type': {'value': 233, 'displayName': 'OppositeRelatedEvent'}, 'value': '474'}, {'type': {'value': 56, 'displayName': 'Zone'}, 'value': 'Center'}]","[91, 142]",True,300359.0,,,,,,,,,,,
2404767345.0,475,58,7.0,189,48.4,32.9,62,"{'value': 2, 'displayName': 'SecondHalf'}","{'value': 1, 'displayName': 'Pass'}","{'value': 0, 'displayName': 'Unsuccessful'}","[{'type': {'value': 56, 'displayName': 'Zone'}, 'value': 'Back'}, {'type': {'value': 140, 'displayName': 'PassEndX'}, 'value': '47.4'}, {'type': {'value': 213, 'displayName': 'Angle'}, 'value': '1.8'}, {'type': {'value': 178, 'displayName': 'StandingSave'}}, {'type': {'value': 141, 'displayName': 'PassEndY'}, 'value': '38.3'}, {'type': {'value': 212, 'displayName': 'Length'}, 'value': '3.8'}]","[91, 118, 120, 29, 35, 37, 216, 218]",True,134240.0,47.4,38.3,,,,,,,,,
2404767351.0,554,58,7.0,29,55.0,61.1,62,"{'value': 2, 'displayName': 'SecondHalf'}","{'value': 61, 'displayName': 'BallTouch'}","{'value': 1, 'displayName': 'Successful'}","[{'type': {'value': 178, 'displayName': 'StandingSave'}}, {'type': {'value': 56, 'displayName': 'Zone'}, 'value': 'Center'}]",[91],True,143595.0,,,,,,,,,,,
2404767459.0,476,58,13.0,189,53.6,39.0,62,"{'value': 2, 'displayName': 'SecondHalf'}","{'value': 4, 'displayName': 'Foul'}","{'value': 1, 'displayName': 'Successful'}","[{'type': {'value': 286, 'displayName': 'Offensive'}}, {'type': {'value': 56, 'displayName': 'Zone'}, 'value': 'Center'}, {'type': {'value': 233, 'displayName': 'OppositeRelatedEvent'}, 'value': '555'}, {'type': {'value': 13, 'displayName': 'Foul'}}]","[91, 63]",True,296240.0,,,,,,,,,,,
2404767463.0,555,58,13.0,29,46.4,61.0,62,"{'value': 2, 'displayName': 'SecondHalf'}","{'value': 4, 'displayName': 'Foul'}","{'value': 0, 'displayName': 'Unsuccessful'}","[{'type': {'value': 233, 'displayName': 'OppositeRelatedEvent'}, 'value': '476'}, {'type': {'value': 178, 'displayName': 'StandingSave'}}, {'type': {'value': 56, 'displayName': 'Zone'}, 'value': 'Back'}, {'type': {'value': 285, 'displayName': 'Defensive'}}, {'type': {'value': 13, 'displayName': 'Foul'}}]",[64],False,69517.0,,,,,,,,,,,
2404767747.0,478,58,20.0,189,53.1,39.0,62,"{'value': 2, 'displayName': 'SecondHalf'}","{'value': 1, 'displayName': 'Pass'}","{'value': 1, 'displayName': 'Successful'}","[{'type': {'value': 212, 'displayName': 'Length'}, 'value': '22.4'}, {'type': {'value': 178, 'displayName': 'StandingSave'}}, {'type': {'value': 5, 'displayName': 'FreekickTaken'}}, {'type': {'value': 140, 'displayName': 'PassEndX'}, 'value': '39.9'}, {'type': {'value': 213, 'displayName': 'Angle'}, 'value': '2.2'}, {'type': {'value': 141, 'displayName': 'PassEndY'}, 'value': '64.9'}, {'type': {'value': 56, 'displayName': 'Zone'}, 'value': 'Back'}]","[91, 117, 30, 132, 35, 37, 216, 218]",True,298689.0,39.9,64.9,,,,,,,,,
2405052021.0,803,58,20.0,189,40.0,62.2,62,"{'value': 2, 'displayName': 'SecondHalf'}","{'value': 1, 'displayName': 'Pass'}","{'value': 1, 'displayName': 'Successful'}","[{'type': {'value': 140, 'displayName': 'PassEndX'}, 'value': '48.0'}, {'type': {'value': 212, 'displayName': 'Length'}, 'value': '8.4'}, {'type': {'value': 56, 'displayName': 'Zone'}, 'value': 'Back'}, {'type': {'value': 141, 'displayName': 'PassEndY'}, 'value': '62.2'}, {'type': {'value': 213, 'displayName': 'Angle'}, 'value': '0.0'}, {'type': {'value': 178, 'displayName': 'StandingSave'}}]","[91, 117, 30, 36, 216, 218]",True,342499.0,48.0,62.2,,,,,,,,,
2405052117.0,804,58,26.0,189,46.4,66.0,62,"{'value': 2, 'displayName': 'SecondHalf'}","{'value': 1, 'displayName': 'Pass'}","{'value': 1, 'displayName': 'Successful'}","[{'type': {'value': 212, 'displayName': 'Length'}, 'value': '18.3'}, {'type': {'value': 56, 'displayName': 'Zone'}, 'value': 'Back'}, {'type': {'value': 140, 'displayName': 'PassEndX'}, 'value': '48.0'}, {'type': {'value': 178, 'displayName': 'StandingSave'}}, {'type': {'value': 141, 'displayName': 'PassEndY'}, 'value': '92.8'}, {'type': {'value': 213, 'displayName': 'Angle'}, 'value': '1.5'}]","[91, 117, 30, 36, 37, 216, 218]",True,69344.0,48.0,92.8,,,,,,,,,
2405052401.0,805,58,27.0,189,48.0,92.8,62,"{'value': 2, 'displayName': 'SecondHalf'}","{'value': 1, 'displayName': 'Pass'}","{'value': 1, 'displayName': 'Successful'}","[{'type': {'value': 213, 'displayName': 'Angle'}, 'value': '4.0'}, {'type': {'value': 178, 'displayName': 'StandingSave'}}, {'type': {'value': 56, 'displayName': 'Zone'}, 'value': 'Back'}, {'type': {'value': 212, 'displayName': 'Length'}, 'value': '17.7'}, {'type': {'value': 140, 'displayName': 'PassEndX'}, 'value': '36.9'}, {'type': {'value': 141, 'displayName': 'PassEndY'}, 'value': '73.2'}]","[91, 117, 30, 35, 38, 216, 218]",True,229562.0,36.9,73.2,,,,,,,,,
2404767781.0,479,58,32.0,189,37.8,64.2,62,"{'value': 2, 'displayName': 'SecondHalf'}","{'value': 1, 'displayName': 'Pass'}","{'value': 1, 'displayName': 'Successful'}","[{'type': {'value': 140, 'displayName': 'PassEndX'}, 'value': '43.8'}, {'type': {'value': 178, 'displayName': 'StandingSave'}}, {'type': {'value': 56, 'displayName': 'Zone'}, 'value': 'Back'}, {'type': {'value': 212, 'displayName': 'Length'}, 'value': '10.2'}, {'type': {'value': 141, 'displayName': 'PassEndY'}, 'value': '52.4'}, {'type': {'value': 213, 'displayName': 'Angle'}, 'value': '5.4'}]","[91, 117, 30, 36, 38, 216, 218]",True,342499.0,43.8,52.4,,,,,,,,,
2404767827.0,480,58,34.0,189,44.2,51.2,62,"{'value': 2, 'displayName': 'SecondHalf'}","{'value': 1, 'displayName': 'Pass'}","{'value': 1, 'displayName': 'Successful'}","[{'type': {'value': 140, 'displayName': 'PassEndX'}, 'value': '41.9'}, {'type': {'value': 178, 'displayName': 'StandingSave'}}, {'type': {'value': 213, 'displayName': 'Angle'}, 'value': '4.6'}, {'type': {'value': 212, 'displayName': 'Length'}, 'value': '18.1'}, {'type': {'value': 56, 'displayName': 'Zone'}, 'value': 'Back'}, {'type': {'value': 141, 'displayName': 'PassEndY'}, 'value': '24.8'}]","[91, 117, 30, 35, 38, 216, 218]",True,101856.0,41.9,24.8,,,,,,,,,
2404767861.0,481,58,37.0,189,42.1,24.4,62,"{'value': 2, 'displayName': 'SecondHalf'}","{'value': 1, 'displayName': 'Pass'}","{'value': 1, 'displayName': 'Successful'}","[{'type': {'value': 212, 'displayName': 'Length'}, 'value': '22.8'}, {'type': {'value': 213, 'displayName': 'Angle'}, 'value': '0.4'}, {'type': {'value': 141, 'displayName': 'PassEndY'}, 'value': '36.1'}, {'type': {'value': 140, 'displayName': 'PassEndX'}, 'value': '62.4'}, {'type': {'value': 56, 'displayName': 'Zone'}, 'value': 'Center'}, {'type': {'value': 178, 'displayName': 'StandingSave'}}]","[91, 119, 117, 30, 36, 37, 216, 218]",True,29026.0,62.4,36.1,,,,,,,,,
2404767865.0,482,58,38.0,189,61.8,37.5,62,"{'value': 2, 'displayName': 'SecondHalf'}","{'value': 1, 'displayName': 'Pass'}","{'value': 0, 'displayName': 'Unsuccessful'}","[{'type': {'value': 178, 'displayName': 'StandingSave'}}, {'type': {'value': 141, 'displayName': 'PassEndY'}, 'value': '36.7'}, {'type': {'value': 56, 'displayName': 'Zone'}, 'value': 'Center'}, {'type': {'value': 140, 'displayName': 'PassEndX'}, 'value': '63.8'}, {'type': {'value': 212, 'displayName': 'Length'}, 'value': '2.2'}, {'type': {'value': 213, 'displayName': 'Angle'}, 'value': '6.0'}]","[91, 120, 29, 36, 38, 216, 218]",True,298689.0,63.8,36.7,,,,,,,,,
2404767885.0,558,58,38.0,29,39.9,66.0,62,"{'value': 2, 'displayName': 'SecondHalf'}","{'value': 61, 'displayName': 'BallTouch'}","{'value': 1, 'displayName': 'Successful'}","[{'type': {'value': 56, 'displayName': 'Zone'}, 'value': 'Back'}, {'type': {'value': 178, 'displayName': 'StandingSave'}}]",[91],True,300359.0,,,,,,,,,,,
2404767977.0,483,58,42.0,189,30.6,46.9,62,"{'value': 2, 'displayName': 'SecondHalf'}","{'value': 1, 'displayName': 'Pass'}","{'value': 1, 'displayName': 'Successful'}","[{'type': {'value': 213, 'displayName': 'Angle'}, 'value': '3.0'}, {'type': {'value': 141, 'displayName': 'PassEndY'}, 'value': '50.7'}, {'type': {'value': 140, 'displayName': 'PassEndX'}, 'value': '7.9'}, {'type': {'value': 56, 'displayName': 'Zone'}, 'value': 'Back'}, {'type': {'value': 212, 'displayName': 'Length'}, 'value': '24.0'}, {'type': {'value': 178, 'displayName': 'StandingSave'}}]","[91, 117, 30, 35, 37, 215, 218]",True,342499.0,7.9,50.7,,,,,,,,,
2404768037.0,484,58,45.0,189,7.9,50.7,62,"{'value': 2, 'displayName': 'SecondHalf'}","{'value': 1, 'displayName': 'Pass'}","{'value': 1, 'displayName': 'Successful'}","[{'type': {'value': 141, 'displayName': 'PassEndY'}, 'value': '26.2'}, {'type': {'value': 212, 'displayName': 'Length'}, 'value': '23.3'}, {'type': {'value': 140, 'displayName': 'PassEndX'}, 'value': '23.4'}, {'type': {'value': 178, 'displayName': 'StandingSave'}}, {'type': {'value': 56, 'displayName': 'Zone'}, 'value': 'Back'}, {'type': {'value': 213, 'displayName': 'Angle'}, 'value': '5.5'}]","[91, 117, 30, 36, 38, 215, 218]",True,276366.0,23.4,26.2,,,,,,,,,
2404768081.0,485,58,48.0,189,23.4,26.2,62,"{'value': 2, 'displayName': 'SecondHalf'}","{'value': 1, 'displayName': 'Pass'}","{'value': 1, 'displayName': 'Successful'}","[{'type': {'value': 140, 'displayName': 'PassEndX'}, 'value': '28.4'}, {'type': {'value': 141, 'displayName': 'PassEndY'}, 'value': '39.8'}, {'type': {'value': 56, 'displayName': 'Zone'}, 'value': 'Back'}, {'type': {'value': 213, 'displayName': 'Angle'}, 'value': '1.1'}, {'type': {'value': 178, 'displayName': 'StandingSave'}}, {'type': {'value': 212, 'displayName': 'Length'}, 'value': '10.6'}]","[91, 117, 30, 36, 37, 215, 218]",True,29026.0,28.4,39.8,,,,,,,,,
2404768133.0,486,58,50.0,189,28.2,37.1,62,"{'value': 2, 'displayName': 'SecondHalf'}","{'value': 1, 'displayName': 'Pass'}","{'value': 0, 'displayName': 'Unsuccessful'}","[{'type': {'value': 56, 'displayName': 'Zone'}, 'value': 'Center'}, {'type': {'value': 178, 'displayName': 'StandingSave'}}, {'type': {'value': 140, 'displayName': 'PassEndX'}, 'value': '63.7'}, {'type': {'value': 1, 'displayName': 'Longball'}}, {'type': {'value': 213, 'displayName': 'Angle'}, 'value': '6.2'}, {'type': {'value': 141, 'displayName': 'PassEndY'}, 'value': '32.9'}, {'type': {'value': 212, 'displayName': 'Length'}, 'value': '37.4'}]","[91, 120, 128, 36, 38, 216, 218]",True,69344.0,63.7,32.9,,,,,,,,,
2404768161.0,559,58,54.0,29,39.5,69.6,62,"{'value': 2, 'displayName': 'SecondHalf'}","{'value': 49, 'displayName': 'BallRecovery'}","{'value': 1, 'displayName': 'Successful'}",[],[93],False,68049.0,,,,,,,,,,,
2404768201.0,560,58,55.0,29,39.4,67.3,62,"{'value': 2, 'displayName': 'SecondHalf'}","{'value': 1, 'displayName': 'Pass'}","{'value': 1, 'displayName': 'Successful'}","[{'type': {'value': 56, 'displayName': 'Zone'}, 'value': 'Back'}, {'type': {'value': 213, 'displayName': 'Angle'}, 'value': '5.2'}, {'type': {'value': 178, 'displayName': 'StandingSave'}}, {'type': {'value': 140, 'displayName': 'PassEndX'}, 'value': '43.5'}, {'type': {'value': 141, 'displayName': 'PassEndY'}, 'value': '54.4'}, {'type': {'value': 212, 'displayName': 'Length'}, 'value': '9.8'}]","[91, 117, 30, 36, 38, 216, 218]",True,68049.0,43.5,54.4,,,,,,,,,
2404768227.0,561,58,56.0,29,43.5,54.4,62,"{'value': 2, 'displayName': 'SecondHalf'}","{'value': 1, 'displayName': 'Pass'}","{'value': 1, 'displayName': 'Successful'}","[{'type': {'value': 178, 'displayName': 'StandingSave'}}, {'type': {'value': 213, 'displayName': 'Angle'}, 'value': '2.1'}, {'type': {'value': 56, 'displayName': 'Zone'}, 'value': 'Back'}, {'type': {'value': 141, 'displayName': 'PassEndY'}, 'value': '65.4'}, {'type': {'value': 212, 'displayName': 'Length'}, 'value': '8.6'}, {'type': {'value': 140, 'displayName': 'PassEndX'}, 'value': '39.5'}]","[91, 117, 30, 35, 37, 216, 218]",True,143595.0,39.5,65.4,,,,,,,,,
2404768283.0,562,58,57.0,29,39.5,65.4,62,"{'value': 2, 'displayName': 'SecondHalf'}","{'value': 1, 'displayName': 'Pass'}","{'value': 1, 'displayName': 'Successful'}","[{'type': {'value': 56, 'displayName': 'Zone'}, 'value': 'Back'}, {'type': {'value': 140, 'displayName': 'PassEndX'}, 'value': '40.0'}, {'type': {'value': 213, 'displayName': 'Angle'}, 'value': '4.8'}, {'type': {'value': 212, 'displayName': 'Length'}, 'value': '6.8'}, {'type': {'value': 141, 'displayName': 'PassEndY'}, 'value': '55.5'}, {'type': {'value': 178, 'displayName': 'StandingSave'}}]","[91, 117, 30, 36, 38, 216, 218]",True,68049.0,40.0,55.5,,,,,,,,,
2404768341.0,563,59,0.0,29,42.6,44.2,63,"{'value': 2, 'displayName': 'SecondHalf'}","{'value': 1, 'displayName': 'Pass'}","{'value': 1, 'displayName': 'Successful'}","[{'type': {'value': 213, 'displayName': 'Angle'}, 'value': '4.8'}, {'type': {'value': 212, 'displayName': 'Length'}, 'value': '22.4'}, {'type': {'value': 141, 'displayName': 'PassEndY'}, 'value': '11.5'}, {'type': {'value': 56, 'displayName': 'Zone'}, 'value': 'Back'}, {'type': {'value': 178, 'displayName': 'StandingSave'}}, {'type': {'value': 140, 'displayName': 'PassEndX'}, 'value': '45.0'}]","[91, 117, 30, 36, 38, 216, 218]",True,143595.0,45.0,11.5,,,,,,,,,
2404768419.0,564,59,4.0,29,44.5,11.2,63,"{'value': 2, 'displayName': 'SecondHalf'}","{'value': 1, 'displayName': 'Pass'}","{'value': 1, 'displayName': 'Successful'}","[{'type': {'value': 213, 'displayName': 'Angle'}, 'value': '2.4'}, {'type': {'value': 178, 'displayName': 'StandingSave'}}, {'type': {'value': 140, 'displayName': 'PassEndX'}, 'value': '34.9'}, {'type': {'value': 56, 'displayName': 'Zone'}, 'value': 'Back'}, {'type': {'value': 141, 'displayName': 'PassEndY'}, 'value': '25.7'}, {'type': {'value': 212, 'displayName': 'Length'}, 'value': '14.1'}]","[91, 117, 30, 35, 37, 216, 218]",True,111372.0,34.9,25.7,,,,,,,,,
2404768511.0,565,59,8.0,29,36.9,25.1,63,"{'value': 2, 'displayName': 'SecondHalf'}","{'value': 1, 'displayName': 'Pass'}","{'value': 0, 'displayName': 'Unsuccessful'}","[{'type': {'value': 212, 'displayName': 'Length'}, 'value': '37.0'}, {'type': {'value': 1, 'displayName': 'Longball'}}, {'type': {'value': 213, 'displayName': 'Angle'}, 'value': '0.3'}, {'type': {'value': 141, 'displayName': 'PassEndY'}, 'value': '39.7'}, {'type': {'value': 140, 'displayName': 'PassEndX'}, 'value': '70.8'}, {'type': {'value': 155, 'displayName': 'Chipped'}}, {'type': {'value': 178, 'displayName': 'StandingSave'}}, {'type': {'value': 56, 'displayName': 'Zone'}, 'value': 'Center'}]","[91, 120, 124, 128, 36, 37, 217, 218]",True,73063.0,70.8,39.7,,,,,,,,,
2404768541.0,487,59,10.0,189,26.2,66.5,63,"{'value': 2, 'displayName': 'SecondHalf'}","{'value': 1, 'displayName': 'Pass'}","{'value': 1, 'displayName': 'Successful'}","[{'type': {'value': 56, 'displayName': 'Zone'}, 'value': 'Back'}, {'type': {'value': 140, 'displayName': 'PassEndX'}, 'value': '11.7'}, {'type': {'value': 212, 'displayName': 'Length'}, 'value': '15.7'}, {'type': {'value': 141, 'displayName': 'PassEndY'}, 'value': '60.8'}, {'type': {'value': 3, 'displayName': 'HeadPass'}}, {'type': {'value': 213, 'displayName': 'Angle'}, 'value': '3.4'}, {'type': {'value': 178, 'displayName': 'StandingSave'}}]","[91, 117, 30, 139, 35, 38, 215, 218]",True,342499.0,11.7,60.8,,,,,,,,,
2404768543.0,488,59,12.0,189,12.8,60.2,63,"{'value': 2, 'displayName': 'SecondHalf'}","{'value': 52, 'displayName': 'KeeperPickup'}","{'value': 1, 'displayName': 'Successful'}","[{'type': {'value': 178, 'displayName': 'StandingSave'}}]",[93],False,276366.0,,,,,,,,,,,
2404768737.0,489,59,18.0,189,13.8,52.8,63,"{'value': 2, 'displayName': 'SecondHalf'}","{'value': 1, 'displayName': 'Pass'}","{'value': 1, 'displayName': 'Successful'}","[{'type': {'value': 212, 'displayName': 'Length'}, 'value': '14.2'}, {'type': {'value': 141, 'displayName': 'PassEndY'}, 'value': '69.8'}, {'type': {'value': 213, 'displayName': 'Angle'}, 'value': '0.9'}, {'type': {'value': 140, 'displayName': 'PassEndX'}, 'value': '21.7'}, {'type': {'value': 178, 'displayName': 'StandingSave'}}, {'type': {'value': 123, 'displayName': 'KeeperThrow'}}, {'type': {'value': 56, 'displayName': 'Zone'}, 'value': 'Back'}]","[91, 36, 37, 215, 218]",True,276366.0,21.7,69.8,,,,,,,,,
2404768849.0,490,59,23.0,189,24.5,72.3,63,"{'value': 2, 'displayName': 'SecondHalf'}","{'value': 1, 'displayName': 'Pass'}","{'value': 1, 'displayName': 'Successful'}","[{'type': {'value': 141, 'displayName': 'PassEndY'}, 'value': '31.3'}, {'type': {'value': 140, 'displayName': 'PassEndX'}, 'value': '22.7'}, {'type': {'value': 56, 'displayName': 'Zone'}, 'value': 'Back'}, {'type': {'value': 178, 'displayName': 'StandingSave'}}, {'type': {'value': 212, 'displayName': 'Length'}, 'value': '27.9'}, {'type': {'value': 213, 'displayName': 'Angle'}, 'value': '4.6'}]","[91, 117, 30, 35, 38, 215, 218]",True,342499.0,22.7,31.3,,,,,,,,,
2404768919.0,491,59,27.0,189,23.5,28.0,63,"{'value': 2, 'displayName': 'SecondHalf'}","{'value': 1, 'displayName': 'Pass'}","{'value': 1, 'displayName': 'Successful'}","[{'type': {'value': 140, 'displayName': 'PassEndX'}, 'value': '22.9'}, {'type': {'value': 141, 'displayName': 'PassEndY'}, 'value': '64.4'}, {'type': {'value': 213, 'displayName': 'Angle'}, 'value': '1.6'}, {'type': {'value': 56, 'displayName': 'Zone'}, 'value': 'Back'}, {'type': {'value': 212, 'displayName': 'Length'}, 'value': '24.8'}, {'type': {'value': 178, 'displayName': 'StandingSave'}}]","[91, 117, 30, 35, 37, 215, 218]",True,29026.0,22.9,64.4,,,,,,,,,
2404768959.0,492,59,31.0,189,26.5,70.8,63,"{'value': 2, 'displayName': 'SecondHalf'}","{'value': 1, 'displayName': 'Pass'}","{'value': 1, 'displayName': 'Successful'}","[{'type': {'value': 212, 'displayName': 'Length'}, 'value': '18.9'}, {'type': {'value': 178, 'displayName': 'StandingSave'}}, {'type': {'value': 213, 'displayName': 'Angle'}, 'value': '5.8'}, {'type': {'value': 141, 'displayName': 'PassEndY'}, 'value': '57.5'}, {'type': {'value': 56, 'displayName': 'Zone'}, 'value': 'Back'}, {'type': {'value': 140, 'displayName': 'PassEndX'}, 'value': '42.3'}]","[91, 117, 30, 36, 38, 216, 218]",True,342499.0,42.3,57.5,,,,,,,,,
2404768987.0,493,59,32.0,189,42.3,57.5,63,"{'value': 2, 'displayName': 'SecondHalf'}","{'value': 1, 'displayName': 'Pass'}","{'value': 1, 'displayName': 'Successful'}","[{'type': {'value': 212, 'displayName': 'Length'}, 'value': '4.1'}, {'type': {'value': 56, 'displayName': 'Zone'}, 'value': 'Back'}, {'type': {'value': 140, 'displayName': 'PassEndX'}, 'value': '38.7'}, {'type': {'value': 178, 'displayName': 'StandingSave'}}, {'type': {'value': 141, 'displayName': 'PassEndY'}, 'value': '60.0'}, {'type': {'value': 213, 'displayName': 'Angle'}, 'value': '2.7'}, {'type': {'value': 156, 'displayName': 'LayOff'}}]","[91, 117, 30, 35, 37, 216, 218]",True,134240.0,38.7,60.0,,,,,,,,,
2404769005.0,494,59,33.0,189,38.5,61.2,63,"{'value': 2, 'displayName': 'SecondHalf'}","{'value': 50, 'displayName': 'Dispossessed'}","{'value': 1, 'displayName': 'Successful'}","[{'type': {'value': 233, 'displayName': 'OppositeRelatedEvent'}, 'value': '567'}, {'type': {'value': 56, 'displayName': 'Zone'}, 'value': 'Back'}, {'type': {'value': 286, 'displayName': 'Offensive'}}]","[91, 70]",True,101856.0,,,,,,,,,,,
2404769043.0,567,59,33.0,29,61.5,38.8,63,"{'value': 2, 'displayName': 'SecondHalf'}","{'value': 7, 'displayName': 'Tackle'}","{'value': 0, 'displayName': 'Unsuccessful'}","[{'type': {'value': 56, 'displayName': 'Zone'}, 'value': 'Center'}, {'type': {'value': 285, 'displayName': 'Defensive'}}, {'type': {'value': 233, 'displayName': 'OppositeRelatedEvent'}, 'value': '494'}]","[91, 142]",True,297203.0,,,,,,,,,,,
2404769017.0,495,59,35.0,189,34.9,65.3,63,"{'value': 2, 'displayName': 'SecondHalf'}","{'value': 1, 'displayName': 'Pass'}","{'value': 0, 'displayName': 'Unsuccessful'}","[{'type': {'value': 56, 'displayName': 'Zone'}, 'value': 'Back'}, {'type': {'value': 140, 'displayName': 'PassEndX'}, 'value': '36.6'}, {'type': {'value': 286, 'displayName': 'Offensive'}}, {'type': {'value': 141, 'displayName': 'PassEndY'}, 'value': '67.5'}, {'type': {'value': 233, 'displayName': 'OppositeRelatedEvent'}, 'value': '566'}, {'type': {'value': 213, 'displayName': 'Angle'}, 'value': '0.7'}, {'type': {'value': 178, 'displayName': 'StandingSave'}}, {'type': {'value': 212, 'displayName': 'Length'}, 'value': '2.3'}]","[91, 118, 120, 29, 36, 37, 216, 218]",True,69344.0,36.6,67.5,,,,,,,,,
2404769021.0,566,59,35.0,29,62.0,33.0,63,"{'value': 2, 'displayName': 'SecondHalf'}","{'value': 74, 'displayName': 'BlockedPass'}","{'value': 1, 'displayName': 'Successful'}","[{'type': {'value': 285, 'displayName': 'Defensive'}}, {'type': {'value': 178, 'displayName': 'StandingSave'}}, {'type': {'value': 233, 'displayName': 'OppositeRelatedEvent'}, 'value': '495'}, {'type': {'value': 56, 'displayName': 'Zone'}, 'value': 'Center'}]","[91, 60]",True,143595.0,,,,,,,,,,,
2404769459.0,497,59,55.0,189,21.1,100.0,63,"{'value': 2, 'displayName': 'SecondHalf'}","{'value': 1, 'displayName': 'Pass'}","{'value': 0, 'displayName': 'Unsuccessful'}","[{'type': {'value': 212, 'displayName': 'Length'}, 'value': '13.1'}, {'type': {'value': 141, 'displayName': 'PassEndY'}, 'value': '86.3'}, {'type': {'value': 56, 'displayName': 'Zone'}, 'value': 'Back'}, {'type': {'value': 213, 'displayName': 'Angle'}, 'value': '5.4'}, {'type': {'value': 140, 'displayName': 'PassEndX'}, 'value': '29.1'}, {'type': {'value': 107, 'displayName': 'ThrowIn'}}]","[91, 212, 36, 38, 215]",True,229562.0,29.1,86.3,,,,,,,,,
2404769453.0,569,59,56.0,29,72.5,8.3,63,"{'value': 2, 'displayName': 'SecondHalf'}","{'value': 8, 'displayName': 'Interception'}","{'value': 1, 'displayName': 'Successful'}","[{'type': {'value': 178, 'displayName': 'StandingSave'}}, {'type': {'value': 56, 'displayName': 'Zone'}, 'value': 'Right'}]","[91, 101, 56]",True,332325.0,,,,,,,,,,,
2404769513.0,499,59,58.0,189,23.6,93.6,63,"{'value': 2, 'displayName': 'SecondHalf'}","{'value': 1, 'displayName': 'Pass'}","{'value': 1, 'displayName': 'Successful'}","[{'type': {'value': 56, 'displayName': 'Zone'}, 'value': 'Back'}, {'type': {'value': 213, 'displayName': 'Angle'}, 'value': '3.3'}, {'type': {'value': 140, 'displayName': 'PassEndX'}, 'value': '11.9'}, {'type': {'value': 141, 'displayName': 'PassEndY'}, 'value': '90.3'}, {'type': {'value': 212, 'displayName': 'Length'}, 'value': '12.5'}, {'type': {'value': 178, 'displayName': 'StandingSave'}}]","[91, 117, 30, 35, 38, 215, 218]",True,229562.0,11.9,90.3,,,,,,,,,
2404769551.0,500,59,59.0,189,11.9,90.2,63,"{'value': 2, 'displayName': 'SecondHalf'}","{'value': 1, 'displayName': 'Pass'}","{'value': 0, 'displayName': 'Unsuccessful'}","[{'type': {'value': 178, 'displayName': 'StandingSave'}}, {'type': {'value': 1, 'displayName': 'Longball'}}, {'type': {'value': 213, 'displayName': 'Angle'}, 'value': '6.1'}, {'type': {'value': 140, 'displayName': 'PassEndX'}, 'value': '56.3'}, {'type': {'value': 56, 'displayName': 'Zone'}, 'value': 'Center'}, {'type': {'value': 141, 'displayName': 'PassEndY'}, 'value': '77.7'}, {'type': {'value': 212, 'displayName': 'Length'}, 'value': '47.4'}]","[91, 120, 128, 36, 38, 216, 218]",True,342499.0,56.3,77.7,,,,,,,,,
2404769593.0,570,60,3.0,29,41.4,28.3,64,"{'value': 2, 'displayName': 'SecondHalf'}","{'value': 49, 'displayName': 'BallRecovery'}","{'value': 1, 'displayName': 'Successful'}",[],[93],False,111372.0,,,,,,,,,,,
2404769663.0,571,60,4.0,29,41.4,28.3,64,"{'value': 2, 'displayName': 'SecondHalf'}","{'value': 1, 'displayName': 'Pass'}","{'value': 1, 'displayName': 'Successful'}","[{'type': {'value': 56, 'displayName': 'Zone'}, 'value': 'Back'}, {'type': {'value': 178, 'displayName': 'StandingSave'}}, {'type': {'value': 212, 'displayName': 'Length'}, 'value': '16.7'}, {'type': {'value': 213, 'displayName': 'Angle'}, 'value': '2.0'}, {'type': {'value': 141, 'displayName': 'PassEndY'}, 'value': '50.6'}, {'type': {'value': 140, 'displayName': 'PassEndX'}, 'value': '34.8'}]","[91, 117, 30, 35, 37, 216, 218]",True,111372.0,34.8,50.6,,,,,,,,,
2404769829.0,572,60,6.0,29,32.7,53.8,64,"{'value': 2, 'displayName': 'SecondHalf'}","{'value': 1, 'displayName': 'Pass'}","{'value': 1, 'displayName': 'Successful'}","[{'type': {'value': 213, 'displayName': 'Angle'}, 'value': '3.1'}, {'type': {'value': 141, 'displayName': 'PassEndY'}, 'value': '54.0'}, {'type': {'value': 212, 'displayName': 'Length'}, 'value': '18.6'}, {'type': {'value': 56, 'displayName': 'Zone'}, 'value': 'Back'}, {'type': {'value': 178, 'displayName': 'StandingSave'}}, {'type': {'value': 140, 'displayName': 'PassEndX'}, 'value': '15.0'}]","[91, 117, 30, 35, 37, 215, 218]",True,300359.0,15.0,54.0,,,,,,,,,
2404769871.0,573,60,14.0,29,19.0,50.3,64,"{'value': 2, 'displayName': 'SecondHalf'}","{'value': 1, 'displayName': 'Pass'}","{'value': 1, 'displayName': 'Successful'}","[{'type': {'value': 212, 'displayName': 'Length'}, 'value': '15.7'}, {'type': {'value': 56, 'displayName': 'Zone'}, 'value': 'Back'}, {'type': {'value': 178, 'displayName': 'StandingSave'}}, {'type': {'value': 140, 'displayName': 'PassEndX'}, 'value': '23.4'}, {'type': {'value': 213, 'displayName': 'Angle'}, 'value': '1.3'}, {'type': {'value': 141, 'displayName': 'PassEndY'}, 'value': '72.4'}]","[91, 117, 30, 36, 37, 215, 218]",True,20973.0,23.4,72.4,,,,,,,,,
2404769943.0,574,60,16.0,29,23.4,72.4,64,"{'value': 2, 'displayName': 'SecondHalf'}","{'value': 1, 'displayName': 'Pass'}","{'value': 1, 'displayName': 'Successful'}","[{'type': {'value': 178, 'displayName': 'StandingSave'}}, {'type': {'value': 140, 'displayName': 'PassEndX'}, 'value': '17.7'}, {'type': {'value': 213, 'displayName': 'Angle'}, 'value': '4.3'}, {'type': {'value': 56, 'displayName': 'Zone'}, 'value': 'Back'}, {'type': {'value': 212, 'displayName': 'Length'}, 'value': '13.6'}, {'type': {'value': 141, 'displayName': 'PassEndY'}, 'value': '54.4'}]","[91, 117, 30, 35, 38, 215, 218]",True,332325.0,17.7,54.4,,,,,,,,,
2404769985.0,575,60,19.0,29,21.2,42.2,64,"{'value': 2, 'displayName': 'SecondHalf'}","{'value': 1, 'displayName': 'Pass'}","{'value': 1, 'displayName': 'Successful'}","[{'type': {'value': 141, 'displayName': 'PassEndY'}, 'value': '17.8'}, {'type': {'value': 56, 'displayName': 'Zone'}, 'value': 'Back'}, {'type': {'value': 212, 'displayName': 'Length'}, 'value': '16.7'}, {'type': {'value': 213, 'displayName': 'Angle'}, 'value': '4.8'}, {'type': {'value': 178, 'displayName': 'StandingSave'}}, {'type': {'value': 140, 'displayName': 'PassEndX'}, 'value': '22.8'}]","[91, 117, 30, 36, 38, 215, 218]",True,300359.0,22.8,17.8,,,,,,,,,
2404770059.0,576,60,22.0,29,23.4,15.5,64,"{'value': 2, 'displayName': 'SecondHalf'}","{'value': 1, 'displayName': 'Pass'}","{'value': 1, 'displayName': 'Successful'}","[{'type': {'value': 213, 'displayName': 'Angle'}, 'value': '5.7'}, {'type': {'value': 212, 'displayName': 'Length'}, 'value': '11.4'}, {'type': {'value': 178, 'displayName': 'StandingSave'}}, {'type': {'value': 140, 'displayName': 'PassEndX'}, 'value': '32.6'}, {'type': {'value': 141, 'displayName': 'PassEndY'}, 'value': '6.5'}, {'type': {'value': 56, 'displayName': 'Zone'}, 'value': 'Back'}]","[91, 117, 30, 36, 38, 215, 218]",True,73063.0,32.6,6.5,,,,,,,,,
2404770145.0,501,60,26.0,189,71.9,93.6,64,"{'value': 2, 'displayName': 'SecondHalf'}","{'value': 45, 'displayName': 'Challenge'}","{'value': 0, 'displayName': 'Unsuccessful'}","[{'type': {'value': 233, 'displayName': 'OppositeRelatedEvent'}, 'value': '577'}, {'type': {'value': 56, 'displayName': 'Zone'}, 'value': 'Left'}, {'type': {'value': 286, 'displayName': 'Offensive'}}]",[55],False,296240.0,,,,,,,,,,,
2404770153.0,577,60,26.0,29,28.1,6.4,64,"{'value': 2, 'displayName': 'SecondHalf'}","{'value': 3, 'displayName': 'TakeOn'}","{'value': 1, 'displayName': 'Successful'}","[{'type': {'value': 178, 'displayName': 'StandingSave'}}, {'type': {'value': 56, 'displayName': 'Zone'}, 'value': 'Back'}, {'type': {'value': 285, 'displayName': 'Defensive'}}, {'type': {'value': 233, 'displayName': 'OppositeRelatedEvent'}, 'value': '501'}]","[91, 54]",True,111372.0,,,,,,,,,,,
2404770187.0,578,60,27.0,29,29.3,8.5,64,"{'value': 2, 'displayName': 'SecondHalf'}","{'value': 1, 'displayName': 'Pass'}","{'value': 1, 'displayName': 'Successful'}","[{'type': {'value': 178, 'displayName': 'StandingSave'}}, {'type': {'value': 56, 'displayName': 'Zone'}, 'value': 'Back'}, {'type': {'value': 140, 'displayName': 'PassEndX'}, 'value': '19.3'}, {'type': {'value': 141, 'displayName': 'PassEndY'}, 'value': '10.2'}, {'type': {'value': 213, 'displayName': 'Angle'}, 'value': '3.0'}, {'type': {'value': 212, 'displayName': 'Length'}, 'value': '10.6'}]","[91, 117, 30, 35, 37, 215, 218]",True,111372.0,19.3,10.2,,,,,,,,,
2404770219.0,579,60,29.0,29,17.5,10.5,64,"{'value': 2, 'displayName': 'SecondHalf'}","{'value': 1, 'displayName': 'Pass'}","{'value': 1, 'displayName': 'Successful'}","[{'type': {'value': 213, 'displayName': 'Angle'}, 'value': '2.2'}, {'type': {'value': 56, 'displayName': 'Zone'}, 'value': 'Back'}, {'type': {'value': 140, 'displayName': 'PassEndX'}, 'value': '5.5'}, {'type': {'value': 212, 'displayName': 'Length'}, 'value': '22.6'}, {'type': {'value': 178, 'displayName': 'StandingSave'}}, {'type': {'value': 141, 'displayName': 'PassEndY'}, 'value': '38.1'}]","[91, 117, 30, 35, 37, 215, 218]",True,73063.0,5.5,38.1,,,,,,,,,
2404770309.0,580,60,31.0,29,5.4,38.3,64,"{'value': 2, 'displayName': 'SecondHalf'}","{'value': 1, 'displayName': 'Pass'}","{'value': 1, 'displayName': 'Successful'}","[{'type': {'value': 141, 'displayName': 'PassEndY'}, 'value': '24.6'}, {'type': {'value': 178, 'displayName': 'StandingSave'}}, {'type': {'value': 56, 'displayName': 'Zone'}, 'value': 'Back'}, {'type': {'value': 213, 'displayName': 'Angle'}, 'value': '6.0'}, {'type': {'value': 140, 'displayName': 'PassEndX'}, 'value': '39.2'}, {'type': {'value': 212, 'displayName': 'Length'}, 'value': '36.7'}, {'type': {'value': 1, 'displayName': 'Longball'}}]","[91, 117, 127, 36, 38, 216, 218]",True,20973.0,39.2,24.6,,,,,,,,,
2404770335.0,581,60,35.0,29,39.2,24.6,64,"{'value': 2, 'displayName': 'SecondHalf'}","{'value': 1, 'displayName': 'Pass'}","{'value': 0, 'displayName': 'Unsuccessful'}","[{'type': {'value': 1, 'displayName': 'Longball'}}, {'type': {'value': 178, 'displayName': 'StandingSave'}}, {'type': {'value': 213, 'displayName': 'Angle'}, 'value': '1.7'}, {'type': {'value': 212, 'displayName': 'Length'}, 'value': '8.8'}, {'type': {'value': 56, 'displayName': 'Zone'}, 'value': 'Back'}, {'type': {'value': 140, 'displayName': 'PassEndX'}, 'value': '38.1'}, {'type': {'value': 141, 'displayName': 'PassEndY'}, 'value': '37.4'}]","[91, 118, 120, 128, 35, 37, 216, 218]",True,322596.0,38.1,37.4,,,,,,,,,
2404770343.0,502,60,37.0,189,62.2,59.9,64,"{'value': 2, 'displayName': 'SecondHalf'}","{'value': 44, 'displayName': 'Aerial'}","{'value': 1, 'displayName': 'Successful'}","[{'type': {'value': 233, 'displayName': 'OppositeRelatedEvent'}, 'value': '582'}, {'type': {'value': 56, 'displayName': 'Zone'}, 'value': 'Center'}, {'type': {'value': 286, 'displayName': 'Offensive'}}]","[197, 199]",False,101856.0,,,,,,,,,,,
2404770365.0,582,60,37.0,29,37.8,40.1,64,"{'value': 2, 'displayName': 'SecondHalf'}","{'value': 44, 'displayName': 'Aerial'}","{'value': 0, 'displayName': 'Unsuccessful'}","[{'type': {'value': 285, 'displayName': 'Defensive'}}, {'type': {'value': 233, 'displayName': 'OppositeRelatedEvent'}, 'value': '502'}, {'type': {'value': 56, 'displayName': 'Zone'}, 'value': 'Back'}]","[198, 200]",False,297203.0,,,,,,,,,,,
2404770377.0,503,60,37.0,189,62.5,57.2,64,"{'value': 2, 'displayName': 'SecondHalf'}","{'value': 1, 'displayName': 'Pass'}","{'value': 0, 'displayName': 'Unsuccessful'}","[{'type': {'value': 140, 'displayName': 'PassEndX'}, 'value': '63.5'}, {'type': {'value': 56, 'displayName': 'Zone'}, 'value': 'Center'}, {'type': {'value': 213, 'displayName': 'Angle'}, 'value': '0.4'}, {'type': {'value': 141, 'displayName': 'PassEndY'}, 'value': '57.8'}, {'type': {'value': 212, 'displayName': 'Length'}, 'value': '1.1'}, {'type': {'value': 3, 'displayName': 'HeadPass'}}]","[91, 120, 29, 139, 36, 37, 216, 218]",True,101856.0,63.5,57.8,,,,,,,,,
2404770389.0,583,60,37.0,29,38.1,37.4,64,"{'value': 2, 'displayName': 'SecondHalf'}","{'value': 61, 'displayName': 'BallTouch'}","{'value': 1, 'displayName': 'Successful'}","[{'type': {'value': 56, 'displayName': 'Zone'}, 'value': 'Back'}, {'type': {'value': 15, 'displayName': 'Head'}}]",[91],True,297203.0,,,,,,,,,,,
2404770429.0,584,60,38.0,29,34.4,34.0,64,"{'value': 2, 'displayName': 'SecondHalf'}","{'value': 1, 'displayName': 'Pass'}","{'value': 1, 'displayName': 'Successful'}","[{'type': {'value': 212, 'displayName': 'Length'}, 'value': '14.9'}, {'type': {'value': 213, 'displayName': 'Angle'}, 'value': '1.5'}, {'type': {'value': 141, 'displayName': 'PassEndY'}, 'value': '55.8'}, {'type': {'value': 56, 'displayName': 'Zone'}, 'value': 'Back'}, {'type': {'value': 140, 'displayName': 'PassEndX'}, 'value': '35.7'}, {'type': {'value': 3, 'displayName': 'HeadPass'}}]","[91, 117, 30, 139, 36, 37, 216, 218]",True,143595.0,35.7,55.8,,,,,,,,,
2404770463.0,585,60,42.0,29,41.0,68.2,64,"{'value': 2, 'displayName': 'SecondHalf'}","{'value': 1, 'displayName': 'Pass'}","{'value': 1, 'displayName': 'Successful'}","[{'type': {'value': 140, 'displayName': 'PassEndX'}, 'value': '35.6'}, {'type': {'value': 141, 'displayName': 'PassEndY'}, 'value': '82.7'}, {'type': {'value': 56, 'displayName': 'Zone'}, 'value': 'Back'}, {'type': {'value': 212, 'displayName': 'Length'}, 'value': '11.4'}, {'type': {'value': 178, 'displayName': 'StandingSave'}}, {'type': {'value': 213, 'displayName': 'Angle'}, 'value': '2.1'}]","[91, 117, 30, 35, 37, 216, 218]",True,332325.0,35.6,82.7,,,,,,,,,
2404770523.0,586,60,45.0,29,35.5,82.5,64,"{'value': 2, 'displayName': 'SecondHalf'}","{'value': 1, 'displayName': 'Pass'}","{'value': 1, 'displayName': 'Successful'}","[{'type': {'value': 178, 'displayName': 'StandingSave'}}, {'type': {'value': 56, 'displayName': 'Zone'}, 'value': 'Back'}, {'type': {'value': 212, 'displayName': 'Length'}, 'value': '7.9'}, {'type': {'value': 140, 'displayName': 'PassEndX'}, 'value': '36.3'}, {'type': {'value': 141, 'displayName': 'PassEndY'}, 'value': '71.0'}, {'type': {'value': 213, 'displayName': 'Angle'}, 'value': '4.8'}]","[91, 117, 30, 36, 38, 216, 218]",True,68049.0,36.3,71.0,,,,,,,,,
2404770659.0,587,60,47.0,29,37.9,71.3,64,"{'value': 2, 'displayName': 'SecondHalf'}","{'value': 1, 'displayName': 'Pass'}","{'value': 1, 'displayName': 'Successful'}","[{'type': {'value': 213, 'displayName': 'Angle'}, 'value': '1.7'}, {'type': {'value': 140, 'displayName': 'PassEndX'}, 'value': '35.6'}, {'type': {'value': 212, 'displayName': 'Length'}, 'value': '13.7'}, {'type': {'value': 56, 'displayName': 'Zone'}, 'value': 'Back'}, {'type': {'value': 141, 'displayName': 'PassEndY'}, 'value': '91.2'}, {'type': {'value': 178, 'displayName': 'StandingSave'}}]","[91, 117, 30, 35, 37, 216, 218]",True,143595.0,35.6,91.2,,,,,,,,,
2404770775.0,588,60,53.0,29,40.3,83.6,64,"{'value': 2, 'displayName': 'SecondHalf'}","{'value': 1, 'displayName': 'Pass'}","{'value': 1, 'displayName': 'Successful'}","[{'type': {'value': 178, 'displayName': 'StandingSave'}}, {'type': {'value': 213, 'displayName': 'Angle'}, 'value': '4.7'}, {'type': {'value': 141, 'displayName': 'PassEndY'}, 'value': '65.5'}, {'type': {'value': 56, 'displayName': 'Zone'}, 'value': 'Back'}, {'type': {'value': 212, 'displayName': 'Length'}, 'value': '12.3'}, {'type': {'value': 140, 'displayName': 'PassEndX'}, 'value': '40.1'}]","[91, 117, 30, 35, 38, 216, 218]",True,68049.0,40.1,65.5,,,,,,,,,
2404770813.0,589,60,59.0,29,52.7,58.7,64,"{'value': 2, 'displayName': 'SecondHalf'}","{'value': 1, 'displayName': 'Pass'}","{'value': 1, 'displayName': 'Successful'}","[{'type': {'value': 213, 'displayName': 'Angle'}, 'value': '1.5'}, {'type': {'value': 141, 'displayName': 'PassEndY'}, 'value': '74.2'}, {'type': {'value': 56, 'displayName': 'Zone'}, 'value': 'Center'}, {'type': {'value': 140, 'displayName': 'PassEndX'}, 'value': '53.4'}, {'type': {'value': 178, 'displayName': 'StandingSave'}}, {'type': {'value': 212, 'displayName': 'Length'}, 'value': '10.6'}]","[91, 119, 117, 30, 36, 37, 216, 218]",True,143595.0,53.4,74.2,,,,,,,,,
2404770861.0,590,61,1.0,29,54.5,74.0,65,"{'value': 2, 'displayName': 'SecondHalf'}","{'value': 1, 'displayName': 'Pass'}","{'value': 1, 'displayName': 'Successful'}","[{'type': {'value': 178, 'displayName': 'StandingSave'}}, {'type': {'value': 213, 'displayName': 'Angle'}, 'value': '6.1'}, {'type': {'value': 212, 'displayName': 'Length'}, 'value': '6.6'}, {'type': {'value': 141, 'displayName': 'PassEndY'}, 'value': '72.2'}, {'type': {'value': 56, 'displayName': 'Zone'}, 'value': 'Center'}, {'type': {'value': 140, 'displayName': 'PassEndX'}, 'value': '60.7'}]","[91, 119, 117, 30, 36, 38, 216, 218]",True,332325.0,60.7,72.2,,,,,,,,,
2404770867.0,591,61,3.0,29,60.7,72.2,65,"{'value': 2, 'displayName': 'SecondHalf'}","{'value': 61, 'displayName': 'BallTouch'}","{'value': 0, 'displayName': 'Unsuccessful'}","[{'type': {'value': 56, 'displayName': 'Zone'}, 'value': 'Center'}, {'type': {'value': 178, 'displayName': 'StandingSave'}}]","[91, 69]",True,137021.0,,,,,,,,,,,
2404770919.0,504,61,4.0,189,34.5,31.0,65,"{'value': 2, 'displayName': 'SecondHalf'}","{'value': 1, 'displayName': 'Pass'}","{'value': 1, 'displayName': 'Successful'}","[{'type': {'value': 56, 'displayName': 'Zone'}, 'value': 'Back'}, {'type': {'value': 213, 'displayName': 'Angle'}, 'value': '5.1'}, {'type': {'value': 140, 'displayName': 'PassEndX'}, 'value': '39.8'}, {'type': {'value': 178, 'displayName': 'StandingSave'}}, {'type': {'value': 212, 'displayName': 'Length'}, 'value': '15.3'}, {'type': {'value': 141, 'displayName': 'PassEndY'}, 'value': '10.0'}]","[91, 117, 30, 36, 38, 216, 218]",True,101856.0,39.8,10.0,,,,,,,,,
2404770931.0,505,61,5.0,189,39.8,9.5,65,"{'value': 2, 'displayName': 'SecondHalf'}","{'value': 49, 'displayName': 'BallRecovery'}","{'value': 1, 'displayName': 'Successful'}",[],[93],False,353377.0,,,,,,,,,,,
2404771073.0,506,61,9.0,189,42.7,10.7,65,"{'value': 2, 'displayName': 'SecondHalf'}","{'value': 1, 'displayName': 'Pass'}","{'value': 1, 'displayName': 'Successful'}","[{'type': {'value': 155, 'displayName': 'Chipped'}}, {'type': {'value': 178, 'displayName': 'StandingSave'}}, {'type': {'value': 56, 'displayName': 'Zone'}, 'value': 'Back'}, {'type': {'value': 140, 'displayName': 'PassEndX'}, 'value': '24.4'}, {'type': {'value': 141, 'displayName': 'PassEndY'}, 'value': '56.6'}, {'type': {'value': 1, 'displayName': 'Longball'}}, {'type': {'value': 212, 'displayName': 'Length'}, 'value': '36.7'}, {'type': {'value': 213, 'displayName': 'Angle'}, 'value': '2.1'}]","[91, 117, 124, 127, 35, 37, 215, 218]",True,353377.0,24.4,56.6,,,,,,,,,
2404771165.0,507,61,13.0,189,24.4,56.6,65,"{'value': 2, 'displayName': 'SecondHalf'}","{'value': 1, 'displayName': 'Pass'}","{'value': 1, 'displayName': 'Successful'}","[{'type': {'value': 56, 'displayName': 'Zone'}, 'value': 'Back'}, {'type': {'value': 140, 'displayName': 'PassEndX'}, 'value': '8.5'}, {'type': {'value': 141, 'displayName': 'PassEndY'}, 'value': '56.1'}, {'type': {'value': 213, 'displayName': 'Angle'}, 'value': '3.2'}, {'type': {'value': 212, 'displayName': 'Length'}, 'value': '16.7'}]","[91, 117, 30, 35, 38, 215, 218]",True,342499.0,8.5,56.1,,,,,,,,,
2404771251.0,508,61,16.0,189,7.7,48.5,65,"{'value': 2, 'displayName': 'SecondHalf'}","{'value': 1, 'displayName': 'Pass'}","{'value': 0, 'displayName': 'Unsuccessful'}","[{'type': {'value': 212, 'displayName': 'Length'}, 'value': '47.1'}, {'type': {'value': 140, 'displayName': 'PassEndX'}, 'value': '43.5'}, {'type': {'value': 178, 'displayName': 'StandingSave'}}, {'type': {'value': 213, 'displayName': 'Angle'}, 'value': '5.6'}, {'type': {'value': 141, 'displayName': 'PassEndY'}, 'value': '6.7'}, {'type': {'value': 56, 'displayName': 'Zone'}, 'value': 'Back'}, {'type': {'value': 1, 'displayName': 'Longball'}}, {'type': {'value': 155, 'displayName': 'Chipped'}}]","[91, 118, 120, 124, 128, 36, 38, 216, 218]",True,276366.0,43.5,6.7,,,,,,,,,
2404771245.0,592,61,19.0,29,55.0,90.3,65,"{'value': 2, 'displayName': 'SecondHalf'}","{'value': 8, 'displayName': 'Interception'}","{'value': 1, 'displayName': 'Successful'}","[{'type': {'value': 56, 'displayName': 'Zone'}, 'value': 'Left'}, {'type': {'value': 178, 'displayName': 'StandingSave'}}]","[91, 101, 56]",True,68049.0,,,,,,,,,,,
2404771321.0,509,61,21.0,189,42.3,7.6,65,"{'value': 2, 'displayName': 'SecondHalf'}","{'value': 1, 'displayName': 'Pass'}","{'value': 1, 'displayName': 'Successful'}","[{'type': {'value': 213, 'displayName': 'Angle'}, 'value': '1.9'}, {'type': {'value': 212, 'displayName': 'Length'}, 'value': '8.4'}, {'type': {'value': 141, 'displayName': 'PassEndY'}, 'value': '19.4'}, {'type': {'value': 178, 'displayName': 'StandingSave'}}, {'type': {'value': 56, 'displayName': 'Zone'}, 'value': 'Back'}, {'type': {'value': 140, 'displayName': 'PassEndX'}, 'value': '39.9'}]","[91, 117, 30, 35, 37, 216, 218]",True,353377.0,39.9,19.4,,,,,,,,,
2404771343.0,510,61,22.0,189,39.9,19.4,65,"{'value': 2, 'displayName': 'SecondHalf'}","{'value': 1, 'displayName': 'Pass'}","{'value': 0, 'displayName': 'Unsuccessful'}","[{'type': {'value': 56, 'displayName': 'Zone'}, 'value': 'Back'}, {'type': {'value': 140, 'displayName': 'PassEndX'}, 'value': '34.2'}, {'type': {'value': 213, 'displayName': 'Angle'}, 'value': '3.3'}, {'type': {'value': 212, 'displayName': 'Length'}, 'value': '6.1'}, {'type': {'value': 178, 'displayName': 'StandingSave'}}, {'type': {'value': 141, 'displayName': 'PassEndY'}, 'value': '17.6'}]","[91, 118, 120, 29, 35, 38, 216, 218]",True,298689.0,34.2,17.6,,,,,,,,,
2404771309.0,593,61,24.0,29,60.7,81.2,65,"{'value': 2, 'displayName': 'SecondHalf'}","{'value': 8, 'displayName': 'Interception'}","{'value': 1, 'displayName': 'Successful'}","[{'type': {'value': 56, 'displayName': 'Zone'}, 'value': 'Left'}, {'type': {'value': 178, 'displayName': 'StandingSave'}}]","[91, 101, 56]",True,297203.0,,,,,,,,,,,
2404771527.0,511,61,27.0,189,42.0,3.8,65,"{'value': 2, 'displayName': 'SecondHalf'}","{'value': 1, 'displayName': 'Pass'}","{'value': 1, 'displayName': 'Successful'}","[{'type': {'value': 140, 'displayName': 'PassEndX'}, 'value': '56.2'}, {'type': {'value': 213, 'displayName': 'Angle'}, 'value': '0.0'}, {'type': {'value': 178, 'displayName': 'StandingSave'}}, {'type': {'value': 56, 'displayName': 'Zone'}, 'value': 'Right'}, {'type': {'value': 141, 'displayName': 'PassEndY'}, 'value': '4.7'}, {'type': {'value': 212, 'displayName': 'Length'}, 'value': '14.9'}]","[91, 119, 117, 30, 36, 37, 216, 218]",True,321085.0,56.2,4.7,,,,,,,,,
2404771569.0,512,61,33.0,189,62.6,1.1,65,"{'value': 2, 'displayName': 'SecondHalf'}","{'value': 1, 'displayName': 'Pass'}","{'value': 1, 'displayName': 'Successful'}","[{'type': {'value': 178, 'displayName': 'StandingSave'}}, {'type': {'value': 56, 'displayName': 'Zone'}, 'value': 'Right'}, {'type': {'value': 212, 'displayName': 'Length'}, 'value': '6.8'}, {'type': {'value': 140, 'displayName': 'PassEndX'}, 'value': '69.1'}, {'type': {'value': 141, 'displayName': 'PassEndY'}, 'value': '1.7'}, {'type': {'value': 213, 'displayName': 'Angle'}, 'value': '0.1'}]","[91, 119, 117, 30, 205, 36, 37, 217, 218]",True,353377.0,69.1,1.7,,,,,,,,,
2404771609.0,513,61,37.0,189,72.4,4.6,65,"{'value': 2, 'displayName': 'SecondHalf'}","{'value': 1, 'displayName': 'Pass'}","{'value': 1, 'displayName': 'Successful'}","[{'type': {'value': 140, 'displayName': 'PassEndX'}, 'value': '77.4'}, {'type': {'value': 141, 'displayName': 'PassEndY'}, 'value': '29.2'}, {'type': {'value': 213, 'displayName': 'Angle'}, 'value': '1.3'}, {'type': {'value': 56, 'displayName': 'Zone'}, 'value': 'Center'}, {'type': {'value': 212, 'displayName': 'Length'}, 'value': '17.5'}, {'type': {'value': 178, 'displayName': 'StandingSave'}}]","[91, 119, 117, 30, 205, 36, 37, 217, 218]",True,321085.0,77.4,29.2,,,,,,,,,
2404771671.0,514,61,39.0,189,76.5,30.2,65,"{'value': 2, 'displayName': 'SecondHalf'}","{'value': 1, 'displayName': 'Pass'}","{'value': 0, 'displayName': 'Unsuccessful'}","[{'type': {'value': 56, 'displayName': 'Zone'}, 'value': 'Center'}, {'type': {'value': 140, 'displayName': 'PassEndX'}, 'value': '92.8'}, {'type': {'value': 212, 'displayName': 'Length'}, 'value': '17.9'}, {'type': {'value': 213, 'displayName': 'Angle'}, 'value': '0.3'}, {'type': {'value': 178, 'displayName': 'StandingSave'}}, {'type': {'value': 4, 'displayName': 'Throughball'}}, {'type': {'value': 141, 'displayName': 'PassEndY'}, 'value': '37.9'}]","[91, 120, 29, 130, 36, 37, 217, 218]",True,134240.0,92.8,37.9,,,,,,,,,
2404771691.0,594,61,41.0,29,8.9,61.3,65,"{'value': 2, 'displayName': 'SecondHalf'}","{'value': 11, 'displayName': 'Claim'}","{'value': 0, 'displayName': 'Unsuccessful'}","[{'type': {'value': 56, 'displayName': 'Zone'}, 'value': 'Back'}, {'type': {'value': 88, 'displayName': 'HighClaim'}}]",[91],True,20973.0,,,,,,,,,,,
2404771763.0,595,61,43.0,29,9.2,71.0,65,"{'value': 2, 'displayName': 'SecondHalf'}","{'value': 12, 'displayName': 'Clearance'}","{'value': 1, 'displayName': 'Successful'}","[{'type': {'value': 141, 'displayName': 'PassEndY'}, 'value': '90.4'}, {'type': {'value': 140, 'displayName': 'PassEndX'}, 'value': '34.0'}, {'type': {'value': 56, 'displayName': 'Zone'}, 'value': 'Back'}, {'type': {'value': 178, 'displayName': 'StandingSave'}}, {'type': {'value': 213, 'displayName': 'Angle'}, 'value': '0.5'}, {'type': {'value': 212, 'displayName': 'Length'}, 'value': '29.2'}]","[91, 94, 95, 216]",True,68049.0,34.0,90.4,,,,,,,,,
2404771843.0,598,61,44.0,29,31.3,89.0,65,"{'value': 2, 'displayName': 'SecondHalf'}","{'value': 49, 'displayName': 'BallRecovery'}","{'value': 1, 'displayName': 'Successful'}",[],[93],False,297203.0,,,,,,,,,,,
2404771803.0,596,61,44.0,29,38.4,89.8,65,"{'value': 2, 'displayName': 'SecondHalf'}","{'value': 1, 'displayName': 'Pass'}","{'value': 1, 'displayName': 'Successful'}","[{'type': {'value': 140, 'displayName': 'PassEndX'}, 'value': '35.6'}, {'type': {'value': 178, 'displayName': 'StandingSave'}}, {'type': {'value': 56, 'displayName': 'Zone'}, 'value': 'Back'}, {'type': {'value': 212, 'displayName': 'Length'}, 'value': '5.3'}, {'type': {'value': 141, 'displayName': 'PassEndY'}, 'value': '83.3'}, {'type': {'value': 213, 'displayName': 'Angle'}, 'value': '4.1'}, {'type': {'value': 156, 'displayName': 'LayOff'}}]","[91, 117, 30, 35, 38, 216, 218]",True,297203.0,35.6,83.3,,,,,,,,,
2404771837.0,516,61,48.0,189,59.7,24.3,65,"{'value': 2, 'displayName': 'SecondHalf'}","{'value': 45, 'displayName': 'Challenge'}","{'value': 0, 'displayName': 'Unsuccessful'}","[{'type': {'value': 285, 'displayName': 'Defensive'}}, {'type': {'value': 56, 'displayName': 'Zone'}, 'value': 'Center'}, {'type': {'value': 233, 'displayName': 'OppositeRelatedEvent'}, 'value': '597'}]",[55],False,134240.0,,,,,,,,,,,
2404771823.0,597,61,48.0,29,40.3,75.7,65,"{'value': 2, 'displayName': 'SecondHalf'}","{'value': 3, 'displayName': 'TakeOn'}","{'value': 1, 'displayName': 'Successful'}","[{'type': {'value': 178, 'displayName': 'StandingSave'}}, {'type': {'value': 286, 'displayName': 'Offensive'}}, {'type': {'value': 56, 'displayName': 'Zone'}, 'value': 'Back'}, {'type': {'value': 233, 'displayName': 'OppositeRelatedEvent'}, 'value': '516'}]","[91, 54]",True,137021.0,,,,,,,,,,,
2404771861.0,599,61,50.0,29,43.4,75.5,65,"{'value': 2, 'displayName': 'SecondHalf'}","{'value': 1, 'displayName': 'Pass'}","{'value': 1, 'displayName': 'Successful'}","[{'type': {'value': 213, 'displayName': 'Angle'}, 'value': '0.9'}, {'type': {'value': 140, 'displayName': 'PassEndX'}, 'value': '52.8'}, {'type': {'value': 56, 'displayName': 'Zone'}, 'value': 'Left'}, {'type': {'value': 178, 'displayName': 'StandingSave'}}, {'type': {'value': 141, 'displayName': 'PassEndY'}, 'value': '92.3'}, {'type': {'value': 212, 'displayName': 'Length'}, 'value': '15.1'}]","[91, 119, 117, 30, 36, 37, 216, 218]",True,137021.0,52.8,92.3,,,,,,,,,
2404771929.0,600,61,53.0,29,53.8,89.8,65,"{'value': 2, 'displayName': 'SecondHalf'}","{'value': 1, 'displayName': 'Pass'}","{'value': 1, 'displayName': 'Successful'}","[{'type': {'value': 56, 'displayName': 'Zone'}, 'value': 'Back'}, {'type': {'value': 140, 'displayName': 'PassEndX'}, 'value': '43.7'}, {'type': {'value': 178, 'displayName': 'StandingSave'}}, {'type': {'value': 213, 'displayName': 'Angle'}, 'value': '3.5'}, {'type': {'value': 141, 'displayName': 'PassEndY'}, 'value': '83.3'}, {'type': {'value': 212, 'displayName': 'Length'}, 'value': '11.5'}]","[91, 117, 30, 35, 38, 216, 218]",True,297203.0,43.7,83.3,,,,,,,,,
2404771949.0,601,61,55.0,29,44.2,83.9,65,"{'value': 2, 'displayName': 'SecondHalf'}","{'value': 1, 'displayName': 'Pass'}","{'value': 1, 'displayName': 'Successful'}","[{'type': {'value': 212, 'displayName': 'Length'}, 'value': '10.5'}, {'type': {'value': 56, 'displayName': 'Zone'}, 'value': 'Left'}, {'type': {'value': 141, 'displayName': 'PassEndY'}, 'value': '94.4'}, {'type': {'value': 213, 'displayName': 'Angle'}, 'value': '0.7'}, {'type': {'value': 178, 'displayName': 'StandingSave'}}, {'type': {'value': 140, 'displayName': 'PassEndX'}, 'value': '51.5'}]","[91, 119, 117, 30, 36, 37, 216, 218]",True,332325.0,51.5,94.4,,,,,,,,,
2404772073.0,602,61,56.0,29,51.5,94.4,65,"{'value': 2, 'displayName': 'SecondHalf'}","{'value': 1, 'displayName': 'Pass'}","{'value': 1, 'displayName': 'Successful'}","[{'type': {'value': 141, 'displayName': 'PassEndY'}, 'value': '83.5'}, {'type': {'value': 212, 'displayName': 'Length'}, 'value': '7.4'}, {'type': {'value': 140, 'displayName': 'PassEndX'}, 'value': '51.4'}, {'type': {'value': 56, 'displayName': 'Zone'}, 'value': 'Left'}, {'type': {'value': 213, 'displayName': 'Angle'}, 'value': '4.7'}, {'type': {'value': 178, 'displayName': 'StandingSave'}}]","[91, 119, 117, 30, 35, 38, 216, 218]",True,297203.0,51.4,83.5,,,,,,,,,
2404772157.0,603,62,2.0,29,58.4,71.0,66,"{'value': 2, 'displayName': 'SecondHalf'}","{'value': 1, 'displayName': 'Pass'}","{'value': 1, 'displayName': 'Successful'}","[{'type': {'value': 178, 'displayName': 'StandingSave'}}, {'type': {'value': 56, 'displayName': 'Zone'}, 'value': 'Left'}, {'type': {'value': 140, 'displayName': 'PassEndX'}, 'value': '71.8'}, {'type': {'value': 212, 'displayName': 'Length'}, 'value': '20.9'}, {'type': {'value': 141, 'displayName': 'PassEndY'}, 'value': '93.8'}, {'type': {'value': 213, 'displayName': 'Angle'}, 'value': '0.8'}]","[91, 119, 117, 30, 205, 36, 37, 217, 218]",True,332325.0,71.8,93.8,,,,,,,,,
2404772207.0,604,62,6.0,29,75.9,83.6,66,"{'value': 2, 'displayName': 'SecondHalf'}","{'value': 1, 'displayName': 'Pass'}","{'value': 0, 'displayName': 'Unsuccessful'}","[{'type': {'value': 212, 'displayName': 'Length'}, 'value': '45.3'}, {'type': {'value': 56, 'displayName': 'Zone'}, 'value': 'Center'}, {'type': {'value': 155, 'displayName': 'Chipped'}}, {'type': {'value': 141, 'displayName': 'PassEndY'}, 'value': '29.0'}, {'type': {'value': 178, 'displayName': 'StandingSave'}}, {'type': {'value': 1, 'displayName': 'Longball'}}, {'type': {'value': 140, 'displayName': 'PassEndX'}, 'value': '100.0'}, {'type': {'value': 20, 'displayName': 'RightFoot'}}, {'type': {'value': 213, 'displayName': 'Angle'}, 'value': '5.3'}, {'type': {'value': 2, 'displayName': 'Cross'}}]","[91, 137, 124, 126, 36, 38, 217, 218]",True,297203.0,100.0,29.0,,,,,,,,,
2404772749.0,518,62,38.0,189,4.7,53.4,66,"{'value': 2, 'displayName': 'SecondHalf'}","{'value': 1, 'displayName': 'Pass'}","{'value': 1, 'displayName': 'Successful'}","[{'type': {'value': 56, 'displayName': 'Zone'}, 'value': 'Back'}, {'type': {'value': 212, 'displayName': 'Length'}, 'value': '11.4'}, {'type': {'value': 213, 'displayName': 'Angle'}, 'value': '1.5'}, {'type': {'value': 124, 'displayName': 'GoalKick'}}, {'type': {'value': 141, 'displayName': 'PassEndY'}, 'value': '70.1'}, {'type': {'value': 140, 'displayName': 'PassEndX'}, 'value': '5.4'}]","[91, 117, 30, 36, 37, 215, 218]",True,276366.0,5.4,70.1,,,,,,,,,
2404772765.0,519,62,39.0,189,6.5,71.5,66,"{'value': 2, 'displayName': 'SecondHalf'}","{'value': 1, 'displayName': 'Pass'}","{'value': 1, 'displayName': 'Successful'}","[{'type': {'value': 56, 'displayName': 'Zone'}, 'value': 'Back'}, {'type': {'value': 141, 'displayName': 'PassEndY'}, 'value': '55.5'}, {'type': {'value': 140, 'displayName': 'PassEndX'}, 'value': '4.1'}, {'type': {'value': 178, 'displayName': 'StandingSave'}}, {'type': {'value': 212, 'displayName': 'Length'}, 'value': '11.2'}, {'type': {'value': 213, 'displayName': 'Angle'}, 'value': '4.5'}]","[91, 117, 30, 35, 38, 215, 218]",True,342499.0,4.1,55.5,,,,,,,,,
2404772787.0,520,62,42.0,189,4.7,57.1,66,"{'value': 2, 'displayName': 'SecondHalf'}","{'value': 1, 'displayName': 'Pass'}","{'value': 1, 'displayName': 'Successful'}","[{'type': {'value': 178, 'displayName': 'StandingSave'}}, {'type': {'value': 141, 'displayName': 'PassEndY'}, 'value': '55.5'}, {'type': {'value': 213, 'displayName': 'Angle'}, 'value': '6.2'}, {'type': {'value': 212, 'displayName': 'Length'}, 'value': '10.7'}, {'type': {'value': 140, 'displayName': 'PassEndX'}, 'value': '14.8'}, {'type': {'value': 56, 'displayName': 'Zone'}, 'value': 'Back'}]","[91, 117, 30, 36, 38, 215, 218]",True,276366.0,14.8,55.5,,,,,,,,,
2404772809.0,521,62,43.0,189,14.7,55.5,66,"{'value': 2, 'displayName': 'SecondHalf'}","{'value': 1, 'displayName': 'Pass'}","{'value': 1, 'displayName': 'Successful'}","[{'type': {'value': 56, 'displayName': 'Zone'}, 'value': 'Back'}, {'type': {'value': 140, 'displayName': 'PassEndX'}, 'value': '23.9'}, {'type': {'value': 212, 'displayName': 'Length'}, 'value': '33.7'}, {'type': {'value': 178, 'displayName': 'StandingSave'}}, {'type': {'value': 213, 'displayName': 'Angle'}, 'value': '5.0'}, {'type': {'value': 141, 'displayName': 'PassEndY'}, 'value': '8.0'}, {'type': {'value': 1, 'displayName': 'Longball'}}]","[91, 117, 127, 36, 38, 215, 218]",True,69344.0,23.9,8.0,,,,,,,,,
2404772849.0,522,62,46.0,189,23.9,8.0,66,"{'value': 2, 'displayName': 'SecondHalf'}","{'value': 1, 'displayName': 'Pass'}","{'value': 1, 'displayName': 'Successful'}","[{'type': {'value': 178, 'displayName': 'StandingSave'}}, {'type': {'value': 155, 'displayName': 'Chipped'}}, {'type': {'value': 56, 'displayName': 'Zone'}, 'value': 'Right'}, {'type': {'value': 213, 'displayName': 'Angle'}, 'value': '0.1'}, {'type': {'value': 141, 'displayName': 'PassEndY'}, 'value': '11.0'}, {'type': {'value': 1, 'displayName': 'Longball'}}, {'type': {'value': 140, 'displayName': 'PassEndX'}, 'value': '59.0'}, {'type': {'value': 212, 'displayName': 'Length'}, 'value': '36.9'}]","[91, 119, 117, 124, 127, 36, 37, 216, 218]",True,29026.0,59.0,11.0,,,,,,,,,
2404772853.0,523,62,48.0,189,57.0,10.6,66,"{'value': 2, 'displayName': 'SecondHalf'}","{'value': 61, 'displayName': 'BallTouch'}","{'value': 0, 'displayName': 'Unsuccessful'}","[{'type': {'value': 56, 'displayName': 'Zone'}, 'value': 'Right'}, {'type': {'value': 21, 'displayName': 'OtherBodyPart'}}]","[91, 69]",True,353377.0,,,,,,,,,,,
2404772885.0,606,62,51.0,29,38.1,73.4,66,"{'value': 2, 'displayName': 'SecondHalf'}","{'value': 49, 'displayName': 'BallRecovery'}","{'value': 1, 'displayName': 'Successful'}",[],[93],False,300359.0,,,,,,,,,,,
2404772923.0,607,62,51.0,29,38.1,73.4,66,"{'value': 2, 'displayName': 'SecondHalf'}","{'value': 1, 'displayName': 'Pass'}","{'value': 1, 'displayName': 'Successful'}","[{'type': {'value': 212, 'displayName': 'Length'}, 'value': '37.2'}, {'type': {'value': 140, 'displayName': 'PassEndX'}, 'value': '66.2'}, {'type': {'value': 141, 'displayName': 'PassEndY'}, 'value': '40.0'}, {'type': {'value': 1, 'displayName': 'Longball'}}, {'type': {'value': 178, 'displayName': 'StandingSave'}}, {'type': {'value': 56, 'displayName': 'Zone'}, 'value': 'Center'}, {'type': {'value': 213, 'displayName': 'Angle'}, 'value': '5.6'}]","[91, 119, 117, 127, 36, 38, 216, 218]",True,300359.0,66.2,40.0,,,,,,,,,
2404773011.0,608,62,54.0,29,66.2,40.0,66,"{'value': 2, 'displayName': 'SecondHalf'}","{'value': 1, 'displayName': 'Pass'}","{'value': 1, 'displayName': 'Successful'}","[{'type': {'value': 213, 'displayName': 'Angle'}, 'value': '0.4'}, {'type': {'value': 140, 'displayName': 'PassEndX'}, 'value': '72.5'}, {'type': {'value': 56, 'displayName': 'Zone'}, 'value': 'Center'}, {'type': {'value': 212, 'displayName': 'Length'}, 'value': '7.1'}, {'type': {'value': 178, 'displayName': 'StandingSave'}}, {'type': {'value': 141, 'displayName': 'PassEndY'}, 'value': '43.8'}]","[91, 119, 117, 30, 205, 36, 37, 217, 218]",True,322596.0,72.5,43.8,,,,,,,,,
2404773031.0,609,62,59.0,29,71.2,41.6,66,"{'value': 2, 'displayName': 'SecondHalf'}","{'value': 3, 'displayName': 'TakeOn'}","{'value': 0, 'displayName': 'Unsuccessful'}","[{'type': {'value': 56, 'displayName': 'Zone'}, 'value': 'Center'}, {'type': {'value': 286, 'displayName': 'Offensive'}}, {'type': {'value': 233, 'displayName': 'OppositeRelatedEvent'}, 'value': '524'}, {'type': {'value': 178, 'displayName': 'StandingSave'}}]","[91, 53]",True,69517.0,,,,,,,,,,,
2404773047.0,524,62,59.0,189,28.8,58.4,66,"{'value': 2, 'displayName': 'SecondHalf'}","{'value': 7, 'displayName': 'Tackle'}","{'value': 0, 'displayName': 'Unsuccessful'}","[{'type': {'value': 233, 'displayName': 'OppositeRelatedEvent'}, 'value': '609'}, {'type': {'value': 178, 'displayName': 'StandingSave'}}, {'type': {'value': 285, 'displayName': 'Defensive'}}, {'type': {'value': 56, 'displayName': 'Zone'}, 'value': 'Back'}]","[91, 142]",True,69344.0,,,,,,,,,,,
2404773039.0,610,62,59.0,29,73.5,44.8,66,"{'value': 2, 'displayName': 'SecondHalf'}","{'value': 61, 'displayName': 'BallTouch'}","{'value': 1, 'displayName': 'Successful'}","[{'type': {'value': 178, 'displayName': 'StandingSave'}}, {'type': {'value': 56, 'displayName': 'Zone'}, 'value': 'Center'}]",[91],True,69517.0,,,,,,,,,,,
2404773063.0,525,63,0.0,189,26.4,56.4,67,"{'value': 2, 'displayName': 'SecondHalf'}","{'value': 49, 'displayName': 'BallRecovery'}","{'value': 1, 'displayName': 'Successful'}",[],[93],False,101856.0,,,,,,,,,,,
2404773149.0,526,63,4.0,189,31.4,66.0,67,"{'value': 2, 'displayName': 'SecondHalf'}","{'value': 1, 'displayName': 'Pass'}","{'value': 1, 'displayName': 'Successful'}","[{'type': {'value': 140, 'displayName': 'PassEndX'}, 'value': '41.0'}, {'type': {'value': 141, 'displayName': 'PassEndY'}, 'value': '79.8'}, {'type': {'value': 56, 'displayName': 'Zone'}, 'value': 'Back'}, {'type': {'value': 213, 'displayName': 'Angle'}, 'value': '0.7'}, {'type': {'value': 212, 'displayName': 'Length'}, 'value': '13.8'}, {'type': {'value': 178, 'displayName': 'StandingSave'}}]","[91, 117, 30, 36, 37, 216, 218]",True,101856.0,41.0,79.8,,,,,,,,,
2404773189.0,527,63,9.0,189,71.5,81.3,67,"{'value': 2, 'displayName': 'SecondHalf'}","{'value': 1, 'displayName': 'Pass'}","{'value': 1, 'displayName': 'Successful'}","[{'type': {'value': 141, 'displayName': 'PassEndY'}, 'value': '87.5'}, {'type': {'value': 212, 'displayName': 'Length'}, 'value': '12.4'}, {'type': {'value': 140, 'displayName': 'PassEndX'}, 'value': '82.6'}, {'type': {'value': 213, 'displayName': 'Angle'}, 'value': '0.3'}, {'type': {'value': 56, 'displayName': 'Zone'}, 'value': 'Left'}, {'type': {'value': 178, 'displayName': 'StandingSave'}}]","[91, 119, 117, 30, 205, 36, 37, 217, 218]",True,229562.0,82.6,87.5,,,,,,,,,
2404773213.0,528,63,12.0,189,85.0,87.5,67,"{'value': 2, 'displayName': 'SecondHalf'}","{'value': 1, 'displayName': 'Pass'}","{'value': 1, 'displayName': 'Successful'}","[{'type': {'value': 213, 'displayName': 'Angle'}, 'value': '5.9'}, {'type': {'value': 56, 'displayName': 'Zone'}, 'value': 'Left'}, {'type': {'value': 178, 'displayName': 'StandingSave'}}, {'type': {'value': 212, 'displayName': 'Length'}, 'value': '11.7'}, {'type': {'value': 141, 'displayName': 'PassEndY'}, 'value': '80.7'}, {'type': {'value': 140, 'displayName': 'PassEndX'}, 'value': '95.2'}]","[91, 119, 117, 30, 205, 36, 38, 217, 218]",True,296240.0,95.2,80.7,,,,,,,,,
2404773285.0,529,63,14.0,189,95.2,80.7,67,"{'value': 2, 'displayName': 'SecondHalf'}","{'value': 1, 'displayName': 'Pass'}","{'value': 1, 'displayName': 'Successful'}","[{'type': {'value': 213, 'displayName': 'Angle'}, 'value': '4.8'}, {'type': {'value': 2, 'displayName': 'Cross'}}, {'type': {'value': 178, 'displayName': 'StandingSave'}}, {'type': {'value': 212, 'displayName': 'Length'}, 'value': '31.3'}, {'type': {'value': 155, 'displayName': 'Chipped'}}, {'type': {'value': 140, 'displayName': 'PassEndX'}, 'value': '98.2'}, {'type': {'value': 72, 'displayName': 'LeftFoot'}}, {'type': {'value': 141, 'displayName': 'PassEndY'}, 'value': '34.9'}, {'type': {'value': 56, 'displayName': 'Zone'}, 'value': 'Center'}]","[91, 119, 138, 124, 125, 36, 38, 217, 218]",True,229562.0,98.2,34.9,,,,,,,,,
2404773323.0,530,63,16.0,189,98.1,34.9,67,"{'value': 2, 'displayName': 'SecondHalf'}","{'value': 1, 'displayName': 'Pass'}","{'value': 1, 'displayName': 'Successful'}","[{'type': {'value': 140, 'displayName': 'PassEndX'}, 'value': '94.9'}, {'type': {'value': 210, 'displayName': 'ShotAssist'}, 'value': '16'}, {'type': {'value': 141, 'displayName': 'PassEndY'}, 'value': '50.4'}, {'type': {'value': 22, 'displayName': 'RegularPlay'}}, {'type': {'value': 213, 'displayName': 'Angle'}, 'value': '1.9'}, {'type': {'value': 154, 'displayName': 'IntentionalAssist'}}, {'type': {'value': 56, 'displayName': 'Zone'}, 'value': 'Center'}, {'type': {'value': 212, 'displayName': 'Length'}, 'value': '11.1'}, {'type': {'value': 155, 'displayName': 'Chipped'}}, {'type': {'value': 11112, 'displayName': 'BigChanceCreated'}}, {'type': {'value': 11111, 'displayName': 'IntentionalGoalAssist'}}, {'type': {'value': 11113, 'displayName': 'KeyPass'}}]","[91, 92, 100, 119, 117, 30, 123, 124, 203, 205, 40, 46, 52, 35, 37, 217, 218]",True,353377.0,94.9,50.4,,,,,,,,,
2404773325.0,531,63,18.0,189,94.7,49.9,67,"{'value': 2, 'displayName': 'SecondHalf'}","{'value': 16, 'displayName': 'Goal'}","{'value': 1, 'displayName': 'Successful'}","[{'type': {'value': 154, 'displayName': 'IntentionalAssist'}}, {'type': {'value': 102, 'displayName': 'GoalMouthY'}, 'value': '51.4'}, {'type': {'value': 55, 'displayName': 'RelatedEventId'}, 'value': '530'}, {'type': {'value': 16, 'displayName': 'SmallBoxCentre'}}, {'type': {'value': 103, 'displayName': 'GoalMouthZ'}, 'value': '15.8'}, {'type': {'value': 29, 'displayName': 'Assisted'}}, {'type': {'value': 22, 'displayName': 'RegularPlay'}}, {'type': {'value': 78, 'displayName': 'LowCentre'}}, {'type': {'value': 214, 'displayName': 'BigChance'}}, {'type': {'value': 56, 'displayName': 'Zone'}, 'value': 'Center'}, {'type': {'value': 15, 'displayName': 'Head'}}]","[91, 24, 9, 10, 202, 0, 3, 14, 16, 19, 27]",True,134240.0,,,530.0,353377.0,,,15.8,51.4,True,True,
2404774525.0,611,64,31.0,29,50.0,50.3,68,"{'value': 2, 'displayName': 'SecondHalf'}","{'value': 1, 'displayName': 'Pass'}","{'value': 1, 'displayName': 'Successful'}","[{'type': {'value': 141, 'displayName': 'PassEndY'}, 'value': '61.1'}, {'type': {'value': 213, 'displayName': 'Angle'}, 'value': '2.4'}, {'type': {'value': 140, 'displayName': 'PassEndX'}, 'value': '42.5'}, {'type': {'value': 56, 'displayName': 'Zone'}, 'value': 'Back'}, {'type': {'value': 212, 'displayName': 'Length'}, 'value': '10.8'}, {'type': {'value': 178, 'displayName': 'StandingSave'}}]","[91, 117, 30, 35, 37, 216, 218]",True,297203.0,42.5,61.1,,,,,,,,,
2404774535.0,612,64,32.0,29,44.7,54.0,68,"{'value': 2, 'displayName': 'SecondHalf'}","{'value': 1, 'displayName': 'Pass'}","{'value': 1, 'displayName': 'Successful'}","[{'type': {'value': 141, 'displayName': 'PassEndY'}, 'value': '75.2'}, {'type': {'value': 213, 'displayName': 'Angle'}, 'value': '2.0'}, {'type': {'value': 178, 'displayName': 'StandingSave'}}, {'type': {'value': 212, 'displayName': 'Length'}, 'value': '15.6'}, {'type': {'value': 56, 'displayName': 'Zone'}, 'value': 'Back'}, {'type': {'value': 140, 'displayName': 'PassEndX'}, 'value': '39.0'}]","[91, 117, 30, 35, 37, 216, 218]",True,332325.0,39.0,75.2,,,,,,,,,
2404774557.0,613,64,34.0,29,39.0,75.2,68,"{'value': 2, 'displayName': 'SecondHalf'}","{'value': 1, 'displayName': 'Pass'}","{'value': 1, 'displayName': 'Successful'}","[{'type': {'value': 56, 'displayName': 'Zone'}, 'value': 'Back'}, {'type': {'value': 213, 'displayName': 'Angle'}, 'value': '5.4'}, {'type': {'value': 178, 'displayName': 'StandingSave'}}, {'type': {'value': 212, 'displayName': 'Length'}, 'value': '5.9'}, {'type': {'value': 140, 'displayName': 'PassEndX'}, 'value': '42.7'}, {'type': {'value': 141, 'displayName': 'PassEndY'}, 'value': '68.7'}]","[91, 117, 30, 36, 38, 216, 218]",True,68049.0,42.7,68.7,,,,,,,,,
2404774595.0,614,64,35.0,29,42.7,68.7,68,"{'value': 2, 'displayName': 'SecondHalf'}","{'value': 1, 'displayName': 'Pass'}","{'value': 1, 'displayName': 'Successful'}","[{'type': {'value': 140, 'displayName': 'PassEndX'}, 'value': '36.4'}, {'type': {'value': 141, 'displayName': 'PassEndY'}, 'value': '73.0'}, {'type': {'value': 56, 'displayName': 'Zone'}, 'value': 'Back'}, {'type': {'value': 178, 'displayName': 'StandingSave'}}, {'type': {'value': 213, 'displayName': 'Angle'}, 'value': '2.7'}, {'type': {'value': 212, 'displayName': 'Length'}, 'value': '7.2'}]","[91, 117, 30, 35, 37, 216, 218]",True,332325.0,36.4,73.0,,,,,,,,,
2404774627.0,615,64,38.0,29,35.4,69.0,68,"{'value': 2, 'displayName': 'SecondHalf'}","{'value': 1, 'displayName': 'Pass'}","{'value': 1, 'displayName': 'Successful'}","[{'type': {'value': 56, 'displayName': 'Zone'}, 'value': 'Back'}, {'type': {'value': 140, 'displayName': 'PassEndX'}, 'value': '27.7'}, {'type': {'value': 212, 'displayName': 'Length'}, 'value': '15.9'}, {'type': {'value': 141, 'displayName': 'PassEndY'}, 'value': '48.9'}, {'type': {'value': 178, 'displayName': 'StandingSave'}}, {'type': {'value': 213, 'displayName': 'Angle'}, 'value': '4.2'}]","[91, 117, 30, 35, 38, 215, 218]",True,68049.0,27.7,48.9,,,,,,,,,
2404774703.0,616,64,41.0,29,26.3,48.6,68,"{'value': 2, 'displayName': 'SecondHalf'}","{'value': 1, 'displayName': 'Pass'}","{'value': 1, 'displayName': 'Successful'}","[{'type': {'value': 178, 'displayName': 'StandingSave'}}, {'type': {'value': 140, 'displayName': 'PassEndX'}, 'value': '8.7'}, {'type': {'value': 141, 'displayName': 'PassEndY'}, 'value': '48.3'}, {'type': {'value': 56, 'displayName': 'Zone'}, 'value': 'Back'}, {'type': {'value': 212, 'displayName': 'Length'}, 'value': '18.5'}, {'type': {'value': 213, 'displayName': 'Angle'}, 'value': '3.2'}]","[91, 117, 30, 35, 38, 215, 218]",True,73063.0,8.7,48.3,,,,,,,,,
2404774745.0,617,64,45.0,29,10.0,44.8,68,"{'value': 2, 'displayName': 'SecondHalf'}","{'value': 1, 'displayName': 'Pass'}","{'value': 0, 'displayName': 'Unsuccessful'}","[{'type': {'value': 140, 'displayName': 'PassEndX'}, 'value': '61.4'}, {'type': {'value': 56, 'displayName': 'Zone'}, 'value': 'Center'}, {'type': {'value': 178, 'displayName': 'StandingSave'}}, {'type': {'value': 141, 'displayName': 'PassEndY'}, 'value': '38.7'}, {'type': {'value': 212, 'displayName': 'Length'}, 'value': '54.1'}, {'type': {'value': 1, 'displayName': 'Longball'}}, {'type': {'value': 213, 'displayName': 'Angle'}, 'value': '6.2'}]","[91, 120, 128, 36, 38, 216, 218]",True,20973.0,61.4,38.7,,,,,,,,,
2404774769.0,532,64,49.0,189,32.7,64.2,68,"{'value': 2, 'displayName': 'SecondHalf'}","{'value': 1, 'displayName': 'Pass'}","{'value': 0, 'displayName': 'Unsuccessful'}","[{'type': {'value': 141, 'displayName': 'PassEndY'}, 'value': '64.5'}, {'type': {'value': 213, 'displayName': 'Angle'}, 'value': '0.0'}, {'type': {'value': 140, 'displayName': 'PassEndX'}, 'value': '49.8'}, {'type': {'value': 3, 'displayName': 'HeadPass'}}, {'type': {'value': 56, 'displayName': 'Zone'}, 'value': 'Back'}, {'type': {'value': 212, 'displayName': 'Length'}, 'value': '18.0'}]","[91, 118, 120, 29, 139, 36, 37, 216, 218]",True,342499.0,49.8,64.5,,,,,,,,,
2404774817.0,618,64,50.0,29,47.3,36.0,68,"{'value': 2, 'displayName': 'SecondHalf'}","{'value': 1, 'displayName': 'Pass'}","{'value': 1, 'displayName': 'Successful'}","[{'type': {'value': 212, 'displayName': 'Length'}, 'value': '18.6'}, {'type': {'value': 141, 'displayName': 'PassEndY'}, 'value': '51.5'}, {'type': {'value': 213, 'displayName': 'Angle'}, 'value': '0.6'}, {'type': {'value': 140, 'displayName': 'PassEndX'}, 'value': '61.9'}, {'type': {'value': 3, 'displayName': 'HeadPass'}}, {'type': {'value': 56, 'displayName': 'Zone'}, 'value': 'Center'}, {'type': {'value': 178, 'displayName': 'StandingSave'}}]","[91, 119, 117, 30, 139, 36, 37, 216, 218]",True,143595.0,61.9,51.5,,,,,,,,,
2404774881.0,619,64,52.0,29,62.5,49.1,68,"{'value': 2, 'displayName': 'SecondHalf'}","{'value': 1, 'displayName': 'Pass'}","{'value': 0, 'displayName': 'Unsuccessful'}","[{'type': {'value': 178, 'displayName': 'StandingSave'}}, {'type': {'value': 56, 'displayName': 'Zone'}, 'value': 'Right'}, {'type': {'value': 213, 'displayName': 'Angle'}, 'value': '5.2'}, {'type': {'value': 212, 'displayName': 'Length'}, 'value': '26.5'}, {'type': {'value': 140, 'displayName': 'PassEndX'}, 'value': '74.3'}, {'type': {'value': 141, 'displayName': 'PassEndY'}, 'value': '14.7'}]","[91, 120, 29, 36, 38, 217, 218]",True,297203.0,74.3,14.7,,,,,,,,,
2404774909.0,533,64,55.0,189,21.2,90.5,68,"{'value': 2, 'displayName': 'SecondHalf'}","{'value': 1, 'displayName': 'Pass'}","{'value': 0, 'displayName': 'Unsuccessful'}","[{'type': {'value': 140, 'displayName': 'PassEndX'}, 'value': '21.8'}, {'type': {'value': 213, 'displayName': 'Angle'}, 'value': '1.1'}, {'type': {'value': 286, 'displayName': 'Offensive'}}, {'type': {'value': 56, 'displayName': 'Zone'}, 'value': 'Back'}, {'type': {'value': 178, 'displayName': 'StandingSave'}}, {'type': {'value': 233, 'displayName': 'OppositeRelatedEvent'}, 'value': '620'}, {'type': {'value': 141, 'displayName': 'PassEndY'}, 'value': '92.3'}, {'type': {'value': 212, 'displayName': 'Length'}, 'value': '1.4'}]","[91, 118, 120, 29, 36, 37, 215, 218]",True,229562.0,21.8,92.3,,,,,,,,,
2404774883.0,620,64,55.0,29,74.3,14.7,68,"{'value': 2, 'displayName': 'SecondHalf'}","{'value': 74, 'displayName': 'BlockedPass'}","{'value': 1, 'displayName': 'Successful'}","[{'type': {'value': 233, 'displayName': 'OppositeRelatedEvent'}, 'value': '533'}, {'type': {'value': 178, 'displayName': 'StandingSave'}}, {'type': {'value': 285, 'displayName': 'Defensive'}}, {'type': {'value': 56, 'displayName': 'Zone'}, 'value': 'Right'}]","[91, 60]",True,69517.0,,,,,,,,,,,
2404775063.0,535,65,7.0,189,18.8,100.0,69,"{'value': 2, 'displayName': 'SecondHalf'}","{'value': 1, 'displayName': 'Pass'}","{'value': 1, 'displayName': 'Successful'}","[{'type': {'value': 107, 'displayName': 'ThrowIn'}}, {'type': {'value': 140, 'displayName': 'PassEndX'}, 'value': '19.5'}, {'type': {'value': 56, 'displayName': 'Zone'}, 'value': 'Back'}, {'type': {'value': 213, 'displayName': 'Angle'}, 'value': '4.8'}, {'type': {'value': 141, 'displayName': 'PassEndY'}, 'value': '88.0'}, {'type': {'value': 212, 'displayName': 'Length'}, 'value': '9.0'}]","[91, 212, 36, 38, 215]",True,229562.0,19.5,88.0,,,,,,,,,
2405053765.0,806,65,8.0,189,21.1,87.3,69,"{'value': 2, 'displayName': 'SecondHalf'}","{'value': 1, 'displayName': 'Pass'}","{'value': 1, 'displayName': 'Successful'}","[{'type': {'value': 56, 'displayName': 'Zone'}, 'value': 'Back'}, {'type': {'value': 213, 'displayName': 'Angle'}, 'value': '1.6'}, {'type': {'value': 140, 'displayName': 'PassEndX'}, 'value': '20.9'}, {'type': {'value': 141, 'displayName': 'PassEndY'}, 'value': '97.4'}, {'type': {'value': 212, 'displayName': 'Length'}, 'value': '6.9'}, {'type': {'value': 178, 'displayName': 'StandingSave'}}]","[91, 117, 30, 35, 37, 215, 218]",True,101856.0,20.9,97.4,,,,,,,,,
2404775109.0,537,65,10.0,189,26.2,95.8,69,"{'value': 2, 'displayName': 'SecondHalf'}","{'value': 4, 'displayName': 'Foul'}","{'value': 1, 'displayName': 'Successful'}","[{'type': {'value': 233, 'displayName': 'OppositeRelatedEvent'}, 'value': '622'}, {'type': {'value': 285, 'displayName': 'Defensive'}}, {'type': {'value': 13, 'displayName': 'Foul'}}, {'type': {'value': 56, 'displayName': 'Zone'}, 'value': 'Back'}]","[91, 63]",True,229562.0,,,,,,,,,,,
2404775073.0,622,65,10.0,29,73.8,4.2,69,"{'value': 2, 'displayName': 'SecondHalf'}","{'value': 4, 'displayName': 'Foul'}","{'value': 0, 'displayName': 'Unsuccessful'}","[{'type': {'value': 56, 'displayName': 'Zone'}, 'value': 'Right'}, {'type': {'value': 286, 'displayName': 'Offensive'}}, {'type': {'value': 13, 'displayName': 'Foul'}}, {'type': {'value': 233, 'displayName': 'OppositeRelatedEvent'}, 'value': '537'}, {'type': {'value': 178, 'displayName': 'StandingSave'}}]",[64],False,69517.0,,,,,,,,,,,
2404775181.0,623,65,18.0,29,0.0,0.0,69,"{'value': 2, 'displayName': 'SecondHalf'}","{'value': 17, 'displayName': 'Card'}","{'value': 1, 'displayName': 'Successful'}","[{'type': {'value': 31, 'displayName': 'Yellow'}}, {'type': {'value': 13, 'displayName': 'Foul'}, 'value': '243'}]",[65],False,69517.0,,,,,,,,,,,"{'value': 31, 'displayName': 'Yellow'}"
2404775453.0,624,65,26.0,29,0.0,0.0,69,"{'value': 2, 'displayName': 'SecondHalf'}","{'value': 18, 'displayName': 'SubstitutionOff'}","{'value': 1, 'displayName': 'Successful'}","[{'type': {'value': 59, 'displayName': 'JerseyNumber'}, 'value': '9'}, {'type': {'value': 44, 'displayName': 'PlayerPosition'}, 'value': 'Forward'}, {'type': {'value': 55, 'displayName': 'RelatedEventId'}, 'value': '625'}]",[214],False,69517.0,,,625.0,343975.0,,,,,,,
2404775457.0,625,65,26.0,29,0.0,0.0,69,"{'value': 2, 'displayName': 'SecondHalf'}","{'value': 19, 'displayName': 'SubstitutionOn'}","{'value': 1, 'displayName': 'Successful'}","[{'type': {'value': 59, 'displayName': 'JerseyNumber'}, 'value': '11'}, {'type': {'value': 44, 'displayName': 'PlayerPosition'}, 'value': 'Midfielder'}, {'type': {'value': 145, 'displayName': 'FormationSlot'}, 'value': '9'}, {'type': {'value': 55, 'displayName': 'RelatedEventId'}, 'value': '624'}]",[213],False,343975.0,,,624.0,69517.0,,,,,,,
2404777775.0,641,65,31.0,29,0.0,0.0,69,"{'value': 2, 'displayName': 'SecondHalf'}","{'value': 40, 'displayName': 'FormationChange'}","{'value': 1, 'displayName': 'Successful'}","[{'type': {'value': 131, 'displayName': 'TeamPlayerFormation'}, 'value': '1, 2, 3, 4, 5, 6, 7, 8, 9, 10, 11, 0, 0, 0, 0, 0, 0'}, {'type': {'value': 194, 'displayName': 'CaptainPlayerId'}, 'value': '332325'}, {'type': {'value': 44, 'displayName': 'PlayerPosition'}, 'value': '1, 2, 2, 3, 2, 2, 3, 3, 4, 3, 3, 5, 5, 5, 5, 5, 5'}, {'type': {'value': 130, 'displayName': 'TeamFormation'}, 'value': '8'}, {'type': {'value': 30, 'displayName': 'InvolvedPlayers'}, 'value': '20973,111372,68049,332325,73063,300359,343975,143595,322596,297203,137021,41672,92516,83554,122980,349484,369861'}, {'type': {'value': 59, 'displayName': 'JerseyNumber'}, 'value': '1, 5, 3, 41, 15, 23, 11, 28, 20, 8, 22, 7, 13, 24, 26, 31, 33'}]",[],False,,,,,,,,,,,,
2404775835.0,538,65,54.0,189,30.5,94.4,69,"{'value': 2, 'displayName': 'SecondHalf'}","{'value': 1, 'displayName': 'Pass'}","{'value': 1, 'displayName': 'Successful'}","[{'type': {'value': 56, 'displayName': 'Zone'}, 'value': 'Back'}, {'type': {'value': 140, 'displayName': 'PassEndX'}, 'value': '19.5'}, {'type': {'value': 5, 'displayName': 'FreekickTaken'}}, {'type': {'value': 178, 'displayName': 'StandingSave'}}, {'type': {'value': 213, 'displayName': 'Angle'}, 'value': '3.3'}, {'type': {'value': 141, 'displayName': 'PassEndY'}, 'value': '91.5'}, {'type': {'value': 212, 'displayName': 'Length'}, 'value': '11.7'}]","[91, 117, 30, 132, 35, 38, 215, 218]",True,69344.0,19.5,91.5,,,,,,,,,
2404775919.0,539,65,55.0,189,19.5,91.5,69,"{'value': 2, 'displayName': 'SecondHalf'}","{'value': 1, 'displayName': 'Pass'}","{'value': 1, 'displayName': 'Successful'}","[{'type': {'value': 140, 'displayName': 'PassEndX'}, 'value': '28.5'}, {'type': {'value': 56, 'displayName': 'Zone'}, 'value': 'Back'}, {'type': {'value': 178, 'displayName': 'StandingSave'}}, {'type': {'value': 212, 'displayName': 'Length'}, 'value': '9.8'}, {'type': {'value': 141, 'displayName': 'PassEndY'}, 'value': '95.4'}, {'type': {'value': 213, 'displayName': 'Angle'}, 'value': '0.3'}]","[91, 117, 30, 36, 37, 215, 218]",True,342499.0,28.5,95.4,,,,,,,,,
2404775957.0,540,66,0.0,189,31.4,88.1,70,"{'value': 2, 'displayName': 'SecondHalf'}","{'value': 1, 'displayName': 'Pass'}","{'value': 0, 'displayName': 'Unsuccessful'}","[{'type': {'value': 212, 'displayName': 'Length'}, 'value': '46.8'}, {'type': {'value': 141, 'displayName': 'PassEndY'}, 'value': '84.8'}, {'type': {'value': 213, 'displayName': 'Angle'}, 'value': '6.2'}, {'type': {'value': 1, 'displayName': 'Longball'}}, {'type': {'value': 140, 'displayName': 'PassEndX'}, 'value': '75.9'}, {'type': {'value': 155, 'displayName': 'Chipped'}}, {'type': {'value': 178, 'displayName': 'StandingSave'}}, {'type': {'value': 56, 'displayName': 'Zone'}, 'value': 'Left'}]","[91, 120, 124, 128, 36, 38, 217, 218]",True,69344.0,75.9,84.8,,,,,,,,,
2404775987.0,626,66,3.0,29,27.8,8.5,70,"{'value': 2, 'displayName': 'SecondHalf'}","{'value': 49, 'displayName': 'BallRecovery'}","{'value': 1, 'displayName': 'Successful'}",[],[93],False,73063.0,,,,,,,,,,,
2404776115.0,627,66,8.0,29,31.9,11.1,70,"{'value': 2, 'displayName': 'SecondHalf'}","{'value': 1, 'displayName': 'Pass'}","{'value': 1, 'displayName': 'Successful'}","[{'type': {'value': 140, 'displayName': 'PassEndX'}, 'value': '21.7'}, {'type': {'value': 56, 'displayName': 'Zone'}, 'value': 'Back'}, {'type': {'value': 141, 'displayName': 'PassEndY'}, 'value': '44.2'}, {'type': {'value': 212, 'displayName': 'Length'}, 'value': '24.9'}, {'type': {'value': 178, 'displayName': 'StandingSave'}}, {'type': {'value': 213, 'displayName': 'Angle'}, 'value': '2.0'}]","[91, 117, 30, 35, 37, 215, 218]",True,73063.0,21.7,44.2,,,,,,,,,
2404776141.0,628,66,10.0,29,21.7,44.2,70,"{'value': 2, 'displayName': 'SecondHalf'}","{'value': 1, 'displayName': 'Pass'}","{'value': 1, 'displayName': 'Successful'}","[{'type': {'value': 56, 'displayName': 'Zone'}, 'value': 'Back'}, {'type': {'value': 213, 'displayName': 'Angle'}, 'value': '5.0'}, {'type': {'value': 140, 'displayName': 'PassEndX'}, 'value': '25.1'}, {'type': {'value': 178, 'displayName': 'StandingSave'}}, {'type': {'value': 212, 'displayName': 'Length'}, 'value': '12.4'}, {'type': {'value': 141, 'displayName': 'PassEndY'}, 'value': '26.7'}]","[91, 117, 30, 36, 38, 215, 218]",True,300359.0,25.1,26.7,,,,,,,,,
2404776165.0,629,66,11.0,29,25.1,26.7,70,"{'value': 2, 'displayName': 'SecondHalf'}","{'value': 1, 'displayName': 'Pass'}","{'value': 1, 'displayName': 'Successful'}","[{'type': {'value': 212, 'displayName': 'Length'}, 'value': '6.0'}, {'type': {'value': 141, 'displayName': 'PassEndY'}, 'value': '28.9'}, {'type': {'value': 213, 'displayName': 'Angle'}, 'value': '0.3'}, {'type': {'value': 56, 'displayName': 'Zone'}, 'value': 'Back'}, {'type': {'value': 140, 'displayName': 'PassEndX'}, 'value': '30.6'}, {'type': {'value': 178, 'displayName': 'StandingSave'}}]","[91, 117, 30, 36, 37, 215, 218]",True,73063.0,30.6,28.9,,,,,,,,,
2404776221.0,630,66,12.0,29,30.6,28.9,70,"{'value': 2, 'displayName': 'SecondHalf'}","{'value': 1, 'displayName': 'Pass'}","{'value': 1, 'displayName': 'Successful'}","[{'type': {'value': 141, 'displayName': 'PassEndY'}, 'value': '10.8'}, {'type': {'value': 178, 'displayName': 'StandingSave'}}, {'type': {'value': 140, 'displayName': 'PassEndX'}, 'value': '29.3'}, {'type': {'value': 212, 'displayName': 'Length'}, 'value': '12.4'}, {'type': {'value': 213, 'displayName': 'Angle'}, 'value': '4.6'}, {'type': {'value': 56, 'displayName': 'Zone'}, 'value': 'Back'}]","[91, 117, 30, 35, 38, 215, 218]",True,143595.0,29.3,10.8,,,,,,,,,
2404776263.0,631,66,17.0,29,30.0,9.7,70,"{'value': 2, 'displayName': 'SecondHalf'}","{'value': 1, 'displayName': 'Pass'}","{'value': 1, 'displayName': 'Successful'}","[{'type': {'value': 178, 'displayName': 'StandingSave'}}, {'type': {'value': 141, 'displayName': 'PassEndY'}, 'value': '8.8'}, {'type': {'value': 140, 'displayName': 'PassEndX'}, 'value': '21.9'}, {'type': {'value': 212, 'displayName': 'Length'}, 'value': '8.5'}, {'type': {'value': 56, 'displayName': 'Zone'}, 'value': 'Back'}, {'type': {'value': 213, 'displayName': 'Angle'}, 'value': '3.2'}]","[91, 117, 30, 35, 38, 215, 218]",True,111372.0,21.9,8.8,,,,,,,,,
2404776321.0,632,66,19.0,29,22.4,8.8,70,"{'value': 2, 'displayName': 'SecondHalf'}","{'value': 1, 'displayName': 'Pass'}","{'value': 0, 'displayName': 'Unsuccessful'}","[{'type': {'value': 212, 'displayName': 'Length'}, 'value': '53.1'}, {'type': {'value': 178, 'displayName': 'StandingSave'}}, {'type': {'value': 140, 'displayName': 'PassEndX'}, 'value': '71.6'}, {'type': {'value': 56, 'displayName': 'Zone'}, 'value': 'Center'}, {'type': {'value': 213, 'displayName': 'Angle'}, 'value': '0.2'}, {'type': {'value': 141, 'displayName': 'PassEndY'}, 'value': '26.9'}, {'type': {'value': 1, 'displayName': 'Longball'}}]","[91, 120, 128, 36, 37, 217, 218]",True,73063.0,71.6,26.9,,,,,,,,,
2404776325.0,541,66,23.0,189,26.5,76.2,70,"{'value': 2, 'displayName': 'SecondHalf'}","{'value': 49, 'displayName': 'BallRecovery'}","{'value': 1, 'displayName': 'Successful'}",[],[93],False,342499.0,,,,,,,,,,,
2404776411.0,542,66,23.0,189,26.1,75.8,70,"{'value': 2, 'displayName': 'SecondHalf'}","{'value': 1, 'displayName': 'Pass'}","{'value': 1, 'displayName': 'Successful'}","[{'type': {'value': 213, 'displayName': 'Angle'}, 'value': '3.4'}, {'type': {'value': 212, 'displayName': 'Length'}, 'value': '24.2'}, {'type': {'value': 141, 'displayName': 'PassEndY'}, 'value': '65.9'}, {'type': {'value': 178, 'displayName': 'StandingSave'}}, {'type': {'value': 56, 'displayName': 'Zone'}, 'value': 'Back'}, {'type': {'value': 140, 'displayName': 'PassEndX'}, 'value': '4.0'}]","[91, 117, 30, 35, 38, 215, 218]",True,342499.0,4.0,65.9,,,,,,,,,
2404776489.0,543,66,27.0,189,2.4,61.1,70,"{'value': 2, 'displayName': 'SecondHalf'}","{'value': 1, 'displayName': 'Pass'}","{'value': 1, 'displayName': 'Successful'}","[{'type': {'value': 178, 'displayName': 'StandingSave'}}, {'type': {'value': 141, 'displayName': 'PassEndY'}, 'value': '31.4'}, {'type': {'value': 140, 'displayName': 'PassEndX'}, 'value': '11.2'}, {'type': {'value': 212, 'displayName': 'Length'}, 'value': '22.2'}, {'type': {'value': 56, 'displayName': 'Zone'}, 'value': 'Back'}, {'type': {'value': 213, 'displayName': 'Angle'}, 'value': '5.1'}]","[91, 117, 30, 36, 38, 215, 218]",True,276366.0,11.2,31.4,,,,,,,,,
2404776585.0,544,66,32.0,189,9.0,25.4,70,"{'value': 2, 'displayName': 'SecondHalf'}","{'value': 1, 'displayName': 'Pass'}","{'value': 0, 'displayName': 'Unsuccessful'}","[{'type': {'value': 213, 'displayName': 'Angle'}, 'value': '6.0'}, {'type': {'value': 1, 'displayName': 'Longball'}}, {'type': {'value': 155, 'displayName': 'Chipped'}}, {'type': {'value': 140, 'displayName': 'PassEndX'}, 'value': '43.3'}, {'type': {'value': 141, 'displayName': 'PassEndY'}, 'value': '9.8'}, {'type': {'value': 212, 'displayName': 'Length'}, 'value': '37.5'}, {'type': {'value': 56, 'displayName': 'Zone'}, 'value': 'Back'}, {'type': {'value': 178, 'displayName': 'StandingSave'}}]","[91, 118, 120, 124, 128, 36, 38, 216, 218]",True,29026.0,43.3,9.8,,,,,,,,,
2404776593.0,633,66,35.0,29,55.0,90.7,70,"{'value': 2, 'displayName': 'SecondHalf'}","{'value': 44, 'displayName': 'Aerial'}","{'value': 1, 'displayName': 'Successful'}","[{'type': {'value': 56, 'displayName': 'Zone'}, 'value': 'Left'}, {'type': {'value': 286, 'displayName': 'Offensive'}}, {'type': {'value': 233, 'displayName': 'OppositeRelatedEvent'}, 'value': '545'}]","[197, 199]",False,68049.0,,,,,,,,,,,
2404776597.0,545,66,35.0,189,45.0,9.3,70,"{'value': 2, 'displayName': 'SecondHalf'}","{'value': 44, 'displayName': 'Aerial'}","{'value': 0, 'displayName': 'Unsuccessful'}","[{'type': {'value': 233, 'displayName': 'OppositeRelatedEvent'}, 'value': '633'}, {'type': {'value': 285, 'displayName': 'Defensive'}}, {'type': {'value': 56, 'displayName': 'Zone'}, 'value': 'Back'}]","[198, 200]",False,353377.0,,,,,,,,,,,
2404776619.0,634,66,35.0,29,53.4,91.2,70,"{'value': 2, 'displayName': 'SecondHalf'}","{'value': 1, 'displayName': 'Pass'}","{'value': 0, 'displayName': 'Unsuccessful'}","[{'type': {'value': 140, 'displayName': 'PassEndX'}, 'value': '60.2'}, {'type': {'value': 213, 'displayName': 'Angle'}, 'value': '0.5'}, {'type': {'value': 56, 'displayName': 'Zone'}, 'value': 'Left'}, {'type': {'value': 141, 'displayName': 'PassEndY'}, 'value': '96.5'}, {'type': {'value': 3, 'displayName': 'HeadPass'}}, {'type': {'value': 212, 'displayName': 'Length'}, 'value': '8.0'}]","[91, 120, 29, 139, 36, 37, 216, 218]",True,68049.0,60.2,96.5,,,,,,,,,
2404776735.0,546,66,37.0,189,36.6,4.8,70,"{'value': 2, 'displayName': 'SecondHalf'}","{'value': 4, 'displayName': 'Foul'}","{'value': 1, 'displayName': 'Successful'}","[{'type': {'value': 13, 'displayName': 'Foul'}}, {'type': {'value': 56, 'displayName': 'Zone'}, 'value': 'Back'}, {'type': {'value': 233, 'displayName': 'OppositeRelatedEvent'}, 'value': '635'}, {'type': {'value': 286, 'displayName': 'Offensive'}}]","[91, 63]",True,321085.0,,,,,,,,,,,
2404777077.0,635,66,37.0,29,63.4,95.2,70,"{'value': 2, 'displayName': 'SecondHalf'}","{'value': 4, 'displayName': 'Foul'}","{'value': 0, 'displayName': 'Unsuccessful'}","[{'type': {'value': 233, 'displayName': 'OppositeRelatedEvent'}, 'value': '546'}, {'type': {'value': 13, 'displayName': 'Foul'}}, {'type': {'value': 178, 'displayName': 'StandingSave'}}, {'type': {'value': 285, 'displayName': 'Defensive'}}, {'type': {'value': 56, 'displayName': 'Zone'}, 'value': 'Left'}]",[64],False,137021.0,,,,,,,,,,,
2404777113.0,547,67,6.0,189,37.5,5.9,71,"{'value': 2, 'displayName': 'SecondHalf'}","{'value': 1, 'displayName': 'Pass'}","{'value': 1, 'displayName': 'Successful'}","[{'type': {'value': 140, 'displayName': 'PassEndX'}, 'value': '63.1'}, {'type': {'value': 56, 'displayName': 'Zone'}, 'value': 'Center'}, {'type': {'value': 178, 'displayName': 'StandingSave'}}, {'type': {'value': 155, 'displayName': 'Chipped'}}, {'type': {'value': 141, 'displayName': 'PassEndY'}, 'value': '25.1'}, {'type': {'value': 5, 'displayName': 'FreekickTaken'}}, {'type': {'value': 212, 'displayName': 'Length'}, 'value': '29.9'}, {'type': {'value': 213, 'displayName': 'Angle'}, 'value': '0.5'}]","[91, 119, 117, 30, 124, 132, 36, 37, 216, 218]",True,29026.0,63.1,25.1,,,,,,,,,
2404777225.0,548,67,7.0,189,63.2,25.1,71,"{'value': 2, 'displayName': 'SecondHalf'}","{'value': 1, 'displayName': 'Pass'}","{'value': 1, 'displayName': 'Successful'}","[{'type': {'value': 178, 'displayName': 'StandingSave'}}, {'type': {'value': 212, 'displayName': 'Length'}, 'value': '7.4'}, {'type': {'value': 213, 'displayName': 'Angle'}, 'value': '5.8'}, {'type': {'value': 56, 'displayName': 'Zone'}, 'value': 'Right'}, {'type': {'value': 141, 'displayName': 'PassEndY'}, 'value': '19.6'}, {'type': {'value': 140, 'displayName': 'PassEndX'}, 'value': '69.3'}]","[91, 119, 117, 30, 205, 36, 38, 217, 218]",True,134240.0,69.3,19.6,,,,,,,,,
2404777277.0,549,67,14.0,189,72.2,17.2,71,"{'value': 2, 'displayName': 'SecondHalf'}","{'value': 1, 'displayName': 'Pass'}","{'value': 1, 'displayName': 'Successful'}","[{'type': {'value': 178, 'displayName': 'StandingSave'}}, {'type': {'value': 56, 'displayName': 'Zone'}, 'value': 'Center'}, {'type': {'value': 140, 'displayName': 'PassEndX'}, 'value': '61.9'}, {'type': {'value': 213, 'displayName': 'Angle'}, 'value': '2.3'}, {'type': {'value': 212, 'displayName': 'Length'}, 'value': '16.7'}, {'type': {'value': 141, 'displayName': 'PassEndY'}, 'value': '35.9'}]","[91, 119, 117, 30, 35, 37, 216, 218]",True,298689.0,61.9,35.9,,,,,,,,,
2404777325.0,550,67,17.0,189,64.0,40.4,71,"{'value': 2, 'displayName': 'SecondHalf'}","{'value': 1, 'displayName': 'Pass'}","{'value': 1, 'displayName': 'Successful'}","[{'type': {'value': 178, 'displayName': 'StandingSave'}}, {'type': {'value': 213, 'displayName': 'Angle'}, 'value': '1.5'}, {'type': {'value': 141, 'displayName': 'PassEndY'}, 'value': '88.8'}, {'type': {'value': 212, 'displayName': 'Length'}, 'value': '33.1'}, {'type': {'value': 56, 'displayName': 'Zone'}, 'value': 'Left'}, {'type': {'value': 1, 'displayName': 'Longball'}}, {'type': {'value': 140, 'displayName': 'PassEndX'}, 'value': '67.0'}]","[91, 119, 117, 127, 205, 36, 37, 217, 218]",True,69344.0,67.0,88.8,,,,,,,,,
2404777365.0,551,67,21.0,189,69.5,87.2,71,"{'value': 2, 'displayName': 'SecondHalf'}","{'value': 1, 'displayName': 'Pass'}","{'value': 1, 'displayName': 'Successful'}","[{'type': {'value': 212, 'displayName': 'Length'}, 'value': '14.4'}, {'type': {'value': 141, 'displayName': 'PassEndY'}, 'value': '67.4'}, {'type': {'value': 213, 'displayName': 'Angle'}, 'value': '4.4'}, {'type': {'value': 56, 'displayName': 'Zone'}, 'value': 'Center'}, {'type': {'value': 178, 'displayName': 'StandingSave'}}, {'type': {'value': 140, 'displayName': 'PassEndX'}, 'value': '64.7'}]","[91, 119, 117, 30, 35, 38, 216, 218]",True,229562.0,64.7,67.4,,,,,,,,,
2404777441.0,552,67,23.0,189,64.7,66.0,71,"{'value': 2, 'displayName': 'SecondHalf'}","{'value': 1, 'displayName': 'Pass'}","{'value': 1, 'displayName': 'Successful'}","[{'type': {'value': 56, 'displayName': 'Zone'}, 'value': 'Center'}, {'type': {'value': 140, 'displayName': 'PassEndX'}, 'value': '67.2'}, {'type': {'value': 141, 'displayName': 'PassEndY'}, 'value': '51.6'}, {'type': {'value': 178, 'displayName': 'StandingSave'}}, {'type': {'value': 213, 'displayName': 'Angle'}, 'value': '5.0'}, {'type': {'value': 212, 'displayName': 'Length'}, 'value': '10.1'}]","[91, 119, 117, 30, 205, 36, 38, 217, 218]",True,69344.0,67.2,51.6,,,,,,,,,
2404777463.0,553,67,27.0,189,70.6,55.2,71,"{'value': 2, 'displayName': 'SecondHalf'}","{'value': 1, 'displayName': 'Pass'}","{'value': 0, 'displayName': 'Unsuccessful'}","[{'type': {'value': 141, 'displayName': 'PassEndY'}, 'value': '66.6'}, {'type': {'value': 56, 'displayName': 'Zone'}, 'value': 'Center'}, {'type': {'value': 140, 'displayName': 'PassEndX'}, 'value': '85.1'}, {'type': {'value': 212, 'displayName': 'Length'}, 'value': '17.1'}, {'type': {'value': 178, 'displayName': 'StandingSave'}}, {'type': {'value': 213, 'displayName': 'Angle'}, 'value': '0.5'}]","[91, 120, 29, 36, 37, 217, 218]",True,101856.0,85.1,66.6,,,,,,,,,
2404777471.0,636,67,27.0,29,13.5,37.1,71,"{'value': 2, 'displayName': 'SecondHalf'}","{'value': 49, 'displayName': 'BallRecovery'}","{'value': 1, 'displayName': 'Successful'}",[],[93],False,111372.0,,,,,,,,,,,
2404777517.0,637,67,28.0,29,13.5,37.1,71,"{'value': 2, 'displayName': 'SecondHalf'}","{'value': 1, 'displayName': 'Pass'}","{'value': 1, 'displayName': 'Successful'}","[{'type': {'value': 178, 'displayName': 'StandingSave'}}, {'type': {'value': 212, 'displayName': 'Length'}, 'value': '14.4'}, {'type': {'value': 140, 'displayName': 'PassEndX'}, 'value': '27.1'}, {'type': {'value': 213, 'displayName': 'Angle'}, 'value': '0.1'}, {'type': {'value': 141, 'displayName': 'PassEndY'}, 'value': '39.2'}, {'type': {'value': 56, 'displayName': 'Zone'}, 'value': 'Back'}]","[91, 117, 30, 36, 37, 215, 218]",True,111372.0,27.1,39.2,,,,,,,,,
2404777539.0,638,67,30.0,29,27.1,39.2,71,"{'value': 2, 'displayName': 'SecondHalf'}","{'value': 1, 'displayName': 'Pass'}","{'value': 1, 'displayName': 'Successful'}","[{'type': {'value': 56, 'displayName': 'Zone'}, 'value': 'Back'}, {'type': {'value': 213, 'displayName': 'Angle'}, 'value': '0.1'}, {'type': {'value': 141, 'displayName': 'PassEndY'}, 'value': '41.3'}, {'type': {'value': 140, 'displayName': 'PassEndX'}, 'value': '38.4'}, {'type': {'value': 212, 'displayName': 'Length'}, 'value': '12.0'}, {'type': {'value': 178, 'displayName': 'StandingSave'}}]","[91, 117, 30, 36, 37, 216, 218]",True,297203.0,38.4,41.3,,,,,,,,,
2404777567.0,639,67,31.0,29,38.4,41.3,71,"{'value': 2, 'displayName': 'SecondHalf'}","{'value': 1, 'displayName': 'Pass'}","{'value': 0, 'displayName': 'Unsuccessful'}","[{'type': {'value': 213, 'displayName': 'Angle'}, 'value': '3.4'}, {'type': {'value': 178, 'displayName': 'StandingSave'}}, {'type': {'value': 141, 'displayName': 'PassEndY'}, 'value': '36.3'}, {'type': {'value': 212, 'displayName': 'Length'}, 'value': '13.4'}, {'type': {'value': 140, 'displayName': 'PassEndX'}, 'value': '26.1'}, {'type': {'value': 56, 'displayName': 'Zone'}, 'value': 'Back'}]","[91, 118, 120, 29, 35, 38, 215, 218]",True,322596.0,26.1,36.3,,,,,,,,,
2404777563.0,554,67,33.0,189,68.8,62.7,71,"{'value': 2, 'displayName': 'SecondHalf'}","{'value': 49, 'displayName': 'BallRecovery'}","{'value': 1, 'displayName': 'Successful'}",[],[93],False,69344.0,,,,,,,,,,,
2404777647.0,555,67,33.0,189,69.3,63.6,71,"{'value': 2, 'displayName': 'SecondHalf'}","{'value': 1, 'displayName': 'Pass'}","{'value': 1, 'displayName': 'Successful'}","[{'type': {'value': 178, 'displayName': 'StandingSave'}}, {'type': {'value': 213, 'displayName': 'Angle'}, 'value': '0.6'}, {'type': {'value': 141, 'displayName': 'PassEndY'}, 'value': '82.1'}, {'type': {'value': 212, 'displayName': 'Length'}, 'value': '21.8'}, {'type': {'value': 56, 'displayName': 'Zone'}, 'value': 'Left'}, {'type': {'value': 140, 'displayName': 'PassEndX'}, 'value': '86.2'}]","[91, 119, 117, 30, 205, 36, 37, 217, 218]",True,69344.0,86.2,82.1,,,,,,,,,
2404777655.0,556,67,37.0,189,88.5,73.5,71,"{'value': 2, 'displayName': 'SecondHalf'}","{'value': 3, 'displayName': 'TakeOn'}","{'value': 0, 'displayName': 'Unsuccessful'}","[{'type': {'value': 286, 'displayName': 'Offensive'}}, {'type': {'value': 56, 'displayName': 'Zone'}, 'value': 'Center'}, {'type': {'value': 233, 'displayName': 'OppositeRelatedEvent'}, 'value': '640'}, {'type': {'value': 178, 'displayName': 'StandingSave'}}]","[91, 53]",True,134240.0,,,,,,,,,,,
2404777683.0,640,67,37.0,29,11.5,26.5,71,"{'value': 2, 'displayName': 'SecondHalf'}","{'value': 7, 'displayName': 'Tackle'}","{'value': 0, 'displayName': 'Unsuccessful'}","[{'type': {'value': 285, 'displayName': 'Defensive'}}, {'type': {'value': 178, 'displayName': 'StandingSave'}}, {'type': {'value': 233, 'displayName': 'OppositeRelatedEvent'}, 'value': '556'}, {'type': {'value': 56, 'displayName': 'Zone'}, 'value': 'Back'}]","[91, 142]",True,111372.0,,,,,,,,,,,
2404777733.0,557,67,40.0,189,75.9,80.0,71,"{'value': 2, 'displayName': 'SecondHalf'}","{'value': 1, 'displayName': 'Pass'}","{'value': 1, 'displayName': 'Successful'}","[{'type': {'value': 213, 'displayName': 'Angle'}, 'value': '2.8'}, {'type': {'value': 212, 'displayName': 'Length'}, 'value': '11.3'}, {'type': {'value': 140, 'displayName': 'PassEndX'}, 'value': '65.9'}, {'type': {'value': 178, 'displayName': 'StandingSave'}}, {'type': {'value': 141, 'displayName': 'PassEndY'}, 'value': '86.1'}, {'type': {'value': 56, 'displayName': 'Zone'}, 'value': 'Left'}]","[91, 119, 117, 30, 35, 37, 216, 218]",True,69344.0,65.9,86.1,,,,,,,,,
2404777781.0,558,67,42.0,189,65.9,86.1,71,"{'value': 2, 'displayName': 'SecondHalf'}","{'value': 1, 'displayName': 'Pass'}","{'value': 1, 'displayName': 'Successful'}","[{'type': {'value': 213, 'displayName': 'Angle'}, 'value': '5.0'}, {'type': {'value': 178, 'displayName': 'StandingSave'}}, {'type': {'value': 212, 'displayName': 'Length'}, 'value': '11.2'}, {'type': {'value': 140, 'displayName': 'PassEndX'}, 'value': '69.0'}, {'type': {'value': 56, 'displayName': 'Zone'}, 'value': 'Center'}, {'type': {'value': 141, 'displayName': 'PassEndY'}, 'value': '70.4'}]","[91, 119, 117, 30, 205, 36, 38, 217, 218]",True,229562.0,69.0,70.4,,,,,,,,,
2404777791.0,559,67,44.0,189,70.6,71.9,71,"{'value': 2, 'displayName': 'SecondHalf'}","{'value': 1, 'displayName': 'Pass'}","{'value': 1, 'displayName': 'Successful'}","[{'type': {'value': 141, 'displayName': 'PassEndY'}, 'value': '87.2'}, {'type': {'value': 140, 'displayName': 'PassEndX'}, 'value': '65.8'}, {'type': {'value': 178, 'displayName': 'StandingSave'}}, {'type': {'value': 213, 'displayName': 'Angle'}, 'value': '2.0'}, {'type': {'value': 212, 'displayName': 'Length'}, 'value': '11.6'}, {'type': {'value': 56, 'displayName': 'Zone'}, 'value': 'Left'}]","[91, 119, 117, 30, 35, 37, 216, 218]",True,298689.0,65.8,87.2,,,,,,,,,
2404777829.0,560,67,45.0,189,65.7,87.2,71,"{'value': 2, 'displayName': 'SecondHalf'}","{'value': 1, 'displayName': 'Pass'}","{'value': 1, 'displayName': 'Successful'}","[{'type': {'value': 178, 'displayName': 'StandingSave'}}, {'type': {'value': 141, 'displayName': 'PassEndY'}, 'value': '65.4'}, {'type': {'value': 140, 'displayName': 'PassEndX'}, 'value': '58.7'}, {'type': {'value': 56, 'displayName': 'Zone'}, 'value': 'Center'}, {'type': {'value': 212, 'displayName': 'Length'}, 'value': '16.5'}, {'type': {'value': 213, 'displayName': 'Angle'}, 'value': '4.3'}]","[91, 119, 117, 30, 35, 38, 216, 218]",True,229562.0,58.7,65.4,,,,,,,,,
2404777879.0,561,67,48.0,189,58.8,65.4,71,"{'value': 2, 'displayName': 'SecondHalf'}","{'value': 1, 'displayName': 'Pass'}","{'value': 1, 'displayName': 'Successful'}","[{'type': {'value': 140, 'displayName': 'PassEndX'}, 'value': '58.1'}, {'type': {'value': 56, 'displayName': 'Zone'}, 'value': 'Center'}, {'type': {'value': 141, 'displayName': 'PassEndY'}, 'value': '36.4'}, {'type': {'value': 212, 'displayName': 'Length'}, 'value': '19.7'}, {'type': {'value': 178, 'displayName': 'StandingSave'}}, {'type': {'value': 213, 'displayName': 'Angle'}, 'value': '4.7'}]","[91, 119, 117, 30, 35, 38, 216, 218]",True,342499.0,58.1,36.4,,,,,,,,,
2404777913.0,562,67,51.0,189,58.1,36.4,71,"{'value': 2, 'displayName': 'SecondHalf'}","{'value': 1, 'displayName': 'Pass'}","{'value': 1, 'displayName': 'Successful'}","[{'type': {'value': 140, 'displayName': 'PassEndX'}, 'value': '71.7'}, {'type': {'value': 56, 'displayName': 'Zone'}, 'value': 'Center'}, {'type': {'value': 212, 'displayName': 'Length'}, 'value': '17.0'}, {'type': {'value': 141, 'displayName': 'PassEndY'}, 'value': '49.9'}, {'type': {'value': 213, 'displayName': 'Angle'}, 'value': '0.6'}, {'type': {'value': 178, 'displayName': 'StandingSave'}}]","[91, 119, 117, 30, 205, 36, 37, 217, 218]",True,29026.0,71.7,49.9,,,,,,,,,
2404777933.0,563,67,53.0,189,72.3,51.2,71,"{'value': 2, 'displayName': 'SecondHalf'}","{'value': 1, 'displayName': 'Pass'}","{'value': 1, 'displayName': 'Successful'}","[{'type': {'value': 212, 'displayName': 'Length'}, 'value': '8.1'}, {'type': {'value': 141, 'displayName': 'PassEndY'}, 'value': '45.8'}, {'type': {'value': 213, 'displayName': 'Angle'}, 'value': '3.6'}, {'type': {'value': 56, 'displayName': 'Zone'}, 'value': 'Center'}, {'type': {'value': 140, 'displayName': 'PassEndX'}, 'value': '65.4'}, {'type': {'value': 178, 'displayName': 'StandingSave'}}]","[91, 119, 117, 30, 35, 38, 216, 218]",True,296240.0,65.4,45.8,,,,,,,,,
2404778025.0,564,67,56.0,189,68.6,51.9,71,"{'value': 2, 'displayName': 'SecondHalf'}","{'value': 1, 'displayName': 'Pass'}","{'value': 1, 'displayName': 'Successful'}","[{'type': {'value': 213, 'displayName': 'Angle'}, 'value': '0.9'}, {'type': {'value': 178, 'displayName': 'StandingSave'}}, {'type': {'value': 56, 'displayName': 'Zone'}, 'value': 'Left'}, {'type': {'value': 141, 'displayName': 'PassEndY'}, 'value': '85.4'}, {'type': {'value': 212, 'displayName': 'Length'}, 'value': '29.0'}, {'type': {'value': 140, 'displayName': 'PassEndX'}, 'value': '85.7'}]","[91, 119, 117, 30, 205, 36, 37, 217, 218]",True,298689.0,85.7,85.4,,,,,,,,,
2404778045.0,565,68,1.0,189,91.9,83.6,72,"{'value': 2, 'displayName': 'SecondHalf'}","{'value': 1, 'displayName': 'Pass'}","{'value': 0, 'displayName': 'Unsuccessful'}","[{'type': {'value': 2, 'displayName': 'Cross'}}, {'type': {'value': 213, 'displayName': 'Angle'}, 'value': '5.0'}, {'type': {'value': 155, 'displayName': 'Chipped'}}, {'type': {'value': 212, 'displayName': 'Length'}, 'value': '25.3'}, {'type': {'value': 141, 'displayName': 'PassEndY'}, 'value': '47.9'}, {'type': {'value': 72, 'displayName': 'LeftFoot'}}, {'type': {'value': 178, 'displayName': 'StandingSave'}}, {'type': {'value': 56, 'displayName': 'Zone'}, 'value': 'Center'}, {'type': {'value': 140, 'displayName': 'PassEndX'}, 'value': '98.7'}]","[91, 138, 124, 126, 36, 38, 217, 218]",True,69344.0,98.7,47.9,,,,,,,,,
2404778071.0,642,68,2.0,29,2.1,49.1,72,"{'value': 2, 'displayName': 'SecondHalf'}","{'value': 12, 'displayName': 'Clearance'}","{'value': 1, 'displayName': 'Successful'}","[{'type': {'value': 212, 'displayName': 'Length'}, 'value': '24.5'}, {'type': {'value': 141, 'displayName': 'PassEndY'}, 'value': '52.6'}, {'type': {'value': 56, 'displayName': 'Zone'}, 'value': 'Back'}, {'type': {'value': 140, 'displayName': 'PassEndX'}, 'value': '25.3'}, {'type': {'value': 21, 'displayName': 'OtherBodyPart'}}, {'type': {'value': 213, 'displayName': 'Angle'}, 'value': '0.1'}]","[91, 94, 95, 215]",True,20973.0,25.3,52.6,,,,,,,,,
2404778077.0,643,68,4.0,29,25.5,52.0,72,"{'value': 2, 'displayName': 'SecondHalf'}","{'value': 44, 'displayName': 'Aerial'}","{'value': 1, 'displayName': 'Successful'}","[{'type': {'value': 56, 'displayName': 'Zone'}, 'value': 'Back'}, {'type': {'value': 233, 'displayName': 'OppositeRelatedEvent'}, 'value': '566'}, {'type': {'value': 285, 'displayName': 'Defensive'}}]","[197, 200]",False,297203.0,,,,,,,,,,,
2404778079.0,566,68,4.0,189,74.5,48.0,72,"{'value': 2, 'displayName': 'SecondHalf'}","{'value': 44, 'displayName': 'Aerial'}","{'value': 0, 'displayName': 'Unsuccessful'}","[{'type': {'value': 56, 'displayName': 'Zone'}, 'value': 'Center'}, {'type': {'value': 286, 'displayName': 'Offensive'}}, {'type': {'value': 233, 'displayName': 'OppositeRelatedEvent'}, 'value': '643'}]","[198, 199]",False,101856.0,,,,,,,,,,,
2404798049.0,813,68,4.0,29,20.8,45.1,72,"{'value': 2, 'displayName': 'SecondHalf'}","{'value': 12, 'displayName': 'Clearance'}","{'value': 1, 'displayName': 'Successful'}","[{'type': {'value': 141, 'displayName': 'PassEndY'}, 'value': '44.1'}, {'type': {'value': 212, 'displayName': 'Length'}, 'value': '2.0'}, {'type': {'value': 140, 'displayName': 'PassEndX'}, 'value': '22.6'}, {'type': {'value': 213, 'displayName': 'Angle'}, 'value': '5.9'}, {'type': {'value': 56, 'displayName': 'Zone'}, 'value': 'Back'}, {'type': {'value': 15, 'displayName': 'Head'}}]","[91, 94, 95, 57, 215]",True,297203.0,22.6,44.1,,,,,,,,,
2404778087.0,567,68,4.0,189,74.4,48.5,72,"{'value': 2, 'displayName': 'SecondHalf'}","{'value': 61, 'displayName': 'BallTouch'}","{'value': 1, 'displayName': 'Successful'}","[{'type': {'value': 15, 'displayName': 'Head'}}, {'type': {'value': 56, 'displayName': 'Zone'}, 'value': 'Center'}]",[91],True,101856.0,,,,,,,,,,,
2404778119.0,568,68,6.0,189,85.3,48.1,72,"{'value': 2, 'displayName': 'SecondHalf'}","{'value': 1, 'displayName': 'Pass'}","{'value': 1, 'displayName': 'Successful'}","[{'type': {'value': 154, 'displayName': 'IntentionalAssist'}}, {'type': {'value': 56, 'displayName': 'Zone'}, 'value': 'Center'}, {'type': {'value': 3, 'displayName': 'HeadPass'}}, {'type': {'value': 210, 'displayName': 'ShotAssist'}, 'value': '15'}, {'type': {'value': 140, 'displayName': 'PassEndX'}, 'value': '90.5'}, {'type': {'value': 141, 'displayName': 'PassEndY'}, 'value': '50.0'}, {'type': {'value': 213, 'displayName': 'Angle'}, 'value': '0.2'}, {'type': {'value': 212, 'displayName': 'Length'}, 'value': '5.6'}, {'type': {'value': 11113, 'displayName': 'KeyPass'}}]","[91, 119, 117, 30, 123, 139, 205, 40, 46, 36, 37, 217, 218]",True,296240.0,90.5,50.0,,,,,,,,,
2404778125.0,569,68,7.0,189,92.0,51.9,72,"{'value': 2, 'displayName': 'SecondHalf'}","{'value': 15, 'displayName': 'SavedShot'}","{'value': 1, 'displayName': 'Successful'}","[{'type': {'value': 78, 'displayName': 'LowCentre'}}, {'type': {'value': 82, 'displayName': 'Blocked'}}, {'type': {'value': 103, 'displayName': 'GoalMouthZ'}, 'value': '19'}, {'type': {'value': 55, 'displayName': 'RelatedEventId'}, 'value': '568'}, {'type': {'value': 56, 'displayName': 'Zone'}, 'value': 'Center'}, {'type': {'value': 178, 'displayName': 'StandingSave'}}, {'type': {'value': 146, 'displayName': 'BlockedX'}, 'value': '93.7'}, {'type': {'value': 102, 'displayName': 'GoalMouthY'}, 'value': '50.6'}, {'type': {'value': 72, 'displayName': 'LeftFoot'}}, {'type': {'value': 22, 'displayName': 'RegularPlay'}}, {'type': {'value': 17, 'displayName': 'BoxCentre'}}, {'type': {'value': 154, 'displayName': 'IntentionalAssist'}}, {'type': {'value': 29, 'displayName': 'Assisted'}}, {'type': {'value': 147, 'displayName': 'BlockedY'}, 'value': '51.6'}, {'type': {'value': 233, 'displayName': 'OppositeRelatedEvent'}, 'value': '644'}]","[91, 10, 1, 3, 11, 13]",True,134240.0,,,568.0,296240.0,93.7,51.6,19.0,50.6,True,,
2404778113.0,644,68,7.0,29,7.2,48.5,72,"{'value': 2, 'displayName': 'SecondHalf'}","{'value': 10, 'displayName': 'Save'}","{'value': 1, 'displayName': 'Successful'}","[{'type': {'value': 94, 'displayName': 'OutfielderBlock'}}, {'type': {'value': 56, 'displayName': 'Zone'}, 'value': 'Back'}, {'type': {'value': 178, 'displayName': 'StandingSave'}}, {'type': {'value': 233, 'displayName': 'OppositeRelatedEvent'}, 'value': '569'}]","[91, 58]",True,300359.0,,,,,,,,,,,
2404778461.0,646,68,8.0,29,7.8,43.5,72,"{'value': 2, 'displayName': 'SecondHalf'}","{'value': 12, 'displayName': 'Clearance'}","{'value': 1, 'displayName': 'Successful'}","[{'type': {'value': 212, 'displayName': 'Length'}, 'value': '2.6'}, {'type': {'value': 178, 'displayName': 'StandingSave'}}, {'type': {'value': 141, 'displayName': 'PassEndY'}, 'value': '40.4'}, {'type': {'value': 213, 'displayName': 'Angle'}, 'value': '5.3'}, {'type': {'value': 140, 'displayName': 'PassEndX'}, 'value': '9.2'}, {'type': {'value': 15, 'displayName': 'Head'}}, {'type': {'value': 56, 'displayName': 'Zone'}, 'value': 'Back'}]","[91, 94, 95, 57, 215]",True,111372.0,9.2,40.4,,,,,,,,,
2404778183.0,570,68,10.0,189,96.9,63.3,72,"{'value': 2, 'displayName': 'SecondHalf'}","{'value': 1, 'displayName': 'Pass'}","{'value': 1, 'displayName': 'Successful'}","[{'type': {'value': 56, 'displayName': 'Zone'}, 'value': 'Center'}, {'type': {'value': 140, 'displayName': 'PassEndX'}, 'value': '94.3'}, {'type': {'value': 155, 'displayName': 'Chipped'}}, {'type': {'value': 141, 'displayName': 'PassEndY'}, 'value': '45.6'}, {'type': {'value': 178, 'displayName': 'StandingSave'}}, {'type': {'value': 154, 'displayName': 'IntentionalAssist'}}, {'type': {'value': 210, 'displayName': 'ShotAssist'}, 'value': '13'}, {'type': {'value': 213, 'displayName': 'Angle'}, 'value': '4.5'}, {'type': {'value': 212, 'displayName': 'Length'}, 'value': '12.3'}, {'type': {'value': 11112, 'displayName': 'BigChanceCreated'}}, {'type': {'value': 11113, 'displayName': 'KeyPass'}}]","[91, 119, 117, 30, 123, 124, 203, 205, 40, 46, 35, 38, 217, 218]",True,298689.0,94.3,45.6,,,,,,,,,
2404778187.0,571,68,11.0,189,94.0,44.7,72,"{'value': 2, 'displayName': 'SecondHalf'}","{'value': 13, 'displayName': 'MissedShots'}","{'value': 1, 'displayName': 'Successful'}","[{'type': {'value': 55, 'displayName': 'RelatedEventId'}, 'value': '570'}, {'type': {'value': 56, 'displayName': 'Zone'}, 'value': 'Center'}, {'type': {'value': 17, 'displayName': 'BoxCentre'}}, {'type': {'value': 29, 'displayName': 'Assisted'}}, {'type': {'value': 214, 'displayName': 'BigChance'}}, {'type': {'value': 74, 'displayName': 'MissHigh'}}, {'type': {'value': 72, 'displayName': 'LeftFoot'}}, {'type': {'value': 102, 'displayName': 'GoalMouthY'}, 'value': '53.6'}, {'type': {'value': 154, 'displayName': 'IntentionalAssist'}}, {'type': {'value': 22, 'displayName': 'RegularPlay'}}, {'type': {'value': 103, 'displayName': 'GoalMouthZ'}, 'value': '68.1'}]","[91, 7, 90, 10, 201, 1, 3, 13]",True,353377.0,,,570.0,298689.0,,,68.1,53.6,True,,
2404778681.0,573,68,52.0,189,0.0,0.0,72,"{'value': 2, 'displayName': 'SecondHalf'}","{'value': 18, 'displayName': 'SubstitutionOff'}","{'value': 1, 'displayName': 'Successful'}","[{'type': {'value': 59, 'displayName': 'JerseyNumber'}, 'value': '27'}, {'type': {'value': 55, 'displayName': 'RelatedEventId'}, 'value': '574'}, {'type': {'value': 44, 'displayName': 'PlayerPosition'}, 'value': 'Midfielder'}]",[214],False,298689.0,,,574.0,339674.0,,,,,,,
2404778689.0,574,68,52.0,189,0.0,0.0,72,"{'value': 2, 'displayName': 'SecondHalf'}","{'value': 19, 'displayName': 'SubstitutionOn'}","{'value': 1, 'displayName': 'Successful'}","[{'type': {'value': 59, 'displayName': 'JerseyNumber'}, 'value': '8'}, {'type': {'value': 55, 'displayName': 'RelatedEventId'}, 'value': '573'}, {'type': {'value': 145, 'displayName': 'FormationSlot'}, 'value': '7'}, {'type': {'value': 44, 'displayName': 'PlayerPosition'}, 'value': 'Midfielder'}]",[213],False,339674.0,,,573.0,298689.0,,,,,,,
2404778961.0,648,69,10.0,29,5.4,60.4,73,"{'value': 2, 'displayName': 'SecondHalf'}","{'value': 1, 'displayName': 'Pass'}","{'value': 1, 'displayName': 'Successful'}","[{'type': {'value': 56, 'displayName': 'Zone'}, 'value': 'Back'}, {'type': {'value': 141, 'displayName': 'PassEndY'}, 'value': '47.6'}, {'type': {'value': 213, 'displayName': 'Angle'}, 'value': '4.6'}, {'type': {'value': 124, 'displayName': 'GoalKick'}}, {'type': {'value': 140, 'displayName': 'PassEndX'}, 'value': '4.4'}, {'type': {'value': 212, 'displayName': 'Length'}, 'value': '8.8'}]","[91, 117, 30, 35, 38, 215, 218]",True,300359.0,4.4,47.6,,,,,,,,,
2404779005.0,649,69,14.0,29,7.1,46.2,73,"{'value': 2, 'displayName': 'SecondHalf'}","{'value': 1, 'displayName': 'Pass'}","{'value': 0, 'displayName': 'Unsuccessful'}","[{'type': {'value': 1, 'displayName': 'Longball'}}, {'type': {'value': 213, 'displayName': 'Angle'}, 'value': '6.1'}, {'type': {'value': 212, 'displayName': 'Length'}, 'value': '56.9'}, {'type': {'value': 56, 'displayName': 'Zone'}, 'value': 'Center'}, {'type': {'value': 140, 'displayName': 'PassEndX'}, 'value': '60.3'}, {'type': {'value': 141, 'displayName': 'PassEndY'}, 'value': '30.5'}, {'type': {'value': 178, 'displayName': 'StandingSave'}}]","[91, 120, 128, 36, 38, 216, 218]",True,20973.0,60.3,30.5,,,,,,,,,
2404779035.0,575,69,17.0,189,38.7,70.1,73,"{'value': 2, 'displayName': 'SecondHalf'}","{'value': 1, 'displayName': 'Pass'}","{'value': 0, 'displayName': 'Unsuccessful'}","[{'type': {'value': 1, 'displayName': 'Longball'}}, {'type': {'value': 140, 'displayName': 'PassEndX'}, 'value': '75.2'}, {'type': {'value': 56, 'displayName': 'Zone'}, 'value': 'Center'}, {'type': {'value': 212, 'displayName': 'Length'}, 'value': '38.3'}, {'type': {'value': 213, 'displayName': 'Angle'}, 'value': '0.0'}, {'type': {'value': 3, 'displayName': 'HeadPass'}}, {'type': {'value': 141, 'displayName': 'PassEndY'}, 'value': '71.6'}]","[91, 120, 139, 128, 36, 37, 217, 218]",True,342499.0,75.2,71.6,,,,,,,,,
2404779077.0,650,69,20.0,29,33.3,29.9,73,"{'value': 2, 'displayName': 'SecondHalf'}","{'value': 1, 'displayName': 'Pass'}","{'value': 0, 'displayName': 'Unsuccessful'}","[{'type': {'value': 140, 'displayName': 'PassEndX'}, 'value': '38.1'}, {'type': {'value': 56, 'displayName': 'Zone'}, 'value': 'Back'}, {'type': {'value': 212, 'displayName': 'Length'}, 'value': '14.7'}, {'type': {'value': 141, 'displayName': 'PassEndY'}, 'value': '9.6'}, {'type': {'value': 213, 'displayName': 'Angle'}, 'value': '5.1'}, {'type': {'value': 3, 'displayName': 'HeadPass'}}]","[91, 118, 120, 29, 139, 36, 38, 216, 218]",True,73063.0,38.1,9.6,,,,,,,,,
2404779143.0,576,69,22.0,189,65.6,92.5,73,"{'value': 2, 'displayName': 'SecondHalf'}","{'value': 4, 'displayName': 'Foul'}","{'value': 1, 'displayName': 'Successful'}","[{'type': {'value': 286, 'displayName': 'Offensive'}}, {'type': {'value': 56, 'displayName': 'Zone'}, 'value': 'Left'}, {'type': {'value': 13, 'displayName': 'Foul'}}, {'type': {'value': 233, 'displayName': 'OppositeRelatedEvent'}, 'value': '651'}]","[91, 63]",True,296240.0,,,,,,,,,,,
2404779117.0,651,69,22.0,29,34.4,7.5,73,"{'value': 2, 'displayName': 'SecondHalf'}","{'value': 4, 'displayName': 'Foul'}","{'value': 0, 'displayName': 'Unsuccessful'}","[{'type': {'value': 285, 'displayName': 'Defensive'}}, {'type': {'value': 178, 'displayName': 'StandingSave'}}, {'type': {'value': 233, 'displayName': 'OppositeRelatedEvent'}, 'value': '576'}, {'type': {'value': 56, 'displayName': 'Zone'}, 'value': 'Back'}, {'type': {'value': 13, 'displayName': 'Foul'}}]",[64],False,111372.0,,,,,,,,,,,
2404779499.0,577,69,51.0,189,65.0,90.2,73,"{'value': 2, 'displayName': 'SecondHalf'}","{'value': 1, 'displayName': 'Pass'}","{'value': 1, 'displayName': 'Successful'}","[{'type': {'value': 213, 'displayName': 'Angle'}, 'value': '4.7'}, {'type': {'value': 212, 'displayName': 'Length'}, 'value': '9.7'}, {'type': {'value': 141, 'displayName': 'PassEndY'}, 'value': '75.9'}, {'type': {'value': 178, 'displayName': 'StandingSave'}}, {'type': {'value': 5, 'displayName': 'FreekickTaken'}}, {'type': {'value': 56, 'displayName': 'Zone'}, 'value': 'Center'}, {'type': {'value': 140, 'displayName': 'PassEndX'}, 'value': '64.8'}]","[91, 119, 117, 30, 132, 35, 38, 216, 218]",True,69344.0,64.8,75.9,,,,,,,,,
2404779515.0,578,69,53.0,189,64.8,75.9,73,"{'value': 2, 'displayName': 'SecondHalf'}","{'value': 1, 'displayName': 'Pass'}","{'value': 1, 'displayName': 'Successful'}","[{'type': {'value': 213, 'displayName': 'Angle'}, 'value': '1.5'}, {'type': {'value': 178, 'displayName': 'StandingSave'}}, {'type': {'value': 141, 'displayName': 'PassEndY'}, 'value': '90.2'}, {'type': {'value': 212, 'displayName': 'Length'}, 'value': '9.7'}, {'type': {'value': 140, 'displayName': 'PassEndX'}, 'value': '65.3'}, {'type': {'value': 56, 'displayName': 'Zone'}, 'value': 'Left'}]","[91, 119, 117, 30, 36, 37, 216, 218]",True,101856.0,65.3,90.2,,,,,,,,,
2404779549.0,579,69,55.0,189,65.3,90.9,73,"{'value': 2, 'displayName': 'SecondHalf'}","{'value': 1, 'displayName': 'Pass'}","{'value': 1, 'displayName': 'Successful'}","[{'type': {'value': 213, 'displayName': 'Angle'}, 'value': '5.6'}, {'type': {'value': 56, 'displayName': 'Zone'}, 'value': 'Left'}, {'type': {'value': 212, 'displayName': 'Length'}, 'value': '11.7'}, {'type': {'value': 141, 'displayName': 'PassEndY'}, 'value': '80.6'}, {'type': {'value': 178, 'displayName': 'StandingSave'}}, {'type': {'value': 140, 'displayName': 'PassEndX'}, 'value': '74.2'}]","[91, 119, 117, 30, 205, 36, 38, 217, 218]",True,69344.0,74.2,80.6,,,,,,,,,
2404779557.0,580,69,56.0,189,74.2,80.6,73,"{'value': 2, 'displayName': 'SecondHalf'}","{'value': 1, 'displayName': 'Pass'}","{'value': 1, 'displayName': 'Successful'}","[{'type': {'value': 56, 'displayName': 'Zone'}, 'value': 'Center'}, {'type': {'value': 212, 'displayName': 'Length'}, 'value': '12.3'}, {'type': {'value': 213, 'displayName': 'Angle'}, 'value': '4.1'}, {'type': {'value': 141, 'displayName': 'PassEndY'}, 'value': '65.7'}, {'type': {'value': 140, 'displayName': 'PassEndX'}, 'value': '67.6'}, {'type': {'value': 178, 'displayName': 'StandingSave'}}]","[91, 119, 117, 30, 205, 35, 38, 217, 218]",True,134240.0,67.6,65.7,,,,,,,,,
2404779579.0,581,69,58.0,189,67.6,65.7,73,"{'value': 2, 'displayName': 'SecondHalf'}","{'value': 1, 'displayName': 'Pass'}","{'value': 1, 'displayName': 'Successful'}","[{'type': {'value': 56, 'displayName': 'Zone'}, 'value': 'Center'}, {'type': {'value': 178, 'displayName': 'StandingSave'}}, {'type': {'value': 140, 'displayName': 'PassEndX'}, 'value': '80.4'}, {'type': {'value': 141, 'displayName': 'PassEndY'}, 'value': '52.4'}, {'type': {'value': 213, 'displayName': 'Angle'}, 'value': '5.7'}, {'type': {'value': 212, 'displayName': 'Length'}, 'value': '16.2'}]","[91, 119, 117, 30, 205, 36, 38, 217, 218]",True,101856.0,80.4,52.4,,,,,,,,,
2404779597.0,582,69,59.0,189,80.2,54.0,73,"{'value': 2, 'displayName': 'SecondHalf'}","{'value': 1, 'displayName': 'Pass'}","{'value': 1, 'displayName': 'Successful'}","[{'type': {'value': 140, 'displayName': 'PassEndX'}, 'value': '66.8'}, {'type': {'value': 212, 'displayName': 'Length'}, 'value': '15.4'}, {'type': {'value': 56, 'displayName': 'Zone'}, 'value': 'Center'}, {'type': {'value': 213, 'displayName': 'Angle'}, 'value': '3.6'}, {'type': {'value': 178, 'displayName': 'StandingSave'}}, {'type': {'value': 141, 'displayName': 'PassEndY'}, 'value': '44.8'}]","[91, 119, 117, 30, 205, 35, 38, 217, 218]",True,353377.0,66.8,44.8,,,,,,,,,
2404779657.0,583,70,2.0,189,69.3,37.6,74,"{'value': 2, 'displayName': 'SecondHalf'}","{'value': 1, 'displayName': 'Pass'}","{'value': 1, 'displayName': 'Successful'}","[{'type': {'value': 140, 'displayName': 'PassEndX'}, 'value': '89.7'}, {'type': {'value': 56, 'displayName': 'Zone'}, 'value': 'Right'}, {'type': {'value': 213, 'displayName': 'Angle'}, 'value': '5.6'}, {'type': {'value': 141, 'displayName': 'PassEndY'}, 'value': '9.5'}, {'type': {'value': 178, 'displayName': 'StandingSave'}}, {'type': {'value': 212, 'displayName': 'Length'}, 'value': '28.7'}, {'type': {'value': 155, 'displayName': 'Chipped'}}]","[91, 119, 117, 30, 124, 205, 36, 38, 217, 218]",True,339674.0,89.7,9.5,,,,,,,,,
2404779683.0,584,70,6.0,189,95.2,9.8,74,"{'value': 2, 'displayName': 'SecondHalf'}","{'value': 1, 'displayName': 'Pass'}","{'value': 0, 'displayName': 'Unsuccessful'}","[{'type': {'value': 141, 'displayName': 'PassEndY'}, 'value': '49.1'}, {'type': {'value': 212, 'displayName': 'Length'}, 'value': '26.8'}, {'type': {'value': 2, 'displayName': 'Cross'}}, {'type': {'value': 20, 'displayName': 'RightFoot'}}, {'type': {'value': 140, 'displayName': 'PassEndX'}, 'value': '92.8'}, {'type': {'value': 213, 'displayName': 'Angle'}, 'value': '1.7'}, {'type': {'value': 178, 'displayName': 'StandingSave'}}, {'type': {'value': 56, 'displayName': 'Zone'}, 'value': 'Center'}, {'type': {'value': 155, 'displayName': 'Chipped'}}]","[91, 137, 124, 126, 35, 37, 217, 218]",True,321085.0,92.8,49.1,,,,,,,,,
2404779723.0,652,70,8.0,29,9.7,51.5,74,"{'value': 2, 'displayName': 'SecondHalf'}","{'value': 12, 'displayName': 'Clearance'}","{'value': 1, 'displayName': 'Successful'}","[{'type': {'value': 213, 'displayName': 'Angle'}, 'value': '0.9'}, {'type': {'value': 140, 'displayName': 'PassEndX'}, 'value': '24.3'}, {'type': {'value': 15, 'displayName': 'Head'}}, {'type': {'value': 212, 'displayName': 'Length'}, 'value': '24.0'}, {'type': {'value': 141, 'displayName': 'PassEndY'}, 'value': '78.6'}, {'type': {'value': 56, 'displayName': 'Zone'}, 'value': 'Back'}]","[91, 94, 95, 57, 215]",True,73063.0,24.3,78.6,,,,,,,,,
2404779755.0,585,70,10.0,189,72.4,26.9,74,"{'value': 2, 'displayName': 'SecondHalf'}","{'value': 1, 'displayName': 'Pass'}","{'value': 0, 'displayName': 'Unsuccessful'}","[{'type': {'value': 212, 'displayName': 'Length'}, 'value': '8.7'}, {'type': {'value': 3, 'displayName': 'HeadPass'}}, {'type': {'value': 56, 'displayName': 'Zone'}, 'value': 'Center'}, {'type': {'value': 178, 'displayName': 'StandingSave'}}, {'type': {'value': 213, 'displayName': 'Angle'}, 'value': '1.9'}, {'type': {'value': 141, 'displayName': 'PassEndY'}, 'value': '38.9'}, {'type': {'value': 140, 'displayName': 'PassEndX'}, 'value': '69.6'}]","[91, 120, 29, 139, 35, 37, 217, 218]",True,339674.0,69.6,38.9,,,,,,,,,
2404779777.0,653,70,12.0,29,28.0,62.0,74,"{'value': 2, 'displayName': 'SecondHalf'}","{'value': 1, 'displayName': 'Pass'}","{'value': 1, 'displayName': 'Successful'}","[{'type': {'value': 141, 'displayName': 'PassEndY'}, 'value': '57.1'}, {'type': {'value': 140, 'displayName': 'PassEndX'}, 'value': '35.2'}, {'type': {'value': 212, 'displayName': 'Length'}, 'value': '8.3'}, {'type': {'value': 213, 'displayName': 'Angle'}, 'value': '5.9'}, {'type': {'value': 155, 'displayName': 'Chipped'}}, {'type': {'value': 56, 'displayName': 'Zone'}, 'value': 'Back'}, {'type': {'value': 178, 'displayName': 'StandingSave'}}]","[91, 117, 30, 124, 36, 38, 216, 218]",True,297203.0,35.2,57.1,,,,,,,,,
2404779789.0,654,70,13.0,29,34.8,56.6,74,"{'value': 2, 'displayName': 'SecondHalf'}","{'value': 44, 'displayName': 'Aerial'}","{'value': 1, 'displayName': 'Successful'}","[{'type': {'value': 233, 'displayName': 'OppositeRelatedEvent'}, 'value': '586'}, {'type': {'value': 285, 'displayName': 'Defensive'}}, {'type': {'value': 56, 'displayName': 'Zone'}, 'value': 'Back'}]","[197, 200]",False,322596.0,,,,,,,,,,,
2404779803.0,586,70,13.0,189,65.2,43.4,74,"{'value': 2, 'displayName': 'SecondHalf'}","{'value': 44, 'displayName': 'Aerial'}","{'value': 0, 'displayName': 'Unsuccessful'}","[{'type': {'value': 286, 'displayName': 'Offensive'}}, {'type': {'value': 56, 'displayName': 'Zone'}, 'value': 'Center'}, {'type': {'value': 233, 'displayName': 'OppositeRelatedEvent'}, 'value': '654'}]","[198, 199]",False,29026.0,,,,,,,,,,,
2404779797.0,655,70,13.0,29,35.2,57.1,74,"{'value': 2, 'displayName': 'SecondHalf'}","{'value': 61, 'displayName': 'BallTouch'}","{'value': 1, 'displayName': 'Successful'}","[{'type': {'value': 56, 'displayName': 'Zone'}, 'value': 'Back'}, {'type': {'value': 21, 'displayName': 'OtherBodyPart'}}]",[91],True,322596.0,,,,,,,,,,,
2404779815.0,656,70,14.0,29,34.7,60.5,74,"{'value': 2, 'displayName': 'SecondHalf'}","{'value': 49, 'displayName': 'BallRecovery'}","{'value': 1, 'displayName': 'Successful'}",[],[93],False,332325.0,,,,,,,,,,,
2404779895.0,657,70,15.0,29,34.7,60.5,74,"{'value': 2, 'displayName': 'SecondHalf'}","{'value': 1, 'displayName': 'Pass'}","{'value': 1, 'displayName': 'Successful'}","[{'type': {'value': 141, 'displayName': 'PassEndY'}, 'value': '80.7'}, {'type': {'value': 140, 'displayName': 'PassEndX'}, 'value': '74.1'}, {'type': {'value': 56, 'displayName': 'Zone'}, 'value': 'Left'}, {'type': {'value': 212, 'displayName': 'Length'}, 'value': '43.6'}, {'type': {'value': 178, 'displayName': 'StandingSave'}}, {'type': {'value': 213, 'displayName': 'Angle'}, 'value': '0.3'}, {'type': {'value': 1, 'displayName': 'Longball'}}]","[91, 119, 117, 127, 205, 36, 37, 217, 218]",True,332325.0,74.1,80.7,,,,,,,,,
2404779899.0,658,70,22.0,29,94.6,66.6,74,"{'value': 2, 'displayName': 'SecondHalf'}","{'value': 3, 'displayName': 'TakeOn'}","{'value': 0, 'displayName': 'Unsuccessful'}","[{'type': {'value': 233, 'displayName': 'OppositeRelatedEvent'}, 'value': '587'}, {'type': {'value': 178, 'displayName': 'StandingSave'}}, {'type': {'value': 286, 'displayName': 'Offensive'}}, {'type': {'value': 56, 'displayName': 'Zone'}, 'value': 'Center'}]","[91, 53]",True,137021.0,,,,,,,,,,,
2404779897.0,587,70,22.0,189,5.4,33.4,74,"{'value': 2, 'displayName': 'SecondHalf'}","{'value': 7, 'displayName': 'Tackle'}","{'value': 1, 'displayName': 'Successful'}","[{'type': {'value': 233, 'displayName': 'OppositeRelatedEvent'}, 'value': '658'}, {'type': {'value': 14, 'displayName': 'LastMan'}}, {'type': {'value': 56, 'displayName': 'Zone'}, 'value': 'Back'}, {'type': {'value': 285, 'displayName': 'Defensive'}}]","[91, 141, 143]",True,342499.0,,,,,,,,,,,
2404779905.0,588,70,23.0,189,5.4,33.4,74,"{'value': 2, 'displayName': 'SecondHalf'}","{'value': 6, 'displayName': 'CornerAwarded'}","{'value': 0, 'displayName': 'Unsuccessful'}","[{'type': {'value': 56, 'displayName': 'Zone'}, 'value': 'Back'}, {'type': {'value': 233, 'displayName': 'OppositeRelatedEvent'}, 'value': '659'}, {'type': {'value': 73, 'displayName': 'MissLeft'}}]",[122],False,342499.0,,,,,,,,,,,
2404779909.0,659,70,23.0,29,94.6,66.6,74,"{'value': 2, 'displayName': 'SecondHalf'}","{'value': 6, 'displayName': 'CornerAwarded'}","{'value': 1, 'displayName': 'Successful'}","[{'type': {'value': 233, 'displayName': 'OppositeRelatedEvent'}, 'value': '588'}, {'type': {'value': 73, 'displayName': 'MissLeft'}}, {'type': {'value': 56, 'displayName': 'Zone'}, 'value': 'Center'}]",[122],False,137021.0,,,,,,,,,,,
2404780267.0,660,70,49.0,29,99.5,99.5,74,"{'value': 2, 'displayName': 'SecondHalf'}","{'value': 1, 'displayName': 'Pass'}","{'value': 1, 'displayName': 'Successful'}","[{'type': {'value': 178, 'displayName': 'StandingSave'}}, {'type': {'value': 2, 'displayName': 'Cross'}}, {'type': {'value': 210, 'displayName': 'ShotAssist'}, 'value': '13'}, {'type': {'value': 1, 'displayName': 'Longball'}}, {'type': {'value': 6, 'displayName': 'CornerTaken'}}, {'type': {'value': 140, 'displayName': 'PassEndX'}, 'value': '95.6'}, {'type': {'value': 20, 'displayName': 'RightFoot'}}, {'type': {'value': 154, 'displayName': 'IntentionalAssist'}}, {'type': {'value': 141, 'displayName': 'PassEndY'}, 'value': '52.0'}, {'type': {'value': 155, 'displayName': 'Chipped'}}, {'type': {'value': 213, 'displayName': 'Angle'}, 'value': '4.6'}, {'type': {'value': 56, 'displayName': 'Zone'}, 'value': 'Center'}, {'type': {'value': 212, 'displayName': 'Length'}, 'value': '32.6'}, {'type': {'value': 11113, 'displayName': 'KeyPass'}}]","[91, 119, 123, 137, 124, 125, 31, 32, 34, 39, 41, 42, 35, 38, 217, 218]",True,297203.0,95.6,52.0,,,,,,,,,
2404780275.0,661,70,51.0,29,95.7,53.8,74,"{'value': 2, 'displayName': 'SecondHalf'}","{'value': 13, 'displayName': 'MissedShots'}","{'value': 1, 'displayName': 'Successful'}","[{'type': {'value': 103, 'displayName': 'GoalMouthZ'}, 'value': '9.7'}, {'type': {'value': 56, 'displayName': 'Zone'}, 'value': 'Center'}, {'type': {'value': 102, 'displayName': 'GoalMouthY'}, 'value': '36.1'}, {'type': {'value': 154, 'displayName': 'IntentionalAssist'}}, {'type': {'value': 25, 'displayName': 'FromCorner'}}, {'type': {'value': 75, 'displayName': 'MissRight'}}, {'type': {'value': 16, 'displayName': 'SmallBoxCentre'}}, {'type': {'value': 15, 'displayName': 'Head'}}, {'type': {'value': 29, 'displayName': 'Assisted'}}, {'type': {'value': 55, 'displayName': 'RelatedEventId'}, 'value': '660'}]","[91, 7, 90, 10, 0, 5, 14]",True,332325.0,,,660.0,297203.0,,,9.7,36.1,True,,
2404780617.0,590,71,14.0,189,4.8,49.3,75,"{'value': 2, 'displayName': 'SecondHalf'}","{'value': 1, 'displayName': 'Pass'}","{'value': 1, 'displayName': 'Successful'}","[{'type': {'value': 124, 'displayName': 'GoalKick'}}, {'type': {'value': 56, 'displayName': 'Zone'}, 'value': 'Back'}, {'type': {'value': 140, 'displayName': 'PassEndX'}, 'value': '8.3'}, {'type': {'value': 213, 'displayName': 'Angle'}, 'value': '1.3'}, {'type': {'value': 141, 'displayName': 'PassEndY'}, 'value': '71.3'}, {'type': {'value': 212, 'displayName': 'Length'}, 'value': '15.4'}]","[91, 117, 30, 36, 37, 215, 218]",True,276366.0,8.3,71.3,,,,,,,,,
2404780631.0,591,71,16.0,189,8.3,71.3,75,"{'value': 2, 'displayName': 'SecondHalf'}","{'value': 1, 'displayName': 'Pass'}","{'value': 1, 'displayName': 'Successful'}","[{'type': {'value': 56, 'displayName': 'Zone'}, 'value': 'Back'}, {'type': {'value': 213, 'displayName': 'Angle'}, 'value': '5.8'}, {'type': {'value': 141, 'displayName': 'PassEndY'}, 'value': '67.4'}, {'type': {'value': 212, 'displayName': 'Length'}, 'value': '6.1'}, {'type': {'value': 178, 'displayName': 'StandingSave'}}, {'type': {'value': 140, 'displayName': 'PassEndX'}, 'value': '13.5'}]","[91, 117, 30, 36, 38, 215, 218]",True,342499.0,13.5,67.4,,,,,,,,,
2404780659.0,592,71,18.0,189,13.5,67.4,75,"{'value': 2, 'displayName': 'SecondHalf'}","{'value': 1, 'displayName': 'Pass'}","{'value': 1, 'displayName': 'Successful'}","[{'type': {'value': 141, 'displayName': 'PassEndY'}, 'value': '58.7'}, {'type': {'value': 178, 'displayName': 'StandingSave'}}, {'type': {'value': 140, 'displayName': 'PassEndX'}, 'value': '24.3'}, {'type': {'value': 212, 'displayName': 'Length'}, 'value': '12.8'}, {'type': {'value': 56, 'displayName': 'Zone'}, 'value': 'Back'}, {'type': {'value': 213, 'displayName': 'Angle'}, 'value': '5.8'}]","[91, 117, 30, 36, 38, 215, 218]",True,69344.0,24.3,58.7,,,,,,,,,
2404780699.0,593,71,20.0,189,26.3,61.7,75,"{'value': 2, 'displayName': 'SecondHalf'}","{'value': 1, 'displayName': 'Pass'}","{'value': 1, 'displayName': 'Successful'}","[{'type': {'value': 213, 'displayName': 'Angle'}, 'value': '0.2'}, {'type': {'value': 178, 'displayName': 'StandingSave'}}, {'type': {'value': 140, 'displayName': 'PassEndX'}, 'value': '42.9'}, {'type': {'value': 212, 'displayName': 'Length'}, 'value': '17.9'}, {'type': {'value': 56, 'displayName': 'Zone'}, 'value': 'Back'}, {'type': {'value': 141, 'displayName': 'PassEndY'}, 'value': '67.7'}]","[91, 117, 30, 36, 37, 216, 218]",True,101856.0,42.9,67.7,,,,,,,,,
2404780763.0,594,71,23.0,189,43.3,74.0,75,"{'value': 2, 'displayName': 'SecondHalf'}","{'value': 1, 'displayName': 'Pass'}","{'value': 1, 'displayName': 'Successful'}","[{'type': {'value': 56, 'displayName': 'Zone'}, 'value': 'Left'}, {'type': {'value': 213, 'displayName': 'Angle'}, 'value': '0.4'}, {'type': {'value': 178, 'displayName': 'StandingSave'}}, {'type': {'value': 212, 'displayName': 'Length'}, 'value': '27.9'}, {'type': {'value': 140, 'displayName': 'PassEndX'}, 'value': '67.7'}, {'type': {'value': 141, 'displayName': 'PassEndY'}, 'value': '90.2'}]","[91, 119, 117, 30, 205, 36, 37, 217, 218]",True,339674.0,67.7,90.2,,,,,,,,,
2404780829.0,595,71,28.0,189,71.9,94.2,75,"{'value': 2, 'displayName': 'SecondHalf'}","{'value': 1, 'displayName': 'Pass'}","{'value': 1, 'displayName': 'Successful'}","[{'type': {'value': 213, 'displayName': 'Angle'}, 'value': '3.4'}, {'type': {'value': 141, 'displayName': 'PassEndY'}, 'value': '90.8'}, {'type': {'value': 212, 'displayName': 'Length'}, 'value': '8.4'}, {'type': {'value': 178, 'displayName': 'StandingSave'}}, {'type': {'value': 140, 'displayName': 'PassEndX'}, 'value': '64.2'}, {'type': {'value': 56, 'displayName': 'Zone'}, 'value': 'Left'}]","[91, 119, 117, 30, 35, 38, 216, 218]",True,134240.0,64.2,90.8,,,,,,,,,
2404780847.0,596,71,30.0,189,64.2,90.8,75,"{'value': 2, 'displayName': 'SecondHalf'}","{'value': 1, 'displayName': 'Pass'}","{'value': 1, 'displayName': 'Successful'}","[{'type': {'value': 56, 'displayName': 'Zone'}, 'value': 'Left'}, {'type': {'value': 140, 'displayName': 'PassEndX'}, 'value': '69.2'}, {'type': {'value': 141, 'displayName': 'PassEndY'}, 'value': '85.1'}, {'type': {'value': 212, 'displayName': 'Length'}, 'value': '6.5'}, {'type': {'value': 213, 'displayName': 'Angle'}, 'value': '5.6'}, {'type': {'value': 178, 'displayName': 'StandingSave'}}]","[91, 119, 117, 30, 205, 36, 38, 217, 218]",True,69344.0,69.2,85.1,,,,,,,,,
2404780871.0,597,71,31.0,189,69.2,85.1,75,"{'value': 2, 'displayName': 'SecondHalf'}","{'value': 1, 'displayName': 'Pass'}","{'value': 1, 'displayName': 'Successful'}","[{'type': {'value': 140, 'displayName': 'PassEndX'}, 'value': '62.1'}, {'type': {'value': 56, 'displayName': 'Zone'}, 'value': 'Left'}, {'type': {'value': 141, 'displayName': 'PassEndY'}, 'value': '92.3'}, {'type': {'value': 213, 'displayName': 'Angle'}, 'value': '2.6'}, {'type': {'value': 212, 'displayName': 'Length'}, 'value': '8.9'}, {'type': {'value': 178, 'displayName': 'StandingSave'}}]","[91, 119, 117, 30, 35, 37, 216, 218]",True,339674.0,62.1,92.3,,,,,,,,,
2404780917.0,598,71,33.0,189,62.0,91.4,75,"{'value': 2, 'displayName': 'SecondHalf'}","{'value': 1, 'displayName': 'Pass'}","{'value': 1, 'displayName': 'Successful'}","[{'type': {'value': 141, 'displayName': 'PassEndY'}, 'value': '72.6'}, {'type': {'value': 140, 'displayName': 'PassEndX'}, 'value': '71.0'}, {'type': {'value': 212, 'displayName': 'Length'}, 'value': '15.9'}, {'type': {'value': 178, 'displayName': 'StandingSave'}}, {'type': {'value': 56, 'displayName': 'Zone'}, 'value': 'Center'}, {'type': {'value': 213, 'displayName': 'Angle'}, 'value': '5.3'}]","[91, 119, 117, 30, 205, 36, 38, 217, 218]",True,69344.0,71.0,72.6,,,,,,,,,
2404780963.0,599,71,36.0,189,74.9,71.7,75,"{'value': 2, 'displayName': 'SecondHalf'}","{'value': 1, 'displayName': 'Pass'}","{'value': 1, 'displayName': 'Successful'}","[{'type': {'value': 56, 'displayName': 'Zone'}, 'value': 'Left'}, {'type': {'value': 141, 'displayName': 'PassEndY'}, 'value': '93.2'}, {'type': {'value': 212, 'displayName': 'Length'}, 'value': '16.1'}, {'type': {'value': 178, 'displayName': 'StandingSave'}}, {'type': {'value': 213, 'displayName': 'Angle'}, 'value': '1.1'}, {'type': {'value': 140, 'displayName': 'PassEndX'}, 'value': '81.4'}]","[91, 119, 117, 30, 205, 36, 37, 217, 218]",True,296240.0,81.4,93.2,,,,,,,,,
2404780995.0,600,71,39.0,189,80.2,93.5,75,"{'value': 2, 'displayName': 'SecondHalf'}","{'value': 1, 'displayName': 'Pass'}","{'value': 1, 'displayName': 'Successful'}","[{'type': {'value': 178, 'displayName': 'StandingSave'}}, {'type': {'value': 213, 'displayName': 'Angle'}, 'value': '3.6'}, {'type': {'value': 56, 'displayName': 'Zone'}, 'value': 'Left'}, {'type': {'value': 141, 'displayName': 'PassEndY'}, 'value': '84.9'}, {'type': {'value': 212, 'displayName': 'Length'}, 'value': '14.3'}, {'type': {'value': 140, 'displayName': 'PassEndX'}, 'value': '67.8'}]","[91, 119, 117, 30, 205, 35, 38, 217, 218]",True,134240.0,67.8,84.9,,,,,,,,,
2404781023.0,601,71,42.0,189,69.0,85.4,75,"{'value': 2, 'displayName': 'SecondHalf'}","{'value': 1, 'displayName': 'Pass'}","{'value': 1, 'displayName': 'Successful'}","[{'type': {'value': 212, 'displayName': 'Length'}, 'value': '10.0'}, {'type': {'value': 178, 'displayName': 'StandingSave'}}, {'type': {'value': 141, 'displayName': 'PassEndY'}, 'value': '76.4'}, {'type': {'value': 213, 'displayName': 'Angle'}, 'value': '5.6'}, {'type': {'value': 140, 'displayName': 'PassEndX'}, 'value': '76.5'}, {'type': {'value': 56, 'displayName': 'Zone'}, 'value': 'Center'}]","[91, 119, 117, 30, 205, 36, 38, 217, 218]",True,69344.0,76.5,76.4,,,,,,,,,
2404781103.0,602,71,42.0,189,76.5,76.4,75,"{'value': 2, 'displayName': 'SecondHalf'}","{'value': 1, 'displayName': 'Pass'}","{'value': 1, 'displayName': 'Successful'}","[{'type': {'value': 56, 'displayName': 'Zone'}, 'value': 'Left'}, {'type': {'value': 178, 'displayName': 'StandingSave'}}, {'type': {'value': 140, 'displayName': 'PassEndX'}, 'value': '77.2'}, {'type': {'value': 141, 'displayName': 'PassEndY'}, 'value': '86.3'}, {'type': {'value': 213, 'displayName': 'Angle'}, 'value': '1.5'}, {'type': {'value': 212, 'displayName': 'Length'}, 'value': '6.8'}]","[91, 119, 117, 30, 205, 36, 37, 217, 218]",True,296240.0,77.2,86.3,,,,,,,,,
2404781107.0,603,71,48.0,189,93.8,81.3,75,"{'value': 2, 'displayName': 'SecondHalf'}","{'value': 3, 'displayName': 'TakeOn'}","{'value': 0, 'displayName': 'Unsuccessful'}","[{'type': {'value': 56, 'displayName': 'Zone'}, 'value': 'Left'}, {'type': {'value': 286, 'displayName': 'Offensive'}}, {'type': {'value': 233, 'displayName': 'OppositeRelatedEvent'}, 'value': '663'}, {'type': {'value': 178, 'displayName': 'StandingSave'}}]","[91, 53]",True,69344.0,,,,,,,,,,,
2404781123.0,663,71,48.0,29,6.2,18.7,75,"{'value': 2, 'displayName': 'SecondHalf'}","{'value': 7, 'displayName': 'Tackle'}","{'value': 1, 'displayName': 'Successful'}","[{'type': {'value': 285, 'displayName': 'Defensive'}}, {'type': {'value': 56, 'displayName': 'Zone'}, 'value': 'Back'}, {'type': {'value': 178, 'displayName': 'StandingSave'}}, {'type': {'value': 233, 'displayName': 'OppositeRelatedEvent'}, 'value': '603'}]","[91, 143]",True,111372.0,,,,,,,,,,,
2404781149.0,604,71,49.0,189,93.8,81.5,75,"{'value': 2, 'displayName': 'SecondHalf'}","{'value': 6, 'displayName': 'CornerAwarded'}","{'value': 1, 'displayName': 'Successful'}","[{'type': {'value': 73, 'displayName': 'MissLeft'}}, {'type': {'value': 233, 'displayName': 'OppositeRelatedEvent'}, 'value': '664'}, {'type': {'value': 56, 'displayName': 'Zone'}, 'value': 'Left'}]",[122],False,69344.0,,,,,,,,,,,
2404781143.0,664,71,49.0,29,6.2,18.5,75,"{'value': 2, 'displayName': 'SecondHalf'}","{'value': 6, 'displayName': 'CornerAwarded'}","{'value': 0, 'displayName': 'Unsuccessful'}","[{'type': {'value': 56, 'displayName': 'Zone'}, 'value': 'Back'}, {'type': {'value': 233, 'displayName': 'OppositeRelatedEvent'}, 'value': '604'}, {'type': {'value': 73, 'displayName': 'MissLeft'}}]",[122],False,111372.0,,,,,,,,,,,
2404781679.0,605,72,23.0,189,99.5,99.5,76,"{'value': 2, 'displayName': 'SecondHalf'}","{'value': 1, 'displayName': 'Pass'}","{'value': 0, 'displayName': 'Unsuccessful'}","[{'type': {'value': 141, 'displayName': 'PassEndY'}, 'value': '62.6'}, {'type': {'value': 212, 'displayName': 'Length'}, 'value': '25.3'}, {'type': {'value': 20, 'displayName': 'RightFoot'}}, {'type': {'value': 6, 'displayName': 'CornerTaken'}}, {'type': {'value': 155, 'displayName': 'Chipped'}}, {'type': {'value': 178, 'displayName': 'StandingSave'}}, {'type': {'value': 140, 'displayName': 'PassEndX'}, 'value': '96.8'}, {'type': {'value': 213, 'displayName': 'Angle'}, 'value': '4.6'}, {'type': {'value': 56, 'displayName': 'Zone'}, 'value': 'Center'}, {'type': {'value': 2, 'displayName': 'Cross'}}]","[91, 137, 124, 126, 31, 33, 34, 35, 38, 217, 218]",True,69344.0,96.8,62.6,,,,,,,,,
2404781719.0,665,72,24.0,29,3.3,34.0,76,"{'value': 2, 'displayName': 'SecondHalf'}","{'value': 12, 'displayName': 'Clearance'}","{'value': 1, 'displayName': 'Successful'}","[{'type': {'value': 141, 'displayName': 'PassEndY'}, 'value': '51.2'}, {'type': {'value': 15, 'displayName': 'Head'}}, {'type': {'value': 140, 'displayName': 'PassEndX'}, 'value': '17.6'}, {'type': {'value': 56, 'displayName': 'Zone'}, 'value': 'Back'}, {'type': {'value': 212, 'displayName': 'Length'}, 'value': '19.0'}, {'type': {'value': 213, 'displayName': 'Angle'}, 'value': '0.7'}]","[91, 94, 95, 57, 215]",True,111372.0,17.6,51.2,,,,,,,,,
2404781727.0,666,72,25.0,29,17.6,51.2,76,"{'value': 2, 'displayName': 'SecondHalf'}","{'value': 12, 'displayName': 'Clearance'}","{'value': 1, 'displayName': 'Successful'}","[{'type': {'value': 56, 'displayName': 'Zone'}, 'value': 'Back'}, {'type': {'value': 141, 'displayName': 'PassEndY'}, 'value': '58.4'}, {'type': {'value': 140, 'displayName': 'PassEndX'}, 'value': '35.4'}, {'type': {'value': 212, 'displayName': 'Length'}, 'value': '19.3'}, {'type': {'value': 15, 'displayName': 'Head'}}, {'type': {'value': 213, 'displayName': 'Angle'}, 'value': '0.3'}]","[91, 94, 95, 57, 216]",True,137021.0,35.4,58.4,,,,,,,,,
2404781829.0,606,72,29.0,189,56.7,34.0,76,"{'value': 2, 'displayName': 'SecondHalf'}","{'value': 1, 'displayName': 'Pass'}","{'value': 1, 'displayName': 'Successful'}","[{'type': {'value': 140, 'displayName': 'PassEndX'}, 'value': '36.5'}, {'type': {'value': 213, 'displayName': 'Angle'}, 'value': '2.7'}, {'type': {'value': 56, 'displayName': 'Zone'}, 'value': 'Back'}, {'type': {'value': 178, 'displayName': 'StandingSave'}}, {'type': {'value': 212, 'displayName': 'Length'}, 'value': '23.7'}, {'type': {'value': 141, 'displayName': 'PassEndY'}, 'value': '49.7'}]","[91, 117, 30, 35, 37, 216, 218]",True,229562.0,36.5,49.7,,,,,,,,,
2404781885.0,607,72,34.0,189,39.8,43.6,76,"{'value': 2, 'displayName': 'SecondHalf'}","{'value': 1, 'displayName': 'Pass'}","{'value': 0, 'displayName': 'Unsuccessful'}","[{'type': {'value': 141, 'displayName': 'PassEndY'}, 'value': '25.7'}, {'type': {'value': 212, 'displayName': 'Length'}, 'value': '65.3'}, {'type': {'value': 178, 'displayName': 'StandingSave'}}, {'type': {'value': 140, 'displayName': 'PassEndX'}, 'value': '100.0'}, {'type': {'value': 1, 'displayName': 'Longball'}}, {'type': {'value': 56, 'displayName': 'Zone'}, 'value': 'Center'}, {'type': {'value': 213, 'displayName': 'Angle'}, 'value': '6.1'}, {'type': {'value': 155, 'displayName': 'Chipped'}}]","[91, 120, 124, 128, 36, 38, 217, 218]",True,276366.0,100.0,25.7,,,,,,,,,
2404782129.0,668,72,50.0,29,4.3,57.7,76,"{'value': 2, 'displayName': 'SecondHalf'}","{'value': 1, 'displayName': 'Pass'}","{'value': 1, 'displayName': 'Successful'}","[{'type': {'value': 141, 'displayName': 'PassEndY'}, 'value': '31.0'}, {'type': {'value': 124, 'displayName': 'GoalKick'}}, {'type': {'value': 140, 'displayName': 'PassEndX'}, 'value': '9.7'}, {'type': {'value': 212, 'displayName': 'Length'}, 'value': '19.0'}, {'type': {'value': 56, 'displayName': 'Zone'}, 'value': 'Back'}, {'type': {'value': 213, 'displayName': 'Angle'}, 'value': '5.0'}]","[91, 117, 30, 36, 38, 215, 218]",True,20973.0,9.7,31.0,,,,,,,,,
2404782167.0,669,72,51.0,29,11.3,27.3,76,"{'value': 2, 'displayName': 'SecondHalf'}","{'value': 1, 'displayName': 'Pass'}","{'value': 0, 'displayName': 'Unsuccessful'}","[{'type': {'value': 56, 'displayName': 'Zone'}, 'value': 'Back'}, {'type': {'value': 140, 'displayName': 'PassEndX'}, 'value': '39.5'}, {'type': {'value': 213, 'displayName': 'Angle'}, 'value': '6.0'}, {'type': {'value': 212, 'displayName': 'Length'}, 'value': '30.8'}, {'type': {'value': 141, 'displayName': 'PassEndY'}, 'value': '14.7'}, {'type': {'value': 178, 'displayName': 'StandingSave'}}, {'type': {'value': 155, 'displayName': 'Chipped'}}]","[91, 118, 120, 29, 124, 36, 38, 216, 218]",True,73063.0,39.5,14.7,,,,,,,,,
2404782201.0,609,72,54.0,189,57.1,86.4,76,"{'value': 2, 'displayName': 'SecondHalf'}","{'value': 44, 'displayName': 'Aerial'}","{'value': 1, 'displayName': 'Successful'}","[{'type': {'value': 233, 'displayName': 'OppositeRelatedEvent'}, 'value': '670'}, {'type': {'value': 56, 'displayName': 'Zone'}, 'value': 'Left'}, {'type': {'value': 286, 'displayName': 'Offensive'}}]","[197, 199]",False,229562.0,,,,,,,,,,,
2404782171.0,670,72,54.0,29,42.9,13.6,76,"{'value': 2, 'displayName': 'SecondHalf'}","{'value': 44, 'displayName': 'Aerial'}","{'value': 0, 'displayName': 'Unsuccessful'}","[{'type': {'value': 233, 'displayName': 'OppositeRelatedEvent'}, 'value': '609'}, {'type': {'value': 56, 'displayName': 'Zone'}, 'value': 'Back'}, {'type': {'value': 285, 'displayName': 'Defensive'}}]","[198, 200]",False,343975.0,,,,,,,,,,,
2404782211.0,610,72,56.0,189,60.9,80.7,76,"{'value': 2, 'displayName': 'SecondHalf'}","{'value': 61, 'displayName': 'BallTouch'}","{'value': 0, 'displayName': 'Unsuccessful'}","[{'type': {'value': 178, 'displayName': 'StandingSave'}}, {'type': {'value': 56, 'displayName': 'Zone'}, 'value': 'Left'}, {'type': {'value': 21, 'displayName': 'OtherBodyPart'}}]","[91, 69]",True,229562.0,,,,,,,,,,,
2404782267.0,671,72,58.0,29,41.5,25.7,76,"{'value': 2, 'displayName': 'SecondHalf'}","{'value': 1, 'displayName': 'Pass'}","{'value': 1, 'displayName': 'Successful'}","[{'type': {'value': 56, 'displayName': 'Zone'}, 'value': 'Center'}, {'type': {'value': 178, 'displayName': 'StandingSave'}}, {'type': {'value': 212, 'displayName': 'Length'}, 'value': '13.9'}, {'type': {'value': 213, 'displayName': 'Angle'}, 'value': '0.4'}, {'type': {'value': 141, 'displayName': 'PassEndY'}, 'value': '34.0'}, {'type': {'value': 140, 'displayName': 'PassEndX'}, 'value': '53.6'}]","[91, 119, 117, 30, 36, 37, 216, 218]",True,343975.0,53.6,34.0,,,,,,,,,
2404782283.0,672,73,0.0,29,53.6,34.0,77,"{'value': 2, 'displayName': 'SecondHalf'}","{'value': 1, 'displayName': 'Pass'}","{'value': 1, 'displayName': 'Successful'}","[{'type': {'value': 212, 'displayName': 'Length'}, 'value': '12.1'}, {'type': {'value': 213, 'displayName': 'Angle'}, 'value': '5.3'}, {'type': {'value': 140, 'displayName': 'PassEndX'}, 'value': '60.3'}, {'type': {'value': 141, 'displayName': 'PassEndY'}, 'value': '19.6'}, {'type': {'value': 56, 'displayName': 'Zone'}, 'value': 'Right'}, {'type': {'value': 178, 'displayName': 'StandingSave'}}]","[91, 119, 117, 30, 36, 38, 216, 218]",True,297203.0,60.3,19.6,,,,,,,,,
2404782301.0,673,73,1.0,29,60.3,19.6,77,"{'value': 2, 'displayName': 'SecondHalf'}","{'value': 61, 'displayName': 'BallTouch'}","{'value': 0, 'displayName': 'Unsuccessful'}","[{'type': {'value': 178, 'displayName': 'StandingSave'}}, {'type': {'value': 56, 'displayName': 'Zone'}, 'value': 'Right'}]","[91, 69]",True,322596.0,,,,,,,,,,,
2404782327.0,611,73,2.0,189,41.2,79.7,77,"{'value': 2, 'displayName': 'SecondHalf'}","{'value': 1, 'displayName': 'Pass'}","{'value': 0, 'displayName': 'Unsuccessful'}","[{'type': {'value': 141, 'displayName': 'PassEndY'}, 'value': '80.7'}, {'type': {'value': 1, 'displayName': 'Longball'}}, {'type': {'value': 140, 'displayName': 'PassEndX'}, 'value': '72.1'}, {'type': {'value': 178, 'displayName': 'StandingSave'}}, {'type': {'value': 212, 'displayName': 'Length'}, 'value': '32.5'}, {'type': {'value': 56, 'displayName': 'Zone'}, 'value': 'Left'}, {'type': {'value': 213, 'displayName': 'Angle'}, 'value': '0.0'}]","[91, 120, 128, 36, 37, 217, 218]",True,342499.0,72.1,80.7,,,,,,,,,
2404782373.0,674,73,6.0,29,40.0,26.7,77,"{'value': 2, 'displayName': 'SecondHalf'}","{'value': 1, 'displayName': 'Pass'}","{'value': 1, 'displayName': 'Successful'}","[{'type': {'value': 178, 'displayName': 'StandingSave'}}, {'type': {'value': 56, 'displayName': 'Zone'}, 'value': 'Back'}, {'type': {'value': 212, 'displayName': 'Length'}, 'value': '6.7'}, {'type': {'value': 140, 'displayName': 'PassEndX'}, 'value': '40.7'}, {'type': {'value': 213, 'displayName': 'Angle'}, 'value': '1.5'}, {'type': {'value': 141, 'displayName': 'PassEndY'}, 'value': '36.5'}]","[91, 117, 30, 36, 37, 216, 218]",True,73063.0,40.7,36.5,,,,,,,,,
2404782477.0,675,73,7.0,29,40.7,37.5,77,"{'value': 2, 'displayName': 'SecondHalf'}","{'value': 1, 'displayName': 'Pass'}","{'value': 1, 'displayName': 'Successful'}","[{'type': {'value': 213, 'displayName': 'Angle'}, 'value': '1.6'}, {'type': {'value': 212, 'displayName': 'Length'}, 'value': '19.5'}, {'type': {'value': 140, 'displayName': 'PassEndX'}, 'value': '39.5'}, {'type': {'value': 141, 'displayName': 'PassEndY'}, 'value': '66.1'}, {'type': {'value': 178, 'displayName': 'StandingSave'}}, {'type': {'value': 56, 'displayName': 'Zone'}, 'value': 'Back'}]","[91, 117, 30, 35, 37, 216, 218]",True,332325.0,39.5,66.1,,,,,,,,,
2404782547.0,676,73,11.0,29,44.4,69.2,77,"{'value': 2, 'displayName': 'SecondHalf'}","{'value': 1, 'displayName': 'Pass'}","{'value': 1, 'displayName': 'Successful'}","[{'type': {'value': 56, 'displayName': 'Zone'}, 'value': 'Back'}, {'type': {'value': 140, 'displayName': 'PassEndX'}, 'value': '47.1'}, {'type': {'value': 141, 'displayName': 'PassEndY'}, 'value': '86.6'}, {'type': {'value': 213, 'displayName': 'Angle'}, 'value': '1.3'}, {'type': {'value': 212, 'displayName': 'Length'}, 'value': '12.2'}, {'type': {'value': 178, 'displayName': 'StandingSave'}}]","[91, 117, 30, 36, 37, 216, 218]",True,300359.0,47.1,86.6,,,,,,,,,
2404782609.0,677,73,13.0,29,51.0,83.0,77,"{'value': 2, 'displayName': 'SecondHalf'}","{'value': 1, 'displayName': 'Pass'}","{'value': 1, 'displayName': 'Successful'}","[{'type': {'value': 56, 'displayName': 'Zone'}, 'value': 'Back'}, {'type': {'value': 141, 'displayName': 'PassEndY'}, 'value': '58.2'}, {'type': {'value': 140, 'displayName': 'PassEndX'}, 'value': '46.1'}, {'type': {'value': 178, 'displayName': 'StandingSave'}}, {'type': {'value': 213, 'displayName': 'Angle'}, 'value': '4.4'}, {'type': {'value': 212, 'displayName': 'Length'}, 'value': '17.6'}]","[91, 117, 30, 35, 38, 216, 218]",True,68049.0,46.1,58.2,,,,,,,,,
2404782631.0,678,73,18.0,29,53.4,33.1,77,"{'value': 2, 'displayName': 'SecondHalf'}","{'value': 1, 'displayName': 'Pass'}","{'value': 1, 'displayName': 'Successful'}","[{'type': {'value': 56, 'displayName': 'Zone'}, 'value': 'Right'}, {'type': {'value': 178, 'displayName': 'StandingSave'}}, {'type': {'value': 141, 'displayName': 'PassEndY'}, 'value': '8.9'}, {'type': {'value': 140, 'displayName': 'PassEndX'}, 'value': '56.2'}, {'type': {'value': 212, 'displayName': 'Length'}, 'value': '16.7'}, {'type': {'value': 213, 'displayName': 'Angle'}, 'value': '4.9'}]","[91, 119, 117, 30, 36, 38, 216, 218]",True,332325.0,56.2,8.9,,,,,,,,,
2404782679.0,679,73,20.0,29,56.2,8.9,77,"{'value': 2, 'displayName': 'SecondHalf'}","{'value': 1, 'displayName': 'Pass'}","{'value': 1, 'displayName': 'Successful'}","[{'type': {'value': 140, 'displayName': 'PassEndX'}, 'value': '53.5'}, {'type': {'value': 178, 'displayName': 'StandingSave'}}, {'type': {'value': 141, 'displayName': 'PassEndY'}, 'value': '19.0'}, {'type': {'value': 212, 'displayName': 'Length'}, 'value': '7.4'}, {'type': {'value': 56, 'displayName': 'Zone'}, 'value': 'Right'}, {'type': {'value': 213, 'displayName': 'Angle'}, 'value': '2.0'}]","[91, 119, 117, 30, 35, 37, 216, 218]",True,111372.0,53.5,19.0,,,,,,,,,
2404782719.0,680,73,23.0,29,53.6,19.1,77,"{'value': 2, 'displayName': 'SecondHalf'}","{'value': 1, 'displayName': 'Pass'}","{'value': 1, 'displayName': 'Successful'}","[{'type': {'value': 212, 'displayName': 'Length'}, 'value': '30.0'}, {'type': {'value': 56, 'displayName': 'Zone'}, 'value': 'Back'}, {'type': {'value': 213, 'displayName': 'Angle'}, 'value': '2.0'}, {'type': {'value': 141, 'displayName': 'PassEndY'}, 'value': '60.0'}, {'type': {'value': 178, 'displayName': 'StandingSave'}}, {'type': {'value': 140, 'displayName': 'PassEndX'}, 'value': '43.0'}]","[91, 117, 30, 35, 37, 216, 218]",True,332325.0,43.0,60.0,,,,,,,,,
2404782789.0,681,73,26.0,29,42.4,61.7,77,"{'value': 2, 'displayName': 'SecondHalf'}","{'value': 1, 'displayName': 'Pass'}","{'value': 1, 'displayName': 'Successful'}","[{'type': {'value': 212, 'displayName': 'Length'}, 'value': '17.8'}, {'type': {'value': 141, 'displayName': 'PassEndY'}, 'value': '87.3'}, {'type': {'value': 140, 'displayName': 'PassEndX'}, 'value': '46.0'}, {'type': {'value': 56, 'displayName': 'Zone'}, 'value': 'Back'}, {'type': {'value': 213, 'displayName': 'Angle'}, 'value': '1.4'}, {'type': {'value': 178, 'displayName': 'StandingSave'}}]","[91, 117, 30, 36, 37, 216, 218]",True,300359.0,46.0,87.3,,,,,,,,,
2404782825.0,682,73,31.0,29,41.7,87.3,77,"{'value': 2, 'displayName': 'SecondHalf'}","{'value': 1, 'displayName': 'Pass'}","{'value': 1, 'displayName': 'Successful'}","[{'type': {'value': 140, 'displayName': 'PassEndX'}, 'value': '35.8'}, {'type': {'value': 56, 'displayName': 'Zone'}, 'value': 'Back'}, {'type': {'value': 141, 'displayName': 'PassEndY'}, 'value': '74.2'}, {'type': {'value': 178, 'displayName': 'StandingSave'}}, {'type': {'value': 212, 'displayName': 'Length'}, 'value': '10.9'}, {'type': {'value': 213, 'displayName': 'Angle'}, 'value': '4.1'}]","[91, 117, 30, 35, 38, 216, 218]",True,68049.0,35.8,74.2,,,,,,,,,
2404782925.0,683,73,32.0,29,35.8,74.2,77,"{'value': 2, 'displayName': 'SecondHalf'}","{'value': 1, 'displayName': 'Pass'}","{'value': 1, 'displayName': 'Successful'}","[{'type': {'value': 212, 'displayName': 'Length'}, 'value': '10.1'}, {'type': {'value': 56, 'displayName': 'Zone'}, 'value': 'Back'}, {'type': {'value': 213, 'displayName': 'Angle'}, 'value': '6.0'}, {'type': {'value': 140, 'displayName': 'PassEndX'}, 'value': '45.0'}, {'type': {'value': 178, 'displayName': 'StandingSave'}}, {'type': {'value': 141, 'displayName': 'PassEndY'}, 'value': '69.8'}]","[91, 117, 30, 36, 38, 216, 218]",True,300359.0,45.0,69.8,,,,,,,,,
2405017323.0,797,73,34.0,189,55.0,26.8,77,"{'value': 2, 'displayName': 'SecondHalf'}","{'value': 45, 'displayName': 'Challenge'}","{'value': 0, 'displayName': 'Unsuccessful'}","[{'type': {'value': 285, 'displayName': 'Defensive'}}, {'type': {'value': 56, 'displayName': 'Zone'}, 'value': 'Center'}, {'type': {'value': 233, 'displayName': 'OppositeRelatedEvent'}, 'value': '894'}]",[55],False,339674.0,,,,,,,,,,,
2405019017.0,894,73,34.0,29,45.0,73.2,77,"{'value': 2, 'displayName': 'SecondHalf'}","{'value': 3, 'displayName': 'TakeOn'}","{'value': 1, 'displayName': 'Successful'}","[{'type': {'value': 233, 'displayName': 'OppositeRelatedEvent'}, 'value': '797'}, {'type': {'value': 286, 'displayName': 'Offensive'}}, {'type': {'value': 178, 'displayName': 'StandingSave'}}, {'type': {'value': 56, 'displayName': 'Zone'}, 'value': 'Back'}]","[91, 54]",True,332325.0,,,,,,,,,,,
2404783027.0,684,73,38.0,29,60.9,80.9,77,"{'value': 2, 'displayName': 'SecondHalf'}","{'value': 1, 'displayName': 'Pass'}","{'value': 1, 'displayName': 'Successful'}","[{'type': {'value': 213, 'displayName': 'Angle'}, 'value': '0.4'}, {'type': {'value': 141, 'displayName': 'PassEndY'}, 'value': '91.1'}, {'type': {'value': 178, 'displayName': 'StandingSave'}}, {'type': {'value': 212, 'displayName': 'Length'}, 'value': '16.5'}, {'type': {'value': 56, 'displayName': 'Zone'}, 'value': 'Left'}, {'type': {'value': 140, 'displayName': 'PassEndX'}, 'value': '75.2'}]","[91, 119, 117, 30, 205, 36, 37, 217, 218]",True,332325.0,75.2,91.1,,,,,,,,,
2404783031.0,612,73,42.0,189,21.3,21.1,77,"{'value': 2, 'displayName': 'SecondHalf'}","{'value': 45, 'displayName': 'Challenge'}","{'value': 0, 'displayName': 'Unsuccessful'}","[{'type': {'value': 233, 'displayName': 'OppositeRelatedEvent'}, 'value': '685'}, {'type': {'value': 285, 'displayName': 'Defensive'}}, {'type': {'value': 56, 'displayName': 'Zone'}, 'value': 'Back'}]",[55],False,339674.0,,,,,,,,,,,
2404783101.0,685,73,42.0,29,78.7,78.9,77,"{'value': 2, 'displayName': 'SecondHalf'}","{'value': 3, 'displayName': 'TakeOn'}","{'value': 1, 'displayName': 'Successful'}","[{'type': {'value': 286, 'displayName': 'Offensive'}}, {'type': {'value': 233, 'displayName': 'OppositeRelatedEvent'}, 'value': '612'}, {'type': {'value': 56, 'displayName': 'Zone'}, 'value': 'Left'}, {'type': {'value': 178, 'displayName': 'StandingSave'}}]","[91, 54]",True,137021.0,,,,,,,,,,,
2404783113.0,613,73,46.0,189,24.5,41.8,77,"{'value': 2, 'displayName': 'SecondHalf'}","{'value': 45, 'displayName': 'Challenge'}","{'value': 0, 'displayName': 'Unsuccessful'}","[{'type': {'value': 233, 'displayName': 'OppositeRelatedEvent'}, 'value': '686'}, {'type': {'value': 56, 'displayName': 'Zone'}, 'value': 'Back'}, {'type': {'value': 285, 'displayName': 'Defensive'}}]",[55],False,321085.0,,,,,,,,,,,
2404783121.0,686,73,46.0,29,75.5,58.2,77,"{'value': 2, 'displayName': 'SecondHalf'}","{'value': 3, 'displayName': 'TakeOn'}","{'value': 1, 'displayName': 'Successful'}","[{'type': {'value': 286, 'displayName': 'Offensive'}}, {'type': {'value': 233, 'displayName': 'OppositeRelatedEvent'}, 'value': '613'}, {'type': {'value': 178, 'displayName': 'StandingSave'}}, {'type': {'value': 56, 'displayName': 'Zone'}, 'value': 'Center'}]","[91, 54]",True,137021.0,,,,,,,,,,,
2404783157.0,687,73,48.0,29,77.0,45.6,77,"{'value': 2, 'displayName': 'SecondHalf'}","{'value': 1, 'displayName': 'Pass'}","{'value': 1, 'displayName': 'Successful'}","[{'type': {'value': 141, 'displayName': 'PassEndY'}, 'value': '24.5'}, {'type': {'value': 56, 'displayName': 'Zone'}, 'value': 'Center'}, {'type': {'value': 178, 'displayName': 'StandingSave'}}, {'type': {'value': 213, 'displayName': 'Angle'}, 'value': '5.0'}, {'type': {'value': 140, 'displayName': 'PassEndX'}, 'value': '81.6'}, {'type': {'value': 212, 'displayName': 'Length'}, 'value': '15.1'}]","[91, 119, 117, 30, 205, 36, 38, 217, 218]",True,137021.0,81.6,24.5,,,,,,,,,
2404783215.0,688,73,50.0,29,81.7,24.5,77,"{'value': 2, 'displayName': 'SecondHalf'}","{'value': 1, 'displayName': 'Pass'}","{'value': 1, 'displayName': 'Successful'}","[{'type': {'value': 212, 'displayName': 'Length'}, 'value': '12.6'}, {'type': {'value': 140, 'displayName': 'PassEndX'}, 'value': '93.0'}, {'type': {'value': 213, 'displayName': 'Angle'}, 'value': '5.9'}, {'type': {'value': 141, 'displayName': 'PassEndY'}, 'value': '18.2'}, {'type': {'value': 56, 'displayName': 'Zone'}, 'value': 'Right'}, {'type': {'value': 178, 'displayName': 'StandingSave'}}]","[91, 119, 117, 30, 205, 36, 38, 217, 218]",True,111372.0,93.0,18.2,,,,,,,,,
2404783247.0,689,73,53.0,29,91.8,19.0,77,"{'value': 2, 'displayName': 'SecondHalf'}","{'value': 1, 'displayName': 'Pass'}","{'value': 0, 'displayName': 'Unsuccessful'}","[{'type': {'value': 56, 'displayName': 'Zone'}, 'value': 'Center'}, {'type': {'value': 140, 'displayName': 'PassEndX'}, 'value': '88.5'}, {'type': {'value': 213, 'displayName': 'Angle'}, 'value': '1.7'}, {'type': {'value': 155, 'displayName': 'Chipped'}}, {'type': {'value': 178, 'displayName': 'StandingSave'}}, {'type': {'value': 141, 'displayName': 'PassEndY'}, 'value': '50.9'}, {'type': {'value': 72, 'displayName': 'LeftFoot'}}, {'type': {'value': 2, 'displayName': 'Cross'}}, {'type': {'value': 212, 'displayName': 'Length'}, 'value': '22.0'}]","[91, 138, 124, 126, 35, 37, 217, 218]",True,137021.0,88.5,50.9,,,,,,,,,
2404783289.0,614,73,55.0,189,11.6,48.1,77,"{'value': 2, 'displayName': 'SecondHalf'}","{'value': 12, 'displayName': 'Clearance'}","{'value': 1, 'displayName': 'Successful'}","[{'type': {'value': 212, 'displayName': 'Length'}, 'value': '29.5'}, {'type': {'value': 141, 'displayName': 'PassEndY'}, 'value': '77.7'}, {'type': {'value': 56, 'displayName': 'Zone'}, 'value': 'Back'}, {'type': {'value': 15, 'displayName': 'Head'}}, {'type': {'value': 140, 'displayName': 'PassEndX'}, 'value': '32.1'}, {'type': {'value': 213, 'displayName': 'Angle'}, 'value': '0.8'}]","[91, 94, 95, 57, 215]",True,29026.0,32.1,77.7,,,,,,,,,
2404783335.0,690,73,58.0,29,70.6,26.4,77,"{'value': 2, 'displayName': 'SecondHalf'}","{'value': 1, 'displayName': 'Pass'}","{'value': 1, 'displayName': 'Successful'}","[{'type': {'value': 56, 'displayName': 'Zone'}, 'value': 'Right'}, {'type': {'value': 140, 'displayName': 'PassEndX'}, 'value': '72.0'}, {'type': {'value': 141, 'displayName': 'PassEndY'}, 'value': '16.2'}, {'type': {'value': 212, 'displayName': 'Length'}, 'value': '7.1'}, {'type': {'value': 213, 'displayName': 'Angle'}, 'value': '4.9'}]","[91, 119, 117, 30, 205, 36, 38, 217, 218]",True,73063.0,72.0,16.2,,,,,,,,,
2404783361.0,691,74,0.0,29,70.7,14.0,78,"{'value': 2, 'displayName': 'SecondHalf'}","{'value': 1, 'displayName': 'Pass'}","{'value': 0, 'displayName': 'Unsuccessful'}","[{'type': {'value': 141, 'displayName': 'PassEndY'}, 'value': '0.0'}, {'type': {'value': 213, 'displayName': 'Angle'}, 'value': '4.9'}, {'type': {'value': 212, 'displayName': 'Length'}, 'value': '11.1'}, {'type': {'value': 140, 'displayName': 'PassEndX'}, 'value': '73.0'}, {'type': {'value': 56, 'displayName': 'Zone'}, 'value': 'Right'}, {'type': {'value': 178, 'displayName': 'StandingSave'}}]","[91, 120, 29, 36, 38, 217, 218]",True,111372.0,73.0,0.0,,,,,,,,,
2404783973.0,616,74,36.0,189,29.7,100.0,78,"{'value': 2, 'displayName': 'SecondHalf'}","{'value': 1, 'displayName': 'Pass'}","{'value': 1, 'displayName': 'Successful'}","[{'type': {'value': 107, 'displayName': 'ThrowIn'}}, {'type': {'value': 213, 'displayName': 'Angle'}, 'value': '5.6'}, {'type': {'value': 212, 'displayName': 'Length'}, 'value': '13.4'}, {'type': {'value': 140, 'displayName': 'PassEndX'}, 'value': '39.5'}, {'type': {'value': 56, 'displayName': 'Zone'}, 'value': 'Back'}, {'type': {'value': 141, 'displayName': 'PassEndY'}, 'value': '89.0'}]","[91, 212, 36, 38, 216]",True,229562.0,39.5,89.0,,,,,,,,,
2404784001.0,617,74,38.0,189,39.5,89.0,78,"{'value': 2, 'displayName': 'SecondHalf'}","{'value': 1, 'displayName': 'Pass'}","{'value': 0, 'displayName': 'Unsuccessful'}","[{'type': {'value': 178, 'displayName': 'StandingSave'}}, {'type': {'value': 213, 'displayName': 'Angle'}, 'value': '2.7'}, {'type': {'value': 140, 'displayName': 'PassEndX'}, 'value': '35.3'}, {'type': {'value': 141, 'displayName': 'PassEndY'}, 'value': '92.0'}, {'type': {'value': 212, 'displayName': 'Length'}, 'value': '4.9'}, {'type': {'value': 56, 'displayName': 'Zone'}, 'value': 'Back'}]","[91, 118, 120, 29, 35, 37, 216, 218]",True,134240.0,35.3,92.0,,,,,,,,,
2404784007.0,693,74,38.0,29,63.2,6.2,78,"{'value': 2, 'displayName': 'SecondHalf'}","{'value': 61, 'displayName': 'BallTouch'}","{'value': 1, 'displayName': 'Successful'}","[{'type': {'value': 56, 'displayName': 'Zone'}, 'value': 'Right'}, {'type': {'value': 178, 'displayName': 'StandingSave'}}]",[91],True,343975.0,,,,,,,,,,,
2404784223.0,619,74,48.0,189,29.8,100.0,78,"{'value': 2, 'displayName': 'SecondHalf'}","{'value': 1, 'displayName': 'Pass'}","{'value': 0, 'displayName': 'Unsuccessful'}","[{'type': {'value': 1, 'displayName': 'Longball'}}, {'type': {'value': 107, 'displayName': 'ThrowIn'}}, {'type': {'value': 56, 'displayName': 'Zone'}, 'value': 'Back'}, {'type': {'value': 212, 'displayName': 'Length'}, 'value': '24.9'}, {'type': {'value': 213, 'displayName': 'Angle'}, 'value': '5.4'}, {'type': {'value': 141, 'displayName': 'PassEndY'}, 'value': '72.5'}, {'type': {'value': 140, 'displayName': 'PassEndX'}, 'value': '44.4'}]","[91, 212, 36, 38, 216]",True,229562.0,44.4,72.5,,,,,,,,,
2404784265.0,695,74,51.0,29,53.6,29.9,78,"{'value': 2, 'displayName': 'SecondHalf'}","{'value': 8, 'displayName': 'Interception'}","{'value': 1, 'displayName': 'Successful'}","[{'type': {'value': 56, 'displayName': 'Zone'}, 'value': 'Center'}, {'type': {'value': 15, 'displayName': 'Head'}}]","[91, 101, 56]",True,343975.0,,,,,,,,,,,
2404784295.0,620,74,53.0,189,52.2,71.8,78,"{'value': 2, 'displayName': 'SecondHalf'}","{'value': 45, 'displayName': 'Challenge'}","{'value': 0, 'displayName': 'Unsuccessful'}","[{'type': {'value': 285, 'displayName': 'Defensive'}}, {'type': {'value': 56, 'displayName': 'Zone'}, 'value': 'Center'}, {'type': {'value': 233, 'displayName': 'OppositeRelatedEvent'}, 'value': '696'}]",[55],False,69344.0,,,,,,,,,,,
2404784323.0,696,74,53.0,29,47.8,28.2,78,"{'value': 2, 'displayName': 'SecondHalf'}","{'value': 3, 'displayName': 'TakeOn'}","{'value': 1, 'displayName': 'Successful'}","[{'type': {'value': 233, 'displayName': 'OppositeRelatedEvent'}, 'value': '620'}, {'type': {'value': 286, 'displayName': 'Offensive'}}, {'type': {'value': 178, 'displayName': 'StandingSave'}}, {'type': {'value': 56, 'displayName': 'Zone'}, 'value': 'Back'}]","[91, 54]",True,332325.0,,,,,,,,,,,
2404784327.0,697,74,55.0,29,40.4,21.7,78,"{'value': 2, 'displayName': 'SecondHalf'}","{'value': 49, 'displayName': 'BallRecovery'}","{'value': 1, 'displayName': 'Successful'}",[],[93],False,332325.0,,,,,,,,,,,
2404784355.0,698,74,55.0,29,40.4,21.7,78,"{'value': 2, 'displayName': 'SecondHalf'}","{'value': 1, 'displayName': 'Pass'}","{'value': 1, 'displayName': 'Successful'}","[{'type': {'value': 212, 'displayName': 'Length'}, 'value': '12.7'}, {'type': {'value': 178, 'displayName': 'StandingSave'}}, {'type': {'value': 213, 'displayName': 'Angle'}, 'value': '2.6'}, {'type': {'value': 56, 'displayName': 'Zone'}, 'value': 'Back'}, {'type': {'value': 140, 'displayName': 'PassEndX'}, 'value': '29.8'}, {'type': {'value': 141, 'displayName': 'PassEndY'}, 'value': '30.7'}]","[91, 117, 30, 35, 37, 215, 218]",True,332325.0,29.8,30.7,,,,,,,,,
2404784381.0,699,74,57.0,29,29.4,30.8,78,"{'value': 2, 'displayName': 'SecondHalf'}","{'value': 1, 'displayName': 'Pass'}","{'value': 1, 'displayName': 'Successful'}","[{'type': {'value': 178, 'displayName': 'StandingSave'}}, {'type': {'value': 56, 'displayName': 'Zone'}, 'value': 'Back'}, {'type': {'value': 212, 'displayName': 'Length'}, 'value': '14.8'}, {'type': {'value': 213, 'displayName': 'Angle'}, 'value': '1.7'}, {'type': {'value': 141, 'displayName': 'PassEndY'}, 'value': '52.3'}, {'type': {'value': 140, 'displayName': 'PassEndX'}, 'value': '27.0'}]","[91, 117, 30, 35, 37, 215, 218]",True,73063.0,27.0,52.3,,,,,,,,,
2404784501.0,700,74,59.0,29,27.0,52.3,78,"{'value': 2, 'displayName': 'SecondHalf'}","{'value': 1, 'displayName': 'Pass'}","{'value': 1, 'displayName': 'Successful'}","[{'type': {'value': 140, 'displayName': 'PassEndX'}, 'value': '33.4'}, {'type': {'value': 213, 'displayName': 'Angle'}, 'value': '5.6'}, {'type': {'value': 212, 'displayName': 'Length'}, 'value': '9.0'}, {'type': {'value': 178, 'displayName': 'StandingSave'}}, {'type': {'value': 56, 'displayName': 'Zone'}, 'value': 'Back'}, {'type': {'value': 141, 'displayName': 'PassEndY'}, 'value': '43.6'}]","[91, 117, 30, 36, 38, 216, 218]",True,300359.0,33.4,43.6,,,,,,,,,
2404784517.0,701,75,6.0,29,45.8,48.3,79,"{'value': 2, 'displayName': 'SecondHalf'}","{'value': 1, 'displayName': 'Pass'}","{'value': 1, 'displayName': 'Successful'}","[{'type': {'value': 140, 'displayName': 'PassEndX'}, 'value': '41.9'}, {'type': {'value': 141, 'displayName': 'PassEndY'}, 'value': '41.0'}, {'type': {'value': 213, 'displayName': 'Angle'}, 'value': '4.0'}, {'type': {'value': 212, 'displayName': 'Length'}, 'value': '6.4'}, {'type': {'value': 56, 'displayName': 'Zone'}, 'value': 'Back'}, {'type': {'value': 178, 'displayName': 'StandingSave'}}]","[91, 117, 30, 35, 38, 216, 218]",True,332325.0,41.9,41.0,,,,,,,,,
2404784611.0,702,75,7.0,29,41.9,41.0,79,"{'value': 2, 'displayName': 'SecondHalf'}","{'value': 1, 'displayName': 'Pass'}","{'value': 1, 'displayName': 'Successful'}","[{'type': {'value': 140, 'displayName': 'PassEndX'}, 'value': '36.0'}, {'type': {'value': 56, 'displayName': 'Zone'}, 'value': 'Back'}, {'type': {'value': 141, 'displayName': 'PassEndY'}, 'value': '65.8'}, {'type': {'value': 212, 'displayName': 'Length'}, 'value': '18.0'}, {'type': {'value': 213, 'displayName': 'Angle'}, 'value': '1.9'}, {'type': {'value': 178, 'displayName': 'StandingSave'}}]","[91, 117, 30, 35, 37, 216, 218]",True,143595.0,36.0,65.8,,,,,,,,,
2404784637.0,703,75,13.0,29,51.0,64.6,79,"{'value': 2, 'displayName': 'SecondHalf'}","{'value': 1, 'displayName': 'Pass'}","{'value': 1, 'displayName': 'Successful'}","[{'type': {'value': 178, 'displayName': 'StandingSave'}}, {'type': {'value': 56, 'displayName': 'Zone'}, 'value': 'Back'}, {'type': {'value': 140, 'displayName': 'PassEndX'}, 'value': '45.8'}, {'type': {'value': 213, 'displayName': 'Angle'}, 'value': '1.9'}, {'type': {'value': 141, 'displayName': 'PassEndY'}, 'value': '86.9'}, {'type': {'value': 212, 'displayName': 'Length'}, 'value': '16.1'}]","[91, 117, 30, 35, 37, 216, 218]",True,300359.0,45.8,86.9,,,,,,,,,
2404784657.0,704,75,15.0,29,45.8,86.9,79,"{'value': 2, 'displayName': 'SecondHalf'}","{'value': 1, 'displayName': 'Pass'}","{'value': 1, 'displayName': 'Successful'}","[{'type': {'value': 141, 'displayName': 'PassEndY'}, 'value': '75.7'}, {'type': {'value': 178, 'displayName': 'StandingSave'}}, {'type': {'value': 56, 'displayName': 'Zone'}, 'value': 'Center'}, {'type': {'value': 212, 'displayName': 'Length'}, 'value': '13.7'}, {'type': {'value': 140, 'displayName': 'PassEndX'}, 'value': '56.6'}, {'type': {'value': 213, 'displayName': 'Angle'}, 'value': '5.7'}]","[91, 119, 117, 30, 36, 38, 216, 218]",True,68049.0,56.6,75.7,,,,,,,,,
2404784683.0,705,75,16.0,29,56.6,75.7,79,"{'value': 2, 'displayName': 'SecondHalf'}","{'value': 1, 'displayName': 'Pass'}","{'value': 1, 'displayName': 'Successful'}","[{'type': {'value': 140, 'displayName': 'PassEndX'}, 'value': '44.5'}, {'type': {'value': 212, 'displayName': 'Length'}, 'value': '12.9'}, {'type': {'value': 178, 'displayName': 'StandingSave'}}, {'type': {'value': 56, 'displayName': 'Zone'}, 'value': 'Back'}, {'type': {'value': 213, 'displayName': 'Angle'}, 'value': '3.3'}, {'type': {'value': 141, 'displayName': 'PassEndY'}, 'value': '72.8'}]","[91, 117, 30, 35, 38, 216, 218]",True,297203.0,44.5,72.8,,,,,,,,,
2404784719.0,706,75,19.0,29,44.6,72.5,79,"{'value': 2, 'displayName': 'SecondHalf'}","{'value': 1, 'displayName': 'Pass'}","{'value': 1, 'displayName': 'Successful'}","[{'type': {'value': 178, 'displayName': 'StandingSave'}}, {'type': {'value': 56, 'displayName': 'Zone'}, 'value': 'Back'}, {'type': {'value': 213, 'displayName': 'Angle'}, 'value': '5.9'}, {'type': {'value': 140, 'displayName': 'PassEndX'}, 'value': '48.3'}, {'type': {'value': 212, 'displayName': 'Length'}, 'value': '4.3'}, {'type': {'value': 141, 'displayName': 'PassEndY'}, 'value': '69.9'}]","[91, 117, 30, 36, 38, 216, 218]",True,300359.0,48.3,69.9,,,,,,,,,
2404784749.0,707,75,20.0,29,48.3,69.9,79,"{'value': 2, 'displayName': 'SecondHalf'}","{'value': 1, 'displayName': 'Pass'}","{'value': 1, 'displayName': 'Successful'}","[{'type': {'value': 178, 'displayName': 'StandingSave'}}, {'type': {'value': 213, 'displayName': 'Angle'}, 'value': '2.8'}, {'type': {'value': 212, 'displayName': 'Length'}, 'value': '5.7'}, {'type': {'value': 141, 'displayName': 'PassEndY'}, 'value': '72.5'}, {'type': {'value': 56, 'displayName': 'Zone'}, 'value': 'Back'}, {'type': {'value': 156, 'displayName': 'LayOff'}}, {'type': {'value': 140, 'displayName': 'PassEndX'}, 'value': '43.1'}]","[91, 117, 30, 35, 37, 216, 218]",True,143595.0,43.1,72.5,,,,,,,,,
2404784833.0,708,75,20.0,29,43.1,72.5,79,"{'value': 2, 'displayName': 'SecondHalf'}","{'value': 1, 'displayName': 'Pass'}","{'value': 0, 'displayName': 'Unsuccessful'}","[{'type': {'value': 212, 'displayName': 'Length'}, 'value': '35.8'}, {'type': {'value': 1, 'displayName': 'Longball'}}, {'type': {'value': 213, 'displayName': 'Angle'}, 'value': '0.3'}, {'type': {'value': 178, 'displayName': 'StandingSave'}}, {'type': {'value': 140, 'displayName': 'PassEndX'}, 'value': '76.0'}, {'type': {'value': 141, 'displayName': 'PassEndY'}, 'value': '86.2'}, {'type': {'value': 56, 'displayName': 'Zone'}, 'value': 'Left'}, {'type': {'value': 155, 'displayName': 'Chipped'}}]","[91, 120, 124, 128, 36, 37, 217, 218]",True,300359.0,76.0,86.2,,,,,,,,,
2404784805.0,621,75,23.0,189,28.7,16.7,79,"{'value': 2, 'displayName': 'SecondHalf'}","{'value': 49, 'displayName': 'BallRecovery'}","{'value': 1, 'displayName': 'Successful'}",[],[93],False,321085.0,,,,,,,,,,,
2404784893.0,622,75,25.0,189,25.4,24.5,79,"{'value': 2, 'displayName': 'SecondHalf'}","{'value': 1, 'displayName': 'Pass'}","{'value': 1, 'displayName': 'Successful'}","[{'type': {'value': 56, 'displayName': 'Zone'}, 'value': 'Back'}, {'type': {'value': 140, 'displayName': 'PassEndX'}, 'value': '4.9'}, {'type': {'value': 213, 'displayName': 'Angle'}, 'value': '2.8'}, {'type': {'value': 178, 'displayName': 'StandingSave'}}, {'type': {'value': 212, 'displayName': 'Length'}, 'value': '23.1'}, {'type': {'value': 141, 'displayName': 'PassEndY'}, 'value': '36.8'}]","[91, 117, 30, 35, 37, 215, 218]",True,321085.0,4.9,36.8,,,,,,,,,
2404784919.0,623,75,28.0,189,6.5,23.8,79,"{'value': 2, 'displayName': 'SecondHalf'}","{'value': 1, 'displayName': 'Pass'}","{'value': 1, 'displayName': 'Successful'}","[{'type': {'value': 56, 'displayName': 'Zone'}, 'value': 'Back'}, {'type': {'value': 213, 'displayName': 'Angle'}, 'value': '0.2'}, {'type': {'value': 140, 'displayName': 'PassEndX'}, 'value': '46.6'}, {'type': {'value': 178, 'displayName': 'StandingSave'}}, {'type': {'value': 212, 'displayName': 'Length'}, 'value': '43.1'}, {'type': {'value': 141, 'displayName': 'PassEndY'}, 'value': '37.6'}, {'type': {'value': 1, 'displayName': 'Longball'}}]","[91, 117, 127, 36, 37, 216, 218]",True,276366.0,46.6,37.6,,,,,,,,,
2404784941.0,624,75,31.0,189,47.5,38.2,79,"{'value': 2, 'displayName': 'SecondHalf'}","{'value': 1, 'displayName': 'Pass'}","{'value': 1, 'displayName': 'Successful'}","[{'type': {'value': 212, 'displayName': 'Length'}, 'value': '5.4'}, {'type': {'value': 56, 'displayName': 'Zone'}, 'value': 'Back'}, {'type': {'value': 140, 'displayName': 'PassEndX'}, 'value': '42.9'}, {'type': {'value': 213, 'displayName': 'Angle'}, 'value': '3.6'}, {'type': {'value': 141, 'displayName': 'PassEndY'}, 'value': '34.6'}]","[91, 117, 30, 35, 38, 216, 218]",True,134240.0,42.9,34.6,,,,,,,,,
2404784957.0,625,75,31.0,189,42.9,34.6,79,"{'value': 2, 'displayName': 'SecondHalf'}","{'value': 1, 'displayName': 'Pass'}","{'value': 0, 'displayName': 'Unsuccessful'}","[{'type': {'value': 213, 'displayName': 'Angle'}, 'value': '0.4'}, {'type': {'value': 212, 'displayName': 'Length'}, 'value': '30.8'}, {'type': {'value': 141, 'displayName': 'PassEndY'}, 'value': '54.0'}, {'type': {'value': 155, 'displayName': 'Chipped'}}, {'type': {'value': 178, 'displayName': 'StandingSave'}}, {'type': {'value': 56, 'displayName': 'Zone'}, 'value': 'Center'}, {'type': {'value': 140, 'displayName': 'PassEndX'}, 'value': '69.4'}]","[91, 120, 29, 124, 36, 37, 217, 218]",True,339674.0,69.4,54.0,,,,,,,,,
2404784995.0,709,75,33.0,29,25.0,54.7,79,"{'value': 2, 'displayName': 'SecondHalf'}","{'value': 1, 'displayName': 'Pass'}","{'value': 1, 'displayName': 'Successful'}","[{'type': {'value': 3, 'displayName': 'HeadPass'}}, {'type': {'value': 213, 'displayName': 'Angle'}, 'value': '0.8'}, {'type': {'value': 56, 'displayName': 'Zone'}, 'value': 'Back'}, {'type': {'value': 140, 'displayName': 'PassEndX'}, 'value': '33.4'}, {'type': {'value': 212, 'displayName': 'Length'}, 'value': '12.6'}, {'type': {'value': 141, 'displayName': 'PassEndY'}, 'value': '67.9'}]","[91, 117, 30, 139, 36, 37, 216, 218]",True,111372.0,33.4,67.9,,,,,,,,,
2404785001.0,710,75,37.0,29,34.4,68.5,79,"{'value': 2, 'displayName': 'SecondHalf'}","{'value': 49, 'displayName': 'BallRecovery'}","{'value': 1, 'displayName': 'Successful'}",[],[93],False,300359.0,,,,,,,,,,,
2404785075.0,711,75,38.0,29,34.7,78.6,79,"{'value': 2, 'displayName': 'SecondHalf'}","{'value': 1, 'displayName': 'Pass'}","{'value': 1, 'displayName': 'Successful'}","[{'type': {'value': 178, 'displayName': 'StandingSave'}}, {'type': {'value': 56, 'displayName': 'Zone'}, 'value': 'Back'}, {'type': {'value': 213, 'displayName': 'Angle'}, 'value': '3.0'}, {'type': {'value': 140, 'displayName': 'PassEndX'}, 'value': '26.9'}, {'type': {'value': 212, 'displayName': 'Length'}, 'value': '8.2'}, {'type': {'value': 141, 'displayName': 'PassEndY'}, 'value': '80.0'}]","[91, 117, 30, 35, 37, 215, 218]",True,300359.0,26.9,80.0,,,,,,,,,
2404785103.0,712,75,41.0,29,26.9,80.0,79,"{'value': 2, 'displayName': 'SecondHalf'}","{'value': 1, 'displayName': 'Pass'}","{'value': 1, 'displayName': 'Successful'}","[{'type': {'value': 213, 'displayName': 'Angle'}, 'value': '5.3'}, {'type': {'value': 140, 'displayName': 'PassEndX'}, 'value': '30.2'}, {'type': {'value': 56, 'displayName': 'Zone'}, 'value': 'Back'}, {'type': {'value': 178, 'displayName': 'StandingSave'}}, {'type': {'value': 141, 'displayName': 'PassEndY'}, 'value': '73.0'}, {'type': {'value': 212, 'displayName': 'Length'}, 'value': '5.9'}]","[91, 117, 30, 36, 38, 215, 218]",True,68049.0,30.2,73.0,,,,,,,,,
2404785185.0,713,75,42.0,29,30.2,73.0,79,"{'value': 2, 'displayName': 'SecondHalf'}","{'value': 1, 'displayName': 'Pass'}","{'value': 1, 'displayName': 'Successful'}","[{'type': {'value': 213, 'displayName': 'Angle'}, 'value': '1.9'}, {'type': {'value': 140, 'displayName': 'PassEndX'}, 'value': '27.8'}, {'type': {'value': 178, 'displayName': 'StandingSave'}}, {'type': {'value': 141, 'displayName': 'PassEndY'}, 'value': '82.5'}, {'type': {'value': 56, 'displayName': 'Zone'}, 'value': 'Back'}, {'type': {'value': 212, 'displayName': 'Length'}, 'value': '6.9'}]","[91, 117, 30, 35, 37, 215, 218]",True,143595.0,27.8,82.5,,,,,,,,,
2404785241.0,714,75,48.0,29,40.4,67.3,79,"{'value': 2, 'displayName': 'SecondHalf'}","{'value': 1, 'displayName': 'Pass'}","{'value': 1, 'displayName': 'Successful'}","[{'type': {'value': 141, 'displayName': 'PassEndY'}, 'value': '34.3'}, {'type': {'value': 212, 'displayName': 'Length'}, 'value': '23.0'}, {'type': {'value': 213, 'displayName': 'Angle'}, 'value': '4.5'}, {'type': {'value': 140, 'displayName': 'PassEndX'}, 'value': '35.5'}, {'type': {'value': 56, 'displayName': 'Zone'}, 'value': 'Back'}, {'type': {'value': 178, 'displayName': 'StandingSave'}}]","[91, 117, 30, 35, 38, 216, 218]",True,68049.0,35.5,34.3,,,,,,,,,
2404785273.0,715,75,51.0,29,34.9,33.4,79,"{'value': 2, 'displayName': 'SecondHalf'}","{'value': 1, 'displayName': 'Pass'}","{'value': 1, 'displayName': 'Successful'}","[{'type': {'value': 141, 'displayName': 'PassEndY'}, 'value': '9.7'}, {'type': {'value': 56, 'displayName': 'Zone'}, 'value': 'Back'}, {'type': {'value': 140, 'displayName': 'PassEndX'}, 'value': '41.5'}, {'type': {'value': 212, 'displayName': 'Length'}, 'value': '17.5'}, {'type': {'value': 213, 'displayName': 'Angle'}, 'value': '5.1'}, {'type': {'value': 178, 'displayName': 'StandingSave'}}]","[91, 117, 30, 36, 38, 216, 218]",True,73063.0,41.5,9.7,,,,,,,,,
2404785329.0,716,75,53.0,29,41.6,9.7,79,"{'value': 2, 'displayName': 'SecondHalf'}","{'value': 1, 'displayName': 'Pass'}","{'value': 1, 'displayName': 'Successful'}","[{'type': {'value': 56, 'displayName': 'Zone'}, 'value': 'Back'}, {'type': {'value': 178, 'displayName': 'StandingSave'}}, {'type': {'value': 140, 'displayName': 'PassEndX'}, 'value': '34.0'}, {'type': {'value': 213, 'displayName': 'Angle'}, 'value': '2.1'}, {'type': {'value': 212, 'displayName': 'Length'}, 'value': '16.2'}, {'type': {'value': 141, 'displayName': 'PassEndY'}, 'value': '30.4'}]","[91, 117, 30, 35, 37, 216, 218]",True,111372.0,34.0,30.4,,,,,,,,,
2404785367.0,717,75,56.0,29,35.8,30.3,79,"{'value': 2, 'displayName': 'SecondHalf'}","{'value': 1, 'displayName': 'Pass'}","{'value': 1, 'displayName': 'Successful'}","[{'type': {'value': 212, 'displayName': 'Length'}, 'value': '13.0'}, {'type': {'value': 140, 'displayName': 'PassEndX'}, 'value': '46.3'}, {'type': {'value': 178, 'displayName': 'StandingSave'}}, {'type': {'value': 141, 'displayName': 'PassEndY'}, 'value': '40.4'}, {'type': {'value': 56, 'displayName': 'Zone'}, 'value': 'Back'}, {'type': {'value': 213, 'displayName': 'Angle'}, 'value': '0.6'}]","[91, 117, 30, 36, 37, 216, 218]",True,332325.0,46.3,40.4,,,,,,,,,
2404785381.0,718,75,57.0,29,46.3,40.8,79,"{'value': 2, 'displayName': 'SecondHalf'}","{'value': 1, 'displayName': 'Pass'}","{'value': 0, 'displayName': 'Unsuccessful'}","[{'type': {'value': 212, 'displayName': 'Length'}, 'value': '25.3'}, {'type': {'value': 140, 'displayName': 'PassEndX'}, 'value': '64.5'}, {'type': {'value': 213, 'displayName': 'Angle'}, 'value': '5.6'}, {'type': {'value': 141, 'displayName': 'PassEndY'}, 'value': '16.5'}, {'type': {'value': 56, 'displayName': 'Zone'}, 'value': 'Right'}, {'type': {'value': 178, 'displayName': 'StandingSave'}}]","[91, 120, 29, 36, 38, 216, 218]",True,297203.0,64.5,16.5,,,,,,,,,
2404785375.0,626,75,59.0,189,32.2,86.4,79,"{'value': 2, 'displayName': 'SecondHalf'}","{'value': 49, 'displayName': 'BallRecovery'}","{'value': 1, 'displayName': 'Successful'}",[],[93],False,229562.0,,,,,,,,,,,
2404785429.0,627,75,59.0,189,31.9,86.3,79,"{'value': 2, 'displayName': 'SecondHalf'}","{'value': 1, 'displayName': 'Pass'}","{'value': 1, 'displayName': 'Successful'}","[{'type': {'value': 1, 'displayName': 'Longball'}}, {'type': {'value': 56, 'displayName': 'Zone'}, 'value': 'Back'}, {'type': {'value': 141, 'displayName': 'PassEndY'}, 'value': '91.4'}, {'type': {'value': 140, 'displayName': 'PassEndX'}, 'value': '42.9'}, {'type': {'value': 213, 'displayName': 'Angle'}, 'value': '0.3'}, {'type': {'value': 212, 'displayName': 'Length'}, 'value': '12.1'}]","[91, 117, 127, 36, 37, 216, 218]",True,229562.0,42.9,91.4,,,,,,,,,
2404785435.0,628,76,1.0,189,42.9,91.4,80,"{'value': 2, 'displayName': 'SecondHalf'}","{'value': 61, 'displayName': 'BallTouch'}","{'value': 1, 'displayName': 'Successful'}","[{'type': {'value': 21, 'displayName': 'OtherBodyPart'}}, {'type': {'value': 56, 'displayName': 'Zone'}, 'value': 'Back'}, {'type': {'value': 178, 'displayName': 'StandingSave'}}]",[91],True,296240.0,,,,,,,,,,,
2404785455.0,719,76,3.0,29,51.5,14.3,80,"{'value': 2, 'displayName': 'SecondHalf'}","{'value': 1, 'displayName': 'Pass'}","{'value': 0, 'displayName': 'Unsuccessful'}","[{'type': {'value': 213, 'displayName': 'Angle'}, 'value': '0.1'}, {'type': {'value': 178, 'displayName': 'StandingSave'}}, {'type': {'value': 212, 'displayName': 'Length'}, 'value': '9.3'}, {'type': {'value': 141, 'displayName': 'PassEndY'}, 'value': '15.6'}, {'type': {'value': 56, 'displayName': 'Zone'}, 'value': 'Right'}, {'type': {'value': 140, 'displayName': 'PassEndX'}, 'value': '60.3'}]","[91, 120, 29, 36, 37, 216, 218]",True,111372.0,60.3,15.6,,,,,,,,,
2404785499.0,629,76,5.0,189,32.8,89.1,80,"{'value': 2, 'displayName': 'SecondHalf'}","{'value': 1, 'displayName': 'Pass'}","{'value': 1, 'displayName': 'Successful'}","[{'type': {'value': 141, 'displayName': 'PassEndY'}, 'value': '80.0'}, {'type': {'value': 213, 'displayName': 'Angle'}, 'value': '5.3'}, {'type': {'value': 56, 'displayName': 'Zone'}, 'value': 'Back'}, {'type': {'value': 178, 'displayName': 'StandingSave'}}, {'type': {'value': 140, 'displayName': 'PassEndX'}, 'value': '36.6'}, {'type': {'value': 212, 'displayName': 'Length'}, 'value': '7.4'}]","[91, 117, 30, 36, 38, 216, 218]",True,229562.0,36.6,80.0,,,,,,,,,
2404785525.0,630,76,7.0,189,36.4,79.5,80,"{'value': 2, 'displayName': 'SecondHalf'}","{'value': 1, 'displayName': 'Pass'}","{'value': 1, 'displayName': 'Successful'}","[{'type': {'value': 213, 'displayName': 'Angle'}, 'value': '6.0'}, {'type': {'value': 178, 'displayName': 'StandingSave'}}, {'type': {'value': 212, 'displayName': 'Length'}, 'value': '9.5'}, {'type': {'value': 56, 'displayName': 'Zone'}, 'value': 'Back'}, {'type': {'value': 141, 'displayName': 'PassEndY'}, 'value': '75.6'}, {'type': {'value': 140, 'displayName': 'PassEndX'}, 'value': '45.1'}]","[91, 117, 30, 36, 38, 216, 218]",True,101856.0,45.1,75.6,,,,,,,,,
2404785561.0,631,76,8.0,189,45.1,75.6,80,"{'value': 2, 'displayName': 'SecondHalf'}","{'value': 1, 'displayName': 'Pass'}","{'value': 1, 'displayName': 'Successful'}","[{'type': {'value': 178, 'displayName': 'StandingSave'}}, {'type': {'value': 56, 'displayName': 'Zone'}, 'value': 'Back'}, {'type': {'value': 141, 'displayName': 'PassEndY'}, 'value': '50.9'}, {'type': {'value': 212, 'displayName': 'Length'}, 'value': '17.1'}, {'type': {'value': 140, 'displayName': 'PassEndX'}, 'value': '42.1'}, {'type': {'value': 213, 'displayName': 'Angle'}, 'value': '4.5'}]","[91, 117, 30, 35, 38, 216, 218]",True,69344.0,42.1,50.9,,,,,,,,,
2404785667.0,632,76,11.0,189,42.3,49.4,80,"{'value': 2, 'displayName': 'SecondHalf'}","{'value': 1, 'displayName': 'Pass'}","{'value': 1, 'displayName': 'Successful'}","[{'type': {'value': 178, 'displayName': 'StandingSave'}}, {'type': {'value': 213, 'displayName': 'Angle'}, 'value': '4.6'}, {'type': {'value': 141, 'displayName': 'PassEndY'}, 'value': '6.2'}, {'type': {'value': 56, 'displayName': 'Zone'}, 'value': 'Back'}, {'type': {'value': 212, 'displayName': 'Length'}, 'value': '29.5'}, {'type': {'value': 140, 'displayName': 'PassEndX'}, 'value': '39.8'}]","[91, 117, 30, 35, 38, 216, 218]",True,339674.0,39.8,6.2,,,,,,,,,
2404785745.0,633,76,16.0,189,38.7,6.2,80,"{'value': 2, 'displayName': 'SecondHalf'}","{'value': 1, 'displayName': 'Pass'}","{'value': 1, 'displayName': 'Successful'}","[{'type': {'value': 140, 'displayName': 'PassEndX'}, 'value': '22.7'}, {'type': {'value': 213, 'displayName': 'Angle'}, 'value': '2.5'}, {'type': {'value': 141, 'displayName': 'PassEndY'}, 'value': '25.0'}, {'type': {'value': 56, 'displayName': 'Zone'}, 'value': 'Back'}, {'type': {'value': 212, 'displayName': 'Length'}, 'value': '21.1'}, {'type': {'value': 178, 'displayName': 'StandingSave'}}]","[91, 117, 30, 35, 37, 215, 218]",True,321085.0,22.7,25.0,,,,,,,,,
2404785817.0,634,76,19.0,189,23.9,26.8,80,"{'value': 2, 'displayName': 'SecondHalf'}","{'value': 1, 'displayName': 'Pass'}","{'value': 1, 'displayName': 'Successful'}","[{'type': {'value': 178, 'displayName': 'StandingSave'}}, {'type': {'value': 140, 'displayName': 'PassEndX'}, 'value': '22.7'}, {'type': {'value': 212, 'displayName': 'Length'}, 'value': '28.2'}, {'type': {'value': 56, 'displayName': 'Zone'}, 'value': 'Back'}, {'type': {'value': 213, 'displayName': 'Angle'}, 'value': '1.6'}, {'type': {'value': 141, 'displayName': 'PassEndY'}, 'value': '68.3'}]","[91, 117, 30, 35, 37, 215, 218]",True,29026.0,22.7,68.3,,,,,,,,,
2404785867.0,635,76,22.0,189,22.6,67.7,80,"{'value': 2, 'displayName': 'SecondHalf'}","{'value': 1, 'displayName': 'Pass'}","{'value': 1, 'displayName': 'Successful'}","[{'type': {'value': 213, 'displayName': 'Angle'}, 'value': '5.8'}, {'type': {'value': 178, 'displayName': 'StandingSave'}}, {'type': {'value': 212, 'displayName': 'Length'}, 'value': '11.9'}, {'type': {'value': 140, 'displayName': 'PassEndX'}, 'value': '32.4'}, {'type': {'value': 56, 'displayName': 'Zone'}, 'value': 'Back'}, {'type': {'value': 141, 'displayName': 'PassEndY'}, 'value': '58.8'}]","[91, 117, 30, 36, 38, 215, 218]",True,342499.0,32.4,58.8,,,,,,,,,
2404785907.0,636,76,24.0,189,30.7,59.4,80,"{'value': 2, 'displayName': 'SecondHalf'}","{'value': 1, 'displayName': 'Pass'}","{'value': 1, 'displayName': 'Successful'}","[{'type': {'value': 178, 'displayName': 'StandingSave'}}, {'type': {'value': 56, 'displayName': 'Zone'}, 'value': 'Back'}, {'type': {'value': 212, 'displayName': 'Length'}, 'value': '6.6'}, {'type': {'value': 213, 'displayName': 'Angle'}, 'value': '1.9'}, {'type': {'value': 141, 'displayName': 'PassEndY'}, 'value': '68.6'}, {'type': {'value': 140, 'displayName': 'PassEndX'}, 'value': '28.6'}]","[91, 117, 30, 35, 37, 215, 218]",True,101856.0,28.6,68.6,,,,,,,,,
2404785993.0,637,76,25.0,189,28.6,68.6,80,"{'value': 2, 'displayName': 'SecondHalf'}","{'value': 1, 'displayName': 'Pass'}","{'value': 1, 'displayName': 'Successful'}","[{'type': {'value': 140, 'displayName': 'PassEndX'}, 'value': '18.6'}, {'type': {'value': 213, 'displayName': 'Angle'}, 'value': '4.3'}, {'type': {'value': 141, 'displayName': 'PassEndY'}, 'value': '32.3'}, {'type': {'value': 56, 'displayName': 'Zone'}, 'value': 'Back'}, {'type': {'value': 212, 'displayName': 'Length'}, 'value': '26.8'}, {'type': {'value': 178, 'displayName': 'StandingSave'}}]","[91, 117, 30, 35, 38, 215, 218]",True,69344.0,18.6,32.3,,,,,,,,,
2404786089.0,638,76,30.0,189,21.7,30.1,80,"{'value': 2, 'displayName': 'SecondHalf'}","{'value': 1, 'displayName': 'Pass'}","{'value': 1, 'displayName': 'Successful'}","[{'type': {'value': 212, 'displayName': 'Length'}, 'value': '23.9'}, {'type': {'value': 178, 'displayName': 'StandingSave'}}, {'type': {'value': 213, 'displayName': 'Angle'}, 'value': '0.9'}, {'type': {'value': 141, 'displayName': 'PassEndY'}, 'value': '58.2'}, {'type': {'value': 140, 'displayName': 'PassEndX'}, 'value': '35.3'}, {'type': {'value': 56, 'displayName': 'Zone'}, 'value': 'Back'}]","[91, 117, 30, 36, 37, 216, 218]",True,29026.0,35.3,58.2,,,,,,,,,
2404786111.0,639,76,36.0,189,44.9,54.6,80,"{'value': 2, 'displayName': 'SecondHalf'}","{'value': 1, 'displayName': 'Pass'}","{'value': 0, 'displayName': 'Unsuccessful'}","[{'type': {'value': 140, 'displayName': 'PassEndX'}, 'value': '64.5'}, {'type': {'value': 56, 'displayName': 'Zone'}, 'value': 'Center'}, {'type': {'value': 141, 'displayName': 'PassEndY'}, 'value': '27.8'}, {'type': {'value': 213, 'displayName': 'Angle'}, 'value': '5.6'}, {'type': {'value': 212, 'displayName': 'Length'}, 'value': '27.5'}, {'type': {'value': 178, 'displayName': 'StandingSave'}}]","[91, 120, 29, 36, 38, 216, 218]",True,69344.0,64.5,27.8,,,,,,,,,
2404786123.0,720,76,37.0,29,41.0,67.8,80,"{'value': 2, 'displayName': 'SecondHalf'}","{'value': 8, 'displayName': 'Interception'}","{'value': 1, 'displayName': 'Successful'}","[{'type': {'value': 56, 'displayName': 'Zone'}, 'value': 'Back'}, {'type': {'value': 178, 'displayName': 'StandingSave'}}]","[91, 101, 56]",True,137021.0,,,,,,,,,,,
2404786159.0,721,76,39.0,29,31.1,74.6,80,"{'value': 2, 'displayName': 'SecondHalf'}","{'value': 49, 'displayName': 'BallRecovery'}","{'value': 1, 'displayName': 'Successful'}",[],[93],False,300359.0,,,,,,,,,,,
2404786253.0,722,76,39.0,29,31.1,74.6,80,"{'value': 2, 'displayName': 'SecondHalf'}","{'value': 1, 'displayName': 'Pass'}","{'value': 1, 'displayName': 'Successful'}","[{'type': {'value': 141, 'displayName': 'PassEndY'}, 'value': '67.8'}, {'type': {'value': 178, 'displayName': 'StandingSave'}}, {'type': {'value': 212, 'displayName': 'Length'}, 'value': '5.9'}, {'type': {'value': 56, 'displayName': 'Zone'}, 'value': 'Back'}, {'type': {'value': 213, 'displayName': 'Angle'}, 'value': '5.4'}, {'type': {'value': 140, 'displayName': 'PassEndX'}, 'value': '34.6'}]","[91, 117, 30, 36, 38, 216, 218]",True,300359.0,34.6,67.8,,,,,,,,,
2404786269.0,723,76,40.0,29,33.9,63.9,80,"{'value': 2, 'displayName': 'SecondHalf'}","{'value': 1, 'displayName': 'Pass'}","{'value': 0, 'displayName': 'Unsuccessful'}","[{'type': {'value': 213, 'displayName': 'Angle'}, 'value': '2.3'}, {'type': {'value': 212, 'displayName': 'Length'}, 'value': '3.0'}, {'type': {'value': 233, 'displayName': 'OppositeRelatedEvent'}, 'value': '640'}, {'type': {'value': 286, 'displayName': 'Offensive'}}, {'type': {'value': 56, 'displayName': 'Zone'}, 'value': 'Back'}, {'type': {'value': 141, 'displayName': 'PassEndY'}, 'value': '67.2'}, {'type': {'value': 178, 'displayName': 'StandingSave'}}, {'type': {'value': 140, 'displayName': 'PassEndX'}, 'value': '32.0'}]","[91, 118, 120, 29, 35, 37, 215, 218]",True,143595.0,32.0,67.2,,,,,,,,,
2404786279.0,640,76,40.0,189,68.9,32.9,80,"{'value': 2, 'displayName': 'SecondHalf'}","{'value': 74, 'displayName': 'BlockedPass'}","{'value': 1, 'displayName': 'Successful'}","[{'type': {'value': 233, 'displayName': 'OppositeRelatedEvent'}, 'value': '723'}, {'type': {'value': 285, 'displayName': 'Defensive'}}, {'type': {'value': 178, 'displayName': 'StandingSave'}}, {'type': {'value': 56, 'displayName': 'Zone'}, 'value': 'Center'}]","[91, 60]",True,339674.0,,,,,,,,,,,
2404786309.0,724,76,43.0,29,13.9,59.9,80,"{'value': 2, 'displayName': 'SecondHalf'}","{'value': 52, 'displayName': 'KeeperPickup'}","{'value': 1, 'displayName': 'Successful'}","[{'type': {'value': 178, 'displayName': 'StandingSave'}}]",[93],False,20973.0,,,,,,,,,,,
2404786383.0,725,76,45.0,29,14.6,57.8,80,"{'value': 2, 'displayName': 'SecondHalf'}","{'value': 1, 'displayName': 'Pass'}","{'value': 1, 'displayName': 'Successful'}","[{'type': {'value': 123, 'displayName': 'KeeperThrow'}}, {'type': {'value': 56, 'displayName': 'Zone'}, 'value': 'Back'}, {'type': {'value': 178, 'displayName': 'StandingSave'}}, {'type': {'value': 141, 'displayName': 'PassEndY'}, 'value': '36.3'}, {'type': {'value': 140, 'displayName': 'PassEndX'}, 'value': '20.0'}, {'type': {'value': 213, 'displayName': 'Angle'}, 'value': '5.1'}, {'type': {'value': 212, 'displayName': 'Length'}, 'value': '15.7'}]","[91, 36, 38, 215, 218]",True,20973.0,20.0,36.3,,,,,,,,,
2404786445.0,726,76,48.0,29,24.5,34.0,80,"{'value': 2, 'displayName': 'SecondHalf'}","{'value': 1, 'displayName': 'Pass'}","{'value': 1, 'displayName': 'Successful'}","[{'type': {'value': 141, 'displayName': 'PassEndY'}, 'value': '12.6'}, {'type': {'value': 140, 'displayName': 'PassEndX'}, 'value': '29.0'}, {'type': {'value': 212, 'displayName': 'Length'}, 'value': '15.3'}, {'type': {'value': 178, 'displayName': 'StandingSave'}}, {'type': {'value': 213, 'displayName': 'Angle'}, 'value': '5.0'}, {'type': {'value': 56, 'displayName': 'Zone'}, 'value': 'Back'}]","[91, 117, 30, 36, 38, 215, 218]",True,73063.0,29.0,12.6,,,,,,,,,
2404786475.0,727,76,50.0,29,29.0,12.6,80,"{'value': 2, 'displayName': 'SecondHalf'}","{'value': 1, 'displayName': 'Pass'}","{'value': 1, 'displayName': 'Successful'}","[{'type': {'value': 178, 'displayName': 'StandingSave'}}, {'type': {'value': 141, 'displayName': 'PassEndY'}, 'value': '12.6'}, {'type': {'value': 56, 'displayName': 'Zone'}, 'value': 'Back'}, {'type': {'value': 140, 'displayName': 'PassEndX'}, 'value': '43.2'}, {'type': {'value': 212, 'displayName': 'Length'}, 'value': '14.9'}, {'type': {'value': 213, 'displayName': 'Angle'}, 'value': '0'}]","[91, 117, 30, 36, 216, 218]",True,111372.0,43.2,12.6,,,,,,,,,
2404786505.0,728,76,51.0,29,43.2,12.6,80,"{'value': 2, 'displayName': 'SecondHalf'}","{'value': 1, 'displayName': 'Pass'}","{'value': 1, 'displayName': 'Successful'}","[{'type': {'value': 213, 'displayName': 'Angle'}, 'value': '2.6'}, {'type': {'value': 212, 'displayName': 'Length'}, 'value': '7.6'}, {'type': {'value': 140, 'displayName': 'PassEndX'}, 'value': '37.2'}, {'type': {'value': 141, 'displayName': 'PassEndY'}, 'value': '18.8'}, {'type': {'value': 178, 'displayName': 'StandingSave'}}, {'type': {'value': 156, 'displayName': 'LayOff'}}, {'type': {'value': 56, 'displayName': 'Zone'}, 'value': 'Back'}]","[91, 117, 30, 35, 37, 216, 218]",True,343975.0,37.2,18.8,,,,,,,,,
2404786543.0,729,76,52.0,29,37.2,18.8,80,"{'value': 2, 'displayName': 'SecondHalf'}","{'value': 1, 'displayName': 'Pass'}","{'value': 0, 'displayName': 'Unsuccessful'}","[{'type': {'value': 178, 'displayName': 'StandingSave'}}, {'type': {'value': 56, 'displayName': 'Zone'}, 'value': 'Center'}, {'type': {'value': 213, 'displayName': 'Angle'}, 'value': '0.1'}, {'type': {'value': 212, 'displayName': 'Length'}, 'value': '20.1'}, {'type': {'value': 140, 'displayName': 'PassEndX'}, 'value': '56.2'}, {'type': {'value': 141, 'displayName': 'PassEndY'}, 'value': '22.0'}]","[91, 120, 29, 36, 37, 216, 218]",True,111372.0,56.2,22.0,,,,,,,,,
2404786557.0,641,76,54.0,189,41.8,72.5,80,"{'value': 2, 'displayName': 'SecondHalf'}","{'value': 8, 'displayName': 'Interception'}","{'value': 1, 'displayName': 'Successful'}","[{'type': {'value': 56, 'displayName': 'Zone'}, 'value': 'Back'}, {'type': {'value': 178, 'displayName': 'StandingSave'}}]","[91, 101, 56]",True,342499.0,,,,,,,,,,,
2404786615.0,731,76,54.0,29,44.9,17.5,80,"{'value': 2, 'displayName': 'SecondHalf'}","{'value': 1, 'displayName': 'Pass'}","{'value': 1, 'displayName': 'Successful'}","[{'type': {'value': 213, 'displayName': 'Angle'}, 'value': '6.0'}, {'type': {'value': 178, 'displayName': 'StandingSave'}}, {'type': {'value': 141, 'displayName': 'PassEndY'}, 'value': '13.7'}, {'type': {'value': 140, 'displayName': 'PassEndX'}, 'value': '54.8'}, {'type': {'value': 56, 'displayName': 'Zone'}, 'value': 'Right'}, {'type': {'value': 212, 'displayName': 'Length'}, 'value': '10.7'}]","[91, 119, 117, 30, 36, 38, 216, 218]",True,111372.0,54.8,13.7,,,,,,,,,
2404786671.0,732,76,59.0,29,51.3,15.5,80,"{'value': 2, 'displayName': 'SecondHalf'}","{'value': 1, 'displayName': 'Pass'}","{'value': 1, 'displayName': 'Successful'}","[{'type': {'value': 141, 'displayName': 'PassEndY'}, 'value': '31.1'}, {'type': {'value': 140, 'displayName': 'PassEndX'}, 'value': '46.0'}, {'type': {'value': 212, 'displayName': 'Length'}, 'value': '12.0'}, {'type': {'value': 213, 'displayName': 'Angle'}, 'value': '2.1'}, {'type': {'value': 178, 'displayName': 'StandingSave'}}, {'type': {'value': 56, 'displayName': 'Zone'}, 'value': 'Back'}]","[91, 117, 30, 35, 37, 216, 218]",True,343975.0,46.0,31.1,,,,,,,,,
2404786735.0,733,77,2.0,29,48.5,39.4,81,"{'value': 2, 'displayName': 'SecondHalf'}","{'value': 1, 'displayName': 'Pass'}","{'value': 0, 'displayName': 'Unsuccessful'}","[{'type': {'value': 1, 'displayName': 'Longball'}}, {'type': {'value': 213, 'displayName': 'Angle'}, 'value': '0.8'}, {'type': {'value': 178, 'displayName': 'StandingSave'}}, {'type': {'value': 212, 'displayName': 'Length'}, 'value': '44.2'}, {'type': {'value': 155, 'displayName': 'Chipped'}}, {'type': {'value': 140, 'displayName': 'PassEndX'}, 'value': '77.9'}, {'type': {'value': 141, 'displayName': 'PassEndY'}, 'value': '86.0'}, {'type': {'value': 56, 'displayName': 'Zone'}, 'value': 'Left'}]","[91, 120, 124, 128, 36, 37, 217, 218]",True,297203.0,77.9,86.0,,,,,,,,,
2404786767.0,642,77,5.0,189,27.0,10.9,81,"{'value': 2, 'displayName': 'SecondHalf'}","{'value': 8, 'displayName': 'Interception'}","{'value': 1, 'displayName': 'Successful'}","[{'type': {'value': 56, 'displayName': 'Zone'}, 'value': 'Back'}, {'type': {'value': 15, 'displayName': 'Head'}}]","[91, 101, 56]",True,321085.0,,,,,,,,,,,
2404787153.0,644,77,23.0,189,0.0,0.0,81,"{'value': 2, 'displayName': 'SecondHalf'}","{'value': 18, 'displayName': 'SubstitutionOff'}","{'value': 1, 'displayName': 'Successful'}","[{'type': {'value': 44, 'displayName': 'PlayerPosition'}, 'value': 'Midfielder'}, {'type': {'value': 59, 'displayName': 'JerseyNumber'}, 'value': '19'}, {'type': {'value': 55, 'displayName': 'RelatedEventId'}, 'value': '645'}]",[214],False,353377.0,,,645.0,295964.0,,,,,,,
2404787177.0,645,77,23.0,189,0.0,0.0,81,"{'value': 2, 'displayName': 'SecondHalf'}","{'value': 19, 'displayName': 'SubstitutionOn'}","{'value': 1, 'displayName': 'Successful'}","[{'type': {'value': 55, 'displayName': 'RelatedEventId'}, 'value': '644'}, {'type': {'value': 44, 'displayName': 'PlayerPosition'}, 'value': 'Midfielder'}, {'type': {'value': 59, 'displayName': 'JerseyNumber'}, 'value': '7'}, {'type': {'value': 145, 'displayName': 'FormationSlot'}, 'value': '10'}]",[213],False,295964.0,,,644.0,353377.0,,,,,,,
2404787497.0,646,77,27.0,189,0.0,0.0,81,"{'value': 2, 'displayName': 'SecondHalf'}","{'value': 40, 'displayName': 'FormationChange'}","{'value': 1, 'displayName': 'Successful'}","[{'type': {'value': 59, 'displayName': 'JerseyNumber'}, 'value': '1, 20, 3, 6, 22, 5, 8, 21, 17, 11, 7, 14, 23, 24, 26, 29, 30, 40'}, {'type': {'value': 44, 'displayName': 'PlayerPosition'}, 'value': '1, 2, 2, 3, 2, 2, 3, 3, 4, 4, 4, 5, 5, 5, 5, 5, 5, 5'}, {'type': {'value': 30, 'displayName': 'InvolvedPlayers'}, 'value': '276366,321085,229562,101856,29026,342499,339674,69344,134240,296240,295964,320575,120000,240848,362124,346304,329554,328315'}, {'type': {'value': 130, 'displayName': 'TeamFormation'}, 'value': '4'}, {'type': {'value': 131, 'displayName': 'TeamPlayerFormation'}, 'value': '1, 2, 3, 4, 5, 6, 7, 8, 9, 10, 11, 0, 0, 0, 0, 0, 0, 0'}, {'type': {'value': 194, 'displayName': 'CaptainPlayerId'}, 'value': '101856'}]",[],False,,,,,,,,,,,,
2404787779.0,735,77,53.0,29,82.0,100.0,81,"{'value': 2, 'displayName': 'SecondHalf'}","{'value': 1, 'displayName': 'Pass'}","{'value': 1, 'displayName': 'Successful'}","[{'type': {'value': 213, 'displayName': 'Angle'}, 'value': '4.2'}, {'type': {'value': 140, 'displayName': 'PassEndX'}, 'value': '79.0'}, {'type': {'value': 141, 'displayName': 'PassEndY'}, 'value': '94.2'}, {'type': {'value': 212, 'displayName': 'Length'}, 'value': '6.2'}, {'type': {'value': 56, 'displayName': 'Zone'}, 'value': 'Left'}, {'type': {'value': 107, 'displayName': 'ThrowIn'}}]","[91, 212, 35, 38, 217]",True,68049.0,79.0,94.2,,,,,,,,,
2404787803.0,736,77,54.0,29,79.0,94.2,81,"{'value': 2, 'displayName': 'SecondHalf'}","{'value': 1, 'displayName': 'Pass'}","{'value': 1, 'displayName': 'Successful'}","[{'type': {'value': 212, 'displayName': 'Length'}, 'value': '2.8'}, {'type': {'value': 56, 'displayName': 'Zone'}, 'value': 'Left'}, {'type': {'value': 178, 'displayName': 'StandingSave'}}, {'type': {'value': 213, 'displayName': 'Angle'}, 'value': '0.7'}, {'type': {'value': 140, 'displayName': 'PassEndX'}, 'value': '81.0'}, {'type': {'value': 141, 'displayName': 'PassEndY'}, 'value': '97.0'}]","[91, 119, 117, 30, 205, 36, 37, 217, 218]",True,297203.0,81.0,97.0,,,,,,,,,
2404787859.0,737,77,54.0,29,81.0,97.0,81,"{'value': 2, 'displayName': 'SecondHalf'}","{'value': 1, 'displayName': 'Pass'}","{'value': 1, 'displayName': 'Successful'}","[{'type': {'value': 56, 'displayName': 'Zone'}, 'value': 'Left'}, {'type': {'value': 178, 'displayName': 'StandingSave'}}, {'type': {'value': 141, 'displayName': 'PassEndY'}, 'value': '90.4'}, {'type': {'value': 140, 'displayName': 'PassEndX'}, 'value': '87.9'}, {'type': {'value': 212, 'displayName': 'Length'}, 'value': '8.5'}, {'type': {'value': 213, 'displayName': 'Angle'}, 'value': '5.7'}]","[91, 119, 117, 30, 205, 36, 38, 217, 218]",True,68049.0,87.9,90.4,,,,,,,,,
2404787945.0,738,77,57.0,29,92.2,87.9,81,"{'value': 2, 'displayName': 'SecondHalf'}","{'value': 1, 'displayName': 'Pass'}","{'value': 0, 'displayName': 'Unsuccessful'}","[{'type': {'value': 178, 'displayName': 'StandingSave'}}, {'type': {'value': 140, 'displayName': 'PassEndX'}, 'value': '95.3'}, {'type': {'value': 213, 'displayName': 'Angle'}, 'value': '4.8'}, {'type': {'value': 2, 'displayName': 'Cross'}}, {'type': {'value': 212, 'displayName': 'Length'}, 'value': '26.5'}, {'type': {'value': 56, 'displayName': 'Zone'}, 'value': 'Center'}, {'type': {'value': 72, 'displayName': 'LeftFoot'}}, {'type': {'value': 141, 'displayName': 'PassEndY'}, 'value': '49.2'}, {'type': {'value': 155, 'displayName': 'Chipped'}}]","[91, 138, 124, 126, 36, 38, 217, 218]",True,297203.0,95.3,49.2,,,,,,,,,
2404787981.0,647,78,0.0,189,7.4,52.8,82,"{'value': 2, 'displayName': 'SecondHalf'}","{'value': 52, 'displayName': 'KeeperPickup'}","{'value': 1, 'displayName': 'Successful'}","[{'type': {'value': 178, 'displayName': 'StandingSave'}}]",[93],False,276366.0,,,,,,,,,,,
2404788115.0,648,78,6.0,189,14.3,57.0,82,"{'value': 2, 'displayName': 'SecondHalf'}","{'value': 1, 'displayName': 'Pass'}","{'value': 1, 'displayName': 'Successful'}","[{'type': {'value': 123, 'displayName': 'KeeperThrow'}}, {'type': {'value': 141, 'displayName': 'PassEndY'}, 'value': '59.7'}, {'type': {'value': 140, 'displayName': 'PassEndX'}, 'value': '30.5'}, {'type': {'value': 56, 'displayName': 'Zone'}, 'value': 'Back'}, {'type': {'value': 178, 'displayName': 'StandingSave'}}, {'type': {'value': 212, 'displayName': 'Length'}, 'value': '17.1'}, {'type': {'value': 213, 'displayName': 'Angle'}, 'value': '0.1'}]","[91, 36, 37, 215, 218]",True,276366.0,30.5,59.7,,,,,,,,,
2404788163.0,649,78,9.0,189,30.5,59.7,82,"{'value': 2, 'displayName': 'SecondHalf'}","{'value': 1, 'displayName': 'Pass'}","{'value': 1, 'displayName': 'Successful'}","[{'type': {'value': 213, 'displayName': 'Angle'}, 'value': '5.8'}, {'type': {'value': 56, 'displayName': 'Zone'}, 'value': 'Center'}, {'type': {'value': 178, 'displayName': 'StandingSave'}}, {'type': {'value': 140, 'displayName': 'PassEndX'}, 'value': '51.2'}, {'type': {'value': 212, 'displayName': 'Length'}, 'value': '24.4'}, {'type': {'value': 141, 'displayName': 'PassEndY'}, 'value': '43.3'}]","[91, 119, 117, 30, 36, 38, 216, 218]",True,69344.0,51.2,43.3,,,,,,,,,
2404788215.0,650,78,12.0,189,53.8,41.8,82,"{'value': 2, 'displayName': 'SecondHalf'}","{'value': 1, 'displayName': 'Pass'}","{'value': 1, 'displayName': 'Successful'}","[{'type': {'value': 140, 'displayName': 'PassEndX'}, 'value': '78.2'}, {'type': {'value': 213, 'displayName': 'Angle'}, 'value': '0.6'}, {'type': {'value': 56, 'displayName': 'Zone'}, 'value': 'Center'}, {'type': {'value': 141, 'displayName': 'PassEndY'}, 'value': '66.8'}, {'type': {'value': 178, 'displayName': 'StandingSave'}}, {'type': {'value': 212, 'displayName': 'Length'}, 'value': '30.7'}]","[91, 119, 117, 30, 205, 36, 37, 217, 218]",True,339674.0,78.2,66.8,,,,,,,,,
2404788225.0,651,78,13.0,189,79.7,65.7,82,"{'value': 2, 'displayName': 'SecondHalf'}","{'value': 61, 'displayName': 'BallTouch'}","{'value': 0, 'displayName': 'Unsuccessful'}","[{'type': {'value': 178, 'displayName': 'StandingSave'}}, {'type': {'value': 56, 'displayName': 'Zone'}, 'value': 'Center'}]","[91, 69]",True,134240.0,,,,,,,,,,,
2404788321.0,739,78,14.0,29,13.0,43.9,82,"{'value': 2, 'displayName': 'SecondHalf'}","{'value': 12, 'displayName': 'Clearance'}","{'value': 1, 'displayName': 'Successful'}","[{'type': {'value': 212, 'displayName': 'Length'}, 'value': '23.0'}, {'type': {'value': 213, 'displayName': 'Angle'}, 'value': '4.1'}, {'type': {'value': 141, 'displayName': 'PassEndY'}, 'value': '15.3'}, {'type': {'value': 140, 'displayName': 'PassEndX'}, 'value': '1.3'}, {'type': {'value': 178, 'displayName': 'StandingSave'}}, {'type': {'value': 56, 'displayName': 'Zone'}, 'value': 'Back'}]","[91, 94, 95, 215]",True,73063.0,1.3,15.3,,,,,,,,,
2404788317.0,652,78,19.0,189,98.4,86.6,82,"{'value': 2, 'displayName': 'SecondHalf'}","{'value': 3, 'displayName': 'TakeOn'}","{'value': 0, 'displayName': 'Unsuccessful'}","[{'type': {'value': 56, 'displayName': 'Zone'}, 'value': 'Left'}, {'type': {'value': 286, 'displayName': 'Offensive'}}, {'type': {'value': 178, 'displayName': 'StandingSave'}}, {'type': {'value': 233, 'displayName': 'OppositeRelatedEvent'}, 'value': '740'}]","[91, 53]",True,295964.0,,,,,,,,,,,
2404788381.0,740,78,19.0,29,1.6,13.4,82,"{'value': 2, 'displayName': 'SecondHalf'}","{'value': 7, 'displayName': 'Tackle'}","{'value': 1, 'displayName': 'Successful'}","[{'type': {'value': 285, 'displayName': 'Defensive'}}, {'type': {'value': 178, 'displayName': 'StandingSave'}}, {'type': {'value': 233, 'displayName': 'OppositeRelatedEvent'}, 'value': '652'}, {'type': {'value': 56, 'displayName': 'Zone'}, 'value': 'Back'}]","[91, 143]",True,111372.0,,,,,,,,,,,
2404788363.0,653,78,19.0,189,99.5,86.6,82,"{'value': 2, 'displayName': 'SecondHalf'}","{'value': 6, 'displayName': 'CornerAwarded'}","{'value': 1, 'displayName': 'Successful'}","[{'type': {'value': 73, 'displayName': 'MissLeft'}}, {'type': {'value': 233, 'displayName': 'OppositeRelatedEvent'}, 'value': '741'}, {'type': {'value': 56, 'displayName': 'Zone'}, 'value': 'Left'}]",[122],False,295964.0,,,,,,,,,,,
2404788409.0,741,78,19.0,29,0.5,13.4,82,"{'value': 2, 'displayName': 'SecondHalf'}","{'value': 6, 'displayName': 'CornerAwarded'}","{'value': 0, 'displayName': 'Unsuccessful'}","[{'type': {'value': 73, 'displayName': 'MissLeft'}}, {'type': {'value': 233, 'displayName': 'OppositeRelatedEvent'}, 'value': '653'}, {'type': {'value': 56, 'displayName': 'Zone'}, 'value': 'Back'}]",[122],False,111372.0,,,,,,,,,,,
2404789607.0,656,79,23.0,189,99.7,99.8,83,"{'value': 2, 'displayName': 'SecondHalf'}","{'value': 1, 'displayName': 'Pass'}","{'value': 0, 'displayName': 'Unsuccessful'}","[{'type': {'value': 178, 'displayName': 'StandingSave'}}, {'type': {'value': 20, 'displayName': 'RightFoot'}}, {'type': {'value': 56, 'displayName': 'Zone'}, 'value': 'Center'}, {'type': {'value': 2, 'displayName': 'Cross'}}, {'type': {'value': 213, 'displayName': 'Angle'}, 'value': '4.6'}, {'type': {'value': 6, 'displayName': 'CornerTaken'}}, {'type': {'value': 212, 'displayName': 'Length'}, 'value': '25.8'}, {'type': {'value': 140, 'displayName': 'PassEndX'}, 'value': '95.8'}, {'type': {'value': 155, 'displayName': 'Chipped'}}, {'type': {'value': 141, 'displayName': 'PassEndY'}, 'value': '62.4'}]","[91, 137, 124, 126, 31, 33, 34, 35, 38, 217, 218]",True,69344.0,95.8,62.4,,,,,,,,,
2405033927.0,895,79,24.0,29,3.6,37.5,83,"{'value': 2, 'displayName': 'SecondHalf'}","{'value': 44, 'displayName': 'Aerial'}","{'value': 1, 'displayName': 'Successful'}","[{'type': {'value': 56, 'displayName': 'Zone'}, 'value': 'Back'}, {'type': {'value': 233, 'displayName': 'OppositeRelatedEvent'}, 'value': '798'}, {'type': {'value': 285, 'displayName': 'Defensive'}}]","[197, 200]",False,332325.0,,,,,,,,,,,
2405033857.0,798,79,24.0,189,96.4,62.5,83,"{'value': 2, 'displayName': 'SecondHalf'}","{'value': 44, 'displayName': 'Aerial'}","{'value': 0, 'displayName': 'Unsuccessful'}","[{'type': {'value': 286, 'displayName': 'Offensive'}}, {'type': {'value': 56, 'displayName': 'Zone'}, 'value': 'Center'}, {'type': {'value': 233, 'displayName': 'OppositeRelatedEvent'}, 'value': '895'}]","[198, 199]",False,321085.0,,,,,,,,,,,
2404789675.0,744,79,24.0,29,4.8,40.7,83,"{'value': 2, 'displayName': 'SecondHalf'}","{'value': 12, 'displayName': 'Clearance'}","{'value': 1, 'displayName': 'Successful'}","[{'type': {'value': 140, 'displayName': 'PassEndX'}, 'value': '28.5'}, {'type': {'value': 15, 'displayName': 'Head'}}, {'type': {'value': 213, 'displayName': 'Angle'}, 'value': '6.2'}, {'type': {'value': 212, 'displayName': 'Length'}, 'value': '24.9'}, {'type': {'value': 141, 'displayName': 'PassEndY'}, 'value': '38.3'}, {'type': {'value': 56, 'displayName': 'Zone'}, 'value': 'Back'}]","[91, 94, 95, 57, 215]",True,332325.0,28.5,38.3,,,,,,,,,
2404789733.0,657,79,28.0,189,73.4,64.1,83,"{'value': 2, 'displayName': 'SecondHalf'}","{'value': 1, 'displayName': 'Pass'}","{'value': 0, 'displayName': 'Unsuccessful'}","[{'type': {'value': 1, 'displayName': 'Longball'}}, {'type': {'value': 141, 'displayName': 'PassEndY'}, 'value': '23.3'}, {'type': {'value': 212, 'displayName': 'Length'}, 'value': '40.3'}, {'type': {'value': 178, 'displayName': 'StandingSave'}}, {'type': {'value': 213, 'displayName': 'Angle'}, 'value': '5.5'}, {'type': {'value': 140, 'displayName': 'PassEndX'}, 'value': '100.0'}, {'type': {'value': 56, 'displayName': 'Zone'}, 'value': 'Center'}, {'type': {'value': 155, 'displayName': 'Chipped'}}]","[91, 120, 124, 128, 36, 38, 217, 218]",True,339674.0,100.0,23.3,,,,,,,,,
2404789929.0,746,79,39.0,29,4.3,56.7,83,"{'value': 2, 'displayName': 'SecondHalf'}","{'value': 1, 'displayName': 'Pass'}","{'value': 1, 'displayName': 'Successful'}","[{'type': {'value': 56, 'displayName': 'Zone'}, 'value': 'Back'}, {'type': {'value': 213, 'displayName': 'Angle'}, 'value': '1.2'}, {'type': {'value': 212, 'displayName': 'Length'}, 'value': '6.3'}, {'type': {'value': 140, 'displayName': 'PassEndX'}, 'value': '6.3'}, {'type': {'value': 124, 'displayName': 'GoalKick'}}, {'type': {'value': 141, 'displayName': 'PassEndY'}, 'value': '65.4'}]","[91, 117, 30, 36, 37, 215, 218]",True,20973.0,6.3,65.4,,,,,,,,,
2404790007.0,747,79,40.0,29,6.3,65.4,83,"{'value': 2, 'displayName': 'SecondHalf'}","{'value': 1, 'displayName': 'Pass'}","{'value': 1, 'displayName': 'Successful'}","[{'type': {'value': 213, 'displayName': 'Angle'}, 'value': '1.0'}, {'type': {'value': 140, 'displayName': 'PassEndX'}, 'value': '13.4'}, {'type': {'value': 178, 'displayName': 'StandingSave'}}, {'type': {'value': 56, 'displayName': 'Zone'}, 'value': 'Back'}, {'type': {'value': 141, 'displayName': 'PassEndY'}, 'value': '83.9'}, {'type': {'value': 212, 'displayName': 'Length'}, 'value': '14.6'}]","[91, 117, 30, 36, 37, 215, 218]",True,300359.0,13.4,83.9,,,,,,,,,
2404790047.0,748,79,45.0,29,21.1,68.4,83,"{'value': 2, 'displayName': 'SecondHalf'}","{'value': 1, 'displayName': 'Pass'}","{'value': 1, 'displayName': 'Successful'}","[{'type': {'value': 178, 'displayName': 'StandingSave'}}, {'type': {'value': 140, 'displayName': 'PassEndX'}, 'value': '20.2'}, {'type': {'value': 56, 'displayName': 'Zone'}, 'value': 'Back'}, {'type': {'value': 141, 'displayName': 'PassEndY'}, 'value': '52.6'}, {'type': {'value': 213, 'displayName': 'Angle'}, 'value': '4.6'}, {'type': {'value': 212, 'displayName': 'Length'}, 'value': '10.8'}]","[91, 117, 30, 35, 38, 215, 218]",True,332325.0,20.2,52.6,,,,,,,,,
2404790087.0,749,79,48.0,29,21.0,49.5,83,"{'value': 2, 'displayName': 'SecondHalf'}","{'value': 1, 'displayName': 'Pass'}","{'value': 1, 'displayName': 'Successful'}","[{'type': {'value': 213, 'displayName': 'Angle'}, 'value': '4.8'}, {'type': {'value': 140, 'displayName': 'PassEndX'}, 'value': '22.4'}, {'type': {'value': 56, 'displayName': 'Zone'}, 'value': 'Back'}, {'type': {'value': 141, 'displayName': 'PassEndY'}, 'value': '23.4'}, {'type': {'value': 212, 'displayName': 'Length'}, 'value': '17.8'}, {'type': {'value': 178, 'displayName': 'StandingSave'}}]","[91, 117, 30, 36, 38, 215, 218]",True,143595.0,22.4,23.4,,,,,,,,,
2404790109.0,750,79,50.0,29,22.5,23.8,83,"{'value': 2, 'displayName': 'SecondHalf'}","{'value': 1, 'displayName': 'Pass'}","{'value': 1, 'displayName': 'Successful'}","[{'type': {'value': 178, 'displayName': 'StandingSave'}}, {'type': {'value': 141, 'displayName': 'PassEndY'}, 'value': '25.4'}, {'type': {'value': 213, 'displayName': 'Angle'}, 'value': '0.1'}, {'type': {'value': 56, 'displayName': 'Zone'}, 'value': 'Back'}, {'type': {'value': 212, 'displayName': 'Length'}, 'value': '9.4'}, {'type': {'value': 140, 'displayName': 'PassEndX'}, 'value': '31.4'}]","[91, 117, 30, 36, 37, 215, 218]",True,73063.0,31.4,25.4,,,,,,,,,
2404790205.0,751,79,51.0,29,31.7,24.9,83,"{'value': 2, 'displayName': 'SecondHalf'}","{'value': 1, 'displayName': 'Pass'}","{'value': 1, 'displayName': 'Successful'}","[{'type': {'value': 178, 'displayName': 'StandingSave'}}, {'type': {'value': 140, 'displayName': 'PassEndX'}, 'value': '32.9'}, {'type': {'value': 56, 'displayName': 'Zone'}, 'value': 'Back'}, {'type': {'value': 213, 'displayName': 'Angle'}, 'value': '4.8'}, {'type': {'value': 141, 'displayName': 'PassEndY'}, 'value': '9.9'}, {'type': {'value': 212, 'displayName': 'Length'}, 'value': '10.3'}]","[91, 117, 30, 36, 38, 215, 218]",True,297203.0,32.9,9.9,,,,,,,,,
2404790249.0,752,79,56.0,29,33.8,15.5,83,"{'value': 2, 'displayName': 'SecondHalf'}","{'value': 1, 'displayName': 'Pass'}","{'value': 1, 'displayName': 'Successful'}","[{'type': {'value': 212, 'displayName': 'Length'}, 'value': '10.0'}, {'type': {'value': 178, 'displayName': 'StandingSave'}}, {'type': {'value': 213, 'displayName': 'Angle'}, 'value': '1.7'}, {'type': {'value': 141, 'displayName': 'PassEndY'}, 'value': '30.2'}, {'type': {'value': 56, 'displayName': 'Zone'}, 'value': 'Back'}, {'type': {'value': 140, 'displayName': 'PassEndX'}, 'value': '32.9'}]","[91, 117, 30, 35, 37, 215, 218]",True,111372.0,32.9,30.2,,,,,,,,,
2404790341.0,753,79,58.0,29,34.2,31.5,83,"{'value': 2, 'displayName': 'SecondHalf'}","{'value': 1, 'displayName': 'Pass'}","{'value': 1, 'displayName': 'Successful'}","[{'type': {'value': 155, 'displayName': 'Chipped'}}, {'type': {'value': 178, 'displayName': 'StandingSave'}}, {'type': {'value': 212, 'displayName': 'Length'}, 'value': '44.6'}, {'type': {'value': 56, 'displayName': 'Zone'}, 'value': 'Left'}, {'type': {'value': 1, 'displayName': 'Longball'}}, {'type': {'value': 140, 'displayName': 'PassEndX'}, 'value': '52.9'}, {'type': {'value': 141, 'displayName': 'PassEndY'}, 'value': '90.4'}, {'type': {'value': 213, 'displayName': 'Angle'}, 'value': '1.1'}]","[91, 119, 117, 124, 127, 36, 37, 216, 218]",True,143595.0,52.9,90.4,,,,,,,,,
2404790443.0,754,80,3.0,29,54.7,90.7,84,"{'value': 2, 'displayName': 'SecondHalf'}","{'value': 1, 'displayName': 'Pass'}","{'value': 1, 'displayName': 'Successful'}","[{'type': {'value': 140, 'displayName': 'PassEndX'}, 'value': '67.9'}, {'type': {'value': 212, 'displayName': 'Length'}, 'value': '15.4'}, {'type': {'value': 56, 'displayName': 'Zone'}, 'value': 'Left'}, {'type': {'value': 141, 'displayName': 'PassEndY'}, 'value': '80.7'}, {'type': {'value': 178, 'displayName': 'StandingSave'}}, {'type': {'value': 213, 'displayName': 'Angle'}, 'value': '5.8'}]","[91, 119, 117, 30, 205, 36, 38, 217, 218]",True,68049.0,67.9,80.7,,,,,,,,,
2404790449.0,755,80,6.0,29,86.4,85.6,84,"{'value': 2, 'displayName': 'SecondHalf'}","{'value': 3, 'displayName': 'TakeOn'}","{'value': 0, 'displayName': 'Unsuccessful'}","[{'type': {'value': 56, 'displayName': 'Zone'}, 'value': 'Left'}, {'type': {'value': 178, 'displayName': 'StandingSave'}}, {'type': {'value': 233, 'displayName': 'OppositeRelatedEvent'}, 'value': '659'}, {'type': {'value': 286, 'displayName': 'Offensive'}}]","[91, 53]",True,137021.0,,,,,,,,,,,
2404790471.0,659,80,7.0,189,13.6,14.4,84,"{'value': 2, 'displayName': 'SecondHalf'}","{'value': 7, 'displayName': 'Tackle'}","{'value': 0, 'displayName': 'Unsuccessful'}","[{'type': {'value': 233, 'displayName': 'OppositeRelatedEvent'}, 'value': '755'}, {'type': {'value': 285, 'displayName': 'Defensive'}}, {'type': {'value': 56, 'displayName': 'Zone'}, 'value': 'Back'}]","[91, 142]",True,321085.0,,,,,,,,,,,
2404790551.0,756,80,13.0,29,93.0,95.8,84,"{'value': 2, 'displayName': 'SecondHalf'}","{'value': 3, 'displayName': 'TakeOn'}","{'value': 0, 'displayName': 'Unsuccessful'}","[{'type': {'value': 233, 'displayName': 'OppositeRelatedEvent'}, 'value': '660'}, {'type': {'value': 178, 'displayName': 'StandingSave'}}, {'type': {'value': 286, 'displayName': 'Offensive'}}, {'type': {'value': 56, 'displayName': 'Zone'}, 'value': 'Left'}]","[91, 53]",True,137021.0,,,,,,,,,,,
2404790581.0,660,80,13.0,189,7.0,4.2,84,"{'value': 2, 'displayName': 'SecondHalf'}","{'value': 7, 'displayName': 'Tackle'}","{'value': 1, 'displayName': 'Successful'}","[{'type': {'value': 233, 'displayName': 'OppositeRelatedEvent'}, 'value': '756'}, {'type': {'value': 178, 'displayName': 'StandingSave'}}, {'type': {'value': 285, 'displayName': 'Defensive'}}, {'type': {'value': 56, 'displayName': 'Zone'}, 'value': 'Back'}]","[91, 143]",True,321085.0,,,,,,,,,,,
2404790587.0,661,80,14.0,189,13.4,4.0,84,"{'value': 2, 'displayName': 'SecondHalf'}","{'value': 49, 'displayName': 'BallRecovery'}","{'value': 1, 'displayName': 'Successful'}",[],[93],False,321085.0,,,,,,,,,,,
2404790653.0,662,80,16.0,189,17.5,3.4,84,"{'value': 2, 'displayName': 'SecondHalf'}","{'value': 1, 'displayName': 'Pass'}","{'value': 0, 'displayName': 'Unsuccessful'}","[{'type': {'value': 212, 'displayName': 'Length'}, 'value': '34.6'}, {'type': {'value': 141, 'displayName': 'PassEndY'}, 'value': '23.3'}, {'type': {'value': 1, 'displayName': 'Longball'}}, {'type': {'value': 56, 'displayName': 'Zone'}, 'value': 'Back'}, {'type': {'value': 140, 'displayName': 'PassEndX'}, 'value': '47.8'}, {'type': {'value': 178, 'displayName': 'StandingSave'}}, {'type': {'value': 213, 'displayName': 'Angle'}, 'value': '0.4'}, {'type': {'value': 155, 'displayName': 'Chipped'}}]","[91, 118, 120, 124, 128, 36, 37, 216, 218]",True,321085.0,47.8,23.3,,,,,,,,,
2404790693.0,757,80,19.0,29,52.5,75.1,84,"{'value': 2, 'displayName': 'SecondHalf'}","{'value': 1, 'displayName': 'Pass'}","{'value': 1, 'displayName': 'Successful'}","[{'type': {'value': 141, 'displayName': 'PassEndY'}, 'value': '81.8'}, {'type': {'value': 140, 'displayName': 'PassEndX'}, 'value': '59.3'}, {'type': {'value': 21, 'displayName': 'OtherBodyPart'}}, {'type': {'value': 212, 'displayName': 'Length'}, 'value': '8.5'}, {'type': {'value': 56, 'displayName': 'Zone'}, 'value': 'Left'}, {'type': {'value': 213, 'displayName': 'Angle'}, 'value': '0.6'}]","[91, 119, 117, 30, 36, 37, 216, 218]",True,300359.0,59.3,81.8,,,,,,,,,
2404790705.0,758,80,20.0,29,59.3,81.8,84,"{'value': 2, 'displayName': 'SecondHalf'}","{'value': 49, 'displayName': 'BallRecovery'}","{'value': 1, 'displayName': 'Successful'}",[],[93],False,332325.0,,,,,,,,,,,
2404790737.0,759,80,20.0,29,59.3,81.8,84,"{'value': 2, 'displayName': 'SecondHalf'}","{'value': 1, 'displayName': 'Pass'}","{'value': 1, 'displayName': 'Successful'}","[{'type': {'value': 178, 'displayName': 'StandingSave'}}, {'type': {'value': 56, 'displayName': 'Zone'}, 'value': 'Back'}, {'type': {'value': 140, 'displayName': 'PassEndX'}, 'value': '46.6'}, {'type': {'value': 213, 'displayName': 'Angle'}, 'value': '2.7'}, {'type': {'value': 141, 'displayName': 'PassEndY'}, 'value': '90.0'}, {'type': {'value': 212, 'displayName': 'Length'}, 'value': '14.5'}]","[91, 117, 30, 35, 37, 216, 218]",True,332325.0,46.6,90.0,,,,,,,,,
2404790851.0,760,80,23.0,29,43.4,87.7,84,"{'value': 2, 'displayName': 'SecondHalf'}","{'value': 1, 'displayName': 'Pass'}","{'value': 1, 'displayName': 'Successful'}","[{'type': {'value': 213, 'displayName': 'Angle'}, 'value': '5.0'}, {'type': {'value': 178, 'displayName': 'StandingSave'}}, {'type': {'value': 212, 'displayName': 'Length'}, 'value': '10.9'}, {'type': {'value': 140, 'displayName': 'PassEndX'}, 'value': '46.2'}, {'type': {'value': 141, 'displayName': 'PassEndY'}, 'value': '72.2'}, {'type': {'value': 56, 'displayName': 'Zone'}, 'value': 'Back'}]","[91, 117, 30, 36, 38, 216, 218]",True,300359.0,46.2,72.2,,,,,,,,,
2404790921.0,761,80,28.0,29,53.3,66.7,84,"{'value': 2, 'displayName': 'SecondHalf'}","{'value': 1, 'displayName': 'Pass'}","{'value': 1, 'displayName': 'Successful'}","[{'type': {'value': 212, 'displayName': 'Length'}, 'value': '30.6'}, {'type': {'value': 178, 'displayName': 'StandingSave'}}, {'type': {'value': 141, 'displayName': 'PassEndY'}, 'value': '94.1'}, {'type': {'value': 213, 'displayName': 'Angle'}, 'value': '0.7'}, {'type': {'value': 140, 'displayName': 'PassEndX'}, 'value': '76.4'}, {'type': {'value': 56, 'displayName': 'Zone'}, 'value': 'Left'}]","[91, 119, 117, 30, 205, 36, 37, 217, 218]",True,332325.0,76.4,94.1,,,,,,,,,
2404790969.0,762,80,32.0,29,80.8,88.6,84,"{'value': 2, 'displayName': 'SecondHalf'}","{'value': 1, 'displayName': 'Pass'}","{'value': 0, 'displayName': 'Unsuccessful'}","[{'type': {'value': 141, 'displayName': 'PassEndY'}, 'value': '75.8'}, {'type': {'value': 178, 'displayName': 'StandingSave'}}, {'type': {'value': 213, 'displayName': 'Angle'}, 'value': '5.5'}, {'type': {'value': 56, 'displayName': 'Zone'}, 'value': 'Center'}, {'type': {'value': 212, 'displayName': 'Length'}, 'value': '13.0'}, {'type': {'value': 140, 'displayName': 'PassEndX'}, 'value': '90.0'}]","[91, 120, 29, 36, 38, 217, 218]",True,137021.0,90.0,75.8,,,,,,,,,
2404790991.0,663,80,34.0,189,6.2,24.2,84,"{'value': 2, 'displayName': 'SecondHalf'}","{'value': 1, 'displayName': 'Pass'}","{'value': 1, 'displayName': 'Successful'}","[{'type': {'value': 178, 'displayName': 'StandingSave'}}, {'type': {'value': 213, 'displayName': 'Angle'}, 'value': '0.1'}, {'type': {'value': 141, 'displayName': 'PassEndY'}, 'value': '26.0'}, {'type': {'value': 212, 'displayName': 'Length'}, 'value': '9.0'}, {'type': {'value': 56, 'displayName': 'Zone'}, 'value': 'Back'}, {'type': {'value': 140, 'displayName': 'PassEndX'}, 'value': '14.7'}]","[91, 117, 30, 36, 37, 215, 218]",True,29026.0,14.7,26.0,,,,,,,,,
2404790999.0,664,80,36.0,189,14.7,26.0,84,"{'value': 2, 'displayName': 'SecondHalf'}","{'value': 49, 'displayName': 'BallRecovery'}","{'value': 1, 'displayName': 'Successful'}",[],[93],False,339674.0,,,,,,,,,,,
2404791117.0,665,80,38.0,189,25.4,27.5,84,"{'value': 2, 'displayName': 'SecondHalf'}","{'value': 1, 'displayName': 'Pass'}","{'value': 1, 'displayName': 'Successful'}","[{'type': {'value': 141, 'displayName': 'PassEndY'}, 'value': '48.5'}, {'type': {'value': 212, 'displayName': 'Length'}, 'value': '27.2'}, {'type': {'value': 178, 'displayName': 'StandingSave'}}, {'type': {'value': 140, 'displayName': 'PassEndX'}, 'value': '47.5'}, {'type': {'value': 213, 'displayName': 'Angle'}, 'value': '0.6'}, {'type': {'value': 56, 'displayName': 'Zone'}, 'value': 'Back'}]","[91, 117, 30, 36, 37, 216, 218]",True,339674.0,47.5,48.5,,,,,,,,,
2404791127.0,666,80,40.0,189,45.6,50.7,84,"{'value': 2, 'displayName': 'SecondHalf'}","{'value': 3, 'displayName': 'TakeOn'}","{'value': 0, 'displayName': 'Unsuccessful'}","[{'type': {'value': 56, 'displayName': 'Zone'}, 'value': 'Back'}, {'type': {'value': 233, 'displayName': 'OppositeRelatedEvent'}, 'value': '763'}, {'type': {'value': 286, 'displayName': 'Offensive'}}]","[91, 53]",True,134240.0,,,,,,,,,,,
2404791153.0,763,80,41.0,29,54.4,49.3,84,"{'value': 2, 'displayName': 'SecondHalf'}","{'value': 7, 'displayName': 'Tackle'}","{'value': 1, 'displayName': 'Successful'}","[{'type': {'value': 178, 'displayName': 'StandingSave'}}, {'type': {'value': 233, 'displayName': 'OppositeRelatedEvent'}, 'value': '666'}, {'type': {'value': 285, 'displayName': 'Defensive'}}, {'type': {'value': 56, 'displayName': 'Zone'}, 'value': 'Center'}]","[91, 143]",True,73063.0,,,,,,,,,,,
2404791157.0,764,80,43.0,29,56.8,43.0,84,"{'value': 2, 'displayName': 'SecondHalf'}","{'value': 49, 'displayName': 'BallRecovery'}","{'value': 1, 'displayName': 'Successful'}",[],[93],False,73063.0,,,,,,,,,,,
2404791213.0,765,80,43.0,29,57.3,39.7,84,"{'value': 2, 'displayName': 'SecondHalf'}","{'value': 1, 'displayName': 'Pass'}","{'value': 1, 'displayName': 'Successful'}","[{'type': {'value': 178, 'displayName': 'StandingSave'}}, {'type': {'value': 140, 'displayName': 'PassEndX'}, 'value': '50.3'}, {'type': {'value': 56, 'displayName': 'Zone'}, 'value': 'Center'}, {'type': {'value': 141, 'displayName': 'PassEndY'}, 'value': '28.0'}, {'type': {'value': 212, 'displayName': 'Length'}, 'value': '10.8'}, {'type': {'value': 213, 'displayName': 'Angle'}, 'value': '4.0'}]","[91, 119, 117, 30, 35, 38, 216, 218]",True,73063.0,50.3,28.0,,,,,,,,,
2404791261.0,766,80,45.0,29,49.4,28.0,84,"{'value': 2, 'displayName': 'SecondHalf'}","{'value': 1, 'displayName': 'Pass'}","{'value': 1, 'displayName': 'Successful'}","[{'type': {'value': 178, 'displayName': 'StandingSave'}}, {'type': {'value': 141, 'displayName': 'PassEndY'}, 'value': '51.8'}, {'type': {'value': 213, 'displayName': 'Angle'}, 'value': '2.1'}, {'type': {'value': 140, 'displayName': 'PassEndX'}, 'value': '41.3'}, {'type': {'value': 56, 'displayName': 'Zone'}, 'value': 'Back'}, {'type': {'value': 212, 'displayName': 'Length'}, 'value': '18.3'}]","[91, 117, 30, 35, 37, 216, 218]",True,111372.0,41.3,51.8,,,,,,,,,
2404791285.0,767,80,46.0,29,41.3,51.8,84,"{'value': 2, 'displayName': 'SecondHalf'}","{'value': 1, 'displayName': 'Pass'}","{'value': 1, 'displayName': 'Successful'}","[{'type': {'value': 178, 'displayName': 'StandingSave'}}, {'type': {'value': 56, 'displayName': 'Zone'}, 'value': 'Back'}, {'type': {'value': 140, 'displayName': 'PassEndX'}, 'value': '47.1'}, {'type': {'value': 213, 'displayName': 'Angle'}, 'value': '0.6'}, {'type': {'value': 212, 'displayName': 'Length'}, 'value': '7.2'}, {'type': {'value': 141, 'displayName': 'PassEndY'}, 'value': '57.5'}]","[91, 117, 30, 36, 37, 216, 218]",True,300359.0,47.1,57.5,,,,,,,,,
2404791349.0,768,80,49.0,29,47.1,57.5,84,"{'value': 2, 'displayName': 'SecondHalf'}","{'value': 1, 'displayName': 'Pass'}","{'value': 1, 'displayName': 'Successful'}","[{'type': {'value': 141, 'displayName': 'PassEndY'}, 'value': '82.8'}, {'type': {'value': 213, 'displayName': 'Angle'}, 'value': '0.8'}, {'type': {'value': 212, 'displayName': 'Length'}, 'value': '23.7'}, {'type': {'value': 140, 'displayName': 'PassEndX'}, 'value': '62.6'}, {'type': {'value': 56, 'displayName': 'Zone'}, 'value': 'Left'}, {'type': {'value': 178, 'displayName': 'StandingSave'}}]","[91, 119, 117, 30, 36, 37, 216, 218]",True,332325.0,62.6,82.8,,,,,,,,,
2404791407.0,769,80,51.0,29,62.9,85.3,84,"{'value': 2, 'displayName': 'SecondHalf'}","{'value': 1, 'displayName': 'Pass'}","{'value': 1, 'displayName': 'Successful'}","[{'type': {'value': 141, 'displayName': 'PassEndY'}, 'value': '94.9'}, {'type': {'value': 212, 'displayName': 'Length'}, 'value': '10.9'}, {'type': {'value': 178, 'displayName': 'StandingSave'}}, {'type': {'value': 213, 'displayName': 'Angle'}, 'value': '0.6'}, {'type': {'value': 140, 'displayName': 'PassEndX'}, 'value': '71.2'}, {'type': {'value': 56, 'displayName': 'Zone'}, 'value': 'Left'}]","[91, 119, 117, 30, 205, 36, 37, 217, 218]",True,297203.0,71.2,94.9,,,,,,,,,
2404791485.0,770,80,55.0,29,70.8,92.0,84,"{'value': 2, 'displayName': 'SecondHalf'}","{'value': 1, 'displayName': 'Pass'}","{'value': 1, 'displayName': 'Successful'}","[{'type': {'value': 213, 'displayName': 'Angle'}, 'value': '4.2'}, {'type': {'value': 140, 'displayName': 'PassEndX'}, 'value': '65.2'}, {'type': {'value': 212, 'displayName': 'Length'}, 'value': '11.7'}, {'type': {'value': 56, 'displayName': 'Zone'}, 'value': 'Center'}, {'type': {'value': 141, 'displayName': 'PassEndY'}, 'value': '77.2'}, {'type': {'value': 178, 'displayName': 'StandingSave'}}]","[91, 119, 117, 30, 35, 38, 216, 218]",True,137021.0,65.2,77.2,,,,,,,,,
2404791549.0,771,80,58.0,29,67.7,77.4,84,"{'value': 2, 'displayName': 'SecondHalf'}","{'value': 1, 'displayName': 'Pass'}","{'value': 1, 'displayName': 'Successful'}","[{'type': {'value': 140, 'displayName': 'PassEndX'}, 'value': '73.5'}, {'type': {'value': 141, 'displayName': 'PassEndY'}, 'value': '93.8'}, {'type': {'value': 56, 'displayName': 'Zone'}, 'value': 'Left'}, {'type': {'value': 212, 'displayName': 'Length'}, 'value': '12.7'}, {'type': {'value': 178, 'displayName': 'StandingSave'}}, {'type': {'value': 213, 'displayName': 'Angle'}, 'value': '1.1'}]","[91, 119, 117, 30, 205, 36, 37, 217, 218]",True,332325.0,73.5,93.8,,,,,,,,,
2404791575.0,772,81,0.0,29,75.5,93.8,85,"{'value': 2, 'displayName': 'SecondHalf'}","{'value': 1, 'displayName': 'Pass'}","{'value': 1, 'displayName': 'Successful'}","[{'type': {'value': 212, 'displayName': 'Length'}, 'value': '6.0'}, {'type': {'value': 141, 'displayName': 'PassEndY'}, 'value': '96.5'}, {'type': {'value': 56, 'displayName': 'Zone'}, 'value': 'Left'}, {'type': {'value': 213, 'displayName': 'Angle'}, 'value': '0.3'}, {'type': {'value': 140, 'displayName': 'PassEndX'}, 'value': '80.9'}, {'type': {'value': 178, 'displayName': 'StandingSave'}}]","[91, 119, 117, 30, 205, 36, 37, 217, 218]",True,68049.0,80.9,96.5,,,,,,,,,
2404791739.0,773,81,2.0,29,80.1,94.9,85,"{'value': 2, 'displayName': 'SecondHalf'}","{'value': 1, 'displayName': 'Pass'}","{'value': 1, 'displayName': 'Successful'}","[{'type': {'value': 212, 'displayName': 'Length'}, 'value': '13.6'}, {'type': {'value': 140, 'displayName': 'PassEndX'}, 'value': '74.8'}, {'type': {'value': 213, 'displayName': 'Angle'}, 'value': '4.3'}, {'type': {'value': 56, 'displayName': 'Zone'}, 'value': 'Center'}, {'type': {'value': 141, 'displayName': 'PassEndY'}, 'value': '76.6'}, {'type': {'value': 178, 'displayName': 'StandingSave'}}]","[91, 119, 117, 30, 205, 35, 38, 217, 218]",True,137021.0,74.8,76.6,,,,,,,,,
2404791779.0,774,81,9.0,29,72.5,82.2,85,"{'value': 2, 'displayName': 'SecondHalf'}","{'value': 1, 'displayName': 'Pass'}","{'value': 1, 'displayName': 'Successful'}","[{'type': {'value': 213, 'displayName': 'Angle'}, 'value': '4.4'}, {'type': {'value': 212, 'displayName': 'Length'}, 'value': '5.6'}, {'type': {'value': 140, 'displayName': 'PassEndX'}, 'value': '70.7'}, {'type': {'value': 56, 'displayName': 'Zone'}, 'value': 'Center'}, {'type': {'value': 178, 'displayName': 'StandingSave'}}, {'type': {'value': 141, 'displayName': 'PassEndY'}, 'value': '74.5'}]","[91, 119, 117, 30, 205, 35, 38, 217, 218]",True,332325.0,70.7,74.5,,,,,,,,,
2404791811.0,775,81,11.0,29,69.4,74.6,85,"{'value': 2, 'displayName': 'SecondHalf'}","{'value': 1, 'displayName': 'Pass'}","{'value': 1, 'displayName': 'Successful'}","[{'type': {'value': 141, 'displayName': 'PassEndY'}, 'value': '87.1'}, {'type': {'value': 56, 'displayName': 'Zone'}, 'value': 'Left'}, {'type': {'value': 140, 'displayName': 'PassEndX'}, 'value': '72.7'}, {'type': {'value': 212, 'displayName': 'Length'}, 'value': '9.2'}, {'type': {'value': 178, 'displayName': 'StandingSave'}}, {'type': {'value': 213, 'displayName': 'Angle'}, 'value': '1.2'}]","[91, 119, 117, 30, 205, 36, 37, 217, 218]",True,68049.0,72.7,87.1,,,,,,,,,
2404791859.0,776,81,12.0,29,71.5,86.2,85,"{'value': 2, 'displayName': 'SecondHalf'}","{'value': 1, 'displayName': 'Pass'}","{'value': 1, 'displayName': 'Successful'}","[{'type': {'value': 56, 'displayName': 'Zone'}, 'value': 'Center'}, {'type': {'value': 140, 'displayName': 'PassEndX'}, 'value': '68.0'}, {'type': {'value': 178, 'displayName': 'StandingSave'}}, {'type': {'value': 213, 'displayName': 'Angle'}, 'value': '4.4'}, {'type': {'value': 212, 'displayName': 'Length'}, 'value': '11.5'}, {'type': {'value': 141, 'displayName': 'PassEndY'}, 'value': '70.1'}]","[91, 119, 117, 30, 205, 35, 38, 217, 218]",True,332325.0,68.0,70.1,,,,,,,,,
2404791929.0,777,81,14.0,29,66.6,67.5,85,"{'value': 2, 'displayName': 'SecondHalf'}","{'value': 1, 'displayName': 'Pass'}","{'value': 1, 'displayName': 'Successful'}","[{'type': {'value': 213, 'displayName': 'Angle'}, 'value': '4.5'}, {'type': {'value': 212, 'displayName': 'Length'}, 'value': '15.0'}, {'type': {'value': 141, 'displayName': 'PassEndY'}, 'value': '45.7'}, {'type': {'value': 140, 'displayName': 'PassEndX'}, 'value': '64.2'}, {'type': {'value': 56, 'displayName': 'Zone'}, 'value': 'Center'}, {'type': {'value': 178, 'displayName': 'StandingSave'}}]","[91, 119, 117, 30, 35, 38, 216, 218]",True,322596.0,64.2,45.7,,,,,,,,,
2404791985.0,778,81,17.0,29,63.9,39.8,85,"{'value': 2, 'displayName': 'SecondHalf'}","{'value': 1, 'displayName': 'Pass'}","{'value': 1, 'displayName': 'Successful'}","[{'type': {'value': 178, 'displayName': 'StandingSave'}}, {'type': {'value': 213, 'displayName': 'Angle'}, 'value': '5.2'}, {'type': {'value': 141, 'displayName': 'PassEndY'}, 'value': '11.1'}, {'type': {'value': 56, 'displayName': 'Zone'}, 'value': 'Right'}, {'type': {'value': 212, 'displayName': 'Length'}, 'value': '22.0'}, {'type': {'value': 140, 'displayName': 'PassEndX'}, 'value': '73.6'}]","[91, 119, 117, 30, 205, 36, 38, 217, 218]",True,73063.0,73.6,11.1,,,,,,,,,
2404792041.0,779,81,20.0,29,73.8,12.3,85,"{'value': 2, 'displayName': 'SecondHalf'}","{'value': 1, 'displayName': 'Pass'}","{'value': 1, 'displayName': 'Successful'}","[{'type': {'value': 141, 'displayName': 'PassEndY'}, 'value': '18.5'}, {'type': {'value': 178, 'displayName': 'StandingSave'}}, {'type': {'value': 56, 'displayName': 'Zone'}, 'value': 'Right'}, {'type': {'value': 212, 'displayName': 'Length'}, 'value': '5.3'}, {'type': {'value': 213, 'displayName': 'Angle'}, 'value': '2.2'}, {'type': {'value': 140, 'displayName': 'PassEndX'}, 'value': '70.8'}]","[91, 119, 117, 30, 205, 35, 37, 217, 218]",True,111372.0,70.8,18.5,,,,,,,,,
2404792083.0,780,81,23.0,29,72.3,18.2,85,"{'value': 2, 'displayName': 'SecondHalf'}","{'value': 1, 'displayName': 'Pass'}","{'value': 1, 'displayName': 'Successful'}","[{'type': {'value': 141, 'displayName': 'PassEndY'}, 'value': '29.3'}, {'type': {'value': 178, 'displayName': 'StandingSave'}}, {'type': {'value': 212, 'displayName': 'Length'}, 'value': '7.6'}, {'type': {'value': 140, 'displayName': 'PassEndX'}, 'value': '73.1'}, {'type': {'value': 213, 'displayName': 'Angle'}, 'value': '1.5'}, {'type': {'value': 56, 'displayName': 'Zone'}, 'value': 'Center'}]","[91, 119, 117, 30, 205, 36, 37, 217, 218]",True,297203.0,73.1,29.3,,,,,,,,,
2404792163.0,781,81,25.0,29,73.5,30.2,85,"{'value': 2, 'displayName': 'SecondHalf'}","{'value': 1, 'displayName': 'Pass'}","{'value': 0, 'displayName': 'Unsuccessful'}","[{'type': {'value': 141, 'displayName': 'PassEndY'}, 'value': '2.3'}, {'type': {'value': 212, 'displayName': 'Length'}, 'value': '32.6'}, {'type': {'value': 140, 'displayName': 'PassEndX'}, 'value': '98.8'}, {'type': {'value': 155, 'displayName': 'Chipped'}}, {'type': {'value': 56, 'displayName': 'Zone'}, 'value': 'Right'}, {'type': {'value': 178, 'displayName': 'StandingSave'}}, {'type': {'value': 1, 'displayName': 'Longball'}}, {'type': {'value': 213, 'displayName': 'Angle'}, 'value': '5.7'}]","[91, 120, 124, 128, 36, 38, 217, 218]",True,143595.0,98.8,2.3,,,,,,,,,
2404792923.0,668,82,12.0,189,0.0,0.0,86,"{'value': 2, 'displayName': 'SecondHalf'}","{'value': 18, 'displayName': 'SubstitutionOff'}","{'value': 1, 'displayName': 'Successful'}","[{'type': {'value': 59, 'displayName': 'JerseyNumber'}, 'value': '20'}, {'type': {'value': 55, 'displayName': 'RelatedEventId'}, 'value': '669'}, {'type': {'value': 44, 'displayName': 'PlayerPosition'}, 'value': 'Defender'}]",[214],False,321085.0,,,669.0,329554.0,,,,,,,
2404792927.0,669,82,12.0,189,0.0,0.0,86,"{'value': 2, 'displayName': 'SecondHalf'}","{'value': 19, 'displayName': 'SubstitutionOn'}","{'value': 1, 'displayName': 'Successful'}","[{'type': {'value': 44, 'displayName': 'PlayerPosition'}, 'value': 'Defender'}, {'type': {'value': 59, 'displayName': 'JerseyNumber'}, 'value': '30'}, {'type': {'value': 145, 'displayName': 'FormationSlot'}, 'value': '2'}, {'type': {'value': 55, 'displayName': 'RelatedEventId'}, 'value': '668'}]",[213],False,329554.0,,,668.0,321085.0,,,,,,,
2404793281.0,670,82,26.0,189,5.4,51.8,86,"{'value': 2, 'displayName': 'SecondHalf'}","{'value': 1, 'displayName': 'Pass'}","{'value': 1, 'displayName': 'Successful'}","[{'type': {'value': 124, 'displayName': 'GoalKick'}}, {'type': {'value': 140, 'displayName': 'PassEndX'}, 'value': '8.9'}, {'type': {'value': 141, 'displayName': 'PassEndY'}, 'value': '69.5'}, {'type': {'value': 213, 'displayName': 'Angle'}, 'value': '1.3'}, {'type': {'value': 212, 'displayName': 'Length'}, 'value': '12.6'}, {'type': {'value': 56, 'displayName': 'Zone'}, 'value': 'Back'}]","[91, 117, 30, 36, 37, 215, 218]",True,276366.0,8.9,69.5,,,,,,,,,
2404793339.0,671,82,29.0,189,10.0,70.2,86,"{'value': 2, 'displayName': 'SecondHalf'}","{'value': 1, 'displayName': 'Pass'}","{'value': 0, 'displayName': 'Unsuccessful'}","[{'type': {'value': 213, 'displayName': 'Angle'}, 'value': '0.4'}, {'type': {'value': 178, 'displayName': 'StandingSave'}}, {'type': {'value': 141, 'displayName': 'PassEndY'}, 'value': '92.1'}, {'type': {'value': 1, 'displayName': 'Longball'}}, {'type': {'value': 140, 'displayName': 'PassEndX'}, 'value': '42.5'}, {'type': {'value': 155, 'displayName': 'Chipped'}}, {'type': {'value': 56, 'displayName': 'Zone'}, 'value': 'Back'}, {'type': {'value': 212, 'displayName': 'Length'}, 'value': '37.2'}]","[91, 118, 120, 124, 128, 36, 37, 216, 218]",True,342499.0,42.5,92.1,,,,,,,,,
2404793375.0,784,82,32.0,29,55.7,11.5,86,"{'value': 2, 'displayName': 'SecondHalf'}","{'value': 1, 'displayName': 'Pass'}","{'value': 0, 'displayName': 'Unsuccessful'}","[{'type': {'value': 213, 'displayName': 'Angle'}, 'value': '0.7'}, {'type': {'value': 178, 'displayName': 'StandingSave'}}, {'type': {'value': 3, 'displayName': 'HeadPass'}}, {'type': {'value': 212, 'displayName': 'Length'}, 'value': '20.9'}, {'type': {'value': 56, 'displayName': 'Zone'}, 'value': 'Center'}, {'type': {'value': 141, 'displayName': 'PassEndY'}, 'value': '31.5'}, {'type': {'value': 140, 'displayName': 'PassEndX'}, 'value': '70.8'}]","[91, 120, 29, 139, 36, 37, 217, 218]",True,111372.0,70.8,31.5,,,,,,,,,
2404793391.0,672,82,33.0,189,26.4,69.3,86,"{'value': 2, 'displayName': 'SecondHalf'}","{'value': 1, 'displayName': 'Pass'}","{'value': 1, 'displayName': 'Successful'}","[{'type': {'value': 212, 'displayName': 'Length'}, 'value': '4.5'}, {'type': {'value': 140, 'displayName': 'PassEndX'}, 'value': '29.8'}, {'type': {'value': 213, 'displayName': 'Angle'}, 'value': '0.7'}, {'type': {'value': 141, 'displayName': 'PassEndY'}, 'value': '73.4'}, {'type': {'value': 56, 'displayName': 'Zone'}, 'value': 'Back'}]","[91, 117, 30, 36, 37, 215, 218]",True,101856.0,29.8,73.4,,,,,,,,,
2404793405.0,673,82,35.0,189,29.8,73.4,86,"{'value': 2, 'displayName': 'SecondHalf'}","{'value': 1, 'displayName': 'Pass'}","{'value': 1, 'displayName': 'Successful'}","[{'type': {'value': 212, 'displayName': 'Length'}, 'value': '4.2'}, {'type': {'value': 178, 'displayName': 'StandingSave'}}, {'type': {'value': 141, 'displayName': 'PassEndY'}, 'value': '77.0'}, {'type': {'value': 56, 'displayName': 'Zone'}, 'value': 'Back'}, {'type': {'value': 213, 'displayName': 'Angle'}, 'value': '2.5'}, {'type': {'value': 140, 'displayName': 'PassEndX'}, 'value': '26.5'}]","[91, 117, 30, 35, 37, 215, 218]",True,69344.0,26.5,77.0,,,,,,,,,
2404793429.0,674,82,36.0,189,26.5,77.0,86,"{'value': 2, 'displayName': 'SecondHalf'}","{'value': 1, 'displayName': 'Pass'}","{'value': 1, 'displayName': 'Successful'}","[{'type': {'value': 178, 'displayName': 'StandingSave'}}, {'type': {'value': 56, 'displayName': 'Zone'}, 'value': 'Back'}, {'type': {'value': 212, 'displayName': 'Length'}, 'value': '8.5'}, {'type': {'value': 140, 'displayName': 'PassEndX'}, 'value': '33.7'}, {'type': {'value': 213, 'displayName': 'Angle'}, 'value': '0.5'}, {'type': {'value': 141, 'displayName': 'PassEndY'}, 'value': '82.7'}]","[91, 117, 30, 36, 37, 216, 218]",True,101856.0,33.7,82.7,,,,,,,,,
2404793451.0,675,82,36.0,189,33.7,82.7,86,"{'value': 2, 'displayName': 'SecondHalf'}","{'value': 1, 'displayName': 'Pass'}","{'value': 1, 'displayName': 'Successful'}","[{'type': {'value': 213, 'displayName': 'Angle'}, 'value': '5.0'}, {'type': {'value': 178, 'displayName': 'StandingSave'}}, {'type': {'value': 56, 'displayName': 'Zone'}, 'value': 'Back'}, {'type': {'value': 141, 'displayName': 'PassEndY'}, 'value': '76.8'}, {'type': {'value': 212, 'displayName': 'Length'}, 'value': '4.1'}, {'type': {'value': 140, 'displayName': 'PassEndX'}, 'value': '34.7'}]","[91, 117, 30, 36, 38, 216, 218]",True,134240.0,34.7,76.8,,,,,,,,,
2404793503.0,676,82,38.0,189,34.7,76.8,86,"{'value': 2, 'displayName': 'SecondHalf'}","{'value': 1, 'displayName': 'Pass'}","{'value': 1, 'displayName': 'Successful'}","[{'type': {'value': 141, 'displayName': 'PassEndY'}, 'value': '87.3'}, {'type': {'value': 56, 'displayName': 'Zone'}, 'value': 'Back'}, {'type': {'value': 212, 'displayName': 'Length'}, 'value': '7.1'}, {'type': {'value': 140, 'displayName': 'PassEndX'}, 'value': '35.0'}, {'type': {'value': 178, 'displayName': 'StandingSave'}}, {'type': {'value': 213, 'displayName': 'Angle'}, 'value': '1.5'}]","[91, 117, 30, 36, 37, 216, 218]",True,295964.0,35.0,87.3,,,,,,,,,
2404793601.0,677,82,40.0,189,35.4,83.0,86,"{'value': 2, 'displayName': 'SecondHalf'}","{'value': 1, 'displayName': 'Pass'}","{'value': 1, 'displayName': 'Successful'}","[{'type': {'value': 212, 'displayName': 'Length'}, 'value': '19.5'}, {'type': {'value': 178, 'displayName': 'StandingSave'}}, {'type': {'value': 56, 'displayName': 'Zone'}, 'value': 'Back'}, {'type': {'value': 140, 'displayName': 'PassEndX'}, 'value': '45.3'}, {'type': {'value': 141, 'displayName': 'PassEndY'}, 'value': '58.7'}, {'type': {'value': 213, 'displayName': 'Angle'}, 'value': '5.3'}]","[91, 117, 30, 36, 38, 216, 218]",True,134240.0,45.3,58.7,,,,,,,,,
2404793681.0,678,82,44.0,189,39.6,63.8,86,"{'value': 2, 'displayName': 'SecondHalf'}","{'value': 1, 'displayName': 'Pass'}","{'value': 1, 'displayName': 'Successful'}","[{'type': {'value': 141, 'displayName': 'PassEndY'}, 'value': '70.7'}, {'type': {'value': 140, 'displayName': 'PassEndX'}, 'value': '34.4'}, {'type': {'value': 212, 'displayName': 'Length'}, 'value': '7.2'}, {'type': {'value': 213, 'displayName': 'Angle'}, 'value': '2.4'}, {'type': {'value': 56, 'displayName': 'Zone'}, 'value': 'Back'}, {'type': {'value': 178, 'displayName': 'StandingSave'}}]","[91, 117, 30, 35, 37, 216, 218]",True,339674.0,34.4,70.7,,,,,,,,,
2404793755.0,679,82,48.0,189,33.0,63.0,86,"{'value': 2, 'displayName': 'SecondHalf'}","{'value': 1, 'displayName': 'Pass'}","{'value': 1, 'displayName': 'Successful'}","[{'type': {'value': 140, 'displayName': 'PassEndX'}, 'value': '31.9'}, {'type': {'value': 178, 'displayName': 'StandingSave'}}, {'type': {'value': 212, 'displayName': 'Length'}, 'value': '21.2'}, {'type': {'value': 56, 'displayName': 'Zone'}, 'value': 'Back'}, {'type': {'value': 141, 'displayName': 'PassEndY'}, 'value': '31.9'}, {'type': {'value': 213, 'displayName': 'Angle'}, 'value': '4.7'}]","[91, 117, 30, 35, 38, 215, 218]",True,69344.0,31.9,31.9,,,,,,,,,
2404793791.0,680,82,51.0,189,31.9,31.7,86,"{'value': 2, 'displayName': 'SecondHalf'}","{'value': 1, 'displayName': 'Pass'}","{'value': 0, 'displayName': 'Unsuccessful'}","[{'type': {'value': 212, 'displayName': 'Length'}, 'value': '49.2'}, {'type': {'value': 178, 'displayName': 'StandingSave'}}, {'type': {'value': 141, 'displayName': 'PassEndY'}, 'value': '83.1'}, {'type': {'value': 1, 'displayName': 'Longball'}}, {'type': {'value': 56, 'displayName': 'Zone'}, 'value': 'Left'}, {'type': {'value': 213, 'displayName': 'Angle'}, 'value': '0.8'}, {'type': {'value': 140, 'displayName': 'PassEndX'}, 'value': '64.9'}, {'type': {'value': 155, 'displayName': 'Chipped'}}]","[91, 120, 124, 128, 36, 37, 216, 218]",True,29026.0,64.9,83.1,,,,,,,,,
2404793807.0,785,82,54.0,29,39.3,18.1,86,"{'value': 2, 'displayName': 'SecondHalf'}","{'value': 49, 'displayName': 'BallRecovery'}","{'value': 1, 'displayName': 'Successful'}",[],[93],False,111372.0,,,,,,,,,,,
2404793845.0,786,82,54.0,29,39.3,18.1,86,"{'value': 2, 'displayName': 'SecondHalf'}","{'value': 1, 'displayName': 'Pass'}","{'value': 1, 'displayName': 'Successful'}","[{'type': {'value': 140, 'displayName': 'PassEndX'}, 'value': '25.7'}, {'type': {'value': 213, 'displayName': 'Angle'}, 'value': '2.7'}, {'type': {'value': 141, 'displayName': 'PassEndY'}, 'value': '29.2'}, {'type': {'value': 56, 'displayName': 'Zone'}, 'value': 'Back'}, {'type': {'value': 178, 'displayName': 'StandingSave'}}, {'type': {'value': 212, 'displayName': 'Length'}, 'value': '16.2'}]","[91, 117, 30, 35, 37, 215, 218]",True,111372.0,25.7,29.2,,,,,,,,,
2404793947.0,787,82,56.0,29,24.6,29.9,86,"{'value': 2, 'displayName': 'SecondHalf'}","{'value': 1, 'displayName': 'Pass'}","{'value': 1, 'displayName': 'Successful'}","[{'type': {'value': 178, 'displayName': 'StandingSave'}}, {'type': {'value': 212, 'displayName': 'Length'}, 'value': '22.3'}, {'type': {'value': 213, 'displayName': 'Angle'}, 'value': '2.5'}, {'type': {'value': 140, 'displayName': 'PassEndX'}, 'value': '8.0'}, {'type': {'value': 141, 'displayName': 'PassEndY'}, 'value': '50.3'}, {'type': {'value': 56, 'displayName': 'Zone'}, 'value': 'Back'}]","[91, 117, 30, 35, 37, 215, 218]",True,73063.0,8.0,50.3,,,,,,,,,
2404793957.0,788,82,58.0,29,8.0,50.3,86,"{'value': 2, 'displayName': 'SecondHalf'}","{'value': 1, 'displayName': 'Pass'}","{'value': 1, 'displayName': 'Successful'}","[{'type': {'value': 178, 'displayName': 'StandingSave'}}, {'type': {'value': 56, 'displayName': 'Zone'}, 'value': 'Back'}, {'type': {'value': 140, 'displayName': 'PassEndX'}, 'value': '19.4'}, {'type': {'value': 141, 'displayName': 'PassEndY'}, 'value': '75.2'}, {'type': {'value': 213, 'displayName': 'Angle'}, 'value': '1.0'}, {'type': {'value': 212, 'displayName': 'Length'}, 'value': '20.7'}]","[91, 117, 30, 36, 37, 215, 218]",True,20973.0,19.4,75.2,,,,,,,,,
2404794037.0,789,83,1.0,29,19.6,75.7,87,"{'value': 2, 'displayName': 'SecondHalf'}","{'value': 1, 'displayName': 'Pass'}","{'value': 1, 'displayName': 'Successful'}","[{'type': {'value': 178, 'displayName': 'StandingSave'}}, {'type': {'value': 213, 'displayName': 'Angle'}, 'value': '1.0'}, {'type': {'value': 141, 'displayName': 'PassEndY'}, 'value': '95.2'}, {'type': {'value': 212, 'displayName': 'Length'}, 'value': '15.8'}, {'type': {'value': 140, 'displayName': 'PassEndX'}, 'value': '27.7'}, {'type': {'value': 56, 'displayName': 'Zone'}, 'value': 'Back'}]","[91, 117, 30, 36, 37, 215, 218]",True,300359.0,27.7,95.2,,,,,,,,,
2404794133.0,790,83,6.0,29,35.0,95.9,87,"{'value': 2, 'displayName': 'SecondHalf'}","{'value': 1, 'displayName': 'Pass'}","{'value': 1, 'displayName': 'Successful'}","[{'type': {'value': 141, 'displayName': 'PassEndY'}, 'value': '81.8'}, {'type': {'value': 212, 'displayName': 'Length'}, 'value': '9.7'}, {'type': {'value': 140, 'displayName': 'PassEndX'}, 'value': '36.2'}, {'type': {'value': 56, 'displayName': 'Zone'}, 'value': 'Back'}, {'type': {'value': 178, 'displayName': 'StandingSave'}}, {'type': {'value': 213, 'displayName': 'Angle'}, 'value': '4.8'}]","[91, 117, 30, 36, 38, 216, 218]",True,68049.0,36.2,81.8,,,,,,,,,
2404794209.0,791,83,10.0,29,35.1,70.5,87,"{'value': 2, 'displayName': 'SecondHalf'}","{'value': 1, 'displayName': 'Pass'}","{'value': 1, 'displayName': 'Successful'}","[{'type': {'value': 155, 'displayName': 'Chipped'}}, {'type': {'value': 178, 'displayName': 'StandingSave'}}, {'type': {'value': 141, 'displayName': 'PassEndY'}, 'value': '10.0'}, {'type': {'value': 1, 'displayName': 'Longball'}}, {'type': {'value': 212, 'displayName': 'Length'}, 'value': '43.0'}, {'type': {'value': 140, 'displayName': 'PassEndX'}, 'value': '47.1'}, {'type': {'value': 213, 'displayName': 'Angle'}, 'value': '5.0'}, {'type': {'value': 56, 'displayName': 'Zone'}, 'value': 'Back'}]","[91, 117, 124, 127, 36, 38, 216, 218]",True,332325.0,47.1,10.0,,,,,,,,,
2404794219.0,681,83,13.0,189,49.1,88.4,87,"{'value': 2, 'displayName': 'SecondHalf'}","{'value': 45, 'displayName': 'Challenge'}","{'value': 0, 'displayName': 'Unsuccessful'}","[{'type': {'value': 56, 'displayName': 'Zone'}, 'value': 'Back'}, {'type': {'value': 233, 'displayName': 'OppositeRelatedEvent'}, 'value': '792'}, {'type': {'value': 285, 'displayName': 'Defensive'}}]",[55],False,295964.0,,,,,,,,,,,
2404794261.0,792,83,13.0,29,50.9,11.6,87,"{'value': 2, 'displayName': 'SecondHalf'}","{'value': 3, 'displayName': 'TakeOn'}","{'value': 1, 'displayName': 'Successful'}","[{'type': {'value': 233, 'displayName': 'OppositeRelatedEvent'}, 'value': '681'}, {'type': {'value': 178, 'displayName': 'StandingSave'}}, {'type': {'value': 286, 'displayName': 'Offensive'}}, {'type': {'value': 56, 'displayName': 'Zone'}, 'value': 'Right'}]","[91, 54]",True,111372.0,,,,,,,,,,,
2404794297.0,793,83,16.0,29,50.8,14.6,87,"{'value': 2, 'displayName': 'SecondHalf'}","{'value': 1, 'displayName': 'Pass'}","{'value': 1, 'displayName': 'Successful'}","[{'type': {'value': 212, 'displayName': 'Length'}, 'value': '7.2'}, {'type': {'value': 213, 'displayName': 'Angle'}, 'value': '5.5'}, {'type': {'value': 141, 'displayName': 'PassEndY'}, 'value': '7.1'}, {'type': {'value': 56, 'displayName': 'Zone'}, 'value': 'Right'}, {'type': {'value': 178, 'displayName': 'StandingSave'}}, {'type': {'value': 140, 'displayName': 'PassEndX'}, 'value': '55.6'}]","[91, 119, 117, 30, 36, 38, 216, 218]",True,111372.0,55.6,7.1,,,,,,,,,
2404794339.0,794,83,18.0,29,53.4,7.9,87,"{'value': 2, 'displayName': 'SecondHalf'}","{'value': 1, 'displayName': 'Pass'}","{'value': 1, 'displayName': 'Successful'}","[{'type': {'value': 178, 'displayName': 'StandingSave'}}, {'type': {'value': 213, 'displayName': 'Angle'}, 'value': '2.4'}, {'type': {'value': 212, 'displayName': 'Length'}, 'value': '19.9'}, {'type': {'value': 140, 'displayName': 'PassEndX'}, 'value': '39.9'}, {'type': {'value': 141, 'displayName': 'PassEndY'}, 'value': '28.4'}, {'type': {'value': 56, 'displayName': 'Zone'}, 'value': 'Back'}]","[91, 117, 30, 35, 37, 216, 218]",True,343975.0,39.9,28.4,,,,,,,,,
2404794407.0,795,83,20.0,29,39.8,29.2,87,"{'value': 2, 'displayName': 'SecondHalf'}","{'value': 1, 'displayName': 'Pass'}","{'value': 1, 'displayName': 'Successful'}","[{'type': {'value': 178, 'displayName': 'StandingSave'}}, {'type': {'value': 56, 'displayName': 'Zone'}, 'value': 'Back'}, {'type': {'value': 141, 'displayName': 'PassEndY'}, 'value': '35.1'}, {'type': {'value': 140, 'displayName': 'PassEndX'}, 'value': '43.0'}, {'type': {'value': 212, 'displayName': 'Length'}, 'value': '5.2'}, {'type': {'value': 213, 'displayName': 'Angle'}, 'value': '0.9'}]","[91, 117, 30, 36, 37, 216, 218]",True,143595.0,43.0,35.1,,,,,,,,,
2404794541.0,796,83,23.0,29,42.0,43.2,87,"{'value': 2, 'displayName': 'SecondHalf'}","{'value': 1, 'displayName': 'Pass'}","{'value': 1, 'displayName': 'Successful'}","[{'type': {'value': 141, 'displayName': 'PassEndY'}, 'value': '51.1'}, {'type': {'value': 212, 'displayName': 'Length'}, 'value': '8.0'}, {'type': {'value': 213, 'displayName': 'Angle'}, 'value': '0.7'}, {'type': {'value': 140, 'displayName': 'PassEndX'}, 'value': '47.7'}, {'type': {'value': 56, 'displayName': 'Zone'}, 'value': 'Back'}, {'type': {'value': 178, 'displayName': 'StandingSave'}}]","[91, 117, 30, 36, 37, 216, 218]",True,332325.0,47.7,51.1,,,,,,,,,
2404794591.0,797,83,29.0,29,59.7,38.1,87,"{'value': 2, 'displayName': 'SecondHalf'}","{'value': 1, 'displayName': 'Pass'}","{'value': 0, 'displayName': 'Unsuccessful'}","[{'type': {'value': 141, 'displayName': 'PassEndY'}, 'value': '77.4'}, {'type': {'value': 212, 'displayName': 'Length'}, 'value': '36.7'}, {'type': {'value': 140, 'displayName': 'PassEndX'}, 'value': '83.7'}, {'type': {'value': 213, 'displayName': 'Angle'}, 'value': '0.8'}, {'type': {'value': 56, 'displayName': 'Zone'}, 'value': 'Center'}, {'type': {'value': 178, 'displayName': 'StandingSave'}}, {'type': {'value': 1, 'displayName': 'Longball'}}, {'type': {'value': 155, 'displayName': 'Chipped'}}]","[91, 120, 124, 128, 36, 37, 217, 218]",True,297203.0,83.7,77.4,,,,,,,,,
2404794647.0,682,83,31.0,189,14.1,22.1,87,"{'value': 2, 'displayName': 'SecondHalf'}","{'value': 1, 'displayName': 'Pass'}","{'value': 1, 'displayName': 'Successful'}","[{'type': {'value': 213, 'displayName': 'Angle'}, 'value': '5.6'}, {'type': {'value': 3, 'displayName': 'HeadPass'}}, {'type': {'value': 141, 'displayName': 'PassEndY'}, 'value': '7.1'}, {'type': {'value': 56, 'displayName': 'Zone'}, 'value': 'Back'}, {'type': {'value': 212, 'displayName': 'Length'}, 'value': '16.0'}, {'type': {'value': 140, 'displayName': 'PassEndX'}, 'value': '25.9'}]","[91, 117, 30, 139, 36, 38, 215, 218]",True,329554.0,25.9,7.1,,,,,,,,,
2404794653.0,683,83,34.0,189,25.7,6.7,87,"{'value': 2, 'displayName': 'SecondHalf'}","{'value': 49, 'displayName': 'BallRecovery'}","{'value': 1, 'displayName': 'Successful'}",[],[93],False,296240.0,,,,,,,,,,,
2404794685.0,684,83,36.0,189,25.7,7.6,87,"{'value': 2, 'displayName': 'SecondHalf'}","{'value': 1, 'displayName': 'Pass'}","{'value': 1, 'displayName': 'Successful'}","[{'type': {'value': 56, 'displayName': 'Zone'}, 'value': 'Back'}, {'type': {'value': 213, 'displayName': 'Angle'}, 'value': '2.4'}, {'type': {'value': 141, 'displayName': 'PassEndY'}, 'value': '18.2'}, {'type': {'value': 140, 'displayName': 'PassEndX'}, 'value': '18.7'}, {'type': {'value': 212, 'displayName': 'Length'}, 'value': '10.3'}, {'type': {'value': 178, 'displayName': 'StandingSave'}}]","[91, 117, 30, 35, 37, 215, 218]",True,296240.0,18.7,18.2,,,,,,,,,
2404794771.0,685,83,37.0,189,18.7,18.2,87,"{'value': 2, 'displayName': 'SecondHalf'}","{'value': 1, 'displayName': 'Pass'}","{'value': 1, 'displayName': 'Successful'}","[{'type': {'value': 141, 'displayName': 'PassEndY'}, 'value': '25.0'}, {'type': {'value': 212, 'displayName': 'Length'}, 'value': '13.9'}, {'type': {'value': 140, 'displayName': 'PassEndX'}, 'value': '31.2'}, {'type': {'value': 213, 'displayName': 'Angle'}, 'value': '0.3'}, {'type': {'value': 56, 'displayName': 'Zone'}, 'value': 'Back'}, {'type': {'value': 178, 'displayName': 'StandingSave'}}]","[91, 117, 30, 36, 37, 215, 218]",True,101856.0,31.2,25.0,,,,,,,,,
2404794869.0,686,83,41.0,189,29.5,32.0,87,"{'value': 2, 'displayName': 'SecondHalf'}","{'value': 1, 'displayName': 'Pass'}","{'value': 1, 'displayName': 'Successful'}","[{'type': {'value': 213, 'displayName': 'Angle'}, 'value': '1.8'}, {'type': {'value': 141, 'displayName': 'PassEndY'}, 'value': '67.8'}, {'type': {'value': 140, 'displayName': 'PassEndX'}, 'value': '23.7'}, {'type': {'value': 178, 'displayName': 'StandingSave'}}, {'type': {'value': 212, 'displayName': 'Length'}, 'value': '25.1'}, {'type': {'value': 56, 'displayName': 'Zone'}, 'value': 'Back'}]","[91, 117, 30, 35, 37, 215, 218]",True,69344.0,23.7,67.8,,,,,,,,,
2404794899.0,687,83,46.0,189,24.8,69.5,87,"{'value': 2, 'displayName': 'SecondHalf'}","{'value': 1, 'displayName': 'Pass'}","{'value': 1, 'displayName': 'Successful'}","[{'type': {'value': 141, 'displayName': 'PassEndY'}, 'value': '51.8'}, {'type': {'value': 212, 'displayName': 'Length'}, 'value': '12.9'}, {'type': {'value': 178, 'displayName': 'StandingSave'}}, {'type': {'value': 56, 'displayName': 'Zone'}, 'value': 'Back'}, {'type': {'value': 213, 'displayName': 'Angle'}, 'value': '5.1'}, {'type': {'value': 140, 'displayName': 'PassEndX'}, 'value': '29.3'}]","[91, 117, 30, 36, 38, 215, 218]",True,229562.0,29.3,51.8,,,,,,,,,
2404794933.0,688,83,47.0,189,29.3,51.6,87,"{'value': 2, 'displayName': 'SecondHalf'}","{'value': 1, 'displayName': 'Pass'}","{'value': 1, 'displayName': 'Successful'}","[{'type': {'value': 213, 'displayName': 'Angle'}, 'value': '4.5'}, {'type': {'value': 56, 'displayName': 'Zone'}, 'value': 'Back'}, {'type': {'value': 140, 'displayName': 'PassEndX'}, 'value': '27.3'}, {'type': {'value': 212, 'displayName': 'Length'}, 'value': '10.9'}, {'type': {'value': 178, 'displayName': 'StandingSave'}}, {'type': {'value': 141, 'displayName': 'PassEndY'}, 'value': '35.8'}]","[91, 117, 30, 35, 38, 215, 218]",True,69344.0,27.3,35.8,,,,,,,,,
2404794981.0,689,83,50.0,189,27.3,35.8,87,"{'value': 2, 'displayName': 'SecondHalf'}","{'value': 1, 'displayName': 'Pass'}","{'value': 1, 'displayName': 'Successful'}","[{'type': {'value': 178, 'displayName': 'StandingSave'}}, {'type': {'value': 140, 'displayName': 'PassEndX'}, 'value': '28.3'}, {'type': {'value': 213, 'displayName': 'Angle'}, 'value': '4.8'}, {'type': {'value': 56, 'displayName': 'Zone'}, 'value': 'Back'}, {'type': {'value': 212, 'displayName': 'Length'}, 'value': '8.0'}, {'type': {'value': 141, 'displayName': 'PassEndY'}, 'value': '24.2'}]","[91, 117, 30, 36, 38, 215, 218]",True,101856.0,28.3,24.2,,,,,,,,,
2404795023.0,690,83,52.0,189,29.8,24.1,87,"{'value': 2, 'displayName': 'SecondHalf'}","{'value': 1, 'displayName': 'Pass'}","{'value': 1, 'displayName': 'Successful'}","[{'type': {'value': 56, 'displayName': 'Zone'}, 'value': 'Back'}, {'type': {'value': 213, 'displayName': 'Angle'}, 'value': '0.0'}, {'type': {'value': 178, 'displayName': 'StandingSave'}}, {'type': {'value': 140, 'displayName': 'PassEndX'}, 'value': '43.2'}, {'type': {'value': 212, 'displayName': 'Length'}, 'value': '14.1'}, {'type': {'value': 141, 'displayName': 'PassEndY'}, 'value': '24.4'}]","[91, 117, 30, 36, 37, 216, 218]",True,29026.0,43.2,24.4,,,,,,,,,
2404795045.0,691,83,54.0,189,42.4,25.7,87,"{'value': 2, 'displayName': 'SecondHalf'}","{'value': 1, 'displayName': 'Pass'}","{'value': 0, 'displayName': 'Unsuccessful'}","[{'type': {'value': 178, 'displayName': 'StandingSave'}}, {'type': {'value': 56, 'displayName': 'Zone'}, 'value': 'Center'}, {'type': {'value': 213, 'displayName': 'Angle'}, 'value': '0.8'}, {'type': {'value': 212, 'displayName': 'Length'}, 'value': '16.2'}, {'type': {'value': 140, 'displayName': 'PassEndX'}, 'value': '52.7'}, {'type': {'value': 141, 'displayName': 'PassEndY'}, 'value': '43.4'}]","[91, 120, 29, 36, 37, 216, 218]",True,296240.0,52.7,43.4,,,,,,,,,
2404795055.0,798,83,56.0,29,45.8,57.0,87,"{'value': 2, 'displayName': 'SecondHalf'}","{'value': 49, 'displayName': 'BallRecovery'}","{'value': 1, 'displayName': 'Successful'}",[],[93],False,143595.0,,,,,,,,,,,
2404795097.0,799,83,56.0,29,45.8,57.0,87,"{'value': 2, 'displayName': 'SecondHalf'}","{'value': 1, 'displayName': 'Pass'}","{'value': 1, 'displayName': 'Successful'}","[{'type': {'value': 213, 'displayName': 'Angle'}, 'value': '1.8'}, {'type': {'value': 178, 'displayName': 'StandingSave'}}, {'type': {'value': 56, 'displayName': 'Zone'}, 'value': 'Back'}, {'type': {'value': 140, 'displayName': 'PassEndX'}, 'value': '43.8'}, {'type': {'value': 141, 'displayName': 'PassEndY'}, 'value': '69.9'}, {'type': {'value': 212, 'displayName': 'Length'}, 'value': '9.0'}]","[91, 117, 30, 35, 37, 216, 218]",True,143595.0,43.8,69.9,,,,,,,,,
2404795139.0,800,83,58.0,29,43.8,69.9,87,"{'value': 2, 'displayName': 'SecondHalf'}","{'value': 1, 'displayName': 'Pass'}","{'value': 1, 'displayName': 'Successful'}","[{'type': {'value': 212, 'displayName': 'Length'}, 'value': '11.3'}, {'type': {'value': 213, 'displayName': 'Angle'}, 'value': '0.1'}, {'type': {'value': 140, 'displayName': 'PassEndX'}, 'value': '54.5'}, {'type': {'value': 141, 'displayName': 'PassEndY'}, 'value': '72.2'}, {'type': {'value': 178, 'displayName': 'StandingSave'}}, {'type': {'value': 56, 'displayName': 'Zone'}, 'value': 'Center'}]","[91, 119, 117, 30, 36, 37, 216, 218]",True,332325.0,54.5,72.2,,,,,,,,,
2404795211.0,801,84,1.0,29,55.0,72.2,88,"{'value': 2, 'displayName': 'SecondHalf'}","{'value': 1, 'displayName': 'Pass'}","{'value': 1, 'displayName': 'Successful'}","[{'type': {'value': 178, 'displayName': 'StandingSave'}}, {'type': {'value': 213, 'displayName': 'Angle'}, 'value': '4.7'}, {'type': {'value': 212, 'displayName': 'Length'}, 'value': '10.3'}, {'type': {'value': 56, 'displayName': 'Zone'}, 'value': 'Center'}, {'type': {'value': 140, 'displayName': 'PassEndX'}, 'value': '54.6'}, {'type': {'value': 141, 'displayName': 'PassEndY'}, 'value': '57.1'}]","[91, 119, 117, 30, 35, 38, 216, 218]",True,297203.0,54.6,57.1,,,,,,,,,
2404795251.0,802,84,5.0,29,59.0,54.7,88,"{'value': 2, 'displayName': 'SecondHalf'}","{'value': 1, 'displayName': 'Pass'}","{'value': 1, 'displayName': 'Successful'}","[{'type': {'value': 141, 'displayName': 'PassEndY'}, 'value': '89.2'}, {'type': {'value': 213, 'displayName': 'Angle'}, 'value': '1.3'}, {'type': {'value': 212, 'displayName': 'Length'}, 'value': '24.6'}, {'type': {'value': 140, 'displayName': 'PassEndX'}, 'value': '66.2'}, {'type': {'value': 56, 'displayName': 'Zone'}, 'value': 'Left'}, {'type': {'value': 178, 'displayName': 'StandingSave'}}, {'type': {'value': 155, 'displayName': 'Chipped'}}]","[91, 119, 117, 30, 124, 36, 37, 216, 218]",True,143595.0,66.2,89.2,,,,,,,,,
2404795335.0,803,84,9.0,29,66.9,88.5,88,"{'value': 2, 'displayName': 'SecondHalf'}","{'value': 1, 'displayName': 'Pass'}","{'value': 1, 'displayName': 'Successful'}","[{'type': {'value': 56, 'displayName': 'Zone'}, 'value': 'Left'}, {'type': {'value': 178, 'displayName': 'StandingSave'}}, {'type': {'value': 140, 'displayName': 'PassEndX'}, 'value': '72.6'}, {'type': {'value': 141, 'displayName': 'PassEndY'}, 'value': '93.9'}, {'type': {'value': 213, 'displayName': 'Angle'}, 'value': '0.6'}, {'type': {'value': 212, 'displayName': 'Length'}, 'value': '7.0'}]","[91, 119, 117, 30, 205, 36, 37, 217, 218]",True,68049.0,72.6,93.9,,,,,,,,,
2404795375.0,804,84,13.0,29,75.8,89.6,88,"{'value': 2, 'displayName': 'SecondHalf'}","{'value': 1, 'displayName': 'Pass'}","{'value': 0, 'displayName': 'Unsuccessful'}","[{'type': {'value': 212, 'displayName': 'Length'}, 'value': '39.1'}, {'type': {'value': 56, 'displayName': 'Zone'}, 'value': 'Center'}, {'type': {'value': 2, 'displayName': 'Cross'}}, {'type': {'value': 20, 'displayName': 'RightFoot'}}, {'type': {'value': 213, 'displayName': 'Angle'}, 'value': '5.2'}, {'type': {'value': 155, 'displayName': 'Chipped'}}, {'type': {'value': 141, 'displayName': 'PassEndY'}, 'value': '38.2'}, {'type': {'value': 178, 'displayName': 'StandingSave'}}, {'type': {'value': 140, 'displayName': 'PassEndX'}, 'value': '92.5'}, {'type': {'value': 1, 'displayName': 'Longball'}}]","[91, 137, 124, 126, 36, 38, 217, 218]",True,297203.0,92.5,38.2,,,,,,,,,
2404795419.0,692,84,15.0,189,7.1,65.7,88,"{'value': 2, 'displayName': 'SecondHalf'}","{'value': 12, 'displayName': 'Clearance'}","{'value': 1, 'displayName': 'Successful'}","[{'type': {'value': 213, 'displayName': 'Angle'}, 'value': '6.1'}, {'type': {'value': 212, 'displayName': 'Length'}, 'value': '4.9'}, {'type': {'value': 56, 'displayName': 'Zone'}, 'value': 'Back'}, {'type': {'value': 178, 'displayName': 'StandingSave'}}, {'type': {'value': 141, 'displayName': 'PassEndY'}, 'value': '64.5'}, {'type': {'value': 140, 'displayName': 'PassEndX'}, 'value': '11.7'}]","[91, 94, 95, 215]",True,295964.0,11.7,64.5,,,,,,,,,
2404795409.0,805,84,15.0,29,90.3,38.7,88,"{'value': 2, 'displayName': 'SecondHalf'}","{'value': 61, 'displayName': 'BallTouch'}","{'value': 0, 'displayName': 'Unsuccessful'}","[{'type': {'value': 178, 'displayName': 'StandingSave'}}, {'type': {'value': 56, 'displayName': 'Zone'}, 'value': 'Center'}]","[91, 69]",True,143595.0,,,,,,,,,,,
2404795423.0,693,84,16.0,189,8.6,66.0,88,"{'value': 2, 'displayName': 'SecondHalf'}","{'value': 49, 'displayName': 'BallRecovery'}","{'value': 1, 'displayName': 'Successful'}",[],[93],False,295964.0,,,,,,,,,,,
2404795489.0,694,84,18.0,189,8.6,66.0,88,"{'value': 2, 'displayName': 'SecondHalf'}","{'value': 1, 'displayName': 'Pass'}","{'value': 1, 'displayName': 'Successful'}","[{'type': {'value': 178, 'displayName': 'StandingSave'}}, {'type': {'value': 56, 'displayName': 'Zone'}, 'value': 'Back'}, {'type': {'value': 140, 'displayName': 'PassEndX'}, 'value': '28.8'}, {'type': {'value': 213, 'displayName': 'Angle'}, 'value': '0.7'}, {'type': {'value': 212, 'displayName': 'Length'}, 'value': '26.8'}, {'type': {'value': 141, 'displayName': 'PassEndY'}, 'value': '90.0'}]","[91, 117, 30, 36, 37, 215, 218]",True,295964.0,28.8,90.0,,,,,,,,,
2404795565.0,695,84,21.0,189,29.8,90.6,88,"{'value': 2, 'displayName': 'SecondHalf'}","{'value': 1, 'displayName': 'Pass'}","{'value': 1, 'displayName': 'Successful'}","[{'type': {'value': 141, 'displayName': 'PassEndY'}, 'value': '89.0'}, {'type': {'value': 212, 'displayName': 'Length'}, 'value': '4.1'}, {'type': {'value': 140, 'displayName': 'PassEndX'}, 'value': '26.0'}, {'type': {'value': 178, 'displayName': 'StandingSave'}}, {'type': {'value': 56, 'displayName': 'Zone'}, 'value': 'Back'}, {'type': {'value': 213, 'displayName': 'Angle'}, 'value': '3.4'}]","[91, 117, 30, 35, 38, 215, 218]",True,339674.0,26.0,89.0,,,,,,,,,
2404795609.0,696,84,24.0,189,29.4,86.6,88,"{'value': 2, 'displayName': 'SecondHalf'}","{'value': 1, 'displayName': 'Pass'}","{'value': 1, 'displayName': 'Successful'}","[{'type': {'value': 212, 'displayName': 'Length'}, 'value': '8.7'}, {'type': {'value': 141, 'displayName': 'PassEndY'}, 'value': '75.2'}, {'type': {'value': 56, 'displayName': 'Zone'}, 'value': 'Back'}, {'type': {'value': 178, 'displayName': 'StandingSave'}}, {'type': {'value': 213, 'displayName': 'Angle'}, 'value': '5.2'}, {'type': {'value': 140, 'displayName': 'PassEndX'}, 'value': '33.1'}]","[91, 117, 30, 36, 38, 215, 218]",True,295964.0,33.1,75.2,,,,,,,,,
2404795639.0,697,84,28.0,189,35.6,70.7,88,"{'value': 2, 'displayName': 'SecondHalf'}","{'value': 1, 'displayName': 'Pass'}","{'value': 1, 'displayName': 'Successful'}","[{'type': {'value': 141, 'displayName': 'PassEndY'}, 'value': '89.4'}, {'type': {'value': 178, 'displayName': 'StandingSave'}}, {'type': {'value': 140, 'displayName': 'PassEndX'}, 'value': '35.3'}, {'type': {'value': 212, 'displayName': 'Length'}, 'value': '12.7'}, {'type': {'value': 213, 'displayName': 'Angle'}, 'value': '1.6'}, {'type': {'value': 56, 'displayName': 'Zone'}, 'value': 'Back'}]","[91, 117, 30, 35, 37, 216, 218]",True,101856.0,35.3,89.4,,,,,,,,,
2404795645.0,698,84,30.0,189,36.0,93.0,88,"{'value': 2, 'displayName': 'SecondHalf'}","{'value': 1, 'displayName': 'Pass'}","{'value': 1, 'displayName': 'Successful'}","[{'type': {'value': 56, 'displayName': 'Zone'}, 'value': 'Back'}, {'type': {'value': 140, 'displayName': 'PassEndX'}, 'value': '31.0'}, {'type': {'value': 141, 'displayName': 'PassEndY'}, 'value': '86.1'}, {'type': {'value': 212, 'displayName': 'Length'}, 'value': '7.0'}, {'type': {'value': 178, 'displayName': 'StandingSave'}}, {'type': {'value': 213, 'displayName': 'Angle'}, 'value': '3.9'}]","[91, 117, 30, 35, 38, 215, 218]",True,339674.0,31.0,86.1,,,,,,,,,
2404795685.0,699,84,31.0,189,31.0,86.1,88,"{'value': 2, 'displayName': 'SecondHalf'}","{'value': 1, 'displayName': 'Pass'}","{'value': 1, 'displayName': 'Successful'}","[{'type': {'value': 140, 'displayName': 'PassEndX'}, 'value': '39.7'}, {'type': {'value': 56, 'displayName': 'Zone'}, 'value': 'Back'}, {'type': {'value': 178, 'displayName': 'StandingSave'}}, {'type': {'value': 141, 'displayName': 'PassEndY'}, 'value': '79.5'}, {'type': {'value': 213, 'displayName': 'Angle'}, 'value': '5.8'}, {'type': {'value': 212, 'displayName': 'Length'}, 'value': '10.2'}]","[91, 117, 30, 36, 38, 216, 218]",True,229562.0,39.7,79.5,,,,,,,,,
2404795751.0,700,84,34.0,189,47.9,77.7,88,"{'value': 2, 'displayName': 'SecondHalf'}","{'value': 1, 'displayName': 'Pass'}","{'value': 1, 'displayName': 'Successful'}","[{'type': {'value': 141, 'displayName': 'PassEndY'}, 'value': '63.8'}, {'type': {'value': 140, 'displayName': 'PassEndX'}, 'value': '62.9'}, {'type': {'value': 56, 'displayName': 'Zone'}, 'value': 'Center'}, {'type': {'value': 178, 'displayName': 'StandingSave'}}, {'type': {'value': 212, 'displayName': 'Length'}, 'value': '18.4'}, {'type': {'value': 213, 'displayName': 'Angle'}, 'value': '5.7'}]","[91, 119, 117, 30, 36, 38, 216, 218]",True,101856.0,62.9,63.8,,,,,,,,,
2404795823.0,701,84,36.0,189,63.7,62.6,88,"{'value': 2, 'displayName': 'SecondHalf'}","{'value': 1, 'displayName': 'Pass'}","{'value': 1, 'displayName': 'Successful'}","[{'type': {'value': 213, 'displayName': 'Angle'}, 'value': '6.0'}, {'type': {'value': 178, 'displayName': 'StandingSave'}}, {'type': {'value': 212, 'displayName': 'Length'}, 'value': '9.3'}, {'type': {'value': 141, 'displayName': 'PassEndY'}, 'value': '59.0'}, {'type': {'value': 56, 'displayName': 'Zone'}, 'value': 'Center'}, {'type': {'value': 140, 'displayName': 'PassEndX'}, 'value': '72.2'}]","[91, 119, 117, 30, 205, 36, 38, 217, 218]",True,134240.0,72.2,59.0,,,,,,,,,
2404795877.0,702,84,40.0,189,79.3,52.1,88,"{'value': 2, 'displayName': 'SecondHalf'}","{'value': 1, 'displayName': 'Pass'}","{'value': 1, 'displayName': 'Successful'}","[{'type': {'value': 213, 'displayName': 'Angle'}, 'value': '5.3'}, {'type': {'value': 212, 'displayName': 'Length'}, 'value': '16.8'}, {'type': {'value': 178, 'displayName': 'StandingSave'}}, {'type': {'value': 141, 'displayName': 'PassEndY'}, 'value': '31.7'}, {'type': {'value': 56, 'displayName': 'Zone'}, 'value': 'Center'}, {'type': {'value': 140, 'displayName': 'PassEndX'}, 'value': '88.3'}]","[91, 119, 117, 30, 205, 36, 38, 217, 218]",True,296240.0,88.3,31.7,,,,,,,,,
2404795925.0,703,84,44.0,189,93.6,24.4,88,"{'value': 2, 'displayName': 'SecondHalf'}","{'value': 1, 'displayName': 'Pass'}","{'value': 1, 'displayName': 'Successful'}","[{'type': {'value': 213, 'displayName': 'Angle'}, 'value': '2.8'}, {'type': {'value': 140, 'displayName': 'PassEndX'}, 'value': '86.1'}, {'type': {'value': 178, 'displayName': 'StandingSave'}}, {'type': {'value': 141, 'displayName': 'PassEndY'}, 'value': '29.0'}, {'type': {'value': 212, 'displayName': 'Length'}, 'value': '8.5'}, {'type': {'value': 56, 'displayName': 'Zone'}, 'value': 'Center'}]","[91, 119, 117, 30, 205, 35, 37, 217, 218]",True,69344.0,86.1,29.0,,,,,,,,,
2404795983.0,704,84,46.0,189,90.8,27.4,88,"{'value': 2, 'displayName': 'SecondHalf'}","{'value': 1, 'displayName': 'Pass'}","{'value': 1, 'displayName': 'Successful'}","[{'type': {'value': 212, 'displayName': 'Length'}, 'value': '8.3'}, {'type': {'value': 140, 'displayName': 'PassEndX'}, 'value': '88.4'}, {'type': {'value': 213, 'displayName': 'Angle'}, 'value': '4.4'}, {'type': {'value': 178, 'displayName': 'StandingSave'}}, {'type': {'value': 56, 'displayName': 'Zone'}, 'value': 'Right'}, {'type': {'value': 141, 'displayName': 'PassEndY'}, 'value': '15.8'}]","[91, 119, 117, 30, 205, 35, 38, 217, 218]",True,329554.0,88.4,15.8,,,,,,,,,
2404795997.0,705,84,48.0,189,86.7,16.4,88,"{'value': 2, 'displayName': 'SecondHalf'}","{'value': 1, 'displayName': 'Pass'}","{'value': 0, 'displayName': 'Unsuccessful'}","[{'type': {'value': 141, 'displayName': 'PassEndY'}, 'value': '44.8'}, {'type': {'value': 178, 'displayName': 'StandingSave'}}, {'type': {'value': 2, 'displayName': 'Cross'}}, {'type': {'value': 213, 'displayName': 'Angle'}, 'value': '1.2'}, {'type': {'value': 212, 'displayName': 'Length'}, 'value': '20.4'}, {'type': {'value': 140, 'displayName': 'PassEndX'}, 'value': '92.9'}, {'type': {'value': 72, 'displayName': 'LeftFoot'}}, {'type': {'value': 56, 'displayName': 'Zone'}, 'value': 'Center'}]","[91, 138, 126, 36, 37, 217, 218]",True,69344.0,92.9,44.8,,,,,,,,,
2404796171.0,806,84,49.0,29,8.0,55.2,88,"{'value': 2, 'displayName': 'SecondHalf'}","{'value': 12, 'displayName': 'Clearance'}","{'value': 1, 'displayName': 'Successful'}","[{'type': {'value': 178, 'displayName': 'StandingSave'}}, {'type': {'value': 212, 'displayName': 'Length'}, 'value': '24.6'}, {'type': {'value': 140, 'displayName': 'PassEndX'}, 'value': '26.7'}, {'type': {'value': 56, 'displayName': 'Zone'}, 'value': 'Back'}, {'type': {'value': 213, 'displayName': 'Angle'}, 'value': '5.6'}, {'type': {'value': 141, 'displayName': 'PassEndY'}, 'value': '33.3'}]","[91, 94, 95, 215]",True,73063.0,26.7,33.3,,,,,,,,,
2404796113.0,706,84,52.0,189,73.6,64.2,88,"{'value': 2, 'displayName': 'SecondHalf'}","{'value': 61, 'displayName': 'BallTouch'}","{'value': 0, 'displayName': 'Unsuccessful'}","[{'type': {'value': 178, 'displayName': 'StandingSave'}}, {'type': {'value': 56, 'displayName': 'Zone'}, 'value': 'Center'}]","[91, 69]",True,339674.0,,,,,,,,,,,
2404796177.0,807,84,55.0,29,27.2,34.8,88,"{'value': 2, 'displayName': 'SecondHalf'}","{'value': 4, 'displayName': 'Foul'}","{'value': 1, 'displayName': 'Successful'}","[{'type': {'value': 56, 'displayName': 'Zone'}, 'value': 'Back'}, {'type': {'value': 285, 'displayName': 'Defensive'}}, {'type': {'value': 233, 'displayName': 'OppositeRelatedEvent'}, 'value': '707'}, {'type': {'value': 13, 'displayName': 'Foul'}}]","[91, 63]",True,343975.0,,,,,,,,,,,
2404796189.0,707,84,55.0,189,72.8,65.2,88,"{'value': 2, 'displayName': 'SecondHalf'}","{'value': 4, 'displayName': 'Foul'}","{'value': 0, 'displayName': 'Unsuccessful'}","[{'type': {'value': 13, 'displayName': 'Foul'}}, {'type': {'value': 178, 'displayName': 'StandingSave'}}, {'type': {'value': 286, 'displayName': 'Offensive'}}, {'type': {'value': 233, 'displayName': 'OppositeRelatedEvent'}, 'value': '807'}, {'type': {'value': 56, 'displayName': 'Zone'}, 'value': 'Center'}]",[64],False,339674.0,,,,,,,,,,,
2404796431.0,808,85,6.0,29,30.3,43.3,89,"{'value': 2, 'displayName': 'SecondHalf'}","{'value': 1, 'displayName': 'Pass'}","{'value': 1, 'displayName': 'Successful'}","[{'type': {'value': 141, 'displayName': 'PassEndY'}, 'value': '52.1'}, {'type': {'value': 212, 'displayName': 'Length'}, 'value': '7.4'}, {'type': {'value': 140, 'displayName': 'PassEndX'}, 'value': '34.5'}, {'type': {'value': 213, 'displayName': 'Angle'}, 'value': '0.9'}, {'type': {'value': 178, 'displayName': 'StandingSave'}}, {'type': {'value': 56, 'displayName': 'Zone'}, 'value': 'Back'}, {'type': {'value': 5, 'displayName': 'FreekickTaken'}}]","[91, 117, 30, 132, 36, 37, 216, 218]",True,143595.0,34.5,52.1,,,,,,,,,
2404796555.0,809,85,13.0,29,43.1,53.2,89,"{'value': 2, 'displayName': 'SecondHalf'}","{'value': 1, 'displayName': 'Pass'}","{'value': 1, 'displayName': 'Successful'}","[{'type': {'value': 212, 'displayName': 'Length'}, 'value': '19.7'}, {'type': {'value': 141, 'displayName': 'PassEndY'}, 'value': '78.3'}, {'type': {'value': 178, 'displayName': 'StandingSave'}}, {'type': {'value': 56, 'displayName': 'Zone'}, 'value': 'Center'}, {'type': {'value': 140, 'displayName': 'PassEndX'}, 'value': '52.5'}, {'type': {'value': 213, 'displayName': 'Angle'}, 'value': '1.0'}]","[91, 119, 117, 30, 36, 37, 216, 218]",True,332325.0,52.5,78.3,,,,,,,,,
2404796599.0,810,85,18.0,29,63.1,89.2,89,"{'value': 2, 'displayName': 'SecondHalf'}","{'value': 1, 'displayName': 'Pass'}","{'value': 1, 'displayName': 'Successful'}","[{'type': {'value': 178, 'displayName': 'StandingSave'}}, {'type': {'value': 213, 'displayName': 'Angle'}, 'value': '1.0'}, {'type': {'value': 56, 'displayName': 'Zone'}, 'value': 'Left'}, {'type': {'value': 140, 'displayName': 'PassEndX'}, 'value': '65.8'}, {'type': {'value': 212, 'displayName': 'Length'}, 'value': '5.5'}, {'type': {'value': 141, 'displayName': 'PassEndY'}, 'value': '96.2'}]","[91, 119, 117, 30, 36, 37, 216, 218]",True,297203.0,65.8,96.2,,,,,,,,,
2404796683.0,811,85,21.0,29,64.1,92.4,89,"{'value': 2, 'displayName': 'SecondHalf'}","{'value': 1, 'displayName': 'Pass'}","{'value': 1, 'displayName': 'Successful'}","[{'type': {'value': 140, 'displayName': 'PassEndX'}, 'value': '60.1'}, {'type': {'value': 56, 'displayName': 'Zone'}, 'value': 'Center'}, {'type': {'value': 213, 'displayName': 'Angle'}, 'value': '4.3'}, {'type': {'value': 212, 'displayName': 'Length'}, 'value': '11.5'}, {'type': {'value': 178, 'displayName': 'StandingSave'}}, {'type': {'value': 141, 'displayName': 'PassEndY'}, 'value': '76.6'}]","[91, 119, 117, 30, 35, 38, 216, 218]",True,68049.0,60.1,76.6,,,,,,,,,
2404796687.0,812,85,26.0,29,62.6,60.3,89,"{'value': 2, 'displayName': 'SecondHalf'}","{'value': 1, 'displayName': 'Pass'}","{'value': 0, 'displayName': 'Unsuccessful'}","[{'type': {'value': 178, 'displayName': 'StandingSave'}}, {'type': {'value': 140, 'displayName': 'PassEndX'}, 'value': '65.1'}, {'type': {'value': 56, 'displayName': 'Zone'}, 'value': 'Center'}, {'type': {'value': 141, 'displayName': 'PassEndY'}, 'value': '54.1'}, {'type': {'value': 212, 'displayName': 'Length'}, 'value': '5.0'}, {'type': {'value': 155, 'displayName': 'Chipped'}}, {'type': {'value': 213, 'displayName': 'Angle'}, 'value': '5.3'}]","[91, 120, 29, 124, 36, 38, 216, 218]",True,332325.0,65.1,54.1,,,,,,,,,
2404796727.0,708,85,26.0,189,36.4,50.0,89,"{'value': 2, 'displayName': 'SecondHalf'}","{'value': 61, 'displayName': 'BallTouch'}","{'value': 1, 'displayName': 'Successful'}","[{'type': {'value': 56, 'displayName': 'Zone'}, 'value': 'Back'}, {'type': {'value': 21, 'displayName': 'OtherBodyPart'}}, {'type': {'value': 178, 'displayName': 'StandingSave'}}]",[91],True,134240.0,,,,,,,,,,,
2404796767.0,709,85,30.0,189,40.4,84.0,89,"{'value': 2, 'displayName': 'SecondHalf'}","{'value': 49, 'displayName': 'BallRecovery'}","{'value': 1, 'displayName': 'Successful'}",[],[93],False,295964.0,,,,,,,,,,,
2404796927.0,710,85,36.0,189,74.7,87.2,89,"{'value': 2, 'displayName': 'SecondHalf'}","{'value': 1, 'displayName': 'Pass'}","{'value': 1, 'displayName': 'Successful'}","[{'type': {'value': 212, 'displayName': 'Length'}, 'value': '8.8'}, {'type': {'value': 178, 'displayName': 'StandingSave'}}, {'type': {'value': 141, 'displayName': 'PassEndY'}, 'value': '75.0'}, {'type': {'value': 213, 'displayName': 'Angle'}, 'value': '4.4'}, {'type': {'value': 140, 'displayName': 'PassEndX'}, 'value': '71.9'}, {'type': {'value': 56, 'displayName': 'Zone'}, 'value': 'Center'}]","[91, 119, 117, 30, 205, 35, 38, 217, 218]",True,295964.0,71.9,75.0,,,,,,,,,
2404796953.0,711,85,38.0,189,71.3,74.7,89,"{'value': 2, 'displayName': 'SecondHalf'}","{'value': 1, 'displayName': 'Pass'}","{'value': 1, 'displayName': 'Successful'}","[{'type': {'value': 213, 'displayName': 'Angle'}, 'value': '3.9'}, {'type': {'value': 178, 'displayName': 'StandingSave'}}, {'type': {'value': 56, 'displayName': 'Zone'}, 'value': 'Center'}, {'type': {'value': 212, 'displayName': 'Length'}, 'value': '12.4'}, {'type': {'value': 140, 'displayName': 'PassEndX'}, 'value': '63.0'}, {'type': {'value': 141, 'displayName': 'PassEndY'}, 'value': '61.8'}]","[91, 119, 117, 30, 35, 38, 216, 218]",True,339674.0,63.0,61.8,,,,,,,,,
2404797011.0,712,85,39.0,189,63.0,61.8,89,"{'value': 2, 'displayName': 'SecondHalf'}","{'value': 1, 'displayName': 'Pass'}","{'value': 1, 'displayName': 'Successful'}","[{'type': {'value': 140, 'displayName': 'PassEndX'}, 'value': '59.4'}, {'type': {'value': 178, 'displayName': 'StandingSave'}}, {'type': {'value': 56, 'displayName': 'Zone'}, 'value': 'Left'}, {'type': {'value': 212, 'displayName': 'Length'}, 'value': '20.5'}, {'type': {'value': 141, 'displayName': 'PassEndY'}, 'value': '91.4'}, {'type': {'value': 213, 'displayName': 'Angle'}, 'value': '1.8'}]","[91, 119, 117, 30, 35, 37, 216, 218]",True,101856.0,59.4,91.4,,,,,,,,,
2404797049.0,713,85,42.0,189,58.5,91.4,89,"{'value': 2, 'displayName': 'SecondHalf'}","{'value': 1, 'displayName': 'Pass'}","{'value': 1, 'displayName': 'Successful'}","[{'type': {'value': 178, 'displayName': 'StandingSave'}}, {'type': {'value': 212, 'displayName': 'Length'}, 'value': '8.6'}, {'type': {'value': 56, 'displayName': 'Zone'}, 'value': 'Left'}, {'type': {'value': 141, 'displayName': 'PassEndY'}, 'value': '80.7'}, {'type': {'value': 213, 'displayName': 'Angle'}, 'value': '5.3'}, {'type': {'value': 140, 'displayName': 'PassEndX'}, 'value': '62.8'}]","[91, 119, 117, 30, 36, 38, 216, 218]",True,229562.0,62.8,80.7,,,,,,,,,
2404797073.0,714,85,44.0,189,64.1,80.3,89,"{'value': 2, 'displayName': 'SecondHalf'}","{'value': 1, 'displayName': 'Pass'}","{'value': 1, 'displayName': 'Successful'}","[{'type': {'value': 213, 'displayName': 'Angle'}, 'value': '2.2'}, {'type': {'value': 141, 'displayName': 'PassEndY'}, 'value': '92.6'}, {'type': {'value': 212, 'displayName': 'Length'}, 'value': '10.3'}, {'type': {'value': 178, 'displayName': 'StandingSave'}}, {'type': {'value': 140, 'displayName': 'PassEndX'}, 'value': '58.4'}, {'type': {'value': 56, 'displayName': 'Zone'}, 'value': 'Left'}]","[91, 119, 117, 30, 35, 37, 216, 218]",True,339674.0,58.4,92.6,,,,,,,,,
2404797097.0,715,85,46.0,189,58.3,92.7,89,"{'value': 2, 'displayName': 'SecondHalf'}","{'value': 1, 'displayName': 'Pass'}","{'value': 1, 'displayName': 'Successful'}","[{'type': {'value': 56, 'displayName': 'Zone'}, 'value': 'Left'}, {'type': {'value': 140, 'displayName': 'PassEndX'}, 'value': '64.0'}, {'type': {'value': 141, 'displayName': 'PassEndY'}, 'value': '84.8'}, {'type': {'value': 178, 'displayName': 'StandingSave'}}, {'type': {'value': 213, 'displayName': 'Angle'}, 'value': '5.6'}, {'type': {'value': 212, 'displayName': 'Length'}, 'value': '8.0'}]","[91, 119, 117, 30, 36, 38, 216, 218]",True,229562.0,64.0,84.8,,,,,,,,,
2404797165.0,716,85,47.0,189,64.0,84.8,89,"{'value': 2, 'displayName': 'SecondHalf'}","{'value': 1, 'displayName': 'Pass'}","{'value': 1, 'displayName': 'Successful'}","[{'type': {'value': 141, 'displayName': 'PassEndY'}, 'value': '78.8'}, {'type': {'value': 213, 'displayName': 'Angle'}, 'value': '3.3'}, {'type': {'value': 140, 'displayName': 'PassEndX'}, 'value': '43.2'}, {'type': {'value': 56, 'displayName': 'Zone'}, 'value': 'Back'}, {'type': {'value': 178, 'displayName': 'StandingSave'}}, {'type': {'value': 212, 'displayName': 'Length'}, 'value': '22.2'}]","[91, 117, 30, 35, 38, 216, 218]",True,339674.0,43.2,78.8,,,,,,,,,
2404797209.0,717,85,50.0,189,43.5,82.8,89,"{'value': 2, 'displayName': 'SecondHalf'}","{'value': 1, 'displayName': 'Pass'}","{'value': 1, 'displayName': 'Successful'}","[{'type': {'value': 178, 'displayName': 'StandingSave'}}, {'type': {'value': 212, 'displayName': 'Length'}, 'value': '8.2'}, {'type': {'value': 213, 'displayName': 'Angle'}, 'value': '1.3'}, {'type': {'value': 141, 'displayName': 'PassEndY'}, 'value': '94.4'}, {'type': {'value': 140, 'displayName': 'PassEndX'}, 'value': '45.5'}, {'type': {'value': 56, 'displayName': 'Zone'}, 'value': 'Back'}]","[91, 117, 30, 36, 37, 216, 218]",True,342499.0,45.5,94.4,,,,,,,,,
2404797283.0,718,85,52.0,189,44.2,94.5,89,"{'value': 2, 'displayName': 'SecondHalf'}","{'value': 1, 'displayName': 'Pass'}","{'value': 1, 'displayName': 'Successful'}","[{'type': {'value': 141, 'displayName': 'PassEndY'}, 'value': '48.8'}, {'type': {'value': 140, 'displayName': 'PassEndX'}, 'value': '24.9'}, {'type': {'value': 212, 'displayName': 'Length'}, 'value': '37.1'}, {'type': {'value': 1, 'displayName': 'Longball'}}, {'type': {'value': 56, 'displayName': 'Zone'}, 'value': 'Back'}, {'type': {'value': 213, 'displayName': 'Angle'}, 'value': '4.1'}, {'type': {'value': 178, 'displayName': 'StandingSave'}}]","[91, 117, 127, 35, 38, 215, 218]",True,229562.0,24.9,48.8,,,,,,,,,
2404797403.0,719,85,56.0,189,25.8,42.4,89,"{'value': 2, 'displayName': 'SecondHalf'}","{'value': 1, 'displayName': 'Pass'}","{'value': 1, 'displayName': 'Successful'}","[{'type': {'value': 141, 'displayName': 'PassEndY'}, 'value': '21.5'}, {'type': {'value': 212, 'displayName': 'Length'}, 'value': '17.5'}, {'type': {'value': 178, 'displayName': 'StandingSave'}}, {'type': {'value': 140, 'displayName': 'PassEndX'}, 'value': '35.5'}, {'type': {'value': 56, 'displayName': 'Zone'}, 'value': 'Back'}, {'type': {'value': 213, 'displayName': 'Angle'}, 'value': '5.3'}]","[91, 117, 30, 36, 38, 216, 218]",True,276366.0,35.5,21.5,,,,,,,,,
2404797483.0,720,86,0.0,189,37.7,22.4,90,"{'value': 2, 'displayName': 'SecondHalf'}","{'value': 1, 'displayName': 'Pass'}","{'value': 1, 'displayName': 'Successful'}","[{'type': {'value': 212, 'displayName': 'Length'}, 'value': '27.4'}, {'type': {'value': 56, 'displayName': 'Zone'}, 'value': 'Back'}, {'type': {'value': 141, 'displayName': 'PassEndY'}, 'value': '61.8'}, {'type': {'value': 140, 'displayName': 'PassEndX'}, 'value': '32.1'}, {'type': {'value': 213, 'displayName': 'Angle'}, 'value': '1.8'}, {'type': {'value': 178, 'displayName': 'StandingSave'}}]","[91, 117, 30, 35, 37, 215, 218]",True,29026.0,32.1,61.8,,,,,,,,,
2404797527.0,721,86,4.0,189,31.3,63.5,90,"{'value': 2, 'displayName': 'SecondHalf'}","{'value': 1, 'displayName': 'Pass'}","{'value': 1, 'displayName': 'Successful'}","[{'type': {'value': 178, 'displayName': 'StandingSave'}}, {'type': {'value': 212, 'displayName': 'Length'}, 'value': '16.5'}, {'type': {'value': 56, 'displayName': 'Zone'}, 'value': 'Back'}, {'type': {'value': 213, 'displayName': 'Angle'}, 'value': '4.2'}, {'type': {'value': 141, 'displayName': 'PassEndY'}, 'value': '42.8'}, {'type': {'value': 140, 'displayName': 'PassEndX'}, 'value': '23.1'}]","[91, 117, 30, 35, 38, 215, 218]",True,342499.0,23.1,42.8,,,,,,,,,
2404797577.0,722,86,6.0,189,23.1,42.8,90,"{'value': 2, 'displayName': 'SecondHalf'}","{'value': 1, 'displayName': 'Pass'}","{'value': 1, 'displayName': 'Successful'}","[{'type': {'value': 213, 'displayName': 'Angle'}, 'value': '0.1'}, {'type': {'value': 178, 'displayName': 'StandingSave'}}, {'type': {'value': 212, 'displayName': 'Length'}, 'value': '10.2'}, {'type': {'value': 140, 'displayName': 'PassEndX'}, 'value': '32.8'}, {'type': {'value': 141, 'displayName': 'PassEndY'}, 'value': '43.9'}, {'type': {'value': 56, 'displayName': 'Zone'}, 'value': 'Back'}]","[91, 117, 30, 36, 37, 215, 218]",True,276366.0,32.8,43.9,,,,,,,,,
2404797677.0,723,86,9.0,189,32.8,43.3,90,"{'value': 2, 'displayName': 'SecondHalf'}","{'value': 1, 'displayName': 'Pass'}","{'value': 1, 'displayName': 'Successful'}","[{'type': {'value': 212, 'displayName': 'Length'}, 'value': '12.9'}, {'type': {'value': 213, 'displayName': 'Angle'}, 'value': '5.5'}, {'type': {'value': 178, 'displayName': 'StandingSave'}}, {'type': {'value': 56, 'displayName': 'Zone'}, 'value': 'Back'}, {'type': {'value': 141, 'displayName': 'PassEndY'}, 'value': '29.8'}, {'type': {'value': 140, 'displayName': 'PassEndX'}, 'value': '41.4'}]","[91, 117, 30, 36, 38, 216, 218]",True,101856.0,41.4,29.8,,,,,,,,,
2404797695.0,724,86,13.0,189,41.8,29.6,90,"{'value': 2, 'displayName': 'SecondHalf'}","{'value': 1, 'displayName': 'Pass'}","{'value': 1, 'displayName': 'Successful'}","[{'type': {'value': 212, 'displayName': 'Length'}, 'value': '11.4'}, {'type': {'value': 213, 'displayName': 'Angle'}, 'value': '3.3'}, {'type': {'value': 140, 'displayName': 'PassEndX'}, 'value': '31.0'}, {'type': {'value': 178, 'displayName': 'StandingSave'}}, {'type': {'value': 141, 'displayName': 'PassEndY'}, 'value': '27.5'}, {'type': {'value': 56, 'displayName': 'Zone'}, 'value': 'Back'}]","[91, 117, 30, 35, 38, 215, 218]",True,69344.0,31.0,27.5,,,,,,,,,
2404797719.0,725,86,14.0,189,31.0,27.5,90,"{'value': 2, 'displayName': 'SecondHalf'}","{'value': 1, 'displayName': 'Pass'}","{'value': 1, 'displayName': 'Successful'}","[{'type': {'value': 141, 'displayName': 'PassEndY'}, 'value': '33.8'}, {'type': {'value': 140, 'displayName': 'PassEndX'}, 'value': '33.5'}, {'type': {'value': 178, 'displayName': 'StandingSave'}}, {'type': {'value': 56, 'displayName': 'Zone'}, 'value': 'Back'}, {'type': {'value': 212, 'displayName': 'Length'}, 'value': '5.0'}, {'type': {'value': 213, 'displayName': 'Angle'}, 'value': '1.0'}]","[91, 117, 30, 36, 37, 216, 218]",True,29026.0,33.5,33.8,,,,,,,,,
2404797775.0,726,86,15.0,189,33.5,33.8,90,"{'value': 2, 'displayName': 'SecondHalf'}","{'value': 1, 'displayName': 'Pass'}","{'value': 1, 'displayName': 'Successful'}","[{'type': {'value': 140, 'displayName': 'PassEndX'}, 'value': '33.4'}, {'type': {'value': 212, 'displayName': 'Length'}, 'value': '6.7'}, {'type': {'value': 213, 'displayName': 'Angle'}, 'value': '4.7'}, {'type': {'value': 56, 'displayName': 'Zone'}, 'value': 'Back'}, {'type': {'value': 178, 'displayName': 'StandingSave'}}, {'type': {'value': 141, 'displayName': 'PassEndY'}, 'value': '23.9'}]","[91, 117, 30, 35, 38, 216, 218]",True,101856.0,33.4,23.9,,,,,,,,,
2404797799.0,727,86,18.0,189,33.5,23.8,90,"{'value': 2, 'displayName': 'SecondHalf'}","{'value': 1, 'displayName': 'Pass'}","{'value': 1, 'displayName': 'Successful'}","[{'type': {'value': 178, 'displayName': 'StandingSave'}}, {'type': {'value': 213, 'displayName': 'Angle'}, 'value': '0.8'}, {'type': {'value': 140, 'displayName': 'PassEndX'}, 'value': '38.8'}, {'type': {'value': 56, 'displayName': 'Zone'}, 'value': 'Back'}, {'type': {'value': 141, 'displayName': 'PassEndY'}, 'value': '32.2'}, {'type': {'value': 212, 'displayName': 'Length'}, 'value': '8.0'}]","[91, 117, 30, 36, 37, 216, 218]",True,29026.0,38.8,32.2,,,,,,,,,
2404797847.0,728,86,19.0,189,38.8,32.2,90,"{'value': 2, 'displayName': 'SecondHalf'}","{'value': 1, 'displayName': 'Pass'}","{'value': 1, 'displayName': 'Successful'}","[{'type': {'value': 212, 'displayName': 'Length'}, 'value': '7.2'}, {'type': {'value': 178, 'displayName': 'StandingSave'}}, {'type': {'value': 140, 'displayName': 'PassEndX'}, 'value': '34.2'}, {'type': {'value': 213, 'displayName': 'Angle'}, 'value': '4.0'}, {'type': {'value': 141, 'displayName': 'PassEndY'}, 'value': '24.4'}, {'type': {'value': 56, 'displayName': 'Zone'}, 'value': 'Back'}]","[91, 117, 30, 35, 38, 216, 218]",True,101856.0,34.2,24.4,,,,,,,,,
2404797887.0,729,86,20.0,189,34.5,24.7,90,"{'value': 2, 'displayName': 'SecondHalf'}","{'value': 1, 'displayName': 'Pass'}","{'value': 1, 'displayName': 'Successful'}","[{'type': {'value': 178, 'displayName': 'StandingSave'}}, {'type': {'value': 141, 'displayName': 'PassEndY'}, 'value': '58.5'}, {'type': {'value': 213, 'displayName': 'Angle'}, 'value': '1.9'}, {'type': {'value': 56, 'displayName': 'Zone'}, 'value': 'Back'}, {'type': {'value': 140, 'displayName': 'PassEndX'}, 'value': '26.5'}, {'type': {'value': 212, 'displayName': 'Length'}, 'value': '24.5'}]","[91, 117, 30, 35, 37, 215, 218]",True,29026.0,26.5,58.5,,,,,,,,,
2404797931.0,730,86,23.0,189,27.6,59.9,90,"{'value': 2, 'displayName': 'SecondHalf'}","{'value': 1, 'displayName': 'Pass'}","{'value': 1, 'displayName': 'Successful'}","[{'type': {'value': 56, 'displayName': 'Zone'}, 'value': 'Back'}, {'type': {'value': 140, 'displayName': 'PassEndX'}, 'value': '40.5'}, {'type': {'value': 212, 'displayName': 'Length'}, 'value': '16.1'}, {'type': {'value': 213, 'displayName': 'Angle'}, 'value': '5.7'}, {'type': {'value': 178, 'displayName': 'StandingSave'}}, {'type': {'value': 141, 'displayName': 'PassEndY'}, 'value': '47.2'}]","[91, 117, 30, 36, 38, 216, 218]",True,342499.0,40.5,47.2,,,,,,,,,
2404797977.0,731,86,25.0,189,39.5,46.7,90,"{'value': 2, 'displayName': 'SecondHalf'}","{'value': 1, 'displayName': 'Pass'}","{'value': 1, 'displayName': 'Successful'}","[{'type': {'value': 212, 'displayName': 'Length'}, 'value': '18.7'}, {'type': {'value': 56, 'displayName': 'Zone'}, 'value': 'Back'}, {'type': {'value': 178, 'displayName': 'StandingSave'}}, {'type': {'value': 140, 'displayName': 'PassEndX'}, 'value': '25.0'}, {'type': {'value': 141, 'displayName': 'PassEndY'}, 'value': '30.8'}, {'type': {'value': 213, 'displayName': 'Angle'}, 'value': '3.8'}]","[91, 117, 30, 35, 38, 215, 218]",True,101856.0,25.0,30.8,,,,,,,,,
2404797993.0,732,86,28.0,189,25.0,30.8,90,"{'value': 2, 'displayName': 'SecondHalf'}","{'value': 1, 'displayName': 'Pass'}","{'value': 1, 'displayName': 'Successful'}","[{'type': {'value': 212, 'displayName': 'Length'}, 'value': '7.8'}, {'type': {'value': 213, 'displayName': 'Angle'}, 'value': '0.8'}, {'type': {'value': 178, 'displayName': 'StandingSave'}}, {'type': {'value': 56, 'displayName': 'Zone'}, 'value': 'Back'}, {'type': {'value': 141, 'displayName': 'PassEndY'}, 'value': '38.9'}, {'type': {'value': 140, 'displayName': 'PassEndX'}, 'value': '30.3'}]","[91, 117, 30, 36, 37, 215, 218]",True,29026.0,30.3,38.9,,,,,,,,,
2404798143.0,733,86,29.0,189,30.3,38.9,90,"{'value': 2, 'displayName': 'SecondHalf'}","{'value': 1, 'displayName': 'Pass'}","{'value': 1, 'displayName': 'Successful'}","[{'type': {'value': 56, 'displayName': 'Zone'}, 'value': 'Back'}, {'type': {'value': 140, 'displayName': 'PassEndX'}, 'value': '15.6'}, {'type': {'value': 141, 'displayName': 'PassEndY'}, 'value': '46.6'}, {'type': {'value': 213, 'displayName': 'Angle'}, 'value': '2.8'}, {'type': {'value': 178, 'displayName': 'StandingSave'}}, {'type': {'value': 212, 'displayName': 'Length'}, 'value': '16.3'}]","[91, 117, 30, 35, 37, 215, 218]",True,101856.0,15.6,46.6,,,,,,,,,
2404798293.0,734,86,38.0,189,19.1,44.3,90,"{'value': 2, 'displayName': 'SecondHalf'}","{'value': 1, 'displayName': 'Pass'}","{'value': 1, 'displayName': 'Successful'}","[{'type': {'value': 56, 'displayName': 'Zone'}, 'value': 'Center'}, {'type': {'value': 155, 'displayName': 'Chipped'}}, {'type': {'value': 213, 'displayName': 'Angle'}, 'value': '6.2'}, {'type': {'value': 212, 'displayName': 'Length'}, 'value': '53.5'}, {'type': {'value': 210, 'displayName': 'ShotAssist'}, 'value': '15'}, {'type': {'value': 140, 'displayName': 'PassEndX'}, 'value': '69.9'}, {'type': {'value': 178, 'displayName': 'StandingSave'}}, {'type': {'value': 141, 'displayName': 'PassEndY'}, 'value': '39.1'}, {'type': {'value': 1, 'displayName': 'Longball'}}, {'type': {'value': 11113, 'displayName': 'KeyPass'}}]","[91, 119, 117, 123, 124, 127, 205, 39, 46, 36, 38, 217, 218]",True,276366.0,69.9,39.1,,,,,,,,,
2404798305.0,735,86,43.0,189,73.6,36.9,90,"{'value': 2, 'displayName': 'SecondHalf'}","{'value': 15, 'displayName': 'SavedShot'}","{'value': 1, 'displayName': 'Successful'}","[{'type': {'value': 147, 'displayName': 'BlockedY'}, 'value': '47.7'}, {'type': {'value': 55, 'displayName': 'RelatedEventId'}, 'value': '734'}, {'type': {'value': 18, 'displayName': 'OutOfBoxCentre'}}, {'type': {'value': 233, 'displayName': 'OppositeRelatedEvent'}, 'value': '814'}, {'type': {'value': 102, 'displayName': 'GoalMouthY'}, 'value': '52.5'}, {'type': {'value': 76, 'displayName': 'LowLeft'}}, {'type': {'value': 22, 'displayName': 'RegularPlay'}}, {'type': {'value': 146, 'displayName': 'BlockedX'}, 'value': '96.9'}, {'type': {'value': 103, 'displayName': 'GoalMouthZ'}, 'value': '3.8'}, {'type': {'value': 29, 'displayName': 'Assisted'}}, {'type': {'value': 56, 'displayName': 'Zone'}, 'value': 'Center'}, {'type': {'value': 20, 'displayName': 'RightFoot'}}, {'type': {'value': 178, 'displayName': 'StandingSave'}}]","[91, 9, 10, 2, 3, 12]",True,295964.0,,,734.0,276366.0,96.9,47.7,3.8,52.5,True,,
2404798323.0,814,86,44.0,29,3.6,50.5,90,"{'value': 2, 'displayName': 'SecondHalf'}","{'value': 10, 'displayName': 'Save'}","{'value': 1, 'displayName': 'Successful'}","[{'type': {'value': 182, 'displayName': 'Hands'}}, {'type': {'value': 233, 'displayName': 'OppositeRelatedEvent'}, 'value': '735'}, {'type': {'value': 177, 'displayName': 'Collected'}}, {'type': {'value': 56, 'displayName': 'Zone'}, 'value': 'Back'}, {'type': {'value': 179, 'displayName': 'DivingSave'}}, {'type': {'value': 11117, 'displayName': 'KeeperSaveObox'}}]","[91, 110, 113, 83, 77, 79, 82]",True,20973.0,,,,,,,,,,,
2404798349.0,815,86,45.0,29,3.6,50.5,90,"{'value': 2, 'displayName': 'SecondHalf'}","{'value': 52, 'displayName': 'KeeperPickup'}","{'value': 1, 'displayName': 'Successful'}","[{'type': {'value': 179, 'displayName': 'DivingSave'}}]",[93],False,20973.0,,,,,,,,,,,
2404798509.0,816,86,48.0,29,13.1,52.2,90,"{'value': 2, 'displayName': 'SecondHalf'}","{'value': 1, 'displayName': 'Pass'}","{'value': 1, 'displayName': 'Successful'}","[{'type': {'value': 178, 'displayName': 'StandingSave'}}, {'type': {'value': 141, 'displayName': 'PassEndY'}, 'value': '90.1'}, {'type': {'value': 212, 'displayName': 'Length'}, 'value': '28.7'}, {'type': {'value': 213, 'displayName': 'Angle'}, 'value': '1.1'}, {'type': {'value': 123, 'displayName': 'KeeperThrow'}}, {'type': {'value': 56, 'displayName': 'Zone'}, 'value': 'Back'}, {'type': {'value': 140, 'displayName': 'PassEndX'}, 'value': '25.2'}]","[91, 36, 37, 215, 218]",True,20973.0,25.2,90.1,,,,,,,,,
2404798533.0,817,86,52.0,29,26.9,90.0,90,"{'value': 2, 'displayName': 'SecondHalf'}","{'value': 1, 'displayName': 'Pass'}","{'value': 1, 'displayName': 'Successful'}","[{'type': {'value': 213, 'displayName': 'Angle'}, 'value': '4.7'}, {'type': {'value': 212, 'displayName': 'Length'}, 'value': '6.3'}, {'type': {'value': 141, 'displayName': 'PassEndY'}, 'value': '80.7'}, {'type': {'value': 56, 'displayName': 'Zone'}, 'value': 'Back'}, {'type': {'value': 140, 'displayName': 'PassEndX'}, 'value': '27.1'}, {'type': {'value': 178, 'displayName': 'StandingSave'}}]","[91, 117, 30, 36, 38, 215, 218]",True,68049.0,27.1,80.7,,,,,,,,,
2404798659.0,818,86,54.0,29,27.1,80.7,90,"{'value': 2, 'displayName': 'SecondHalf'}","{'value': 1, 'displayName': 'Pass'}","{'value': 1, 'displayName': 'Successful'}","[{'type': {'value': 140, 'displayName': 'PassEndX'}, 'value': '42.0'}, {'type': {'value': 178, 'displayName': 'StandingSave'}}, {'type': {'value': 56, 'displayName': 'Zone'}, 'value': 'Back'}, {'type': {'value': 141, 'displayName': 'PassEndY'}, 'value': '93.6'}, {'type': {'value': 213, 'displayName': 'Angle'}, 'value': '0.5'}, {'type': {'value': 212, 'displayName': 'Length'}, 'value': '17.9'}]","[91, 117, 30, 36, 37, 216, 218]",True,332325.0,42.0,93.6,,,,,,,,,
2404798687.0,819,86,59.0,29,46.2,88.3,90,"{'value': 2, 'displayName': 'SecondHalf'}","{'value': 1, 'displayName': 'Pass'}","{'value': 1, 'displayName': 'Successful'}","[{'type': {'value': 140, 'displayName': 'PassEndX'}, 'value': '58.2'}, {'type': {'value': 212, 'displayName': 'Length'}, 'value': '12.8'}, {'type': {'value': 56, 'displayName': 'Zone'}, 'value': 'Left'}, {'type': {'value': 213, 'displayName': 'Angle'}, 'value': '6.1'}, {'type': {'value': 178, 'displayName': 'StandingSave'}}, {'type': {'value': 141, 'displayName': 'PassEndY'}, 'value': '85.3'}]","[91, 119, 117, 30, 36, 38, 216, 218]",True,297203.0,58.2,85.3,,,,,,,,,
2404798727.0,820,87,1.0,29,58.2,85.3,91,"{'value': 2, 'displayName': 'SecondHalf'}","{'value': 1, 'displayName': 'Pass'}","{'value': 1, 'displayName': 'Successful'}","[{'type': {'value': 213, 'displayName': 'Angle'}, 'value': '1.6'}, {'type': {'value': 140, 'displayName': 'PassEndX'}, 'value': '57.9'}, {'type': {'value': 178, 'displayName': 'StandingSave'}}, {'type': {'value': 141, 'displayName': 'PassEndY'}, 'value': '95.8'}, {'type': {'value': 212, 'displayName': 'Length'}, 'value': '7.1'}, {'type': {'value': 56, 'displayName': 'Zone'}, 'value': 'Left'}]","[91, 119, 117, 30, 35, 37, 216, 218]",True,137021.0,57.9,95.8,,,,,,,,,
2404798747.0,821,87,3.0,29,58.6,95.6,91,"{'value': 2, 'displayName': 'SecondHalf'}","{'value': 1, 'displayName': 'Pass'}","{'value': 1, 'displayName': 'Successful'}","[{'type': {'value': 140, 'displayName': 'PassEndX'}, 'value': '55.5'}, {'type': {'value': 212, 'displayName': 'Length'}, 'value': '6.2'}, {'type': {'value': 56, 'displayName': 'Zone'}, 'value': 'Left'}, {'type': {'value': 141, 'displayName': 'PassEndY'}, 'value': '87.9'}, {'type': {'value': 178, 'displayName': 'StandingSave'}}, {'type': {'value': 213, 'displayName': 'Angle'}, 'value': '4.2'}]","[91, 119, 117, 30, 35, 38, 216, 218]",True,68049.0,55.5,87.9,,,,,,,,,
2404798861.0,822,87,4.0,29,55.5,87.3,91,"{'value': 2, 'displayName': 'SecondHalf'}","{'value': 1, 'displayName': 'Pass'}","{'value': 1, 'displayName': 'Successful'}","[{'type': {'value': 213, 'displayName': 'Angle'}, 'value': '4.7'}, {'type': {'value': 178, 'displayName': 'StandingSave'}}, {'type': {'value': 56, 'displayName': 'Zone'}, 'value': 'Center'}, {'type': {'value': 212, 'displayName': 'Length'}, 'value': '11.7'}, {'type': {'value': 140, 'displayName': 'PassEndX'}, 'value': '55.8'}, {'type': {'value': 141, 'displayName': 'PassEndY'}, 'value': '70.1'}]","[91, 119, 117, 30, 36, 38, 216, 218]",True,297203.0,55.8,70.1,,,,,,,,,
2404798955.0,823,87,10.0,29,61.5,55.0,91,"{'value': 2, 'displayName': 'SecondHalf'}","{'value': 1, 'displayName': 'Pass'}","{'value': 1, 'displayName': 'Successful'}","[{'type': {'value': 140, 'displayName': 'PassEndX'}, 'value': '64.0'}, {'type': {'value': 56, 'displayName': 'Zone'}, 'value': 'Left'}, {'type': {'value': 212, 'displayName': 'Length'}, 'value': '23.8'}, {'type': {'value': 178, 'displayName': 'StandingSave'}}, {'type': {'value': 213, 'displayName': 'Angle'}, 'value': '1.5'}, {'type': {'value': 141, 'displayName': 'PassEndY'}, 'value': '89.8'}]","[91, 119, 117, 30, 36, 37, 216, 218]",True,332325.0,64.0,89.8,,,,,,,,,
2404799011.0,824,87,15.0,29,65.0,86.8,91,"{'value': 2, 'displayName': 'SecondHalf'}","{'value': 1, 'displayName': 'Pass'}","{'value': 1, 'displayName': 'Successful'}","[{'type': {'value': 212, 'displayName': 'Length'}, 'value': '9.5'}, {'type': {'value': 56, 'displayName': 'Zone'}, 'value': 'Center'}, {'type': {'value': 213, 'displayName': 'Angle'}, 'value': '4.3'}, {'type': {'value': 140, 'displayName': 'PassEndX'}, 'value': '61.5'}, {'type': {'value': 141, 'displayName': 'PassEndY'}, 'value': '73.9'}, {'type': {'value': 178, 'displayName': 'StandingSave'}}]","[91, 119, 117, 30, 35, 38, 216, 218]",True,68049.0,61.5,73.9,,,,,,,,,
2404799145.0,825,87,17.0,29,61.1,71.3,91,"{'value': 2, 'displayName': 'SecondHalf'}","{'value': 1, 'displayName': 'Pass'}","{'value': 1, 'displayName': 'Successful'}","[{'type': {'value': 155, 'displayName': 'Chipped'}}, {'type': {'value': 140, 'displayName': 'PassEndX'}, 'value': '88.5'}, {'type': {'value': 141, 'displayName': 'PassEndY'}, 'value': '8.6'}, {'type': {'value': 178, 'displayName': 'StandingSave'}}, {'type': {'value': 212, 'displayName': 'Length'}, 'value': '51.4'}, {'type': {'value': 56, 'displayName': 'Zone'}, 'value': 'Right'}, {'type': {'value': 1, 'displayName': 'Longball'}}, {'type': {'value': 213, 'displayName': 'Angle'}, 'value': '5.3'}]","[91, 119, 117, 124, 127, 205, 36, 38, 217, 218]",True,143595.0,88.5,8.6,,,,,,,,,
2404799185.0,826,87,24.0,29,80.0,5.3,91,"{'value': 2, 'displayName': 'SecondHalf'}","{'value': 1, 'displayName': 'Pass'}","{'value': 1, 'displayName': 'Successful'}","[{'type': {'value': 56, 'displayName': 'Zone'}, 'value': 'Right'}, {'type': {'value': 213, 'displayName': 'Angle'}, 'value': '2.8'}, {'type': {'value': 178, 'displayName': 'StandingSave'}}, {'type': {'value': 140, 'displayName': 'PassEndX'}, 'value': '67.5'}, {'type': {'value': 141, 'displayName': 'PassEndY'}, 'value': '11.5'}, {'type': {'value': 212, 'displayName': 'Length'}, 'value': '13.8'}]","[91, 119, 117, 30, 205, 35, 37, 217, 218]",True,111372.0,67.5,11.5,,,,,,,,,
2404799217.0,827,87,25.0,29,67.5,11.5,91,"{'value': 2, 'displayName': 'SecondHalf'}","{'value': 1, 'displayName': 'Pass'}","{'value': 1, 'displayName': 'Successful'}","[{'type': {'value': 141, 'displayName': 'PassEndY'}, 'value': '26.6'}, {'type': {'value': 212, 'displayName': 'Length'}, 'value': '10.5'}, {'type': {'value': 140, 'displayName': 'PassEndX'}, 'value': '69.4'}, {'type': {'value': 56, 'displayName': 'Zone'}, 'value': 'Center'}, {'type': {'value': 178, 'displayName': 'StandingSave'}}, {'type': {'value': 213, 'displayName': 'Angle'}, 'value': '1.4'}]","[91, 119, 117, 30, 205, 36, 37, 217, 218]",True,73063.0,69.4,26.6,,,,,,,,,
2404799279.0,828,87,27.0,29,68.5,26.6,91,"{'value': 2, 'displayName': 'SecondHalf'}","{'value': 1, 'displayName': 'Pass'}","{'value': 0, 'displayName': 'Unsuccessful'}","[{'type': {'value': 212, 'displayName': 'Length'}, 'value': '24.1'}, {'type': {'value': 141, 'displayName': 'PassEndY'}, 'value': '19.8'}, {'type': {'value': 213, 'displayName': 'Angle'}, 'value': '6.1'}, {'type': {'value': 140, 'displayName': 'PassEndX'}, 'value': '91.0'}, {'type': {'value': 155, 'displayName': 'Chipped'}}, {'type': {'value': 56, 'displayName': 'Zone'}, 'value': 'Right'}, {'type': {'value': 178, 'displayName': 'StandingSave'}}]","[91, 120, 29, 124, 36, 38, 217, 218]",True,143595.0,91.0,19.8,,,,,,,,,
2404799301.0,736,87,29.0,189,10.0,76.7,91,"{'value': 2, 'displayName': 'SecondHalf'}","{'value': 12, 'displayName': 'Clearance'}","{'value': 1, 'displayName': 'Successful'}","[{'type': {'value': 15, 'displayName': 'Head'}}, {'type': {'value': 56, 'displayName': 'Zone'}, 'value': 'Back'}, {'type': {'value': 141, 'displayName': 'PassEndY'}, 'value': '79.3'}, {'type': {'value': 140, 'displayName': 'PassEndX'}, 'value': '9.4'}, {'type': {'value': 178, 'displayName': 'StandingSave'}}, {'type': {'value': 213, 'displayName': 'Angle'}, 'value': '1.9'}, {'type': {'value': 212, 'displayName': 'Length'}, 'value': '1.9'}]","[91, 94, 95, 57, 215]",True,229562.0,9.4,79.3,,,,,,,,,
2404799325.0,829,87,30.0,29,89.9,19.7,91,"{'value': 2, 'displayName': 'SecondHalf'}","{'value': 61, 'displayName': 'BallTouch'}","{'value': 1, 'displayName': 'Successful'}","[{'type': {'value': 56, 'displayName': 'Zone'}, 'value': 'Right'}, {'type': {'value': 178, 'displayName': 'StandingSave'}}, {'type': {'value': 15, 'displayName': 'Head'}}]",[91],True,343975.0,,,,,,,,,,,
2404799389.0,737,87,32.0,189,6.5,89.0,91,"{'value': 2, 'displayName': 'SecondHalf'}","{'value': 1, 'displayName': 'Pass'}","{'value': 0, 'displayName': 'Unsuccessful'}","[{'type': {'value': 56, 'displayName': 'Zone'}, 'value': 'Back'}, {'type': {'value': 141, 'displayName': 'PassEndY'}, 'value': '89.4'}, {'type': {'value': 212, 'displayName': 'Length'}, 'value': '1.7'}, {'type': {'value': 178, 'displayName': 'StandingSave'}}, {'type': {'value': 213, 'displayName': 'Angle'}, 'value': '0.2'}, {'type': {'value': 140, 'displayName': 'PassEndX'}, 'value': '8.1'}]","[91, 118, 120, 29, 36, 37, 215, 218]",True,229562.0,8.1,89.4,,,,,,,,,
2404799955.0,836,87,32.0,29,85.4,14.6,91,"{'value': 2, 'displayName': 'SecondHalf'}","{'value': 61, 'displayName': 'BallTouch'}","{'value': 1, 'displayName': 'Successful'}","[{'type': {'value': 56, 'displayName': 'Zone'}, 'value': 'Right'}, {'type': {'value': 178, 'displayName': 'StandingSave'}}]",[91],True,111372.0,,,,,,,,,,,
2404799505.0,831,87,34.0,29,78.8,8.0,91,"{'value': 2, 'displayName': 'SecondHalf'}","{'value': 3, 'displayName': 'TakeOn'}","{'value': 1, 'displayName': 'Successful'}","[{'type': {'value': 56, 'displayName': 'Zone'}, 'value': 'Right'}, {'type': {'value': 233, 'displayName': 'OppositeRelatedEvent'}, 'value': '738'}, {'type': {'value': 286, 'displayName': 'Offensive'}}, {'type': {'value': 178, 'displayName': 'StandingSave'}}]","[91, 54]",True,143595.0,,,,,,,,,,,
2404799447.0,738,87,34.0,189,21.2,92.0,91,"{'value': 2, 'displayName': 'SecondHalf'}","{'value': 45, 'displayName': 'Challenge'}","{'value': 0, 'displayName': 'Unsuccessful'}","[{'type': {'value': 233, 'displayName': 'OppositeRelatedEvent'}, 'value': '831'}, {'type': {'value': 285, 'displayName': 'Defensive'}}, {'type': {'value': 56, 'displayName': 'Zone'}, 'value': 'Back'}]",[55],False,295964.0,,,,,,,,,,,
2404799597.0,832,87,39.0,29,69.6,15.6,91,"{'value': 2, 'displayName': 'SecondHalf'}","{'value': 1, 'displayName': 'Pass'}","{'value': 1, 'displayName': 'Successful'}","[{'type': {'value': 140, 'displayName': 'PassEndX'}, 'value': '52.4'}, {'type': {'value': 56, 'displayName': 'Zone'}, 'value': 'Center'}, {'type': {'value': 178, 'displayName': 'StandingSave'}}, {'type': {'value': 212, 'displayName': 'Length'}, 'value': '22.6'}, {'type': {'value': 141, 'displayName': 'PassEndY'}, 'value': '35.6'}, {'type': {'value': 213, 'displayName': 'Angle'}, 'value': '2.5'}]","[91, 119, 117, 30, 35, 37, 216, 218]",True,143595.0,52.4,35.6,,,,,,,,,
2404799737.0,833,87,45.0,29,60.9,41.5,91,"{'value': 2, 'displayName': 'SecondHalf'}","{'value': 1, 'displayName': 'Pass'}","{'value': 1, 'displayName': 'Successful'}","[{'type': {'value': 178, 'displayName': 'StandingSave'}}, {'type': {'value': 141, 'displayName': 'PassEndY'}, 'value': '27.0'}, {'type': {'value': 213, 'displayName': 'Angle'}, 'value': '4.6'}, {'type': {'value': 56, 'displayName': 'Zone'}, 'value': 'Center'}, {'type': {'value': 212, 'displayName': 'Length'}, 'value': '9.9'}, {'type': {'value': 140, 'displayName': 'PassEndX'}, 'value': '60.2'}]","[91, 119, 117, 30, 35, 38, 216, 218]",True,300359.0,60.2,27.0,,,,,,,,,
2404799775.0,834,87,49.0,29,64.8,31.3,91,"{'value': 2, 'displayName': 'SecondHalf'}","{'value': 1, 'displayName': 'Pass'}","{'value': 0, 'displayName': 'Unsuccessful'}","[{'type': {'value': 56, 'displayName': 'Zone'}, 'value': 'Left'}, {'type': {'value': 140, 'displayName': 'PassEndX'}, 'value': '91.3'}, {'type': {'value': 141, 'displayName': 'PassEndY'}, 'value': '100.0'}, {'type': {'value': 155, 'displayName': 'Chipped'}}, {'type': {'value': 178, 'displayName': 'StandingSave'}}, {'type': {'value': 212, 'displayName': 'Length'}, 'value': '55.0'}, {'type': {'value': 213, 'displayName': 'Angle'}, 'value': '1.0'}, {'type': {'value': 1, 'displayName': 'Longball'}}]","[91, 120, 124, 128, 36, 37, 217, 218]",True,143595.0,91.3,100.0,,,,,,,,,
2404800247.0,740,88,12.0,189,6.6,0.0,92,"{'value': 2, 'displayName': 'SecondHalf'}","{'value': 1, 'displayName': 'Pass'}","{'value': 1, 'displayName': 'Successful'}","[{'type': {'value': 1, 'displayName': 'Longball'}}, {'type': {'value': 213, 'displayName': 'Angle'}, 'value': '0.7'}, {'type': {'value': 212, 'displayName': 'Length'}, 'value': '22.6'}, {'type': {'value': 107, 'displayName': 'ThrowIn'}}, {'type': {'value': 140, 'displayName': 'PassEndX'}, 'value': '23.1'}, {'type': {'value': 141, 'displayName': 'PassEndY'}, 'value': '20.3'}, {'type': {'value': 56, 'displayName': 'Zone'}, 'value': 'Back'}]","[91, 212, 36, 37, 215]",True,329554.0,23.1,20.3,,,,,,,,,
2404800261.0,741,88,12.0,189,27.3,10.8,92,"{'value': 2, 'displayName': 'SecondHalf'}","{'value': 1, 'displayName': 'Pass'}","{'value': 0, 'displayName': 'Unsuccessful'}","[{'type': {'value': 212, 'displayName': 'Length'}, 'value': '11.3'}, {'type': {'value': 3, 'displayName': 'HeadPass'}}, {'type': {'value': 140, 'displayName': 'PassEndX'}, 'value': '20.5'}, {'type': {'value': 156, 'displayName': 'LayOff'}}, {'type': {'value': 213, 'displayName': 'Angle'}, 'value': '2.3'}, {'type': {'value': 56, 'displayName': 'Zone'}, 'value': 'Back'}, {'type': {'value': 141, 'displayName': 'PassEndY'}, 'value': '23.7'}]","[91, 118, 120, 29, 139, 35, 37, 215, 218]",True,296240.0,20.5,23.7,,,,,,,,,
2404800277.0,837,88,15.0,29,77.9,77.5,92,"{'value': 2, 'displayName': 'SecondHalf'}","{'value': 49, 'displayName': 'BallRecovery'}","{'value': 1, 'displayName': 'Successful'}",[],[93],False,343975.0,,,,,,,,,,,
2404802689.0,861,88,15.0,29,77.0,77.1,92,"{'value': 2, 'displayName': 'SecondHalf'}","{'value': 1, 'displayName': 'Pass'}","{'value': 1, 'displayName': 'Successful'}","[{'type': {'value': 140, 'displayName': 'PassEndX'}, 'value': '74.3'}, {'type': {'value': 141, 'displayName': 'PassEndY'}, 'value': '91.1'}, {'type': {'value': 56, 'displayName': 'Zone'}, 'value': 'Left'}, {'type': {'value': 178, 'displayName': 'StandingSave'}}, {'type': {'value': 212, 'displayName': 'Length'}, 'value': '9.9'}, {'type': {'value': 213, 'displayName': 'Angle'}, 'value': '1.9'}]","[91, 119, 117, 30, 205, 35, 37, 217, 218]",True,343975.0,74.3,91.1,,,,,,,,,
2404800307.0,838,88,17.0,29,75.9,89.2,92,"{'value': 2, 'displayName': 'SecondHalf'}","{'value': 1, 'displayName': 'Pass'}","{'value': 1, 'displayName': 'Successful'}","[{'type': {'value': 213, 'displayName': 'Angle'}, 'value': '2.5'}, {'type': {'value': 178, 'displayName': 'StandingSave'}}, {'type': {'value': 56, 'displayName': 'Zone'}, 'value': 'Left'}, {'type': {'value': 140, 'displayName': 'PassEndX'}, 'value': '72.2'}, {'type': {'value': 212, 'displayName': 'Length'}, 'value': '4.9'}, {'type': {'value': 141, 'displayName': 'PassEndY'}, 'value': '93.6'}]","[91, 119, 117, 30, 205, 35, 37, 217, 218]",True,137021.0,72.2,93.6,,,,,,,,,
2404800353.0,839,88,20.0,29,72.2,93.6,92,"{'value': 2, 'displayName': 'SecondHalf'}","{'value': 1, 'displayName': 'Pass'}","{'value': 1, 'displayName': 'Successful'}","[{'type': {'value': 140, 'displayName': 'PassEndX'}, 'value': '77.8'}, {'type': {'value': 212, 'displayName': 'Length'}, 'value': '6.5'}, {'type': {'value': 56, 'displayName': 'Zone'}, 'value': 'Left'}, {'type': {'value': 141, 'displayName': 'PassEndY'}, 'value': '97.7'}, {'type': {'value': 213, 'displayName': 'Angle'}, 'value': '0.4'}, {'type': {'value': 178, 'displayName': 'StandingSave'}}]","[91, 119, 117, 30, 205, 36, 37, 217, 218]",True,68049.0,77.8,97.7,,,,,,,,,
2404800397.0,840,88,23.0,29,74.6,96.7,92,"{'value': 2, 'displayName': 'SecondHalf'}","{'value': 1, 'displayName': 'Pass'}","{'value': 1, 'displayName': 'Successful'}","[{'type': {'value': 141, 'displayName': 'PassEndY'}, 'value': '88.9'}, {'type': {'value': 178, 'displayName': 'StandingSave'}}, {'type': {'value': 140, 'displayName': 'PassEndX'}, 'value': '61.1'}, {'type': {'value': 212, 'displayName': 'Length'}, 'value': '15.1'}, {'type': {'value': 213, 'displayName': 'Angle'}, 'value': '3.5'}, {'type': {'value': 56, 'displayName': 'Zone'}, 'value': 'Left'}]","[91, 119, 117, 30, 35, 38, 216, 218]",True,137021.0,61.1,88.9,,,,,,,,,
2404800455.0,841,88,27.0,29,58.0,84.5,92,"{'value': 2, 'displayName': 'SecondHalf'}","{'value': 1, 'displayName': 'Pass'}","{'value': 1, 'displayName': 'Successful'}","[{'type': {'value': 213, 'displayName': 'Angle'}, 'value': '4.4'}, {'type': {'value': 178, 'displayName': 'StandingSave'}}, {'type': {'value': 140, 'displayName': 'PassEndX'}, 'value': '48.9'}, {'type': {'value': 56, 'displayName': 'Zone'}, 'value': 'Back'}, {'type': {'value': 141, 'displayName': 'PassEndY'}, 'value': '47.4'}, {'type': {'value': 212, 'displayName': 'Length'}, 'value': '27.0'}]","[91, 117, 30, 35, 38, 216, 218]",True,300359.0,48.9,47.4,,,,,,,,,
2404800523.0,842,88,30.0,29,48.8,46.8,92,"{'value': 2, 'displayName': 'SecondHalf'}","{'value': 1, 'displayName': 'Pass'}","{'value': 1, 'displayName': 'Successful'}","[{'type': {'value': 212, 'displayName': 'Length'}, 'value': '19.8'}, {'type': {'value': 213, 'displayName': 'Angle'}, 'value': '5.0'}, {'type': {'value': 178, 'displayName': 'StandingSave'}}, {'type': {'value': 141, 'displayName': 'PassEndY'}, 'value': '18.7'}, {'type': {'value': 140, 'displayName': 'PassEndX'}, 'value': '53.9'}, {'type': {'value': 56, 'displayName': 'Zone'}, 'value': 'Right'}]","[91, 119, 117, 30, 36, 38, 216, 218]",True,73063.0,53.9,18.7,,,,,,,,,
2404800535.0,843,88,34.0,29,60.4,33.3,92,"{'value': 2, 'displayName': 'SecondHalf'}","{'value': 1, 'displayName': 'Pass'}","{'value': 0, 'displayName': 'Unsuccessful'}","[{'type': {'value': 213, 'displayName': 'Angle'}, 'value': '5.1'}, {'type': {'value': 178, 'displayName': 'StandingSave'}}, {'type': {'value': 212, 'displayName': 'Length'}, 'value': '3.9'}, {'type': {'value': 141, 'displayName': 'PassEndY'}, 'value': '28.0'}, {'type': {'value': 56, 'displayName': 'Zone'}, 'value': 'Center'}, {'type': {'value': 140, 'displayName': 'PassEndX'}, 'value': '61.9'}]","[91, 120, 29, 36, 38, 216, 218]",True,111372.0,61.9,28.0,,,,,,,,,
2404800549.0,742,88,34.0,189,35.9,68.1,92,"{'value': 2, 'displayName': 'SecondHalf'}","{'value': 61, 'displayName': 'BallTouch'}","{'value': 1, 'displayName': 'Successful'}","[{'type': {'value': 56, 'displayName': 'Zone'}, 'value': 'Back'}, {'type': {'value': 178, 'displayName': 'StandingSave'}}]",[91],True,295964.0,,,,,,,,,,,
2404800569.0,743,88,36.0,189,27.8,68.6,92,"{'value': 2, 'displayName': 'SecondHalf'}","{'value': 49, 'displayName': 'BallRecovery'}","{'value': 1, 'displayName': 'Successful'}",[],[93],False,342499.0,,,,,,,,,,,
2404800581.0,744,88,37.0,189,28.8,66.3,92,"{'value': 2, 'displayName': 'SecondHalf'}","{'value': 50, 'displayName': 'Dispossessed'}","{'value': 1, 'displayName': 'Successful'}","[{'type': {'value': 233, 'displayName': 'OppositeRelatedEvent'}, 'value': '844'}, {'type': {'value': 285, 'displayName': 'Defensive'}}, {'type': {'value': 56, 'displayName': 'Zone'}, 'value': 'Back'}]","[91, 70]",True,342499.0,,,,,,,,,,,
2404800589.0,844,88,37.0,29,71.2,33.7,92,"{'value': 2, 'displayName': 'SecondHalf'}","{'value': 7, 'displayName': 'Tackle'}","{'value': 0, 'displayName': 'Unsuccessful'}","[{'type': {'value': 178, 'displayName': 'StandingSave'}}, {'type': {'value': 286, 'displayName': 'Offensive'}}, {'type': {'value': 56, 'displayName': 'Zone'}, 'value': 'Center'}, {'type': {'value': 233, 'displayName': 'OppositeRelatedEvent'}, 'value': '744'}]","[91, 142]",True,297203.0,,,,,,,,,,,
2404800635.0,745,88,38.0,189,27.8,67.1,92,"{'value': 2, 'displayName': 'SecondHalf'}","{'value': 1, 'displayName': 'Pass'}","{'value': 1, 'displayName': 'Successful'}","[{'type': {'value': 140, 'displayName': 'PassEndX'}, 'value': '39.6'}, {'type': {'value': 56, 'displayName': 'Zone'}, 'value': 'Back'}, {'type': {'value': 141, 'displayName': 'PassEndY'}, 'value': '61.1'}, {'type': {'value': 178, 'displayName': 'StandingSave'}}, {'type': {'value': 212, 'displayName': 'Length'}, 'value': '13.0'}, {'type': {'value': 213, 'displayName': 'Angle'}, 'value': '6.0'}]","[91, 117, 30, 36, 38, 216, 218]",True,342499.0,39.6,61.1,,,,,,,,,
2404800669.0,746,88,41.0,189,42.3,50.7,92,"{'value': 2, 'displayName': 'SecondHalf'}","{'value': 1, 'displayName': 'Pass'}","{'value': 0, 'displayName': 'Unsuccessful'}","[{'type': {'value': 140, 'displayName': 'PassEndX'}, 'value': '75.6'}, {'type': {'value': 213, 'displayName': 'Angle'}, 'value': '0.3'}, {'type': {'value': 141, 'displayName': 'PassEndY'}, 'value': '66.5'}, {'type': {'value': 212, 'displayName': 'Length'}, 'value': '36.6'}, {'type': {'value': 1, 'displayName': 'Longball'}}, {'type': {'value': 56, 'displayName': 'Zone'}, 'value': 'Center'}, {'type': {'value': 178, 'displayName': 'StandingSave'}}]","[91, 120, 128, 36, 37, 217, 218]",True,295964.0,75.6,66.5,,,,,,,,,
2404800673.0,845,88,44.0,29,24.1,37.8,92,"{'value': 2, 'displayName': 'SecondHalf'}","{'value': 49, 'displayName': 'BallRecovery'}","{'value': 1, 'displayName': 'Successful'}",[],[93],False,300359.0,,,,,,,,,,,
2404800687.0,846,88,44.0,29,24.1,37.8,92,"{'value': 2, 'displayName': 'SecondHalf'}","{'value': 1, 'displayName': 'Pass'}","{'value': 1, 'displayName': 'Successful'}","[{'type': {'value': 56, 'displayName': 'Zone'}, 'value': 'Back'}, {'type': {'value': 213, 'displayName': 'Angle'}, 'value': '2.7'}, {'type': {'value': 178, 'displayName': 'StandingSave'}}, {'type': {'value': 140, 'displayName': 'PassEndX'}, 'value': '9.1'}, {'type': {'value': 141, 'displayName': 'PassEndY'}, 'value': '47.6'}, {'type': {'value': 212, 'displayName': 'Length'}, 'value': '17.1'}]","[91, 117, 30, 35, 37, 215, 218]",True,300359.0,9.1,47.6,,,,,,,,,
2404800757.0,847,88,46.0,29,9.1,47.6,92,"{'value': 2, 'displayName': 'SecondHalf'}","{'value': 1, 'displayName': 'Pass'}","{'value': 1, 'displayName': 'Successful'}","[{'type': {'value': 178, 'displayName': 'StandingSave'}}, {'type': {'value': 1, 'displayName': 'Longball'}}, {'type': {'value': 212, 'displayName': 'Length'}, 'value': '37.2'}, {'type': {'value': 140, 'displayName': 'PassEndX'}, 'value': '32.9'}, {'type': {'value': 141, 'displayName': 'PassEndY'}, 'value': '88.2'}, {'type': {'value': 213, 'displayName': 'Angle'}, 'value': '0.8'}, {'type': {'value': 56, 'displayName': 'Zone'}, 'value': 'Back'}]","[91, 117, 127, 36, 37, 215, 218]",True,20973.0,32.9,88.2,,,,,,,,,
2404800793.0,848,88,50.0,29,37.7,87.9,92,"{'value': 2, 'displayName': 'SecondHalf'}","{'value': 1, 'displayName': 'Pass'}","{'value': 1, 'displayName': 'Successful'}","[{'type': {'value': 212, 'displayName': 'Length'}, 'value': '9.5'}, {'type': {'value': 56, 'displayName': 'Zone'}, 'value': 'Back'}, {'type': {'value': 213, 'displayName': 'Angle'}, 'value': '4.9'}, {'type': {'value': 140, 'displayName': 'PassEndX'}, 'value': '39.5'}, {'type': {'value': 178, 'displayName': 'StandingSave'}}, {'type': {'value': 141, 'displayName': 'PassEndY'}, 'value': '74.2'}]","[91, 117, 30, 36, 38, 216, 218]",True,68049.0,39.5,74.2,,,,,,,,,
2404800845.0,849,88,53.0,29,40.1,73.1,92,"{'value': 2, 'displayName': 'SecondHalf'}","{'value': 1, 'displayName': 'Pass'}","{'value': 1, 'displayName': 'Successful'}","[{'type': {'value': 212, 'displayName': 'Length'}, 'value': '14.0'}, {'type': {'value': 178, 'displayName': 'StandingSave'}}, {'type': {'value': 56, 'displayName': 'Zone'}, 'value': 'Back'}, {'type': {'value': 140, 'displayName': 'PassEndX'}, 'value': '42.9'}, {'type': {'value': 213, 'displayName': 'Angle'}, 'value': '4.9'}, {'type': {'value': 141, 'displayName': 'PassEndY'}, 'value': '52.9'}]","[91, 117, 30, 36, 38, 216, 218]",True,332325.0,42.9,52.9,,,,,,,,,
2404800943.0,850,88,55.0,29,44.2,55.5,92,"{'value': 2, 'displayName': 'SecondHalf'}","{'value': 1, 'displayName': 'Pass'}","{'value': 1, 'displayName': 'Successful'}","[{'type': {'value': 140, 'displayName': 'PassEndX'}, 'value': '45.5'}, {'type': {'value': 141, 'displayName': 'PassEndY'}, 'value': '74.0'}, {'type': {'value': 56, 'displayName': 'Zone'}, 'value': 'Back'}, {'type': {'value': 178, 'displayName': 'StandingSave'}}, {'type': {'value': 212, 'displayName': 'Length'}, 'value': '12.7'}, {'type': {'value': 213, 'displayName': 'Angle'}, 'value': '1.5'}]","[91, 117, 30, 36, 37, 216, 218]",True,143595.0,45.5,74.0,,,,,,,,,
2404800989.0,851,89,0.0,29,46.4,55.5,93,"{'value': 2, 'displayName': 'SecondHalf'}","{'value': 1, 'displayName': 'Pass'}","{'value': 1, 'displayName': 'Successful'}","[{'type': {'value': 213, 'displayName': 'Angle'}, 'value': '4.5'}, {'type': {'value': 212, 'displayName': 'Length'}, 'value': '16.2'}, {'type': {'value': 56, 'displayName': 'Zone'}, 'value': 'Back'}, {'type': {'value': 140, 'displayName': 'PassEndX'}, 'value': '43.7'}, {'type': {'value': 141, 'displayName': 'PassEndY'}, 'value': '32.1'}, {'type': {'value': 178, 'displayName': 'StandingSave'}}]","[91, 117, 30, 35, 38, 216, 218]",True,332325.0,43.7,32.1,,,,,,,,,
2404801065.0,852,89,2.0,29,43.6,30.7,93,"{'value': 2, 'displayName': 'SecondHalf'}","{'value': 1, 'displayName': 'Pass'}","{'value': 1, 'displayName': 'Successful'}","[{'type': {'value': 212, 'displayName': 'Length'}, 'value': '16.3'}, {'type': {'value': 178, 'displayName': 'StandingSave'}}, {'type': {'value': 140, 'displayName': 'PassEndX'}, 'value': '52.0'}, {'type': {'value': 213, 'displayName': 'Angle'}, 'value': '5.3'}, {'type': {'value': 141, 'displayName': 'PassEndY'}, 'value': '10.5'}, {'type': {'value': 56, 'displayName': 'Zone'}, 'value': 'Right'}]","[91, 119, 117, 30, 36, 38, 216, 218]",True,73063.0,52.0,10.5,,,,,,,,,
2404801209.0,853,89,7.0,29,53.6,9.9,93,"{'value': 2, 'displayName': 'SecondHalf'}","{'value': 1, 'displayName': 'Pass'}","{'value': 1, 'displayName': 'Successful'}","[{'type': {'value': 212, 'displayName': 'Length'}, 'value': '11.7'}, {'type': {'value': 56, 'displayName': 'Zone'}, 'value': 'Center'}, {'type': {'value': 178, 'displayName': 'StandingSave'}}, {'type': {'value': 140, 'displayName': 'PassEndX'}, 'value': '60.7'}, {'type': {'value': 213, 'displayName': 'Angle'}, 'value': '0.9'}, {'type': {'value': 141, 'displayName': 'PassEndY'}, 'value': '23.1'}]","[91, 119, 117, 30, 36, 37, 216, 218]",True,111372.0,60.7,23.1,,,,,,,,,
2404801253.0,854,89,13.0,29,68.9,12.0,93,"{'value': 2, 'displayName': 'SecondHalf'}","{'value': 1, 'displayName': 'Pass'}","{'value': 0, 'displayName': 'Unsuccessful'}","[{'type': {'value': 178, 'displayName': 'StandingSave'}}, {'type': {'value': 56, 'displayName': 'Zone'}, 'value': 'Center'}, {'type': {'value': 140, 'displayName': 'PassEndX'}, 'value': '64.9'}, {'type': {'value': 141, 'displayName': 'PassEndY'}, 'value': '32.2'}, {'type': {'value': 213, 'displayName': 'Angle'}, 'value': '1.9'}, {'type': {'value': 212, 'displayName': 'Length'}, 'value': '14.4'}]","[91, 120, 29, 35, 37, 216, 218]",True,343975.0,64.9,32.2,,,,,,,,,
2404801281.0,747,89,15.0,189,38.2,66.8,93,"{'value': 2, 'displayName': 'SecondHalf'}","{'value': 3, 'displayName': 'TakeOn'}","{'value': 0, 'displayName': 'Unsuccessful'}","[{'type': {'value': 56, 'displayName': 'Zone'}, 'value': 'Back'}, {'type': {'value': 233, 'displayName': 'OppositeRelatedEvent'}, 'value': '855'}, {'type': {'value': 178, 'displayName': 'StandingSave'}}, {'type': {'value': 286, 'displayName': 'Offensive'}}]","[91, 53]",True,296240.0,,,,,,,,,,,
2404801315.0,855,89,15.0,29,61.8,33.2,93,"{'value': 2, 'displayName': 'SecondHalf'}","{'value': 7, 'displayName': 'Tackle'}","{'value': 1, 'displayName': 'Successful'}","[{'type': {'value': 233, 'displayName': 'OppositeRelatedEvent'}, 'value': '747'}, {'type': {'value': 178, 'displayName': 'StandingSave'}}, {'type': {'value': 285, 'displayName': 'Defensive'}}, {'type': {'value': 56, 'displayName': 'Zone'}, 'value': 'Center'}]","[91, 143]",True,332325.0,,,,,,,,,,,
2404801423.0,856,89,18.0,29,68.0,47.9,93,"{'value': 2, 'displayName': 'SecondHalf'}","{'value': 1, 'displayName': 'Pass'}","{'value': 1, 'displayName': 'Successful'}","[{'type': {'value': 212, 'displayName': 'Length'}, 'value': '33.6'}, {'type': {'value': 155, 'displayName': 'Chipped'}}, {'type': {'value': 1, 'displayName': 'Longball'}}, {'type': {'value': 141, 'displayName': 'PassEndY'}, 'value': '95.6'}, {'type': {'value': 140, 'displayName': 'PassEndX'}, 'value': '76.5'}, {'type': {'value': 213, 'displayName': 'Angle'}, 'value': '1.3'}, {'type': {'value': 178, 'displayName': 'StandingSave'}}, {'type': {'value': 56, 'displayName': 'Zone'}, 'value': 'Left'}]","[91, 119, 117, 124, 127, 205, 36, 37, 217, 218]",True,297203.0,76.5,95.6,,,,,,,,,
2404801507.0,857,89,24.0,29,80.2,88.3,93,"{'value': 2, 'displayName': 'SecondHalf'}","{'value': 1, 'displayName': 'Pass'}","{'value': 1, 'displayName': 'Successful'}","[{'type': {'value': 140, 'displayName': 'PassEndX'}, 'value': '73.9'}, {'type': {'value': 56, 'displayName': 'Zone'}, 'value': 'Center'}, {'type': {'value': 210, 'displayName': 'ShotAssist'}, 'value': '13'}, {'type': {'value': 141, 'displayName': 'PassEndY'}, 'value': '75.5'}, {'type': {'value': 178, 'displayName': 'StandingSave'}}, {'type': {'value': 213, 'displayName': 'Angle'}, 'value': '4.1'}, {'type': {'value': 212, 'displayName': 'Length'}, 'value': '10.9'}, {'type': {'value': 11113, 'displayName': 'KeyPass'}}]","[91, 119, 117, 30, 123, 205, 40, 46, 35, 38, 217, 218]",True,68049.0,73.9,75.5,,,,,,,,,
2404801515.0,858,89,26.0,29,71.7,70.1,93,"{'value': 2, 'displayName': 'SecondHalf'}","{'value': 13, 'displayName': 'MissedShots'}","{'value': 1, 'displayName': 'Successful'}","[{'type': {'value': 178, 'displayName': 'StandingSave'}}, {'type': {'value': 18, 'displayName': 'OutOfBoxCentre'}}, {'type': {'value': 29, 'displayName': 'Assisted'}}, {'type': {'value': 55, 'displayName': 'RelatedEventId'}, 'value': '857'}, {'type': {'value': 56, 'displayName': 'Zone'}, 'value': 'Center'}, {'type': {'value': 22, 'displayName': 'RegularPlay'}}, {'type': {'value': 81, 'displayName': 'HighRight'}}, {'type': {'value': 102, 'displayName': 'GoalMouthY'}, 'value': '34.5'}, {'type': {'value': 103, 'displayName': 'GoalMouthZ'}, 'value': '95.8'}, {'type': {'value': 20, 'displayName': 'RightFoot'}}]","[91, 7, 10, 2, 3, 12]",True,332325.0,,,857.0,68049.0,,,95.8,34.5,True,,
2404801923.0,749,89,42.0,189,4.0,49.5,93,"{'value': 2, 'displayName': 'SecondHalf'}","{'value': 1, 'displayName': 'Pass'}","{'value': 1, 'displayName': 'Successful'}","[{'type': {'value': 56, 'displayName': 'Zone'}, 'value': 'Back'}, {'type': {'value': 140, 'displayName': 'PassEndX'}, 'value': '9.3'}, {'type': {'value': 212, 'displayName': 'Length'}, 'value': '16.2'}, {'type': {'value': 141, 'displayName': 'PassEndY'}, 'value': '27.2'}, {'type': {'value': 124, 'displayName': 'GoalKick'}}, {'type': {'value': 213, 'displayName': 'Angle'}, 'value': '5.1'}]","[91, 117, 30, 36, 38, 215, 218]",True,276366.0,9.3,27.2,,,,,,,,,
2404801983.0,750,89,49.0,189,16.0,26.9,93,"{'value': 2, 'displayName': 'SecondHalf'}","{'value': 1, 'displayName': 'Pass'}","{'value': 1, 'displayName': 'Successful'}","[{'type': {'value': 212, 'displayName': 'Length'}, 'value': '34.5'}, {'type': {'value': 213, 'displayName': 'Angle'}, 'value': '0.7'}, {'type': {'value': 141, 'displayName': 'PassEndY'}, 'value': '59.9'}, {'type': {'value': 140, 'displayName': 'PassEndX'}, 'value': '40.9'}, {'type': {'value': 178, 'displayName': 'StandingSave'}}, {'type': {'value': 1, 'displayName': 'Longball'}}, {'type': {'value': 155, 'displayName': 'Chipped'}}, {'type': {'value': 56, 'displayName': 'Zone'}, 'value': 'Back'}]","[91, 117, 124, 127, 36, 37, 216, 218]",True,29026.0,40.9,59.9,,,,,,,,,
2404802041.0,751,89,52.0,189,40.9,59.9,93,"{'value': 2, 'displayName': 'SecondHalf'}","{'value': 1, 'displayName': 'Pass'}","{'value': 1, 'displayName': 'Successful'}","[{'type': {'value': 156, 'displayName': 'LayOff'}}, {'type': {'value': 141, 'displayName': 'PassEndY'}, 'value': '59.6'}, {'type': {'value': 140, 'displayName': 'PassEndX'}, 'value': '29.4'}, {'type': {'value': 212, 'displayName': 'Length'}, 'value': '12.1'}, {'type': {'value': 56, 'displayName': 'Zone'}, 'value': 'Back'}, {'type': {'value': 213, 'displayName': 'Angle'}, 'value': '3.2'}, {'type': {'value': 178, 'displayName': 'StandingSave'}}]","[91, 117, 30, 35, 38, 215, 218]",True,134240.0,29.4,59.6,,,,,,,,,
2404802067.0,752,89,55.0,189,29.4,59.6,93,"{'value': 2, 'displayName': 'SecondHalf'}","{'value': 1, 'displayName': 'Pass'}","{'value': 1, 'displayName': 'Successful'}","[{'type': {'value': 56, 'displayName': 'Zone'}, 'value': 'Back'}, {'type': {'value': 140, 'displayName': 'PassEndX'}, 'value': '37.8'}, {'type': {'value': 213, 'displayName': 'Angle'}, 'value': '5.7'}, {'type': {'value': 178, 'displayName': 'StandingSave'}}, {'type': {'value': 141, 'displayName': 'PassEndY'}, 'value': '51.3'}, {'type': {'value': 212, 'displayName': 'Length'}, 'value': '10.5'}]","[91, 117, 30, 36, 38, 216, 218]",True,69344.0,37.8,51.3,,,,,,,,,
2404802107.0,753,89,56.0,189,37.8,51.3,93,"{'value': 2, 'displayName': 'SecondHalf'}","{'value': 1, 'displayName': 'Pass'}","{'value': 1, 'displayName': 'Successful'}","[{'type': {'value': 212, 'displayName': 'Length'}, 'value': '17.0'}, {'type': {'value': 213, 'displayName': 'Angle'}, 'value': '1.8'}, {'type': {'value': 140, 'displayName': 'PassEndX'}, 'value': '34.9'}, {'type': {'value': 178, 'displayName': 'StandingSave'}}, {'type': {'value': 56, 'displayName': 'Zone'}, 'value': 'Back'}, {'type': {'value': 141, 'displayName': 'PassEndY'}, 'value': '75.9'}]","[91, 117, 30, 35, 37, 216, 218]",True,101856.0,34.9,75.9,,,,,,,,,
2404802187.0,754,89,59.0,189,39.3,82.4,93,"{'value': 2, 'displayName': 'SecondHalf'}","{'value': 1, 'displayName': 'Pass'}","{'value': 1, 'displayName': 'Successful'}","[{'type': {'value': 212, 'displayName': 'Length'}, 'value': '9.7'}, {'type': {'value': 141, 'displayName': 'PassEndY'}, 'value': '92.7'}, {'type': {'value': 140, 'displayName': 'PassEndX'}, 'value': '45.7'}, {'type': {'value': 56, 'displayName': 'Zone'}, 'value': 'Back'}, {'type': {'value': 213, 'displayName': 'Angle'}, 'value': '0.8'}, {'type': {'value': 178, 'displayName': 'StandingSave'}}]","[91, 117, 30, 36, 37, 216, 218]",True,134240.0,45.7,92.7,,,,,,,,,
2404802237.0,755,90,0.0,189,45.7,92.7,94,"{'value': 2, 'displayName': 'SecondHalf'}","{'value': 1, 'displayName': 'Pass'}","{'value': 1, 'displayName': 'Successful'}","[{'type': {'value': 56, 'displayName': 'Zone'}, 'value': 'Back'}, {'type': {'value': 141, 'displayName': 'PassEndY'}, 'value': '88.4'}, {'type': {'value': 213, 'displayName': 'Angle'}, 'value': '3.5'}, {'type': {'value': 178, 'displayName': 'StandingSave'}}, {'type': {'value': 140, 'displayName': 'PassEndX'}, 'value': '37.4'}, {'type': {'value': 212, 'displayName': 'Length'}, 'value': '9.2'}]","[91, 117, 30, 35, 38, 216, 218]",True,229562.0,37.4,88.4,,,,,,,,,
2404802289.0,756,90,3.0,189,37.6,88.4,94,"{'value': 2, 'displayName': 'SecondHalf'}","{'value': 1, 'displayName': 'Pass'}","{'value': 1, 'displayName': 'Successful'}","[{'type': {'value': 212, 'displayName': 'Length'}, 'value': '10.4'}, {'type': {'value': 178, 'displayName': 'StandingSave'}}, {'type': {'value': 141, 'displayName': 'PassEndY'}, 'value': '78.2'}, {'type': {'value': 56, 'displayName': 'Zone'}, 'value': 'Back'}, {'type': {'value': 140, 'displayName': 'PassEndX'}, 'value': '30.2'}, {'type': {'value': 213, 'displayName': 'Angle'}, 'value': '3.9'}]","[91, 117, 30, 35, 38, 215, 218]",True,134240.0,30.2,78.2,,,,,,,,,
2404802305.0,757,90,4.0,189,30.2,78.2,94,"{'value': 2, 'displayName': 'SecondHalf'}","{'value': 1, 'displayName': 'Pass'}","{'value': 1, 'displayName': 'Successful'}","[{'type': {'value': 178, 'displayName': 'StandingSave'}}, {'type': {'value': 56, 'displayName': 'Zone'}, 'value': 'Back'}, {'type': {'value': 141, 'displayName': 'PassEndY'}, 'value': '88.5'}, {'type': {'value': 212, 'displayName': 'Length'}, 'value': '8.1'}, {'type': {'value': 140, 'displayName': 'PassEndX'}, 'value': '34.0'}, {'type': {'value': 213, 'displayName': 'Angle'}, 'value': '1.1'}]","[91, 117, 30, 36, 37, 216, 218]",True,69344.0,34.0,88.5,,,,,,,,,
2404802333.0,758,90,5.0,189,34.0,88.5,94,"{'value': 2, 'displayName': 'SecondHalf'}","{'value': 1, 'displayName': 'Pass'}","{'value': 1, 'displayName': 'Successful'}","[{'type': {'value': 212, 'displayName': 'Length'}, 'value': '10.4'}, {'type': {'value': 178, 'displayName': 'StandingSave'}}, {'type': {'value': 141, 'displayName': 'PassEndY'}, 'value': '78.5'}, {'type': {'value': 213, 'displayName': 'Angle'}, 'value': '3.9'}, {'type': {'value': 140, 'displayName': 'PassEndX'}, 'value': '26.5'}, {'type': {'value': 56, 'displayName': 'Zone'}, 'value': 'Back'}]","[91, 117, 30, 35, 38, 215, 218]",True,134240.0,26.5,78.5,,,,,,,,,
2404802427.0,759,90,8.0,189,25.5,77.7,94,"{'value': 2, 'displayName': 'SecondHalf'}","{'value': 1, 'displayName': 'Pass'}","{'value': 1, 'displayName': 'Successful'}","[{'type': {'value': 56, 'displayName': 'Zone'}, 'value': 'Back'}, {'type': {'value': 212, 'displayName': 'Length'}, 'value': '27.8'}, {'type': {'value': 178, 'displayName': 'StandingSave'}}, {'type': {'value': 213, 'displayName': 'Angle'}, 'value': '4.0'}, {'type': {'value': 141, 'displayName': 'PassEndY'}, 'value': '48.1'}, {'type': {'value': 140, 'displayName': 'PassEndX'}, 'value': '7.3'}]","[91, 117, 30, 35, 38, 215, 218]",True,69344.0,7.3,48.1,,,,,,,,,
2404802453.0,760,90,14.0,189,8.5,47.8,94,"{'value': 2, 'displayName': 'SecondHalf'}","{'value': 1, 'displayName': 'Pass'}","{'value': 1, 'displayName': 'Successful'}","[{'type': {'value': 212, 'displayName': 'Length'}, 'value': '28.0'}, {'type': {'value': 141, 'displayName': 'PassEndY'}, 'value': '78.5'}, {'type': {'value': 178, 'displayName': 'StandingSave'}}, {'type': {'value': 140, 'displayName': 'PassEndX'}, 'value': '26.2'}, {'type': {'value': 213, 'displayName': 'Angle'}, 'value': '0.8'}, {'type': {'value': 56, 'displayName': 'Zone'}, 'value': 'Back'}]","[91, 117, 30, 36, 37, 215, 218]",True,276366.0,26.2,78.5,,,,,,,,,
2404802487.0,761,90,17.0,189,26.3,78.2,94,"{'value': 2, 'displayName': 'SecondHalf'}","{'value': 1, 'displayName': 'Pass'}","{'value': 1, 'displayName': 'Successful'}","[{'type': {'value': 141, 'displayName': 'PassEndY'}, 'value': '73.4'}, {'type': {'value': 56, 'displayName': 'Zone'}, 'value': 'Back'}, {'type': {'value': 140, 'displayName': 'PassEndX'}, 'value': '9.3'}, {'type': {'value': 212, 'displayName': 'Length'}, 'value': '18.1'}, {'type': {'value': 178, 'displayName': 'StandingSave'}}, {'type': {'value': 213, 'displayName': 'Angle'}, 'value': '3.3'}]","[91, 117, 30, 35, 38, 215, 218]",True,69344.0,9.3,73.4,,,,,,,,,
2404802523.0,762,90,18.0,189,9.3,73.4,94,"{'value': 2, 'displayName': 'SecondHalf'}","{'value': 1, 'displayName': 'Pass'}","{'value': 1, 'displayName': 'Successful'}","[{'type': {'value': 56, 'displayName': 'Zone'}, 'value': 'Back'}, {'type': {'value': 140, 'displayName': 'PassEndX'}, 'value': '4.2'}, {'type': {'value': 141, 'displayName': 'PassEndY'}, 'value': '52.5'}, {'type': {'value': 212, 'displayName': 'Length'}, 'value': '15.2'}, {'type': {'value': 178, 'displayName': 'StandingSave'}}, {'type': {'value': 213, 'displayName': 'Angle'}, 'value': '4.4'}]","[91, 117, 30, 35, 38, 215, 218]",True,342499.0,4.2,52.5,,,,,,,,,
2404802623.0,763,90,21.0,189,4.3,52.1,94,"{'value': 2, 'displayName': 'SecondHalf'}","{'value': 1, 'displayName': 'Pass'}","{'value': 1, 'displayName': 'Successful'}","[{'type': {'value': 213, 'displayName': 'Angle'}, 'value': '1.3'}, {'type': {'value': 178, 'displayName': 'StandingSave'}}, {'type': {'value': 56, 'displayName': 'Zone'}, 'value': 'Back'}, {'type': {'value': 212, 'displayName': 'Length'}, 'value': '15.0'}, {'type': {'value': 141, 'displayName': 'PassEndY'}, 'value': '73.4'}, {'type': {'value': 140, 'displayName': 'PassEndX'}, 'value': '7.9'}]","[91, 117, 30, 36, 37, 215, 218]",True,276366.0,7.9,73.4,,,,,,,,,
2404802677.0,764,90,26.0,189,10.5,78.8,94,"{'value': 2, 'displayName': 'SecondHalf'}","{'value': 1, 'displayName': 'Pass'}","{'value': 1, 'displayName': 'Successful'}","[{'type': {'value': 213, 'displayName': 'Angle'}, 'value': '1.2'}, {'type': {'value': 178, 'displayName': 'StandingSave'}}, {'type': {'value': 56, 'displayName': 'Zone'}, 'value': 'Back'}, {'type': {'value': 140, 'displayName': 'PassEndX'}, 'value': '13.5'}, {'type': {'value': 141, 'displayName': 'PassEndY'}, 'value': '90.8'}, {'type': {'value': 212, 'displayName': 'Length'}, 'value': '8.7'}]","[91, 117, 30, 36, 37, 215, 218]",True,342499.0,13.5,90.8,,,,,,,,,
2404802717.0,765,90,30.0,189,13.2,90.2,94,"{'value': 2, 'displayName': 'SecondHalf'}","{'value': 1, 'displayName': 'Pass'}","{'value': 1, 'displayName': 'Successful'}","[{'type': {'value': 178, 'displayName': 'StandingSave'}}, {'type': {'value': 56, 'displayName': 'Zone'}, 'value': 'Back'}, {'type': {'value': 213, 'displayName': 'Angle'}, 'value': '3.8'}, {'type': {'value': 140, 'displayName': 'PassEndX'}, 'value': '4.1'}, {'type': {'value': 212, 'displayName': 'Length'}, 'value': '12.1'}, {'type': {'value': 141, 'displayName': 'PassEndY'}, 'value': '79.2'}]","[91, 117, 30, 35, 38, 215, 218]",True,69344.0,4.1,79.2,,,,,,,,,
2404802769.0,766,90,31.0,189,4.1,79.2,94,"{'value': 2, 'displayName': 'SecondHalf'}","{'value': 1, 'displayName': 'Pass'}","{'value': 1, 'displayName': 'Successful'}","[{'type': {'value': 140, 'displayName': 'PassEndX'}, 'value': '3.7'}, {'type': {'value': 56, 'displayName': 'Zone'}, 'value': 'Back'}, {'type': {'value': 178, 'displayName': 'StandingSave'}}, {'type': {'value': 141, 'displayName': 'PassEndY'}, 'value': '54.9'}, {'type': {'value': 212, 'displayName': 'Length'}, 'value': '16.5'}, {'type': {'value': 213, 'displayName': 'Angle'}, 'value': '4.7'}]","[91, 117, 30, 35, 38, 215, 218]",True,342499.0,3.7,54.9,,,,,,,,,
2404802791.0,767,90,33.0,189,3.7,54.9,94,"{'value': 2, 'displayName': 'SecondHalf'}","{'value': 1, 'displayName': 'Pass'}","{'value': 0, 'displayName': 'Unsuccessful'}","[{'type': {'value': 140, 'displayName': 'PassEndX'}, 'value': '40.3'}, {'type': {'value': 141, 'displayName': 'PassEndY'}, 'value': '87.5'}, {'type': {'value': 1, 'displayName': 'Longball'}}, {'type': {'value': 213, 'displayName': 'Angle'}, 'value': '0.5'}, {'type': {'value': 212, 'displayName': 'Length'}, 'value': '44.4'}, {'type': {'value': 56, 'displayName': 'Zone'}, 'value': 'Back'}, {'type': {'value': 178, 'displayName': 'StandingSave'}}]","[91, 118, 120, 128, 36, 37, 216, 218]",True,276366.0,40.3,87.5,,,,,,,,,
2404802811.0,862,90,36.0,29,58.0,30.8,94,"{'value': 2, 'displayName': 'SecondHalf'}","{'value': 49, 'displayName': 'BallRecovery'}","{'value': 1, 'displayName': 'Successful'}",[],[93],False,73063.0,,,,,,,,,,,
2404802837.0,863,90,36.0,29,58.0,30.8,94,"{'value': 2, 'displayName': 'SecondHalf'}","{'value': 1, 'displayName': 'Pass'}","{'value': 1, 'displayName': 'Successful'}","[{'type': {'value': 212, 'displayName': 'Length'}, 'value': '7.0'}, {'type': {'value': 178, 'displayName': 'StandingSave'}}, {'type': {'value': 56, 'displayName': 'Zone'}, 'value': 'Center'}, {'type': {'value': 213, 'displayName': 'Angle'}, 'value': '0.4'}, {'type': {'value': 141, 'displayName': 'PassEndY'}, 'value': '34.9'}, {'type': {'value': 140, 'displayName': 'PassEndX'}, 'value': '64.1'}]","[91, 119, 117, 30, 36, 37, 216, 218]",True,73063.0,64.1,34.9,,,,,,,,,
2404802973.0,864,90,38.0,29,64.1,34.9,94,"{'value': 2, 'displayName': 'SecondHalf'}","{'value': 1, 'displayName': 'Pass'}","{'value': 1, 'displayName': 'Successful'}","[{'type': {'value': 178, 'displayName': 'StandingSave'}}, {'type': {'value': 213, 'displayName': 'Angle'}, 'value': '5.4'}, {'type': {'value': 212, 'displayName': 'Length'}, 'value': '23.5'}, {'type': {'value': 140, 'displayName': 'PassEndX'}, 'value': '78.1'}, {'type': {'value': 56, 'displayName': 'Zone'}, 'value': 'Right'}, {'type': {'value': 141, 'displayName': 'PassEndY'}, 'value': '8.0'}]","[91, 119, 117, 30, 205, 36, 38, 217, 218]",True,143595.0,78.1,8.0,,,,,,,,,
2404802985.0,865,90,45.0,29,86.9,7.7,94,"{'value': 2, 'displayName': 'SecondHalf'}","{'value': 1, 'displayName': 'Pass'}","{'value': 0, 'displayName': 'Unsuccessful'}","[{'type': {'value': 212, 'displayName': 'Length'}, 'value': '3.4'}, {'type': {'value': 140, 'displayName': 'PassEndX'}, 'value': '86.9'}, {'type': {'value': 178, 'displayName': 'StandingSave'}}, {'type': {'value': 141, 'displayName': 'PassEndY'}, 'value': '12.7'}, {'type': {'value': 286, 'displayName': 'Offensive'}}, {'type': {'value': 213, 'displayName': 'Angle'}, 'value': '1.6'}, {'type': {'value': 233, 'displayName': 'OppositeRelatedEvent'}, 'value': '768'}, {'type': {'value': 56, 'displayName': 'Zone'}, 'value': 'Right'}]","[91, 120, 29, 37, 217, 218]",True,343975.0,86.9,12.7,,,,,,,,,
2404802999.0,768,90,45.0,189,13.4,94.5,94,"{'value': 2, 'displayName': 'SecondHalf'}","{'value': 74, 'displayName': 'BlockedPass'}","{'value': 1, 'displayName': 'Successful'}","[{'type': {'value': 233, 'displayName': 'OppositeRelatedEvent'}, 'value': '865'}, {'type': {'value': 178, 'displayName': 'StandingSave'}}, {'type': {'value': 285, 'displayName': 'Defensive'}}, {'type': {'value': 56, 'displayName': 'Zone'}, 'value': 'Back'}]","[91, 60]",True,229562.0,,,,,,,,,,,
2404803023.0,866,90,46.0,29,88.4,5.8,94,"{'value': 2, 'displayName': 'SecondHalf'}","{'value': 50, 'displayName': 'Dispossessed'}","{'value': 1, 'displayName': 'Successful'}","[{'type': {'value': 233, 'displayName': 'OppositeRelatedEvent'}, 'value': '769'}, {'type': {'value': 286, 'displayName': 'Offensive'}}, {'type': {'value': 56, 'displayName': 'Zone'}, 'value': 'Right'}]","[91, 70]",True,343975.0,,,,,,,,,,,
2404803047.0,769,90,47.0,189,11.6,94.2,94,"{'value': 2, 'displayName': 'SecondHalf'}","{'value': 7, 'displayName': 'Tackle'}","{'value': 1, 'displayName': 'Successful'}","[{'type': {'value': 56, 'displayName': 'Zone'}, 'value': 'Back'}, {'type': {'value': 285, 'displayName': 'Defensive'}}, {'type': {'value': 178, 'displayName': 'StandingSave'}}, {'type': {'value': 233, 'displayName': 'OppositeRelatedEvent'}, 'value': '866'}]","[91, 143]",True,69344.0,,,,,,,,,,,
2404803195.0,868,90,57.0,29,89.5,0.0,94,"{'value': 2, 'displayName': 'SecondHalf'}","{'value': 1, 'displayName': 'Pass'}","{'value': 1, 'displayName': 'Successful'}","[{'type': {'value': 107, 'displayName': 'ThrowIn'}}, {'type': {'value': 141, 'displayName': 'PassEndY'}, 'value': '8.9'}, {'type': {'value': 140, 'displayName': 'PassEndX'}, 'value': '85.6'}, {'type': {'value': 56, 'displayName': 'Zone'}, 'value': 'Right'}, {'type': {'value': 213, 'displayName': 'Angle'}, 'value': '2.1'}, {'type': {'value': 212, 'displayName': 'Length'}, 'value': '8.2'}]","[91, 212, 35, 37, 217]",True,111372.0,85.6,8.9,,,,,,,,,
2404803207.0,869,90,58.0,29,85.6,8.9,94,"{'value': 2, 'displayName': 'SecondHalf'}","{'value': 1, 'displayName': 'Pass'}","{'value': 1, 'displayName': 'Successful'}","[{'type': {'value': 212, 'displayName': 'Length'}, 'value': '4.5'}, {'type': {'value': 213, 'displayName': 'Angle'}, 'value': '5.5'}, {'type': {'value': 56, 'displayName': 'Zone'}, 'value': 'Right'}, {'type': {'value': 141, 'displayName': 'PassEndY'}, 'value': '4.1'}, {'type': {'value': 140, 'displayName': 'PassEndX'}, 'value': '88.6'}]","[91, 119, 117, 30, 205, 36, 38, 217, 218]",True,143595.0,88.6,4.1,,,,,,,,,
2404803233.0,870,90,59.0,29,88.6,4.1,94,"{'value': 2, 'displayName': 'SecondHalf'}","{'value': 1, 'displayName': 'Pass'}","{'value': 1, 'displayName': 'Successful'}","[{'type': {'value': 140, 'displayName': 'PassEndX'}, 'value': '84.3'}, {'type': {'value': 178, 'displayName': 'StandingSave'}}, {'type': {'value': 56, 'displayName': 'Zone'}, 'value': 'Right'}, {'type': {'value': 212, 'displayName': 'Length'}, 'value': '4.6'}, {'type': {'value': 141, 'displayName': 'PassEndY'}, 'value': '5.1'}, {'type': {'value': 213, 'displayName': 'Angle'}, 'value': '3.0'}]","[91, 119, 117, 30, 205, 35, 37, 217, 218]",True,111372.0,84.3,5.1,,,,,,,,,
2404803279.0,871,91,2.0,29,80.6,5.9,95,"{'value': 2, 'displayName': 'SecondHalf'}","{'value': 1, 'displayName': 'Pass'}","{'value': 1, 'displayName': 'Successful'}","[{'type': {'value': 56, 'displayName': 'Zone'}, 'value': 'Center'}, {'type': {'value': 140, 'displayName': 'PassEndX'}, 'value': '72.4'}, {'type': {'value': 212, 'displayName': 'Length'}, 'value': '18.4'}, {'type': {'value': 141, 'displayName': 'PassEndY'}, 'value': '29.8'}, {'type': {'value': 213, 'displayName': 'Angle'}, 'value': '2.1'}, {'type': {'value': 178, 'displayName': 'StandingSave'}}]","[91, 119, 117, 30, 205, 35, 37, 217, 218]",True,143595.0,72.4,29.8,,,,,,,,,
2404803283.0,872,91,3.0,29,72.4,29.8,95,"{'value': 2, 'displayName': 'SecondHalf'}","{'value': 1, 'displayName': 'Pass'}","{'value': 0, 'displayName': 'Unsuccessful'}","[{'type': {'value': 56, 'displayName': 'Zone'}, 'value': 'Right'}, {'type': {'value': 212, 'displayName': 'Length'}, 'value': '9.5'}, {'type': {'value': 140, 'displayName': 'PassEndX'}, 'value': '78.2'}, {'type': {'value': 141, 'displayName': 'PassEndY'}, 'value': '19.0'}, {'type': {'value': 178, 'displayName': 'StandingSave'}}, {'type': {'value': 213, 'displayName': 'Angle'}, 'value': '5.4'}]","[91, 120, 29, 36, 38, 217, 218]",True,297203.0,78.2,19.0,,,,,,,,,
2404803287.0,771,91,4.0,189,20.4,79.8,95,"{'value': 2, 'displayName': 'SecondHalf'}","{'value': 8, 'displayName': 'Interception'}","{'value': 1, 'displayName': 'Successful'}","[{'type': {'value': 178, 'displayName': 'StandingSave'}}, {'type': {'value': 56, 'displayName': 'Zone'}, 'value': 'Back'}]","[91, 101, 56]",True,295964.0,,,,,,,,,,,
2404805075.0,887,91,4.0,29,74.5,29.0,95,"{'value': 2, 'displayName': 'SecondHalf'}","{'value': 61, 'displayName': 'BallTouch'}","{'value': 1, 'displayName': 'Successful'}","[{'type': {'value': 178, 'displayName': 'StandingSave'}}, {'type': {'value': 56, 'displayName': 'Zone'}, 'value': 'Center'}]",[91],True,297203.0,,,,,,,,,,,
2404803359.0,873,91,9.0,29,62.0,34.8,95,"{'value': 2, 'displayName': 'SecondHalf'}","{'value': 1, 'displayName': 'Pass'}","{'value': 1, 'displayName': 'Successful'}","[{'type': {'value': 56, 'displayName': 'Zone'}, 'value': 'Right'}, {'type': {'value': 140, 'displayName': 'PassEndX'}, 'value': '62.8'}, {'type': {'value': 213, 'displayName': 'Angle'}, 'value': '4.8'}, {'type': {'value': 141, 'displayName': 'PassEndY'}, 'value': '16.7'}, {'type': {'value': 178, 'displayName': 'StandingSave'}}, {'type': {'value': 212, 'displayName': 'Length'}, 'value': '12.3'}]","[91, 119, 117, 30, 36, 38, 216, 218]",True,332325.0,62.8,16.7,,,,,,,,,
2404803403.0,874,91,11.0,29,63.5,10.6,95,"{'value': 2, 'displayName': 'SecondHalf'}","{'value': 1, 'displayName': 'Pass'}","{'value': 1, 'displayName': 'Successful'}","[{'type': {'value': 141, 'displayName': 'PassEndY'}, 'value': '4.1'}, {'type': {'value': 212, 'displayName': 'Length'}, 'value': '19.3'}, {'type': {'value': 140, 'displayName': 'PassEndX'}, 'value': '81.4'}, {'type': {'value': 178, 'displayName': 'StandingSave'}}, {'type': {'value': 56, 'displayName': 'Zone'}, 'value': 'Right'}, {'type': {'value': 213, 'displayName': 'Angle'}, 'value': '6.1'}]","[91, 119, 117, 30, 205, 36, 38, 217, 218]",True,111372.0,81.4,4.1,,,,,,,,,
2404803413.0,875,91,14.0,29,85.8,4.4,95,"{'value': 2, 'displayName': 'SecondHalf'}","{'value': 1, 'displayName': 'Pass'}","{'value': 0, 'displayName': 'Unsuccessful'}","[{'type': {'value': 140, 'displayName': 'PassEndX'}, 'value': '87.0'}, {'type': {'value': 20, 'displayName': 'RightFoot'}}, {'type': {'value': 56, 'displayName': 'Zone'}, 'value': 'Right'}, {'type': {'value': 141, 'displayName': 'PassEndY'}, 'value': '13.5'}, {'type': {'value': 213, 'displayName': 'Angle'}, 'value': '1.4'}, {'type': {'value': 212, 'displayName': 'Length'}, 'value': '6.3'}, {'type': {'value': 155, 'displayName': 'Chipped'}}, {'type': {'value': 2, 'displayName': 'Cross'}}, {'type': {'value': 178, 'displayName': 'StandingSave'}}]","[91, 137, 124, 126, 36, 37, 217, 218]",True,143595.0,87.0,13.5,,,,,,,,,
2404803431.0,772,91,14.0,189,13.9,87.9,95,"{'value': 2, 'displayName': 'SecondHalf'}","{'value': 8, 'displayName': 'Interception'}","{'value': 1, 'displayName': 'Successful'}","[{'type': {'value': 56, 'displayName': 'Zone'}, 'value': 'Back'}]","[91, 101, 56]",True,69344.0,,,,,,,,,,,
2404803441.0,773,91,16.0,189,13.4,87.2,95,"{'value': 2, 'displayName': 'SecondHalf'}","{'value': 6, 'displayName': 'CornerAwarded'}","{'value': 0, 'displayName': 'Unsuccessful'}","[{'type': {'value': 56, 'displayName': 'Zone'}, 'value': 'Back'}, {'type': {'value': 73, 'displayName': 'MissLeft'}}, {'type': {'value': 233, 'displayName': 'OppositeRelatedEvent'}, 'value': '876'}]",[122],False,69344.0,,,,,,,,,,,
2404803459.0,876,91,16.0,29,86.6,12.8,95,"{'value': 2, 'displayName': 'SecondHalf'}","{'value': 6, 'displayName': 'CornerAwarded'}","{'value': 1, 'displayName': 'Successful'}","[{'type': {'value': 56, 'displayName': 'Zone'}, 'value': 'Right'}, {'type': {'value': 75, 'displayName': 'MissRight'}}, {'type': {'value': 233, 'displayName': 'OppositeRelatedEvent'}, 'value': '773'}]",[122],False,143595.0,,,,,,,,,,,
2404803805.0,877,91,39.0,29,99.5,0.5,95,"{'value': 2, 'displayName': 'SecondHalf'}","{'value': 1, 'displayName': 'Pass'}","{'value': 0, 'displayName': 'Unsuccessful'}","[{'type': {'value': 56, 'displayName': 'Zone'}, 'value': 'Center'}, {'type': {'value': 1, 'displayName': 'Longball'}}, {'type': {'value': 2, 'displayName': 'Cross'}}, {'type': {'value': 141, 'displayName': 'PassEndY'}, 'value': '44.1'}, {'type': {'value': 20, 'displayName': 'RightFoot'}}, {'type': {'value': 140, 'displayName': 'PassEndX'}, 'value': '87.5'}, {'type': {'value': 155, 'displayName': 'Chipped'}}, {'type': {'value': 213, 'displayName': 'Angle'}, 'value': '2.0'}, {'type': {'value': 6, 'displayName': 'CornerTaken'}}, {'type': {'value': 178, 'displayName': 'StandingSave'}}, {'type': {'value': 212, 'displayName': 'Length'}, 'value': '32.2'}]","[91, 137, 124, 126, 31, 33, 34, 35, 37, 217, 218]",True,297203.0,87.5,44.1,,,,,,,,,
2405044885.0,801,91,40.0,189,13.9,58.8,95,"{'value': 2, 'displayName': 'SecondHalf'}","{'value': 44, 'displayName': 'Aerial'}","{'value': 1, 'displayName': 'Successful'}","[{'type': {'value': 56, 'displayName': 'Zone'}, 'value': 'Back'}, {'type': {'value': 285, 'displayName': 'Defensive'}}, {'type': {'value': 233, 'displayName': 'OppositeRelatedEvent'}, 'value': '896'}]","[197, 200]",False,229562.0,,,,,,,,,,,
2405044831.0,896,91,40.0,29,86.1,41.2,95,"{'value': 2, 'displayName': 'SecondHalf'}","{'value': 44, 'displayName': 'Aerial'}","{'value': 0, 'displayName': 'Unsuccessful'}","[{'type': {'value': 56, 'displayName': 'Zone'}, 'value': 'Center'}, {'type': {'value': 286, 'displayName': 'Offensive'}}, {'type': {'value': 233, 'displayName': 'OppositeRelatedEvent'}, 'value': '801'}]","[198, 199]",False,300359.0,,,,,,,,,,,
2404803825.0,774,91,41.0,189,13.3,60.8,95,"{'value': 2, 'displayName': 'SecondHalf'}","{'value': 12, 'displayName': 'Clearance'}","{'value': 1, 'displayName': 'Successful'}","[{'type': {'value': 15, 'displayName': 'Head'}}, {'type': {'value': 141, 'displayName': 'PassEndY'}, 'value': '52.7'}, {'type': {'value': 140, 'displayName': 'PassEndX'}, 'value': '28.0'}, {'type': {'value': 212, 'displayName': 'Length'}, 'value': '16.4'}, {'type': {'value': 213, 'displayName': 'Angle'}, 'value': '5.9'}, {'type': {'value': 56, 'displayName': 'Zone'}, 'value': 'Back'}]","[91, 94, 95, 57, 215]",True,229562.0,28.0,52.7,,,,,,,,,
2404803869.0,878,91,44.0,29,71.9,40.3,95,"{'value': 2, 'displayName': 'SecondHalf'}","{'value': 3, 'displayName': 'TakeOn'}","{'value': 0, 'displayName': 'Unsuccessful'}","[{'type': {'value': 233, 'displayName': 'OppositeRelatedEvent'}, 'value': '775'}, {'type': {'value': 286, 'displayName': 'Offensive'}}, {'type': {'value': 178, 'displayName': 'StandingSave'}}, {'type': {'value': 56, 'displayName': 'Zone'}, 'value': 'Center'}]","[91, 53]",True,137021.0,,,,,,,,,,,
2404803875.0,775,91,44.0,189,28.1,59.7,95,"{'value': 2, 'displayName': 'SecondHalf'}","{'value': 7, 'displayName': 'Tackle'}","{'value': 1, 'displayName': 'Successful'}","[{'type': {'value': 56, 'displayName': 'Zone'}, 'value': 'Back'}, {'type': {'value': 285, 'displayName': 'Defensive'}}, {'type': {'value': 178, 'displayName': 'StandingSave'}}, {'type': {'value': 233, 'displayName': 'OppositeRelatedEvent'}, 'value': '878'}]","[91, 143]",True,339674.0,,,,,,,,,,,
2404804199.0,778,91,44.0,189,24.5,55.7,95,"{'value': 2, 'displayName': 'SecondHalf'}","{'value': 61, 'displayName': 'BallTouch'}","{'value': 1, 'displayName': 'Successful'}","[{'type': {'value': 178, 'displayName': 'StandingSave'}}, {'type': {'value': 56, 'displayName': 'Zone'}, 'value': 'Back'}]",[91],True,296240.0,,,,,,,,,,,
2404803929.0,879,91,45.0,29,76.9,44.3,95,"{'value': 2, 'displayName': 'SecondHalf'}","{'value': 15, 'displayName': 'SavedShot'}","{'value': 1, 'displayName': 'Successful'}","[{'type': {'value': 18, 'displayName': 'OutOfBoxCentre'}}, {'type': {'value': 25, 'displayName': 'FromCorner'}}, {'type': {'value': 102, 'displayName': 'GoalMouthY'}, 'value': '50.6'}, {'type': {'value': 56, 'displayName': 'Zone'}, 'value': 'Center'}, {'type': {'value': 103, 'displayName': 'GoalMouthZ'}, 'value': '19'}, {'type': {'value': 178, 'displayName': 'StandingSave'}}, {'type': {'value': 82, 'displayName': 'Blocked'}}, {'type': {'value': 146, 'displayName': 'BlockedX'}, 'value': '81.2'}, {'type': {'value': 78, 'displayName': 'LowCentre'}}, {'type': {'value': 20, 'displayName': 'RightFoot'}}, {'type': {'value': 233, 'displayName': 'OppositeRelatedEvent'}, 'value': '777'}, {'type': {'value': 147, 'displayName': 'BlockedY'}, 'value': '45.5'}]","[91, 10, 2, 5, 11, 12]",True,137021.0,,,,,81.2,45.5,19.0,50.6,True,,
2404803957.0,777,91,45.0,189,19.1,57.3,95,"{'value': 2, 'displayName': 'SecondHalf'}","{'value': 10, 'displayName': 'Save'}","{'value': 1, 'displayName': 'Successful'}","[{'type': {'value': 56, 'displayName': 'Zone'}, 'value': 'Back'}, {'type': {'value': 233, 'displayName': 'OppositeRelatedEvent'}, 'value': '879'}, {'type': {'value': 94, 'displayName': 'OutfielderBlock'}}, {'type': {'value': 178, 'displayName': 'StandingSave'}}]","[91, 58]",True,69344.0,,,,,,,,,,,
2404803911.0,776,91,46.0,189,13.6,51.2,95,"{'value': 2, 'displayName': 'SecondHalf'}","{'value': 6, 'displayName': 'CornerAwarded'}","{'value': 0, 'displayName': 'Unsuccessful'}","[{'type': {'value': 73, 'displayName': 'MissLeft'}}, {'type': {'value': 56, 'displayName': 'Zone'}, 'value': 'Back'}, {'type': {'value': 233, 'displayName': 'OppositeRelatedEvent'}, 'value': '880'}]",[122],False,69344.0,,,,,,,,,,,
2404803953.0,880,91,46.0,29,86.4,48.8,95,"{'value': 2, 'displayName': 'SecondHalf'}","{'value': 6, 'displayName': 'CornerAwarded'}","{'value': 1, 'displayName': 'Successful'}","[{'type': {'value': 73, 'displayName': 'MissLeft'}}, {'type': {'value': 233, 'displayName': 'OppositeRelatedEvent'}, 'value': '776'}, {'type': {'value': 56, 'displayName': 'Zone'}, 'value': 'Center'}]",[122],False,137021.0,,,,,,,,,,,
2404804421.0,881,92,17.0,29,99.5,99.5,96,"{'value': 2, 'displayName': 'SecondHalf'}","{'value': 1, 'displayName': 'Pass'}","{'value': 0, 'displayName': 'Unsuccessful'}","[{'type': {'value': 1, 'displayName': 'Longball'}}, {'type': {'value': 141, 'displayName': 'PassEndY'}, 'value': '51.2'}, {'type': {'value': 2, 'displayName': 'Cross'}}, {'type': {'value': 56, 'displayName': 'Zone'}, 'value': 'Center'}, {'type': {'value': 6, 'displayName': 'CornerTaken'}}, {'type': {'value': 140, 'displayName': 'PassEndX'}, 'value': '96.3'}, {'type': {'value': 20, 'displayName': 'RightFoot'}}, {'type': {'value': 213, 'displayName': 'Angle'}, 'value': '4.6'}, {'type': {'value': 178, 'displayName': 'StandingSave'}}, {'type': {'value': 212, 'displayName': 'Length'}, 'value': '33.0'}, {'type': {'value': 155, 'displayName': 'Chipped'}}]","[91, 137, 124, 126, 31, 33, 34, 35, 38, 217, 218]",True,297203.0,96.3,51.2,,,,,,,,,
2404804459.0,779,92,19.0,189,5.0,47.4,96,"{'value': 2, 'displayName': 'SecondHalf'}","{'value': 12, 'displayName': 'Clearance'}","{'value': 1, 'displayName': 'Successful'}","[{'type': {'value': 212, 'displayName': 'Length'}, 'value': '11.1'}, {'type': {'value': 140, 'displayName': 'PassEndX'}, 'value': '1.4'}, {'type': {'value': 21, 'displayName': 'OtherBodyPart'}}, {'type': {'value': 213, 'displayName': 'Angle'}, 'value': '4.4'}, {'type': {'value': 56, 'displayName': 'Zone'}, 'value': 'Back'}, {'type': {'value': 141, 'displayName': 'PassEndY'}, 'value': '32.0'}]","[91, 94, 95, 215]",True,276366.0,1.4,32.0,,,,,,,,,
2404804535.0,780,92,22.0,189,1.4,32.0,96,"{'value': 2, 'displayName': 'SecondHalf'}","{'value': 12, 'displayName': 'Clearance'}","{'value': 1, 'displayName': 'Successful'}","[{'type': {'value': 140, 'displayName': 'PassEndX'}, 'value': '30.4'}, {'type': {'value': 141, 'displayName': 'PassEndY'}, 'value': '0.0'}, {'type': {'value': 213, 'displayName': 'Angle'}, 'value': '5.6'}, {'type': {'value': 212, 'displayName': 'Length'}, 'value': '38.1'}, {'type': {'value': 56, 'displayName': 'Zone'}, 'value': 'Back'}, {'type': {'value': 178, 'displayName': 'StandingSave'}}]","[91, 94, 95, 215]",True,101856.0,30.4,0.0,,,,,,,,,
2404804693.0,883,92,29.0,29,73.5,100.0,96,"{'value': 2, 'displayName': 'SecondHalf'}","{'value': 1, 'displayName': 'Pass'}","{'value': 1, 'displayName': 'Successful'}","[{'type': {'value': 140, 'displayName': 'PassEndX'}, 'value': '60.7'}, {'type': {'value': 213, 'displayName': 'Angle'}, 'value': '3.9'}, {'type': {'value': 212, 'displayName': 'Length'}, 'value': '18.7'}, {'type': {'value': 107, 'displayName': 'ThrowIn'}}, {'type': {'value': 141, 'displayName': 'PassEndY'}, 'value': '82.8'}, {'type': {'value': 56, 'displayName': 'Zone'}, 'value': 'Left'}]","[91, 212, 35, 38, 216]",True,68049.0,60.7,82.8,,,,,,,,,
2404804699.0,884,92,36.0,29,69.0,51.0,96,"{'value': 2, 'displayName': 'SecondHalf'}","{'value': 3, 'displayName': 'TakeOn'}","{'value': 0, 'displayName': 'Unsuccessful'}","[{'type': {'value': 56, 'displayName': 'Zone'}, 'value': 'Center'}, {'type': {'value': 233, 'displayName': 'OppositeRelatedEvent'}, 'value': '782'}, {'type': {'value': 286, 'displayName': 'Offensive'}}, {'type': {'value': 178, 'displayName': 'StandingSave'}}]","[91, 53]",True,137021.0,,,,,,,,,,,
2404804737.0,782,92,37.0,189,31.0,49.0,96,"{'value': 2, 'displayName': 'SecondHalf'}","{'value': 7, 'displayName': 'Tackle'}","{'value': 0, 'displayName': 'Unsuccessful'}","[{'type': {'value': 285, 'displayName': 'Defensive'}}, {'type': {'value': 233, 'displayName': 'OppositeRelatedEvent'}, 'value': '884'}, {'type': {'value': 56, 'displayName': 'Zone'}, 'value': 'Back'}, {'type': {'value': 178, 'displayName': 'StandingSave'}}]","[91, 142]",True,101856.0,,,,,,,,,,,
2404804733.0,885,92,37.0,29,68.8,55.8,96,"{'value': 2, 'displayName': 'SecondHalf'}","{'value': 61, 'displayName': 'BallTouch'}","{'value': 1, 'displayName': 'Successful'}","[{'type': {'value': 56, 'displayName': 'Zone'}, 'value': 'Center'}, {'type': {'value': 178, 'displayName': 'StandingSave'}}]",[91],True,137021.0,,,,,,,,,,,
2404804775.0,783,92,37.0,189,26.5,49.0,96,"{'value': 2, 'displayName': 'SecondHalf'}","{'value': 1, 'displayName': 'Pass'}","{'value': 1, 'displayName': 'Successful'}","[{'type': {'value': 213, 'displayName': 'Angle'}, 'value': '0.9'}, {'type': {'value': 212, 'displayName': 'Length'}, 'value': '9.6'}, {'type': {'value': 140, 'displayName': 'PassEndX'}, 'value': '32.0'}, {'type': {'value': 141, 'displayName': 'PassEndY'}, 'value': '60.2'}, {'type': {'value': 178, 'displayName': 'StandingSave'}}, {'type': {'value': 56, 'displayName': 'Zone'}, 'value': 'Back'}]","[91, 117, 30, 36, 37, 215, 218]",True,69344.0,32.0,60.2,,,,,,,,,
2404804783.0,784,92,38.0,189,32.8,62.1,96,"{'value': 2, 'displayName': 'SecondHalf'}","{'value': 49, 'displayName': 'BallRecovery'}","{'value': 1, 'displayName': 'Successful'}",[],[93],False,101856.0,,,,,,,,,,,
2404804853.0,785,92,39.0,189,32.9,62.9,96,"{'value': 2, 'displayName': 'SecondHalf'}","{'value': 1, 'displayName': 'Pass'}","{'value': 1, 'displayName': 'Successful'}","[{'type': {'value': 178, 'displayName': 'StandingSave'}}, {'type': {'value': 140, 'displayName': 'PassEndX'}, 'value': '26.6'}, {'type': {'value': 213, 'displayName': 'Angle'}, 'value': '2.1'}, {'type': {'value': 141, 'displayName': 'PassEndY'}, 'value': '79.5'}, {'type': {'value': 56, 'displayName': 'Zone'}, 'value': 'Back'}, {'type': {'value': 212, 'displayName': 'Length'}, 'value': '13.1'}]","[91, 117, 30, 35, 37, 215, 218]",True,101856.0,26.6,79.5,,,,,,,,,
2404804901.0,786,92,45.0,189,33.7,84.3,96,"{'value': 2, 'displayName': 'SecondHalf'}","{'value': 1, 'displayName': 'Pass'}","{'value': 1, 'displayName': 'Successful'}","[{'type': {'value': 178, 'displayName': 'StandingSave'}}, {'type': {'value': 212, 'displayName': 'Length'}, 'value': '26.0'}, {'type': {'value': 141, 'displayName': 'PassEndY'}, 'value': '93.5'}, {'type': {'value': 140, 'displayName': 'PassEndX'}, 'value': '57.7'}, {'type': {'value': 213, 'displayName': 'Angle'}, 'value': '0.2'}, {'type': {'value': 56, 'displayName': 'Zone'}, 'value': 'Left'}]","[91, 119, 117, 30, 36, 37, 216, 218]",True,229562.0,57.7,93.5,,,,,,,,,
2404804933.0,787,92,47.0,189,58.3,93.6,96,"{'value': 2, 'displayName': 'SecondHalf'}","{'value': 1, 'displayName': 'Pass'}","{'value': 0, 'displayName': 'Unsuccessful'}","[{'type': {'value': 178, 'displayName': 'StandingSave'}}, {'type': {'value': 212, 'displayName': 'Length'}, 'value': '14.7'}, {'type': {'value': 213, 'displayName': 'Angle'}, 'value': '5.5'}, {'type': {'value': 56, 'displayName': 'Zone'}, 'value': 'Center'}, {'type': {'value': 141, 'displayName': 'PassEndY'}, 'value': '77.7'}, {'type': {'value': 140, 'displayName': 'PassEndX'}, 'value': '67.8'}]","[91, 120, 29, 36, 38, 217, 218]",True,101856.0,67.8,77.7,,,,,,,,,
2405045973.0,897,92,48.0,29,34.9,21.0,96,"{'value': 2, 'displayName': 'SecondHalf'}","{'value': 49, 'displayName': 'BallRecovery'}","{'value': 1, 'displayName': 'Successful'}",[],[93],False,73063.0,,,,,,,,,,,
2404804969.0,886,92,48.0,29,35.2,20.4,96,"{'value': 2, 'displayName': 'SecondHalf'}","{'value': 1, 'displayName': 'Pass'}","{'value': 0, 'displayName': 'Unsuccessful'}","[{'type': {'value': 1, 'displayName': 'Longball'}}, {'type': {'value': 178, 'displayName': 'StandingSave'}}, {'type': {'value': 213, 'displayName': 'Angle'}, 'value': '6.2'}, {'type': {'value': 141, 'displayName': 'PassEndY'}, 'value': '17.9'}, {'type': {'value': 56, 'displayName': 'Zone'}, 'value': 'Right'}, {'type': {'value': 212, 'displayName': 'Length'}, 'value': '33.0'}, {'type': {'value': 140, 'displayName': 'PassEndX'}, 'value': '66.6'}]","[91, 120, 128, 36, 38, 216, 218]",True,73063.0,66.6,17.9,,,,,,,,,
2405046065.0,802,92,51.0,189,28.1,83.6,96,"{'value': 2, 'displayName': 'SecondHalf'}","{'value': 49, 'displayName': 'BallRecovery'}","{'value': 1, 'displayName': 'Successful'}",[],[93],False,342499.0,,,,,,,,,,,
2404804997.0,788,92,51.0,189,29.4,83.1,96,"{'value': 2, 'displayName': 'SecondHalf'}","{'value': 1, 'displayName': 'Pass'}","{'value': 1, 'displayName': 'Successful'}","[{'type': {'value': 155, 'displayName': 'Chipped'}}, {'type': {'value': 56, 'displayName': 'Zone'}, 'value': 'Back'}, {'type': {'value': 140, 'displayName': 'PassEndX'}, 'value': '39.8'}, {'type': {'value': 213, 'displayName': 'Angle'}, 'value': '0.4'}, {'type': {'value': 212, 'displayName': 'Length'}, 'value': '12.0'}, {'type': {'value': 141, 'displayName': 'PassEndY'}, 'value': '90.5'}, {'type': {'value': 178, 'displayName': 'StandingSave'}}]","[91, 117, 30, 124, 36, 37, 216, 218]",True,342499.0,39.8,90.5,,,,,,,,,
2404805029.0,789,92,52.0,189,39.8,90.5,96,"{'value': 2, 'displayName': 'SecondHalf'}","{'value': 1, 'displayName': 'Pass'}","{'value': 1, 'displayName': 'Successful'}","[{'type': {'value': 140, 'displayName': 'PassEndX'}, 'value': '21.7'}, {'type': {'value': 56, 'displayName': 'Zone'}, 'value': 'Back'}, {'type': {'value': 141, 'displayName': 'PassEndY'}, 'value': '90.0'}, {'type': {'value': 212, 'displayName': 'Length'}, 'value': '19.0'}, {'type': {'value': 3, 'displayName': 'HeadPass'}}, {'type': {'value': 178, 'displayName': 'StandingSave'}}, {'type': {'value': 213, 'displayName': 'Angle'}, 'value': '3.2'}]","[91, 117, 30, 139, 35, 38, 215, 218]",True,229562.0,21.7,90.0,,,,,,,,,
2404805067.0,790,92,55.0,189,21.7,90.0,96,"{'value': 2, 'displayName': 'SecondHalf'}","{'value': 1, 'displayName': 'Pass'}","{'value': 1, 'displayName': 'Successful'}","[{'type': {'value': 56, 'displayName': 'Zone'}, 'value': 'Back'}, {'type': {'value': 141, 'displayName': 'PassEndY'}, 'value': '64.2'}, {'type': {'value': 178, 'displayName': 'StandingSave'}}, {'type': {'value': 140, 'displayName': 'PassEndX'}, 'value': '3.2'}, {'type': {'value': 212, 'displayName': 'Length'}, 'value': '26.2'}, {'type': {'value': 213, 'displayName': 'Angle'}, 'value': '3.9'}]","[91, 117, 30, 35, 38, 215, 218]",True,342499.0,3.2,64.2,,,,,,,,,
2404805087.0,791,92,58.0,189,3.3,64.5,96,"{'value': 2, 'displayName': 'SecondHalf'}","{'value': 1, 'displayName': 'Pass'}","{'value': 1, 'displayName': 'Successful'}","[{'type': {'value': 178, 'displayName': 'StandingSave'}}, {'type': {'value': 140, 'displayName': 'PassEndX'}, 'value': '20.5'}, {'type': {'value': 141, 'displayName': 'PassEndY'}, 'value': '65.4'}, {'type': {'value': 56, 'displayName': 'Zone'}, 'value': 'Back'}, {'type': {'value': 212, 'displayName': 'Length'}, 'value': '18.1'}, {'type': {'value': 213, 'displayName': 'Angle'}, 'value': '0.0'}]","[91, 117, 30, 36, 37, 215, 218]",True,276366.0,20.5,65.4,,,,,,,,,
2404805227.0,792,92,59.0,189,20.5,65.4,96,"{'value': 2, 'displayName': 'SecondHalf'}","{'value': 1, 'displayName': 'Pass'}","{'value': 1, 'displayName': 'Successful'}","[{'type': {'value': 213, 'displayName': 'Angle'}, 'value': '4.7'}, {'type': {'value': 178, 'displayName': 'StandingSave'}}, {'type': {'value': 56, 'displayName': 'Zone'}, 'value': 'Back'}, {'type': {'value': 212, 'displayName': 'Length'}, 'value': '31.8'}, {'type': {'value': 140, 'displayName': 'PassEndX'}, 'value': '21.1'}, {'type': {'value': 141, 'displayName': 'PassEndY'}, 'value': '18.7'}]","[91, 117, 30, 36, 38, 215, 218]",True,69344.0,21.1,18.7,,,,,,,,,
2404805239.0,793,93,6.0,189,0.0,0.0,97,"{'value': 2, 'displayName': 'SecondHalf'}","{'value': 30, 'displayName': 'End'}","{'value': 1, 'displayName': 'Successful'}",[],[],False,,,,,,,,,,,,
2404805217.0,888,93,6.0,29,0.0,0.0,97,"{'value': 2, 'displayName': 'SecondHalf'}","{'value': 30, 'displayName': 'End'}","{'value': 1, 'displayName': 'Successful'}",[],[],False,,,,,,,,,,,,
2404805307.0,889,0,0.0,29,0.0,0.0,7,"{'value': 14, 'displayName': 'PostGame'}","{'value': 30, 'displayName': 'End'}","{'value': 1, 'displayName': 'Successful'}",[],[],False,,,,,,,,,,,,
2404806105.0,794,0,0.0,189,0.0,0.0,7,"{'value': 14, 'displayName': 'PostGame'}","{'value': 30, 'displayName': 'End'}","{'value': 1, 'displayName': 'Successful'}",[],[],False,,,,,,,,,,,,
2404628163.0,1,0,0.0,189,0.0,0.0,0,"{'value': 16, 'displayName': 'PreMatch'}","{'value': 34, 'displayName': 'FormationSet'}","{'value': 1, 'displayName': 'Successful'}","[{'type': {'value': 30, 'displayName': 'InvolvedPlayers'}, 'value': '276366,321085,229562,101856,29026,342499,298689,69344,134240,353377,296240,295964,339674,320575,120000,240848,362124,346304,329554,328315'}, {'type': {'value': 130, 'displayName': 'TeamFormation'}, 'value': '4'}, {'type': {'value': 194, 'displayName': 'CaptainPlayerId'}, 'value': '101856'}, {'type': {'value': 131, 'displayName': 'TeamPlayerFormation'}, 'value': '1, 2, 3, 4, 5, 6, 7, 8, 9, 10, 11, 0, 0, 0, 0, 0, 0, 0, 0, 0'}, {'type': {'value': 59, 'displayName': 'JerseyNumber'}, 'value': '1, 20, 3, 6, 22, 5, 27, 21, 17, 19, 11, 7, 8, 14, 23, 24, 26, 29, 30, 40'}, {'type': {'value': 44, 'displayName': 'PlayerPosition'}, 'value': '1, 2, 2, 3, 2, 2, 3, 3, 4, 4, 4, 5, 5, 5, 5, 5, 5, 5, 5, 5'}]",[],False,,,,,,,,,,,,
2404628191.0,1,0,0.0,29,0.0,0.0,0,"{'value': 16, 'displayName': 'PreMatch'}","{'value': 34, 'displayName': 'FormationSet'}","{'value': 1, 'displayName': 'Successful'}","[{'type': {'value': 194, 'displayName': 'CaptainPlayerId'}, 'value': '332325'}, {'type': {'value': 59, 'displayName': 'JerseyNumber'}, 'value': '1, 5, 3, 41, 15, 4, 20, 28, 9, 10, 8, 7, 11, 13, 22, 23, 24, 26, 31, 33'}, {'type': {'value': 130, 'displayName': 'TeamFormation'}, 'value': '8'}, {'type': {'value': 131, 'displayName': 'TeamPlayerFormation'}, 'value': '1, 2, 3, 4, 5, 6, 7, 8, 9, 10, 11, 0, 0, 0, 0, 0, 0, 0, 0, 0'}, {'type': {'value': 30, 'displayName': 'InvolvedPlayers'}, 'value': '20973,111372,68049,332325,73063,106086,322596,143595,69517,89998,297203,41672,343975,92516,137021,300359,83554,122980,349484,369861'}, {'type': {'value': 44, 'displayName': 'PlayerPosition'}, 'value': '1, 2, 2, 3, 2, 2, 3, 3, 4, 3, 3, 5, 5, 5, 5, 5, 5, 5, 5, 5'}]",[],False,,,,,,,,,,,,
