id,eventId,minute,second,teamId,x,y,expandedMinute,period,type,outcomeType,qualifiers,satisfiedEventsTypes,isTouch,playerId,endX,endY,relatedEventId,relatedPlayerId,blockedX,blockedY,goalMouthZ,goalMouthY,isShot,cardType,isGoal
2465805079.0,2,0,0.0,29,0.0,0.0,0,"{'value': 1, 'displayName': 'FirstHalf'}","{'value': 32, 'displayName': 'Start'}","{'value': 1, 'displayName': 'Successful'}",[],[],False,,,,,,,,,,,,
2465805085.0,2,0,0.0,161,0.0,0.0,0,"{'value': 1, 'displayName': 'FirstHalf'}","{'value': 32, 'displayName': 'Start'}","{'value': 1, 'displayName': 'Successful'}",[],[],False,,,,,,,,,,,,
2465805121.0,3,0,0.0,29,49.9,50.1,0,"{'value': 1, 'displayName': 'FirstHalf'}","{'value': 1, 'displayName': 'Pass'}","{'value': 1, 'displayName': 'Successful'}","[{'type': {'value': 56, 'displayName': 'Zone'}, 'value': 'Back'}, {'type': {'value': 140, 'displayName': 'PassEndX'}, 'value': '32.0'}, {'type': {'value': 178, 'displayName': 'StandingSave'}}, {'type': {'value': 141, 'displayName': 'PassEndY'}, 'value': '28.9'}, {'type': {'value': 212, 'displayName': 'Length'}, 'value': '23.7'}, {'type': {'value': 213, 'displayName': 'Angle'}, 'value': '3.8'}]","[91, 117, 30, 35, 38, 215, 218]",True,319756.0,32.0,28.9,,,,,,,,,
2465805149.0,4,0,3.0,29,33.0,27.7,0,"{'value': 1, 'displayName': 'FirstHalf'}","{'value': 1, 'displayName': 'Pass'}","{'value': 1, 'displayName': 'Successful'}","[{'type': {'value': 212, 'displayName': 'Length'}, 'value': '46.4'}, {'type': {'value': 140, 'displayName': 'PassEndX'}, 'value': '76.8'}, {'type': {'value': 141, 'displayName': 'PassEndY'}, 'value': '18.2'}, {'type': {'value': 56, 'displayName': 'Zone'}, 'value': 'Right'}, {'type': {'value': 213, 'displayName': 'Angle'}, 'value': '6.1'}, {'type': {'value': 178, 'displayName': 'StandingSave'}}, {'type': {'value': 155, 'displayName': 'Chipped'}}, {'type': {'value': 1, 'displayName': 'Longball'}}]","[91, 119, 117, 124, 127, 205, 36, 38, 217, 218]",True,73063.0,76.8,18.2,,,,,,,,,
2465805153.0,5,0,6.0,29,75.6,15.8,0,"{'value': 1, 'displayName': 'FirstHalf'}","{'value': 44, 'displayName': 'Aerial'}","{'value': 1, 'displayName': 'Successful'}","[{'type': {'value': 286, 'displayName': 'Offensive'}}, {'type': {'value': 56, 'displayName': 'Zone'}, 'value': 'Right'}, {'type': {'value': 233, 'displayName': 'OppositeRelatedEvent'}, 'value': '3'}]","[197, 199]",False,143595.0,,,,,,,,,,,
2465805151.0,3,0,6.0,161,24.4,84.2,0,"{'value': 1, 'displayName': 'FirstHalf'}","{'value': 44, 'displayName': 'Aerial'}","{'value': 0, 'displayName': 'Unsuccessful'}","[{'type': {'value': 233, 'displayName': 'OppositeRelatedEvent'}, 'value': '5'}, {'type': {'value': 56, 'displayName': 'Zone'}, 'value': 'Back'}, {'type': {'value': 285, 'displayName': 'Defensive'}}]","[198, 200]",False,355401.0,,,,,,,,,,,
2465805181.0,6,0,6.0,29,76.8,18.8,0,"{'value': 1, 'displayName': 'FirstHalf'}","{'value': 1, 'displayName': 'Pass'}","{'value': 1, 'displayName': 'Successful'}","[{'type': {'value': 141, 'displayName': 'PassEndY'}, 'value': '34.1'}, {'type': {'value': 213, 'displayName': 'Angle'}, 'value': '2.1'}, {'type': {'value': 56, 'displayName': 'Zone'}, 'value': 'Center'}, {'type': {'value': 212, 'displayName': 'Length'}, 'value': '11.8'}, {'type': {'value': 140, 'displayName': 'PassEndX'}, 'value': '71.5'}, {'type': {'value': 3, 'displayName': 'HeadPass'}}]","[91, 119, 117, 30, 139, 205, 35, 37, 217, 218]",True,143595.0,71.5,34.1,,,,,,,,,
2465805183.0,7,0,8.0,29,71.4,33.8,0,"{'value': 1, 'displayName': 'FirstHalf'}","{'value': 1, 'displayName': 'Pass'}","{'value': 1, 'displayName': 'Successful'}","[{'type': {'value': 3, 'displayName': 'HeadPass'}}, {'type': {'value': 140, 'displayName': 'PassEndX'}, 'value': '78.5'}, {'type': {'value': 56, 'displayName': 'Zone'}, 'value': 'Center'}, {'type': {'value': 213, 'displayName': 'Angle'}, 'value': '0.0'}, {'type': {'value': 141, 'displayName': 'PassEndY'}, 'value': '34.1'}, {'type': {'value': 212, 'displayName': 'Length'}, 'value': '7.5'}]","[91, 119, 117, 30, 139, 205, 36, 37, 217, 218]",True,319756.0,78.5,34.1,,,,,,,,,
2465805191.0,8,0,9.0,29,78.5,34.1,0,"{'value': 1, 'displayName': 'FirstHalf'}","{'value': 1, 'displayName': 'Pass'}","{'value': 0, 'displayName': 'Unsuccessful'}","[{'type': {'value': 3, 'displayName': 'HeadPass'}}, {'type': {'value': 140, 'displayName': 'PassEndX'}, 'value': '87.1'}, {'type': {'value': 141, 'displayName': 'PassEndY'}, 'value': '41.6'}, {'type': {'value': 56, 'displayName': 'Zone'}, 'value': 'Center'}, {'type': {'value': 213, 'displayName': 'Angle'}, 'value': '0.5'}, {'type': {'value': 212, 'displayName': 'Length'}, 'value': '10.4'}]","[91, 120, 29, 139, 36, 37, 217, 218]",True,302650.0,87.1,41.6,,,,,,,,,
2465805265.0,4,0,10.0,161,13.8,51.1,0,"{'value': 1, 'displayName': 'FirstHalf'}","{'value': 12, 'displayName': 'Clearance'}","{'value': 1, 'displayName': 'Successful'}","[{'type': {'value': 213, 'displayName': 'Angle'}, 'value': '1.9'}, {'type': {'value': 141, 'displayName': 'PassEndY'}, 'value': '73.8'}, {'type': {'value': 212, 'displayName': 'Length'}, 'value': '16.4'}, {'type': {'value': 140, 'displayName': 'PassEndX'}, 'value': '8.5'}, {'type': {'value': 56, 'displayName': 'Zone'}, 'value': 'Back'}]","[91, 94, 95, 215]",True,115917.0,8.5,73.8,,,,,,,,,
2465805307.0,6,0,14.0,161,10.0,74.1,0,"{'value': 1, 'displayName': 'FirstHalf'}","{'value': 12, 'displayName': 'Clearance'}","{'value': 1, 'displayName': 'Successful'}","[{'type': {'value': 213, 'displayName': 'Angle'}, 'value': '1.7'}, {'type': {'value': 15, 'displayName': 'Head'}}, {'type': {'value': 141, 'displayName': 'PassEndY'}, 'value': '100.0'}, {'type': {'value': 56, 'displayName': 'Zone'}, 'value': 'Back'}, {'type': {'value': 212, 'displayName': 'Length'}, 'value': '18.9'}, {'type': {'value': 140, 'displayName': 'PassEndX'}, 'value': '6.8'}]","[91, 94, 95, 57, 215]",True,368310.0,6.8,100.0,,,,,,,,,
2465805507.0,11,0,29.0,29,91.3,0.0,0,"{'value': 1, 'displayName': 'FirstHalf'}","{'value': 1, 'displayName': 'Pass'}","{'value': 1, 'displayName': 'Successful'}","[{'type': {'value': 212, 'displayName': 'Length'}, 'value': '8.7'}, {'type': {'value': 213, 'displayName': 'Angle'}, 'value': '0.6'}, {'type': {'value': 141, 'displayName': 'PassEndY'}, 'value': '7.0'}, {'type': {'value': 56, 'displayName': 'Zone'}, 'value': 'Right'}, {'type': {'value': 140, 'displayName': 'PassEndX'}, 'value': '98.1'}, {'type': {'value': 107, 'displayName': 'ThrowIn'}}]","[91, 212, 36, 37, 217]",True,255167.0,98.1,7.0,,,,,,,,,
2465805521.0,12,0,31.0,29,97.9,5.5,0,"{'value': 1, 'displayName': 'FirstHalf'}","{'value': 1, 'displayName': 'Pass'}","{'value': 1, 'displayName': 'Successful'}","[{'type': {'value': 212, 'displayName': 'Length'}, 'value': '8.3'}, {'type': {'value': 140, 'displayName': 'PassEndX'}, 'value': '90.2'}, {'type': {'value': 213, 'displayName': 'Angle'}, 'value': '3.4'}, {'type': {'value': 178, 'displayName': 'StandingSave'}}, {'type': {'value': 141, 'displayName': 'PassEndY'}, 'value': '2.9'}, {'type': {'value': 56, 'displayName': 'Zone'}, 'value': 'Right'}]","[91, 119, 117, 30, 205, 35, 38, 217, 218]",True,319756.0,90.2,2.9,,,,,,,,,
2465805545.0,13,0,32.0,29,90.2,2.9,0,"{'value': 1, 'displayName': 'FirstHalf'}","{'value': 1, 'displayName': 'Pass'}","{'value': 1, 'displayName': 'Successful'}","[{'type': {'value': 56, 'displayName': 'Zone'}, 'value': 'Right'}, {'type': {'value': 178, 'displayName': 'StandingSave'}}, {'type': {'value': 140, 'displayName': 'PassEndX'}, 'value': '86.2'}, {'type': {'value': 212, 'displayName': 'Length'}, 'value': '9.1'}, {'type': {'value': 213, 'displayName': 'Angle'}, 'value': '2.0'}, {'type': {'value': 141, 'displayName': 'PassEndY'}, 'value': '14.8'}]","[91, 119, 117, 30, 205, 35, 37, 217, 218]",True,255167.0,86.2,14.8,,,,,,,,,
2465805615.0,14,0,34.0,29,87.2,13.1,0,"{'value': 1, 'displayName': 'FirstHalf'}","{'value': 1, 'displayName': 'Pass'}","{'value': 1, 'displayName': 'Successful'}","[{'type': {'value': 213, 'displayName': 'Angle'}, 'value': '5.7'}, {'type': {'value': 56, 'displayName': 'Zone'}, 'value': 'Right'}, {'type': {'value': 212, 'displayName': 'Length'}, 'value': '7.0'}, {'type': {'value': 178, 'displayName': 'StandingSave'}}, {'type': {'value': 140, 'displayName': 'PassEndX'}, 'value': '92.8'}, {'type': {'value': 141, 'displayName': 'PassEndY'}, 'value': '7.4'}]","[91, 119, 117, 30, 205, 36, 38, 217, 218]",True,143595.0,92.8,7.4,,,,,,,,,
2465805693.0,15,0,38.0,29,81.7,5.5,0,"{'value': 1, 'displayName': 'FirstHalf'}","{'value': 1, 'displayName': 'Pass'}","{'value': 1, 'displayName': 'Successful'}","[{'type': {'value': 212, 'displayName': 'Length'}, 'value': '38.5'}, {'type': {'value': 1, 'displayName': 'Longball'}}, {'type': {'value': 56, 'displayName': 'Zone'}, 'value': 'Back'}, {'type': {'value': 213, 'displayName': 'Angle'}, 'value': '2.9'}, {'type': {'value': 178, 'displayName': 'StandingSave'}}, {'type': {'value': 141, 'displayName': 'PassEndY'}, 'value': '16.4'}, {'type': {'value': 140, 'displayName': 'PassEndX'}, 'value': '45.7'}]","[91, 117, 127, 35, 37, 216, 218]",True,319756.0,45.7,16.4,,,,,,,,,
2465805755.0,16,0,44.0,29,46.1,11.6,0,"{'value': 1, 'displayName': 'FirstHalf'}","{'value': 1, 'displayName': 'Pass'}","{'value': 1, 'displayName': 'Successful'}","[{'type': {'value': 155, 'displayName': 'Chipped'}}, {'type': {'value': 1, 'displayName': 'Longball'}}, {'type': {'value': 178, 'displayName': 'StandingSave'}}, {'type': {'value': 212, 'displayName': 'Length'}, 'value': '46.7'}, {'type': {'value': 140, 'displayName': 'PassEndX'}, 'value': '90.5'}, {'type': {'value': 141, 'displayName': 'PassEndY'}, 'value': '8.0'}, {'type': {'value': 213, 'displayName': 'Angle'}, 'value': '6.2'}, {'type': {'value': 56, 'displayName': 'Zone'}, 'value': 'Right'}]","[91, 119, 117, 124, 127, 205, 36, 38, 217, 218]",True,73063.0,90.5,8.0,,,,,,,,,
2465805799.0,17,0,47.0,29,90.6,8.0,0,"{'value': 1, 'displayName': 'FirstHalf'}","{'value': 1, 'displayName': 'Pass'}","{'value': 1, 'displayName': 'Successful'}","[{'type': {'value': 212, 'displayName': 'Length'}, 'value': '6.3'}, {'type': {'value': 213, 'displayName': 'Angle'}, 'value': '2.3'}, {'type': {'value': 141, 'displayName': 'PassEndY'}, 'value': '15.2'}, {'type': {'value': 56, 'displayName': 'Zone'}, 'value': 'Right'}, {'type': {'value': 140, 'displayName': 'PassEndX'}, 'value': '86.8'}]","[91, 119, 117, 30, 205, 35, 37, 217, 218]",True,255167.0,86.8,15.2,,,,,,,,,
2465805805.0,18,0,47.0,29,89.8,17.6,0,"{'value': 1, 'displayName': 'FirstHalf'}","{'value': 61, 'displayName': 'BallTouch'}","{'value': 0, 'displayName': 'Unsuccessful'}","[{'type': {'value': 178, 'displayName': 'StandingSave'}}, {'type': {'value': 56, 'displayName': 'Zone'}, 'value': 'Right'}]","[91, 69]",True,322596.0,,,,,,,,,,,
2465805847.0,8,0,49.0,161,3.9,84.4,0,"{'value': 1, 'displayName': 'FirstHalf'}","{'value': 49, 'displayName': 'BallRecovery'}","{'value': 1, 'displayName': 'Successful'}",[],[93],False,368310.0,,,,,,,,,,,
2465805921.0,9,0,53.0,161,5.8,89.2,0,"{'value': 1, 'displayName': 'FirstHalf'}","{'value': 1, 'displayName': 'Pass'}","{'value': 0, 'displayName': 'Unsuccessful'}","[{'type': {'value': 213, 'displayName': 'Angle'}, 'value': '6.0'}, {'type': {'value': 212, 'displayName': 'Length'}, 'value': '52.4'}, {'type': {'value': 1, 'displayName': 'Longball'}}, {'type': {'value': 178, 'displayName': 'StandingSave'}}, {'type': {'value': 140, 'displayName': 'PassEndX'}, 'value': '54.0'}, {'type': {'value': 141, 'displayName': 'PassEndY'}, 'value': '69.5'}, {'type': {'value': 56, 'displayName': 'Zone'}, 'value': 'Center'}]","[91, 120, 128, 36, 38, 216, 218]",True,368310.0,54.0,69.5,,,,,,,,,
2465805933.0,19,0,57.0,29,43.5,30.7,0,"{'value': 1, 'displayName': 'FirstHalf'}","{'value': 49, 'displayName': 'BallRecovery'}","{'value': 1, 'displayName': 'Successful'}",[],[93],False,106086.0,,,,,,,,,,,
2465805955.0,20,0,57.0,29,43.5,30.7,0,"{'value': 1, 'displayName': 'FirstHalf'}","{'value': 1, 'displayName': 'Pass'}","{'value': 1, 'displayName': 'Successful'}","[{'type': {'value': 56, 'displayName': 'Zone'}, 'value': 'Back'}, {'type': {'value': 213, 'displayName': 'Angle'}, 'value': '6.0'}, {'type': {'value': 140, 'displayName': 'PassEndX'}, 'value': '48.5'}, {'type': {'value': 212, 'displayName': 'Length'}, 'value': '5.4'}, {'type': {'value': 141, 'displayName': 'PassEndY'}, 'value': '28.6'}, {'type': {'value': 178, 'displayName': 'StandingSave'}}]","[91, 117, 30, 36, 38, 216, 218]",True,106086.0,48.5,28.6,,,,,,,,,
2465805989.0,21,0,58.0,29,48.5,28.6,0,"{'value': 1, 'displayName': 'FirstHalf'}","{'value': 1, 'displayName': 'Pass'}","{'value': 1, 'displayName': 'Successful'}","[{'type': {'value': 141, 'displayName': 'PassEndY'}, 'value': '58.1'}, {'type': {'value': 178, 'displayName': 'StandingSave'}}, {'type': {'value': 212, 'displayName': 'Length'}, 'value': '20.6'}, {'type': {'value': 140, 'displayName': 'PassEndX'}, 'value': '44.0'}, {'type': {'value': 56, 'displayName': 'Zone'}, 'value': 'Back'}, {'type': {'value': 213, 'displayName': 'Angle'}, 'value': '1.8'}]","[91, 117, 30, 35, 37, 216, 218]",True,332325.0,44.0,58.1,,,,,,,,,
2465806037.0,22,1,1.0,29,45.3,61.4,1,"{'value': 1, 'displayName': 'FirstHalf'}","{'value': 1, 'displayName': 'Pass'}","{'value': 1, 'displayName': 'Successful'}","[{'type': {'value': 56, 'displayName': 'Zone'}, 'value': 'Left'}, {'type': {'value': 1, 'displayName': 'Longball'}}, {'type': {'value': 140, 'displayName': 'PassEndX'}, 'value': '67.7'}, {'type': {'value': 178, 'displayName': 'StandingSave'}}, {'type': {'value': 212, 'displayName': 'Length'}, 'value': '33.3'}, {'type': {'value': 213, 'displayName': 'Angle'}, 'value': '0.8'}, {'type': {'value': 141, 'displayName': 'PassEndY'}, 'value': '96.0'}]","[91, 119, 117, 127, 205, 36, 37, 217, 218]",True,68049.0,67.7,96.0,,,,,,,,,
2465806093.0,23,1,4.0,29,65.8,95.3,1,"{'value': 1, 'displayName': 'FirstHalf'}","{'value': 1, 'displayName': 'Pass'}","{'value': 1, 'displayName': 'Successful'}","[{'type': {'value': 178, 'displayName': 'StandingSave'}}, {'type': {'value': 212, 'displayName': 'Length'}, 'value': '21.6'}, {'type': {'value': 56, 'displayName': 'Zone'}, 'value': 'Center'}, {'type': {'value': 213, 'displayName': 'Angle'}, 'value': '4.1'}, {'type': {'value': 141, 'displayName': 'PassEndY'}, 'value': '69.3'}, {'type': {'value': 140, 'displayName': 'PassEndX'}, 'value': '54.0'}]","[91, 119, 117, 30, 35, 38, 216, 218]",True,125004.0,54.0,69.3,,,,,,,,,
2465806141.0,24,1,6.0,29,58.3,71.4,1,"{'value': 1, 'displayName': 'FirstHalf'}","{'value': 1, 'displayName': 'Pass'}","{'value': 1, 'displayName': 'Successful'}","[{'type': {'value': 213, 'displayName': 'Angle'}, 'value': '1.9'}, {'type': {'value': 56, 'displayName': 'Zone'}, 'value': 'Left'}, {'type': {'value': 140, 'displayName': 'PassEndX'}, 'value': '52.4'}, {'type': {'value': 212, 'displayName': 'Length'}, 'value': '17.2'}, {'type': {'value': 178, 'displayName': 'StandingSave'}}, {'type': {'value': 141, 'displayName': 'PassEndY'}, 'value': '95.0'}]","[91, 119, 117, 30, 35, 37, 216, 218]",True,332325.0,52.4,95.0,,,,,,,,,
2465806177.0,25,1,9.0,29,55.6,96.0,1,"{'value': 1, 'displayName': 'FirstHalf'}","{'value': 1, 'displayName': 'Pass'}","{'value': 1, 'displayName': 'Successful'}","[{'type': {'value': 178, 'displayName': 'StandingSave'}}, {'type': {'value': 56, 'displayName': 'Zone'}, 'value': 'Left'}, {'type': {'value': 140, 'displayName': 'PassEndX'}, 'value': '67.9'}, {'type': {'value': 141, 'displayName': 'PassEndY'}, 'value': '98.3'}, {'type': {'value': 213, 'displayName': 'Angle'}, 'value': '0.1'}, {'type': {'value': 212, 'displayName': 'Length'}, 'value': '13.0'}]","[91, 119, 117, 30, 205, 36, 37, 217, 218]",True,68049.0,67.9,98.3,,,,,,,,,
2465806195.0,26,1,11.0,29,67.9,98.4,1,"{'value': 1, 'displayName': 'FirstHalf'}","{'value': 1, 'displayName': 'Pass'}","{'value': 1, 'displayName': 'Successful'}","[{'type': {'value': 140, 'displayName': 'PassEndX'}, 'value': '53.9'}, {'type': {'value': 212, 'displayName': 'Length'}, 'value': '14.9'}, {'type': {'value': 178, 'displayName': 'StandingSave'}}, {'type': {'value': 141, 'displayName': 'PassEndY'}, 'value': '94.7'}, {'type': {'value': 213, 'displayName': 'Angle'}, 'value': '3.3'}, {'type': {'value': 56, 'displayName': 'Zone'}, 'value': 'Left'}]","[91, 119, 117, 30, 35, 38, 216, 218]",True,125004.0,53.9,94.7,,,,,,,,,
2465806231.0,27,1,12.0,29,53.9,94.7,1,"{'value': 1, 'displayName': 'FirstHalf'}","{'value': 1, 'displayName': 'Pass'}","{'value': 1, 'displayName': 'Successful'}","[{'type': {'value': 141, 'displayName': 'PassEndY'}, 'value': '74.4'}, {'type': {'value': 140, 'displayName': 'PassEndX'}, 'value': '35.7'}, {'type': {'value': 212, 'displayName': 'Length'}, 'value': '23.6'}, {'type': {'value': 178, 'displayName': 'StandingSave'}}, {'type': {'value': 213, 'displayName': 'Angle'}, 'value': '3.8'}, {'type': {'value': 56, 'displayName': 'Zone'}, 'value': 'Back'}]","[91, 117, 30, 35, 38, 216, 218]",True,68049.0,35.7,74.4,,,,,,,,,
2465806267.0,28,1,14.0,29,35.7,74.4,1,"{'value': 1, 'displayName': 'FirstHalf'}","{'value': 1, 'displayName': 'Pass'}","{'value': 1, 'displayName': 'Successful'}","[{'type': {'value': 213, 'displayName': 'Angle'}, 'value': '5.9'}, {'type': {'value': 141, 'displayName': 'PassEndY'}, 'value': '70.4'}, {'type': {'value': 140, 'displayName': 'PassEndX'}, 'value': '42.1'}, {'type': {'value': 178, 'displayName': 'StandingSave'}}, {'type': {'value': 212, 'displayName': 'Length'}, 'value': '7.2'}, {'type': {'value': 56, 'displayName': 'Zone'}, 'value': 'Back'}]","[91, 117, 30, 36, 38, 216, 218]",True,106086.0,42.1,70.4,,,,,,,,,
2465806299.0,29,1,16.0,29,42.1,70.4,1,"{'value': 1, 'displayName': 'FirstHalf'}","{'value': 1, 'displayName': 'Pass'}","{'value': 1, 'displayName': 'Successful'}","[{'type': {'value': 140, 'displayName': 'PassEndX'}, 'value': '43.5'}, {'type': {'value': 213, 'displayName': 'Angle'}, 'value': '1.5'}, {'type': {'value': 178, 'displayName': 'StandingSave'}}, {'type': {'value': 212, 'displayName': 'Length'}, 'value': '15.2'}, {'type': {'value': 141, 'displayName': 'PassEndY'}, 'value': '92.6'}, {'type': {'value': 56, 'displayName': 'Zone'}, 'value': 'Back'}]","[91, 117, 30, 36, 37, 216, 218]",True,319756.0,43.5,92.6,,,,,,,,,
2465806389.0,30,1,18.0,29,42.5,90.9,1,"{'value': 1, 'displayName': 'FirstHalf'}","{'value': 1, 'displayName': 'Pass'}","{'value': 1, 'displayName': 'Successful'}","[{'type': {'value': 141, 'displayName': 'PassEndY'}, 'value': '76.5'}, {'type': {'value': 56, 'displayName': 'Zone'}, 'value': 'Back'}, {'type': {'value': 140, 'displayName': 'PassEndX'}, 'value': '34.1'}, {'type': {'value': 212, 'displayName': 'Length'}, 'value': '13.2'}, {'type': {'value': 178, 'displayName': 'StandingSave'}}, {'type': {'value': 213, 'displayName': 'Angle'}, 'value': '4.0'}]","[91, 117, 30, 35, 38, 216, 218]",True,68049.0,34.1,76.5,,,,,,,,,
2465806405.0,31,1,21.0,29,34.1,76.5,1,"{'value': 1, 'displayName': 'FirstHalf'}","{'value': 1, 'displayName': 'Pass'}","{'value': 0, 'displayName': 'Unsuccessful'}","[{'type': {'value': 1, 'displayName': 'Longball'}}, {'type': {'value': 213, 'displayName': 'Angle'}, 'value': '5.1'}, {'type': {'value': 155, 'displayName': 'Chipped'}}, {'type': {'value': 56, 'displayName': 'Zone'}, 'value': 'Right'}, {'type': {'value': 141, 'displayName': 'PassEndY'}, 'value': '7.7'}, {'type': {'value': 178, 'displayName': 'StandingSave'}}, {'type': {'value': 140, 'displayName': 'PassEndX'}, 'value': '52.7'}, {'type': {'value': 212, 'displayName': 'Length'}, 'value': '50.7'}]","[91, 120, 124, 128, 36, 38, 216, 218]",True,106086.0,52.7,7.7,,,,,,,,,
2465806395.0,10,1,24.0,161,46.6,91.4,1,"{'value': 1, 'displayName': 'FirstHalf'}","{'value': 44, 'displayName': 'Aerial'}","{'value': 1, 'displayName': 'Successful'}","[{'type': {'value': 56, 'displayName': 'Zone'}, 'value': 'Back'}, {'type': {'value': 233, 'displayName': 'OppositeRelatedEvent'}, 'value': '32'}, {'type': {'value': 285, 'displayName': 'Defensive'}}]","[197, 200]",False,355401.0,,,,,,,,,,,
2465806411.0,32,1,24.0,29,53.4,8.6,1,"{'value': 1, 'displayName': 'FirstHalf'}","{'value': 44, 'displayName': 'Aerial'}","{'value': 0, 'displayName': 'Unsuccessful'}","[{'type': {'value': 56, 'displayName': 'Zone'}, 'value': 'Right'}, {'type': {'value': 233, 'displayName': 'OppositeRelatedEvent'}, 'value': '10'}, {'type': {'value': 286, 'displayName': 'Offensive'}}]","[198, 199]",False,255167.0,,,,,,,,,,,
2465806417.0,11,1,24.0,161,45.8,90.2,1,"{'value': 1, 'displayName': 'FirstHalf'}","{'value': 1, 'displayName': 'Pass'}","{'value': 0, 'displayName': 'Unsuccessful'}","[{'type': {'value': 212, 'displayName': 'Length'}, 'value': '27.4'}, {'type': {'value': 141, 'displayName': 'PassEndY'}, 'value': '69.4'}, {'type': {'value': 213, 'displayName': 'Angle'}, 'value': '5.7'}, {'type': {'value': 56, 'displayName': 'Zone'}, 'value': 'Center'}, {'type': {'value': 140, 'displayName': 'PassEndX'}, 'value': '68.2'}, {'type': {'value': 3, 'displayName': 'HeadPass'}}]","[91, 120, 29, 139, 36, 38, 217, 218]",True,355401.0,68.2,69.4,,,,,,,,,
2465806459.0,33,1,27.0,29,36.3,33.1,1,"{'value': 1, 'displayName': 'FirstHalf'}","{'value': 1, 'displayName': 'Pass'}","{'value': 1, 'displayName': 'Successful'}","[{'type': {'value': 56, 'displayName': 'Zone'}, 'value': 'Back'}, {'type': {'value': 212, 'displayName': 'Length'}, 'value': '17.0'}, {'type': {'value': 140, 'displayName': 'PassEndX'}, 'value': '24.1'}, {'type': {'value': 141, 'displayName': 'PassEndY'}, 'value': '49.6'}, {'type': {'value': 213, 'displayName': 'Angle'}, 'value': '2.4'}, {'type': {'value': 155, 'displayName': 'Chipped'}}, {'type': {'value': 178, 'displayName': 'StandingSave'}}]","[91, 117, 30, 124, 35, 37, 215, 218]",True,143595.0,24.1,49.6,,,,,,,,,
2465806529.0,34,1,31.0,29,16.0,43.1,1,"{'value': 1, 'displayName': 'FirstHalf'}","{'value': 1, 'displayName': 'Pass'}","{'value': 1, 'displayName': 'Successful'}","[{'type': {'value': 56, 'displayName': 'Zone'}, 'value': 'Back'}, {'type': {'value': 140, 'displayName': 'PassEndX'}, 'value': '15.0'}, {'type': {'value': 212, 'displayName': 'Length'}, 'value': '17.8'}, {'type': {'value': 178, 'displayName': 'StandingSave'}}, {'type': {'value': 213, 'displayName': 'Angle'}, 'value': '4.7'}, {'type': {'value': 141, 'displayName': 'PassEndY'}, 'value': '17.0'}]","[91, 117, 30, 35, 38, 215, 218]",True,106086.0,15.0,17.0,,,,,,,,,
2465806631.0,35,1,35.0,29,13.3,6.4,1,"{'value': 1, 'displayName': 'FirstHalf'}","{'value': 1, 'displayName': 'Pass'}","{'value': 1, 'displayName': 'Successful'}","[{'type': {'value': 213, 'displayName': 'Angle'}, 'value': '0.2'}, {'type': {'value': 212, 'displayName': 'Length'}, 'value': '56.8'}, {'type': {'value': 1, 'displayName': 'Longball'}}, {'type': {'value': 140, 'displayName': 'PassEndX'}, 'value': '66.7'}, {'type': {'value': 178, 'displayName': 'StandingSave'}}, {'type': {'value': 155, 'displayName': 'Chipped'}}, {'type': {'value': 56, 'displayName': 'Zone'}, 'value': 'Right'}, {'type': {'value': 141, 'displayName': 'PassEndY'}, 'value': '19.7'}]","[91, 119, 117, 124, 127, 205, 36, 37, 217, 218]",True,73063.0,66.7,19.7,,,,,,,,,
2465806639.0,36,1,42.0,29,70.5,7.0,1,"{'value': 1, 'displayName': 'FirstHalf'}","{'value': 61, 'displayName': 'BallTouch'}","{'value': 0, 'displayName': 'Unsuccessful'}","[{'type': {'value': 56, 'displayName': 'Zone'}, 'value': 'Right'}, {'type': {'value': 178, 'displayName': 'StandingSave'}}]","[91, 69]",True,302650.0,,,,,,,,,,,
2465806651.0,12,1,43.0,161,36.1,95.3,1,"{'value': 1, 'displayName': 'FirstHalf'}","{'value': 49, 'displayName': 'BallRecovery'}","{'value': 1, 'displayName': 'Successful'}",[],[93],False,355401.0,,,,,,,,,,,
2465806703.0,13,1,45.0,161,37.5,94.5,1,"{'value': 1, 'displayName': 'FirstHalf'}","{'value': 1, 'displayName': 'Pass'}","{'value': 1, 'displayName': 'Successful'}","[{'type': {'value': 178, 'displayName': 'StandingSave'}}, {'type': {'value': 212, 'displayName': 'Length'}, 'value': '8.7'}, {'type': {'value': 141, 'displayName': 'PassEndY'}, 'value': '93.5'}, {'type': {'value': 56, 'displayName': 'Zone'}, 'value': 'Back'}, {'type': {'value': 213, 'displayName': 'Angle'}, 'value': '6.2'}, {'type': {'value': 140, 'displayName': 'PassEndX'}, 'value': '45.8'}]","[91, 117, 30, 36, 38, 216, 218]",True,355401.0,45.8,93.5,,,,,,,,,
2465806725.0,14,1,47.0,161,43.8,89.9,1,"{'value': 1, 'displayName': 'FirstHalf'}","{'value': 1, 'displayName': 'Pass'}","{'value': 1, 'displayName': 'Successful'}","[{'type': {'value': 213, 'displayName': 'Angle'}, 'value': '3.9'}, {'type': {'value': 212, 'displayName': 'Length'}, 'value': '18.8'}, {'type': {'value': 56, 'displayName': 'Zone'}, 'value': 'Back'}, {'type': {'value': 178, 'displayName': 'StandingSave'}}, {'type': {'value': 140, 'displayName': 'PassEndX'}, 'value': '30.8'}, {'type': {'value': 141, 'displayName': 'PassEndY'}, 'value': '70.9'}]","[91, 117, 30, 35, 38, 215, 218]",True,337916.0,30.8,70.9,,,,,,,,,
2465806841.0,15,1,49.0,161,30.8,70.9,1,"{'value': 1, 'displayName': 'FirstHalf'}","{'value': 1, 'displayName': 'Pass'}","{'value': 1, 'displayName': 'Successful'}","[{'type': {'value': 56, 'displayName': 'Zone'}, 'value': 'Back'}, {'type': {'value': 141, 'displayName': 'PassEndY'}, 'value': '44.8'}, {'type': {'value': 212, 'displayName': 'Length'}, 'value': '18.6'}, {'type': {'value': 178, 'displayName': 'StandingSave'}}, {'type': {'value': 140, 'displayName': 'PassEndX'}, 'value': '25.4'}, {'type': {'value': 213, 'displayName': 'Angle'}, 'value': '4.4'}]","[91, 117, 30, 35, 38, 215, 218]",True,16161.0,25.4,44.8,,,,,,,,,
2465806873.0,16,1,57.0,161,33.7,36.3,1,"{'value': 1, 'displayName': 'FirstHalf'}","{'value': 1, 'displayName': 'Pass'}","{'value': 1, 'displayName': 'Successful'}","[{'type': {'value': 140, 'displayName': 'PassEndX'}, 'value': '33.8'}, {'type': {'value': 178, 'displayName': 'StandingSave'}}, {'type': {'value': 56, 'displayName': 'Zone'}, 'value': 'Back'}, {'type': {'value': 141, 'displayName': 'PassEndY'}, 'value': '24.0'}, {'type': {'value': 213, 'displayName': 'Angle'}, 'value': '4.7'}, {'type': {'value': 212, 'displayName': 'Length'}, 'value': '8.4'}]","[91, 117, 30, 36, 38, 216, 218]",True,238244.0,33.8,24.0,,,,,,,,,
2465806885.0,17,1,59.0,161,34.1,24.4,1,"{'value': 1, 'displayName': 'FirstHalf'}","{'value': 1, 'displayName': 'Pass'}","{'value': 1, 'displayName': 'Successful'}","[{'type': {'value': 212, 'displayName': 'Length'}, 'value': '12.2'}, {'type': {'value': 141, 'displayName': 'PassEndY'}, 'value': '34.9'}, {'type': {'value': 213, 'displayName': 'Angle'}, 'value': '0.6'}, {'type': {'value': 56, 'displayName': 'Zone'}, 'value': 'Back'}, {'type': {'value': 140, 'displayName': 'PassEndX'}, 'value': '43.5'}, {'type': {'value': 178, 'displayName': 'StandingSave'}}]","[91, 117, 30, 36, 37, 216, 218]",True,115917.0,43.5,34.9,,,,,,,,,
2465806917.0,18,2,0.0,161,43.6,34.2,2,"{'value': 1, 'displayName': 'FirstHalf'}","{'value': 1, 'displayName': 'Pass'}","{'value': 1, 'displayName': 'Successful'}","[{'type': {'value': 213, 'displayName': 'Angle'}, 'value': '3.5'}, {'type': {'value': 141, 'displayName': 'PassEndY'}, 'value': '26.4'}, {'type': {'value': 56, 'displayName': 'Zone'}, 'value': 'Back'}, {'type': {'value': 140, 'displayName': 'PassEndX'}, 'value': '30.5'}, {'type': {'value': 212, 'displayName': 'Length'}, 'value': '14.7'}, {'type': {'value': 178, 'displayName': 'StandingSave'}}]","[91, 117, 30, 35, 38, 215, 218]",True,16161.0,30.5,26.4,,,,,,,,,
2465806975.0,19,2,1.0,161,30.5,26.4,2,"{'value': 1, 'displayName': 'FirstHalf'}","{'value': 1, 'displayName': 'Pass'}","{'value': 1, 'displayName': 'Successful'}","[{'type': {'value': 56, 'displayName': 'Zone'}, 'value': 'Back'}, {'type': {'value': 212, 'displayName': 'Length'}, 'value': '13.4'}, {'type': {'value': 141, 'displayName': 'PassEndY'}, 'value': '43.6'}, {'type': {'value': 140, 'displayName': 'PassEndX'}, 'value': '24.2'}, {'type': {'value': 213, 'displayName': 'Angle'}, 'value': '2.1'}, {'type': {'value': 178, 'displayName': 'StandingSave'}}]","[91, 117, 30, 35, 37, 215, 218]",True,115917.0,24.2,43.6,,,,,,,,,
2465807045.0,20,2,4.0,161,25.0,44.2,2,"{'value': 1, 'displayName': 'FirstHalf'}","{'value': 1, 'displayName': 'Pass'}","{'value': 1, 'displayName': 'Successful'}","[{'type': {'value': 141, 'displayName': 'PassEndY'}, 'value': '59.3'}, {'type': {'value': 56, 'displayName': 'Zone'}, 'value': 'Back'}, {'type': {'value': 212, 'displayName': 'Length'}, 'value': '13.8'}, {'type': {'value': 178, 'displayName': 'StandingSave'}}, {'type': {'value': 140, 'displayName': 'PassEndX'}, 'value': '33.8'}, {'type': {'value': 213, 'displayName': 'Angle'}, 'value': '0.8'}]","[91, 117, 30, 36, 37, 216, 218]",True,238244.0,33.8,59.3,,,,,,,,,
2465807071.0,21,2,7.0,161,33.4,58.7,2,"{'value': 1, 'displayName': 'FirstHalf'}","{'value': 1, 'displayName': 'Pass'}","{'value': 1, 'displayName': 'Successful'}","[{'type': {'value': 140, 'displayName': 'PassEndX'}, 'value': '25.7'}, {'type': {'value': 178, 'displayName': 'StandingSave'}}, {'type': {'value': 141, 'displayName': 'PassEndY'}, 'value': '73.2'}, {'type': {'value': 56, 'displayName': 'Zone'}, 'value': 'Back'}, {'type': {'value': 213, 'displayName': 'Angle'}, 'value': '2.3'}, {'type': {'value': 212, 'displayName': 'Length'}, 'value': '12.8'}]","[91, 117, 30, 35, 37, 215, 218]",True,394933.0,25.7,73.2,,,,,,,,,
2465807089.0,22,2,9.0,161,25.7,73.2,2,"{'value': 1, 'displayName': 'FirstHalf'}","{'value': 1, 'displayName': 'Pass'}","{'value': 1, 'displayName': 'Successful'}","[{'type': {'value': 212, 'displayName': 'Length'}, 'value': '16.8'}, {'type': {'value': 141, 'displayName': 'PassEndY'}, 'value': '54.0'}, {'type': {'value': 178, 'displayName': 'StandingSave'}}, {'type': {'value': 56, 'displayName': 'Zone'}, 'value': 'Back'}, {'type': {'value': 213, 'displayName': 'Angle'}, 'value': '4.0'}, {'type': {'value': 140, 'displayName': 'PassEndX'}, 'value': '15.6'}]","[91, 117, 30, 35, 38, 215, 218]",True,368310.0,15.6,54.0,,,,,,,,,
2465807119.0,23,2,11.0,161,15.6,54.0,2,"{'value': 1, 'displayName': 'FirstHalf'}","{'value': 1, 'displayName': 'Pass'}","{'value': 1, 'displayName': 'Successful'}","[{'type': {'value': 213, 'displayName': 'Angle'}, 'value': '1.6'}, {'type': {'value': 212, 'displayName': 'Length'}, 'value': '13.9'}, {'type': {'value': 178, 'displayName': 'StandingSave'}}, {'type': {'value': 140, 'displayName': 'PassEndX'}, 'value': '15.5'}, {'type': {'value': 141, 'displayName': 'PassEndY'}, 'value': '74.5'}, {'type': {'value': 56, 'displayName': 'Zone'}, 'value': 'Back'}]","[91, 117, 30, 35, 37, 215, 218]",True,238244.0,15.5,74.5,,,,,,,,,
2465807261.0,24,2,14.0,161,15.5,74.5,2,"{'value': 1, 'displayName': 'FirstHalf'}","{'value': 1, 'displayName': 'Pass'}","{'value': 1, 'displayName': 'Successful'}","[{'type': {'value': 141, 'displayName': 'PassEndY'}, 'value': '91.1'}, {'type': {'value': 178, 'displayName': 'StandingSave'}}, {'type': {'value': 213, 'displayName': 'Angle'}, 'value': '1.2'}, {'type': {'value': 212, 'displayName': 'Length'}, 'value': '12.0'}, {'type': {'value': 140, 'displayName': 'PassEndX'}, 'value': '19.4'}, {'type': {'value': 56, 'displayName': 'Zone'}, 'value': 'Back'}]","[91, 117, 30, 36, 37, 215, 218]",True,368310.0,19.4,91.1,,,,,,,,,
2465807277.0,26,2,17.0,161,19.7,91.5,2,"{'value': 1, 'displayName': 'FirstHalf'}","{'value': 1, 'displayName': 'Pass'}","{'value': 0, 'displayName': 'Unsuccessful'}","[{'type': {'value': 56, 'displayName': 'Zone'}, 'value': 'Back'}, {'type': {'value': 178, 'displayName': 'StandingSave'}}, {'type': {'value': 213, 'displayName': 'Angle'}, 'value': '5.7'}, {'type': {'value': 141, 'displayName': 'PassEndY'}, 'value': '86.1'}, {'type': {'value': 140, 'displayName': 'PassEndX'}, 'value': '25.2'}, {'type': {'value': 212, 'displayName': 'Length'}, 'value': '6.8'}]","[91, 118, 120, 29, 36, 38, 215, 218]",True,394933.0,25.2,86.1,,,,,,,,,
2465807257.0,38,2,17.0,29,71.0,12.4,2,"{'value': 1, 'displayName': 'FirstHalf'}","{'value': 49, 'displayName': 'BallRecovery'}","{'value': 1, 'displayName': 'Successful'}",[],[93],False,332325.0,,,,,,,,,,,
2465807291.0,39,2,17.0,29,71.0,12.4,2,"{'value': 1, 'displayName': 'FirstHalf'}","{'value': 1, 'displayName': 'Pass'}","{'value': 1, 'displayName': 'Successful'}","[{'type': {'value': 212, 'displayName': 'Length'}, 'value': '6.8'}, {'type': {'value': 213, 'displayName': 'Angle'}, 'value': '0.2'}, {'type': {'value': 56, 'displayName': 'Zone'}, 'value': 'Right'}, {'type': {'value': 141, 'displayName': 'PassEndY'}, 'value': '14.0'}, {'type': {'value': 140, 'displayName': 'PassEndX'}, 'value': '77.4'}]","[91, 119, 117, 30, 205, 36, 37, 217, 218]",True,332325.0,77.4,14.0,,,,,,,,,
2465807307.0,40,2,19.0,29,77.4,14.0,2,"{'value': 1, 'displayName': 'FirstHalf'}","{'value': 1, 'displayName': 'Pass'}","{'value': 1, 'displayName': 'Successful'}","[{'type': {'value': 178, 'displayName': 'StandingSave'}}, {'type': {'value': 141, 'displayName': 'PassEndY'}, 'value': '7.1'}, {'type': {'value': 212, 'displayName': 'Length'}, 'value': '12.8'}, {'type': {'value': 56, 'displayName': 'Zone'}, 'value': 'Right'}, {'type': {'value': 213, 'displayName': 'Angle'}, 'value': '5.9'}, {'type': {'value': 140, 'displayName': 'PassEndX'}, 'value': '88.7'}]","[91, 119, 117, 30, 205, 36, 38, 217, 218]",True,143595.0,88.7,7.1,,,,,,,,,
2465807323.0,41,2,21.0,29,88.7,7.1,2,"{'value': 1, 'displayName': 'FirstHalf'}","{'value': 1, 'displayName': 'Pass'}","{'value': 0, 'displayName': 'Unsuccessful'}","[{'type': {'value': 140, 'displayName': 'PassEndX'}, 'value': '90.7'}, {'type': {'value': 56, 'displayName': 'Zone'}, 'value': 'Center'}, {'type': {'value': 20, 'displayName': 'RightFoot'}}, {'type': {'value': 2, 'displayName': 'Cross'}}, {'type': {'value': 141, 'displayName': 'PassEndY'}, 'value': '41.9'}, {'type': {'value': 155, 'displayName': 'Chipped'}}, {'type': {'value': 213, 'displayName': 'Angle'}, 'value': '1.5'}, {'type': {'value': 178, 'displayName': 'StandingSave'}}, {'type': {'value': 212, 'displayName': 'Length'}, 'value': '23.8'}]","[91, 137, 124, 126, 36, 37, 217, 218]",True,332325.0,90.7,41.9,,,,,,,,,
2465807343.0,27,2,22.0,161,10.6,61.5,2,"{'value': 1, 'displayName': 'FirstHalf'}","{'value': 12, 'displayName': 'Clearance'}","{'value': 1, 'displayName': 'Successful'}","[{'type': {'value': 213, 'displayName': 'Angle'}, 'value': '0.0'}, {'type': {'value': 140, 'displayName': 'PassEndX'}, 'value': '34.6'}, {'type': {'value': 15, 'displayName': 'Head'}}, {'type': {'value': 212, 'displayName': 'Length'}, 'value': '25.2'}, {'type': {'value': 141, 'displayName': 'PassEndY'}, 'value': '62.1'}, {'type': {'value': 56, 'displayName': 'Zone'}, 'value': 'Back'}]","[91, 94, 95, 57, 216]",True,238244.0,34.6,62.1,,,,,,,,,
2465807391.0,42,2,24.0,29,68.7,36.1,2,"{'value': 1, 'displayName': 'FirstHalf'}","{'value': 1, 'displayName': 'Pass'}","{'value': 1, 'displayName': 'Successful'}","[{'type': {'value': 141, 'displayName': 'PassEndY'}, 'value': '27.8'}, {'type': {'value': 140, 'displayName': 'PassEndX'}, 'value': '55.6'}, {'type': {'value': 212, 'displayName': 'Length'}, 'value': '14.9'}, {'type': {'value': 56, 'displayName': 'Zone'}, 'value': 'Center'}, {'type': {'value': 213, 'displayName': 'Angle'}, 'value': '3.5'}]","[91, 119, 117, 30, 35, 38, 216, 218]",True,319756.0,55.6,27.8,,,,,,,,,
2465807501.0,43,2,26.0,29,55.6,27.8,2,"{'value': 1, 'displayName': 'FirstHalf'}","{'value': 1, 'displayName': 'Pass'}","{'value': 1, 'displayName': 'Successful'}","[{'type': {'value': 178, 'displayName': 'StandingSave'}}, {'type': {'value': 212, 'displayName': 'Length'}, 'value': '17.8'}, {'type': {'value': 56, 'displayName': 'Zone'}, 'value': 'Back'}, {'type': {'value': 213, 'displayName': 'Angle'}, 'value': '2.2'}, {'type': {'value': 141, 'displayName': 'PassEndY'}, 'value': '49.4'}, {'type': {'value': 140, 'displayName': 'PassEndX'}, 'value': '46.1'}]","[91, 117, 30, 35, 37, 216, 218]",True,255167.0,46.1,49.4,,,,,,,,,
2465807661.0,44,2,32.0,29,35.9,46.3,2,"{'value': 1, 'displayName': 'FirstHalf'}","{'value': 1, 'displayName': 'Pass'}","{'value': 1, 'displayName': 'Successful'}","[{'type': {'value': 178, 'displayName': 'StandingSave'}}, {'type': {'value': 213, 'displayName': 'Angle'}, 'value': '3.2'}, {'type': {'value': 212, 'displayName': 'Length'}, 'value': '26.1'}, {'type': {'value': 140, 'displayName': 'PassEndX'}, 'value': '11.1'}, {'type': {'value': 56, 'displayName': 'Zone'}, 'value': 'Back'}, {'type': {'value': 141, 'displayName': 'PassEndY'}, 'value': '45.1'}]","[91, 117, 30, 35, 38, 215, 218]",True,106086.0,11.1,45.1,,,,,,,,,
2465807689.0,45,2,41.0,29,17.8,39.5,2,"{'value': 1, 'displayName': 'FirstHalf'}","{'value': 1, 'displayName': 'Pass'}","{'value': 1, 'displayName': 'Successful'}","[{'type': {'value': 178, 'displayName': 'StandingSave'}}, {'type': {'value': 212, 'displayName': 'Length'}, 'value': '16.7'}, {'type': {'value': 140, 'displayName': 'PassEndX'}, 'value': '24.1'}, {'type': {'value': 213, 'displayName': 'Angle'}, 'value': '5.1'}, {'type': {'value': 56, 'displayName': 'Zone'}, 'value': 'Back'}, {'type': {'value': 141, 'displayName': 'PassEndY'}, 'value': '16.9'}]","[91, 117, 30, 36, 38, 215, 218]",True,20973.0,24.1,16.9,,,,,,,,,
2465807759.0,46,2,44.0,29,29.0,9.2,2,"{'value': 1, 'displayName': 'FirstHalf'}","{'value': 1, 'displayName': 'Pass'}","{'value': 1, 'displayName': 'Successful'}","[{'type': {'value': 212, 'displayName': 'Length'}, 'value': '6.8'}, {'type': {'value': 140, 'displayName': 'PassEndX'}, 'value': '34.4'}, {'type': {'value': 213, 'displayName': 'Angle'}, 'value': '5.7'}, {'type': {'value': 141, 'displayName': 'PassEndY'}, 'value': '3.8'}, {'type': {'value': 56, 'displayName': 'Zone'}, 'value': 'Back'}, {'type': {'value': 178, 'displayName': 'StandingSave'}}]","[91, 117, 30, 36, 38, 216, 218]",True,73063.0,34.4,3.8,,,,,,,,,
2465807837.0,47,2,46.0,29,34.2,4.1,2,"{'value': 1, 'displayName': 'FirstHalf'}","{'value': 1, 'displayName': 'Pass'}","{'value': 1, 'displayName': 'Successful'}","[{'type': {'value': 140, 'displayName': 'PassEndX'}, 'value': '32.6'}, {'type': {'value': 213, 'displayName': 'Angle'}, 'value': '1.7'}, {'type': {'value': 56, 'displayName': 'Zone'}, 'value': 'Back'}, {'type': {'value': 178, 'displayName': 'StandingSave'}}, {'type': {'value': 141, 'displayName': 'PassEndY'}, 'value': '24.8'}, {'type': {'value': 212, 'displayName': 'Length'}, 'value': '14.2'}]","[91, 117, 30, 35, 37, 215, 218]",True,255167.0,32.6,24.8,,,,,,,,,
2465807845.0,48,2,46.0,29,30.7,19.6,2,"{'value': 1, 'displayName': 'FirstHalf'}","{'value': 61, 'displayName': 'BallTouch'}","{'value': 0, 'displayName': 'Unsuccessful'}","[{'type': {'value': 56, 'displayName': 'Zone'}, 'value': 'Back'}, {'type': {'value': 178, 'displayName': 'StandingSave'}}]","[91, 69]",True,332325.0,,,,,,,,,,,
2465807893.0,28,2,48.0,161,77.4,88.9,2,"{'value': 1, 'displayName': 'FirstHalf'}","{'value': 1, 'displayName': 'Pass'}","{'value': 1, 'displayName': 'Successful'}","[{'type': {'value': 213, 'displayName': 'Angle'}, 'value': '3.1'}, {'type': {'value': 212, 'displayName': 'Length'}, 'value': '11.7'}, {'type': {'value': 178, 'displayName': 'StandingSave'}}, {'type': {'value': 140, 'displayName': 'PassEndX'}, 'value': '66.3'}, {'type': {'value': 56, 'displayName': 'Zone'}, 'value': 'Left'}, {'type': {'value': 141, 'displayName': 'PassEndY'}, 'value': '89.0'}]","[91, 119, 117, 30, 35, 37, 216, 218]",True,247995.0,66.3,89.0,,,,,,,,,
2465807899.0,29,2,48.0,161,66.3,89.0,2,"{'value': 1, 'displayName': 'FirstHalf'}","{'value': 49, 'displayName': 'BallRecovery'}","{'value': 1, 'displayName': 'Successful'}",[],[93],False,337916.0,,,,,,,,,,,
2465807927.0,30,2,48.0,161,66.3,89.0,2,"{'value': 1, 'displayName': 'FirstHalf'}","{'value': 1, 'displayName': 'Pass'}","{'value': 1, 'displayName': 'Successful'}","[{'type': {'value': 212, 'displayName': 'Length'}, 'value': '13.1'}, {'type': {'value': 213, 'displayName': 'Angle'}, 'value': '5.3'}, {'type': {'value': 56, 'displayName': 'Zone'}, 'value': 'Center'}, {'type': {'value': 178, 'displayName': 'StandingSave'}}, {'type': {'value': 141, 'displayName': 'PassEndY'}, 'value': '73.0'}, {'type': {'value': 210, 'displayName': 'ShotAssist'}, 'value': '15'}, {'type': {'value': 140, 'displayName': 'PassEndX'}, 'value': '73.3'}, {'type': {'value': 11113, 'displayName': 'KeyPass'}}]","[91, 119, 117, 30, 123, 205, 40, 46, 36, 38, 217, 218]",True,337916.0,73.3,73.0,,,,,,,,,
2465807933.0,31,2,51.0,161,75.4,64.8,2,"{'value': 1, 'displayName': 'FirstHalf'}","{'value': 15, 'displayName': 'SavedShot'}","{'value': 1, 'displayName': 'Successful'}","[{'type': {'value': 29, 'displayName': 'Assisted'}}, {'type': {'value': 146, 'displayName': 'BlockedX'}, 'value': '97.8'}, {'type': {'value': 18, 'displayName': 'OutOfBoxCentre'}}, {'type': {'value': 233, 'displayName': 'OppositeRelatedEvent'}, 'value': '49'}, {'type': {'value': 147, 'displayName': 'BlockedY'}, 'value': '51.4'}, {'type': {'value': 102, 'displayName': 'GoalMouthY'}, 'value': '52.6'}, {'type': {'value': 178, 'displayName': 'StandingSave'}}, {'type': {'value': 77, 'displayName': 'HighLeft'}}, {'type': {'value': 55, 'displayName': 'RelatedEventId'}, 'value': '30'}, {'type': {'value': 20, 'displayName': 'RightFoot'}}, {'type': {'value': 103, 'displayName': 'GoalMouthZ'}, 'value': '28.5'}, {'type': {'value': 56, 'displayName': 'Zone'}, 'value': 'Center'}, {'type': {'value': 22, 'displayName': 'RegularPlay'}}]","[91, 9, 10, 2, 3, 12]",True,300513.0,,,30.0,337916.0,97.8,51.4,28.5,52.6,True,,
2465807953.0,49,2,52.0,29,2.2,47.9,2,"{'value': 1, 'displayName': 'FirstHalf'}","{'value': 10, 'displayName': 'Save'}","{'value': 1, 'displayName': 'Successful'}","[{'type': {'value': 173, 'displayName': 'ParriedSafe'}}, {'type': {'value': 233, 'displayName': 'OppositeRelatedEvent'}, 'value': '31'}, {'type': {'value': 56, 'displayName': 'Zone'}, 'value': 'Back'}, {'type': {'value': 182, 'displayName': 'Hands'}}, {'type': {'value': 11117, 'displayName': 'KeeperSaveObox'}}]","[91, 109, 113, 77, 79, 82]",True,20973.0,,,,,,,,,,,
2465808407.0,32,2,54.0,161,94.7,55.0,2,"{'value': 1, 'displayName': 'FirstHalf'}","{'value': 6, 'displayName': 'CornerAwarded'}","{'value': 1, 'displayName': 'Successful'}","[{'type': {'value': 233, 'displayName': 'OppositeRelatedEvent'}, 'value': '50'}, {'type': {'value': 56, 'displayName': 'Zone'}, 'value': 'Center'}, {'type': {'value': 73, 'displayName': 'MissLeft'}}]",[122],False,300513.0,,,,,,,,,,,
2465807973.0,50,2,54.0,29,5.3,45.0,2,"{'value': 1, 'displayName': 'FirstHalf'}","{'value': 6, 'displayName': 'CornerAwarded'}","{'value': 0, 'displayName': 'Unsuccessful'}","[{'type': {'value': 233, 'displayName': 'OppositeRelatedEvent'}, 'value': '32'}, {'type': {'value': 56, 'displayName': 'Zone'}, 'value': 'Back'}, {'type': {'value': 73, 'displayName': 'MissLeft'}}]",[122],False,20973.0,,,,,,,,,,,
2465808611.0,33,3,23.0,161,99.5,99.5,3,"{'value': 1, 'displayName': 'FirstHalf'}","{'value': 1, 'displayName': 'Pass'}","{'value': 0, 'displayName': 'Unsuccessful'}","[{'type': {'value': 213, 'displayName': 'Angle'}, 'value': '4.5'}, {'type': {'value': 2, 'displayName': 'Cross'}}, {'type': {'value': 212, 'displayName': 'Length'}, 'value': '33.8'}, {'type': {'value': 6, 'displayName': 'CornerTaken'}}, {'type': {'value': 1, 'displayName': 'Longball'}}, {'type': {'value': 140, 'displayName': 'PassEndX'}, 'value': '92.1'}, {'type': {'value': 155, 'displayName': 'Chipped'}}, {'type': {'value': 178, 'displayName': 'StandingSave'}}, {'type': {'value': 20, 'displayName': 'RightFoot'}}, {'type': {'value': 56, 'displayName': 'Zone'}, 'value': 'Center'}, {'type': {'value': 141, 'displayName': 'PassEndY'}, 'value': '51.2'}]","[91, 137, 124, 126, 31, 33, 34, 35, 38, 217, 218]",True,247995.0,92.1,51.2,,,,,,,,,
2465808651.0,51,3,25.0,29,7.7,54.6,3,"{'value': 1, 'displayName': 'FirstHalf'}","{'value': 12, 'displayName': 'Clearance'}","{'value': 1, 'displayName': 'Successful'}","[{'type': {'value': 141, 'displayName': 'PassEndY'}, 'value': '42.1'}, {'type': {'value': 56, 'displayName': 'Zone'}, 'value': 'Back'}, {'type': {'value': 15, 'displayName': 'Head'}}, {'type': {'value': 140, 'displayName': 'PassEndX'}, 'value': '25.5'}, {'type': {'value': 213, 'displayName': 'Angle'}, 'value': '5.9'}, {'type': {'value': 212, 'displayName': 'Length'}, 'value': '20.5'}]","[91, 94, 95, 57, 215]",True,255167.0,25.5,42.1,,,,,,,,,
2465808685.0,34,3,28.0,161,74.0,67.5,3,"{'value': 1, 'displayName': 'FirstHalf'}","{'value': 1, 'displayName': 'Pass'}","{'value': 0, 'displayName': 'Unsuccessful'}","[{'type': {'value': 3, 'displayName': 'HeadPass'}}, {'type': {'value': 140, 'displayName': 'PassEndX'}, 'value': '86.7'}, {'type': {'value': 56, 'displayName': 'Zone'}, 'value': 'Center'}, {'type': {'value': 213, 'displayName': 'Angle'}, 'value': '5.3'}, {'type': {'value': 141, 'displayName': 'PassEndY'}, 'value': '40.7'}, {'type': {'value': 212, 'displayName': 'Length'}, 'value': '22.6'}]","[91, 120, 29, 139, 36, 38, 217, 218]",True,355401.0,86.7,40.7,,,,,,,,,
2465808721.0,52,3,29.0,29,14.7,58.1,3,"{'value': 1, 'displayName': 'FirstHalf'}","{'value': 1, 'displayName': 'Pass'}","{'value': 1, 'displayName': 'Successful'}","[{'type': {'value': 3, 'displayName': 'HeadPass'}}, {'type': {'value': 140, 'displayName': 'PassEndX'}, 'value': '34.5'}, {'type': {'value': 56, 'displayName': 'Zone'}, 'value': 'Back'}, {'type': {'value': 141, 'displayName': 'PassEndY'}, 'value': '79.7'}, {'type': {'value': 213, 'displayName': 'Angle'}, 'value': '0.6'}, {'type': {'value': 212, 'displayName': 'Length'}, 'value': '25.5'}]","[91, 117, 30, 139, 36, 37, 216, 218]",True,143595.0,34.5,79.7,,,,,,,,,
2465808769.0,53,3,31.0,29,34.5,80.4,3,"{'value': 1, 'displayName': 'FirstHalf'}","{'value': 49, 'displayName': 'BallRecovery'}","{'value': 1, 'displayName': 'Successful'}",[],[93],False,125004.0,,,,,,,,,,,
2465808775.0,54,3,31.0,29,34.6,80.6,3,"{'value': 1, 'displayName': 'FirstHalf'}","{'value': 61, 'displayName': 'BallTouch'}","{'value': 0, 'displayName': 'Unsuccessful'}","[{'type': {'value': 178, 'displayName': 'StandingSave'}}, {'type': {'value': 56, 'displayName': 'Zone'}, 'value': 'Back'}]","[91, 69]",True,125004.0,,,,,,,,,,,
2465808787.0,35,3,34.0,161,65.9,30.6,3,"{'value': 1, 'displayName': 'FirstHalf'}","{'value': 49, 'displayName': 'BallRecovery'}","{'value': 1, 'displayName': 'Successful'}",[],[93],False,115917.0,,,,,,,,,,,
2465808923.0,36,3,34.0,161,66.3,29.4,3,"{'value': 1, 'displayName': 'FirstHalf'}","{'value': 1, 'displayName': 'Pass'}","{'value': 1, 'displayName': 'Successful'}","[{'type': {'value': 213, 'displayName': 'Angle'}, 'value': '5.5'}, {'type': {'value': 140, 'displayName': 'PassEndX'}, 'value': '78.6'}, {'type': {'value': 141, 'displayName': 'PassEndY'}, 'value': '9.8'}, {'type': {'value': 56, 'displayName': 'Zone'}, 'value': 'Right'}, {'type': {'value': 178, 'displayName': 'StandingSave'}}, {'type': {'value': 212, 'displayName': 'Length'}, 'value': '18.6'}]","[91, 119, 117, 30, 205, 36, 38, 217, 218]",True,115917.0,78.6,9.8,,,,,,,,,
2465808943.0,37,3,38.0,161,78.9,8.8,3,"{'value': 1, 'displayName': 'FirstHalf'}","{'value': 1, 'displayName': 'Pass'}","{'value': 1, 'displayName': 'Successful'}","[{'type': {'value': 140, 'displayName': 'PassEndX'}, 'value': '67.5'}, {'type': {'value': 141, 'displayName': 'PassEndY'}, 'value': '13.7'}, {'type': {'value': 56, 'displayName': 'Zone'}, 'value': 'Right'}, {'type': {'value': 213, 'displayName': 'Angle'}, 'value': '2.9'}, {'type': {'value': 178, 'displayName': 'StandingSave'}}, {'type': {'value': 212, 'displayName': 'Length'}, 'value': '12.4'}]","[91, 119, 117, 30, 205, 35, 37, 217, 218]",True,300513.0,67.5,13.7,,,,,,,,,
2465808985.0,38,3,41.0,161,67.6,13.5,3,"{'value': 1, 'displayName': 'FirstHalf'}","{'value': 1, 'displayName': 'Pass'}","{'value': 1, 'displayName': 'Successful'}","[{'type': {'value': 56, 'displayName': 'Zone'}, 'value': 'Center'}, {'type': {'value': 140, 'displayName': 'PassEndX'}, 'value': '60.4'}, {'type': {'value': 213, 'displayName': 'Angle'}, 'value': '2.1'}, {'type': {'value': 141, 'displayName': 'PassEndY'}, 'value': '30.7'}, {'type': {'value': 178, 'displayName': 'StandingSave'}}, {'type': {'value': 212, 'displayName': 'Length'}, 'value': '13.9'}]","[91, 119, 117, 30, 35, 37, 216, 218]",True,115917.0,60.4,30.7,,,,,,,,,
2465809047.0,39,3,48.0,161,59.4,31.8,3,"{'value': 1, 'displayName': 'FirstHalf'}","{'value': 1, 'displayName': 'Pass'}","{'value': 1, 'displayName': 'Successful'}","[{'type': {'value': 178, 'displayName': 'StandingSave'}}, {'type': {'value': 213, 'displayName': 'Angle'}, 'value': '2.1'}, {'type': {'value': 56, 'displayName': 'Zone'}, 'value': 'Back'}, {'type': {'value': 212, 'displayName': 'Length'}, 'value': '29.3'}, {'type': {'value': 140, 'displayName': 'PassEndX'}, 'value': '44.6'}, {'type': {'value': 141, 'displayName': 'PassEndY'}, 'value': '68.4'}]","[91, 117, 30, 35, 37, 216, 218]",True,16161.0,44.6,68.4,,,,,,,,,
2465809137.0,40,3,48.0,161,45.4,70.8,3,"{'value': 1, 'displayName': 'FirstHalf'}","{'value': 1, 'displayName': 'Pass'}","{'value': 1, 'displayName': 'Successful'}","[{'type': {'value': 213, 'displayName': 'Angle'}, 'value': '6.1'}, {'type': {'value': 56, 'displayName': 'Zone'}, 'value': 'Center'}, {'type': {'value': 141, 'displayName': 'PassEndY'}, 'value': '66.0'}, {'type': {'value': 140, 'displayName': 'PassEndX'}, 'value': '62.0'}, {'type': {'value': 178, 'displayName': 'StandingSave'}}, {'type': {'value': 212, 'displayName': 'Length'}, 'value': '17.7'}]","[91, 119, 117, 30, 36, 38, 216, 218]",True,368310.0,62.0,66.0,,,,,,,,,
2465809189.0,41,3,51.0,161,54.4,57.8,3,"{'value': 1, 'displayName': 'FirstHalf'}","{'value': 1, 'displayName': 'Pass'}","{'value': 1, 'displayName': 'Successful'}","[{'type': {'value': 213, 'displayName': 'Angle'}, 'value': '4.4'}, {'type': {'value': 212, 'displayName': 'Length'}, 'value': '25.5'}, {'type': {'value': 178, 'displayName': 'StandingSave'}}, {'type': {'value': 140, 'displayName': 'PassEndX'}, 'value': '47.5'}, {'type': {'value': 141, 'displayName': 'PassEndY'}, 'value': '21.9'}, {'type': {'value': 56, 'displayName': 'Zone'}, 'value': 'Back'}]","[91, 117, 30, 35, 38, 216, 218]",True,394933.0,47.5,21.9,,,,,,,,,
2465809281.0,42,3,55.0,161,56.4,16.7,3,"{'value': 1, 'displayName': 'FirstHalf'}","{'value': 1, 'displayName': 'Pass'}","{'value': 1, 'displayName': 'Successful'}","[{'type': {'value': 212, 'displayName': 'Length'}, 'value': '22.5'}, {'type': {'value': 213, 'displayName': 'Angle'}, 'value': '5.9'}, {'type': {'value': 141, 'displayName': 'PassEndY'}, 'value': '3.4'}, {'type': {'value': 56, 'displayName': 'Zone'}, 'value': 'Right'}, {'type': {'value': 140, 'displayName': 'PassEndX'}, 'value': '76.0'}, {'type': {'value': 178, 'displayName': 'StandingSave'}}]","[91, 119, 117, 30, 205, 36, 38, 217, 218]",True,115917.0,76.0,3.4,,,,,,,,,
2465809303.0,43,4,1.0,161,73.8,27.4,4,"{'value': 1, 'displayName': 'FirstHalf'}","{'value': 1, 'displayName': 'Pass'}","{'value': 1, 'displayName': 'Successful'}","[{'type': {'value': 56, 'displayName': 'Zone'}, 'value': 'Center'}, {'type': {'value': 178, 'displayName': 'StandingSave'}}, {'type': {'value': 141, 'displayName': 'PassEndY'}, 'value': '42.5'}, {'type': {'value': 213, 'displayName': 'Angle'}, 'value': '2.1'}, {'type': {'value': 140, 'displayName': 'PassEndX'}, 'value': '68.5'}, {'type': {'value': 212, 'displayName': 'Length'}, 'value': '11.7'}]","[91, 119, 117, 30, 205, 35, 37, 217, 218]",True,296363.0,68.5,42.5,,,,,,,,,
2465809381.0,44,4,2.0,161,68.4,42.4,4,"{'value': 1, 'displayName': 'FirstHalf'}","{'value': 1, 'displayName': 'Pass'}","{'value': 1, 'displayName': 'Successful'}","[{'type': {'value': 140, 'displayName': 'PassEndX'}, 'value': '80.6'}, {'type': {'value': 178, 'displayName': 'StandingSave'}}, {'type': {'value': 141, 'displayName': 'PassEndY'}, 'value': '85.0'}, {'type': {'value': 213, 'displayName': 'Angle'}, 'value': '1.2'}, {'type': {'value': 155, 'displayName': 'Chipped'}}, {'type': {'value': 56, 'displayName': 'Zone'}, 'value': 'Left'}, {'type': {'value': 212, 'displayName': 'Length'}, 'value': '31.7'}]","[91, 119, 117, 30, 124, 205, 36, 37, 217, 218]",True,394933.0,80.6,85.0,,,,,,,,,
2465809449.0,45,4,7.0,161,76.1,80.2,4,"{'value': 1, 'displayName': 'FirstHalf'}","{'value': 1, 'displayName': 'Pass'}","{'value': 1, 'displayName': 'Successful'}","[{'type': {'value': 212, 'displayName': 'Length'}, 'value': '3.3'}, {'type': {'value': 140, 'displayName': 'PassEndX'}, 'value': '76.7'}, {'type': {'value': 141, 'displayName': 'PassEndY'}, 'value': '85.0'}, {'type': {'value': 56, 'displayName': 'Zone'}, 'value': 'Left'}, {'type': {'value': 178, 'displayName': 'StandingSave'}}, {'type': {'value': 213, 'displayName': 'Angle'}, 'value': '1.4'}]","[91, 119, 117, 30, 205, 36, 37, 217, 218]",True,355401.0,76.7,85.0,,,,,,,,,
2465809487.0,46,4,9.0,161,76.5,84.5,4,"{'value': 1, 'displayName': 'FirstHalf'}","{'value': 1, 'displayName': 'Pass'}","{'value': 1, 'displayName': 'Successful'}","[{'type': {'value': 141, 'displayName': 'PassEndY'}, 'value': '80.6'}, {'type': {'value': 212, 'displayName': 'Length'}, 'value': '16.6'}, {'type': {'value': 140, 'displayName': 'PassEndX'}, 'value': '92.1'}, {'type': {'value': 178, 'displayName': 'StandingSave'}}, {'type': {'value': 213, 'displayName': 'Angle'}, 'value': '6.1'}, {'type': {'value': 56, 'displayName': 'Zone'}, 'value': 'Left'}]","[91, 119, 117, 30, 205, 36, 38, 217, 218]",True,247995.0,92.1,80.6,,,,,,,,,
2465809491.0,47,4,10.0,161,93.9,74.6,4,"{'value': 1, 'displayName': 'FirstHalf'}","{'value': 3, 'displayName': 'TakeOn'}","{'value': 1, 'displayName': 'Successful'}","[{'type': {'value': 178, 'displayName': 'StandingSave'}}, {'type': {'value': 286, 'displayName': 'Offensive'}}, {'type': {'value': 56, 'displayName': 'Zone'}, 'value': 'Center'}, {'type': {'value': 233, 'displayName': 'OppositeRelatedEvent'}, 'value': '55'}]","[91, 54]",True,394933.0,,,,,,,,,,,
2465809499.0,55,4,10.0,29,6.1,25.4,4,"{'value': 1, 'displayName': 'FirstHalf'}","{'value': 45, 'displayName': 'Challenge'}","{'value': 0, 'displayName': 'Unsuccessful'}","[{'type': {'value': 233, 'displayName': 'OppositeRelatedEvent'}, 'value': '47'}, {'type': {'value': 56, 'displayName': 'Zone'}, 'value': 'Back'}, {'type': {'value': 285, 'displayName': 'Defensive'}}]",[55],False,255167.0,,,,,,,,,,,
2465809549.0,48,4,12.0,161,93.5,66.4,4,"{'value': 1, 'displayName': 'FirstHalf'}","{'value': 13, 'displayName': 'MissedShots'}","{'value': 1, 'displayName': 'Successful'}","[{'type': {'value': 56, 'displayName': 'Zone'}, 'value': 'Center'}, {'type': {'value': 147, 'displayName': 'BlockedY'}, 'value': '12.3'}, {'type': {'value': 64, 'displayName': 'BoxLeft'}}, {'type': {'value': 146, 'displayName': 'BlockedX'}, 'value': '96.0'}, {'type': {'value': 102, 'displayName': 'GoalMouthY'}, 'value': '0.7'}, {'type': {'value': 22, 'displayName': 'RegularPlay'}}, {'type': {'value': 75, 'displayName': 'MissRight'}}, {'type': {'value': 103, 'displayName': 'GoalMouthZ'}, 'value': '6.9'}, {'type': {'value': 20, 'displayName': 'RightFoot'}}]","[91, 7, 90, 10, 1, 3, 12]",True,394933.0,,,,,96.0,12.3,6.9,0.7,True,,
2465809655.0,49,4,18.0,161,92.4,11.2,4,"{'value': 1, 'displayName': 'FirstHalf'}","{'value': 3, 'displayName': 'TakeOn'}","{'value': 0, 'displayName': 'Unsuccessful'}","[{'type': {'value': 56, 'displayName': 'Zone'}, 'value': 'Right'}, {'type': {'value': 178, 'displayName': 'StandingSave'}}, {'type': {'value': 286, 'displayName': 'Offensive'}}, {'type': {'value': 233, 'displayName': 'OppositeRelatedEvent'}, 'value': '56'}]","[91, 53]",True,300513.0,,,,,,,,,,,
2465809681.0,56,4,19.0,29,7.6,88.8,4,"{'value': 1, 'displayName': 'FirstHalf'}","{'value': 7, 'displayName': 'Tackle'}","{'value': 1, 'displayName': 'Successful'}","[{'type': {'value': 233, 'displayName': 'OppositeRelatedEvent'}, 'value': '49'}, {'type': {'value': 285, 'displayName': 'Defensive'}}, {'type': {'value': 178, 'displayName': 'StandingSave'}}, {'type': {'value': 56, 'displayName': 'Zone'}, 'value': 'Back'}]","[91, 143]",True,125004.0,,,,,,,,,,,
2465809993.0,51,4,32.0,161,83.9,0.0,4,"{'value': 1, 'displayName': 'FirstHalf'}","{'value': 1, 'displayName': 'Pass'}","{'value': 1, 'displayName': 'Successful'}","[{'type': {'value': 141, 'displayName': 'PassEndY'}, 'value': '7.5'}, {'type': {'value': 1, 'displayName': 'Longball'}}, {'type': {'value': 212, 'displayName': 'Length'}, 'value': '25.8'}, {'type': {'value': 140, 'displayName': 'PassEndX'}, 'value': '60.0'}, {'type': {'value': 107, 'displayName': 'ThrowIn'}}, {'type': {'value': 56, 'displayName': 'Zone'}, 'value': 'Right'}, {'type': {'value': 213, 'displayName': 'Angle'}, 'value': '2.9'}]","[91, 212, 35, 37, 216]",True,115917.0,60.0,7.5,,,,,,,,,
2465976139.0,933,4,37.0,161,60.2,11.3,4,"{'value': 1, 'displayName': 'FirstHalf'}","{'value': 1, 'displayName': 'Pass'}","{'value': 1, 'displayName': 'Successful'}","[{'type': {'value': 178, 'displayName': 'StandingSave'}}, {'type': {'value': 212, 'displayName': 'Length'}, 'value': '17.2'}, {'type': {'value': 140, 'displayName': 'PassEndX'}, 'value': '76.1'}, {'type': {'value': 141, 'displayName': 'PassEndY'}, 'value': '5.5'}, {'type': {'value': 56, 'displayName': 'Zone'}, 'value': 'Right'}, {'type': {'value': 213, 'displayName': 'Angle'}, 'value': '6.1'}]","[91, 119, 117, 30, 205, 36, 38, 217, 218]",True,238244.0,76.1,5.5,,,,,,,,,
2465810017.0,52,4,39.0,161,78.5,15.6,4,"{'value': 1, 'displayName': 'FirstHalf'}","{'value': 1, 'displayName': 'Pass'}","{'value': 1, 'displayName': 'Successful'}","[{'type': {'value': 212, 'displayName': 'Length'}, 'value': '11.4'}, {'type': {'value': 213, 'displayName': 'Angle'}, 'value': '6.1'}, {'type': {'value': 56, 'displayName': 'Zone'}, 'value': 'Right'}, {'type': {'value': 141, 'displayName': 'PassEndY'}, 'value': '12.9'}, {'type': {'value': 178, 'displayName': 'StandingSave'}}, {'type': {'value': 140, 'displayName': 'PassEndX'}, 'value': '89.2'}]","[91, 119, 117, 30, 205, 36, 38, 217, 218]",True,300513.0,89.2,12.9,,,,,,,,,
2465810117.0,53,4,41.0,161,95.2,13.4,4,"{'value': 1, 'displayName': 'FirstHalf'}","{'value': 1, 'displayName': 'Pass'}","{'value': 1, 'displayName': 'Successful'}","[{'type': {'value': 20, 'displayName': 'RightFoot'}}, {'type': {'value': 213, 'displayName': 'Angle'}, 'value': '1.6'}, {'type': {'value': 178, 'displayName': 'StandingSave'}}, {'type': {'value': 212, 'displayName': 'Length'}, 'value': '56.0'}, {'type': {'value': 1, 'displayName': 'Longball'}}, {'type': {'value': 140, 'displayName': 'PassEndX'}, 'value': '95.4'}, {'type': {'value': 141, 'displayName': 'PassEndY'}, 'value': '95.8'}, {'type': {'value': 2, 'displayName': 'Cross'}}, {'type': {'value': 155, 'displayName': 'Chipped'}}, {'type': {'value': 56, 'displayName': 'Zone'}, 'value': 'Left'}]","[91, 119, 137, 124, 125, 36, 37, 217, 218]",True,296363.0,95.4,95.8,,,,,,,,,
2465810213.0,54,4,49.0,161,88.6,96.5,4,"{'value': 1, 'displayName': 'FirstHalf'}","{'value': 1, 'displayName': 'Pass'}","{'value': 1, 'displayName': 'Successful'}","[{'type': {'value': 213, 'displayName': 'Angle'}, 'value': '3.2'}, {'type': {'value': 140, 'displayName': 'PassEndX'}, 'value': '70.9'}, {'type': {'value': 212, 'displayName': 'Length'}, 'value': '18.7'}, {'type': {'value': 178, 'displayName': 'StandingSave'}}, {'type': {'value': 141, 'displayName': 'PassEndY'}, 'value': '94.2'}, {'type': {'value': 56, 'displayName': 'Zone'}, 'value': 'Left'}]","[91, 119, 117, 30, 205, 35, 38, 217, 218]",True,355401.0,70.9,94.2,,,,,,,,,
2465810283.0,55,4,53.0,161,67.1,91.1,4,"{'value': 1, 'displayName': 'FirstHalf'}","{'value': 1, 'displayName': 'Pass'}","{'value': 1, 'displayName': 'Successful'}","[{'type': {'value': 141, 'displayName': 'PassEndY'}, 'value': '52.8'}, {'type': {'value': 56, 'displayName': 'Zone'}, 'value': 'Back'}, {'type': {'value': 140, 'displayName': 'PassEndX'}, 'value': '46.0'}, {'type': {'value': 212, 'displayName': 'Length'}, 'value': '34.2'}, {'type': {'value': 1, 'displayName': 'Longball'}}, {'type': {'value': 178, 'displayName': 'StandingSave'}}, {'type': {'value': 213, 'displayName': 'Angle'}, 'value': '4.0'}]","[91, 117, 127, 35, 38, 216, 218]",True,337916.0,46.0,52.8,,,,,,,,,
2465810343.0,56,4,57.0,161,53.5,49.3,4,"{'value': 1, 'displayName': 'FirstHalf'}","{'value': 1, 'displayName': 'Pass'}","{'value': 0, 'displayName': 'Unsuccessful'}","[{'type': {'value': 56, 'displayName': 'Zone'}, 'value': 'Center'}, {'type': {'value': 155, 'displayName': 'Chipped'}}, {'type': {'value': 212, 'displayName': 'Length'}, 'value': '41.1'}, {'type': {'value': 1, 'displayName': 'Longball'}}, {'type': {'value': 140, 'displayName': 'PassEndX'}, 'value': '91.5'}, {'type': {'value': 213, 'displayName': 'Angle'}, 'value': '6.0'}, {'type': {'value': 178, 'displayName': 'StandingSave'}}, {'type': {'value': 141, 'displayName': 'PassEndY'}, 'value': '34.8'}]","[91, 120, 124, 128, 36, 38, 217, 218]",True,238244.0,91.5,34.8,,,,,,,,,
2465810357.0,58,5,0.0,29,8.6,65.1,5,"{'value': 1, 'displayName': 'FirstHalf'}","{'value': 52, 'displayName': 'KeeperPickup'}","{'value': 1, 'displayName': 'Successful'}","[{'type': {'value': 178, 'displayName': 'StandingSave'}}]",[93],False,20973.0,,,,,,,,,,,
2465810501.0,60,5,9.0,29,12.0,54.9,5,"{'value': 1, 'displayName': 'FirstHalf'}","{'value': 1, 'displayName': 'Pass'}","{'value': 1, 'displayName': 'Successful'}","[{'type': {'value': 178, 'displayName': 'StandingSave'}}, {'type': {'value': 140, 'displayName': 'PassEndX'}, 'value': '14.6'}, {'type': {'value': 141, 'displayName': 'PassEndY'}, 'value': '68.0'}, {'type': {'value': 213, 'displayName': 'Angle'}, 'value': '1.3'}, {'type': {'value': 56, 'displayName': 'Zone'}, 'value': 'Back'}, {'type': {'value': 212, 'displayName': 'Length'}, 'value': '9.3'}]","[91, 117, 30, 36, 37, 215, 218]",True,20973.0,14.6,68.0,,,,,,,,,
2465810541.0,61,5,10.0,29,14.6,68.0,5,"{'value': 1, 'displayName': 'FirstHalf'}","{'value': 1, 'displayName': 'Pass'}","{'value': 1, 'displayName': 'Successful'}","[{'type': {'value': 178, 'displayName': 'StandingSave'}}, {'type': {'value': 56, 'displayName': 'Zone'}, 'value': 'Back'}, {'type': {'value': 213, 'displayName': 'Angle'}, 'value': '6.0'}, {'type': {'value': 212, 'displayName': 'Length'}, 'value': '10.7'}, {'type': {'value': 140, 'displayName': 'PassEndX'}, 'value': '24.4'}, {'type': {'value': 141, 'displayName': 'PassEndY'}, 'value': '63.6'}]","[91, 117, 30, 36, 38, 215, 218]",True,106086.0,24.4,63.6,,,,,,,,,
2465810571.0,62,5,13.0,29,24.4,63.6,5,"{'value': 1, 'displayName': 'FirstHalf'}","{'value': 1, 'displayName': 'Pass'}","{'value': 1, 'displayName': 'Successful'}","[{'type': {'value': 140, 'displayName': 'PassEndX'}, 'value': '28.8'}, {'type': {'value': 141, 'displayName': 'PassEndY'}, 'value': '80.3'}, {'type': {'value': 178, 'displayName': 'StandingSave'}}, {'type': {'value': 56, 'displayName': 'Zone'}, 'value': 'Back'}, {'type': {'value': 213, 'displayName': 'Angle'}, 'value': '1.2'}, {'type': {'value': 212, 'displayName': 'Length'}, 'value': '12.3'}]","[91, 117, 30, 36, 37, 215, 218]",True,332325.0,28.8,80.3,,,,,,,,,
2465810601.0,63,5,14.0,29,28.5,79.2,5,"{'value': 1, 'displayName': 'FirstHalf'}","{'value': 1, 'displayName': 'Pass'}","{'value': 1, 'displayName': 'Successful'}","[{'type': {'value': 140, 'displayName': 'PassEndX'}, 'value': '11.9'}, {'type': {'value': 56, 'displayName': 'Zone'}, 'value': 'Back'}, {'type': {'value': 212, 'displayName': 'Length'}, 'value': '17.6'}, {'type': {'value': 178, 'displayName': 'StandingSave'}}, {'type': {'value': 213, 'displayName': 'Angle'}, 'value': '3.3'}, {'type': {'value': 141, 'displayName': 'PassEndY'}, 'value': '75.9'}]","[91, 117, 30, 35, 38, 215, 218]",True,319756.0,11.9,75.9,,,,,,,,,
2465810697.0,64,5,17.0,29,10.9,72.5,5,"{'value': 1, 'displayName': 'FirstHalf'}","{'value': 1, 'displayName': 'Pass'}","{'value': 1, 'displayName': 'Successful'}","[{'type': {'value': 213, 'displayName': 'Angle'}, 'value': '4.4'}, {'type': {'value': 178, 'displayName': 'StandingSave'}}, {'type': {'value': 212, 'displayName': 'Length'}, 'value': '19.0'}, {'type': {'value': 140, 'displayName': 'PassEndX'}, 'value': '4.9'}, {'type': {'value': 141, 'displayName': 'PassEndY'}, 'value': '46.1'}, {'type': {'value': 56, 'displayName': 'Zone'}, 'value': 'Back'}]","[91, 117, 30, 35, 38, 215, 218]",True,106086.0,4.9,46.1,,,,,,,,,
2465810771.0,65,5,23.0,29,12.5,38.8,5,"{'value': 1, 'displayName': 'FirstHalf'}","{'value': 1, 'displayName': 'Pass'}","{'value': 0, 'displayName': 'Unsuccessful'}","[{'type': {'value': 141, 'displayName': 'PassEndY'}, 'value': '79.1'}, {'type': {'value': 56, 'displayName': 'Zone'}, 'value': 'Left'}, {'type': {'value': 155, 'displayName': 'Chipped'}}, {'type': {'value': 140, 'displayName': 'PassEndX'}, 'value': '64.4'}, {'type': {'value': 212, 'displayName': 'Length'}, 'value': '61.0'}, {'type': {'value': 1, 'displayName': 'Longball'}}, {'type': {'value': 213, 'displayName': 'Angle'}, 'value': '0.5'}, {'type': {'value': 178, 'displayName': 'StandingSave'}}]","[91, 120, 124, 128, 36, 37, 216, 218]",True,20973.0,64.4,79.1,,,,,,,,,
2465810813.0,57,5,26.0,161,30.0,21.4,5,"{'value': 1, 'displayName': 'FirstHalf'}","{'value': 44, 'displayName': 'Aerial'}","{'value': 1, 'displayName': 'Successful'}","[{'type': {'value': 56, 'displayName': 'Zone'}, 'value': 'Back'}, {'type': {'value': 285, 'displayName': 'Defensive'}}, {'type': {'value': 233, 'displayName': 'OppositeRelatedEvent'}, 'value': '66'}]","[197, 200]",False,115917.0,,,,,,,,,,,
2465810787.0,66,5,26.0,29,70.0,78.6,5,"{'value': 1, 'displayName': 'FirstHalf'}","{'value': 44, 'displayName': 'Aerial'}","{'value': 0, 'displayName': 'Unsuccessful'}","[{'type': {'value': 56, 'displayName': 'Zone'}, 'value': 'Center'}, {'type': {'value': 286, 'displayName': 'Offensive'}}, {'type': {'value': 233, 'displayName': 'OppositeRelatedEvent'}, 'value': '57'}]","[198, 199]",False,125004.0,,,,,,,,,,,
2465810833.0,58,5,27.0,161,30.0,21.6,5,"{'value': 1, 'displayName': 'FirstHalf'}","{'value': 1, 'displayName': 'Pass'}","{'value': 0, 'displayName': 'Unsuccessful'}","[{'type': {'value': 140, 'displayName': 'PassEndX'}, 'value': '60.9'}, {'type': {'value': 212, 'displayName': 'Length'}, 'value': '32.8'}, {'type': {'value': 3, 'displayName': 'HeadPass'}}, {'type': {'value': 141, 'displayName': 'PassEndY'}, 'value': '14.9'}, {'type': {'value': 56, 'displayName': 'Zone'}, 'value': 'Right'}, {'type': {'value': 213, 'displayName': 'Angle'}, 'value': '6.1'}, {'type': {'value': 1, 'displayName': 'Longball'}}]","[91, 120, 139, 128, 36, 38, 216, 218]",True,115917.0,60.9,14.9,,,,,,,,,
2465810873.0,67,5,29.0,29,39.9,86.7,5,"{'value': 1, 'displayName': 'FirstHalf'}","{'value': 1, 'displayName': 'Pass'}","{'value': 1, 'displayName': 'Successful'}","[{'type': {'value': 213, 'displayName': 'Angle'}, 'value': '0.9'}, {'type': {'value': 212, 'displayName': 'Length'}, 'value': '9.2'}, {'type': {'value': 56, 'displayName': 'Zone'}, 'value': 'Back'}, {'type': {'value': 141, 'displayName': 'PassEndY'}, 'value': '97.5'}, {'type': {'value': 140, 'displayName': 'PassEndX'}, 'value': '45.2'}, {'type': {'value': 3, 'displayName': 'HeadPass'}}]","[91, 117, 30, 139, 36, 37, 216, 218]",True,332325.0,45.2,97.5,,,,,,,,,
2465810887.0,68,5,30.0,29,45.2,97.5,5,"{'value': 1, 'displayName': 'FirstHalf'}","{'value': 1, 'displayName': 'Pass'}","{'value': 1, 'displayName': 'Successful'}","[{'type': {'value': 141, 'displayName': 'PassEndY'}, 'value': '93.5'}, {'type': {'value': 140, 'displayName': 'PassEndX'}, 'value': '41.0'}, {'type': {'value': 56, 'displayName': 'Zone'}, 'value': 'Back'}, {'type': {'value': 212, 'displayName': 'Length'}, 'value': '5.2'}, {'type': {'value': 213, 'displayName': 'Angle'}, 'value': '3.7'}]","[91, 117, 30, 35, 38, 216, 218]",True,68049.0,41.0,93.5,,,,,,,,,
2465812355.0,75,5,31.0,29,40.9,92.1,5,"{'value': 1, 'displayName': 'FirstHalf'}","{'value': 1, 'displayName': 'Pass'}","{'value': 0, 'displayName': 'Unsuccessful'}","[{'type': {'value': 56, 'displayName': 'Zone'}, 'value': 'Back'}, {'type': {'value': 140, 'displayName': 'PassEndX'}, 'value': '48.2'}, {'type': {'value': 178, 'displayName': 'StandingSave'}}, {'type': {'value': 155, 'displayName': 'Chipped'}}, {'type': {'value': 212, 'displayName': 'Length'}, 'value': '8.3'}, {'type': {'value': 213, 'displayName': 'Angle'}, 'value': '5.9'}, {'type': {'value': 141, 'displayName': 'PassEndY'}, 'value': '87.6'}]","[91, 118, 120, 29, 124, 36, 38, 216, 218]",True,332325.0,48.2,87.6,,,,,,,,,
2465816199.0,130,5,32.0,161,62.6,24.7,5,"{'value': 1, 'displayName': 'FirstHalf'}","{'value': 49, 'displayName': 'BallRecovery'}","{'value': 1, 'displayName': 'Successful'}",[],[93],False,16161.0,,,,,,,,,,,
2465810943.0,59,5,33.0,161,51.2,22.8,5,"{'value': 1, 'displayName': 'FirstHalf'}","{'value': 1, 'displayName': 'Pass'}","{'value': 1, 'displayName': 'Successful'}","[{'type': {'value': 141, 'displayName': 'PassEndY'}, 'value': '2.0'}, {'type': {'value': 140, 'displayName': 'PassEndX'}, 'value': '62.3'}, {'type': {'value': 212, 'displayName': 'Length'}, 'value': '18.3'}, {'type': {'value': 155, 'displayName': 'Chipped'}}, {'type': {'value': 213, 'displayName': 'Angle'}, 'value': '5.4'}, {'type': {'value': 56, 'displayName': 'Zone'}, 'value': 'Right'}]","[91, 119, 117, 30, 124, 36, 38, 216, 218]",True,16161.0,62.3,2.0,,,,,,,,,
2465810953.0,60,5,34.0,161,62.3,2.0,5,"{'value': 1, 'displayName': 'FirstHalf'}","{'value': 1, 'displayName': 'Pass'}","{'value': 0, 'displayName': 'Unsuccessful'}","[{'type': {'value': 3, 'displayName': 'HeadPass'}}, {'type': {'value': 213, 'displayName': 'Angle'}, 'value': '1.4'}, {'type': {'value': 140, 'displayName': 'PassEndX'}, 'value': '64.3'}, {'type': {'value': 212, 'displayName': 'Length'}, 'value': '11.4'}, {'type': {'value': 56, 'displayName': 'Zone'}, 'value': 'Right'}, {'type': {'value': 141, 'displayName': 'PassEndY'}, 'value': '18.5'}]","[91, 120, 29, 139, 36, 37, 216, 218]",True,300513.0,64.3,18.5,,,,,,,,,
2465810997.0,69,5,36.0,29,38.3,77.9,5,"{'value': 1, 'displayName': 'FirstHalf'}","{'value': 1, 'displayName': 'Pass'}","{'value': 1, 'displayName': 'Successful'}","[{'type': {'value': 213, 'displayName': 'Angle'}, 'value': '1.7'}, {'type': {'value': 56, 'displayName': 'Zone'}, 'value': 'Back'}, {'type': {'value': 140, 'displayName': 'PassEndX'}, 'value': '37.6'}, {'type': {'value': 3, 'displayName': 'HeadPass'}}, {'type': {'value': 212, 'displayName': 'Length'}, 'value': '4.4'}, {'type': {'value': 141, 'displayName': 'PassEndY'}, 'value': '84.3'}]","[91, 117, 30, 139, 35, 37, 216, 218]",True,143595.0,37.6,84.3,,,,,,,,,
2465812729.0,80,5,38.0,29,36.7,86.6,5,"{'value': 1, 'displayName': 'FirstHalf'}","{'value': 49, 'displayName': 'BallRecovery'}","{'value': 1, 'displayName': 'Successful'}",[],[93],False,332325.0,,,,,,,,,,,
2465811061.0,70,5,39.0,29,35.4,86.0,5,"{'value': 1, 'displayName': 'FirstHalf'}","{'value': 1, 'displayName': 'Pass'}","{'value': 1, 'displayName': 'Successful'}","[{'type': {'value': 141, 'displayName': 'PassEndY'}, 'value': '60.0'}, {'type': {'value': 178, 'displayName': 'StandingSave'}}, {'type': {'value': 140, 'displayName': 'PassEndX'}, 'value': '27.8'}, {'type': {'value': 56, 'displayName': 'Zone'}, 'value': 'Back'}, {'type': {'value': 212, 'displayName': 'Length'}, 'value': '19.4'}, {'type': {'value': 213, 'displayName': 'Angle'}, 'value': '4.3'}]","[91, 117, 30, 35, 38, 215, 218]",True,332325.0,27.8,60.0,,,,,,,,,
2465811307.0,71,5,42.0,29,24.1,64.8,5,"{'value': 1, 'displayName': 'FirstHalf'}","{'value': 1, 'displayName': 'Pass'}","{'value': 1, 'displayName': 'Successful'}","[{'type': {'value': 140, 'displayName': 'PassEndX'}, 'value': '3.0'}, {'type': {'value': 213, 'displayName': 'Angle'}, 'value': '3.6'}, {'type': {'value': 56, 'displayName': 'Zone'}, 'value': 'Back'}, {'type': {'value': 212, 'displayName': 'Length'}, 'value': '24.3'}, {'type': {'value': 141, 'displayName': 'PassEndY'}, 'value': '50.1'}, {'type': {'value': 178, 'displayName': 'StandingSave'}}]","[91, 117, 30, 35, 38, 215, 218]",True,73063.0,3.0,50.1,,,,,,,,,
2465811377.0,72,5,54.0,29,6.5,32.0,5,"{'value': 1, 'displayName': 'FirstHalf'}","{'value': 1, 'displayName': 'Pass'}","{'value': 0, 'displayName': 'Unsuccessful'}","[{'type': {'value': 140, 'displayName': 'PassEndX'}, 'value': '59.8'}, {'type': {'value': 212, 'displayName': 'Length'}, 'value': '56.5'}, {'type': {'value': 56, 'displayName': 'Zone'}, 'value': 'Center'}, {'type': {'value': 141, 'displayName': 'PassEndY'}, 'value': '43.1'}, {'type': {'value': 178, 'displayName': 'StandingSave'}}, {'type': {'value': 213, 'displayName': 'Angle'}, 'value': '0.1'}, {'type': {'value': 1, 'displayName': 'Longball'}}, {'type': {'value': 155, 'displayName': 'Chipped'}}]","[91, 120, 124, 128, 36, 37, 216, 218]",True,20973.0,59.8,43.1,,,,,,,,,
2465811413.0,61,5,57.0,161,35.0,56.7,5,"{'value': 1, 'displayName': 'FirstHalf'}","{'value': 61, 'displayName': 'BallTouch'}","{'value': 1, 'displayName': 'Successful'}","[{'type': {'value': 178, 'displayName': 'StandingSave'}}, {'type': {'value': 56, 'displayName': 'Zone'}, 'value': 'Back'}]",[91],True,238244.0,,,,,,,,,,,
2465811453.0,73,5,59.0,29,54.1,46.4,5,"{'value': 1, 'displayName': 'FirstHalf'}","{'value': 1, 'displayName': 'Pass'}","{'value': 1, 'displayName': 'Successful'}","[{'type': {'value': 178, 'displayName': 'StandingSave'}}, {'type': {'value': 56, 'displayName': 'Zone'}, 'value': 'Center'}, {'type': {'value': 140, 'displayName': 'PassEndX'}, 'value': '56.5'}, {'type': {'value': 212, 'displayName': 'Length'}, 'value': '8.0'}, {'type': {'value': 141, 'displayName': 'PassEndY'}, 'value': '35.3'}, {'type': {'value': 213, 'displayName': 'Angle'}, 'value': '5.0'}]","[91, 119, 117, 30, 36, 38, 216, 218]",True,302650.0,56.5,35.3,,,,,,,,,
2465811471.0,74,6,1.0,29,56.5,35.3,6,"{'value': 1, 'displayName': 'FirstHalf'}","{'value': 1, 'displayName': 'Pass'}","{'value': 0, 'displayName': 'Unsuccessful'}","[{'type': {'value': 178, 'displayName': 'StandingSave'}}, {'type': {'value': 140, 'displayName': 'PassEndX'}, 'value': '73.0'}, {'type': {'value': 56, 'displayName': 'Zone'}, 'value': 'Center'}, {'type': {'value': 141, 'displayName': 'PassEndY'}, 'value': '71.3'}, {'type': {'value': 213, 'displayName': 'Angle'}, 'value': '1.0'}, {'type': {'value': 212, 'displayName': 'Length'}, 'value': '30.0'}]","[91, 120, 29, 36, 37, 217, 218]",True,143595.0,73.0,71.3,,,,,,,,,
2465811493.0,62,6,2.0,161,27.1,24.1,6,"{'value': 1, 'displayName': 'FirstHalf'}","{'value': 49, 'displayName': 'BallRecovery'}","{'value': 1, 'displayName': 'Successful'}",[],[93],False,115917.0,,,,,,,,,,,
2465811617.0,63,6,5.0,161,32.1,27.6,6,"{'value': 1, 'displayName': 'FirstHalf'}","{'value': 1, 'displayName': 'Pass'}","{'value': 1, 'displayName': 'Successful'}","[{'type': {'value': 56, 'displayName': 'Zone'}, 'value': 'Back'}, {'type': {'value': 178, 'displayName': 'StandingSave'}}, {'type': {'value': 140, 'displayName': 'PassEndX'}, 'value': '19.4'}, {'type': {'value': 212, 'displayName': 'Length'}, 'value': '14.2'}, {'type': {'value': 213, 'displayName': 'Angle'}, 'value': '2.8'}, {'type': {'value': 141, 'displayName': 'PassEndY'}, 'value': '34.8'}]","[91, 117, 30, 35, 37, 215, 218]",True,115917.0,19.4,34.8,,,,,,,,,
2465811725.0,64,6,8.0,161,19.9,35.5,6,"{'value': 1, 'displayName': 'FirstHalf'}","{'value': 1, 'displayName': 'Pass'}","{'value': 1, 'displayName': 'Successful'}","[{'type': {'value': 56, 'displayName': 'Zone'}, 'value': 'Back'}, {'type': {'value': 213, 'displayName': 'Angle'}, 'value': '5.3'}, {'type': {'value': 212, 'displayName': 'Length'}, 'value': '18.0'}, {'type': {'value': 178, 'displayName': 'StandingSave'}}, {'type': {'value': 140, 'displayName': 'PassEndX'}, 'value': '29.4'}, {'type': {'value': 141, 'displayName': 'PassEndY'}, 'value': '13.4'}]","[91, 117, 30, 36, 38, 215, 218]",True,238244.0,29.4,13.4,,,,,,,,,
2465811779.0,65,6,12.0,161,31.2,15.6,6,"{'value': 1, 'displayName': 'FirstHalf'}","{'value': 1, 'displayName': 'Pass'}","{'value': 1, 'displayName': 'Successful'}","[{'type': {'value': 213, 'displayName': 'Angle'}, 'value': '1.5'}, {'type': {'value': 178, 'displayName': 'StandingSave'}}, {'type': {'value': 212, 'displayName': 'Length'}, 'value': '12.1'}, {'type': {'value': 56, 'displayName': 'Zone'}, 'value': 'Back'}, {'type': {'value': 141, 'displayName': 'PassEndY'}, 'value': '33.3'}, {'type': {'value': 140, 'displayName': 'PassEndX'}, 'value': '32.5'}]","[91, 117, 30, 36, 37, 215, 218]",True,115917.0,32.5,33.3,,,,,,,,,
2465811899.0,66,6,15.0,161,37.5,39.7,6,"{'value': 1, 'displayName': 'FirstHalf'}","{'value': 1, 'displayName': 'Pass'}","{'value': 1, 'displayName': 'Successful'}","[{'type': {'value': 56, 'displayName': 'Zone'}, 'value': 'Left'}, {'type': {'value': 140, 'displayName': 'PassEndX'}, 'value': '63.8'}, {'type': {'value': 212, 'displayName': 'Length'}, 'value': '44.4'}, {'type': {'value': 178, 'displayName': 'StandingSave'}}, {'type': {'value': 155, 'displayName': 'Chipped'}}, {'type': {'value': 1, 'displayName': 'Longball'}}, {'type': {'value': 213, 'displayName': 'Angle'}, 'value': '0.9'}, {'type': {'value': 141, 'displayName': 'PassEndY'}, 'value': '90.8'}]","[91, 119, 117, 124, 127, 36, 37, 216, 218]",True,16161.0,63.8,90.8,,,,,,,,,
2465811949.0,67,6,22.0,161,63.9,81.2,6,"{'value': 1, 'displayName': 'FirstHalf'}","{'value': 1, 'displayName': 'Pass'}","{'value': 1, 'displayName': 'Successful'}","[{'type': {'value': 141, 'displayName': 'PassEndY'}, 'value': '88.7'}, {'type': {'value': 212, 'displayName': 'Length'}, 'value': '8.3'}, {'type': {'value': 178, 'displayName': 'StandingSave'}}, {'type': {'value': 140, 'displayName': 'PassEndX'}, 'value': '57.7'}, {'type': {'value': 56, 'displayName': 'Zone'}, 'value': 'Left'}, {'type': {'value': 213, 'displayName': 'Angle'}, 'value': '2.5'}]","[91, 119, 117, 30, 35, 37, 216, 218]",True,355401.0,57.7,88.7,,,,,,,,,
2465812035.0,68,6,24.0,161,55.9,85.0,6,"{'value': 1, 'displayName': 'FirstHalf'}","{'value': 1, 'displayName': 'Pass'}","{'value': 1, 'displayName': 'Successful'}","[{'type': {'value': 178, 'displayName': 'StandingSave'}}, {'type': {'value': 212, 'displayName': 'Length'}, 'value': '27.6'}, {'type': {'value': 56, 'displayName': 'Zone'}, 'value': 'Back'}, {'type': {'value': 141, 'displayName': 'PassEndY'}, 'value': '48.5'}, {'type': {'value': 213, 'displayName': 'Angle'}, 'value': '4.3'}, {'type': {'value': 140, 'displayName': 'PassEndX'}, 'value': '44.3'}]","[91, 117, 30, 35, 38, 216, 218]",True,394933.0,44.3,48.5,,,,,,,,,
2465812069.0,69,6,28.0,161,49.1,40.1,6,"{'value': 1, 'displayName': 'FirstHalf'}","{'value': 1, 'displayName': 'Pass'}","{'value': 1, 'displayName': 'Successful'}","[{'type': {'value': 141, 'displayName': 'PassEndY'}, 'value': '17.7'}, {'type': {'value': 213, 'displayName': 'Angle'}, 'value': '5.3'}, {'type': {'value': 140, 'displayName': 'PassEndX'}, 'value': '58.5'}, {'type': {'value': 212, 'displayName': 'Length'}, 'value': '18.2'}, {'type': {'value': 178, 'displayName': 'StandingSave'}}, {'type': {'value': 56, 'displayName': 'Zone'}, 'value': 'Right'}]","[91, 119, 117, 30, 36, 38, 216, 218]",True,238244.0,58.5,17.7,,,,,,,,,
2465812171.0,70,6,30.0,161,60.4,18.3,6,"{'value': 1, 'displayName': 'FirstHalf'}","{'value': 1, 'displayName': 'Pass'}","{'value': 1, 'displayName': 'Successful'}","[{'type': {'value': 140, 'displayName': 'PassEndX'}, 'value': '79.5'}, {'type': {'value': 141, 'displayName': 'PassEndY'}, 'value': '32.2'}, {'type': {'value': 178, 'displayName': 'StandingSave'}}, {'type': {'value': 212, 'displayName': 'Length'}, 'value': '22.2'}, {'type': {'value': 155, 'displayName': 'Chipped'}}, {'type': {'value': 56, 'displayName': 'Zone'}, 'value': 'Center'}, {'type': {'value': 213, 'displayName': 'Angle'}, 'value': '0.4'}]","[91, 119, 117, 30, 124, 205, 36, 37, 217, 218]",True,115917.0,79.5,32.2,,,,,,,,,
2465812221.0,71,6,36.0,161,76.4,25.8,6,"{'value': 1, 'displayName': 'FirstHalf'}","{'value': 1, 'displayName': 'Pass'}","{'value': 1, 'displayName': 'Successful'}","[{'type': {'value': 213, 'displayName': 'Angle'}, 'value': '3.3'}, {'type': {'value': 56, 'displayName': 'Zone'}, 'value': 'Center'}, {'type': {'value': 212, 'displayName': 'Length'}, 'value': '10.7'}, {'type': {'value': 178, 'displayName': 'StandingSave'}}, {'type': {'value': 141, 'displayName': 'PassEndY'}, 'value': '23.1'}, {'type': {'value': 140, 'displayName': 'PassEndX'}, 'value': '66.4'}]","[91, 119, 117, 30, 35, 38, 216, 218]",True,247995.0,66.4,23.1,,,,,,,,,
2465812245.0,72,6,39.0,161,69.9,24.1,6,"{'value': 1, 'displayName': 'FirstHalf'}","{'value': 1, 'displayName': 'Pass'}","{'value': 1, 'displayName': 'Successful'}","[{'type': {'value': 141, 'displayName': 'PassEndY'}, 'value': '34.3'}, {'type': {'value': 56, 'displayName': 'Zone'}, 'value': 'Center'}, {'type': {'value': 140, 'displayName': 'PassEndX'}, 'value': '70.1'}, {'type': {'value': 212, 'displayName': 'Length'}, 'value': '6.9'}, {'type': {'value': 178, 'displayName': 'StandingSave'}}, {'type': {'value': 213, 'displayName': 'Angle'}, 'value': '1.5'}]","[91, 119, 117, 30, 205, 36, 37, 217, 218]",True,115917.0,70.1,34.3,,,,,,,,,
2465812293.0,73,6,40.0,161,70.9,32.1,6,"{'value': 1, 'displayName': 'FirstHalf'}","{'value': 1, 'displayName': 'Pass'}","{'value': 1, 'displayName': 'Successful'}","[{'type': {'value': 212, 'displayName': 'Length'}, 'value': '15.2'}, {'type': {'value': 56, 'displayName': 'Zone'}, 'value': 'Right'}, {'type': {'value': 213, 'displayName': 'Angle'}, 'value': '4.3'}, {'type': {'value': 178, 'displayName': 'StandingSave'}}, {'type': {'value': 141, 'displayName': 'PassEndY'}, 'value': '11.4'}, {'type': {'value': 140, 'displayName': 'PassEndX'}, 'value': '65.4'}]","[91, 119, 117, 30, 35, 38, 216, 218]",True,247995.0,65.4,11.4,,,,,,,,,
2465812333.0,74,6,43.0,161,65.4,11.4,6,"{'value': 1, 'displayName': 'FirstHalf'}","{'value': 1, 'displayName': 'Pass'}","{'value': 1, 'displayName': 'Successful'}","[{'type': {'value': 141, 'displayName': 'PassEndY'}, 'value': '3.5'}, {'type': {'value': 212, 'displayName': 'Length'}, 'value': '14.8'}, {'type': {'value': 56, 'displayName': 'Zone'}, 'value': 'Right'}, {'type': {'value': 213, 'displayName': 'Angle'}, 'value': '5.9'}, {'type': {'value': 140, 'displayName': 'PassEndX'}, 'value': '78.5'}, {'type': {'value': 178, 'displayName': 'StandingSave'}}]","[91, 119, 117, 30, 205, 36, 38, 217, 218]",True,16161.0,78.5,3.5,,,,,,,,,
2465812349.0,75,6,44.0,161,78.4,3.7,6,"{'value': 1, 'displayName': 'FirstHalf'}","{'value': 1, 'displayName': 'Pass'}","{'value': 1, 'displayName': 'Successful'}","[{'type': {'value': 140, 'displayName': 'PassEndX'}, 'value': '80.7'}, {'type': {'value': 213, 'displayName': 'Angle'}, 'value': '1.3'}, {'type': {'value': 56, 'displayName': 'Zone'}, 'value': 'Right'}, {'type': {'value': 212, 'displayName': 'Length'}, 'value': '8.2'}, {'type': {'value': 178, 'displayName': 'StandingSave'}}, {'type': {'value': 141, 'displayName': 'PassEndY'}, 'value': '15.2'}]","[91, 119, 117, 30, 205, 36, 37, 217, 218]",True,296363.0,80.7,15.2,,,,,,,,,
2465812409.0,76,6,45.0,161,80.6,15.3,6,"{'value': 1, 'displayName': 'FirstHalf'}","{'value': 1, 'displayName': 'Pass'}","{'value': 1, 'displayName': 'Successful'}","[{'type': {'value': 56, 'displayName': 'Zone'}, 'value': 'Right'}, {'type': {'value': 141, 'displayName': 'PassEndY'}, 'value': '8.9'}, {'type': {'value': 212, 'displayName': 'Length'}, 'value': '13.1'}, {'type': {'value': 213, 'displayName': 'Angle'}, 'value': '5.9'}, {'type': {'value': 140, 'displayName': 'PassEndX'}, 'value': '92.4'}, {'type': {'value': 178, 'displayName': 'StandingSave'}}]","[91, 119, 117, 30, 205, 36, 38, 217, 218]",True,115917.0,92.4,8.9,,,,,,,,,
2465812425.0,77,6,49.0,161,91.4,12.2,6,"{'value': 1, 'displayName': 'FirstHalf'}","{'value': 1, 'displayName': 'Pass'}","{'value': 1, 'displayName': 'Successful'}","[{'type': {'value': 140, 'displayName': 'PassEndX'}, 'value': '82.4'}, {'type': {'value': 56, 'displayName': 'Zone'}, 'value': 'Right'}, {'type': {'value': 178, 'displayName': 'StandingSave'}}, {'type': {'value': 213, 'displayName': 'Angle'}, 'value': '2.7'}, {'type': {'value': 141, 'displayName': 'PassEndY'}, 'value': '19.5'}, {'type': {'value': 212, 'displayName': 'Length'}, 'value': '10.7'}]","[91, 119, 117, 30, 205, 35, 37, 217, 218]",True,296363.0,82.4,19.5,,,,,,,,,
2465812455.0,78,6,50.0,161,84.6,21.2,6,"{'value': 1, 'displayName': 'FirstHalf'}","{'value': 1, 'displayName': 'Pass'}","{'value': 0, 'displayName': 'Unsuccessful'}","[{'type': {'value': 56, 'displayName': 'Zone'}, 'value': 'Center'}, {'type': {'value': 20, 'displayName': 'RightFoot'}}, {'type': {'value': 140, 'displayName': 'PassEndX'}, 'value': '92.8'}, {'type': {'value': 141, 'displayName': 'PassEndY'}, 'value': '47.5'}, {'type': {'value': 155, 'displayName': 'Chipped'}}, {'type': {'value': 2, 'displayName': 'Cross'}}, {'type': {'value': 212, 'displayName': 'Length'}, 'value': '19.8'}, {'type': {'value': 178, 'displayName': 'StandingSave'}}, {'type': {'value': 213, 'displayName': 'Angle'}, 'value': '1.1'}]","[91, 137, 124, 126, 36, 37, 217, 218]",True,115917.0,92.8,47.5,,,,,,,,,
2465812475.0,76,6,52.0,29,7.7,52.1,6,"{'value': 1, 'displayName': 'FirstHalf'}","{'value': 12, 'displayName': 'Clearance'}","{'value': 1, 'displayName': 'Successful'}","[{'type': {'value': 140, 'displayName': 'PassEndX'}, 'value': '11.2'}, {'type': {'value': 212, 'displayName': 'Length'}, 'value': '7.7'}, {'type': {'value': 141, 'displayName': 'PassEndY'}, 'value': '42.1'}, {'type': {'value': 213, 'displayName': 'Angle'}, 'value': '5.2'}, {'type': {'value': 56, 'displayName': 'Zone'}, 'value': 'Back'}, {'type': {'value': 15, 'displayName': 'Head'}}]","[91, 94, 95, 57, 215]",True,106086.0,11.2,42.1,,,,,,,,,
2465812517.0,77,6,54.0,29,11.6,45.4,6,"{'value': 1, 'displayName': 'FirstHalf'}","{'value': 44, 'displayName': 'Aerial'}","{'value': 1, 'displayName': 'Successful'}","[{'type': {'value': 233, 'displayName': 'OppositeRelatedEvent'}, 'value': '79'}, {'type': {'value': 56, 'displayName': 'Zone'}, 'value': 'Back'}, {'type': {'value': 285, 'displayName': 'Defensive'}}]","[197, 200]",False,143595.0,,,,,,,,,,,
2465812495.0,79,6,54.0,161,88.4,54.6,6,"{'value': 1, 'displayName': 'FirstHalf'}","{'value': 44, 'displayName': 'Aerial'}","{'value': 0, 'displayName': 'Unsuccessful'}","[{'type': {'value': 286, 'displayName': 'Offensive'}}, {'type': {'value': 233, 'displayName': 'OppositeRelatedEvent'}, 'value': '77'}, {'type': {'value': 56, 'displayName': 'Zone'}, 'value': 'Center'}]","[198, 199]",False,300513.0,,,,,,,,,,,
2465812539.0,78,6,54.0,29,11.2,42.1,6,"{'value': 1, 'displayName': 'FirstHalf'}","{'value': 12, 'displayName': 'Clearance'}","{'value': 1, 'displayName': 'Successful'}","[{'type': {'value': 15, 'displayName': 'Head'}}, {'type': {'value': 56, 'displayName': 'Zone'}, 'value': 'Back'}, {'type': {'value': 213, 'displayName': 'Angle'}, 'value': '6.0'}, {'type': {'value': 140, 'displayName': 'PassEndX'}, 'value': '28.3'}, {'type': {'value': 141, 'displayName': 'PassEndY'}, 'value': '34.7'}, {'type': {'value': 212, 'displayName': 'Length'}, 'value': '18.6'}]","[91, 94, 95, 57, 215]",True,143595.0,28.3,34.7,,,,,,,,,
2503153475.0,1227,6,58.0,29,22.3,22.2,6,"{'value': 1, 'displayName': 'FirstHalf'}","{'value': 45, 'displayName': 'Challenge'}","{'value': 0, 'displayName': 'Unsuccessful'}","[{'type': {'value': 285, 'displayName': 'Defensive'}}, {'type': {'value': 233, 'displayName': 'OppositeRelatedEvent'}, 'value': '1991'}, {'type': {'value': 56, 'displayName': 'Zone'}, 'value': 'Back'}]",[55],False,322596.0,,,,,,,,,,,
2503153473.0,1991,6,58.0,161,77.7,77.8,6,"{'value': 1, 'displayName': 'FirstHalf'}","{'value': 3, 'displayName': 'TakeOn'}","{'value': 1, 'displayName': 'Successful'}","[{'type': {'value': 233, 'displayName': 'OppositeRelatedEvent'}, 'value': '1227'}, {'type': {'value': 56, 'displayName': 'Zone'}, 'value': 'Center'}, {'type': {'value': 286, 'displayName': 'Offensive'}}]","[91, 54]",True,355401.0,,,,,,,,,,,
2465812641.0,80,6,58.0,161,76.4,68.5,6,"{'value': 1, 'displayName': 'FirstHalf'}","{'value': 1, 'displayName': 'Pass'}","{'value': 1, 'displayName': 'Successful'}","[{'type': {'value': 178, 'displayName': 'StandingSave'}}, {'type': {'value': 212, 'displayName': 'Length'}, 'value': '8.5'}, {'type': {'value': 213, 'displayName': 'Angle'}, 'value': '1.2'}, {'type': {'value': 56, 'displayName': 'Zone'}, 'value': 'Left'}, {'type': {'value': 140, 'displayName': 'PassEndX'}, 'value': '79.2'}, {'type': {'value': 141, 'displayName': 'PassEndY'}, 'value': '80.3'}]","[91, 119, 117, 30, 205, 36, 37, 217, 218]",True,394933.0,79.2,80.3,,,,,,,,,
2465812649.0,81,7,1.0,161,77.6,75.1,7,"{'value': 1, 'displayName': 'FirstHalf'}","{'value': 3, 'displayName': 'TakeOn'}","{'value': 0, 'displayName': 'Unsuccessful'}","[{'type': {'value': 178, 'displayName': 'StandingSave'}}, {'type': {'value': 233, 'displayName': 'OppositeRelatedEvent'}, 'value': '79'}, {'type': {'value': 286, 'displayName': 'Offensive'}}, {'type': {'value': 56, 'displayName': 'Zone'}, 'value': 'Center'}]","[91, 53]",True,355401.0,,,,,,,,,,,
2465812665.0,79,7,2.0,29,22.4,24.9,7,"{'value': 1, 'displayName': 'FirstHalf'}","{'value': 7, 'displayName': 'Tackle'}","{'value': 0, 'displayName': 'Unsuccessful'}","[{'type': {'value': 285, 'displayName': 'Defensive'}}, {'type': {'value': 178, 'displayName': 'StandingSave'}}, {'type': {'value': 56, 'displayName': 'Zone'}, 'value': 'Back'}, {'type': {'value': 233, 'displayName': 'OppositeRelatedEvent'}, 'value': '81'}]","[91, 142]",True,319756.0,,,,,,,,,,,
2465812717.0,82,7,4.0,161,74.0,69.1,7,"{'value': 1, 'displayName': 'FirstHalf'}","{'value': 1, 'displayName': 'Pass'}","{'value': 1, 'displayName': 'Successful'}","[{'type': {'value': 141, 'displayName': 'PassEndY'}, 'value': '53.1'}, {'type': {'value': 212, 'displayName': 'Length'}, 'value': '11.7'}, {'type': {'value': 178, 'displayName': 'StandingSave'}}, {'type': {'value': 140, 'displayName': 'PassEndX'}, 'value': '69.9'}, {'type': {'value': 56, 'displayName': 'Zone'}, 'value': 'Center'}, {'type': {'value': 213, 'displayName': 'Angle'}, 'value': '4.3'}]","[91, 119, 117, 30, 205, 35, 38, 217, 218]",True,355401.0,69.9,53.1,,,,,,,,,
2465812743.0,83,7,6.0,161,67.9,50.9,7,"{'value': 1, 'displayName': 'FirstHalf'}","{'value': 1, 'displayName': 'Pass'}","{'value': 1, 'displayName': 'Successful'}","[{'type': {'value': 213, 'displayName': 'Angle'}, 'value': '4.8'}, {'type': {'value': 178, 'displayName': 'StandingSave'}}, {'type': {'value': 140, 'displayName': 'PassEndX'}, 'value': '69.1'}, {'type': {'value': 212, 'displayName': 'Length'}, 'value': '15.5'}, {'type': {'value': 141, 'displayName': 'PassEndY'}, 'value': '28.2'}, {'type': {'value': 56, 'displayName': 'Zone'}, 'value': 'Center'}]","[91, 119, 117, 30, 205, 36, 38, 217, 218]",True,16161.0,69.1,28.2,,,,,,,,,
2465812785.0,84,7,8.0,161,69.1,28.2,7,"{'value': 1, 'displayName': 'FirstHalf'}","{'value': 1, 'displayName': 'Pass'}","{'value': 1, 'displayName': 'Successful'}","[{'type': {'value': 140, 'displayName': 'PassEndX'}, 'value': '80.9'}, {'type': {'value': 56, 'displayName': 'Zone'}, 'value': 'Right'}, {'type': {'value': 178, 'displayName': 'StandingSave'}}, {'type': {'value': 213, 'displayName': 'Angle'}, 'value': '5.4'}, {'type': {'value': 141, 'displayName': 'PassEndY'}, 'value': '5.3'}, {'type': {'value': 212, 'displayName': 'Length'}, 'value': '19.9'}]","[91, 119, 117, 30, 205, 36, 38, 217, 218]",True,115917.0,80.9,5.3,,,,,,,,,
2465812877.0,85,7,11.0,161,80.5,6.7,7,"{'value': 1, 'displayName': 'FirstHalf'}","{'value': 1, 'displayName': 'Pass'}","{'value': 1, 'displayName': 'Successful'}","[{'type': {'value': 140, 'displayName': 'PassEndX'}, 'value': '80.9'}, {'type': {'value': 56, 'displayName': 'Zone'}, 'value': 'Right'}, {'type': {'value': 141, 'displayName': 'PassEndY'}, 'value': '19.7'}, {'type': {'value': 210, 'displayName': 'ShotAssist'}, 'value': '15'}, {'type': {'value': 213, 'displayName': 'Angle'}, 'value': '1.5'}, {'type': {'value': 178, 'displayName': 'StandingSave'}}, {'type': {'value': 212, 'displayName': 'Length'}, 'value': '8.8'}, {'type': {'value': 11113, 'displayName': 'KeyPass'}}]","[91, 119, 117, 30, 123, 205, 40, 46, 36, 37, 217, 218]",True,296363.0,80.9,19.7,,,,,,,,,
2465812883.0,86,7,15.0,161,80.9,27.7,7,"{'value': 1, 'displayName': 'FirstHalf'}","{'value': 15, 'displayName': 'SavedShot'}","{'value': 1, 'displayName': 'Successful'}","[{'type': {'value': 56, 'displayName': 'Zone'}, 'value': 'Center'}, {'type': {'value': 146, 'displayName': 'BlockedX'}, 'value': '98.4'}, {'type': {'value': 147, 'displayName': 'BlockedY'}, 'value': '47.8'}, {'type': {'value': 29, 'displayName': 'Assisted'}}, {'type': {'value': 178, 'displayName': 'StandingSave'}}, {'type': {'value': 20, 'displayName': 'RightFoot'}}, {'type': {'value': 22, 'displayName': 'RegularPlay'}}, {'type': {'value': 76, 'displayName': 'LowLeft'}}, {'type': {'value': 18, 'displayName': 'OutOfBoxCentre'}}, {'type': {'value': 55, 'displayName': 'RelatedEventId'}, 'value': '85'}, {'type': {'value': 102, 'displayName': 'GoalMouthY'}, 'value': '53.2'}, {'type': {'value': 233, 'displayName': 'OppositeRelatedEvent'}, 'value': '81'}, {'type': {'value': 103, 'displayName': 'GoalMouthZ'}, 'value': '10.1'}]","[91, 9, 10, 2, 3, 12]",True,115917.0,,,85.0,296363.0,98.4,47.8,10.1,53.2,True,,
2465812895.0,81,7,16.0,29,3.3,50.9,7,"{'value': 1, 'displayName': 'FirstHalf'}","{'value': 10, 'displayName': 'Save'}","{'value': 1, 'displayName': 'Successful'}","[{'type': {'value': 173, 'displayName': 'ParriedSafe'}}, {'type': {'value': 182, 'displayName': 'Hands'}}, {'type': {'value': 179, 'displayName': 'DivingSave'}}, {'type': {'value': 233, 'displayName': 'OppositeRelatedEvent'}, 'value': '86'}, {'type': {'value': 56, 'displayName': 'Zone'}, 'value': 'Back'}, {'type': {'value': 11117, 'displayName': 'KeeperSaveObox'}}]","[91, 109, 113, 83, 77, 79, 82]",True,20973.0,,,,,,,,,,,
2465812947.0,82,7,18.0,29,5.6,53.6,7,"{'value': 1, 'displayName': 'FirstHalf'}","{'value': 6, 'displayName': 'CornerAwarded'}","{'value': 0, 'displayName': 'Unsuccessful'}","[{'type': {'value': 73, 'displayName': 'MissLeft'}}, {'type': {'value': 233, 'displayName': 'OppositeRelatedEvent'}, 'value': '87'}, {'type': {'value': 56, 'displayName': 'Zone'}, 'value': 'Back'}]",[122],False,20973.0,,,,,,,,,,,
2465812901.0,87,7,18.0,161,94.4,46.4,7,"{'value': 1, 'displayName': 'FirstHalf'}","{'value': 6, 'displayName': 'CornerAwarded'}","{'value': 1, 'displayName': 'Successful'}","[{'type': {'value': 233, 'displayName': 'OppositeRelatedEvent'}, 'value': '82'}, {'type': {'value': 56, 'displayName': 'Zone'}, 'value': 'Center'}, {'type': {'value': 73, 'displayName': 'MissLeft'}}]",[122],False,115917.0,,,,,,,,,,,
2465813383.0,88,7,42.0,161,99.5,99.5,7,"{'value': 1, 'displayName': 'FirstHalf'}","{'value': 1, 'displayName': 'Pass'}","{'value': 0, 'displayName': 'Unsuccessful'}","[{'type': {'value': 2, 'displayName': 'Cross'}}, {'type': {'value': 140, 'displayName': 'PassEndX'}, 'value': '92.9'}, {'type': {'value': 178, 'displayName': 'StandingSave'}}, {'type': {'value': 233, 'displayName': 'OppositeRelatedEvent'}, 'value': '84'}, {'type': {'value': 6, 'displayName': 'CornerTaken'}}, {'type': {'value': 20, 'displayName': 'RightFoot'}}, {'type': {'value': 56, 'displayName': 'Zone'}, 'value': 'Center'}, {'type': {'value': 141, 'displayName': 'PassEndY'}, 'value': '51.5'}, {'type': {'value': 213, 'displayName': 'Angle'}, 'value': '4.5'}, {'type': {'value': 212, 'displayName': 'Length'}, 'value': '33.4'}, {'type': {'value': 1, 'displayName': 'Longball'}}, {'type': {'value': 155, 'displayName': 'Chipped'}}]","[91, 137, 124, 126, 31, 33, 34, 35, 38, 217, 218]",True,247995.0,92.9,51.5,,,,,,,,,
2465813409.0,83,7,43.0,29,3.9,45.4,7,"{'value': 1, 'displayName': 'FirstHalf'}","{'value': 12, 'displayName': 'Clearance'}","{'value': 1, 'displayName': 'Successful'}","[{'type': {'value': 15, 'displayName': 'Head'}}, {'type': {'value': 141, 'displayName': 'PassEndY'}, 'value': '77.6'}, {'type': {'value': 140, 'displayName': 'PassEndX'}, 'value': '1.3'}, {'type': {'value': 213, 'displayName': 'Angle'}, 'value': '1.7'}, {'type': {'value': 56, 'displayName': 'Zone'}, 'value': 'Back'}, {'type': {'value': 212, 'displayName': 'Length'}, 'value': '22.1'}]","[91, 94, 95, 57, 215]",True,302650.0,1.3,77.6,,,,,,,,,
2465813449.0,89,7,47.0,161,98.3,22.1,7,"{'value': 1, 'displayName': 'FirstHalf'}","{'value': 1, 'displayName': 'Pass'}","{'value': 0, 'displayName': 'Unsuccessful'}","[{'type': {'value': 213, 'displayName': 'Angle'}, 'value': '2.0'}, {'type': {'value': 286, 'displayName': 'Offensive'}}, {'type': {'value': 56, 'displayName': 'Zone'}, 'value': 'Center'}, {'type': {'value': 233, 'displayName': 'OppositeRelatedEvent'}, 'value': '84'}, {'type': {'value': 155, 'displayName': 'Chipped'}}, {'type': {'value': 20, 'displayName': 'RightFoot'}}, {'type': {'value': 212, 'displayName': 'Length'}, 'value': '0.7'}, {'type': {'value': 178, 'displayName': 'StandingSave'}}, {'type': {'value': 140, 'displayName': 'PassEndX'}, 'value': '98.0'}, {'type': {'value': 2, 'displayName': 'Cross'}}, {'type': {'value': 141, 'displayName': 'PassEndY'}, 'value': '23.1'}]","[91, 137, 124, 126, 35, 37, 217, 218]",True,238244.0,98.0,23.1,,,,,,,,,
2465813453.0,84,7,47.0,29,1.4,76.2,7,"{'value': 1, 'displayName': 'FirstHalf'}","{'value': 12, 'displayName': 'Clearance'}","{'value': 1, 'displayName': 'Successful'}","[{'type': {'value': 233, 'displayName': 'OppositeRelatedEvent'}, 'value': '89'}, {'type': {'value': 178, 'displayName': 'StandingSave'}}, {'type': {'value': 56, 'displayName': 'Zone'}, 'value': 'Back'}, {'type': {'value': 185, 'displayName': 'BlockedCross'}}]","[91, 59]",True,143595.0,,,,,,,,,,,
2465813877.0,91,8,9.0,161,66.5,0.0,8,"{'value': 1, 'displayName': 'FirstHalf'}","{'value': 1, 'displayName': 'Pass'}","{'value': 1, 'displayName': 'Successful'}","[{'type': {'value': 213, 'displayName': 'Angle'}, 'value': '2.2'}, {'type': {'value': 212, 'displayName': 'Length'}, 'value': '10.0'}, {'type': {'value': 107, 'displayName': 'ThrowIn'}}, {'type': {'value': 140, 'displayName': 'PassEndX'}, 'value': '60.8'}, {'type': {'value': 56, 'displayName': 'Zone'}, 'value': 'Right'}, {'type': {'value': 141, 'displayName': 'PassEndY'}, 'value': '10.0'}]","[91, 212, 35, 37, 216]",True,115917.0,60.8,10.0,,,,,,,,,
2465813925.0,92,8,10.0,161,61.1,10.0,8,"{'value': 1, 'displayName': 'FirstHalf'}","{'value': 1, 'displayName': 'Pass'}","{'value': 1, 'displayName': 'Successful'}","[{'type': {'value': 213, 'displayName': 'Angle'}, 'value': '5.4'}, {'type': {'value': 212, 'displayName': 'Length'}, 'value': '6.4'}, {'type': {'value': 56, 'displayName': 'Zone'}, 'value': 'Right'}, {'type': {'value': 141, 'displayName': 'PassEndY'}, 'value': '2.8'}, {'type': {'value': 140, 'displayName': 'PassEndX'}, 'value': '65.0'}]","[91, 119, 117, 30, 36, 38, 216, 218]",True,16161.0,65.0,2.8,,,,,,,,,
2465813959.0,93,8,12.0,161,65.0,2.8,8,"{'value': 1, 'displayName': 'FirstHalf'}","{'value': 1, 'displayName': 'Pass'}","{'value': 1, 'displayName': 'Successful'}","[{'type': {'value': 141, 'displayName': 'PassEndY'}, 'value': '10.7'}, {'type': {'value': 213, 'displayName': 'Angle'}, 'value': '2.8'}, {'type': {'value': 212, 'displayName': 'Length'}, 'value': '14.5'}, {'type': {'value': 140, 'displayName': 'PassEndX'}, 'value': '52.2'}, {'type': {'value': 56, 'displayName': 'Zone'}, 'value': 'Right'}, {'type': {'value': 178, 'displayName': 'StandingSave'}}]","[91, 119, 117, 30, 35, 37, 216, 218]",True,115917.0,52.2,10.7,,,,,,,,,
2465813995.0,94,8,14.0,161,54.6,12.8,8,"{'value': 1, 'displayName': 'FirstHalf'}","{'value': 1, 'displayName': 'Pass'}","{'value': 1, 'displayName': 'Successful'}","[{'type': {'value': 178, 'displayName': 'StandingSave'}}, {'type': {'value': 212, 'displayName': 'Length'}, 'value': '26.5'}, {'type': {'value': 141, 'displayName': 'PassEndY'}, 'value': '51.8'}, {'type': {'value': 56, 'displayName': 'Zone'}, 'value': 'Center'}, {'type': {'value': 140, 'displayName': 'PassEndX'}, 'value': '53.5'}, {'type': {'value': 213, 'displayName': 'Angle'}, 'value': '1.6'}]","[91, 119, 117, 30, 35, 37, 216, 218]",True,238244.0,53.5,51.8,,,,,,,,,
2465814019.0,95,8,15.0,161,53.5,51.8,8,"{'value': 1, 'displayName': 'FirstHalf'}","{'value': 1, 'displayName': 'Pass'}","{'value': 1, 'displayName': 'Successful'}","[{'type': {'value': 213, 'displayName': 'Angle'}, 'value': '5.6'}, {'type': {'value': 56, 'displayName': 'Zone'}, 'value': 'Center'}, {'type': {'value': 141, 'displayName': 'PassEndY'}, 'value': '39.5'}, {'type': {'value': 140, 'displayName': 'PassEndX'}, 'value': '62.4'}, {'type': {'value': 178, 'displayName': 'StandingSave'}}, {'type': {'value': 212, 'displayName': 'Length'}, 'value': '12.5'}]","[91, 119, 117, 30, 36, 38, 216, 218]",True,368310.0,62.4,39.5,,,,,,,,,
2465814051.0,96,8,16.0,161,62.3,39.5,8,"{'value': 1, 'displayName': 'FirstHalf'}","{'value': 1, 'displayName': 'Pass'}","{'value': 1, 'displayName': 'Successful'}","[{'type': {'value': 56, 'displayName': 'Zone'}, 'value': 'Back'}, {'type': {'value': 213, 'displayName': 'Angle'}, 'value': '2.5'}, {'type': {'value': 212, 'displayName': 'Length'}, 'value': '20.8'}, {'type': {'value': 140, 'displayName': 'PassEndX'}, 'value': '45.9'}, {'type': {'value': 141, 'displayName': 'PassEndY'}, 'value': '56.7'}, {'type': {'value': 178, 'displayName': 'StandingSave'}}]","[91, 117, 30, 35, 37, 216, 218]",True,394933.0,45.9,56.7,,,,,,,,,
2465814109.0,97,8,18.0,161,45.9,56.7,8,"{'value': 1, 'displayName': 'FirstHalf'}","{'value': 1, 'displayName': 'Pass'}","{'value': 1, 'displayName': 'Successful'}","[{'type': {'value': 178, 'displayName': 'StandingSave'}}, {'type': {'value': 56, 'displayName': 'Zone'}, 'value': 'Center'}, {'type': {'value': 140, 'displayName': 'PassEndX'}, 'value': '70.6'}, {'type': {'value': 212, 'displayName': 'Length'}, 'value': '27.7'}, {'type': {'value': 213, 'displayName': 'Angle'}, 'value': '0.4'}, {'type': {'value': 141, 'displayName': 'PassEndY'}, 'value': '71.1'}]","[91, 119, 117, 30, 205, 36, 37, 217, 218]",True,368310.0,70.6,71.1,,,,,,,,,
2465814173.0,98,8,19.0,161,70.5,70.8,8,"{'value': 1, 'displayName': 'FirstHalf'}","{'value': 1, 'displayName': 'Pass'}","{'value': 1, 'displayName': 'Successful'}","[{'type': {'value': 141, 'displayName': 'PassEndY'}, 'value': '75.7'}, {'type': {'value': 56, 'displayName': 'Zone'}, 'value': 'Center'}, {'type': {'value': 212, 'displayName': 'Length'}, 'value': '7.5'}, {'type': {'value': 140, 'displayName': 'PassEndX'}, 'value': '64.1'}, {'type': {'value': 213, 'displayName': 'Angle'}, 'value': '2.7'}, {'type': {'value': 178, 'displayName': 'StandingSave'}}]","[91, 119, 117, 30, 35, 37, 216, 218]",True,247995.0,64.1,75.7,,,,,,,,,
2465814237.0,99,8,25.0,161,70.1,73.8,8,"{'value': 1, 'displayName': 'FirstHalf'}","{'value': 1, 'displayName': 'Pass'}","{'value': 1, 'displayName': 'Successful'}","[{'type': {'value': 178, 'displayName': 'StandingSave'}}, {'type': {'value': 140, 'displayName': 'PassEndX'}, 'value': '70.8'}, {'type': {'value': 56, 'displayName': 'Zone'}, 'value': 'Center'}, {'type': {'value': 141, 'displayName': 'PassEndY'}, 'value': '37.0'}, {'type': {'value': 213, 'displayName': 'Angle'}, 'value': '4.7'}, {'type': {'value': 212, 'displayName': 'Length'}, 'value': '25.0'}]","[91, 119, 117, 30, 205, 36, 38, 217, 218]",True,394933.0,70.8,37.0,,,,,,,,,
2465814261.0,100,8,28.0,161,70.8,37.0,8,"{'value': 1, 'displayName': 'FirstHalf'}","{'value': 1, 'displayName': 'Pass'}","{'value': 1, 'displayName': 'Successful'}","[{'type': {'value': 141, 'displayName': 'PassEndY'}, 'value': '24.1'}, {'type': {'value': 155, 'displayName': 'Chipped'}}, {'type': {'value': 56, 'displayName': 'Zone'}, 'value': 'Center'}, {'type': {'value': 140, 'displayName': 'PassEndX'}, 'value': '89.3'}, {'type': {'value': 178, 'displayName': 'StandingSave'}}, {'type': {'value': 212, 'displayName': 'Length'}, 'value': '21.3'}, {'type': {'value': 213, 'displayName': 'Angle'}, 'value': '5.9'}]","[91, 119, 117, 30, 124, 205, 36, 38, 217, 218]",True,115917.0,89.3,24.1,,,,,,,,,
2465814269.0,101,8,30.0,161,89.3,24.1,8,"{'value': 1, 'displayName': 'FirstHalf'}","{'value': 61, 'displayName': 'BallTouch'}","{'value': 0, 'displayName': 'Unsuccessful'}","[{'type': {'value': 56, 'displayName': 'Zone'}, 'value': 'Center'}]","[91, 69]",True,296363.0,,,,,,,,,,,
2465814297.0,86,8,30.0,29,9.9,70.7,8,"{'value': 1, 'displayName': 'FirstHalf'}","{'value': 12, 'displayName': 'Clearance'}","{'value': 1, 'displayName': 'Successful'}","[{'type': {'value': 140, 'displayName': 'PassEndX'}, 'value': '12.2'}, {'type': {'value': 178, 'displayName': 'StandingSave'}}, {'type': {'value': 56, 'displayName': 'Zone'}, 'value': 'Back'}, {'type': {'value': 213, 'displayName': 'Angle'}, 'value': '0.4'}, {'type': {'value': 141, 'displayName': 'PassEndY'}, 'value': '72.2'}, {'type': {'value': 212, 'displayName': 'Length'}, 'value': '2.6'}, {'type': {'value': 233, 'displayName': 'OppositeRelatedEvent'}, 'value': '102'}]","[91, 94, 95, 215]",True,68049.0,12.2,72.2,,,,,,,,,
2465814275.0,102,8,31.0,161,89.4,25.8,8,"{'value': 1, 'displayName': 'FirstHalf'}","{'value': 74, 'displayName': 'BlockedPass'}","{'value': 1, 'displayName': 'Successful'}","[{'type': {'value': 285, 'displayName': 'Defensive'}}, {'type': {'value': 56, 'displayName': 'Zone'}, 'value': 'Center'}, {'type': {'value': 178, 'displayName': 'StandingSave'}}, {'type': {'value': 233, 'displayName': 'OppositeRelatedEvent'}, 'value': '86'}]","[91, 60]",True,296363.0,,,,,,,,,,,
2465819837.0,122,8,31.0,29,11.9,66.9,8,"{'value': 1, 'displayName': 'FirstHalf'}","{'value': 12, 'displayName': 'Clearance'}","{'value': 1, 'displayName': 'Successful'}","[{'type': {'value': 233, 'displayName': 'OppositeRelatedEvent'}, 'value': '102'}, {'type': {'value': 178, 'displayName': 'StandingSave'}}, {'type': {'value': 140, 'displayName': 'PassEndX'}, 'value': '29.6'}, {'type': {'value': 212, 'displayName': 'Length'}, 'value': '26.3'}, {'type': {'value': 141, 'displayName': 'PassEndY'}, 'value': '94.2'}, {'type': {'value': 56, 'displayName': 'Zone'}, 'value': 'Back'}, {'type': {'value': 213, 'displayName': 'Angle'}, 'value': '0.8'}]","[91, 94, 95, 215]",True,106086.0,29.6,94.2,,,,,,,,,
2465814345.0,87,8,33.0,29,30.2,91.8,8,"{'value': 1, 'displayName': 'FirstHalf'}","{'value': 49, 'displayName': 'BallRecovery'}","{'value': 1, 'displayName': 'Successful'}",[],[93],False,125004.0,,,,,,,,,,,
2465814405.0,88,8,37.0,29,32.8,98.0,8,"{'value': 1, 'displayName': 'FirstHalf'}","{'value': 1, 'displayName': 'Pass'}","{'value': 0, 'displayName': 'Unsuccessful'}","[{'type': {'value': 140, 'displayName': 'PassEndX'}, 'value': '23.7'}, {'type': {'value': 212, 'displayName': 'Length'}, 'value': '9.6'}, {'type': {'value': 141, 'displayName': 'PassEndY'}, 'value': '96.3'}, {'type': {'value': 213, 'displayName': 'Angle'}, 'value': '3.3'}, {'type': {'value': 56, 'displayName': 'Zone'}, 'value': 'Back'}, {'type': {'value': 178, 'displayName': 'StandingSave'}}]","[91, 118, 120, 29, 35, 38, 215, 218]",True,125004.0,23.7,96.3,,,,,,,,,
2465814421.0,103,8,38.0,161,75.8,6.6,8,"{'value': 1, 'displayName': 'FirstHalf'}","{'value': 50, 'displayName': 'Dispossessed'}","{'value': 1, 'displayName': 'Successful'}","[{'type': {'value': 56, 'displayName': 'Zone'}, 'value': 'Right'}, {'type': {'value': 286, 'displayName': 'Offensive'}}, {'type': {'value': 233, 'displayName': 'OppositeRelatedEvent'}, 'value': '118'}]","[91, 70]",True,296363.0,,,,,,,,,,,
2465818979.0,118,8,38.0,29,24.2,93.4,8,"{'value': 1, 'displayName': 'FirstHalf'}","{'value': 7, 'displayName': 'Tackle'}","{'value': 0, 'displayName': 'Unsuccessful'}","[{'type': {'value': 56, 'displayName': 'Zone'}, 'value': 'Back'}, {'type': {'value': 233, 'displayName': 'OppositeRelatedEvent'}, 'value': '103'}, {'type': {'value': 285, 'displayName': 'Defensive'}}, {'type': {'value': 178, 'displayName': 'StandingSave'}}]","[91, 142]",True,68049.0,,,,,,,,,,,
2465814463.0,104,8,38.0,161,78.3,8.5,8,"{'value': 1, 'displayName': 'FirstHalf'}","{'value': 49, 'displayName': 'BallRecovery'}","{'value': 1, 'displayName': 'Successful'}",[],[93],False,296363.0,,,,,,,,,,,
2465814495.0,105,8,39.0,161,77.6,8.5,8,"{'value': 1, 'displayName': 'FirstHalf'}","{'value': 1, 'displayName': 'Pass'}","{'value': 1, 'displayName': 'Successful'}","[{'type': {'value': 213, 'displayName': 'Angle'}, 'value': '0.3'}, {'type': {'value': 56, 'displayName': 'Zone'}, 'value': 'Right'}, {'type': {'value': 140, 'displayName': 'PassEndX'}, 'value': '86.7'}, {'type': {'value': 178, 'displayName': 'StandingSave'}}, {'type': {'value': 212, 'displayName': 'Length'}, 'value': '9.9'}, {'type': {'value': 141, 'displayName': 'PassEndY'}, 'value': '12.5'}]","[91, 119, 117, 30, 205, 36, 37, 217, 218]",True,296363.0,86.7,12.5,,,,,,,,,
2465814529.0,106,8,43.0,161,84.5,12.3,8,"{'value': 1, 'displayName': 'FirstHalf'}","{'value': 1, 'displayName': 'Pass'}","{'value': 1, 'displayName': 'Successful'}","[{'type': {'value': 213, 'displayName': 'Angle'}, 'value': '3.7'}, {'type': {'value': 141, 'displayName': 'PassEndY'}, 'value': '3.1'}, {'type': {'value': 212, 'displayName': 'Length'}, 'value': '12.1'}, {'type': {'value': 178, 'displayName': 'StandingSave'}}, {'type': {'value': 140, 'displayName': 'PassEndX'}, 'value': '74.6'}, {'type': {'value': 56, 'displayName': 'Zone'}, 'value': 'Right'}]","[91, 119, 117, 30, 205, 35, 38, 217, 218]",True,300513.0,74.6,3.1,,,,,,,,,
2465814537.0,107,8,44.0,161,79.6,2.5,8,"{'value': 1, 'displayName': 'FirstHalf'}","{'value': 1, 'displayName': 'Pass'}","{'value': 1, 'displayName': 'Successful'}","[{'type': {'value': 212, 'displayName': 'Length'}, 'value': '10.1'}, {'type': {'value': 213, 'displayName': 'Angle'}, 'value': '1.8'}, {'type': {'value': 56, 'displayName': 'Zone'}, 'value': 'Right'}, {'type': {'value': 141, 'displayName': 'PassEndY'}, 'value': '16.9'}, {'type': {'value': 140, 'displayName': 'PassEndX'}, 'value': '77.4'}, {'type': {'value': 178, 'displayName': 'StandingSave'}}]","[91, 119, 117, 30, 205, 35, 37, 217, 218]",True,296363.0,77.4,16.9,,,,,,,,,
2465814553.0,108,8,45.0,161,81.9,18.8,8,"{'value': 1, 'displayName': 'FirstHalf'}","{'value': 3, 'displayName': 'TakeOn'}","{'value': 0, 'displayName': 'Unsuccessful'}","[{'type': {'value': 56, 'displayName': 'Zone'}, 'value': 'Right'}, {'type': {'value': 178, 'displayName': 'StandingSave'}}, {'type': {'value': 233, 'displayName': 'OppositeRelatedEvent'}, 'value': '89'}, {'type': {'value': 286, 'displayName': 'Offensive'}}]","[91, 53]",True,337916.0,,,,,,,,,,,
2465814567.0,89,8,47.0,29,18.1,81.2,8,"{'value': 1, 'displayName': 'FirstHalf'}","{'value': 7, 'displayName': 'Tackle'}","{'value': 0, 'displayName': 'Unsuccessful'}","[{'type': {'value': 56, 'displayName': 'Zone'}, 'value': 'Back'}, {'type': {'value': 233, 'displayName': 'OppositeRelatedEvent'}, 'value': '108'}, {'type': {'value': 285, 'displayName': 'Defensive'}}, {'type': {'value': 178, 'displayName': 'StandingSave'}}]","[91, 142]",True,68049.0,,,,,,,,,,,
2465814609.0,109,8,48.0,161,72.5,24.6,8,"{'value': 1, 'displayName': 'FirstHalf'}","{'value': 1, 'displayName': 'Pass'}","{'value': 1, 'displayName': 'Successful'}","[{'type': {'value': 212, 'displayName': 'Length'}, 'value': '4.6'}, {'type': {'value': 213, 'displayName': 'Angle'}, 'value': '1.3'}, {'type': {'value': 141, 'displayName': 'PassEndY'}, 'value': '31.2'}, {'type': {'value': 56, 'displayName': 'Zone'}, 'value': 'Center'}, {'type': {'value': 140, 'displayName': 'PassEndX'}, 'value': '73.5'}, {'type': {'value': 178, 'displayName': 'StandingSave'}}]","[91, 119, 117, 30, 205, 36, 37, 217, 218]",True,16161.0,73.5,31.2,,,,,,,,,
2465814647.0,90,8,49.0,29,28.8,70.6,8,"{'value': 1, 'displayName': 'FirstHalf'}","{'value': 45, 'displayName': 'Challenge'}","{'value': 0, 'displayName': 'Unsuccessful'}","[{'type': {'value': 285, 'displayName': 'Defensive'}}, {'type': {'value': 233, 'displayName': 'OppositeRelatedEvent'}, 'value': '110'}, {'type': {'value': 56, 'displayName': 'Zone'}, 'value': 'Back'}]",[55],False,322596.0,,,,,,,,,,,
2465814667.0,110,8,49.0,161,71.2,29.4,8,"{'value': 1, 'displayName': 'FirstHalf'}","{'value': 3, 'displayName': 'TakeOn'}","{'value': 1, 'displayName': 'Successful'}","[{'type': {'value': 233, 'displayName': 'OppositeRelatedEvent'}, 'value': '90'}, {'type': {'value': 286, 'displayName': 'Offensive'}}, {'type': {'value': 56, 'displayName': 'Zone'}, 'value': 'Center'}, {'type': {'value': 178, 'displayName': 'StandingSave'}}]","[91, 54]",True,394933.0,,,,,,,,,,,
2465814689.0,111,8,51.0,161,74.1,33.3,8,"{'value': 1, 'displayName': 'FirstHalf'}","{'value': 1, 'displayName': 'Pass'}","{'value': 0, 'displayName': 'Unsuccessful'}","[{'type': {'value': 213, 'displayName': 'Angle'}, 'value': '5.7'}, {'type': {'value': 141, 'displayName': 'PassEndY'}, 'value': '29.5'}, {'type': {'value': 178, 'displayName': 'StandingSave'}}, {'type': {'value': 56, 'displayName': 'Zone'}, 'value': 'Center'}, {'type': {'value': 212, 'displayName': 'Length'}, 'value': '5.0'}, {'type': {'value': 140, 'displayName': 'PassEndX'}, 'value': '78.2'}]","[91, 120, 29, 36, 38, 217, 218]",True,394933.0,78.2,29.5,,,,,,,,,
2465814681.0,91,8,52.0,29,23.9,70.7,8,"{'value': 1, 'displayName': 'FirstHalf'}","{'value': 49, 'displayName': 'BallRecovery'}","{'value': 1, 'displayName': 'Successful'}",[],[93],False,143595.0,,,,,,,,,,,
2465814781.0,92,8,52.0,29,23.8,70.7,8,"{'value': 1, 'displayName': 'FirstHalf'}","{'value': 1, 'displayName': 'Pass'}","{'value': 1, 'displayName': 'Successful'}","[{'type': {'value': 213, 'displayName': 'Angle'}, 'value': '6.0'}, {'type': {'value': 178, 'displayName': 'StandingSave'}}, {'type': {'value': 212, 'displayName': 'Length'}, 'value': '13.7'}, {'type': {'value': 140, 'displayName': 'PassEndX'}, 'value': '36.3'}, {'type': {'value': 141, 'displayName': 'PassEndY'}, 'value': '64.7'}, {'type': {'value': 56, 'displayName': 'Zone'}, 'value': 'Back'}]","[91, 117, 30, 36, 38, 216, 218]",True,143595.0,36.3,64.7,,,,,,,,,
2465814797.0,93,8,58.0,29,64.5,50.4,8,"{'value': 1, 'displayName': 'FirstHalf'}","{'value': 1, 'displayName': 'Pass'}","{'value': 0, 'displayName': 'Unsuccessful'}","[{'type': {'value': 4, 'displayName': 'Throughball'}}, {'type': {'value': 141, 'displayName': 'PassEndY'}, 'value': '53.0'}, {'type': {'value': 178, 'displayName': 'StandingSave'}}, {'type': {'value': 56, 'displayName': 'Zone'}, 'value': 'Center'}, {'type': {'value': 140, 'displayName': 'PassEndX'}, 'value': '69.3'}, {'type': {'value': 212, 'displayName': 'Length'}, 'value': '5.3'}, {'type': {'value': 213, 'displayName': 'Angle'}, 'value': '0.3'}]","[91, 120, 29, 130, 36, 37, 217, 218]",True,322596.0,69.3,53.0,,,,,,,,,
2465814807.0,112,8,58.0,161,28.5,51.0,8,"{'value': 1, 'displayName': 'FirstHalf'}","{'value': 8, 'displayName': 'Interception'}","{'value': 1, 'displayName': 'Successful'}","[{'type': {'value': 178, 'displayName': 'StandingSave'}}, {'type': {'value': 56, 'displayName': 'Zone'}, 'value': 'Back'}]","[91, 101, 56]",True,238244.0,,,,,,,,,,,
2465814829.0,113,9,0.0,161,33.3,58.7,9,"{'value': 1, 'displayName': 'FirstHalf'}","{'value': 49, 'displayName': 'BallRecovery'}","{'value': 1, 'displayName': 'Successful'}",[],[93],False,394933.0,,,,,,,,,,,
2465814907.0,114,9,0.0,161,33.3,58.7,9,"{'value': 1, 'displayName': 'FirstHalf'}","{'value': 1, 'displayName': 'Pass'}","{'value': 1, 'displayName': 'Successful'}","[{'type': {'value': 178, 'displayName': 'StandingSave'}}, {'type': {'value': 213, 'displayName': 'Angle'}, 'value': '3.3'}, {'type': {'value': 56, 'displayName': 'Zone'}, 'value': 'Back'}, {'type': {'value': 212, 'displayName': 'Length'}, 'value': '27.1'}, {'type': {'value': 140, 'displayName': 'PassEndX'}, 'value': '7.8'}, {'type': {'value': 141, 'displayName': 'PassEndY'}, 'value': '52.7'}]","[91, 117, 30, 35, 38, 215, 218]",True,394933.0,7.8,52.7,,,,,,,,,
2465814965.0,115,9,4.0,161,8.0,52.5,9,"{'value': 1, 'displayName': 'FirstHalf'}","{'value': 1, 'displayName': 'Pass'}","{'value': 1, 'displayName': 'Successful'}","[{'type': {'value': 141, 'displayName': 'PassEndY'}, 'value': '46.4'}, {'type': {'value': 140, 'displayName': 'PassEndX'}, 'value': '14.8'}, {'type': {'value': 56, 'displayName': 'Zone'}, 'value': 'Back'}, {'type': {'value': 178, 'displayName': 'StandingSave'}}, {'type': {'value': 212, 'displayName': 'Length'}, 'value': '8.3'}, {'type': {'value': 213, 'displayName': 'Angle'}, 'value': '5.8'}]","[91, 117, 30, 36, 38, 215, 218]",True,122714.0,14.8,46.4,,,,,,,,,
2465815073.0,116,9,6.0,161,15.1,46.4,9,"{'value': 1, 'displayName': 'FirstHalf'}","{'value': 1, 'displayName': 'Pass'}","{'value': 1, 'displayName': 'Successful'}","[{'type': {'value': 212, 'displayName': 'Length'}, 'value': '13.5'}, {'type': {'value': 56, 'displayName': 'Zone'}, 'value': 'Back'}, {'type': {'value': 213, 'displayName': 'Angle'}, 'value': '6.0'}, {'type': {'value': 140, 'displayName': 'PassEndX'}, 'value': '27.3'}, {'type': {'value': 178, 'displayName': 'StandingSave'}}, {'type': {'value': 141, 'displayName': 'PassEndY'}, 'value': '40.3'}]","[91, 117, 30, 36, 38, 215, 218]",True,238244.0,27.3,40.3,,,,,,,,,
2465815197.0,117,9,13.0,161,31.1,35.4,9,"{'value': 1, 'displayName': 'FirstHalf'}","{'value': 1, 'displayName': 'Pass'}","{'value': 1, 'displayName': 'Successful'}","[{'type': {'value': 141, 'displayName': 'PassEndY'}, 'value': '19.4'}, {'type': {'value': 212, 'displayName': 'Length'}, 'value': '12.8'}, {'type': {'value': 213, 'displayName': 'Angle'}, 'value': '4.2'}, {'type': {'value': 140, 'displayName': 'PassEndX'}, 'value': '24.7'}, {'type': {'value': 178, 'displayName': 'StandingSave'}}, {'type': {'value': 56, 'displayName': 'Zone'}, 'value': 'Back'}]","[91, 117, 30, 35, 38, 215, 218]",True,16161.0,24.7,19.4,,,,,,,,,
2465815237.0,118,9,17.0,161,26.8,23.1,9,"{'value': 1, 'displayName': 'FirstHalf'}","{'value': 1, 'displayName': 'Pass'}","{'value': 1, 'displayName': 'Successful'}","[{'type': {'value': 212, 'displayName': 'Length'}, 'value': '18.3'}, {'type': {'value': 178, 'displayName': 'StandingSave'}}, {'type': {'value': 140, 'displayName': 'PassEndX'}, 'value': '33.3'}, {'type': {'value': 56, 'displayName': 'Zone'}, 'value': 'Back'}, {'type': {'value': 141, 'displayName': 'PassEndY'}, 'value': '48.1'}, {'type': {'value': 213, 'displayName': 'Angle'}, 'value': '1.2'}]","[91, 117, 30, 36, 37, 215, 218]",True,115917.0,33.3,48.1,,,,,,,,,
2465815319.0,119,9,20.0,161,31.5,63.3,9,"{'value': 1, 'displayName': 'FirstHalf'}","{'value': 1, 'displayName': 'Pass'}","{'value': 1, 'displayName': 'Successful'}","[{'type': {'value': 212, 'displayName': 'Length'}, 'value': '15.5'}, {'type': {'value': 213, 'displayName': 'Angle'}, 'value': '1.9'}, {'type': {'value': 56, 'displayName': 'Zone'}, 'value': 'Back'}, {'type': {'value': 141, 'displayName': 'PassEndY'}, 'value': '84.5'}, {'type': {'value': 140, 'displayName': 'PassEndX'}, 'value': '26.1'}, {'type': {'value': 178, 'displayName': 'StandingSave'}}]","[91, 117, 30, 35, 37, 215, 218]",True,394933.0,26.1,84.5,,,,,,,,,
2465815359.0,120,9,23.0,161,35.0,84.2,9,"{'value': 1, 'displayName': 'FirstHalf'}","{'value': 1, 'displayName': 'Pass'}","{'value': 1, 'displayName': 'Successful'}","[{'type': {'value': 178, 'displayName': 'StandingSave'}}, {'type': {'value': 213, 'displayName': 'Angle'}, 'value': '0.4'}, {'type': {'value': 212, 'displayName': 'Length'}, 'value': '21.9'}, {'type': {'value': 140, 'displayName': 'PassEndX'}, 'value': '54.3'}, {'type': {'value': 141, 'displayName': 'PassEndY'}, 'value': '96.3'}, {'type': {'value': 56, 'displayName': 'Zone'}, 'value': 'Left'}]","[91, 119, 117, 30, 36, 37, 216, 218]",True,368310.0,54.3,96.3,,,,,,,,,
2465815535.0,121,9,26.0,161,59.0,94.4,9,"{'value': 1, 'displayName': 'FirstHalf'}","{'value': 1, 'displayName': 'Pass'}","{'value': 1, 'displayName': 'Successful'}","[{'type': {'value': 141, 'displayName': 'PassEndY'}, 'value': '87.7'}, {'type': {'value': 212, 'displayName': 'Length'}, 'value': '31.6'}, {'type': {'value': 140, 'displayName': 'PassEndX'}, 'value': '88.8'}, {'type': {'value': 178, 'displayName': 'StandingSave'}}, {'type': {'value': 213, 'displayName': 'Angle'}, 'value': '6.1'}, {'type': {'value': 56, 'displayName': 'Zone'}, 'value': 'Left'}]","[91, 119, 117, 30, 205, 36, 38, 217, 218]",True,355401.0,88.8,87.7,,,,,,,,,
2465815539.0,122,9,31.0,161,94.9,95.8,9,"{'value': 1, 'displayName': 'FirstHalf'}","{'value': 50, 'displayName': 'Dispossessed'}","{'value': 1, 'displayName': 'Successful'}","[{'type': {'value': 286, 'displayName': 'Offensive'}}, {'type': {'value': 56, 'displayName': 'Zone'}, 'value': 'Left'}, {'type': {'value': 233, 'displayName': 'OppositeRelatedEvent'}, 'value': '94'}]","[91, 70]",True,337916.0,,,,,,,,,,,
2465815543.0,94,9,34.0,29,5.1,4.2,9,"{'value': 1, 'displayName': 'FirstHalf'}","{'value': 7, 'displayName': 'Tackle'}","{'value': 1, 'displayName': 'Successful'}","[{'type': {'value': 285, 'displayName': 'Defensive'}}, {'type': {'value': 233, 'displayName': 'OppositeRelatedEvent'}, 'value': '122'}, {'type': {'value': 178, 'displayName': 'StandingSave'}}, {'type': {'value': 56, 'displayName': 'Zone'}, 'value': 'Back'}]","[91, 143]",True,255167.0,,,,,,,,,,,
2465815793.0,124,9,48.0,161,90.1,100.0,9,"{'value': 1, 'displayName': 'FirstHalf'}","{'value': 1, 'displayName': 'Pass'}","{'value': 1, 'displayName': 'Successful'}","[{'type': {'value': 107, 'displayName': 'ThrowIn'}}, {'type': {'value': 140, 'displayName': 'PassEndX'}, 'value': '86.1'}, {'type': {'value': 56, 'displayName': 'Zone'}, 'value': 'Left'}, {'type': {'value': 141, 'displayName': 'PassEndY'}, 'value': '89.4'}, {'type': {'value': 213, 'displayName': 'Angle'}, 'value': '4.2'}, {'type': {'value': 212, 'displayName': 'Length'}, 'value': '9.3'}]","[91, 212, 35, 38, 217]",True,355401.0,86.1,89.4,,,,,,,,,
2465815811.0,125,9,48.0,161,86.1,89.4,9,"{'value': 1, 'displayName': 'FirstHalf'}","{'value': 1, 'displayName': 'Pass'}","{'value': 1, 'displayName': 'Successful'}","[{'type': {'value': 213, 'displayName': 'Angle'}, 'value': '1.0'}, {'type': {'value': 56, 'displayName': 'Zone'}, 'value': 'Left'}, {'type': {'value': 140, 'displayName': 'PassEndX'}, 'value': '89.4'}, {'type': {'value': 212, 'displayName': 'Length'}, 'value': '6.1'}, {'type': {'value': 141, 'displayName': 'PassEndY'}, 'value': '96.8'}]","[91, 119, 117, 30, 205, 36, 37, 217, 218]",True,337916.0,89.4,96.8,,,,,,,,,
2465815823.0,126,9,50.0,161,89.2,96.2,9,"{'value': 1, 'displayName': 'FirstHalf'}","{'value': 1, 'displayName': 'Pass'}","{'value': 0, 'displayName': 'Unsuccessful'}","[{'type': {'value': 141, 'displayName': 'PassEndY'}, 'value': '96.6'}, {'type': {'value': 56, 'displayName': 'Zone'}, 'value': 'Left'}, {'type': {'value': 140, 'displayName': 'PassEndX'}, 'value': '87.3'}, {'type': {'value': 212, 'displayName': 'Length'}, 'value': '2.0'}, {'type': {'value': 233, 'displayName': 'OppositeRelatedEvent'}, 'value': '96'}, {'type': {'value': 213, 'displayName': 'Angle'}, 'value': '3.0'}, {'type': {'value': 178, 'displayName': 'StandingSave'}}]","[91, 120, 29, 35, 37, 217, 218]",True,355401.0,87.3,96.6,,,,,,,,,
2465815857.0,96,9,50.0,29,18.2,4.6,9,"{'value': 1, 'displayName': 'FirstHalf'}","{'value': 8, 'displayName': 'Interception'}","{'value': 1, 'displayName': 'Successful'}","[{'type': {'value': 178, 'displayName': 'StandingSave'}}, {'type': {'value': 56, 'displayName': 'Zone'}, 'value': 'Back'}]","[91, 101, 56]",True,319756.0,,,,,,,,,,,
2465816127.0,128,10,8.0,161,74.5,100.0,10,"{'value': 1, 'displayName': 'FirstHalf'}","{'value': 1, 'displayName': 'Pass'}","{'value': 0, 'displayName': 'Unsuccessful'}","[{'type': {'value': 213, 'displayName': 'Angle'}, 'value': '5.2'}, {'type': {'value': 212, 'displayName': 'Length'}, 'value': '9.7'}, {'type': {'value': 56, 'displayName': 'Zone'}, 'value': 'Left'}, {'type': {'value': 140, 'displayName': 'PassEndX'}, 'value': '78.8'}, {'type': {'value': 141, 'displayName': 'PassEndY'}, 'value': '89.3'}, {'type': {'value': 107, 'displayName': 'ThrowIn'}}]","[91, 212, 36, 38, 217]",True,355401.0,78.8,89.3,,,,,,,,,
2465982815.0,721,10,9.0,29,30.1,8.1,10,"{'value': 1, 'displayName': 'FirstHalf'}","{'value': 61, 'displayName': 'BallTouch'}","{'value': 0, 'displayName': 'Unsuccessful'}","[{'type': {'value': 56, 'displayName': 'Zone'}, 'value': 'Back'}, {'type': {'value': 178, 'displayName': 'StandingSave'}}]","[91, 69]",True,143595.0,,,,,,,,,,,
2465982913.0,934,10,10.0,161,69.9,91.9,10,"{'value': 1, 'displayName': 'FirstHalf'}","{'value': 61, 'displayName': 'BallTouch'}","{'value': 1, 'displayName': 'Successful'}","[{'type': {'value': 56, 'displayName': 'Zone'}, 'value': 'Left'}, {'type': {'value': 178, 'displayName': 'StandingSave'}}]",[91],True,394933.0,,,,,,,,,,,
2465816135.0,98,10,10.0,29,24.8,11.0,10,"{'value': 1, 'displayName': 'FirstHalf'}","{'value': 1, 'displayName': 'Pass'}","{'value': 1, 'displayName': 'Successful'}","[{'type': {'value': 213, 'displayName': 'Angle'}, 'value': '6.3'}, {'type': {'value': 56, 'displayName': 'Zone'}, 'value': 'Back'}, {'type': {'value': 141, 'displayName': 'PassEndY'}, 'value': '10.6'}, {'type': {'value': 140, 'displayName': 'PassEndX'}, 'value': '32.8'}, {'type': {'value': 178, 'displayName': 'StandingSave'}}, {'type': {'value': 212, 'displayName': 'Length'}, 'value': '8.4'}]","[91, 117, 30, 36, 38, 215, 218]",True,143595.0,32.8,10.6,,,,,,,,,
2465816141.0,99,10,10.0,29,32.8,10.6,10,"{'value': 1, 'displayName': 'FirstHalf'}","{'value': 49, 'displayName': 'BallRecovery'}","{'value': 1, 'displayName': 'Successful'}",[],[93],False,319756.0,,,,,,,,,,,
2465816193.0,100,10,15.0,29,34.7,5.0,10,"{'value': 1, 'displayName': 'FirstHalf'}","{'value': 1, 'displayName': 'Pass'}","{'value': 1, 'displayName': 'Successful'}","[{'type': {'value': 178, 'displayName': 'StandingSave'}}, {'type': {'value': 140, 'displayName': 'PassEndX'}, 'value': '25.1'}, {'type': {'value': 212, 'displayName': 'Length'}, 'value': '14.3'}, {'type': {'value': 56, 'displayName': 'Zone'}, 'value': 'Back'}, {'type': {'value': 213, 'displayName': 'Angle'}, 'value': '2.4'}, {'type': {'value': 141, 'displayName': 'PassEndY'}, 'value': '19.9'}]","[91, 117, 30, 35, 37, 215, 218]",True,319756.0,25.1,19.9,,,,,,,,,
2465816229.0,101,10,17.0,29,28.5,24.2,10,"{'value': 1, 'displayName': 'FirstHalf'}","{'value': 1, 'displayName': 'Pass'}","{'value': 1, 'displayName': 'Successful'}","[{'type': {'value': 213, 'displayName': 'Angle'}, 'value': '1.0'}, {'type': {'value': 178, 'displayName': 'StandingSave'}}, {'type': {'value': 212, 'displayName': 'Length'}, 'value': '8.1'}, {'type': {'value': 56, 'displayName': 'Zone'}, 'value': 'Back'}, {'type': {'value': 140, 'displayName': 'PassEndX'}, 'value': '32.4'}, {'type': {'value': 141, 'displayName': 'PassEndY'}, 'value': '34.4'}]","[91, 117, 30, 36, 37, 215, 218]",True,255167.0,32.4,34.4,,,,,,,,,
2465816311.0,102,10,19.0,29,32.4,34.4,10,"{'value': 1, 'displayName': 'FirstHalf'}","{'value': 1, 'displayName': 'Pass'}","{'value': 1, 'displayName': 'Successful'}","[{'type': {'value': 140, 'displayName': 'PassEndX'}, 'value': '26.2'}, {'type': {'value': 178, 'displayName': 'StandingSave'}}, {'type': {'value': 212, 'displayName': 'Length'}, 'value': '21.7'}, {'type': {'value': 141, 'displayName': 'PassEndY'}, 'value': '64.8'}, {'type': {'value': 213, 'displayName': 'Angle'}, 'value': '1.9'}, {'type': {'value': 56, 'displayName': 'Zone'}, 'value': 'Back'}]","[91, 117, 30, 35, 37, 215, 218]",True,332325.0,26.2,64.8,,,,,,,,,
2465816347.0,103,10,22.0,29,28.5,70.8,10,"{'value': 1, 'displayName': 'FirstHalf'}","{'value': 1, 'displayName': 'Pass'}","{'value': 1, 'displayName': 'Successful'}","[{'type': {'value': 140, 'displayName': 'PassEndX'}, 'value': '29.4'}, {'type': {'value': 141, 'displayName': 'PassEndY'}, 'value': '93.5'}, {'type': {'value': 178, 'displayName': 'StandingSave'}}, {'type': {'value': 213, 'displayName': 'Angle'}, 'value': '1.5'}, {'type': {'value': 56, 'displayName': 'Zone'}, 'value': 'Back'}, {'type': {'value': 212, 'displayName': 'Length'}, 'value': '15.5'}]","[91, 117, 30, 36, 37, 215, 218]",True,106086.0,29.4,93.5,,,,,,,,,
2465816357.0,104,10,25.0,29,27.8,94.1,10,"{'value': 1, 'displayName': 'FirstHalf'}","{'value': 1, 'displayName': 'Pass'}","{'value': 0, 'displayName': 'Unsuccessful'}","[{'type': {'value': 178, 'displayName': 'StandingSave'}}, {'type': {'value': 56, 'displayName': 'Zone'}, 'value': 'Back'}, {'type': {'value': 141, 'displayName': 'PassEndY'}, 'value': '94.5'}, {'type': {'value': 140, 'displayName': 'PassEndX'}, 'value': '32.7'}, {'type': {'value': 212, 'displayName': 'Length'}, 'value': '5.2'}, {'type': {'value': 213, 'displayName': 'Angle'}, 'value': '0.1'}]","[91, 118, 120, 29, 36, 37, 215, 218]",True,68049.0,32.7,94.5,,,,,,,,,
2465816415.0,131,10,25.0,161,74.4,5.8,10,"{'value': 1, 'displayName': 'FirstHalf'}","{'value': 61, 'displayName': 'BallTouch'}","{'value': 1, 'displayName': 'Successful'}","[{'type': {'value': 178, 'displayName': 'StandingSave'}}, {'type': {'value': 56, 'displayName': 'Zone'}, 'value': 'Right'}]",[91],True,296363.0,,,,,,,,,,,
2465817037.0,106,10,58.0,29,5.2,54.2,10,"{'value': 1, 'displayName': 'FirstHalf'}","{'value': 1, 'displayName': 'Pass'}","{'value': 0, 'displayName': 'Unsuccessful'}","[{'type': {'value': 140, 'displayName': 'PassEndX'}, 'value': '67.1'}, {'type': {'value': 124, 'displayName': 'GoalKick'}}, {'type': {'value': 74, 'displayName': 'MissHigh'}}, {'type': {'value': 56, 'displayName': 'Zone'}, 'value': 'Center'}, {'type': {'value': 155, 'displayName': 'Chipped'}}, {'type': {'value': 1, 'displayName': 'Longball'}}, {'type': {'value': 213, 'displayName': 'Angle'}, 'value': '0.1'}, {'type': {'value': 141, 'displayName': 'PassEndY'}, 'value': '66.0'}, {'type': {'value': 212, 'displayName': 'Length'}, 'value': '65.5'}]","[91, 120, 124, 128, 36, 37, 217, 218]",True,20973.0,67.1,66.0,,,,,,,,,
2465828423.0,11110,11,,29,76.0,88.5,11,"{'value': 1, 'displayName': 'FirstHalf'}","{'value': 10000, 'displayName': 'OffsideGiven'}","{'value': 0, 'displayName': 'Unsuccessful'}",[],[61],False,302650.0,,,,,,,,,,,
2465817105.0,132,11,2.0,161,37.0,40.1,11,"{'value': 1, 'displayName': 'FirstHalf'}","{'value': 1, 'displayName': 'Pass'}","{'value': 0, 'displayName': 'Unsuccessful'}","[{'type': {'value': 1, 'displayName': 'Longball'}}, {'type': {'value': 3, 'displayName': 'HeadPass'}}, {'type': {'value': 213, 'displayName': 'Angle'}, 'value': '0.2'}, {'type': {'value': 56, 'displayName': 'Zone'}, 'value': 'Center'}, {'type': {'value': 141, 'displayName': 'PassEndY'}, 'value': '50.0'}, {'type': {'value': 140, 'displayName': 'PassEndX'}, 'value': '69.0'}, {'type': {'value': 212, 'displayName': 'Length'}, 'value': '34.3'}]","[91, 120, 139, 128, 36, 37, 217, 218]",True,238244.0,69.0,50.0,,,,,,,,,
2465817277.0,107,11,6.0,29,33.5,54.3,11,"{'value': 1, 'displayName': 'FirstHalf'}","{'value': 1, 'displayName': 'Pass'}","{'value': 1, 'displayName': 'Successful'}","[{'type': {'value': 212, 'displayName': 'Length'}, 'value': '23.4'}, {'type': {'value': 141, 'displayName': 'PassEndY'}, 'value': '46.3'}, {'type': {'value': 213, 'displayName': 'Angle'}, 'value': '3.4'}, {'type': {'value': 56, 'displayName': 'Zone'}, 'value': 'Back'}, {'type': {'value': 178, 'displayName': 'StandingSave'}}, {'type': {'value': 140, 'displayName': 'PassEndX'}, 'value': '11.8'}]","[91, 117, 30, 35, 38, 215, 218]",True,73063.0,11.8,46.3,,,,,,,,,
2465817377.0,108,11,12.0,29,18.0,43.7,11,"{'value': 1, 'displayName': 'FirstHalf'}","{'value': 1, 'displayName': 'Pass'}","{'value': 1, 'displayName': 'Successful'}","[{'type': {'value': 141, 'displayName': 'PassEndY'}, 'value': '88.1'}, {'type': {'value': 212, 'displayName': 'Length'}, 'value': '62.2'}, {'type': {'value': 155, 'displayName': 'Chipped'}}, {'type': {'value': 140, 'displayName': 'PassEndX'}, 'value': '69.8'}, {'type': {'value': 178, 'displayName': 'StandingSave'}}, {'type': {'value': 1, 'displayName': 'Longball'}}, {'type': {'value': 56, 'displayName': 'Zone'}, 'value': 'Left'}, {'type': {'value': 213, 'displayName': 'Angle'}, 'value': '0.5'}]","[91, 119, 117, 124, 127, 205, 36, 37, 217, 218]",True,20973.0,69.8,88.1,,,,,,,,,
2465817383.0,109,11,15.0,29,66.4,79.6,11,"{'value': 1, 'displayName': 'FirstHalf'}","{'value': 44, 'displayName': 'Aerial'}","{'value': 1, 'displayName': 'Successful'}","[{'type': {'value': 233, 'displayName': 'OppositeRelatedEvent'}, 'value': '133'}, {'type': {'value': 286, 'displayName': 'Offensive'}}, {'type': {'value': 56, 'displayName': 'Zone'}, 'value': 'Left'}]","[197, 199]",False,125004.0,,,,,,,,,,,
2465817407.0,133,11,15.0,161,33.6,20.4,11,"{'value': 1, 'displayName': 'FirstHalf'}","{'value': 44, 'displayName': 'Aerial'}","{'value': 0, 'displayName': 'Unsuccessful'}","[{'type': {'value': 233, 'displayName': 'OppositeRelatedEvent'}, 'value': '109'}, {'type': {'value': 56, 'displayName': 'Zone'}, 'value': 'Back'}, {'type': {'value': 285, 'displayName': 'Defensive'}}]","[198, 200]",False,115917.0,,,,,,,,,,,
2465817423.0,110,11,15.0,29,69.8,88.1,11,"{'value': 1, 'displayName': 'FirstHalf'}","{'value': 2, 'displayName': 'OffsidePass'}","{'value': 1, 'displayName': 'Successful'}","[{'type': {'value': 140, 'displayName': 'PassEndX'}, 'value': '76.0'}, {'type': {'value': 56, 'displayName': 'Zone'}, 'value': 'Left'}, {'type': {'value': 141, 'displayName': 'PassEndY'}, 'value': '88.5'}, {'type': {'value': 7, 'displayName': 'PlayerCaughtOffside'}, 'value': '302650'}, {'type': {'value': 3, 'displayName': 'HeadPass'}}]","[91, 217]",True,125004.0,76.0,88.5,,,,,,,,,
2465817583.0,134,11,15.0,161,26.6,30.0,11,"{'value': 1, 'displayName': 'FirstHalf'}","{'value': 55, 'displayName': 'OffsideProvoked'}","{'value': 1, 'displayName': 'Successful'}",[],[62],False,368310.0,,,,,,,,,,,
2465818163.0,135,11,42.0,161,32.9,21.9,11,"{'value': 1, 'displayName': 'FirstHalf'}","{'value': 1, 'displayName': 'Pass'}","{'value': 1, 'displayName': 'Successful'}","[{'type': {'value': 141, 'displayName': 'PassEndY'}, 'value': '35.1'}, {'type': {'value': 178, 'displayName': 'StandingSave'}}, {'type': {'value': 140, 'displayName': 'PassEndX'}, 'value': '28.5'}, {'type': {'value': 56, 'displayName': 'Zone'}, 'value': 'Back'}, {'type': {'value': 212, 'displayName': 'Length'}, 'value': '10.1'}, {'type': {'value': 241, 'displayName': 'IndirectFreekickTaken'}}, {'type': {'value': 5, 'displayName': 'FreekickTaken'}}, {'type': {'value': 213, 'displayName': 'Angle'}, 'value': '2.0'}]","[91, 117, 30, 132, 35, 37, 215, 218]",True,115917.0,28.5,35.1,,,,,,,,,
2465818201.0,136,11,44.0,161,28.4,34.2,11,"{'value': 1, 'displayName': 'FirstHalf'}","{'value': 1, 'displayName': 'Pass'}","{'value': 1, 'displayName': 'Successful'}","[{'type': {'value': 212, 'displayName': 'Length'}, 'value': '20.7'}, {'type': {'value': 213, 'displayName': 'Angle'}, 'value': '1.6'}, {'type': {'value': 56, 'displayName': 'Zone'}, 'value': 'Back'}, {'type': {'value': 141, 'displayName': 'PassEndY'}, 'value': '64.6'}, {'type': {'value': 140, 'displayName': 'PassEndX'}, 'value': '28.5'}, {'type': {'value': 178, 'displayName': 'StandingSave'}}]","[91, 117, 30, 36, 37, 215, 218]",True,238244.0,28.5,64.6,,,,,,,,,
2465818327.0,137,11,51.0,161,28.5,64.8,11,"{'value': 1, 'displayName': 'FirstHalf'}","{'value': 1, 'displayName': 'Pass'}","{'value': 1, 'displayName': 'Successful'}","[{'type': {'value': 213, 'displayName': 'Angle'}, 'value': '4.1'}, {'type': {'value': 212, 'displayName': 'Length'}, 'value': '13.2'}, {'type': {'value': 140, 'displayName': 'PassEndX'}, 'value': '21.5'}, {'type': {'value': 141, 'displayName': 'PassEndY'}, 'value': '48.7'}, {'type': {'value': 178, 'displayName': 'StandingSave'}}, {'type': {'value': 56, 'displayName': 'Zone'}, 'value': 'Back'}]","[91, 117, 30, 35, 38, 215, 218]",True,368310.0,21.5,48.7,,,,,,,,,
2465818437.0,138,11,55.0,161,19.5,48.5,11,"{'value': 1, 'displayName': 'FirstHalf'}","{'value': 1, 'displayName': 'Pass'}","{'value': 1, 'displayName': 'Successful'}","[{'type': {'value': 140, 'displayName': 'PassEndX'}, 'value': '30.3'}, {'type': {'value': 178, 'displayName': 'StandingSave'}}, {'type': {'value': 141, 'displayName': 'PassEndY'}, 'value': '24.9'}, {'type': {'value': 56, 'displayName': 'Zone'}, 'value': 'Back'}, {'type': {'value': 213, 'displayName': 'Angle'}, 'value': '5.3'}, {'type': {'value': 212, 'displayName': 'Length'}, 'value': '19.7'}]","[91, 117, 30, 36, 38, 215, 218]",True,238244.0,30.3,24.9,,,,,,,,,
2465818463.0,139,12,1.0,161,37.5,27.4,12,"{'value': 1, 'displayName': 'FirstHalf'}","{'value': 1, 'displayName': 'Pass'}","{'value': 0, 'displayName': 'Unsuccessful'}","[{'type': {'value': 178, 'displayName': 'StandingSave'}}, {'type': {'value': 213, 'displayName': 'Angle'}, 'value': '1.0'}, {'type': {'value': 155, 'displayName': 'Chipped'}}, {'type': {'value': 212, 'displayName': 'Length'}, 'value': '31.2'}, {'type': {'value': 141, 'displayName': 'PassEndY'}, 'value': '66.2'}, {'type': {'value': 140, 'displayName': 'PassEndX'}, 'value': '53.4'}, {'type': {'value': 56, 'displayName': 'Zone'}, 'value': 'Center'}]","[91, 120, 29, 124, 36, 37, 216, 218]",True,115917.0,53.4,66.2,,,,,,,,,
2465818507.0,111,12,3.0,29,46.6,41.9,12,"{'value': 1, 'displayName': 'FirstHalf'}","{'value': 49, 'displayName': 'BallRecovery'}","{'value': 1, 'displayName': 'Successful'}",[],[93],False,322596.0,,,,,,,,,,,
2465818545.0,112,12,4.0,29,46.6,41.9,12,"{'value': 1, 'displayName': 'FirstHalf'}","{'value': 1, 'displayName': 'Pass'}","{'value': 1, 'displayName': 'Successful'}","[{'type': {'value': 141, 'displayName': 'PassEndY'}, 'value': '55.2'}, {'type': {'value': 178, 'displayName': 'StandingSave'}}, {'type': {'value': 212, 'displayName': 'Length'}, 'value': '12.6'}, {'type': {'value': 56, 'displayName': 'Zone'}, 'value': 'Center'}, {'type': {'value': 140, 'displayName': 'PassEndX'}, 'value': '55.0'}, {'type': {'value': 213, 'displayName': 'Angle'}, 'value': '0.8'}]","[91, 119, 117, 30, 36, 37, 216, 218]",True,322596.0,55.0,55.2,,,,,,,,,
2465818599.0,113,12,5.0,29,54.7,54.9,12,"{'value': 1, 'displayName': 'FirstHalf'}","{'value': 1, 'displayName': 'Pass'}","{'value': 1, 'displayName': 'Successful'}","[{'type': {'value': 213, 'displayName': 'Angle'}, 'value': '5.4'}, {'type': {'value': 141, 'displayName': 'PassEndY'}, 'value': '32.6'}, {'type': {'value': 212, 'displayName': 'Length'}, 'value': '19.5'}, {'type': {'value': 140, 'displayName': 'PassEndX'}, 'value': '66.4'}, {'type': {'value': 178, 'displayName': 'StandingSave'}}, {'type': {'value': 56, 'displayName': 'Zone'}, 'value': 'Center'}]","[91, 119, 117, 30, 36, 38, 216, 218]",True,319756.0,66.4,32.6,,,,,,,,,
2465818713.0,114,12,8.0,29,66.1,21.7,12,"{'value': 1, 'displayName': 'FirstHalf'}","{'value': 1, 'displayName': 'Pass'}","{'value': 1, 'displayName': 'Successful'}","[{'type': {'value': 141, 'displayName': 'PassEndY'}, 'value': '19.4'}, {'type': {'value': 178, 'displayName': 'StandingSave'}}, {'type': {'value': 140, 'displayName': 'PassEndX'}, 'value': '74.4'}, {'type': {'value': 212, 'displayName': 'Length'}, 'value': '8.9'}, {'type': {'value': 56, 'displayName': 'Zone'}, 'value': 'Right'}, {'type': {'value': 213, 'displayName': 'Angle'}, 'value': '6.1'}]","[91, 119, 117, 30, 205, 36, 38, 217, 218]",True,143595.0,74.4,19.4,,,,,,,,,
2465818719.0,115,12,9.0,29,77.0,4.6,12,"{'value': 1, 'displayName': 'FirstHalf'}","{'value': 50, 'displayName': 'Dispossessed'}","{'value': 1, 'displayName': 'Successful'}","[{'type': {'value': 233, 'displayName': 'OppositeRelatedEvent'}, 'value': '140'}, {'type': {'value': 286, 'displayName': 'Offensive'}}, {'type': {'value': 56, 'displayName': 'Zone'}, 'value': 'Right'}]","[91, 70]",True,322596.0,,,,,,,,,,,
2465818725.0,140,12,12.0,161,23.0,95.4,12,"{'value': 1, 'displayName': 'FirstHalf'}","{'value': 7, 'displayName': 'Tackle'}","{'value': 0, 'displayName': 'Unsuccessful'}","[{'type': {'value': 178, 'displayName': 'StandingSave'}}, {'type': {'value': 233, 'displayName': 'OppositeRelatedEvent'}, 'value': '115'}, {'type': {'value': 56, 'displayName': 'Zone'}, 'value': 'Back'}, {'type': {'value': 285, 'displayName': 'Defensive'}}]","[91, 142]",True,368310.0,,,,,,,,,,,
2465818731.0,116,12,13.0,29,78.8,3.5,12,"{'value': 1, 'displayName': 'FirstHalf'}","{'value': 61, 'displayName': 'BallTouch'}","{'value': 1, 'displayName': 'Successful'}","[{'type': {'value': 56, 'displayName': 'Zone'}, 'value': 'Right'}, {'type': {'value': 178, 'displayName': 'StandingSave'}}]",[91],True,322596.0,,,,,,,,,,,
2465819143.0,142,12,35.0,161,25.5,100.0,12,"{'value': 1, 'displayName': 'FirstHalf'}","{'value': 1, 'displayName': 'Pass'}","{'value': 1, 'displayName': 'Successful'}","[{'type': {'value': 140, 'displayName': 'PassEndX'}, 'value': '35.2'}, {'type': {'value': 141, 'displayName': 'PassEndY'}, 'value': '89.9'}, {'type': {'value': 56, 'displayName': 'Zone'}, 'value': 'Back'}, {'type': {'value': 213, 'displayName': 'Angle'}, 'value': '5.6'}, {'type': {'value': 107, 'displayName': 'ThrowIn'}}, {'type': {'value': 212, 'displayName': 'Length'}, 'value': '13.0'}]","[91, 212, 36, 38, 216]",True,355401.0,35.2,89.9,,,,,,,,,
2465819163.0,143,12,36.0,161,33.1,88.9,12,"{'value': 1, 'displayName': 'FirstHalf'}","{'value': 50, 'displayName': 'Dispossessed'}","{'value': 1, 'displayName': 'Successful'}","[{'type': {'value': 285, 'displayName': 'Defensive'}}, {'type': {'value': 233, 'displayName': 'OppositeRelatedEvent'}, 'value': '119'}, {'type': {'value': 56, 'displayName': 'Zone'}, 'value': 'Back'}]","[91, 70]",True,247995.0,,,,,,,,,,,
2465819211.0,119,12,38.0,29,66.9,11.1,12,"{'value': 1, 'displayName': 'FirstHalf'}","{'value': 7, 'displayName': 'Tackle'}","{'value': 1, 'displayName': 'Successful'}","[{'type': {'value': 56, 'displayName': 'Zone'}, 'value': 'Right'}, {'type': {'value': 286, 'displayName': 'Offensive'}}, {'type': {'value': 178, 'displayName': 'StandingSave'}}, {'type': {'value': 233, 'displayName': 'OppositeRelatedEvent'}, 'value': '143'}]","[91, 143]",True,322596.0,,,,,,,,,,,
2465819217.0,120,12,40.0,29,72.7,8.8,12,"{'value': 1, 'displayName': 'FirstHalf'}","{'value': 49, 'displayName': 'BallRecovery'}","{'value': 1, 'displayName': 'Successful'}",[],[93],False,143595.0,,,,,,,,,,,
2465819243.0,121,12,40.0,29,72.7,8.8,12,"{'value': 1, 'displayName': 'FirstHalf'}","{'value': 1, 'displayName': 'Pass'}","{'value': 0, 'displayName': 'Unsuccessful'}","[{'type': {'value': 178, 'displayName': 'StandingSave'}}, {'type': {'value': 212, 'displayName': 'Length'}, 'value': '7.7'}, {'type': {'value': 140, 'displayName': 'PassEndX'}, 'value': '78.5'}, {'type': {'value': 141, 'displayName': 'PassEndY'}, 'value': '15.7'}, {'type': {'value': 213, 'displayName': 'Angle'}, 'value': '0.7'}, {'type': {'value': 56, 'displayName': 'Zone'}, 'value': 'Right'}]","[91, 120, 29, 36, 37, 217, 218]",True,143595.0,78.5,15.7,,,,,,,,,
2465819239.0,144,12,41.0,161,24.3,81.8,12,"{'value': 1, 'displayName': 'FirstHalf'}","{'value': 49, 'displayName': 'BallRecovery'}","{'value': 1, 'displayName': 'Successful'}",[],[93],False,368310.0,,,,,,,,,,,
2465819325.0,145,12,42.0,161,24.3,81.8,12,"{'value': 1, 'displayName': 'FirstHalf'}","{'value': 1, 'displayName': 'Pass'}","{'value': 1, 'displayName': 'Successful'}","[{'type': {'value': 213, 'displayName': 'Angle'}, 'value': '6.1'}, {'type': {'value': 212, 'displayName': 'Length'}, 'value': '15.7'}, {'type': {'value': 140, 'displayName': 'PassEndX'}, 'value': '38.9'}, {'type': {'value': 178, 'displayName': 'StandingSave'}}, {'type': {'value': 141, 'displayName': 'PassEndY'}, 'value': '76.7'}, {'type': {'value': 56, 'displayName': 'Zone'}, 'value': 'Back'}]","[91, 117, 30, 36, 38, 216, 218]",True,368310.0,38.9,76.7,,,,,,,,,
2465819369.0,146,12,46.0,161,37.0,65.1,12,"{'value': 1, 'displayName': 'FirstHalf'}","{'value': 1, 'displayName': 'Pass'}","{'value': 1, 'displayName': 'Successful'}","[{'type': {'value': 56, 'displayName': 'Zone'}, 'value': 'Back'}, {'type': {'value': 140, 'displayName': 'PassEndX'}, 'value': '37.1'}, {'type': {'value': 212, 'displayName': 'Length'}, 'value': '20.9'}, {'type': {'value': 178, 'displayName': 'StandingSave'}}, {'type': {'value': 141, 'displayName': 'PassEndY'}, 'value': '34.3'}, {'type': {'value': 213, 'displayName': 'Angle'}, 'value': '4.7'}]","[91, 117, 30, 36, 38, 216, 218]",True,394933.0,37.1,34.3,,,,,,,,,
2465819399.0,147,12,49.0,161,38.3,32.7,12,"{'value': 1, 'displayName': 'FirstHalf'}","{'value': 1, 'displayName': 'Pass'}","{'value': 1, 'displayName': 'Successful'}","[{'type': {'value': 140, 'displayName': 'PassEndX'}, 'value': '31.6'}, {'type': {'value': 56, 'displayName': 'Zone'}, 'value': 'Back'}, {'type': {'value': 213, 'displayName': 'Angle'}, 'value': '2.3'}, {'type': {'value': 141, 'displayName': 'PassEndY'}, 'value': '44.3'}, {'type': {'value': 178, 'displayName': 'StandingSave'}}, {'type': {'value': 212, 'displayName': 'Length'}, 'value': '10.6'}]","[91, 117, 30, 35, 37, 215, 218]",True,115917.0,31.6,44.3,,,,,,,,,
2465819575.0,148,12,51.0,161,31.8,44.9,12,"{'value': 1, 'displayName': 'FirstHalf'}","{'value': 1, 'displayName': 'Pass'}","{'value': 1, 'displayName': 'Successful'}","[{'type': {'value': 140, 'displayName': 'PassEndX'}, 'value': '36.0'}, {'type': {'value': 213, 'displayName': 'Angle'}, 'value': '1.4'}, {'type': {'value': 141, 'displayName': 'PassEndY'}, 'value': '74.4'}, {'type': {'value': 56, 'displayName': 'Zone'}, 'value': 'Back'}, {'type': {'value': 178, 'displayName': 'StandingSave'}}, {'type': {'value': 212, 'displayName': 'Length'}, 'value': '20.5'}]","[91, 117, 30, 36, 37, 216, 218]",True,238244.0,36.0,74.4,,,,,,,,,
2465819633.0,149,13,0.0,161,62.9,68.4,13,"{'value': 1, 'displayName': 'FirstHalf'}","{'value': 1, 'displayName': 'Pass'}","{'value': 1, 'displayName': 'Successful'}","[{'type': {'value': 56, 'displayName': 'Zone'}, 'value': 'Center'}, {'type': {'value': 212, 'displayName': 'Length'}, 'value': '17.5'}, {'type': {'value': 213, 'displayName': 'Angle'}, 'value': '4.1'}, {'type': {'value': 140, 'displayName': 'PassEndX'}, 'value': '53.1'}, {'type': {'value': 178, 'displayName': 'StandingSave'}}, {'type': {'value': 141, 'displayName': 'PassEndY'}, 'value': '47.5'}]","[91, 119, 117, 30, 35, 38, 216, 218]",True,368310.0,53.1,47.5,,,,,,,,,
2465819663.0,150,13,3.0,161,53.8,47.2,13,"{'value': 1, 'displayName': 'FirstHalf'}","{'value': 1, 'displayName': 'Pass'}","{'value': 1, 'displayName': 'Successful'}","[{'type': {'value': 178, 'displayName': 'StandingSave'}}, {'type': {'value': 56, 'displayName': 'Zone'}, 'value': 'Center'}, {'type': {'value': 141, 'displayName': 'PassEndY'}, 'value': '22.8'}, {'type': {'value': 213, 'displayName': 'Angle'}, 'value': '4.6'}, {'type': {'value': 140, 'displayName': 'PassEndX'}, 'value': '52.6'}, {'type': {'value': 212, 'displayName': 'Length'}, 'value': '16.6'}]","[91, 119, 117, 30, 35, 38, 216, 218]",True,16161.0,52.6,22.8,,,,,,,,,
2465819741.0,151,13,5.0,161,52.6,22.8,13,"{'value': 1, 'displayName': 'FirstHalf'}","{'value': 1, 'displayName': 'Pass'}","{'value': 1, 'displayName': 'Successful'}","[{'type': {'value': 213, 'displayName': 'Angle'}, 'value': '5.8'}, {'type': {'value': 212, 'displayName': 'Length'}, 'value': '25.6'}, {'type': {'value': 140, 'displayName': 'PassEndX'}, 'value': '73.9'}, {'type': {'value': 141, 'displayName': 'PassEndY'}, 'value': '4.6'}, {'type': {'value': 178, 'displayName': 'StandingSave'}}, {'type': {'value': 56, 'displayName': 'Zone'}, 'value': 'Right'}]","[91, 119, 117, 30, 205, 36, 38, 217, 218]",True,115917.0,73.9,4.6,,,,,,,,,
2465819785.0,152,13,10.0,161,56.7,18.4,13,"{'value': 1, 'displayName': 'FirstHalf'}","{'value': 1, 'displayName': 'Pass'}","{'value': 1, 'displayName': 'Successful'}","[{'type': {'value': 141, 'displayName': 'PassEndY'}, 'value': '30.5'}, {'type': {'value': 140, 'displayName': 'PassEndX'}, 'value': '41.5'}, {'type': {'value': 212, 'displayName': 'Length'}, 'value': '18.0'}, {'type': {'value': 213, 'displayName': 'Angle'}, 'value': '2.7'}, {'type': {'value': 178, 'displayName': 'StandingSave'}}, {'type': {'value': 56, 'displayName': 'Zone'}, 'value': 'Back'}]","[91, 117, 30, 35, 37, 216, 218]",True,296363.0,41.5,30.5,,,,,,,,,
2465819949.0,153,13,11.0,161,42.5,33.4,13,"{'value': 1, 'displayName': 'FirstHalf'}","{'value': 1, 'displayName': 'Pass'}","{'value': 1, 'displayName': 'Successful'}","[{'type': {'value': 178, 'displayName': 'StandingSave'}}, {'type': {'value': 212, 'displayName': 'Length'}, 'value': '20.4'}, {'type': {'value': 56, 'displayName': 'Zone'}, 'value': 'Back'}, {'type': {'value': 213, 'displayName': 'Angle'}, 'value': '1.7'}, {'type': {'value': 141, 'displayName': 'PassEndY'}, 'value': '63.3'}, {'type': {'value': 140, 'displayName': 'PassEndX'}, 'value': '40.6'}]","[91, 117, 30, 35, 37, 216, 218]",True,238244.0,40.6,63.3,,,,,,,,,
2465820039.0,154,13,18.0,161,54.0,70.9,13,"{'value': 1, 'displayName': 'FirstHalf'}","{'value': 1, 'displayName': 'Pass'}","{'value': 1, 'displayName': 'Successful'}","[{'type': {'value': 56, 'displayName': 'Zone'}, 'value': 'Right'}, {'type': {'value': 1, 'displayName': 'Longball'}}, {'type': {'value': 140, 'displayName': 'PassEndX'}, 'value': '79.8'}, {'type': {'value': 213, 'displayName': 'Angle'}, 'value': '5.3'}, {'type': {'value': 178, 'displayName': 'StandingSave'}}, {'type': {'value': 212, 'displayName': 'Length'}, 'value': '50.3'}, {'type': {'value': 155, 'displayName': 'Chipped'}}, {'type': {'value': 141, 'displayName': 'PassEndY'}, 'value': '8.5'}]","[91, 119, 117, 124, 127, 205, 36, 38, 217, 218]",True,368310.0,79.8,8.5,,,,,,,,,
2465820065.0,155,13,22.0,161,80.1,10.3,13,"{'value': 1, 'displayName': 'FirstHalf'}","{'value': 1, 'displayName': 'Pass'}","{'value': 1, 'displayName': 'Successful'}","[{'type': {'value': 56, 'displayName': 'Zone'}, 'value': 'Right'}, {'type': {'value': 212, 'displayName': 'Length'}, 'value': '14.0'}, {'type': {'value': 213, 'displayName': 'Angle'}, 'value': '0.4'}, {'type': {'value': 178, 'displayName': 'StandingSave'}}, {'type': {'value': 141, 'displayName': 'PassEndY'}, 'value': '17.7'}, {'type': {'value': 140, 'displayName': 'PassEndX'}, 'value': '92.5'}]","[91, 119, 117, 30, 205, 36, 37, 217, 218]",True,300513.0,92.5,17.7,,,,,,,,,
2465820085.0,156,13,24.0,161,91.9,16.5,13,"{'value': 1, 'displayName': 'FirstHalf'}","{'value': 1, 'displayName': 'Pass'}","{'value': 0, 'displayName': 'Unsuccessful'}","[{'type': {'value': 140, 'displayName': 'PassEndX'}, 'value': '92.5'}, {'type': {'value': 212, 'displayName': 'Length'}, 'value': '11.6'}, {'type': {'value': 213, 'displayName': 'Angle'}, 'value': '1.5'}, {'type': {'value': 141, 'displayName': 'PassEndY'}, 'value': '33.6'}, {'type': {'value': 56, 'displayName': 'Zone'}, 'value': 'Center'}, {'type': {'value': 178, 'displayName': 'StandingSave'}}, {'type': {'value': 20, 'displayName': 'RightFoot'}}, {'type': {'value': 2, 'displayName': 'Cross'}}]","[91, 137, 126, 36, 37, 217, 218]",True,296363.0,92.5,33.6,,,,,,,,,
2465820107.0,123,13,24.0,29,8.1,68.7,13,"{'value': 1, 'displayName': 'FirstHalf'}","{'value': 1, 'displayName': 'Pass'}","{'value': 1, 'displayName': 'Successful'}","[{'type': {'value': 140, 'displayName': 'PassEndX'}, 'value': '14.5'}, {'type': {'value': 141, 'displayName': 'PassEndY'}, 'value': '71.7'}, {'type': {'value': 56, 'displayName': 'Zone'}, 'value': 'Back'}, {'type': {'value': 178, 'displayName': 'StandingSave'}}, {'type': {'value': 213, 'displayName': 'Angle'}, 'value': '0.3'}, {'type': {'value': 212, 'displayName': 'Length'}, 'value': '7.0'}]","[91, 117, 30, 36, 37, 215, 218]",True,332325.0,14.5,71.7,,,,,,,,,
2465820121.0,124,13,26.0,29,14.5,71.7,13,"{'value': 1, 'displayName': 'FirstHalf'}","{'value': 49, 'displayName': 'BallRecovery'}","{'value': 1, 'displayName': 'Successful'}",[],[93],False,68049.0,,,,,,,,,,,
2465820167.0,125,13,26.0,29,14.5,71.7,13,"{'value': 1, 'displayName': 'FirstHalf'}","{'value': 1, 'displayName': 'Pass'}","{'value': 1, 'displayName': 'Successful'}","[{'type': {'value': 213, 'displayName': 'Angle'}, 'value': '5.6'}, {'type': {'value': 178, 'displayName': 'StandingSave'}}, {'type': {'value': 212, 'displayName': 'Length'}, 'value': '13.0'}, {'type': {'value': 140, 'displayName': 'PassEndX'}, 'value': '23.8'}, {'type': {'value': 141, 'displayName': 'PassEndY'}, 'value': '59.1'}, {'type': {'value': 56, 'displayName': 'Zone'}, 'value': 'Back'}]","[91, 117, 30, 36, 38, 215, 218]",True,68049.0,23.8,59.1,,,,,,,,,
2465820229.0,126,13,29.0,29,20.7,59.4,13,"{'value': 1, 'displayName': 'FirstHalf'}","{'value': 1, 'displayName': 'Pass'}","{'value': 1, 'displayName': 'Successful'}","[{'type': {'value': 141, 'displayName': 'PassEndY'}, 'value': '74.6'}, {'type': {'value': 56, 'displayName': 'Zone'}, 'value': 'Back'}, {'type': {'value': 178, 'displayName': 'StandingSave'}}, {'type': {'value': 140, 'displayName': 'PassEndX'}, 'value': '13.3'}, {'type': {'value': 213, 'displayName': 'Angle'}, 'value': '2.2'}, {'type': {'value': 212, 'displayName': 'Length'}, 'value': '12.9'}]","[91, 117, 30, 35, 37, 215, 218]",True,319756.0,13.3,74.6,,,,,,,,,
2465820255.0,127,13,32.0,29,20.5,75.0,13,"{'value': 1, 'displayName': 'FirstHalf'}","{'value': 1, 'displayName': 'Pass'}","{'value': 1, 'displayName': 'Successful'}","[{'type': {'value': 213, 'displayName': 'Angle'}, 'value': '0.2'}, {'type': {'value': 56, 'displayName': 'Zone'}, 'value': 'Back'}, {'type': {'value': 212, 'displayName': 'Length'}, 'value': '11.3'}, {'type': {'value': 178, 'displayName': 'StandingSave'}}, {'type': {'value': 140, 'displayName': 'PassEndX'}, 'value': '31.0'}, {'type': {'value': 141, 'displayName': 'PassEndY'}, 'value': '78.6'}]","[91, 117, 30, 36, 37, 215, 218]",True,332325.0,31.0,78.6,,,,,,,,,
2465820277.0,128,13,33.0,29,31.0,78.6,13,"{'value': 1, 'displayName': 'FirstHalf'}","{'value': 1, 'displayName': 'Pass'}","{'value': 1, 'displayName': 'Successful'}","[{'type': {'value': 213, 'displayName': 'Angle'}, 'value': '4.3'}, {'type': {'value': 212, 'displayName': 'Length'}, 'value': '4.4'}, {'type': {'value': 140, 'displayName': 'PassEndX'}, 'value': '29.5'}, {'type': {'value': 56, 'displayName': 'Zone'}, 'value': 'Back'}, {'type': {'value': 178, 'displayName': 'StandingSave'}}, {'type': {'value': 141, 'displayName': 'PassEndY'}, 'value': '72.5'}]","[91, 117, 30, 35, 38, 215, 218]",True,319756.0,29.5,72.5,,,,,,,,,
2465820309.0,129,13,34.0,29,29.5,72.5,13,"{'value': 1, 'displayName': 'FirstHalf'}","{'value': 1, 'displayName': 'Pass'}","{'value': 1, 'displayName': 'Successful'}","[{'type': {'value': 56, 'displayName': 'Zone'}, 'value': 'Back'}, {'type': {'value': 212, 'displayName': 'Length'}, 'value': '18.8'}, {'type': {'value': 213, 'displayName': 'Angle'}, 'value': '6.0'}, {'type': {'value': 178, 'displayName': 'StandingSave'}}, {'type': {'value': 141, 'displayName': 'PassEndY'}, 'value': '65.3'}, {'type': {'value': 140, 'displayName': 'PassEndX'}, 'value': '46.8'}]","[91, 117, 30, 36, 38, 216, 218]",True,332325.0,46.8,65.3,,,,,,,,,
2465820333.0,130,13,35.0,29,46.8,65.3,13,"{'value': 1, 'displayName': 'FirstHalf'}","{'value': 1, 'displayName': 'Pass'}","{'value': 1, 'displayName': 'Successful'}","[{'type': {'value': 141, 'displayName': 'PassEndY'}, 'value': '65.6'}, {'type': {'value': 213, 'displayName': 'Angle'}, 'value': '3.1'}, {'type': {'value': 178, 'displayName': 'StandingSave'}}, {'type': {'value': 212, 'displayName': 'Length'}, 'value': '3.4'}, {'type': {'value': 140, 'displayName': 'PassEndX'}, 'value': '43.6'}, {'type': {'value': 56, 'displayName': 'Zone'}, 'value': 'Back'}]","[91, 117, 30, 35, 37, 216, 218]",True,302650.0,43.6,65.6,,,,,,,,,
2465820469.0,131,13,36.0,29,45.9,59.2,13,"{'value': 1, 'displayName': 'FirstHalf'}","{'value': 4, 'displayName': 'Foul'}","{'value': 1, 'displayName': 'Successful'}","[{'type': {'value': 233, 'displayName': 'OppositeRelatedEvent'}, 'value': '157'}, {'type': {'value': 13, 'displayName': 'Foul'}}, {'type': {'value': 286, 'displayName': 'Offensive'}}, {'type': {'value': 56, 'displayName': 'Zone'}, 'value': 'Back'}]","[91, 63]",True,322596.0,,,,,,,,,,,
2465820461.0,157,13,36.0,161,54.1,40.8,13,"{'value': 1, 'displayName': 'FirstHalf'}","{'value': 4, 'displayName': 'Foul'}","{'value': 0, 'displayName': 'Unsuccessful'}","[{'type': {'value': 285, 'displayName': 'Defensive'}}, {'type': {'value': 56, 'displayName': 'Zone'}, 'value': 'Center'}, {'type': {'value': 178, 'displayName': 'StandingSave'}}, {'type': {'value': 233, 'displayName': 'OppositeRelatedEvent'}, 'value': '131'}, {'type': {'value': 13, 'displayName': 'Foul'}}]",[64],False,238244.0,,,,,,,,,,,
2465820529.0,158,13,44.0,161,0.0,0.0,13,"{'value': 1, 'displayName': 'FirstHalf'}","{'value': 17, 'displayName': 'Card'}","{'value': 1, 'displayName': 'Successful'}","[{'type': {'value': 13, 'displayName': 'Foul'}, 'value': '243'}, {'type': {'value': 31, 'displayName': 'Yellow'}}]",[65],False,238244.0,,,,,,,,,,"{'value': 31, 'displayName': 'Yellow'}",
2465821189.0,132,14,22.0,29,45.5,59.9,14,"{'value': 1, 'displayName': 'FirstHalf'}","{'value': 1, 'displayName': 'Pass'}","{'value': 1, 'displayName': 'Successful'}","[{'type': {'value': 140, 'displayName': 'PassEndX'}, 'value': '54.7'}, {'type': {'value': 141, 'displayName': 'PassEndY'}, 'value': '57.8'}, {'type': {'value': 56, 'displayName': 'Zone'}, 'value': 'Center'}, {'type': {'value': 178, 'displayName': 'StandingSave'}}, {'type': {'value': 213, 'displayName': 'Angle'}, 'value': '6.1'}, {'type': {'value': 5, 'displayName': 'FreekickTaken'}}, {'type': {'value': 212, 'displayName': 'Length'}, 'value': '9.8'}]","[91, 119, 117, 30, 132, 36, 38, 216, 218]",True,106086.0,54.7,57.8,,,,,,,,,
2465821239.0,133,14,24.0,29,54.7,57.8,14,"{'value': 1, 'displayName': 'FirstHalf'}","{'value': 1, 'displayName': 'Pass'}","{'value': 1, 'displayName': 'Successful'}","[{'type': {'value': 178, 'displayName': 'StandingSave'}}, {'type': {'value': 141, 'displayName': 'PassEndY'}, 'value': '60.9'}, {'type': {'value': 212, 'displayName': 'Length'}, 'value': '10.1'}, {'type': {'value': 213, 'displayName': 'Angle'}, 'value': '2.9'}, {'type': {'value': 140, 'displayName': 'PassEndX'}, 'value': '45.3'}, {'type': {'value': 56, 'displayName': 'Zone'}, 'value': 'Back'}]","[91, 117, 30, 35, 37, 216, 218]",True,319756.0,45.3,60.9,,,,,,,,,
2465821289.0,134,14,24.0,29,45.3,60.9,14,"{'value': 1, 'displayName': 'FirstHalf'}","{'value': 1, 'displayName': 'Pass'}","{'value': 1, 'displayName': 'Successful'}","[{'type': {'value': 212, 'displayName': 'Length'}, 'value': '14.6'}, {'type': {'value': 141, 'displayName': 'PassEndY'}, 'value': '82.2'}, {'type': {'value': 56, 'displayName': 'Zone'}, 'value': 'Back'}, {'type': {'value': 178, 'displayName': 'StandingSave'}}, {'type': {'value': 213, 'displayName': 'Angle'}, 'value': '1.4'}, {'type': {'value': 140, 'displayName': 'PassEndX'}, 'value': '47.3'}]","[91, 117, 30, 36, 37, 216, 218]",True,106086.0,47.3,82.2,,,,,,,,,
2465821323.0,135,14,28.0,29,47.4,75.3,14,"{'value': 1, 'displayName': 'FirstHalf'}","{'value': 1, 'displayName': 'Pass'}","{'value': 1, 'displayName': 'Successful'}","[{'type': {'value': 56, 'displayName': 'Zone'}, 'value': 'Center'}, {'type': {'value': 141, 'displayName': 'PassEndY'}, 'value': '57.2'}, {'type': {'value': 140, 'displayName': 'PassEndX'}, 'value': '52.8'}, {'type': {'value': 178, 'displayName': 'StandingSave'}}, {'type': {'value': 212, 'displayName': 'Length'}, 'value': '13.6'}, {'type': {'value': 213, 'displayName': 'Angle'}, 'value': '5.1'}]","[91, 119, 117, 30, 36, 38, 216, 218]",True,332325.0,52.8,57.2,,,,,,,,,
2465821479.0,136,14,30.0,29,52.7,57.2,14,"{'value': 1, 'displayName': 'FirstHalf'}","{'value': 1, 'displayName': 'Pass'}","{'value': 1, 'displayName': 'Successful'}","[{'type': {'value': 56, 'displayName': 'Zone'}, 'value': 'Back'}, {'type': {'value': 141, 'displayName': 'PassEndY'}, 'value': '72.5'}, {'type': {'value': 140, 'displayName': 'PassEndX'}, 'value': '36.5'}, {'type': {'value': 212, 'displayName': 'Length'}, 'value': '19.9'}, {'type': {'value': 213, 'displayName': 'Angle'}, 'value': '2.6'}, {'type': {'value': 178, 'displayName': 'StandingSave'}}]","[91, 117, 30, 35, 37, 216, 218]",True,143595.0,36.5,72.5,,,,,,,,,
2465821529.0,137,14,38.0,29,34.3,62.7,14,"{'value': 1, 'displayName': 'FirstHalf'}","{'value': 1, 'displayName': 'Pass'}","{'value': 1, 'displayName': 'Successful'}","[{'type': {'value': 56, 'displayName': 'Zone'}, 'value': 'Back'}, {'type': {'value': 140, 'displayName': 'PassEndX'}, 'value': '28.6'}, {'type': {'value': 178, 'displayName': 'StandingSave'}}, {'type': {'value': 212, 'displayName': 'Length'}, 'value': '16.7'}, {'type': {'value': 213, 'displayName': 'Angle'}, 'value': '4.3'}, {'type': {'value': 141, 'displayName': 'PassEndY'}, 'value': '39.8'}]","[91, 117, 30, 35, 38, 215, 218]",True,106086.0,28.6,39.8,,,,,,,,,
2465821665.0,138,14,40.0,29,28.6,39.5,14,"{'value': 1, 'displayName': 'FirstHalf'}","{'value': 1, 'displayName': 'Pass'}","{'value': 1, 'displayName': 'Successful'}","[{'type': {'value': 141, 'displayName': 'PassEndY'}, 'value': '52.2'}, {'type': {'value': 178, 'displayName': 'StandingSave'}}, {'type': {'value': 140, 'displayName': 'PassEndX'}, 'value': '7.5'}, {'type': {'value': 212, 'displayName': 'Length'}, 'value': '23.8'}, {'type': {'value': 56, 'displayName': 'Zone'}, 'value': 'Back'}, {'type': {'value': 213, 'displayName': 'Angle'}, 'value': '2.8'}]","[91, 117, 30, 35, 37, 215, 218]",True,73063.0,7.5,52.2,,,,,,,,,
2465821745.0,139,14,48.0,29,15.7,34.9,14,"{'value': 1, 'displayName': 'FirstHalf'}","{'value': 1, 'displayName': 'Pass'}","{'value': 1, 'displayName': 'Successful'}","[{'type': {'value': 212, 'displayName': 'Length'}, 'value': '57.2'}, {'type': {'value': 140, 'displayName': 'PassEndX'}, 'value': '64.5'}, {'type': {'value': 178, 'displayName': 'StandingSave'}}, {'type': {'value': 141, 'displayName': 'PassEndY'}, 'value': '72.3'}, {'type': {'value': 213, 'displayName': 'Angle'}, 'value': '0.5'}, {'type': {'value': 56, 'displayName': 'Zone'}, 'value': 'Center'}, {'type': {'value': 155, 'displayName': 'Chipped'}}, {'type': {'value': 1, 'displayName': 'Longball'}}]","[91, 119, 117, 124, 127, 36, 37, 216, 218]",True,20973.0,64.5,72.3,,,,,,,,,
2465821757.0,140,14,52.0,29,64.5,72.3,14,"{'value': 1, 'displayName': 'FirstHalf'}","{'value': 1, 'displayName': 'Pass'}","{'value': 0, 'displayName': 'Unsuccessful'}","[{'type': {'value': 213, 'displayName': 'Angle'}, 'value': '4.1'}, {'type': {'value': 141, 'displayName': 'PassEndY'}, 'value': '56.0'}, {'type': {'value': 212, 'displayName': 'Length'}, 'value': '13.8'}, {'type': {'value': 140, 'displayName': 'PassEndX'}, 'value': '56.6'}, {'type': {'value': 3, 'displayName': 'HeadPass'}}, {'type': {'value': 56, 'displayName': 'Zone'}, 'value': 'Center'}]","[91, 120, 29, 139, 35, 38, 216, 218]",True,125004.0,56.6,56.0,,,,,,,,,
2465821755.0,159,14,53.0,161,43.3,48.5,14,"{'value': 1, 'displayName': 'FirstHalf'}","{'value': 49, 'displayName': 'BallRecovery'}","{'value': 1, 'displayName': 'Successful'}",[],[93],False,16161.0,,,,,,,,,,,
2465821817.0,160,14,54.0,161,45.6,48.5,14,"{'value': 1, 'displayName': 'FirstHalf'}","{'value': 1, 'displayName': 'Pass'}","{'value': 1, 'displayName': 'Successful'}","[{'type': {'value': 141, 'displayName': 'PassEndY'}, 'value': '74.2'}, {'type': {'value': 213, 'displayName': 'Angle'}, 'value': '2.4'}, {'type': {'value': 140, 'displayName': 'PassEndX'}, 'value': '26.8'}, {'type': {'value': 178, 'displayName': 'StandingSave'}}, {'type': {'value': 56, 'displayName': 'Zone'}, 'value': 'Back'}, {'type': {'value': 212, 'displayName': 'Length'}, 'value': '26.4'}]","[91, 117, 30, 35, 37, 215, 218]",True,16161.0,26.8,74.2,,,,,,,,,
2465821915.0,161,14,58.0,161,26.0,76.0,14,"{'value': 1, 'displayName': 'FirstHalf'}","{'value': 1, 'displayName': 'Pass'}","{'value': 1, 'displayName': 'Successful'}","[{'type': {'value': 56, 'displayName': 'Zone'}, 'value': 'Back'}, {'type': {'value': 213, 'displayName': 'Angle'}, 'value': '4.6'}, {'type': {'value': 178, 'displayName': 'StandingSave'}}, {'type': {'value': 140, 'displayName': 'PassEndX'}, 'value': '24.0'}, {'type': {'value': 141, 'displayName': 'PassEndY'}, 'value': '50.1'}, {'type': {'value': 212, 'displayName': 'Length'}, 'value': '17.7'}]","[91, 117, 30, 35, 38, 215, 218]",True,368310.0,24.0,50.1,,,,,,,,,
2465821933.0,162,15,2.0,161,30.2,45.7,15,"{'value': 1, 'displayName': 'FirstHalf'}","{'value': 1, 'displayName': 'Pass'}","{'value': 0, 'displayName': 'Unsuccessful'}","[{'type': {'value': 212, 'displayName': 'Length'}, 'value': '4.3'}, {'type': {'value': 140, 'displayName': 'PassEndX'}, 'value': '33.8'}, {'type': {'value': 141, 'displayName': 'PassEndY'}, 'value': '48.8'}, {'type': {'value': 56, 'displayName': 'Zone'}, 'value': 'Back'}, {'type': {'value': 213, 'displayName': 'Angle'}, 'value': '0.5'}, {'type': {'value': 155, 'displayName': 'Chipped'}}, {'type': {'value': 178, 'displayName': 'StandingSave'}}]","[91, 118, 120, 29, 124, 36, 37, 216, 218]",True,238244.0,33.8,48.8,,,,,,,,,
2465821979.0,141,15,2.0,29,69.9,53.9,15,"{'value': 1, 'displayName': 'FirstHalf'}","{'value': 61, 'displayName': 'BallTouch'}","{'value': 1, 'displayName': 'Successful'}","[{'type': {'value': 178, 'displayName': 'StandingSave'}}, {'type': {'value': 56, 'displayName': 'Zone'}, 'value': 'Center'}, {'type': {'value': 21, 'displayName': 'OtherBodyPart'}}]",[91],True,319756.0,,,,,,,,,,,
2465821999.0,142,15,5.0,29,55.5,57.9,15,"{'value': 1, 'displayName': 'FirstHalf'}","{'value': 49, 'displayName': 'BallRecovery'}","{'value': 1, 'displayName': 'Successful'}",[],[93],False,332325.0,,,,,,,,,,,
2465822053.0,143,15,6.0,29,55.6,64.1,15,"{'value': 1, 'displayName': 'FirstHalf'}","{'value': 3, 'displayName': 'TakeOn'}","{'value': 1, 'displayName': 'Successful'}","[{'type': {'value': 56, 'displayName': 'Zone'}, 'value': 'Center'}, {'type': {'value': 178, 'displayName': 'StandingSave'}}, {'type': {'value': 233, 'displayName': 'OppositeRelatedEvent'}, 'value': '163'}, {'type': {'value': 286, 'displayName': 'Offensive'}}]","[91, 54]",True,332325.0,,,,,,,,,,,
2465822009.0,163,15,6.0,161,44.4,35.9,15,"{'value': 1, 'displayName': 'FirstHalf'}","{'value': 45, 'displayName': 'Challenge'}","{'value': 0, 'displayName': 'Unsuccessful'}","[{'type': {'value': 285, 'displayName': 'Defensive'}}, {'type': {'value': 233, 'displayName': 'OppositeRelatedEvent'}, 'value': '143'}, {'type': {'value': 56, 'displayName': 'Zone'}, 'value': 'Back'}]",[55],False,300513.0,,,,,,,,,,,
2465822077.0,144,15,9.0,29,56.2,72.0,15,"{'value': 1, 'displayName': 'FirstHalf'}","{'value': 1, 'displayName': 'Pass'}","{'value': 1, 'displayName': 'Successful'}","[{'type': {'value': 212, 'displayName': 'Length'}, 'value': '14.5'}, {'type': {'value': 140, 'displayName': 'PassEndX'}, 'value': '52.8'}, {'type': {'value': 141, 'displayName': 'PassEndY'}, 'value': '92.6'}, {'type': {'value': 178, 'displayName': 'StandingSave'}}, {'type': {'value': 56, 'displayName': 'Zone'}, 'value': 'Left'}, {'type': {'value': 213, 'displayName': 'Angle'}, 'value': '1.8'}]","[91, 119, 117, 30, 35, 37, 216, 218]",True,332325.0,52.8,92.6,,,,,,,,,
2465822159.0,145,15,11.0,29,48.2,92.4,15,"{'value': 1, 'displayName': 'FirstHalf'}","{'value': 1, 'displayName': 'Pass'}","{'value': 1, 'displayName': 'Successful'}","[{'type': {'value': 212, 'displayName': 'Length'}, 'value': '18.3'}, {'type': {'value': 140, 'displayName': 'PassEndX'}, 'value': '34.9'}, {'type': {'value': 178, 'displayName': 'StandingSave'}}, {'type': {'value': 213, 'displayName': 'Angle'}, 'value': '3.8'}, {'type': {'value': 141, 'displayName': 'PassEndY'}, 'value': '74.9'}, {'type': {'value': 56, 'displayName': 'Zone'}, 'value': 'Back'}]","[91, 117, 30, 35, 38, 216, 218]",True,68049.0,34.9,74.9,,,,,,,,,
2465822217.0,146,15,17.0,29,36.7,60.0,15,"{'value': 1, 'displayName': 'FirstHalf'}","{'value': 1, 'displayName': 'Pass'}","{'value': 1, 'displayName': 'Successful'}","[{'type': {'value': 141, 'displayName': 'PassEndY'}, 'value': '32.0'}, {'type': {'value': 178, 'displayName': 'StandingSave'}}, {'type': {'value': 140, 'displayName': 'PassEndX'}, 'value': '31.3'}, {'type': {'value': 56, 'displayName': 'Zone'}, 'value': 'Back'}, {'type': {'value': 212, 'displayName': 'Length'}, 'value': '19.9'}, {'type': {'value': 213, 'displayName': 'Angle'}, 'value': '4.4'}]","[91, 117, 30, 35, 38, 215, 218]",True,106086.0,31.3,32.0,,,,,,,,,
2465822277.0,147,15,20.0,29,33.4,28.0,15,"{'value': 1, 'displayName': 'FirstHalf'}","{'value': 1, 'displayName': 'Pass'}","{'value': 1, 'displayName': 'Successful'}","[{'type': {'value': 140, 'displayName': 'PassEndX'}, 'value': '42.2'}, {'type': {'value': 141, 'displayName': 'PassEndY'}, 'value': '40.3'}, {'type': {'value': 56, 'displayName': 'Zone'}, 'value': 'Back'}, {'type': {'value': 178, 'displayName': 'StandingSave'}}, {'type': {'value': 212, 'displayName': 'Length'}, 'value': '12.5'}, {'type': {'value': 213, 'displayName': 'Angle'}, 'value': '0.7'}]","[91, 117, 30, 36, 37, 216, 218]",True,73063.0,42.2,40.3,,,,,,,,,
2465822345.0,148,15,25.0,29,34.1,56.7,15,"{'value': 1, 'displayName': 'FirstHalf'}","{'value': 1, 'displayName': 'Pass'}","{'value': 1, 'displayName': 'Successful'}","[{'type': {'value': 140, 'displayName': 'PassEndX'}, 'value': '27.6'}, {'type': {'value': 56, 'displayName': 'Zone'}, 'value': 'Back'}, {'type': {'value': 141, 'displayName': 'PassEndY'}, 'value': '62.7'}, {'type': {'value': 213, 'displayName': 'Angle'}, 'value': '2.6'}, {'type': {'value': 212, 'displayName': 'Length'}, 'value': '8.0'}, {'type': {'value': 178, 'displayName': 'StandingSave'}}]","[91, 117, 30, 35, 37, 215, 218]",True,143595.0,27.6,62.7,,,,,,,,,
2465822445.0,149,15,28.0,29,30.9,64.4,15,"{'value': 1, 'displayName': 'FirstHalf'}","{'value': 1, 'displayName': 'Pass'}","{'value': 1, 'displayName': 'Successful'}","[{'type': {'value': 56, 'displayName': 'Zone'}, 'value': 'Back'}, {'type': {'value': 178, 'displayName': 'StandingSave'}}, {'type': {'value': 141, 'displayName': 'PassEndY'}, 'value': '65.9'}, {'type': {'value': 212, 'displayName': 'Length'}, 'value': '10.7'}, {'type': {'value': 140, 'displayName': 'PassEndX'}, 'value': '41.0'}, {'type': {'value': 213, 'displayName': 'Angle'}, 'value': '0.1'}]","[91, 117, 30, 36, 37, 216, 218]",True,106086.0,41.0,65.9,,,,,,,,,
2465822533.0,150,15,32.0,29,39.8,60.8,15,"{'value': 1, 'displayName': 'FirstHalf'}","{'value': 1, 'displayName': 'Pass'}","{'value': 1, 'displayName': 'Successful'}","[{'type': {'value': 155, 'displayName': 'Chipped'}}, {'type': {'value': 1, 'displayName': 'Longball'}}, {'type': {'value': 141, 'displayName': 'PassEndY'}, 'value': '7.4'}, {'type': {'value': 212, 'displayName': 'Length'}, 'value': '50.7'}, {'type': {'value': 140, 'displayName': 'PassEndX'}, 'value': '73.5'}, {'type': {'value': 213, 'displayName': 'Angle'}, 'value': '5.5'}, {'type': {'value': 56, 'displayName': 'Zone'}, 'value': 'Right'}, {'type': {'value': 178, 'displayName': 'StandingSave'}}]","[91, 119, 117, 124, 127, 205, 36, 38, 217, 218]",True,332325.0,73.5,7.4,,,,,,,,,
2465822607.0,151,15,37.0,29,74.8,18.2,15,"{'value': 1, 'displayName': 'FirstHalf'}","{'value': 1, 'displayName': 'Pass'}","{'value': 1, 'displayName': 'Successful'}","[{'type': {'value': 141, 'displayName': 'PassEndY'}, 'value': '29.0'}, {'type': {'value': 56, 'displayName': 'Zone'}, 'value': 'Center'}, {'type': {'value': 178, 'displayName': 'StandingSave'}}, {'type': {'value': 210, 'displayName': 'ShotAssist'}, 'value': '15'}, {'type': {'value': 140, 'displayName': 'PassEndX'}, 'value': '85.3'}, {'type': {'value': 212, 'displayName': 'Length'}, 'value': '13.2'}, {'type': {'value': 213, 'displayName': 'Angle'}, 'value': '0.6'}, {'type': {'value': 11113, 'displayName': 'KeyPass'}}]","[91, 119, 117, 30, 123, 205, 40, 46, 36, 37, 217, 218]",True,255167.0,85.3,29.0,,,,,,,,,
2465822617.0,152,15,40.0,29,85.3,33.1,15,"{'value': 1, 'displayName': 'FirstHalf'}","{'value': 15, 'displayName': 'SavedShot'}","{'value': 1, 'displayName': 'Successful'}","[{'type': {'value': 102, 'displayName': 'GoalMouthY'}, 'value': '50.3'}, {'type': {'value': 78, 'displayName': 'LowCentre'}}, {'type': {'value': 63, 'displayName': 'BoxRight'}}, {'type': {'value': 146, 'displayName': 'BlockedX'}, 'value': '98.2'}, {'type': {'value': 72, 'displayName': 'LeftFoot'}}, {'type': {'value': 55, 'displayName': 'RelatedEventId'}, 'value': '151'}, {'type': {'value': 147, 'displayName': 'BlockedY'}, 'value': '47.5'}, {'type': {'value': 56, 'displayName': 'Zone'}, 'value': 'Center'}, {'type': {'value': 233, 'displayName': 'OppositeRelatedEvent'}, 'value': '164'}, {'type': {'value': 103, 'displayName': 'GoalMouthZ'}, 'value': '3.2'}, {'type': {'value': 29, 'displayName': 'Assisted'}}, {'type': {'value': 178, 'displayName': 'StandingSave'}}, {'type': {'value': 22, 'displayName': 'RegularPlay'}}]","[91, 9, 10, 1, 3, 13]",True,322596.0,,,151.0,255167.0,98.2,47.5,3.2,50.3,True,,
2465822657.0,164,15,40.0,161,3.0,52.4,15,"{'value': 1, 'displayName': 'FirstHalf'}","{'value': 10, 'displayName': 'Save'}","{'value': 1, 'displayName': 'Successful'}","[{'type': {'value': 174, 'displayName': 'ParriedDanger'}}, {'type': {'value': 182, 'displayName': 'Hands'}}, {'type': {'value': 56, 'displayName': 'Zone'}, 'value': 'Back'}, {'type': {'value': 233, 'displayName': 'OppositeRelatedEvent'}, 'value': '152'}, {'type': {'value': 11115, 'displayName': 'KeeperSaveInTheBox'}}]","[91, 108, 113, 112, 77, 79, 81]",True,122714.0,,,,,,,,,,,
2465822801.0,166,15,41.0,161,5.7,46.2,15,"{'value': 1, 'displayName': 'FirstHalf'}","{'value': 12, 'displayName': 'Clearance'}","{'value': 1, 'displayName': 'Successful'}","[{'type': {'value': 140, 'displayName': 'PassEndX'}, 'value': '5.3'}, {'type': {'value': 213, 'displayName': 'Angle'}, 'value': '2.2'}, {'type': {'value': 56, 'displayName': 'Zone'}, 'value': 'Back'}, {'type': {'value': 141, 'displayName': 'PassEndY'}, 'value': '47.0'}, {'type': {'value': 178, 'displayName': 'StandingSave'}}, {'type': {'value': 212, 'displayName': 'Length'}, 'value': '0.7'}]","[91, 94, 95, 215]",True,115917.0,5.3,47.0,,,,,,,,,
2465822649.0,153,15,41.0,29,95.4,48.8,15,"{'value': 1, 'displayName': 'FirstHalf'}","{'value': 61, 'displayName': 'BallTouch'}","{'value': 1, 'displayName': 'Successful'}","[{'type': {'value': 178, 'displayName': 'StandingSave'}}, {'type': {'value': 56, 'displayName': 'Zone'}, 'value': 'Center'}]",[91],True,302650.0,,,,,,,,,,,
2465823129.0,167,16,9.0,161,4.3,50.7,16,"{'value': 1, 'displayName': 'FirstHalf'}","{'value': 1, 'displayName': 'Pass'}","{'value': 1, 'displayName': 'Successful'}","[{'type': {'value': 56, 'displayName': 'Zone'}, 'value': 'Back'}, {'type': {'value': 212, 'displayName': 'Length'}, 'value': '6.3'}, {'type': {'value': 213, 'displayName': 'Angle'}, 'value': '5.5'}, {'type': {'value': 141, 'displayName': 'PassEndY'}, 'value': '44.5'}, {'type': {'value': 140, 'displayName': 'PassEndX'}, 'value': '8.7'}, {'type': {'value': 124, 'displayName': 'GoalKick'}}]","[91, 117, 30, 36, 38, 215, 218]",True,122714.0,8.7,44.5,,,,,,,,,
2465987449.0,935,16,10.0,161,7.4,50.1,16,"{'value': 1, 'displayName': 'FirstHalf'}","{'value': 1, 'displayName': 'Pass'}","{'value': 1, 'displayName': 'Successful'}","[{'type': {'value': 56, 'displayName': 'Zone'}, 'value': 'Back'}, {'type': {'value': 212, 'displayName': 'Length'}, 'value': '17.7'}, {'type': {'value': 140, 'displayName': 'PassEndX'}, 'value': '11.0'}, {'type': {'value': 178, 'displayName': 'StandingSave'}}, {'type': {'value': 213, 'displayName': 'Angle'}, 'value': '1.4'}, {'type': {'value': 141, 'displayName': 'PassEndY'}, 'value': '75.5'}]","[91, 117, 30, 36, 37, 215, 218]",True,238244.0,11.0,75.5,,,,,,,,,
2465823191.0,169,16,14.0,161,15.4,88.9,16,"{'value': 1, 'displayName': 'FirstHalf'}","{'value': 1, 'displayName': 'Pass'}","{'value': 1, 'displayName': 'Successful'}","[{'type': {'value': 56, 'displayName': 'Zone'}, 'value': 'Back'}, {'type': {'value': 141, 'displayName': 'PassEndY'}, 'value': '66.1'}, {'type': {'value': 140, 'displayName': 'PassEndX'}, 'value': '7.4'}, {'type': {'value': 212, 'displayName': 'Length'}, 'value': '17.6'}, {'type': {'value': 178, 'displayName': 'StandingSave'}}, {'type': {'value': 213, 'displayName': 'Angle'}, 'value': '4.2'}]","[91, 117, 30, 35, 38, 215, 218]",True,368310.0,7.4,66.1,,,,,,,,,
2465823235.0,170,16,17.0,161,7.9,66.6,16,"{'value': 1, 'displayName': 'FirstHalf'}","{'value': 1, 'displayName': 'Pass'}","{'value': 1, 'displayName': 'Successful'}","[{'type': {'value': 56, 'displayName': 'Zone'}, 'value': 'Back'}, {'type': {'value': 140, 'displayName': 'PassEndX'}, 'value': '40.0'}, {'type': {'value': 178, 'displayName': 'StandingSave'}}, {'type': {'value': 212, 'displayName': 'Length'}, 'value': '34.5'}, {'type': {'value': 1, 'displayName': 'Longball'}}, {'type': {'value': 141, 'displayName': 'PassEndY'}, 'value': '77.6'}, {'type': {'value': 213, 'displayName': 'Angle'}, 'value': '0.2'}]","[91, 117, 127, 36, 37, 216, 218]",True,122714.0,40.0,77.6,,,,,,,,,
2465823243.0,171,16,19.0,161,40.0,77.6,16,"{'value': 1, 'displayName': 'FirstHalf'}","{'value': 1, 'displayName': 'Pass'}","{'value': 0, 'displayName': 'Unsuccessful'}","[{'type': {'value': 212, 'displayName': 'Length'}, 'value': '7.9'}, {'type': {'value': 141, 'displayName': 'PassEndY'}, 'value': '85.3'}, {'type': {'value': 21, 'displayName': 'OtherBodyPart'}}, {'type': {'value': 56, 'displayName': 'Zone'}, 'value': 'Back'}, {'type': {'value': 178, 'displayName': 'StandingSave'}}, {'type': {'value': 213, 'displayName': 'Angle'}, 'value': '0.7'}, {'type': {'value': 140, 'displayName': 'PassEndX'}, 'value': '45.6'}]","[91, 118, 120, 29, 36, 37, 216, 218]",True,337916.0,45.6,85.3,,,,,,,,,
2465823231.0,155,16,19.0,29,61.3,10.6,16,"{'value': 1, 'displayName': 'FirstHalf'}","{'value': 49, 'displayName': 'BallRecovery'}","{'value': 1, 'displayName': 'Successful'}",[],[93],False,255167.0,,,,,,,,,,,
2465823251.0,156,16,21.0,29,61.3,10.4,16,"{'value': 1, 'displayName': 'FirstHalf'}","{'value': 1, 'displayName': 'Pass'}","{'value': 1, 'displayName': 'Successful'}","[{'type': {'value': 178, 'displayName': 'StandingSave'}}, {'type': {'value': 212, 'displayName': 'Length'}, 'value': '4.8'}, {'type': {'value': 213, 'displayName': 'Angle'}, 'value': '1.3'}, {'type': {'value': 56, 'displayName': 'Zone'}, 'value': 'Right'}, {'type': {'value': 141, 'displayName': 'PassEndY'}, 'value': '17.3'}, {'type': {'value': 140, 'displayName': 'PassEndX'}, 'value': '62.4'}]","[91, 119, 117, 30, 36, 37, 216, 218]",True,255167.0,62.4,17.3,,,,,,,,,
2465823279.0,157,16,22.0,29,62.4,17.3,16,"{'value': 1, 'displayName': 'FirstHalf'}","{'value': 1, 'displayName': 'Pass'}","{'value': 1, 'displayName': 'Successful'}","[{'type': {'value': 141, 'displayName': 'PassEndY'}, 'value': '11.2'}, {'type': {'value': 140, 'displayName': 'PassEndX'}, 'value': '71.6'}, {'type': {'value': 56, 'displayName': 'Zone'}, 'value': 'Right'}, {'type': {'value': 178, 'displayName': 'StandingSave'}}, {'type': {'value': 213, 'displayName': 'Angle'}, 'value': '5.9'}, {'type': {'value': 212, 'displayName': 'Length'}, 'value': '10.5'}]","[91, 119, 117, 30, 205, 36, 38, 217, 218]",True,143595.0,71.6,11.2,,,,,,,,,
2465823299.0,158,16,24.0,29,72.9,14.8,16,"{'value': 1, 'displayName': 'FirstHalf'}","{'value': 1, 'displayName': 'Pass'}","{'value': 0, 'displayName': 'Unsuccessful'}","[{'type': {'value': 140, 'displayName': 'PassEndX'}, 'value': '74.0'}, {'type': {'value': 56, 'displayName': 'Zone'}, 'value': 'Right'}, {'type': {'value': 141, 'displayName': 'PassEndY'}, 'value': '19.9'}, {'type': {'value': 213, 'displayName': 'Angle'}, 'value': '1.2'}, {'type': {'value': 178, 'displayName': 'StandingSave'}}, {'type': {'value': 212, 'displayName': 'Length'}, 'value': '3.7'}]","[91, 120, 29, 36, 37, 217, 218]",True,322596.0,74.0,19.9,,,,,,,,,
2465823323.0,172,16,24.0,161,29.3,71.1,16,"{'value': 1, 'displayName': 'FirstHalf'}","{'value': 61, 'displayName': 'BallTouch'}","{'value': 1, 'displayName': 'Successful'}","[{'type': {'value': 178, 'displayName': 'StandingSave'}}, {'type': {'value': 56, 'displayName': 'Zone'}, 'value': 'Back'}]",[91],True,16161.0,,,,,,,,,,,
2465823393.0,159,16,26.0,29,74.0,47.3,16,"{'value': 1, 'displayName': 'FirstHalf'}","{'value': 1, 'displayName': 'Pass'}","{'value': 1, 'displayName': 'Successful'}","[{'type': {'value': 56, 'displayName': 'Zone'}, 'value': 'Center'}, {'type': {'value': 141, 'displayName': 'PassEndY'}, 'value': '47.6'}, {'type': {'value': 213, 'displayName': 'Angle'}, 'value': '3.1'}, {'type': {'value': 140, 'displayName': 'PassEndX'}, 'value': '65.7'}, {'type': {'value': 212, 'displayName': 'Length'}, 'value': '8.7'}, {'type': {'value': 178, 'displayName': 'StandingSave'}}]","[91, 119, 117, 30, 35, 37, 216, 218]",True,302650.0,65.7,47.6,,,,,,,,,
2465823413.0,160,16,31.0,29,65.1,25.9,16,"{'value': 1, 'displayName': 'FirstHalf'}","{'value': 1, 'displayName': 'Pass'}","{'value': 1, 'displayName': 'Successful'}","[{'type': {'value': 56, 'displayName': 'Zone'}, 'value': 'Center'}, {'type': {'value': 212, 'displayName': 'Length'}, 'value': '7.2'}, {'type': {'value': 140, 'displayName': 'PassEndX'}, 'value': '71.9'}, {'type': {'value': 213, 'displayName': 'Angle'}, 'value': '6.2'}, {'type': {'value': 141, 'displayName': 'PassEndY'}, 'value': '25.1'}, {'type': {'value': 178, 'displayName': 'StandingSave'}}]","[91, 119, 117, 30, 205, 36, 38, 217, 218]",True,332325.0,71.9,25.1,,,,,,,,,
2465823435.0,161,16,32.0,29,71.9,25.1,16,"{'value': 1, 'displayName': 'FirstHalf'}","{'value': 1, 'displayName': 'Pass'}","{'value': 1, 'displayName': 'Successful'}","[{'type': {'value': 56, 'displayName': 'Zone'}, 'value': 'Center'}, {'type': {'value': 140, 'displayName': 'PassEndX'}, 'value': '71.2'}, {'type': {'value': 178, 'displayName': 'StandingSave'}}, {'type': {'value': 212, 'displayName': 'Length'}, 'value': '6.1'}, {'type': {'value': 213, 'displayName': 'Angle'}, 'value': '1.7'}, {'type': {'value': 141, 'displayName': 'PassEndY'}, 'value': '34.0'}]","[91, 119, 117, 30, 205, 35, 37, 217, 218]",True,322596.0,71.2,34.0,,,,,,,,,
2465823465.0,162,16,33.0,29,71.2,34.0,16,"{'value': 1, 'displayName': 'FirstHalf'}","{'value': 1, 'displayName': 'Pass'}","{'value': 1, 'displayName': 'Successful'}","[{'type': {'value': 141, 'displayName': 'PassEndY'}, 'value': '36.1'}, {'type': {'value': 140, 'displayName': 'PassEndX'}, 'value': '63.8'}, {'type': {'value': 56, 'displayName': 'Zone'}, 'value': 'Center'}, {'type': {'value': 212, 'displayName': 'Length'}, 'value': '7.9'}, {'type': {'value': 178, 'displayName': 'StandingSave'}}, {'type': {'value': 213, 'displayName': 'Angle'}, 'value': '3.0'}]","[91, 119, 117, 30, 35, 37, 216, 218]",True,319756.0,63.8,36.1,,,,,,,,,
2465823535.0,163,16,35.0,29,63.8,36.4,16,"{'value': 1, 'displayName': 'FirstHalf'}","{'value': 1, 'displayName': 'Pass'}","{'value': 1, 'displayName': 'Successful'}","[{'type': {'value': 140, 'displayName': 'PassEndX'}, 'value': '86.8'}, {'type': {'value': 178, 'displayName': 'StandingSave'}}, {'type': {'value': 212, 'displayName': 'Length'}, 'value': '46.7'}, {'type': {'value': 141, 'displayName': 'PassEndY'}, 'value': '95.1'}, {'type': {'value': 1, 'displayName': 'Longball'}}, {'type': {'value': 56, 'displayName': 'Zone'}, 'value': 'Left'}, {'type': {'value': 213, 'displayName': 'Angle'}, 'value': '1.0'}, {'type': {'value': 155, 'displayName': 'Chipped'}}]","[91, 119, 117, 124, 127, 205, 36, 37, 217, 218]",True,332325.0,86.8,95.1,,,,,,,,,
2465823591.0,164,16,38.0,29,86.8,94.2,16,"{'value': 1, 'displayName': 'FirstHalf'}","{'value': 1, 'displayName': 'Pass'}","{'value': 1, 'displayName': 'Successful'}","[{'type': {'value': 56, 'displayName': 'Zone'}, 'value': 'Left'}, {'type': {'value': 178, 'displayName': 'StandingSave'}}, {'type': {'value': 213, 'displayName': 'Angle'}, 'value': '3.4'}, {'type': {'value': 212, 'displayName': 'Length'}, 'value': '19.2'}, {'type': {'value': 140, 'displayName': 'PassEndX'}, 'value': '69.2'}, {'type': {'value': 141, 'displayName': 'PassEndY'}, 'value': '86.4'}]","[91, 119, 117, 30, 205, 35, 38, 217, 218]",True,68049.0,69.2,86.4,,,,,,,,,
2465823647.0,165,16,41.0,29,68.9,86.0,16,"{'value': 1, 'displayName': 'FirstHalf'}","{'value': 1, 'displayName': 'Pass'}","{'value': 1, 'displayName': 'Successful'}","[{'type': {'value': 56, 'displayName': 'Zone'}, 'value': 'Center'}, {'type': {'value': 212, 'displayName': 'Length'}, 'value': '19.1'}, {'type': {'value': 178, 'displayName': 'StandingSave'}}, {'type': {'value': 213, 'displayName': 'Angle'}, 'value': '3.6'}, {'type': {'value': 141, 'displayName': 'PassEndY'}, 'value': '72.6'}, {'type': {'value': 140, 'displayName': 'PassEndX'}, 'value': '52.9'}]","[91, 119, 117, 30, 35, 38, 216, 218]",True,125004.0,52.9,72.6,,,,,,,,,
2465823849.0,166,16,44.0,29,52.4,72.2,16,"{'value': 1, 'displayName': 'FirstHalf'}","{'value': 1, 'displayName': 'Pass'}","{'value': 1, 'displayName': 'Successful'}","[{'type': {'value': 213, 'displayName': 'Angle'}, 'value': '4.4'}, {'type': {'value': 56, 'displayName': 'Zone'}, 'value': 'Back'}, {'type': {'value': 212, 'displayName': 'Length'}, 'value': '19.4'}, {'type': {'value': 178, 'displayName': 'StandingSave'}}, {'type': {'value': 141, 'displayName': 'PassEndY'}, 'value': '44.9'}, {'type': {'value': 140, 'displayName': 'PassEndX'}, 'value': '46.9'}]","[91, 117, 30, 35, 38, 216, 218]",True,106086.0,46.9,44.9,,,,,,,,,
2465825851.0,170,18,51.0,29,47.6,35.3,18,"{'value': 1, 'displayName': 'FirstHalf'}","{'value': 1, 'displayName': 'Pass'}","{'value': 1, 'displayName': 'Successful'}","[{'type': {'value': 56, 'displayName': 'Zone'}, 'value': 'Back'}, {'type': {'value': 140, 'displayName': 'PassEndX'}, 'value': '45.4'}, {'type': {'value': 212, 'displayName': 'Length'}, 'value': '14.9'}, {'type': {'value': 178, 'displayName': 'StandingSave'}}, {'type': {'value': 141, 'displayName': 'PassEndY'}, 'value': '56.9'}, {'type': {'value': 213, 'displayName': 'Angle'}, 'value': '1.7'}]","[91, 117, 30, 35, 37, 216, 218]",True,73063.0,45.4,56.9,,,,,,,,,
2465989191.0,722,18,54.0,29,45.0,56.2,18,"{'value': 1, 'displayName': 'FirstHalf'}","{'value': 1, 'displayName': 'Pass'}","{'value': 1, 'displayName': 'Successful'}","[{'type': {'value': 141, 'displayName': 'PassEndY'}, 'value': '79.2'}, {'type': {'value': 213, 'displayName': 'Angle'}, 'value': '1.1'}, {'type': {'value': 212, 'displayName': 'Length'}, 'value': '17.9'}, {'type': {'value': 178, 'displayName': 'StandingSave'}}, {'type': {'value': 140, 'displayName': 'PassEndX'}, 'value': '53.2'}, {'type': {'value': 56, 'displayName': 'Zone'}, 'value': 'Left'}]","[91, 119, 117, 30, 36, 37, 216, 218]",True,106086.0,53.2,79.2,,,,,,,,,
2465825885.0,171,18,56.0,29,54.0,79.8,18,"{'value': 1, 'displayName': 'FirstHalf'}","{'value': 1, 'displayName': 'Pass'}","{'value': 1, 'displayName': 'Successful'}","[{'type': {'value': 140, 'displayName': 'PassEndX'}, 'value': '47.9'}, {'type': {'value': 213, 'displayName': 'Angle'}, 'value': '4.4'}, {'type': {'value': 141, 'displayName': 'PassEndY'}, 'value': '52.8'}, {'type': {'value': 56, 'displayName': 'Zone'}, 'value': 'Back'}, {'type': {'value': 212, 'displayName': 'Length'}, 'value': '19.4'}, {'type': {'value': 178, 'displayName': 'StandingSave'}}]","[91, 117, 30, 35, 38, 216, 218]",True,68049.0,47.9,52.8,,,,,,,,,
2465825919.0,172,18,59.0,29,47.8,51.3,18,"{'value': 1, 'displayName': 'FirstHalf'}","{'value': 1, 'displayName': 'Pass'}","{'value': 0, 'displayName': 'Unsuccessful'}","[{'type': {'value': 56, 'displayName': 'Zone'}, 'value': 'Center'}, {'type': {'value': 140, 'displayName': 'PassEndX'}, 'value': '84.9'}, {'type': {'value': 212, 'displayName': 'Length'}, 'value': '42.6'}, {'type': {'value': 178, 'displayName': 'StandingSave'}}, {'type': {'value': 155, 'displayName': 'Chipped'}}, {'type': {'value': 1, 'displayName': 'Longball'}}, {'type': {'value': 213, 'displayName': 'Angle'}, 'value': '5.9'}, {'type': {'value': 141, 'displayName': 'PassEndY'}, 'value': '26.0'}]","[91, 120, 124, 128, 36, 38, 217, 218]",True,332325.0,84.9,26.0,,,,,,,,,
2465825969.0,177,19,1.0,161,14.9,68.4,19,"{'value': 1, 'displayName': 'FirstHalf'}","{'value': 1, 'displayName': 'Pass'}","{'value': 1, 'displayName': 'Successful'}","[{'type': {'value': 213, 'displayName': 'Angle'}, 'value': '0.9'}, {'type': {'value': 212, 'displayName': 'Length'}, 'value': '20.3'}, {'type': {'value': 140, 'displayName': 'PassEndX'}, 'value': '27.2'}, {'type': {'value': 3, 'displayName': 'HeadPass'}}, {'type': {'value': 178, 'displayName': 'StandingSave'}}, {'type': {'value': 56, 'displayName': 'Zone'}, 'value': 'Back'}, {'type': {'value': 141, 'displayName': 'PassEndY'}, 'value': '91.5'}]","[91, 117, 30, 139, 36, 37, 215, 218]",True,355401.0,27.2,91.5,,,,,,,,,
2465825979.0,178,19,4.0,161,27.2,91.7,19,"{'value': 1, 'displayName': 'FirstHalf'}","{'value': 1, 'displayName': 'Pass'}","{'value': 1, 'displayName': 'Successful'}","[{'type': {'value': 212, 'displayName': 'Length'}, 'value': '12.8'}, {'type': {'value': 213, 'displayName': 'Angle'}, 'value': '3.0'}, {'type': {'value': 56, 'displayName': 'Zone'}, 'value': 'Back'}, {'type': {'value': 141, 'displayName': 'PassEndY'}, 'value': '93.6'}, {'type': {'value': 140, 'displayName': 'PassEndX'}, 'value': '15.1'}, {'type': {'value': 3, 'displayName': 'HeadPass'}}]","[91, 117, 30, 139, 35, 37, 215, 218]",True,247995.0,15.1,93.6,,,,,,,,,
2465825989.0,179,19,5.0,161,15.1,94.5,19,"{'value': 1, 'displayName': 'FirstHalf'}","{'value': 49, 'displayName': 'BallRecovery'}","{'value': 1, 'displayName': 'Successful'}",[],[93],False,355401.0,,,,,,,,,,,
2465826063.0,180,19,5.0,161,15.1,94.5,19,"{'value': 1, 'displayName': 'FirstHalf'}","{'value': 1, 'displayName': 'Pass'}","{'value': 1, 'displayName': 'Successful'}","[{'type': {'value': 56, 'displayName': 'Zone'}, 'value': 'Back'}, {'type': {'value': 213, 'displayName': 'Angle'}, 'value': '0.2'}, {'type': {'value': 212, 'displayName': 'Length'}, 'value': '8.7'}, {'type': {'value': 140, 'displayName': 'PassEndX'}, 'value': '23.2'}, {'type': {'value': 178, 'displayName': 'StandingSave'}}, {'type': {'value': 141, 'displayName': 'PassEndY'}, 'value': '97.5'}]","[91, 117, 30, 36, 37, 215, 218]",True,355401.0,23.2,97.5,,,,,,,,,
2465826163.0,181,19,8.0,161,23.8,96.6,19,"{'value': 1, 'displayName': 'FirstHalf'}","{'value': 1, 'displayName': 'Pass'}","{'value': 1, 'displayName': 'Successful'}","[{'type': {'value': 141, 'displayName': 'PassEndY'}, 'value': '92.4'}, {'type': {'value': 140, 'displayName': 'PassEndX'}, 'value': '38.2'}, {'type': {'value': 212, 'displayName': 'Length'}, 'value': '15.4'}, {'type': {'value': 178, 'displayName': 'StandingSave'}}, {'type': {'value': 213, 'displayName': 'Angle'}, 'value': '6.1'}, {'type': {'value': 56, 'displayName': 'Zone'}, 'value': 'Back'}]","[91, 117, 30, 36, 38, 216, 218]",True,247995.0,38.2,92.4,,,,,,,,,
2466193993.0,1009,19,10.0,161,38.2,91.5,19,"{'value': 1, 'displayName': 'FirstHalf'}","{'value': 3, 'displayName': 'TakeOn'}","{'value': 1, 'displayName': 'Successful'}","[{'type': {'value': 233, 'displayName': 'OppositeRelatedEvent'}, 'value': '1228'}, {'type': {'value': 56, 'displayName': 'Zone'}, 'value': 'Back'}, {'type': {'value': 286, 'displayName': 'Offensive'}}]","[91, 54]",True,394933.0,,,,,,,,,,,
2503154825.0,1228,19,10.0,29,61.8,8.5,19,"{'value': 1, 'displayName': 'FirstHalf'}","{'value': 45, 'displayName': 'Challenge'}","{'value': 0, 'displayName': 'Unsuccessful'}","[{'type': {'value': 56, 'displayName': 'Zone'}, 'value': 'Right'}, {'type': {'value': 285, 'displayName': 'Defensive'}}, {'type': {'value': 233, 'displayName': 'OppositeRelatedEvent'}, 'value': '1009'}]",[55],False,319756.0,,,,,,,,,,,
2465826197.0,182,19,14.0,161,62.0,71.5,19,"{'value': 1, 'displayName': 'FirstHalf'}","{'value': 1, 'displayName': 'Pass'}","{'value': 1, 'displayName': 'Successful'}","[{'type': {'value': 213, 'displayName': 'Angle'}, 'value': '4.8'}, {'type': {'value': 56, 'displayName': 'Zone'}, 'value': 'Center'}, {'type': {'value': 141, 'displayName': 'PassEndY'}, 'value': '39.1'}, {'type': {'value': 212, 'displayName': 'Length'}, 'value': '22.1'}, {'type': {'value': 140, 'displayName': 'PassEndX'}, 'value': '63.6'}, {'type': {'value': 178, 'displayName': 'StandingSave'}}]","[91, 119, 117, 30, 36, 38, 216, 218]",True,394933.0,63.6,39.1,,,,,,,,,
2465826265.0,183,19,18.0,161,66.2,36.7,19,"{'value': 1, 'displayName': 'FirstHalf'}","{'value': 1, 'displayName': 'Pass'}","{'value': 1, 'displayName': 'Successful'}","[{'type': {'value': 212, 'displayName': 'Length'}, 'value': '19.4'}, {'type': {'value': 213, 'displayName': 'Angle'}, 'value': '5.4'}, {'type': {'value': 141, 'displayName': 'PassEndY'}, 'value': '14.3'}, {'type': {'value': 178, 'displayName': 'StandingSave'}}, {'type': {'value': 140, 'displayName': 'PassEndX'}, 'value': '77.6'}, {'type': {'value': 56, 'displayName': 'Zone'}, 'value': 'Right'}]","[91, 119, 117, 30, 205, 36, 38, 217, 218]",True,247995.0,77.6,14.3,,,,,,,,,
2465989951.0,936,19,21.0,161,74.3,19.6,19,"{'value': 1, 'displayName': 'FirstHalf'}","{'value': 3, 'displayName': 'TakeOn'}","{'value': 0, 'displayName': 'Unsuccessful'}","[{'type': {'value': 56, 'displayName': 'Zone'}, 'value': 'Right'}, {'type': {'value': 178, 'displayName': 'StandingSave'}}, {'type': {'value': 286, 'displayName': 'Offensive'}}]","[91, 53]",True,296363.0,,,,,,,,,,,
2465826271.0,184,19,22.0,161,77.1,16.7,19,"{'value': 1, 'displayName': 'FirstHalf'}","{'value': 4, 'displayName': 'Foul'}","{'value': 1, 'displayName': 'Successful'}","[{'type': {'value': 56, 'displayName': 'Zone'}, 'value': 'Right'}, {'type': {'value': 13, 'displayName': 'Foul'}}, {'type': {'value': 286, 'displayName': 'Offensive'}}, {'type': {'value': 233, 'displayName': 'OppositeRelatedEvent'}, 'value': '173'}]","[91, 63]",True,296363.0,,,,,,,,,,,
2465826287.0,173,19,22.0,29,22.9,83.3,19,"{'value': 1, 'displayName': 'FirstHalf'}","{'value': 4, 'displayName': 'Foul'}","{'value': 0, 'displayName': 'Unsuccessful'}","[{'type': {'value': 13, 'displayName': 'Foul'}}, {'type': {'value': 285, 'displayName': 'Defensive'}}, {'type': {'value': 178, 'displayName': 'StandingSave'}}, {'type': {'value': 56, 'displayName': 'Zone'}, 'value': 'Back'}, {'type': {'value': 233, 'displayName': 'OppositeRelatedEvent'}, 'value': '184'}]",[64],False,125004.0,,,,,,,,,,,
2465827059.0,185,20,15.0,161,77.1,15.2,20,"{'value': 1, 'displayName': 'FirstHalf'}","{'value': 1, 'displayName': 'Pass'}","{'value': 0, 'displayName': 'Unsuccessful'}","[{'type': {'value': 212, 'displayName': 'Length'}, 'value': '45.7'}, {'type': {'value': 2, 'displayName': 'Cross'}}, {'type': {'value': 178, 'displayName': 'StandingSave'}}, {'type': {'value': 5, 'displayName': 'FreekickTaken'}}, {'type': {'value': 141, 'displayName': 'PassEndY'}, 'value': '70.9'}, {'type': {'value': 155, 'displayName': 'Chipped'}}, {'type': {'value': 140, 'displayName': 'PassEndX'}, 'value': '100.0'}, {'type': {'value': 1, 'displayName': 'Longball'}}, {'type': {'value': 20, 'displayName': 'RightFoot'}}, {'type': {'value': 213, 'displayName': 'Angle'}, 'value': '1.0'}, {'type': {'value': 56, 'displayName': 'Zone'}, 'value': 'Center'}]","[91, 137, 124, 126, 36, 37, 217, 218]",True,247995.0,100.0,70.9,,,,,,,,,
2465827275.0,175,20,27.0,29,3.6,40.4,20,"{'value': 1, 'displayName': 'FirstHalf'}","{'value': 1, 'displayName': 'Pass'}","{'value': 1, 'displayName': 'Successful'}","[{'type': {'value': 124, 'displayName': 'GoalKick'}}, {'type': {'value': 213, 'displayName': 'Angle'}, 'value': '5.4'}, {'type': {'value': 140, 'displayName': 'PassEndX'}, 'value': '12.8'}, {'type': {'value': 56, 'displayName': 'Zone'}, 'value': 'Back'}, {'type': {'value': 212, 'displayName': 'Length'}, 'value': '14.4'}, {'type': {'value': 141, 'displayName': 'PassEndY'}, 'value': '24.6'}]","[91, 117, 30, 36, 38, 215, 218]",True,20973.0,12.8,24.6,,,,,,,,,
2465990479.0,723,20,30.0,29,12.3,23.1,20,"{'value': 1, 'displayName': 'FirstHalf'}","{'value': 1, 'displayName': 'Pass'}","{'value': 1, 'displayName': 'Successful'}","[{'type': {'value': 212, 'displayName': 'Length'}, 'value': '14.4'}, {'type': {'value': 213, 'displayName': 'Angle'}, 'value': '5.7'}, {'type': {'value': 178, 'displayName': 'StandingSave'}}, {'type': {'value': 141, 'displayName': 'PassEndY'}, 'value': '11.3'}, {'type': {'value': 56, 'displayName': 'Zone'}, 'value': 'Back'}, {'type': {'value': 140, 'displayName': 'PassEndX'}, 'value': '23.7'}]","[91, 117, 30, 36, 38, 215, 218]",True,73063.0,23.7,11.3,,,,,,,,,
2465990581.0,724,20,33.0,29,23.7,11.3,20,"{'value': 1, 'displayName': 'FirstHalf'}","{'value': 1, 'displayName': 'Pass'}","{'value': 1, 'displayName': 'Successful'}","[{'type': {'value': 212, 'displayName': 'Length'}, 'value': '13.4'}, {'type': {'value': 213, 'displayName': 'Angle'}, 'value': '1.2'}, {'type': {'value': 141, 'displayName': 'PassEndY'}, 'value': '29.4'}, {'type': {'value': 56, 'displayName': 'Zone'}, 'value': 'Back'}, {'type': {'value': 178, 'displayName': 'StandingSave'}}, {'type': {'value': 140, 'displayName': 'PassEndX'}, 'value': '28.7'}]","[91, 117, 30, 36, 37, 215, 218]",True,255167.0,28.7,29.4,,,,,,,,,
2465990679.0,725,20,35.0,29,28.7,29.4,20,"{'value': 1, 'displayName': 'FirstHalf'}","{'value': 1, 'displayName': 'Pass'}","{'value': 1, 'displayName': 'Successful'}","[{'type': {'value': 212, 'displayName': 'Length'}, 'value': '19.2'}, {'type': {'value': 141, 'displayName': 'PassEndY'}, 'value': '57.6'}, {'type': {'value': 213, 'displayName': 'Angle'}, 'value': '1.6'}, {'type': {'value': 178, 'displayName': 'StandingSave'}}, {'type': {'value': 140, 'displayName': 'PassEndX'}, 'value': '28.1'}, {'type': {'value': 56, 'displayName': 'Zone'}, 'value': 'Back'}]","[91, 117, 30, 35, 37, 215, 218]",True,143595.0,28.1,57.6,,,,,,,,,
2465827303.0,176,20,37.0,29,27.6,56.9,20,"{'value': 1, 'displayName': 'FirstHalf'}","{'value': 1, 'displayName': 'Pass'}","{'value': 1, 'displayName': 'Successful'}","[{'type': {'value': 178, 'displayName': 'StandingSave'}}, {'type': {'value': 56, 'displayName': 'Zone'}, 'value': 'Back'}, {'type': {'value': 213, 'displayName': 'Angle'}, 'value': '0.5'}, {'type': {'value': 141, 'displayName': 'PassEndY'}, 'value': '67.8'}, {'type': {'value': 140, 'displayName': 'PassEndX'}, 'value': '40.4'}, {'type': {'value': 212, 'displayName': 'Length'}, 'value': '15.3'}]","[91, 117, 30, 36, 37, 216, 218]",True,332325.0,40.4,67.8,,,,,,,,,
2465827377.0,177,20,41.0,29,40.4,67.8,20,"{'value': 1, 'displayName': 'FirstHalf'}","{'value': 1, 'displayName': 'Pass'}","{'value': 1, 'displayName': 'Successful'}","[{'type': {'value': 56, 'displayName': 'Zone'}, 'value': 'Back'}, {'type': {'value': 213, 'displayName': 'Angle'}, 'value': '5.3'}, {'type': {'value': 212, 'displayName': 'Length'}, 'value': '14.2'}, {'type': {'value': 178, 'displayName': 'StandingSave'}}, {'type': {'value': 140, 'displayName': 'PassEndX'}, 'value': '47.4'}, {'type': {'value': 141, 'displayName': 'PassEndY'}, 'value': '49.9'}]","[91, 117, 30, 36, 38, 216, 218]",True,319756.0,47.4,49.9,,,,,,,,,
2465827431.0,178,20,43.0,29,53.2,55.1,20,"{'value': 1, 'displayName': 'FirstHalf'}","{'value': 1, 'displayName': 'Pass'}","{'value': 1, 'displayName': 'Successful'}","[{'type': {'value': 56, 'displayName': 'Zone'}, 'value': 'Center'}, {'type': {'value': 141, 'displayName': 'PassEndY'}, 'value': '59.6'}, {'type': {'value': 140, 'displayName': 'PassEndX'}, 'value': '51.4'}, {'type': {'value': 212, 'displayName': 'Length'}, 'value': '3.6'}, {'type': {'value': 178, 'displayName': 'StandingSave'}}, {'type': {'value': 213, 'displayName': 'Angle'}, 'value': '2.1'}]","[91, 119, 117, 30, 35, 37, 216, 218]",True,143595.0,51.4,59.6,,,,,,,,,
2465827463.0,179,20,47.0,29,45.8,71.3,20,"{'value': 1, 'displayName': 'FirstHalf'}","{'value': 1, 'displayName': 'Pass'}","{'value': 1, 'displayName': 'Successful'}","[{'type': {'value': 212, 'displayName': 'Length'}, 'value': '19.6'}, {'type': {'value': 140, 'displayName': 'PassEndX'}, 'value': '64.2'}, {'type': {'value': 141, 'displayName': 'PassEndY'}, 'value': '76.1'}, {'type': {'value': 56, 'displayName': 'Zone'}, 'value': 'Center'}, {'type': {'value': 213, 'displayName': 'Angle'}, 'value': '0.2'}, {'type': {'value': 178, 'displayName': 'StandingSave'}}]","[91, 119, 117, 30, 36, 37, 216, 218]",True,332325.0,64.2,76.1,,,,,,,,,
2465827525.0,180,20,50.0,29,63.2,75.5,20,"{'value': 1, 'displayName': 'FirstHalf'}","{'value': 1, 'displayName': 'Pass'}","{'value': 1, 'displayName': 'Successful'}","[{'type': {'value': 178, 'displayName': 'StandingSave'}}, {'type': {'value': 212, 'displayName': 'Length'}, 'value': '10.1'}, {'type': {'value': 140, 'displayName': 'PassEndX'}, 'value': '64.8'}, {'type': {'value': 213, 'displayName': 'Angle'}, 'value': '4.9'}, {'type': {'value': 141, 'displayName': 'PassEndY'}, 'value': '60.9'}, {'type': {'value': 56, 'displayName': 'Zone'}, 'value': 'Center'}]","[91, 119, 117, 30, 36, 38, 216, 218]",True,143595.0,64.8,60.9,,,,,,,,,
2465827567.0,181,20,56.0,29,62.3,45.5,20,"{'value': 1, 'displayName': 'FirstHalf'}","{'value': 1, 'displayName': 'Pass'}","{'value': 0, 'displayName': 'Unsuccessful'}","[{'type': {'value': 56, 'displayName': 'Zone'}, 'value': 'Center'}, {'type': {'value': 140, 'displayName': 'PassEndX'}, 'value': '70.3'}, {'type': {'value': 212, 'displayName': 'Length'}, 'value': '12.6'}, {'type': {'value': 141, 'displayName': 'PassEndY'}, 'value': '59.3'}, {'type': {'value': 178, 'displayName': 'StandingSave'}}, {'type': {'value': 213, 'displayName': 'Angle'}, 'value': '0.8'}]","[91, 120, 29, 36, 37, 217, 218]",True,319756.0,70.3,59.3,,,,,,,,,
2465827983.0,190,20,57.0,161,30.2,35.4,20,"{'value': 1, 'displayName': 'FirstHalf'}","{'value': 8, 'displayName': 'Interception'}","{'value': 1, 'displayName': 'Successful'}","[{'type': {'value': 56, 'displayName': 'Zone'}, 'value': 'Back'}, {'type': {'value': 178, 'displayName': 'StandingSave'}}]","[91, 101, 56]",True,115917.0,,,,,,,,,,,
2465827625.0,187,20,59.0,161,32.1,41.2,20,"{'value': 1, 'displayName': 'FirstHalf'}","{'value': 1, 'displayName': 'Pass'}","{'value': 0, 'displayName': 'Unsuccessful'}","[{'type': {'value': 212, 'displayName': 'Length'}, 'value': '4.1'}, {'type': {'value': 1, 'displayName': 'Longball'}}, {'type': {'value': 178, 'displayName': 'StandingSave'}}, {'type': {'value': 141, 'displayName': 'PassEndY'}, 'value': '43.4'}, {'type': {'value': 140, 'displayName': 'PassEndX'}, 'value': '28.5'}, {'type': {'value': 56, 'displayName': 'Zone'}, 'value': 'Back'}, {'type': {'value': 213, 'displayName': 'Angle'}, 'value': '2.8'}]","[91, 118, 120, 128, 35, 37, 215, 218]",True,16161.0,28.5,43.4,,,,,,,,,
2465828105.0,184,20,59.0,29,66.7,47.5,20,"{'value': 1, 'displayName': 'FirstHalf'}","{'value': 61, 'displayName': 'BallTouch'}","{'value': 1, 'displayName': 'Successful'}","[{'type': {'value': 178, 'displayName': 'StandingSave'}}, {'type': {'value': 56, 'displayName': 'Zone'}, 'value': 'Center'}]",[91],True,322596.0,,,,,,,,,,,
2465828137.0,185,20,59.0,29,67.7,47.9,20,"{'value': 1, 'displayName': 'FirstHalf'}","{'value': 61, 'displayName': 'BallTouch'}","{'value': 1, 'displayName': 'Successful'}","[{'type': {'value': 178, 'displayName': 'StandingSave'}}, {'type': {'value': 56, 'displayName': 'Zone'}, 'value': 'Center'}]",[91],True,302650.0,,,,,,,,,,,
2465827651.0,183,21,1.0,29,68.9,55.5,21,"{'value': 1, 'displayName': 'FirstHalf'}","{'value': 4, 'displayName': 'Foul'}","{'value': 1, 'displayName': 'Successful'}","[{'type': {'value': 56, 'displayName': 'Zone'}, 'value': 'Center'}, {'type': {'value': 286, 'displayName': 'Offensive'}}, {'type': {'value': 13, 'displayName': 'Foul'}}, {'type': {'value': 233, 'displayName': 'OppositeRelatedEvent'}, 'value': '188'}]","[91, 63]",True,322596.0,,,,,,,,,,,
2465827655.0,188,21,1.0,161,31.1,44.5,21,"{'value': 1, 'displayName': 'FirstHalf'}","{'value': 4, 'displayName': 'Foul'}","{'value': 0, 'displayName': 'Unsuccessful'}","[{'type': {'value': 285, 'displayName': 'Defensive'}}, {'type': {'value': 13, 'displayName': 'Foul'}}, {'type': {'value': 233, 'displayName': 'OppositeRelatedEvent'}, 'value': '183'}, {'type': {'value': 56, 'displayName': 'Zone'}, 'value': 'Back'}, {'type': {'value': 178, 'displayName': 'StandingSave'}}]",[64],False,16161.0,,,,,,,,,,,
2465827689.0,189,21,4.0,161,0.0,0.0,21,"{'value': 1, 'displayName': 'FirstHalf'}","{'value': 17, 'displayName': 'Card'}","{'value': 1, 'displayName': 'Successful'}","[{'type': {'value': 13, 'displayName': 'Foul'}, 'value': '243'}, {'type': {'value': 31, 'displayName': 'Yellow'}}]",[65],False,16161.0,,,,,,,,,,"{'value': 31, 'displayName': 'Yellow'}",
2465828625.0,186,22,19.0,29,71.1,51.6,22,"{'value': 1, 'displayName': 'FirstHalf'}","{'value': 13, 'displayName': 'MissedShots'}","{'value': 1, 'displayName': 'Successful'}","[{'type': {'value': 26, 'displayName': 'DirectFreekick'}}, {'type': {'value': 178, 'displayName': 'StandingSave'}}, {'type': {'value': 102, 'displayName': 'GoalMouthY'}, 'value': '46.9'}, {'type': {'value': 18, 'displayName': 'OutOfBoxCentre'}}, {'type': {'value': 74, 'displayName': 'MissHigh'}}, {'type': {'value': 20, 'displayName': 'RightFoot'}}, {'type': {'value': 103, 'displayName': 'GoalMouthZ'}, 'value': '87.5'}, {'type': {'value': 56, 'displayName': 'Zone'}, 'value': 'Center'}]","[91, 7, 10, 2, 5, 12]",True,302650.0,,,,,,,87.5,46.9,True,,
2465829471.0,192,23,38.0,161,0.0,0.0,23,"{'value': 1, 'displayName': 'FirstHalf'}","{'value': 18, 'displayName': 'SubstitutionOff'}","{'value': 1, 'displayName': 'Successful'}","[{'type': {'value': 59, 'displayName': 'JerseyNumber'}, 'value': '7'}, {'type': {'value': 55, 'displayName': 'RelatedEventId'}, 'value': '193'}, {'type': {'value': 44, 'displayName': 'PlayerPosition'}, 'value': 'Forward'}]",[214],False,337916.0,,,193.0,140088.0,,,,,,,
2465829475.0,193,23,38.0,161,0.0,0.0,23,"{'value': 1, 'displayName': 'FirstHalf'}","{'value': 19, 'displayName': 'SubstitutionOn'}","{'value': 1, 'displayName': 'Successful'}","[{'type': {'value': 145, 'displayName': 'FormationSlot'}, 'value': '11'}, {'type': {'value': 59, 'displayName': 'JerseyNumber'}, 'value': '37'}, {'type': {'value': 55, 'displayName': 'RelatedEventId'}, 'value': '192'}, {'type': {'value': 44, 'displayName': 'PlayerPosition'}, 'value': 'Midfielder'}]",[213],False,140088.0,,,192.0,337916.0,,,,,,,
2465829577.0,194,23,48.0,161,4.3,45.4,23,"{'value': 1, 'displayName': 'FirstHalf'}","{'value': 1, 'displayName': 'Pass'}","{'value': 0, 'displayName': 'Unsuccessful'}","[{'type': {'value': 124, 'displayName': 'GoalKick'}}, {'type': {'value': 212, 'displayName': 'Length'}, 'value': '68.5'}, {'type': {'value': 74, 'displayName': 'MissHigh'}}, {'type': {'value': 213, 'displayName': 'Angle'}, 'value': '0.0'}, {'type': {'value': 141, 'displayName': 'PassEndY'}, 'value': '47.0'}, {'type': {'value': 56, 'displayName': 'Zone'}, 'value': 'Center'}, {'type': {'value': 1, 'displayName': 'Longball'}}, {'type': {'value': 140, 'displayName': 'PassEndX'}, 'value': '69.5'}]","[91, 120, 128, 36, 37, 217, 218]",True,122714.0,69.5,47.0,,,,,,,,,
2465829615.0,188,23,52.0,29,34.2,43.7,23,"{'value': 1, 'displayName': 'FirstHalf'}","{'value': 1, 'displayName': 'Pass'}","{'value': 1, 'displayName': 'Successful'}","[{'type': {'value': 3, 'displayName': 'HeadPass'}}, {'type': {'value': 212, 'displayName': 'Length'}, 'value': '15.4'}, {'type': {'value': 213, 'displayName': 'Angle'}, 'value': '5.5'}, {'type': {'value': 178, 'displayName': 'StandingSave'}}, {'type': {'value': 141, 'displayName': 'PassEndY'}, 'value': '28.1'}, {'type': {'value': 56, 'displayName': 'Zone'}, 'value': 'Back'}, {'type': {'value': 140, 'displayName': 'PassEndX'}, 'value': '44.8'}]","[91, 117, 30, 139, 36, 38, 216, 218]",True,73063.0,44.8,28.1,,,,,,,,,
2465829627.0,189,23,54.0,29,44.8,28.1,23,"{'value': 1, 'displayName': 'FirstHalf'}","{'value': 49, 'displayName': 'BallRecovery'}","{'value': 1, 'displayName': 'Successful'}",[],[93],False,143595.0,,,,,,,,,,,
2465829647.0,190,23,54.0,29,44.8,28.1,23,"{'value': 1, 'displayName': 'FirstHalf'}","{'value': 1, 'displayName': 'Pass'}","{'value': 1, 'displayName': 'Successful'}","[{'type': {'value': 56, 'displayName': 'Zone'}, 'value': 'Right'}, {'type': {'value': 212, 'displayName': 'Length'}, 'value': '21.4'}, {'type': {'value': 141, 'displayName': 'PassEndY'}, 'value': '19.0'}, {'type': {'value': 140, 'displayName': 'PassEndX'}, 'value': '64.3'}, {'type': {'value': 178, 'displayName': 'StandingSave'}}, {'type': {'value': 213, 'displayName': 'Angle'}, 'value': '6.0'}]","[91, 119, 117, 30, 36, 38, 216, 218]",True,143595.0,64.3,19.0,,,,,,,,,
2465829687.0,191,23,58.0,29,66.4,5.6,23,"{'value': 1, 'displayName': 'FirstHalf'}","{'value': 1, 'displayName': 'Pass'}","{'value': 1, 'displayName': 'Successful'}","[{'type': {'value': 213, 'displayName': 'Angle'}, 'value': '0.0'}, {'type': {'value': 178, 'displayName': 'StandingSave'}}, {'type': {'value': 56, 'displayName': 'Zone'}, 'value': 'Right'}, {'type': {'value': 141, 'displayName': 'PassEndY'}, 'value': '6.4'}, {'type': {'value': 140, 'displayName': 'PassEndX'}, 'value': '94.4'}, {'type': {'value': 212, 'displayName': 'Length'}, 'value': '29.4'}]","[91, 119, 117, 30, 205, 36, 37, 217, 218]",True,322596.0,94.4,6.4,,,,,,,,,
2465829717.0,192,24,2.0,29,94.3,6.4,24,"{'value': 1, 'displayName': 'FirstHalf'}","{'value': 1, 'displayName': 'Pass'}","{'value': 1, 'displayName': 'Successful'}","[{'type': {'value': 212, 'displayName': 'Length'}, 'value': '43.2'}, {'type': {'value': 213, 'displayName': 'Angle'}, 'value': '1.6'}, {'type': {'value': 141, 'displayName': 'PassEndY'}, 'value': '69.8'}, {'type': {'value': 1, 'displayName': 'Longball'}}, {'type': {'value': 178, 'displayName': 'StandingSave'}}, {'type': {'value': 2, 'displayName': 'Cross'}}, {'type': {'value': 140, 'displayName': 'PassEndX'}, 'value': '92.1'}, {'type': {'value': 155, 'displayName': 'Chipped'}}, {'type': {'value': 20, 'displayName': 'RightFoot'}}, {'type': {'value': 210, 'displayName': 'ShotAssist'}, 'value': '13'}, {'type': {'value': 56, 'displayName': 'Zone'}, 'value': 'Center'}, {'type': {'value': 154, 'displayName': 'IntentionalAssist'}}, {'type': {'value': 11113, 'displayName': 'KeyPass'}}]","[91, 119, 123, 137, 124, 125, 39, 41, 35, 37, 217, 218]",True,143595.0,92.1,69.8,,,,,,,,,
2465829721.0,193,24,4.0,29,92.1,70.1,24,"{'value': 1, 'displayName': 'FirstHalf'}","{'value': 13, 'displayName': 'MissedShots'}","{'value': 1, 'displayName': 'Successful'}","[{'type': {'value': 154, 'displayName': 'IntentionalAssist'}}, {'type': {'value': 55, 'displayName': 'RelatedEventId'}, 'value': '192'}, {'type': {'value': 56, 'displayName': 'Zone'}, 'value': 'Center'}, {'type': {'value': 64, 'displayName': 'BoxLeft'}}, {'type': {'value': 103, 'displayName': 'GoalMouthZ'}, 'value': '81.9'}, {'type': {'value': 72, 'displayName': 'LeftFoot'}}, {'type': {'value': 29, 'displayName': 'Assisted'}}, {'type': {'value': 22, 'displayName': 'RegularPlay'}}, {'type': {'value': 102, 'displayName': 'GoalMouthY'}, 'value': '61.8'}, {'type': {'value': 77, 'displayName': 'HighLeft'}}]","[91, 7, 90, 10, 1, 3, 13]",True,125004.0,,,192.0,143595.0,,,81.9,61.8,True,,
2465829999.0,197,24,36.0,161,3.8,47.8,24,"{'value': 1, 'displayName': 'FirstHalf'}","{'value': 1, 'displayName': 'Pass'}","{'value': 1, 'displayName': 'Successful'}","[{'type': {'value': 140, 'displayName': 'PassEndX'}, 'value': '9.7'}, {'type': {'value': 212, 'displayName': 'Length'}, 'value': '6.2'}, {'type': {'value': 56, 'displayName': 'Zone'}, 'value': 'Back'}, {'type': {'value': 213, 'displayName': 'Angle'}, 'value': '6.3'}, {'type': {'value': 141, 'displayName': 'PassEndY'}, 'value': '47.5'}, {'type': {'value': 124, 'displayName': 'GoalKick'}}]","[91, 117, 30, 36, 38, 215, 218]",True,122714.0,9.7,47.5,,,,,,,,,
2465830039.0,198,24,37.0,161,9.7,47.5,24,"{'value': 1, 'displayName': 'FirstHalf'}","{'value': 1, 'displayName': 'Pass'}","{'value': 1, 'displayName': 'Successful'}","[{'type': {'value': 141, 'displayName': 'PassEndY'}, 'value': '21.0'}, {'type': {'value': 178, 'displayName': 'StandingSave'}}, {'type': {'value': 56, 'displayName': 'Zone'}, 'value': 'Back'}, {'type': {'value': 140, 'displayName': 'PassEndX'}, 'value': '13.4'}, {'type': {'value': 212, 'displayName': 'Length'}, 'value': '18.4'}, {'type': {'value': 213, 'displayName': 'Angle'}, 'value': '4.9'}]","[91, 117, 30, 36, 38, 215, 218]",True,238244.0,13.4,21.0,,,,,,,,,
2465830061.0,199,24,43.0,161,31.5,23.4,24,"{'value': 1, 'displayName': 'FirstHalf'}","{'value': 1, 'displayName': 'Pass'}","{'value': 1, 'displayName': 'Successful'}","[{'type': {'value': 140, 'displayName': 'PassEndX'}, 'value': '46.8'}, {'type': {'value': 56, 'displayName': 'Zone'}, 'value': 'Back'}, {'type': {'value': 178, 'displayName': 'StandingSave'}}, {'type': {'value': 213, 'displayName': 'Angle'}, 'value': '6.1'}, {'type': {'value': 141, 'displayName': 'PassEndY'}, 'value': '18.8'}, {'type': {'value': 212, 'displayName': 'Length'}, 'value': '16.4'}]","[91, 117, 30, 36, 38, 216, 218]",True,115917.0,46.8,18.8,,,,,,,,,
2465830069.0,200,24,46.0,161,46.0,19.7,24,"{'value': 1, 'displayName': 'FirstHalf'}","{'value': 1, 'displayName': 'Pass'}","{'value': 1, 'displayName': 'Successful'}","[{'type': {'value': 140, 'displayName': 'PassEndX'}, 'value': '46.7'}, {'type': {'value': 56, 'displayName': 'Zone'}, 'value': 'Back'}, {'type': {'value': 141, 'displayName': 'PassEndY'}, 'value': '3.1'}, {'type': {'value': 213, 'displayName': 'Angle'}, 'value': '4.8'}, {'type': {'value': 212, 'displayName': 'Length'}, 'value': '11.3'}, {'type': {'value': 178, 'displayName': 'StandingSave'}}]","[91, 117, 30, 36, 38, 216, 218]",True,300513.0,46.7,3.1,,,,,,,,,
2465830095.0,201,24,47.0,161,46.7,3.5,24,"{'value': 1, 'displayName': 'FirstHalf'}","{'value': 1, 'displayName': 'Pass'}","{'value': 1, 'displayName': 'Successful'}","[{'type': {'value': 212, 'displayName': 'Length'}, 'value': '11.8'}, {'type': {'value': 141, 'displayName': 'PassEndY'}, 'value': '14.9'}, {'type': {'value': 178, 'displayName': 'StandingSave'}}, {'type': {'value': 213, 'displayName': 'Angle'}, 'value': '2.4'}, {'type': {'value': 56, 'displayName': 'Zone'}, 'value': 'Back'}, {'type': {'value': 140, 'displayName': 'PassEndX'}, 'value': '38.2'}]","[91, 117, 30, 35, 37, 216, 218]",True,296363.0,38.2,14.9,,,,,,,,,
2465830153.0,202,24,50.0,161,36.1,20.7,24,"{'value': 1, 'displayName': 'FirstHalf'}","{'value': 1, 'displayName': 'Pass'}","{'value': 1, 'displayName': 'Successful'}","[{'type': {'value': 213, 'displayName': 'Angle'}, 'value': '1.8'}, {'type': {'value': 212, 'displayName': 'Length'}, 'value': '27.6'}, {'type': {'value': 178, 'displayName': 'StandingSave'}}, {'type': {'value': 140, 'displayName': 'PassEndX'}, 'value': '30.2'}, {'type': {'value': 56, 'displayName': 'Zone'}, 'value': 'Back'}, {'type': {'value': 141, 'displayName': 'PassEndY'}, 'value': '60.3'}]","[91, 117, 30, 35, 37, 215, 218]",True,115917.0,30.2,60.3,,,,,,,,,
2465830201.0,203,24,57.0,161,43.5,78.2,24,"{'value': 1, 'displayName': 'FirstHalf'}","{'value': 1, 'displayName': 'Pass'}","{'value': 0, 'displayName': 'Unsuccessful'}","[{'type': {'value': 56, 'displayName': 'Zone'}, 'value': 'Left'}, {'type': {'value': 155, 'displayName': 'Chipped'}}, {'type': {'value': 1, 'displayName': 'Longball'}}, {'type': {'value': 140, 'displayName': 'PassEndX'}, 'value': '100.0'}, {'type': {'value': 141, 'displayName': 'PassEndY'}, 'value': '95.6'}, {'type': {'value': 213, 'displayName': 'Angle'}, 'value': '0.2'}, {'type': {'value': 212, 'displayName': 'Length'}, 'value': '61.7'}, {'type': {'value': 178, 'displayName': 'StandingSave'}}]","[91, 120, 124, 128, 36, 37, 217, 218]",True,368310.0,100.0,95.6,,,,,,,,,
2465830293.0,196,25,6.0,29,4.9,41.0,25,"{'value': 1, 'displayName': 'FirstHalf'}","{'value': 1, 'displayName': 'Pass'}","{'value': 1, 'displayName': 'Successful'}","[{'type': {'value': 141, 'displayName': 'PassEndY'}, 'value': '56.4'}, {'type': {'value': 212, 'displayName': 'Length'}, 'value': '13.8'}, {'type': {'value': 140, 'displayName': 'PassEndX'}, 'value': '13.4'}, {'type': {'value': 124, 'displayName': 'GoalKick'}}, {'type': {'value': 56, 'displayName': 'Zone'}, 'value': 'Back'}, {'type': {'value': 213, 'displayName': 'Angle'}, 'value': '0.9'}]","[91, 117, 30, 36, 37, 215, 218]",True,20973.0,13.4,56.4,,,,,,,,,
2465830301.0,197,25,9.0,29,13.4,56.4,25,"{'value': 1, 'displayName': 'FirstHalf'}","{'value': 1, 'displayName': 'Pass'}","{'value': 1, 'displayName': 'Successful'}","[{'type': {'value': 178, 'displayName': 'StandingSave'}}, {'type': {'value': 213, 'displayName': 'Angle'}, 'value': '4.7'}, {'type': {'value': 141, 'displayName': 'PassEndY'}, 'value': '30.1'}, {'type': {'value': 56, 'displayName': 'Zone'}, 'value': 'Back'}, {'type': {'value': 212, 'displayName': 'Length'}, 'value': '17.9'}, {'type': {'value': 140, 'displayName': 'PassEndX'}, 'value': '13.8'}]","[91, 117, 30, 36, 38, 215, 218]",True,106086.0,13.8,30.1,,,,,,,,,
2465830313.0,198,25,13.0,29,13.8,30.1,25,"{'value': 1, 'displayName': 'FirstHalf'}","{'value': 1, 'displayName': 'Pass'}","{'value': 1, 'displayName': 'Successful'}","[{'type': {'value': 140, 'displayName': 'PassEndX'}, 'value': '27.4'}, {'type': {'value': 141, 'displayName': 'PassEndY'}, 'value': '31.9'}, {'type': {'value': 178, 'displayName': 'StandingSave'}}, {'type': {'value': 213, 'displayName': 'Angle'}, 'value': '0.1'}, {'type': {'value': 56, 'displayName': 'Zone'}, 'value': 'Back'}, {'type': {'value': 212, 'displayName': 'Length'}, 'value': '14.3'}]","[91, 117, 30, 36, 37, 215, 218]",True,73063.0,27.4,31.9,,,,,,,,,
2465830331.0,199,25,15.0,29,27.8,30.1,25,"{'value': 1, 'displayName': 'FirstHalf'}","{'value': 1, 'displayName': 'Pass'}","{'value': 1, 'displayName': 'Successful'}","[{'type': {'value': 141, 'displayName': 'PassEndY'}, 'value': '32.6'}, {'type': {'value': 178, 'displayName': 'StandingSave'}}, {'type': {'value': 212, 'displayName': 'Length'}, 'value': '18.5'}, {'type': {'value': 140, 'displayName': 'PassEndX'}, 'value': '45.3'}, {'type': {'value': 213, 'displayName': 'Angle'}, 'value': '0.1'}, {'type': {'value': 56, 'displayName': 'Zone'}, 'value': 'Back'}]","[91, 117, 30, 36, 37, 216, 218]",True,332325.0,45.3,32.6,,,,,,,,,
2465830335.0,200,25,16.0,29,45.3,32.6,25,"{'value': 1, 'displayName': 'FirstHalf'}","{'value': 1, 'displayName': 'Pass'}","{'value': 0, 'displayName': 'Unsuccessful'}","[{'type': {'value': 56, 'displayName': 'Zone'}, 'value': 'Back'}, {'type': {'value': 178, 'displayName': 'StandingSave'}}, {'type': {'value': 213, 'displayName': 'Angle'}, 'value': '5.0'}, {'type': {'value': 140, 'displayName': 'PassEndX'}, 'value': '48.5'}, {'type': {'value': 212, 'displayName': 'Length'}, 'value': '13.3'}, {'type': {'value': 141, 'displayName': 'PassEndY'}, 'value': '13.6'}]","[91, 118, 120, 29, 36, 38, 216, 218]",True,302650.0,48.5,13.6,,,,,,,,,
2465830343.0,205,25,18.0,161,48.6,89.3,25,"{'value': 1, 'displayName': 'FirstHalf'}","{'value': 49, 'displayName': 'BallRecovery'}","{'value': 1, 'displayName': 'Successful'}",[],[93],False,394933.0,,,,,,,,,,,
2465830361.0,206,25,18.0,161,46.1,89.3,25,"{'value': 1, 'displayName': 'FirstHalf'}","{'value': 1, 'displayName': 'Pass'}","{'value': 1, 'displayName': 'Successful'}","[{'type': {'value': 140, 'displayName': 'PassEndX'}, 'value': '31.3'}, {'type': {'value': 56, 'displayName': 'Zone'}, 'value': 'Back'}, {'type': {'value': 141, 'displayName': 'PassEndY'}, 'value': '82.1'}, {'type': {'value': 178, 'displayName': 'StandingSave'}}, {'type': {'value': 213, 'displayName': 'Angle'}, 'value': '3.4'}, {'type': {'value': 212, 'displayName': 'Length'}, 'value': '16.3'}]","[91, 117, 30, 35, 38, 215, 218]",True,394933.0,31.3,82.1,,,,,,,,,
2465830391.0,207,25,21.0,161,31.3,79.1,25,"{'value': 1, 'displayName': 'FirstHalf'}","{'value': 1, 'displayName': 'Pass'}","{'value': 1, 'displayName': 'Successful'}","[{'type': {'value': 141, 'displayName': 'PassEndY'}, 'value': '53.3'}, {'type': {'value': 178, 'displayName': 'StandingSave'}}, {'type': {'value': 140, 'displayName': 'PassEndX'}, 'value': '6.9'}, {'type': {'value': 56, 'displayName': 'Zone'}, 'value': 'Back'}, {'type': {'value': 212, 'displayName': 'Length'}, 'value': '31.1'}, {'type': {'value': 213, 'displayName': 'Angle'}, 'value': '3.7'}]","[91, 117, 30, 35, 38, 215, 218]",True,355401.0,6.9,53.3,,,,,,,,,
2465830431.0,208,25,24.0,161,6.9,53.1,25,"{'value': 1, 'displayName': 'FirstHalf'}","{'value': 1, 'displayName': 'Pass'}","{'value': 1, 'displayName': 'Successful'}","[{'type': {'value': 56, 'displayName': 'Zone'}, 'value': 'Back'}, {'type': {'value': 212, 'displayName': 'Length'}, 'value': '11.5'}, {'type': {'value': 140, 'displayName': 'PassEndX'}, 'value': '14.0'}, {'type': {'value': 213, 'displayName': 'Angle'}, 'value': '5.4'}, {'type': {'value': 178, 'displayName': 'StandingSave'}}, {'type': {'value': 141, 'displayName': 'PassEndY'}, 'value': '40.3'}]","[91, 117, 30, 36, 38, 215, 218]",True,122714.0,14.0,40.3,,,,,,,,,
2465830469.0,209,25,28.0,161,13.9,40.1,25,"{'value': 1, 'displayName': 'FirstHalf'}","{'value': 1, 'displayName': 'Pass'}","{'value': 1, 'displayName': 'Successful'}","[{'type': {'value': 212, 'displayName': 'Length'}, 'value': '15.0'}, {'type': {'value': 213, 'displayName': 'Angle'}, 'value': '2.3'}, {'type': {'value': 141, 'displayName': 'PassEndY'}, 'value': '56.9'}, {'type': {'value': 56, 'displayName': 'Zone'}, 'value': 'Back'}, {'type': {'value': 178, 'displayName': 'StandingSave'}}, {'type': {'value': 140, 'displayName': 'PassEndX'}, 'value': '4.6'}]","[91, 117, 30, 35, 37, 215, 218]",True,238244.0,4.6,56.9,,,,,,,,,
2465830479.0,210,25,32.0,161,9.5,59.7,25,"{'value': 1, 'displayName': 'FirstHalf'}","{'value': 1, 'displayName': 'Pass'}","{'value': 1, 'displayName': 'Successful'}","[{'type': {'value': 212, 'displayName': 'Length'}, 'value': '18.1'}, {'type': {'value': 213, 'displayName': 'Angle'}, 'value': '1.6'}, {'type': {'value': 56, 'displayName': 'Zone'}, 'value': 'Back'}, {'type': {'value': 178, 'displayName': 'StandingSave'}}, {'type': {'value': 141, 'displayName': 'PassEndY'}, 'value': '86.3'}, {'type': {'value': 140, 'displayName': 'PassEndX'}, 'value': '9.1'}]","[91, 117, 30, 35, 37, 215, 218]",True,122714.0,9.1,86.3,,,,,,,,,
2465830501.0,211,25,34.0,161,9.0,86.3,25,"{'value': 1, 'displayName': 'FirstHalf'}","{'value': 1, 'displayName': 'Pass'}","{'value': 1, 'displayName': 'Successful'}","[{'type': {'value': 56, 'displayName': 'Zone'}, 'value': 'Back'}, {'type': {'value': 178, 'displayName': 'StandingSave'}}, {'type': {'value': 141, 'displayName': 'PassEndY'}, 'value': '95.9'}, {'type': {'value': 140, 'displayName': 'PassEndX'}, 'value': '19.5'}, {'type': {'value': 212, 'displayName': 'Length'}, 'value': '12.8'}, {'type': {'value': 213, 'displayName': 'Angle'}, 'value': '0.5'}]","[91, 117, 30, 36, 37, 215, 218]",True,368310.0,19.5,95.9,,,,,,,,,
2465830521.0,212,25,36.0,161,18.9,95.9,25,"{'value': 1, 'displayName': 'FirstHalf'}","{'value': 1, 'displayName': 'Pass'}","{'value': 1, 'displayName': 'Successful'}","[{'type': {'value': 213, 'displayName': 'Angle'}, 'value': '5.3'}, {'type': {'value': 140, 'displayName': 'PassEndX'}, 'value': '26.9'}, {'type': {'value': 141, 'displayName': 'PassEndY'}, 'value': '77.0'}, {'type': {'value': 212, 'displayName': 'Length'}, 'value': '15.4'}, {'type': {'value': 56, 'displayName': 'Zone'}, 'value': 'Back'}, {'type': {'value': 178, 'displayName': 'StandingSave'}}]","[91, 117, 30, 36, 38, 215, 218]",True,355401.0,26.9,77.0,,,,,,,,,
2465830587.0,213,25,38.0,161,28.3,76.3,25,"{'value': 1, 'displayName': 'FirstHalf'}","{'value': 1, 'displayName': 'Pass'}","{'value': 1, 'displayName': 'Successful'}","[{'type': {'value': 140, 'displayName': 'PassEndX'}, 'value': '15.0'}, {'type': {'value': 212, 'displayName': 'Length'}, 'value': '18.8'}, {'type': {'value': 141, 'displayName': 'PassEndY'}, 'value': '57.9'}, {'type': {'value': 213, 'displayName': 'Angle'}, 'value': '3.9'}, {'type': {'value': 56, 'displayName': 'Zone'}, 'value': 'Back'}, {'type': {'value': 178, 'displayName': 'StandingSave'}}]","[91, 117, 30, 35, 38, 215, 218]",True,394933.0,15.0,57.9,,,,,,,,,
2465830639.0,214,25,42.0,161,29.2,48.7,25,"{'value': 1, 'displayName': 'FirstHalf'}","{'value': 1, 'displayName': 'Pass'}","{'value': 1, 'displayName': 'Successful'}","[{'type': {'value': 212, 'displayName': 'Length'}, 'value': '15.2'}, {'type': {'value': 213, 'displayName': 'Angle'}, 'value': '4.5'}, {'type': {'value': 178, 'displayName': 'StandingSave'}}, {'type': {'value': 56, 'displayName': 'Zone'}, 'value': 'Back'}, {'type': {'value': 140, 'displayName': 'PassEndX'}, 'value': '25.9'}, {'type': {'value': 141, 'displayName': 'PassEndY'}, 'value': '27.0'}]","[91, 117, 30, 35, 38, 215, 218]",True,16161.0,25.9,27.0,,,,,,,,,
2465993211.0,937,25,47.0,161,28.3,35.5,25,"{'value': 1, 'displayName': 'FirstHalf'}","{'value': 3, 'displayName': 'TakeOn'}","{'value': 0, 'displayName': 'Unsuccessful'}","[{'type': {'value': 178, 'displayName': 'StandingSave'}}, {'type': {'value': 285, 'displayName': 'Defensive'}}, {'type': {'value': 56, 'displayName': 'Zone'}, 'value': 'Back'}]","[91, 53]",True,115917.0,,,,,,,,,,,
2465830683.0,215,25,48.0,161,29.5,31.3,25,"{'value': 1, 'displayName': 'FirstHalf'}","{'value': 1, 'displayName': 'Pass'}","{'value': 1, 'displayName': 'Successful'}","[{'type': {'value': 140, 'displayName': 'PassEndX'}, 'value': '20.9'}, {'type': {'value': 213, 'displayName': 'Angle'}, 'value': '2.7'}, {'type': {'value': 141, 'displayName': 'PassEndY'}, 'value': '37.0'}, {'type': {'value': 56, 'displayName': 'Zone'}, 'value': 'Back'}, {'type': {'value': 212, 'displayName': 'Length'}, 'value': '9.8'}, {'type': {'value': 178, 'displayName': 'StandingSave'}}]","[91, 117, 30, 35, 37, 215, 218]",True,115917.0,20.9,37.0,,,,,,,,,
2465830717.0,216,25,53.0,161,24.8,34.3,25,"{'value': 1, 'displayName': 'FirstHalf'}","{'value': 1, 'displayName': 'Pass'}","{'value': 1, 'displayName': 'Successful'}","[{'type': {'value': 178, 'displayName': 'StandingSave'}}, {'type': {'value': 140, 'displayName': 'PassEndX'}, 'value': '40.9'}, {'type': {'value': 212, 'displayName': 'Length'}, 'value': '26.3'}, {'type': {'value': 141, 'displayName': 'PassEndY'}, 'value': '4.6'}, {'type': {'value': 56, 'displayName': 'Zone'}, 'value': 'Back'}, {'type': {'value': 213, 'displayName': 'Angle'}, 'value': '5.4'}]","[91, 117, 30, 36, 38, 216, 218]",True,238244.0,40.9,4.6,,,,,,,,,
2465830733.0,217,25,57.0,161,40.8,4.6,25,"{'value': 1, 'displayName': 'FirstHalf'}","{'value': 1, 'displayName': 'Pass'}","{'value': 1, 'displayName': 'Successful'}","[{'type': {'value': 140, 'displayName': 'PassEndX'}, 'value': '43.0'}, {'type': {'value': 178, 'displayName': 'StandingSave'}}, {'type': {'value': 56, 'displayName': 'Zone'}, 'value': 'Back'}, {'type': {'value': 141, 'displayName': 'PassEndY'}, 'value': '21.5'}, {'type': {'value': 213, 'displayName': 'Angle'}, 'value': '1.4'}, {'type': {'value': 212, 'displayName': 'Length'}, 'value': '11.7'}]","[91, 117, 30, 36, 37, 216, 218]",True,296363.0,43.0,21.5,,,,,,,,,
2465830745.0,218,25,58.0,161,43.0,21.5,25,"{'value': 1, 'displayName': 'FirstHalf'}","{'value': 1, 'displayName': 'Pass'}","{'value': 1, 'displayName': 'Successful'}","[{'type': {'value': 213, 'displayName': 'Angle'}, 'value': '3.2'}, {'type': {'value': 178, 'displayName': 'StandingSave'}}, {'type': {'value': 212, 'displayName': 'Length'}, 'value': '17.3'}, {'type': {'value': 140, 'displayName': 'PassEndX'}, 'value': '26.6'}, {'type': {'value': 141, 'displayName': 'PassEndY'}, 'value': '19.7'}, {'type': {'value': 56, 'displayName': 'Zone'}, 'value': 'Back'}]","[91, 117, 30, 35, 38, 215, 218]",True,115917.0,26.6,19.7,,,,,,,,,
2465830819.0,219,25,59.0,161,27.3,22.1,25,"{'value': 1, 'displayName': 'FirstHalf'}","{'value': 1, 'displayName': 'Pass'}","{'value': 1, 'displayName': 'Successful'}","[{'type': {'value': 56, 'displayName': 'Zone'}, 'value': 'Back'}, {'type': {'value': 141, 'displayName': 'PassEndY'}, 'value': '57.0'}, {'type': {'value': 140, 'displayName': 'PassEndX'}, 'value': '22.8'}, {'type': {'value': 178, 'displayName': 'StandingSave'}}, {'type': {'value': 212, 'displayName': 'Length'}, 'value': '24.2'}, {'type': {'value': 213, 'displayName': 'Angle'}, 'value': '1.8'}]","[91, 117, 30, 35, 37, 215, 218]",True,238244.0,22.8,57.0,,,,,,,,,
2465830851.0,220,26,7.0,161,32.9,72.1,26,"{'value': 1, 'displayName': 'FirstHalf'}","{'value': 1, 'displayName': 'Pass'}","{'value': 1, 'displayName': 'Successful'}","[{'type': {'value': 178, 'displayName': 'StandingSave'}}, {'type': {'value': 140, 'displayName': 'PassEndX'}, 'value': '31.7'}, {'type': {'value': 56, 'displayName': 'Zone'}, 'value': 'Back'}, {'type': {'value': 141, 'displayName': 'PassEndY'}, 'value': '49.9'}, {'type': {'value': 212, 'displayName': 'Length'}, 'value': '15.1'}, {'type': {'value': 213, 'displayName': 'Angle'}, 'value': '4.6'}]","[91, 117, 30, 35, 38, 215, 218]",True,368310.0,31.7,49.9,,,,,,,,,
2465830879.0,221,26,10.0,161,31.9,47.3,26,"{'value': 1, 'displayName': 'FirstHalf'}","{'value': 1, 'displayName': 'Pass'}","{'value': 1, 'displayName': 'Successful'}","[{'type': {'value': 213, 'displayName': 'Angle'}, 'value': '0.4'}, {'type': {'value': 212, 'displayName': 'Length'}, 'value': '15.5'}, {'type': {'value': 141, 'displayName': 'PassEndY'}, 'value': '55.2'}, {'type': {'value': 56, 'displayName': 'Zone'}, 'value': 'Back'}, {'type': {'value': 178, 'displayName': 'StandingSave'}}, {'type': {'value': 140, 'displayName': 'PassEndX'}, 'value': '45.7'}]","[91, 117, 30, 36, 37, 216, 218]",True,238244.0,45.7,55.2,,,,,,,,,
2465830911.0,222,26,14.0,161,46.7,67.6,26,"{'value': 1, 'displayName': 'FirstHalf'}","{'value': 1, 'displayName': 'Pass'}","{'value': 1, 'displayName': 'Successful'}","[{'type': {'value': 178, 'displayName': 'StandingSave'}}, {'type': {'value': 141, 'displayName': 'PassEndY'}, 'value': '74.8'}, {'type': {'value': 212, 'displayName': 'Length'}, 'value': '10.1'}, {'type': {'value': 56, 'displayName': 'Zone'}, 'value': 'Back'}, {'type': {'value': 213, 'displayName': 'Angle'}, 'value': '2.6'}, {'type': {'value': 140, 'displayName': 'PassEndX'}, 'value': '38.3'}]","[91, 117, 30, 35, 37, 216, 218]",True,16161.0,38.3,74.8,,,,,,,,,
2465830927.0,223,26,17.0,161,39.6,73.6,26,"{'value': 1, 'displayName': 'FirstHalf'}","{'value': 1, 'displayName': 'Pass'}","{'value': 1, 'displayName': 'Successful'}","[{'type': {'value': 178, 'displayName': 'StandingSave'}}, {'type': {'value': 212, 'displayName': 'Length'}, 'value': '16.7'}, {'type': {'value': 213, 'displayName': 'Angle'}, 'value': '4.4'}, {'type': {'value': 140, 'displayName': 'PassEndX'}, 'value': '34.6'}, {'type': {'value': 56, 'displayName': 'Zone'}, 'value': 'Back'}, {'type': {'value': 141, 'displayName': 'PassEndY'}, 'value': '50.3'}]","[91, 117, 30, 35, 38, 216, 218]",True,368310.0,34.6,50.3,,,,,,,,,
2465830971.0,224,26,19.0,161,34.6,50.3,26,"{'value': 1, 'displayName': 'FirstHalf'}","{'value': 1, 'displayName': 'Pass'}","{'value': 1, 'displayName': 'Successful'}","[{'type': {'value': 213, 'displayName': 'Angle'}, 'value': '1.2'}, {'type': {'value': 56, 'displayName': 'Zone'}, 'value': 'Back'}, {'type': {'value': 178, 'displayName': 'StandingSave'}}, {'type': {'value': 212, 'displayName': 'Length'}, 'value': '13.6'}, {'type': {'value': 140, 'displayName': 'PassEndX'}, 'value': '39.6'}, {'type': {'value': 141, 'displayName': 'PassEndY'}, 'value': '68.7'}]","[91, 117, 30, 36, 37, 216, 218]",True,238244.0,39.6,68.7,,,,,,,,,
2465830993.0,225,26,23.0,161,42.5,70.2,26,"{'value': 1, 'displayName': 'FirstHalf'}","{'value': 1, 'displayName': 'Pass'}","{'value': 1, 'displayName': 'Successful'}","[{'type': {'value': 213, 'displayName': 'Angle'}, 'value': '6.2'}, {'type': {'value': 212, 'displayName': 'Length'}, 'value': '10.1'}, {'type': {'value': 140, 'displayName': 'PassEndX'}, 'value': '52.1'}, {'type': {'value': 178, 'displayName': 'StandingSave'}}, {'type': {'value': 141, 'displayName': 'PassEndY'}, 'value': '69.4'}, {'type': {'value': 56, 'displayName': 'Zone'}, 'value': 'Center'}]","[91, 119, 117, 30, 36, 38, 216, 218]",True,368310.0,52.1,69.4,,,,,,,,,
2465831011.0,226,26,23.0,161,52.1,69.4,26,"{'value': 1, 'displayName': 'FirstHalf'}","{'value': 1, 'displayName': 'Pass'}","{'value': 1, 'displayName': 'Successful'}","[{'type': {'value': 140, 'displayName': 'PassEndX'}, 'value': '43.3'}, {'type': {'value': 141, 'displayName': 'PassEndY'}, 'value': '67.8'}, {'type': {'value': 56, 'displayName': 'Zone'}, 'value': 'Back'}, {'type': {'value': 212, 'displayName': 'Length'}, 'value': '9.3'}, {'type': {'value': 178, 'displayName': 'StandingSave'}}, {'type': {'value': 213, 'displayName': 'Angle'}, 'value': '3.3'}]","[91, 117, 30, 35, 38, 216, 218]",True,394933.0,43.3,67.8,,,,,,,,,
2465831023.0,227,26,25.0,161,43.3,67.6,26,"{'value': 1, 'displayName': 'FirstHalf'}","{'value': 1, 'displayName': 'Pass'}","{'value': 1, 'displayName': 'Successful'}","[{'type': {'value': 178, 'displayName': 'StandingSave'}}, {'type': {'value': 213, 'displayName': 'Angle'}, 'value': '4.2'}, {'type': {'value': 140, 'displayName': 'PassEndX'}, 'value': '35.3'}, {'type': {'value': 141, 'displayName': 'PassEndY'}, 'value': '47.0'}, {'type': {'value': 212, 'displayName': 'Length'}, 'value': '16.3'}, {'type': {'value': 56, 'displayName': 'Zone'}, 'value': 'Back'}]","[91, 117, 30, 35, 38, 216, 218]",True,368310.0,35.3,47.0,,,,,,,,,
2465831101.0,228,26,27.0,161,35.3,47.0,26,"{'value': 1, 'displayName': 'FirstHalf'}","{'value': 1, 'displayName': 'Pass'}","{'value': 1, 'displayName': 'Successful'}","[{'type': {'value': 212, 'displayName': 'Length'}, 'value': '16.1'}, {'type': {'value': 213, 'displayName': 'Angle'}, 'value': '5.2'}, {'type': {'value': 178, 'displayName': 'StandingSave'}}, {'type': {'value': 141, 'displayName': 'PassEndY'}, 'value': '25.6'}, {'type': {'value': 56, 'displayName': 'Zone'}, 'value': 'Back'}, {'type': {'value': 140, 'displayName': 'PassEndX'}, 'value': '41.8'}]","[91, 117, 30, 36, 38, 216, 218]",True,238244.0,41.8,25.6,,,,,,,,,
2465831161.0,229,26,33.0,161,38.7,25.9,26,"{'value': 1, 'displayName': 'FirstHalf'}","{'value': 1, 'displayName': 'Pass'}","{'value': 1, 'displayName': 'Successful'}","[{'type': {'value': 212, 'displayName': 'Length'}, 'value': '15.2'}, {'type': {'value': 178, 'displayName': 'StandingSave'}}, {'type': {'value': 213, 'displayName': 'Angle'}, 'value': '2.8'}, {'type': {'value': 56, 'displayName': 'Zone'}, 'value': 'Back'}, {'type': {'value': 141, 'displayName': 'PassEndY'}, 'value': '33.6'}, {'type': {'value': 140, 'displayName': 'PassEndX'}, 'value': '25.1'}]","[91, 117, 30, 35, 37, 215, 218]",True,115917.0,25.1,33.6,,,,,,,,,
2465831211.0,230,26,38.0,161,29.6,29.8,26,"{'value': 1, 'displayName': 'FirstHalf'}","{'value': 1, 'displayName': 'Pass'}","{'value': 1, 'displayName': 'Successful'}","[{'type': {'value': 213, 'displayName': 'Angle'}, 'value': '5.4'}, {'type': {'value': 212, 'displayName': 'Length'}, 'value': '22.1'}, {'type': {'value': 140, 'displayName': 'PassEndX'}, 'value': '42.5'}, {'type': {'value': 56, 'displayName': 'Zone'}, 'value': 'Back'}, {'type': {'value': 141, 'displayName': 'PassEndY'}, 'value': '4.1'}, {'type': {'value': 178, 'displayName': 'StandingSave'}}]","[91, 117, 30, 36, 38, 216, 218]",True,238244.0,42.5,4.1,,,,,,,,,
2465831253.0,231,26,43.0,161,40.6,13.4,26,"{'value': 1, 'displayName': 'FirstHalf'}","{'value': 1, 'displayName': 'Pass'}","{'value': 1, 'displayName': 'Successful'}","[{'type': {'value': 213, 'displayName': 'Angle'}, 'value': '0.2'}, {'type': {'value': 141, 'displayName': 'PassEndY'}, 'value': '15.9'}, {'type': {'value': 140, 'displayName': 'PassEndX'}, 'value': '47.9'}, {'type': {'value': 56, 'displayName': 'Zone'}, 'value': 'Back'}, {'type': {'value': 212, 'displayName': 'Length'}, 'value': '7.9'}, {'type': {'value': 178, 'displayName': 'StandingSave'}}]","[91, 117, 30, 36, 37, 216, 218]",True,394933.0,47.9,15.9,,,,,,,,,
2465831271.0,232,26,47.0,161,62.6,17.0,26,"{'value': 1, 'displayName': 'FirstHalf'}","{'value': 1, 'displayName': 'Pass'}","{'value': 1, 'displayName': 'Successful'}","[{'type': {'value': 212, 'displayName': 'Length'}, 'value': '10.8'}, {'type': {'value': 178, 'displayName': 'StandingSave'}}, {'type': {'value': 141, 'displayName': 'PassEndY'}, 'value': '2.5'}, {'type': {'value': 56, 'displayName': 'Zone'}, 'value': 'Right'}, {'type': {'value': 213, 'displayName': 'Angle'}, 'value': '5.1'}, {'type': {'value': 140, 'displayName': 'PassEndX'}, 'value': '66.7'}]","[91, 119, 117, 30, 205, 36, 38, 217, 218]",True,115917.0,66.7,2.5,,,,,,,,,
2465831297.0,233,26,50.0,161,67.0,4.4,26,"{'value': 1, 'displayName': 'FirstHalf'}","{'value': 1, 'displayName': 'Pass'}","{'value': 1, 'displayName': 'Successful'}","[{'type': {'value': 178, 'displayName': 'StandingSave'}}, {'type': {'value': 141, 'displayName': 'PassEndY'}, 'value': '20.3'}, {'type': {'value': 212, 'displayName': 'Length'}, 'value': '11.8'}, {'type': {'value': 140, 'displayName': 'PassEndX'}, 'value': '62.5'}, {'type': {'value': 56, 'displayName': 'Zone'}, 'value': 'Right'}, {'type': {'value': 213, 'displayName': 'Angle'}, 'value': '2.0'}]","[91, 119, 117, 30, 35, 37, 216, 218]",True,296363.0,62.5,20.3,,,,,,,,,
2465831319.0,234,26,51.0,161,62.4,20.3,26,"{'value': 1, 'displayName': 'FirstHalf'}","{'value': 1, 'displayName': 'Pass'}","{'value': 1, 'displayName': 'Successful'}","[{'type': {'value': 213, 'displayName': 'Angle'}, 'value': '0.8'}, {'type': {'value': 212, 'displayName': 'Length'}, 'value': '10.8'}, {'type': {'value': 140, 'displayName': 'PassEndX'}, 'value': '69.4'}, {'type': {'value': 178, 'displayName': 'StandingSave'}}, {'type': {'value': 141, 'displayName': 'PassEndY'}, 'value': '31.9'}, {'type': {'value': 56, 'displayName': 'Zone'}, 'value': 'Center'}]","[91, 119, 117, 30, 205, 36, 37, 217, 218]",True,394933.0,69.4,31.9,,,,,,,,,
2465831347.0,235,26,54.0,161,70.4,31.6,26,"{'value': 1, 'displayName': 'FirstHalf'}","{'value': 1, 'displayName': 'Pass'}","{'value': 1, 'displayName': 'Successful'}","[{'type': {'value': 56, 'displayName': 'Zone'}, 'value': 'Center'}, {'type': {'value': 213, 'displayName': 'Angle'}, 'value': '1.9'}, {'type': {'value': 140, 'displayName': 'PassEndX'}, 'value': '65.4'}, {'type': {'value': 212, 'displayName': 'Length'}, 'value': '14.8'}, {'type': {'value': 141, 'displayName': 'PassEndY'}, 'value': '51.9'}, {'type': {'value': 178, 'displayName': 'StandingSave'}}]","[91, 119, 117, 30, 35, 37, 216, 218]",True,296363.0,65.4,51.9,,,,,,,,,
2465831381.0,236,26,56.0,161,62.7,55.3,26,"{'value': 1, 'displayName': 'FirstHalf'}","{'value': 1, 'displayName': 'Pass'}","{'value': 1, 'displayName': 'Successful'}","[{'type': {'value': 141, 'displayName': 'PassEndY'}, 'value': '95.6'}, {'type': {'value': 212, 'displayName': 'Length'}, 'value': '32.0'}, {'type': {'value': 56, 'displayName': 'Zone'}, 'value': 'Left'}, {'type': {'value': 178, 'displayName': 'StandingSave'}}, {'type': {'value': 213, 'displayName': 'Angle'}, 'value': '1.0'}, {'type': {'value': 140, 'displayName': 'PassEndX'}, 'value': '78.5'}, {'type': {'value': 1, 'displayName': 'Longball'}}]","[91, 119, 117, 127, 205, 36, 37, 217, 218]",True,16161.0,78.5,95.6,,,,,,,,,
2465831405.0,237,27,0.0,161,82.9,94.7,27,"{'value': 1, 'displayName': 'FirstHalf'}","{'value': 1, 'displayName': 'Pass'}","{'value': 1, 'displayName': 'Successful'}","[{'type': {'value': 140, 'displayName': 'PassEndX'}, 'value': '80.7'}, {'type': {'value': 141, 'displayName': 'PassEndY'}, 'value': '81.5'}, {'type': {'value': 178, 'displayName': 'StandingSave'}}, {'type': {'value': 213, 'displayName': 'Angle'}, 'value': '4.5'}, {'type': {'value': 56, 'displayName': 'Zone'}, 'value': 'Left'}, {'type': {'value': 212, 'displayName': 'Length'}, 'value': '9.3'}]","[91, 119, 117, 30, 205, 35, 38, 217, 218]",True,355401.0,80.7,81.5,,,,,,,,,
2465831439.0,238,27,3.0,161,79.7,82.3,27,"{'value': 1, 'displayName': 'FirstHalf'}","{'value': 1, 'displayName': 'Pass'}","{'value': 1, 'displayName': 'Successful'}","[{'type': {'value': 212, 'displayName': 'Length'}, 'value': '10.9'}, {'type': {'value': 178, 'displayName': 'StandingSave'}}, {'type': {'value': 213, 'displayName': 'Angle'}, 'value': '3.6'}, {'type': {'value': 141, 'displayName': 'PassEndY'}, 'value': '74.5'}, {'type': {'value': 56, 'displayName': 'Zone'}, 'value': 'Center'}, {'type': {'value': 140, 'displayName': 'PassEndX'}, 'value': '70.6'}]","[91, 119, 117, 30, 205, 35, 38, 217, 218]",True,300513.0,70.6,74.5,,,,,,,,,
2465831465.0,239,27,5.0,161,71.0,74.2,27,"{'value': 1, 'displayName': 'FirstHalf'}","{'value': 1, 'displayName': 'Pass'}","{'value': 1, 'displayName': 'Successful'}","[{'type': {'value': 140, 'displayName': 'PassEndX'}, 'value': '91.4'}, {'type': {'value': 141, 'displayName': 'PassEndY'}, 'value': '11.7'}, {'type': {'value': 155, 'displayName': 'Chipped'}}, {'type': {'value': 213, 'displayName': 'Angle'}, 'value': '5.2'}, {'type': {'value': 56, 'displayName': 'Zone'}, 'value': 'Right'}, {'type': {'value': 212, 'displayName': 'Length'}, 'value': '47.6'}, {'type': {'value': 1, 'displayName': 'Longball'}}, {'type': {'value': 178, 'displayName': 'StandingSave'}}]","[91, 119, 117, 124, 127, 205, 36, 38, 217, 218]",True,16161.0,91.4,11.7,,,,,,,,,
2465831473.0,240,27,8.0,161,91.0,17.4,27,"{'value': 1, 'displayName': 'FirstHalf'}","{'value': 1, 'displayName': 'Pass'}","{'value': 0, 'displayName': 'Unsuccessful'}","[{'type': {'value': 2, 'displayName': 'Cross'}}, {'type': {'value': 140, 'displayName': 'PassEndX'}, 'value': '100.0'}, {'type': {'value': 178, 'displayName': 'StandingSave'}}, {'type': {'value': 56, 'displayName': 'Zone'}, 'value': 'Center'}, {'type': {'value': 141, 'displayName': 'PassEndY'}, 'value': '38.0'}, {'type': {'value': 213, 'displayName': 'Angle'}, 'value': '0.9'}, {'type': {'value': 212, 'displayName': 'Length'}, 'value': '17.8'}, {'type': {'value': 20, 'displayName': 'RightFoot'}}]","[91, 137, 126, 36, 37, 217, 218]",True,296363.0,100.0,38.0,,,,,,,,,
2465831713.0,202,27,38.0,29,5.4,50.1,27,"{'value': 1, 'displayName': 'FirstHalf'}","{'value': 1, 'displayName': 'Pass'}","{'value': 1, 'displayName': 'Successful'}","[{'type': {'value': 155, 'displayName': 'Chipped'}}, {'type': {'value': 212, 'displayName': 'Length'}, 'value': '60.2'}, {'type': {'value': 1, 'displayName': 'Longball'}}, {'type': {'value': 141, 'displayName': 'PassEndY'}, 'value': '72.5'}, {'type': {'value': 74, 'displayName': 'MissHigh'}}, {'type': {'value': 124, 'displayName': 'GoalKick'}}, {'type': {'value': 56, 'displayName': 'Zone'}, 'value': 'Center'}, {'type': {'value': 213, 'displayName': 'Angle'}, 'value': '0.3'}, {'type': {'value': 140, 'displayName': 'PassEndX'}, 'value': '60.9'}]","[91, 119, 117, 124, 127, 36, 37, 216, 218]",True,20973.0,60.9,72.5,,,,,,,,,
2465831733.0,203,27,42.0,29,60.9,72.5,27,"{'value': 1, 'displayName': 'FirstHalf'}","{'value': 1, 'displayName': 'Pass'}","{'value': 0, 'displayName': 'Unsuccessful'}","[{'type': {'value': 3, 'displayName': 'HeadPass'}}, {'type': {'value': 213, 'displayName': 'Angle'}, 'value': '5.2'}, {'type': {'value': 56, 'displayName': 'Zone'}, 'value': 'Center'}, {'type': {'value': 178, 'displayName': 'StandingSave'}}, {'type': {'value': 141, 'displayName': 'PassEndY'}, 'value': '45.4'}, {'type': {'value': 212, 'displayName': 'Length'}, 'value': '20.6'}, {'type': {'value': 140, 'displayName': 'PassEndX'}, 'value': '69.6'}]","[91, 120, 29, 139, 36, 38, 217, 218]",True,302650.0,69.6,45.4,,,,,,,,,
2465831719.0,242,27,44.0,161,36.1,62.9,27,"{'value': 1, 'displayName': 'FirstHalf'}","{'value': 49, 'displayName': 'BallRecovery'}","{'value': 1, 'displayName': 'Successful'}",[],[93],False,355401.0,,,,,,,,,,,
2465994781.0,726,27,52.0,29,33.1,19.0,27,"{'value': 1, 'displayName': 'FirstHalf'}","{'value': 45, 'displayName': 'Challenge'}","{'value': 0, 'displayName': 'Unsuccessful'}","[{'type': {'value': 285, 'displayName': 'Defensive'}}, {'type': {'value': 233, 'displayName': 'OppositeRelatedEvent'}, 'value': '938'}, {'type': {'value': 56, 'displayName': 'Zone'}, 'value': 'Back'}]",[55],False,143595.0,,,,,,,,,,,
2465994855.0,938,27,52.0,161,66.9,81.0,27,"{'value': 1, 'displayName': 'FirstHalf'}","{'value': 3, 'displayName': 'TakeOn'}","{'value': 1, 'displayName': 'Successful'}","[{'type': {'value': 56, 'displayName': 'Zone'}, 'value': 'Left'}, {'type': {'value': 286, 'displayName': 'Offensive'}}, {'type': {'value': 178, 'displayName': 'StandingSave'}}, {'type': {'value': 233, 'displayName': 'OppositeRelatedEvent'}, 'value': '726'}]","[91, 54]",True,355401.0,,,,,,,,,,,
2465831845.0,243,27,54.0,161,72.7,90.9,27,"{'value': 1, 'displayName': 'FirstHalf'}","{'value': 1, 'displayName': 'Pass'}","{'value': 1, 'displayName': 'Successful'}","[{'type': {'value': 56, 'displayName': 'Zone'}, 'value': 'Left'}, {'type': {'value': 213, 'displayName': 'Angle'}, 'value': '0.3'}, {'type': {'value': 178, 'displayName': 'StandingSave'}}, {'type': {'value': 141, 'displayName': 'PassEndY'}, 'value': '94.8'}, {'type': {'value': 212, 'displayName': 'Length'}, 'value': '8.4'}, {'type': {'value': 140, 'displayName': 'PassEndX'}, 'value': '80.3'}]","[91, 119, 117, 30, 205, 36, 37, 217, 218]",True,355401.0,80.3,94.8,,,,,,,,,
2465831879.0,244,28,0.0,161,98.1,82.9,28,"{'value': 1, 'displayName': 'FirstHalf'}","{'value': 1, 'displayName': 'Pass'}","{'value': 0, 'displayName': 'Unsuccessful'}","[{'type': {'value': 213, 'displayName': 'Angle'}, 'value': '4.5'}, {'type': {'value': 212, 'displayName': 'Length'}, 'value': '40.1'}, {'type': {'value': 56, 'displayName': 'Zone'}, 'value': 'Center'}, {'type': {'value': 2, 'displayName': 'Cross'}}, {'type': {'value': 1, 'displayName': 'Longball'}}, {'type': {'value': 155, 'displayName': 'Chipped'}}, {'type': {'value': 140, 'displayName': 'PassEndX'}, 'value': '89.0'}, {'type': {'value': 141, 'displayName': 'PassEndY'}, 'value': '25.6'}, {'type': {'value': 178, 'displayName': 'StandingSave'}}, {'type': {'value': 72, 'displayName': 'LeftFoot'}}]","[91, 138, 124, 126, 35, 38, 217, 218]",True,140088.0,89.0,25.6,,,,,,,,,
2465831891.0,204,28,3.0,29,11.1,77.8,28,"{'value': 1, 'displayName': 'FirstHalf'}","{'value': 50, 'displayName': 'Dispossessed'}","{'value': 1, 'displayName': 'Successful'}","[{'type': {'value': 56, 'displayName': 'Zone'}, 'value': 'Back'}, {'type': {'value': 285, 'displayName': 'Defensive'}}, {'type': {'value': 233, 'displayName': 'OppositeRelatedEvent'}, 'value': '245'}]","[91, 70]",True,125004.0,,,,,,,,,,,
2465831911.0,245,28,4.0,161,88.9,22.2,28,"{'value': 1, 'displayName': 'FirstHalf'}","{'value': 7, 'displayName': 'Tackle'}","{'value': 1, 'displayName': 'Successful'}","[{'type': {'value': 233, 'displayName': 'OppositeRelatedEvent'}, 'value': '204'}, {'type': {'value': 286, 'displayName': 'Offensive'}}, {'type': {'value': 56, 'displayName': 'Zone'}, 'value': 'Center'}, {'type': {'value': 178, 'displayName': 'StandingSave'}}]","[91, 143]",True,300513.0,,,,,,,,,,,
2465831925.0,246,28,8.0,161,93.4,13.5,28,"{'value': 1, 'displayName': 'FirstHalf'}","{'value': 1, 'displayName': 'Pass'}","{'value': 1, 'displayName': 'Successful'}","[{'type': {'value': 212, 'displayName': 'Length'}, 'value': '15.5'}, {'type': {'value': 213, 'displayName': 'Angle'}, 'value': '2.2'}, {'type': {'value': 56, 'displayName': 'Zone'}, 'value': 'Center'}, {'type': {'value': 141, 'displayName': 'PassEndY'}, 'value': '32.5'}, {'type': {'value': 178, 'displayName': 'StandingSave'}}, {'type': {'value': 140, 'displayName': 'PassEndX'}, 'value': '85.3'}]","[91, 119, 117, 30, 205, 35, 37, 217, 218]",True,300513.0,85.3,32.5,,,,,,,,,
2465831929.0,247,28,9.0,161,85.3,32.5,28,"{'value': 1, 'displayName': 'FirstHalf'}","{'value': 61, 'displayName': 'BallTouch'}","{'value': 0, 'displayName': 'Unsuccessful'}","[{'type': {'value': 56, 'displayName': 'Zone'}, 'value': 'Center'}, {'type': {'value': 178, 'displayName': 'StandingSave'}}]","[91, 69]",True,296363.0,,,,,,,,,,,
2465831975.0,205,28,10.0,29,12.8,65.6,28,"{'value': 1, 'displayName': 'FirstHalf'}","{'value': 12, 'displayName': 'Clearance'}","{'value': 1, 'displayName': 'Successful'}","[{'type': {'value': 141, 'displayName': 'PassEndY'}, 'value': '60.5'}, {'type': {'value': 178, 'displayName': 'StandingSave'}}, {'type': {'value': 140, 'displayName': 'PassEndX'}, 'value': '55.6'}, {'type': {'value': 212, 'displayName': 'Length'}, 'value': '45.1'}, {'type': {'value': 213, 'displayName': 'Angle'}, 'value': '6.2'}, {'type': {'value': 56, 'displayName': 'Zone'}, 'value': 'Center'}]","[91, 94, 95, 216]",True,68049.0,55.6,60.5,,,,,,,,,
2465831991.0,248,28,16.0,161,43.9,33.0,28,"{'value': 1, 'displayName': 'FirstHalf'}","{'value': 1, 'displayName': 'Pass'}","{'value': 1, 'displayName': 'Successful'}","[{'type': {'value': 56, 'displayName': 'Zone'}, 'value': 'Back'}, {'type': {'value': 140, 'displayName': 'PassEndX'}, 'value': '44.0'}, {'type': {'value': 3, 'displayName': 'HeadPass'}}, {'type': {'value': 212, 'displayName': 'Length'}, 'value': '2.4'}, {'type': {'value': 213, 'displayName': 'Angle'}, 'value': '1.5'}, {'type': {'value': 141, 'displayName': 'PassEndY'}, 'value': '36.5'}]","[91, 117, 30, 139, 36, 37, 216, 218]",True,238244.0,44.0,36.5,,,,,,,,,
2465832021.0,249,28,18.0,161,37.7,46.0,28,"{'value': 1, 'displayName': 'FirstHalf'}","{'value': 1, 'displayName': 'Pass'}","{'value': 1, 'displayName': 'Successful'}","[{'type': {'value': 212, 'displayName': 'Length'}, 'value': '26.1'}, {'type': {'value': 178, 'displayName': 'StandingSave'}}, {'type': {'value': 213, 'displayName': 'Angle'}, 'value': '3.1'}, {'type': {'value': 56, 'displayName': 'Zone'}, 'value': 'Back'}, {'type': {'value': 141, 'displayName': 'PassEndY'}, 'value': '48.4'}, {'type': {'value': 140, 'displayName': 'PassEndX'}, 'value': '12.9'}]","[91, 117, 30, 35, 37, 215, 218]",True,16161.0,12.9,48.4,,,,,,,,,
2465832027.0,250,28,22.0,161,12.9,48.4,28,"{'value': 1, 'displayName': 'FirstHalf'}","{'value': 1, 'displayName': 'Pass'}","{'value': 1, 'displayName': 'Successful'}","[{'type': {'value': 178, 'displayName': 'StandingSave'}}, {'type': {'value': 213, 'displayName': 'Angle'}, 'value': '5.5'}, {'type': {'value': 56, 'displayName': 'Zone'}, 'value': 'Back'}, {'type': {'value': 212, 'displayName': 'Length'}, 'value': '15.7'}, {'type': {'value': 140, 'displayName': 'PassEndX'}, 'value': '23.7'}, {'type': {'value': 141, 'displayName': 'PassEndY'}, 'value': '32.4'}]","[91, 117, 30, 36, 38, 215, 218]",True,122714.0,23.7,32.4,,,,,,,,,
2465832071.0,251,28,24.0,161,23.7,32.7,28,"{'value': 1, 'displayName': 'FirstHalf'}","{'value': 1, 'displayName': 'Pass'}","{'value': 1, 'displayName': 'Successful'}","[{'type': {'value': 140, 'displayName': 'PassEndX'}, 'value': '34.1'}, {'type': {'value': 212, 'displayName': 'Length'}, 'value': '16.0'}, {'type': {'value': 141, 'displayName': 'PassEndY'}, 'value': '15.6'}, {'type': {'value': 178, 'displayName': 'StandingSave'}}, {'type': {'value': 56, 'displayName': 'Zone'}, 'value': 'Back'}, {'type': {'value': 213, 'displayName': 'Angle'}, 'value': '5.5'}]","[91, 117, 30, 36, 38, 216, 218]",True,238244.0,34.1,15.6,,,,,,,,,
2465832087.0,252,28,30.0,161,44.0,16.4,28,"{'value': 1, 'displayName': 'FirstHalf'}","{'value': 1, 'displayName': 'Pass'}","{'value': 0, 'displayName': 'Unsuccessful'}","[{'type': {'value': 140, 'displayName': 'PassEndX'}, 'value': '72.7'}, {'type': {'value': 212, 'displayName': 'Length'}, 'value': '36.1'}, {'type': {'value': 56, 'displayName': 'Zone'}, 'value': 'Center'}, {'type': {'value': 141, 'displayName': 'PassEndY'}, 'value': '45.5'}, {'type': {'value': 213, 'displayName': 'Angle'}, 'value': '0.6'}, {'type': {'value': 178, 'displayName': 'StandingSave'}}, {'type': {'value': 1, 'displayName': 'Longball'}}, {'type': {'value': 155, 'displayName': 'Chipped'}}]","[91, 120, 124, 128, 36, 37, 217, 218]",True,115917.0,72.7,45.5,,,,,,,,,
2465832099.0,206,28,32.0,29,32.2,59.3,28,"{'value': 1, 'displayName': 'FirstHalf'}","{'value': 1, 'displayName': 'Pass'}","{'value': 1, 'displayName': 'Successful'}","[{'type': {'value': 141, 'displayName': 'PassEndY'}, 'value': '70.4'}, {'type': {'value': 140, 'displayName': 'PassEndX'}, 'value': '63.8'}, {'type': {'value': 212, 'displayName': 'Length'}, 'value': '34.0'}, {'type': {'value': 3, 'displayName': 'HeadPass'}}, {'type': {'value': 1, 'displayName': 'Longball'}}, {'type': {'value': 178, 'displayName': 'StandingSave'}}, {'type': {'value': 56, 'displayName': 'Zone'}, 'value': 'Center'}, {'type': {'value': 213, 'displayName': 'Angle'}, 'value': '0.2'}]","[91, 119, 117, 139, 127, 36, 37, 216, 218]",True,73063.0,63.8,70.4,,,,,,,,,
2465832101.0,207,28,35.0,29,63.8,70.4,28,"{'value': 1, 'displayName': 'FirstHalf'}","{'value': 49, 'displayName': 'BallRecovery'}","{'value': 1, 'displayName': 'Successful'}",[],[93],False,302650.0,,,,,,,,,,,
2465832157.0,208,28,39.0,29,69.7,73.1,28,"{'value': 1, 'displayName': 'FirstHalf'}","{'value': 1, 'displayName': 'Pass'}","{'value': 1, 'displayName': 'Successful'}","[{'type': {'value': 212, 'displayName': 'Length'}, 'value': '29.5'}, {'type': {'value': 178, 'displayName': 'StandingSave'}}, {'type': {'value': 213, 'displayName': 'Angle'}, 'value': '5.2'}, {'type': {'value': 56, 'displayName': 'Zone'}, 'value': 'Center'}, {'type': {'value': 141, 'displayName': 'PassEndY'}, 'value': '34.0'}, {'type': {'value': 140, 'displayName': 'PassEndX'}, 'value': '81.8'}]","[91, 119, 117, 30, 205, 36, 38, 217, 218]",True,302650.0,81.8,34.0,,,,,,,,,
2465832161.0,209,28,42.0,29,91.4,38.7,28,"{'value': 1, 'displayName': 'FirstHalf'}","{'value': 50, 'displayName': 'Dispossessed'}","{'value': 1, 'displayName': 'Successful'}","[{'type': {'value': 286, 'displayName': 'Offensive'}}, {'type': {'value': 56, 'displayName': 'Zone'}, 'value': 'Center'}, {'type': {'value': 233, 'displayName': 'OppositeRelatedEvent'}, 'value': '253'}]","[91, 70]",True,322596.0,,,,,,,,,,,
2465832175.0,253,28,43.0,161,8.6,61.3,28,"{'value': 1, 'displayName': 'FirstHalf'}","{'value': 7, 'displayName': 'Tackle'}","{'value': 0, 'displayName': 'Unsuccessful'}","[{'type': {'value': 285, 'displayName': 'Defensive'}}, {'type': {'value': 233, 'displayName': 'OppositeRelatedEvent'}, 'value': '209'}, {'type': {'value': 56, 'displayName': 'Zone'}, 'value': 'Back'}, {'type': {'value': 178, 'displayName': 'StandingSave'}}]","[91, 142]",True,394933.0,,,,,,,,,,,
2465832353.0,211,28,44.0,29,87.2,42.5,28,"{'value': 1, 'displayName': 'FirstHalf'}","{'value': 15, 'displayName': 'SavedShot'}","{'value': 1, 'displayName': 'Successful'}","[{'type': {'value': 233, 'displayName': 'OppositeRelatedEvent'}, 'value': '254'}, {'type': {'value': 82, 'displayName': 'Blocked'}}, {'type': {'value': 56, 'displayName': 'Zone'}, 'value': 'Center'}, {'type': {'value': 146, 'displayName': 'BlockedX'}, 'value': '89.1'}, {'type': {'value': 103, 'displayName': 'GoalMouthZ'}, 'value': '19'}, {'type': {'value': 22, 'displayName': 'RegularPlay'}}, {'type': {'value': 78, 'displayName': 'LowCentre'}}, {'type': {'value': 20, 'displayName': 'RightFoot'}}, {'type': {'value': 178, 'displayName': 'StandingSave'}}, {'type': {'value': 17, 'displayName': 'BoxCentre'}}, {'type': {'value': 102, 'displayName': 'GoalMouthY'}, 'value': '49.1'}, {'type': {'value': 147, 'displayName': 'BlockedY'}, 'value': '43.5'}]","[91, 10, 1, 3, 11, 12]",True,322596.0,,,,,89.1,43.5,19.0,49.1,True,,
2465832191.0,254,28,44.0,161,10.7,56.1,28,"{'value': 1, 'displayName': 'FirstHalf'}","{'value': 10, 'displayName': 'Save'}","{'value': 1, 'displayName': 'Successful'}","[{'type': {'value': 94, 'displayName': 'OutfielderBlock'}}, {'type': {'value': 178, 'displayName': 'StandingSave'}}, {'type': {'value': 233, 'displayName': 'OppositeRelatedEvent'}, 'value': '211'}, {'type': {'value': 56, 'displayName': 'Zone'}, 'value': 'Back'}]","[91, 58]",True,368310.0,,,,,,,,,,,
2465832181.0,210,28,46.0,29,82.4,60.1,28,"{'value': 1, 'displayName': 'FirstHalf'}","{'value': 16, 'displayName': 'Goal'}","{'value': 1, 'displayName': 'Successful'}","[{'type': {'value': 56, 'displayName': 'Zone'}, 'value': 'Center'}, {'type': {'value': 20, 'displayName': 'RightFoot'}}, {'type': {'value': 102, 'displayName': 'GoalMouthY'}, 'value': '45.9'}, {'type': {'value': 22, 'displayName': 'RegularPlay'}}, {'type': {'value': 178, 'displayName': 'StandingSave'}}, {'type': {'value': 80, 'displayName': 'LowRight'}}, {'type': {'value': 103, 'displayName': 'GoalMouthZ'}, 'value': '19.0'}, {'type': {'value': 18, 'displayName': 'OutOfBoxCentre'}}]","[91, 24, 9, 10, 2, 3, 12, 18, 19, 25]",True,302650.0,,,,,,,19.0,45.9,True,,True
2465833059.0,255,30,0.0,161,50.3,50.0,30,"{'value': 1, 'displayName': 'FirstHalf'}","{'value': 1, 'displayName': 'Pass'}","{'value': 1, 'displayName': 'Successful'}","[{'type': {'value': 140, 'displayName': 'PassEndX'}, 'value': '27.1'}, {'type': {'value': 212, 'displayName': 'Length'}, 'value': '24.4'}, {'type': {'value': 141, 'displayName': 'PassEndY'}, 'value': '50.3'}, {'type': {'value': 178, 'displayName': 'StandingSave'}}, {'type': {'value': 56, 'displayName': 'Zone'}, 'value': 'Back'}, {'type': {'value': 213, 'displayName': 'Angle'}, 'value': '3.1'}]","[91, 117, 30, 35, 37, 215, 218]",True,247995.0,27.1,50.3,,,,,,,,,
2465833073.0,256,30,3.0,161,26.6,48.7,30,"{'value': 1, 'displayName': 'FirstHalf'}","{'value': 1, 'displayName': 'Pass'}","{'value': 1, 'displayName': 'Successful'}","[{'type': {'value': 213, 'displayName': 'Angle'}, 'value': '5.6'}, {'type': {'value': 56, 'displayName': 'Zone'}, 'value': 'Right'}, {'type': {'value': 1, 'displayName': 'Longball'}}, {'type': {'value': 155, 'displayName': 'Chipped'}}, {'type': {'value': 140, 'displayName': 'PassEndX'}, 'value': '63.0'}, {'type': {'value': 212, 'displayName': 'Length'}, 'value': '47.9'}, {'type': {'value': 141, 'displayName': 'PassEndY'}, 'value': '6.2'}, {'type': {'value': 178, 'displayName': 'StandingSave'}}]","[91, 119, 117, 124, 127, 36, 38, 216, 218]",True,238244.0,63.0,6.2,,,,,,,,,
2465997743.0,939,30,6.0,161,66.8,5.4,30,"{'value': 1, 'displayName': 'FirstHalf'}","{'value': 44, 'displayName': 'Aerial'}","{'value': 1, 'displayName': 'Successful'}","[{'type': {'value': 286, 'displayName': 'Offensive'}}, {'type': {'value': 233, 'displayName': 'OppositeRelatedEvent'}, 'value': '727'}, {'type': {'value': 56, 'displayName': 'Zone'}, 'value': 'Right'}]","[197, 199]",False,394933.0,,,,,,,,,,,
2465998175.0,727,30,6.0,29,33.2,94.6,30,"{'value': 1, 'displayName': 'FirstHalf'}","{'value': 44, 'displayName': 'Aerial'}","{'value': 0, 'displayName': 'Unsuccessful'}","[{'type': {'value': 56, 'displayName': 'Zone'}, 'value': 'Back'}, {'type': {'value': 233, 'displayName': 'OppositeRelatedEvent'}, 'value': '939'}, {'type': {'value': 285, 'displayName': 'Defensive'}}]","[198, 200]",False,68049.0,,,,,,,,,,,
2465997829.0,940,30,6.0,161,65.2,6.6,30,"{'value': 1, 'displayName': 'FirstHalf'}","{'value': 1, 'displayName': 'Pass'}","{'value': 0, 'displayName': 'Unsuccessful'}","[{'type': {'value': 141, 'displayName': 'PassEndY'}, 'value': '0.0'}, {'type': {'value': 56, 'displayName': 'Zone'}, 'value': 'Right'}, {'type': {'value': 140, 'displayName': 'PassEndX'}, 'value': '70.8'}, {'type': {'value': 212, 'displayName': 'Length'}, 'value': '8.0'}, {'type': {'value': 213, 'displayName': 'Angle'}, 'value': '5.5'}, {'type': {'value': 3, 'displayName': 'HeadPass'}}]","[91, 120, 29, 139, 36, 38, 217, 218]",True,394933.0,70.8,0.0,,,,,,,,,
2465833267.0,213,30,21.0,29,29.0,100.0,30,"{'value': 1, 'displayName': 'FirstHalf'}","{'value': 1, 'displayName': 'Pass'}","{'value': 1, 'displayName': 'Successful'}","[{'type': {'value': 107, 'displayName': 'ThrowIn'}}, {'type': {'value': 212, 'displayName': 'Length'}, 'value': '7.1'}, {'type': {'value': 56, 'displayName': 'Zone'}, 'value': 'Back'}, {'type': {'value': 213, 'displayName': 'Angle'}, 'value': '5.2'}, {'type': {'value': 141, 'displayName': 'PassEndY'}, 'value': '92.3'}, {'type': {'value': 140, 'displayName': 'PassEndX'}, 'value': '32.3'}]","[91, 212, 36, 38, 215]",True,68049.0,32.3,92.3,,,,,,,,,
2465833319.0,214,30,22.0,29,32.2,92.1,30,"{'value': 1, 'displayName': 'FirstHalf'}","{'value': 1, 'displayName': 'Pass'}","{'value': 0, 'displayName': 'Unsuccessful'}","[{'type': {'value': 212, 'displayName': 'Length'}, 'value': '8.1'}, {'type': {'value': 213, 'displayName': 'Angle'}, 'value': '2.2'}, {'type': {'value': 56, 'displayName': 'Zone'}, 'value': 'Back'}, {'type': {'value': 178, 'displayName': 'StandingSave'}}, {'type': {'value': 141, 'displayName': 'PassEndY'}, 'value': '100.0'}, {'type': {'value': 140, 'displayName': 'PassEndX'}, 'value': '27.8'}]","[91, 118, 120, 29, 35, 37, 215, 218]",True,319756.0,27.8,100.0,,,,,,,,,
2465833489.0,259,30,36.0,161,71.7,0.0,30,"{'value': 1, 'displayName': 'FirstHalf'}","{'value': 1, 'displayName': 'Pass'}","{'value': 1, 'displayName': 'Successful'}","[{'type': {'value': 140, 'displayName': 'PassEndX'}, 'value': '75.7'}, {'type': {'value': 56, 'displayName': 'Zone'}, 'value': 'Right'}, {'type': {'value': 141, 'displayName': 'PassEndY'}, 'value': '14.3'}, {'type': {'value': 213, 'displayName': 'Angle'}, 'value': '1.2'}, {'type': {'value': 212, 'displayName': 'Length'}, 'value': '11.8'}, {'type': {'value': 107, 'displayName': 'ThrowIn'}}]","[91, 212, 36, 37, 217]",True,115917.0,75.7,14.3,,,,,,,,,
2465833501.0,260,30,37.0,161,75.6,14.3,30,"{'value': 1, 'displayName': 'FirstHalf'}","{'value': 1, 'displayName': 'Pass'}","{'value': 1, 'displayName': 'Successful'}","[{'type': {'value': 140, 'displayName': 'PassEndX'}, 'value': '69.7'}, {'type': {'value': 141, 'displayName': 'PassEndY'}, 'value': '4.4'}, {'type': {'value': 213, 'displayName': 'Angle'}, 'value': '4.0'}, {'type': {'value': 56, 'displayName': 'Zone'}, 'value': 'Right'}, {'type': {'value': 212, 'displayName': 'Length'}, 'value': '9.1'}, {'type': {'value': 178, 'displayName': 'StandingSave'}}]","[91, 119, 117, 30, 205, 35, 38, 217, 218]",True,300513.0,69.7,4.4,,,,,,,,,
2465833509.0,261,30,38.0,161,69.7,4.4,30,"{'value': 1, 'displayName': 'FirstHalf'}","{'value': 1, 'displayName': 'Pass'}","{'value': 1, 'displayName': 'Successful'}","[{'type': {'value': 140, 'displayName': 'PassEndX'}, 'value': '73.1'}, {'type': {'value': 56, 'displayName': 'Zone'}, 'value': 'Right'}, {'type': {'value': 178, 'displayName': 'StandingSave'}}, {'type': {'value': 213, 'displayName': 'Angle'}, 'value': '1.0'}, {'type': {'value': 141, 'displayName': 'PassEndY'}, 'value': '12.3'}, {'type': {'value': 212, 'displayName': 'Length'}, 'value': '6.5'}]","[91, 119, 117, 30, 205, 36, 37, 217, 218]",True,115917.0,73.1,12.3,,,,,,,,,
2465833519.0,262,30,39.0,161,73.1,12.5,30,"{'value': 1, 'displayName': 'FirstHalf'}","{'value': 1, 'displayName': 'Pass'}","{'value': 1, 'displayName': 'Successful'}","[{'type': {'value': 212, 'displayName': 'Length'}, 'value': '7.7'}, {'type': {'value': 141, 'displayName': 'PassEndY'}, 'value': '10.3'}, {'type': {'value': 156, 'displayName': 'LayOff'}}, {'type': {'value': 178, 'displayName': 'StandingSave'}}, {'type': {'value': 56, 'displayName': 'Zone'}, 'value': 'Right'}, {'type': {'value': 213, 'displayName': 'Angle'}, 'value': '3.3'}, {'type': {'value': 140, 'displayName': 'PassEndX'}, 'value': '65.9'}]","[91, 119, 117, 30, 35, 38, 216, 218]",True,300513.0,65.9,10.3,,,,,,,,,
2465833607.0,263,30,41.0,161,61.6,16.4,30,"{'value': 1, 'displayName': 'FirstHalf'}","{'value': 1, 'displayName': 'Pass'}","{'value': 1, 'displayName': 'Successful'}","[{'type': {'value': 56, 'displayName': 'Zone'}, 'value': 'Center'}, {'type': {'value': 178, 'displayName': 'StandingSave'}}, {'type': {'value': 213, 'displayName': 'Angle'}, 'value': '1.9'}, {'type': {'value': 141, 'displayName': 'PassEndY'}, 'value': '52.4'}, {'type': {'value': 140, 'displayName': 'PassEndX'}, 'value': '53.0'}, {'type': {'value': 212, 'displayName': 'Length'}, 'value': '26.1'}]","[91, 119, 117, 30, 35, 37, 216, 218]",True,115917.0,53.0,52.4,,,,,,,,,
2465833655.0,264,30,45.0,161,59.9,63.0,30,"{'value': 1, 'displayName': 'FirstHalf'}","{'value': 1, 'displayName': 'Pass'}","{'value': 1, 'displayName': 'Successful'}","[{'type': {'value': 56, 'displayName': 'Zone'}, 'value': 'Left'}, {'type': {'value': 140, 'displayName': 'PassEndX'}, 'value': '77.9'}, {'type': {'value': 141, 'displayName': 'PassEndY'}, 'value': '93.9'}, {'type': {'value': 213, 'displayName': 'Angle'}, 'value': '0.8'}, {'type': {'value': 178, 'displayName': 'StandingSave'}}, {'type': {'value': 212, 'displayName': 'Length'}, 'value': '28.3'}]","[91, 119, 117, 30, 205, 36, 37, 217, 218]",True,368310.0,77.9,93.9,,,,,,,,,
2465833665.0,265,30,48.0,161,77.6,94.2,30,"{'value': 1, 'displayName': 'FirstHalf'}","{'value': 1, 'displayName': 'Pass'}","{'value': 0, 'displayName': 'Unsuccessful'}","[{'type': {'value': 72, 'displayName': 'LeftFoot'}}, {'type': {'value': 140, 'displayName': 'PassEndX'}, 'value': '80.3'}, {'type': {'value': 178, 'displayName': 'StandingSave'}}, {'type': {'value': 2, 'displayName': 'Cross'}}, {'type': {'value': 56, 'displayName': 'Zone'}, 'value': 'Left'}, {'type': {'value': 155, 'displayName': 'Chipped'}}, {'type': {'value': 212, 'displayName': 'Length'}, 'value': '9.2'}, {'type': {'value': 213, 'displayName': 'Angle'}, 'value': '5.0'}, {'type': {'value': 141, 'displayName': 'PassEndY'}, 'value': '81.4'}]","[91, 138, 124, 126, 36, 38, 217, 218]",True,355401.0,80.3,81.4,,,,,,,,,
2465833671.0,216,30,48.0,29,20.6,19.1,30,"{'value': 1, 'displayName': 'FirstHalf'}","{'value': 61, 'displayName': 'BallTouch'}","{'value': 1, 'displayName': 'Successful'}","[{'type': {'value': 178, 'displayName': 'StandingSave'}}, {'type': {'value': 56, 'displayName': 'Zone'}, 'value': 'Back'}, {'type': {'value': 21, 'displayName': 'OtherBodyPart'}}]",[91],True,255167.0,,,,,,,,,,,
2465833779.0,266,30,49.0,161,73.3,71.4,30,"{'value': 1, 'displayName': 'FirstHalf'}","{'value': 1, 'displayName': 'Pass'}","{'value': 1, 'displayName': 'Successful'}","[{'type': {'value': 213, 'displayName': 'Angle'}, 'value': '1.9'}, {'type': {'value': 212, 'displayName': 'Length'}, 'value': '16.6'}, {'type': {'value': 3, 'displayName': 'HeadPass'}}, {'type': {'value': 140, 'displayName': 'PassEndX'}, 'value': '68.2'}, {'type': {'value': 141, 'displayName': 'PassEndY'}, 'value': '94.5'}, {'type': {'value': 56, 'displayName': 'Zone'}, 'value': 'Left'}]","[91, 119, 117, 30, 139, 205, 35, 37, 217, 218]",True,394933.0,68.2,94.5,,,,,,,,,
2465833829.0,267,30,52.0,161,67.9,94.5,30,"{'value': 1, 'displayName': 'FirstHalf'}","{'value': 1, 'displayName': 'Pass'}","{'value': 1, 'displayName': 'Successful'}","[{'type': {'value': 141, 'displayName': 'PassEndY'}, 'value': '85.6'}, {'type': {'value': 178, 'displayName': 'StandingSave'}}, {'type': {'value': 140, 'displayName': 'PassEndX'}, 'value': '44.4'}, {'type': {'value': 212, 'displayName': 'Length'}, 'value': '25.4'}, {'type': {'value': 56, 'displayName': 'Zone'}, 'value': 'Back'}, {'type': {'value': 213, 'displayName': 'Angle'}, 'value': '3.4'}]","[91, 117, 30, 35, 38, 216, 218]",True,355401.0,44.4,85.6,,,,,,,,,
2465833841.0,268,30,56.0,161,44.4,85.4,30,"{'value': 1, 'displayName': 'FirstHalf'}","{'value': 1, 'displayName': 'Pass'}","{'value': 1, 'displayName': 'Successful'}","[{'type': {'value': 213, 'displayName': 'Angle'}, 'value': '5.9'}, {'type': {'value': 140, 'displayName': 'PassEndX'}, 'value': '60.2'}, {'type': {'value': 56, 'displayName': 'Zone'}, 'value': 'Center'}, {'type': {'value': 212, 'displayName': 'Length'}, 'value': '17.9'}, {'type': {'value': 178, 'displayName': 'StandingSave'}}, {'type': {'value': 141, 'displayName': 'PassEndY'}, 'value': '75.4'}]","[91, 119, 117, 30, 36, 38, 216, 218]",True,368310.0,60.2,75.4,,,,,,,,,
2465833859.0,269,30,57.0,161,60.2,75.4,30,"{'value': 1, 'displayName': 'FirstHalf'}","{'value': 1, 'displayName': 'Pass'}","{'value': 1, 'displayName': 'Successful'}","[{'type': {'value': 56, 'displayName': 'Zone'}, 'value': 'Back'}, {'type': {'value': 140, 'displayName': 'PassEndX'}, 'value': '42.0'}, {'type': {'value': 212, 'displayName': 'Length'}, 'value': '19.8'}, {'type': {'value': 141, 'displayName': 'PassEndY'}, 'value': '83.0'}, {'type': {'value': 213, 'displayName': 'Angle'}, 'value': '2.9'}, {'type': {'value': 178, 'displayName': 'StandingSave'}}]","[91, 117, 30, 35, 37, 216, 218]",True,394933.0,42.0,83.0,,,,,,,,,
2465833895.0,270,31,0.0,161,42.0,83.0,31,"{'value': 1, 'displayName': 'FirstHalf'}","{'value': 1, 'displayName': 'Pass'}","{'value': 0, 'displayName': 'Unsuccessful'}","[{'type': {'value': 140, 'displayName': 'PassEndX'}, 'value': '65.6'}, {'type': {'value': 213, 'displayName': 'Angle'}, 'value': '6.1'}, {'type': {'value': 56, 'displayName': 'Zone'}, 'value': 'Center'}, {'type': {'value': 178, 'displayName': 'StandingSave'}}, {'type': {'value': 212, 'displayName': 'Length'}, 'value': '25.3'}, {'type': {'value': 141, 'displayName': 'PassEndY'}, 'value': '75.6'}]","[91, 120, 29, 36, 38, 216, 218]",True,368310.0,65.6,75.6,,,,,,,,,
2465833929.0,217,31,1.0,29,41.3,20.8,31,"{'value': 1, 'displayName': 'FirstHalf'}","{'value': 8, 'displayName': 'Interception'}","{'value': 1, 'displayName': 'Successful'}","[{'type': {'value': 56, 'displayName': 'Zone'}, 'value': 'Back'}, {'type': {'value': 178, 'displayName': 'StandingSave'}}]","[91, 101, 56]",True,255167.0,,,,,,,,,,,
2465833951.0,218,31,2.0,29,53.1,26.9,31,"{'value': 1, 'displayName': 'FirstHalf'}","{'value': 49, 'displayName': 'BallRecovery'}","{'value': 1, 'displayName': 'Successful'}",[],[93],False,255167.0,,,,,,,,,,,
2466000651.0,728,31,2.0,29,53.8,21.0,31,"{'value': 1, 'displayName': 'FirstHalf'}","{'value': 1, 'displayName': 'Pass'}","{'value': 1, 'displayName': 'Successful'}","[{'type': {'value': 140, 'displayName': 'PassEndX'}, 'value': '56.6'}, {'type': {'value': 212, 'displayName': 'Length'}, 'value': '7.8'}, {'type': {'value': 141, 'displayName': 'PassEndY'}, 'value': '10.4'}, {'type': {'value': 213, 'displayName': 'Angle'}, 'value': '5.1'}, {'type': {'value': 56, 'displayName': 'Zone'}, 'value': 'Right'}]","[91, 119, 117, 30, 36, 38, 216, 218]",True,255167.0,56.6,10.4,,,,,,,,,
2466000673.0,729,31,3.0,29,56.6,10.4,31,"{'value': 1, 'displayName': 'FirstHalf'}","{'value': 1, 'displayName': 'Pass'}","{'value': 0, 'displayName': 'Unsuccessful'}","[{'type': {'value': 212, 'displayName': 'Length'}, 'value': '16.2'}, {'type': {'value': 213, 'displayName': 'Angle'}, 'value': '0.9'}, {'type': {'value': 141, 'displayName': 'PassEndY'}, 'value': '29.1'}, {'type': {'value': 56, 'displayName': 'Zone'}, 'value': 'Center'}, {'type': {'value': 178, 'displayName': 'StandingSave'}}, {'type': {'value': 140, 'displayName': 'PassEndX'}, 'value': '66.1'}]","[91, 120, 29, 36, 37, 216, 218]",True,322596.0,66.1,29.1,,,,,,,,,
2465837043.0,224,33,50.0,29,0.0,0.0,33,"{'value': 1, 'displayName': 'FirstHalf'}","{'value': 18, 'displayName': 'SubstitutionOff'}","{'value': 1, 'displayName': 'Successful'}","[{'type': {'value': 55, 'displayName': 'RelatedEventId'}, 'value': '225'}, {'type': {'value': 59, 'displayName': 'JerseyNumber'}, 'value': '14'}, {'type': {'value': 44, 'displayName': 'PlayerPosition'}, 'value': 'Forward'}]",[214],False,125004.0,,,225.0,297203.0,,,,,,,
2465837047.0,225,33,50.0,29,0.0,0.0,33,"{'value': 1, 'displayName': 'FirstHalf'}","{'value': 19, 'displayName': 'SubstitutionOn'}","{'value': 1, 'displayName': 'Successful'}","[{'type': {'value': 44, 'displayName': 'PlayerPosition'}, 'value': 'Midfielder'}, {'type': {'value': 145, 'displayName': 'FormationSlot'}, 'value': '11'}, {'type': {'value': 59, 'displayName': 'JerseyNumber'}, 'value': '8'}, {'type': {'value': 55, 'displayName': 'RelatedEventId'}, 'value': '224'}]",[213],False,297203.0,,,224.0,125004.0,,,,,,,
2466001807.0,942,33,56.0,161,33.9,70.9,33,"{'value': 1, 'displayName': 'FirstHalf'}","{'value': 49, 'displayName': 'BallRecovery'}","{'value': 1, 'displayName': 'Successful'}",[],[93],False,16161.0,,,,,,,,,,,
2465837227.0,275,33,59.0,161,36.6,63.4,33,"{'value': 1, 'displayName': 'FirstHalf'}","{'value': 1, 'displayName': 'Pass'}","{'value': 1, 'displayName': 'Successful'}","[{'type': {'value': 140, 'displayName': 'PassEndX'}, 'value': '37.2'}, {'type': {'value': 212, 'displayName': 'Length'}, 'value': '22.9'}, {'type': {'value': 213, 'displayName': 'Angle'}, 'value': '4.7'}, {'type': {'value': 141, 'displayName': 'PassEndY'}, 'value': '29.8'}, {'type': {'value': 56, 'displayName': 'Zone'}, 'value': 'Back'}, {'type': {'value': 178, 'displayName': 'StandingSave'}}]","[91, 117, 30, 36, 38, 216, 218]",True,16161.0,37.2,29.8,,,,,,,,,
2465837323.0,276,34,2.0,161,37.8,30.4,34,"{'value': 1, 'displayName': 'FirstHalf'}","{'value': 1, 'displayName': 'Pass'}","{'value': 1, 'displayName': 'Successful'}","[{'type': {'value': 140, 'displayName': 'PassEndX'}, 'value': '43.5'}, {'type': {'value': 213, 'displayName': 'Angle'}, 'value': '1.1'}, {'type': {'value': 56, 'displayName': 'Zone'}, 'value': 'Back'}, {'type': {'value': 141, 'displayName': 'PassEndY'}, 'value': '47.9'}, {'type': {'value': 178, 'displayName': 'StandingSave'}}, {'type': {'value': 212, 'displayName': 'Length'}, 'value': '13.3'}]","[91, 117, 30, 36, 37, 216, 218]",True,115917.0,43.5,47.9,,,,,,,,,
2465837379.0,277,34,7.0,161,46.7,53.9,34,"{'value': 1, 'displayName': 'FirstHalf'}","{'value': 1, 'displayName': 'Pass'}","{'value': 1, 'displayName': 'Successful'}","[{'type': {'value': 56, 'displayName': 'Zone'}, 'value': 'Center'}, {'type': {'value': 140, 'displayName': 'PassEndX'}, 'value': '56.5'}, {'type': {'value': 212, 'displayName': 'Length'}, 'value': '19.6'}, {'type': {'value': 141, 'displayName': 'PassEndY'}, 'value': '78.5'}, {'type': {'value': 178, 'displayName': 'StandingSave'}}, {'type': {'value': 213, 'displayName': 'Angle'}, 'value': '1.0'}]","[91, 119, 117, 30, 36, 37, 216, 218]",True,16161.0,56.5,78.5,,,,,,,,,
2465837423.0,278,34,10.0,161,55.4,69.6,34,"{'value': 1, 'displayName': 'FirstHalf'}","{'value': 1, 'displayName': 'Pass'}","{'value': 1, 'displayName': 'Successful'}","[{'type': {'value': 141, 'displayName': 'PassEndY'}, 'value': '46.4'}, {'type': {'value': 212, 'displayName': 'Length'}, 'value': '19.2'}, {'type': {'value': 213, 'displayName': 'Angle'}, 'value': '4.1'}, {'type': {'value': 140, 'displayName': 'PassEndX'}, 'value': '44.9'}, {'type': {'value': 178, 'displayName': 'StandingSave'}}, {'type': {'value': 56, 'displayName': 'Zone'}, 'value': 'Back'}]","[91, 117, 30, 35, 38, 216, 218]",True,394933.0,44.9,46.4,,,,,,,,,
2465837461.0,279,34,13.0,161,45.7,33.7,34,"{'value': 1, 'displayName': 'FirstHalf'}","{'value': 1, 'displayName': 'Pass'}","{'value': 1, 'displayName': 'Successful'}","[{'type': {'value': 178, 'displayName': 'StandingSave'}}, {'type': {'value': 140, 'displayName': 'PassEndX'}, 'value': '46.9'}, {'type': {'value': 212, 'displayName': 'Length'}, 'value': '11.8'}, {'type': {'value': 141, 'displayName': 'PassEndY'}, 'value': '16.4'}, {'type': {'value': 56, 'displayName': 'Zone'}, 'value': 'Back'}, {'type': {'value': 213, 'displayName': 'Angle'}, 'value': '4.8'}]","[91, 117, 30, 36, 38, 216, 218]",True,238244.0,46.9,16.4,,,,,,,,,
2465837497.0,280,34,16.0,161,48.9,23.3,34,"{'value': 1, 'displayName': 'FirstHalf'}","{'value': 1, 'displayName': 'Pass'}","{'value': 1, 'displayName': 'Successful'}","[{'type': {'value': 141, 'displayName': 'PassEndY'}, 'value': '32.1'}, {'type': {'value': 140, 'displayName': 'PassEndX'}, 'value': '42.1'}, {'type': {'value': 56, 'displayName': 'Zone'}, 'value': 'Back'}, {'type': {'value': 178, 'displayName': 'StandingSave'}}, {'type': {'value': 213, 'displayName': 'Angle'}, 'value': '2.4'}, {'type': {'value': 212, 'displayName': 'Length'}, 'value': '9.3'}]","[91, 117, 30, 35, 37, 216, 218]",True,115917.0,42.1,32.1,,,,,,,,,
2465837585.0,281,34,18.0,161,41.9,32.4,34,"{'value': 1, 'displayName': 'FirstHalf'}","{'value': 1, 'displayName': 'Pass'}","{'value': 1, 'displayName': 'Successful'}","[{'type': {'value': 213, 'displayName': 'Angle'}, 'value': '5.6'}, {'type': {'value': 56, 'displayName': 'Zone'}, 'value': 'Right'}, {'type': {'value': 141, 'displayName': 'PassEndY'}, 'value': '4.4'}, {'type': {'value': 212, 'displayName': 'Length'}, 'value': '31.3'}, {'type': {'value': 178, 'displayName': 'StandingSave'}}, {'type': {'value': 140, 'displayName': 'PassEndX'}, 'value': '65.5'}]","[91, 119, 117, 30, 36, 38, 216, 218]",True,238244.0,65.5,4.4,,,,,,,,,
2465837605.0,282,34,24.0,161,73.2,3.7,34,"{'value': 1, 'displayName': 'FirstHalf'}","{'value': 1, 'displayName': 'Pass'}","{'value': 1, 'displayName': 'Successful'}","[{'type': {'value': 141, 'displayName': 'PassEndY'}, 'value': '19.5'}, {'type': {'value': 56, 'displayName': 'Zone'}, 'value': 'Right'}, {'type': {'value': 140, 'displayName': 'PassEndX'}, 'value': '65.5'}, {'type': {'value': 178, 'displayName': 'StandingSave'}}, {'type': {'value': 212, 'displayName': 'Length'}, 'value': '13.4'}, {'type': {'value': 213, 'displayName': 'Angle'}, 'value': '2.2'}]","[91, 119, 117, 30, 35, 37, 216, 218]",True,296363.0,65.5,19.5,,,,,,,,,
2465837647.0,283,34,26.0,161,65.5,19.8,34,"{'value': 1, 'displayName': 'FirstHalf'}","{'value': 1, 'displayName': 'Pass'}","{'value': 1, 'displayName': 'Successful'}","[{'type': {'value': 140, 'displayName': 'PassEndX'}, 'value': '55.7'}, {'type': {'value': 141, 'displayName': 'PassEndY'}, 'value': '47.0'}, {'type': {'value': 178, 'displayName': 'StandingSave'}}, {'type': {'value': 213, 'displayName': 'Angle'}, 'value': '2.1'}, {'type': {'value': 56, 'displayName': 'Zone'}, 'value': 'Center'}, {'type': {'value': 212, 'displayName': 'Length'}, 'value': '21.2'}]","[91, 119, 117, 30, 35, 37, 216, 218]",True,16161.0,55.7,47.0,,,,,,,,,
2465837683.0,284,34,28.0,161,55.7,47.0,34,"{'value': 1, 'displayName': 'FirstHalf'}","{'value': 1, 'displayName': 'Pass'}","{'value': 1, 'displayName': 'Successful'}","[{'type': {'value': 141, 'displayName': 'PassEndY'}, 'value': '69.0'}, {'type': {'value': 56, 'displayName': 'Zone'}, 'value': 'Center'}, {'type': {'value': 140, 'displayName': 'PassEndX'}, 'value': '56.0'}, {'type': {'value': 212, 'displayName': 'Length'}, 'value': '15.0'}, {'type': {'value': 178, 'displayName': 'StandingSave'}}, {'type': {'value': 213, 'displayName': 'Angle'}, 'value': '1.5'}]","[91, 119, 117, 30, 36, 37, 216, 218]",True,238244.0,56.0,69.0,,,,,,,,,
2465837797.0,285,34,30.0,161,62.9,74.1,34,"{'value': 1, 'displayName': 'FirstHalf'}","{'value': 1, 'displayName': 'Pass'}","{'value': 1, 'displayName': 'Successful'}","[{'type': {'value': 140, 'displayName': 'PassEndX'}, 'value': '77.9'}, {'type': {'value': 141, 'displayName': 'PassEndY'}, 'value': '95.9'}, {'type': {'value': 56, 'displayName': 'Zone'}, 'value': 'Left'}, {'type': {'value': 213, 'displayName': 'Angle'}, 'value': '0.8'}, {'type': {'value': 178, 'displayName': 'StandingSave'}}, {'type': {'value': 212, 'displayName': 'Length'}, 'value': '21.6'}]","[91, 119, 117, 30, 205, 36, 37, 217, 218]",True,368310.0,77.9,95.9,,,,,,,,,
2465837859.0,286,34,37.0,161,68.8,65.2,34,"{'value': 1, 'displayName': 'FirstHalf'}","{'value': 1, 'displayName': 'Pass'}","{'value': 1, 'displayName': 'Successful'}","[{'type': {'value': 140, 'displayName': 'PassEndX'}, 'value': '64.7'}, {'type': {'value': 213, 'displayName': 'Angle'}, 'value': '4.4'}, {'type': {'value': 141, 'displayName': 'PassEndY'}, 'value': '46.3'}, {'type': {'value': 178, 'displayName': 'StandingSave'}}, {'type': {'value': 56, 'displayName': 'Zone'}, 'value': 'Center'}, {'type': {'value': 212, 'displayName': 'Length'}, 'value': '13.6'}]","[91, 119, 117, 30, 35, 38, 216, 218]",True,355401.0,64.7,46.3,,,,,,,,,
2465837949.0,287,34,39.0,161,64.7,45.1,34,"{'value': 1, 'displayName': 'FirstHalf'}","{'value': 1, 'displayName': 'Pass'}","{'value': 1, 'displayName': 'Successful'}","[{'type': {'value': 141, 'displayName': 'PassEndY'}, 'value': '32.4'}, {'type': {'value': 140, 'displayName': 'PassEndX'}, 'value': '78.3'}, {'type': {'value': 212, 'displayName': 'Length'}, 'value': '16.7'}, {'type': {'value': 178, 'displayName': 'StandingSave'}}, {'type': {'value': 213, 'displayName': 'Angle'}, 'value': '5.7'}, {'type': {'value': 56, 'displayName': 'Zone'}, 'value': 'Center'}]","[91, 119, 117, 30, 205, 36, 38, 217, 218]",True,16161.0,78.3,32.4,,,,,,,,,
2465837953.0,288,34,42.0,161,86.3,29.0,34,"{'value': 1, 'displayName': 'FirstHalf'}","{'value': 50, 'displayName': 'Dispossessed'}","{'value': 1, 'displayName': 'Successful'}","[{'type': {'value': 233, 'displayName': 'OppositeRelatedEvent'}, 'value': '228'}, {'type': {'value': 56, 'displayName': 'Zone'}, 'value': 'Center'}, {'type': {'value': 286, 'displayName': 'Offensive'}}]","[91, 70]",True,300513.0,,,,,,,,,,,
2465838083.0,228,34,42.0,29,13.7,71.0,34,"{'value': 1, 'displayName': 'FirstHalf'}","{'value': 7, 'displayName': 'Tackle'}","{'value': 1, 'displayName': 'Successful'}","[{'type': {'value': 56, 'displayName': 'Zone'}, 'value': 'Back'}, {'type': {'value': 285, 'displayName': 'Defensive'}}, {'type': {'value': 178, 'displayName': 'StandingSave'}}, {'type': {'value': 233, 'displayName': 'OppositeRelatedEvent'}, 'value': '288'}]","[91, 143]",True,68049.0,,,,,,,,,,,
2465837981.0,226,34,43.0,29,9.5,70.4,34,"{'value': 1, 'displayName': 'FirstHalf'}","{'value': 12, 'displayName': 'Clearance'}","{'value': 1, 'displayName': 'Successful'}","[{'type': {'value': 213, 'displayName': 'Angle'}, 'value': '3.4'}, {'type': {'value': 212, 'displayName': 'Length'}, 'value': '11.8'}, {'type': {'value': 56, 'displayName': 'Zone'}, 'value': 'Back'}, {'type': {'value': 141, 'displayName': 'PassEndY'}, 'value': '66.8'}, {'type': {'value': 140, 'displayName': 'PassEndX'}, 'value': '0.0'}]","[91, 94, 95, 215]",True,106086.0,0.0,66.8,,,,,,,,,
2465837989.0,227,34,44.0,29,5.9,69.2,34,"{'value': 1, 'displayName': 'FirstHalf'}","{'value': 6, 'displayName': 'CornerAwarded'}","{'value': 0, 'displayName': 'Unsuccessful'}","[{'type': {'value': 233, 'displayName': 'OppositeRelatedEvent'}, 'value': '289'}, {'type': {'value': 73, 'displayName': 'MissLeft'}}, {'type': {'value': 56, 'displayName': 'Zone'}, 'value': 'Back'}]",[122],False,106086.0,,,,,,,,,,,
2465838021.0,289,34,44.0,161,94.1,30.8,34,"{'value': 1, 'displayName': 'FirstHalf'}","{'value': 6, 'displayName': 'CornerAwarded'}","{'value': 1, 'displayName': 'Successful'}","[{'type': {'value': 75, 'displayName': 'MissRight'}}, {'type': {'value': 56, 'displayName': 'Zone'}, 'value': 'Center'}, {'type': {'value': 233, 'displayName': 'OppositeRelatedEvent'}, 'value': '227'}]",[122],False,300513.0,,,,,,,,,,,
2465838421.0,290,35,5.0,161,99.5,0.5,35,"{'value': 1, 'displayName': 'FirstHalf'}","{'value': 1, 'displayName': 'Pass'}","{'value': 0, 'displayName': 'Unsuccessful'}","[{'type': {'value': 2, 'displayName': 'Cross'}}, {'type': {'value': 140, 'displayName': 'PassEndX'}, 'value': '95.9'}, {'type': {'value': 20, 'displayName': 'RightFoot'}}, {'type': {'value': 56, 'displayName': 'Zone'}, 'value': 'Center'}, {'type': {'value': 141, 'displayName': 'PassEndY'}, 'value': '41.3'}, {'type': {'value': 6, 'displayName': 'CornerTaken'}}, {'type': {'value': 213, 'displayName': 'Angle'}, 'value': '1.7'}, {'type': {'value': 212, 'displayName': 'Length'}, 'value': '28.0'}, {'type': {'value': 155, 'displayName': 'Chipped'}}, {'type': {'value': 178, 'displayName': 'StandingSave'}}]","[91, 137, 124, 126, 31, 33, 34, 35, 37, 217, 218]",True,247995.0,95.9,41.3,,,,,,,,,
2465838449.0,229,35,6.0,29,3.7,61.2,35,"{'value': 1, 'displayName': 'FirstHalf'}","{'value': 12, 'displayName': 'Clearance'}","{'value': 1, 'displayName': 'Successful'}","[{'type': {'value': 178, 'displayName': 'StandingSave'}}, {'type': {'value': 56, 'displayName': 'Zone'}, 'value': 'Back'}, {'type': {'value': 141, 'displayName': 'PassEndY'}, 'value': '100.0'}, {'type': {'value': 15, 'displayName': 'Head'}}, {'type': {'value': 140, 'displayName': 'PassEndX'}, 'value': '33.2'}, {'type': {'value': 212, 'displayName': 'Length'}, 'value': '41.3'}, {'type': {'value': 213, 'displayName': 'Angle'}, 'value': '0.7'}]","[91, 94, 95, 57, 215]",True,319756.0,33.2,100.0,,,,,,,,,
2465838719.0,292,35,18.0,161,67.3,0.0,35,"{'value': 1, 'displayName': 'FirstHalf'}","{'value': 1, 'displayName': 'Pass'}","{'value': 1, 'displayName': 'Successful'}","[{'type': {'value': 140, 'displayName': 'PassEndX'}, 'value': '53.9'}, {'type': {'value': 107, 'displayName': 'ThrowIn'}}, {'type': {'value': 212, 'displayName': 'Length'}, 'value': '17.1'}, {'type': {'value': 56, 'displayName': 'Zone'}, 'value': 'Right'}, {'type': {'value': 141, 'displayName': 'PassEndY'}, 'value': '12.3'}, {'type': {'value': 213, 'displayName': 'Angle'}, 'value': '2.5'}]","[91, 212, 35, 37, 216]",True,115917.0,53.9,12.3,,,,,,,,,
2465838775.0,293,35,23.0,161,53.9,12.3,35,"{'value': 1, 'displayName': 'FirstHalf'}","{'value': 1, 'displayName': 'Pass'}","{'value': 1, 'displayName': 'Successful'}","[{'type': {'value': 178, 'displayName': 'StandingSave'}}, {'type': {'value': 213, 'displayName': 'Angle'}, 'value': '1.9'}, {'type': {'value': 140, 'displayName': 'PassEndX'}, 'value': '45.3'}, {'type': {'value': 212, 'displayName': 'Length'}, 'value': '27.6'}, {'type': {'value': 141, 'displayName': 'PassEndY'}, 'value': '50.7'}, {'type': {'value': 56, 'displayName': 'Zone'}, 'value': 'Back'}]","[91, 117, 30, 35, 37, 216, 218]",True,238244.0,45.3,50.7,,,,,,,,,
2465838795.0,294,35,25.0,161,45.1,50.7,35,"{'value': 1, 'displayName': 'FirstHalf'}","{'value': 1, 'displayName': 'Pass'}","{'value': 1, 'displayName': 'Successful'}","[{'type': {'value': 213, 'displayName': 'Angle'}, 'value': '6.0'}, {'type': {'value': 141, 'displayName': 'PassEndY'}, 'value': '46.4'}, {'type': {'value': 178, 'displayName': 'StandingSave'}}, {'type': {'value': 212, 'displayName': 'Length'}, 'value': '10.8'}, {'type': {'value': 140, 'displayName': 'PassEndX'}, 'value': '55.0'}, {'type': {'value': 56, 'displayName': 'Zone'}, 'value': 'Center'}]","[91, 119, 117, 30, 36, 38, 216, 218]",True,368310.0,55.0,46.4,,,,,,,,,
2465838857.0,295,35,27.0,161,54.3,49.4,35,"{'value': 1, 'displayName': 'FirstHalf'}","{'value': 1, 'displayName': 'Pass'}","{'value': 1, 'displayName': 'Successful'}","[{'type': {'value': 212, 'displayName': 'Length'}, 'value': '15.1'}, {'type': {'value': 56, 'displayName': 'Zone'}, 'value': 'Back'}, {'type': {'value': 141, 'displayName': 'PassEndY'}, 'value': '67.0'}, {'type': {'value': 178, 'displayName': 'StandingSave'}}, {'type': {'value': 140, 'displayName': 'PassEndX'}, 'value': '45.5'}, {'type': {'value': 213, 'displayName': 'Angle'}, 'value': '2.2'}]","[91, 117, 30, 35, 37, 216, 218]",True,16161.0,45.5,67.0,,,,,,,,,
2465838905.0,296,35,31.0,161,44.8,67.3,35,"{'value': 1, 'displayName': 'FirstHalf'}","{'value': 1, 'displayName': 'Pass'}","{'value': 1, 'displayName': 'Successful'}","[{'type': {'value': 178, 'displayName': 'StandingSave'}}, {'type': {'value': 212, 'displayName': 'Length'}, 'value': '20.4'}, {'type': {'value': 213, 'displayName': 'Angle'}, 'value': '4.2'}, {'type': {'value': 56, 'displayName': 'Zone'}, 'value': 'Back'}, {'type': {'value': 141, 'displayName': 'PassEndY'}, 'value': '41.8'}, {'type': {'value': 140, 'displayName': 'PassEndX'}, 'value': '34.6'}]","[91, 117, 30, 35, 38, 216, 218]",True,368310.0,34.6,41.8,,,,,,,,,
2465838971.0,297,35,33.0,161,34.6,41.8,35,"{'value': 1, 'displayName': 'FirstHalf'}","{'value': 1, 'displayName': 'Pass'}","{'value': 1, 'displayName': 'Successful'}","[{'type': {'value': 212, 'displayName': 'Length'}, 'value': '19.6'}, {'type': {'value': 178, 'displayName': 'StandingSave'}}, {'type': {'value': 56, 'displayName': 'Zone'}, 'value': 'Back'}, {'type': {'value': 141, 'displayName': 'PassEndY'}, 'value': '18.0'}, {'type': {'value': 213, 'displayName': 'Angle'}, 'value': '5.3'}, {'type': {'value': 140, 'displayName': 'PassEndX'}, 'value': '45.1'}]","[91, 117, 30, 36, 38, 216, 218]",True,238244.0,45.1,18.0,,,,,,,,,
2465839017.0,298,35,36.0,161,45.8,18.2,35,"{'value': 1, 'displayName': 'FirstHalf'}","{'value': 1, 'displayName': 'Pass'}","{'value': 1, 'displayName': 'Successful'}","[{'type': {'value': 213, 'displayName': 'Angle'}, 'value': '5.9'}, {'type': {'value': 56, 'displayName': 'Zone'}, 'value': 'Right'}, {'type': {'value': 212, 'displayName': 'Length'}, 'value': '27.7'}, {'type': {'value': 178, 'displayName': 'StandingSave'}}, {'type': {'value': 140, 'displayName': 'PassEndX'}, 'value': '70.6'}, {'type': {'value': 141, 'displayName': 'PassEndY'}, 'value': '4.1'}]","[91, 119, 117, 30, 205, 36, 38, 217, 218]",True,115917.0,70.6,4.1,,,,,,,,,
2465839053.0,299,35,38.0,161,69.6,6.5,35,"{'value': 1, 'displayName': 'FirstHalf'}","{'value': 1, 'displayName': 'Pass'}","{'value': 1, 'displayName': 'Successful'}","[{'type': {'value': 140, 'displayName': 'PassEndX'}, 'value': '55.6'}, {'type': {'value': 141, 'displayName': 'PassEndY'}, 'value': '17.4'}, {'type': {'value': 178, 'displayName': 'StandingSave'}}, {'type': {'value': 213, 'displayName': 'Angle'}, 'value': '2.7'}, {'type': {'value': 56, 'displayName': 'Zone'}, 'value': 'Right'}, {'type': {'value': 212, 'displayName': 'Length'}, 'value': '16.5'}]","[91, 119, 117, 30, 35, 37, 216, 218]",True,296363.0,55.6,17.4,,,,,,,,,
2465839127.0,300,35,39.0,161,55.4,17.1,35,"{'value': 1, 'displayName': 'FirstHalf'}","{'value': 1, 'displayName': 'Pass'}","{'value': 1, 'displayName': 'Successful'}","[{'type': {'value': 141, 'displayName': 'PassEndY'}, 'value': '42.5'}, {'type': {'value': 178, 'displayName': 'StandingSave'}}, {'type': {'value': 140, 'displayName': 'PassEndX'}, 'value': '46.5'}, {'type': {'value': 212, 'displayName': 'Length'}, 'value': '19.6'}, {'type': {'value': 213, 'displayName': 'Angle'}, 'value': '2.1'}, {'type': {'value': 56, 'displayName': 'Zone'}, 'value': 'Back'}]","[91, 117, 30, 35, 37, 216, 218]",True,115917.0,46.5,42.5,,,,,,,,,
2465839163.0,301,35,43.0,161,47.3,40.4,35,"{'value': 1, 'displayName': 'FirstHalf'}","{'value': 1, 'displayName': 'Pass'}","{'value': 1, 'displayName': 'Successful'}","[{'type': {'value': 140, 'displayName': 'PassEndX'}, 'value': '63.0'}, {'type': {'value': 212, 'displayName': 'Length'}, 'value': '17.2'}, {'type': {'value': 56, 'displayName': 'Zone'}, 'value': 'Center'}, {'type': {'value': 213, 'displayName': 'Angle'}, 'value': '0.3'}, {'type': {'value': 141, 'displayName': 'PassEndY'}, 'value': '47.8'}, {'type': {'value': 178, 'displayName': 'StandingSave'}}]","[91, 119, 117, 30, 36, 37, 216, 218]",True,16161.0,63.0,47.8,,,,,,,,,
2465839217.0,302,35,45.0,161,62.8,47.2,35,"{'value': 1, 'displayName': 'FirstHalf'}","{'value': 1, 'displayName': 'Pass'}","{'value': 1, 'displayName': 'Successful'}","[{'type': {'value': 213, 'displayName': 'Angle'}, 'value': '3.1'}, {'type': {'value': 178, 'displayName': 'StandingSave'}}, {'type': {'value': 212, 'displayName': 'Length'}, 'value': '11.8'}, {'type': {'value': 141, 'displayName': 'PassEndY'}, 'value': '47.2'}, {'type': {'value': 140, 'displayName': 'PassEndX'}, 'value': '51.6'}, {'type': {'value': 56, 'displayName': 'Zone'}, 'value': 'Center'}]","[91, 119, 117, 30, 35, 216, 218]",True,300513.0,51.6,47.2,,,,,,,,,
2465839281.0,303,35,47.0,161,53.9,47.6,35,"{'value': 1, 'displayName': 'FirstHalf'}","{'value': 1, 'displayName': 'Pass'}","{'value': 1, 'displayName': 'Successful'}","[{'type': {'value': 140, 'displayName': 'PassEndX'}, 'value': '74.9'}, {'type': {'value': 213, 'displayName': 'Angle'}, 'value': '5.9'}, {'type': {'value': 56, 'displayName': 'Zone'}, 'value': 'Center'}, {'type': {'value': 212, 'displayName': 'Length'}, 'value': '23.9'}, {'type': {'value': 141, 'displayName': 'PassEndY'}, 'value': '34.2'}, {'type': {'value': 178, 'displayName': 'StandingSave'}}]","[91, 119, 117, 30, 205, 36, 38, 217, 218]",True,16161.0,74.9,34.2,,,,,,,,,
2465839289.0,304,35,49.0,161,71.4,34.4,35,"{'value': 1, 'displayName': 'FirstHalf'}","{'value': 4, 'displayName': 'Foul'}","{'value': 1, 'displayName': 'Successful'}","[{'type': {'value': 13, 'displayName': 'Foul'}}, {'type': {'value': 56, 'displayName': 'Zone'}, 'value': 'Center'}, {'type': {'value': 286, 'displayName': 'Offensive'}}, {'type': {'value': 233, 'displayName': 'OppositeRelatedEvent'}, 'value': '231'}]","[91, 63]",True,247995.0,,,,,,,,,,,
2465839311.0,231,35,49.0,29,28.6,65.6,35,"{'value': 1, 'displayName': 'FirstHalf'}","{'value': 4, 'displayName': 'Foul'}","{'value': 0, 'displayName': 'Unsuccessful'}","[{'type': {'value': 233, 'displayName': 'OppositeRelatedEvent'}, 'value': '304'}, {'type': {'value': 178, 'displayName': 'StandingSave'}}, {'type': {'value': 56, 'displayName': 'Zone'}, 'value': 'Back'}, {'type': {'value': 285, 'displayName': 'Defensive'}}, {'type': {'value': 13, 'displayName': 'Foul'}}]",[64],False,106086.0,,,,,,,,,,,
2465839691.0,305,36,8.0,161,68.8,35.2,36,"{'value': 1, 'displayName': 'FirstHalf'}","{'value': 1, 'displayName': 'Pass'}","{'value': 1, 'displayName': 'Successful'}","[{'type': {'value': 140, 'displayName': 'PassEndX'}, 'value': '73.2'}, {'type': {'value': 56, 'displayName': 'Zone'}, 'value': 'Center'}, {'type': {'value': 5, 'displayName': 'FreekickTaken'}}, {'type': {'value': 213, 'displayName': 'Angle'}, 'value': '5.3'}, {'type': {'value': 141, 'displayName': 'PassEndY'}, 'value': '25.3'}, {'type': {'value': 178, 'displayName': 'StandingSave'}}, {'type': {'value': 212, 'displayName': 'Length'}, 'value': '8.2'}]","[91, 119, 117, 30, 132, 205, 36, 38, 217, 218]",True,16161.0,73.2,25.3,,,,,,,,,
2465839723.0,306,36,11.0,161,73.6,24.9,36,"{'value': 1, 'displayName': 'FirstHalf'}","{'value': 1, 'displayName': 'Pass'}","{'value': 0, 'displayName': 'Unsuccessful'}","[{'type': {'value': 213, 'displayName': 'Angle'}, 'value': '6.2'}, {'type': {'value': 212, 'displayName': 'Length'}, 'value': '28.9'}, {'type': {'value': 141, 'displayName': 'PassEndY'}, 'value': '23.3'}, {'type': {'value': 56, 'displayName': 'Zone'}, 'value': 'Center'}, {'type': {'value': 178, 'displayName': 'StandingSave'}}, {'type': {'value': 140, 'displayName': 'PassEndX'}, 'value': '100.0'}]","[91, 120, 29, 36, 38, 217, 218]",True,115917.0,100.0,23.3,,,,,,,,,
2465840317.0,233,36,43.0,29,5.3,51.0,36,"{'value': 1, 'displayName': 'FirstHalf'}","{'value': 1, 'displayName': 'Pass'}","{'value': 0, 'displayName': 'Unsuccessful'}","[{'type': {'value': 124, 'displayName': 'GoalKick'}}, {'type': {'value': 212, 'displayName': 'Length'}, 'value': '61.3'}, {'type': {'value': 155, 'displayName': 'Chipped'}}, {'type': {'value': 213, 'displayName': 'Angle'}, 'value': '0.5'}, {'type': {'value': 74, 'displayName': 'MissHigh'}}, {'type': {'value': 140, 'displayName': 'PassEndX'}, 'value': '55.6'}, {'type': {'value': 1, 'displayName': 'Longball'}}, {'type': {'value': 56, 'displayName': 'Zone'}, 'value': 'Left'}, {'type': {'value': 141, 'displayName': 'PassEndY'}, 'value': '96.9'}]","[91, 120, 124, 128, 36, 37, 216, 218]",True,20973.0,55.6,96.9,,,,,,,,,
2465840369.0,308,36,47.0,161,45.4,10.7,36,"{'value': 1, 'displayName': 'FirstHalf'}","{'value': 1, 'displayName': 'Pass'}","{'value': 0, 'displayName': 'Unsuccessful'}","[{'type': {'value': 141, 'displayName': 'PassEndY'}, 'value': '14.0'}, {'type': {'value': 3, 'displayName': 'HeadPass'}}, {'type': {'value': 140, 'displayName': 'PassEndX'}, 'value': '71.9'}, {'type': {'value': 212, 'displayName': 'Length'}, 'value': '27.9'}, {'type': {'value': 56, 'displayName': 'Zone'}, 'value': 'Right'}, {'type': {'value': 213, 'displayName': 'Angle'}, 'value': '0.1'}]","[91, 120, 29, 139, 36, 37, 217, 218]",True,296363.0,71.9,14.0,,,,,,,,,
2465840457.0,234,36,50.0,29,32.6,90.8,36,"{'value': 1, 'displayName': 'FirstHalf'}","{'value': 1, 'displayName': 'Pass'}","{'value': 1, 'displayName': 'Successful'}","[{'type': {'value': 212, 'displayName': 'Length'}, 'value': '37.4'}, {'type': {'value': 141, 'displayName': 'PassEndY'}, 'value': '60.6'}, {'type': {'value': 178, 'displayName': 'StandingSave'}}, {'type': {'value': 213, 'displayName': 'Angle'}, 'value': '3.7'}, {'type': {'value': 140, 'displayName': 'PassEndX'}, 'value': '2.8'}, {'type': {'value': 1, 'displayName': 'Longball'}}, {'type': {'value': 56, 'displayName': 'Zone'}, 'value': 'Back'}]","[91, 117, 127, 35, 38, 215, 218]",True,332325.0,2.8,60.6,,,,,,,,,
2465840547.0,235,36,54.0,29,4.4,57.3,36,"{'value': 1, 'displayName': 'FirstHalf'}","{'value': 1, 'displayName': 'Pass'}","{'value': 1, 'displayName': 'Successful'}","[{'type': {'value': 213, 'displayName': 'Angle'}, 'value': '0.3'}, {'type': {'value': 178, 'displayName': 'StandingSave'}}, {'type': {'value': 212, 'displayName': 'Length'}, 'value': '46.0'}, {'type': {'value': 1, 'displayName': 'Longball'}}, {'type': {'value': 155, 'displayName': 'Chipped'}}, {'type': {'value': 140, 'displayName': 'PassEndX'}, 'value': '45.9'}, {'type': {'value': 56, 'displayName': 'Zone'}, 'value': 'Back'}, {'type': {'value': 141, 'displayName': 'PassEndY'}, 'value': '78.8'}]","[91, 117, 124, 127, 36, 37, 216, 218]",True,20973.0,45.9,78.8,,,,,,,,,
2465840563.0,236,36,57.0,29,44.5,79.6,36,"{'value': 1, 'displayName': 'FirstHalf'}","{'value': 44, 'displayName': 'Aerial'}","{'value': 1, 'displayName': 'Successful'}","[{'type': {'value': 285, 'displayName': 'Defensive'}}, {'type': {'value': 233, 'displayName': 'OppositeRelatedEvent'}, 'value': '309'}, {'type': {'value': 56, 'displayName': 'Zone'}, 'value': 'Back'}]","[197, 200]",False,319756.0,,,,,,,,,,,
2465840543.0,309,36,57.0,161,55.5,20.4,36,"{'value': 1, 'displayName': 'FirstHalf'}","{'value': 44, 'displayName': 'Aerial'}","{'value': 0, 'displayName': 'Unsuccessful'}","[{'type': {'value': 286, 'displayName': 'Offensive'}}, {'type': {'value': 56, 'displayName': 'Zone'}, 'value': 'Right'}, {'type': {'value': 233, 'displayName': 'OppositeRelatedEvent'}, 'value': '236'}]","[198, 199]",False,16161.0,,,,,,,,,,,
2465840593.0,237,36,57.0,29,45.9,78.8,36,"{'value': 1, 'displayName': 'FirstHalf'}","{'value': 1, 'displayName': 'Pass'}","{'value': 0, 'displayName': 'Unsuccessful'}","[{'type': {'value': 141, 'displayName': 'PassEndY'}, 'value': '91.8'}, {'type': {'value': 140, 'displayName': 'PassEndX'}, 'value': '60.6'}, {'type': {'value': 212, 'displayName': 'Length'}, 'value': '17.8'}, {'type': {'value': 3, 'displayName': 'HeadPass'}}, {'type': {'value': 213, 'displayName': 'Angle'}, 'value': '0.5'}, {'type': {'value': 56, 'displayName': 'Zone'}, 'value': 'Left'}]","[91, 120, 29, 139, 36, 37, 216, 218]",True,319756.0,60.6,91.8,,,,,,,,,
2465840587.0,310,36,58.0,161,48.1,10.4,36,"{'value': 1, 'displayName': 'FirstHalf'}","{'value': 49, 'displayName': 'BallRecovery'}","{'value': 1, 'displayName': 'Successful'}",[],[93],False,115917.0,,,,,,,,,,,
2465840609.0,311,37,0.0,161,48.1,10.4,37,"{'value': 1, 'displayName': 'FirstHalf'}","{'value': 1, 'displayName': 'Pass'}","{'value': 0, 'displayName': 'Unsuccessful'}","[{'type': {'value': 141, 'displayName': 'PassEndY'}, 'value': '14.3'}, {'type': {'value': 178, 'displayName': 'StandingSave'}}, {'type': {'value': 233, 'displayName': 'OppositeRelatedEvent'}, 'value': '238'}, {'type': {'value': 140, 'displayName': 'PassEndX'}, 'value': '51.1'}, {'type': {'value': 56, 'displayName': 'Zone'}, 'value': 'Right'}, {'type': {'value': 213, 'displayName': 'Angle'}, 'value': '0.7'}, {'type': {'value': 212, 'displayName': 'Length'}, 'value': '4.1'}, {'type': {'value': 286, 'displayName': 'Offensive'}}]","[91, 120, 29, 36, 37, 216, 218]",True,115917.0,51.1,14.3,,,,,,,,,
2465840637.0,238,37,0.0,29,49.1,92.6,37,"{'value': 1, 'displayName': 'FirstHalf'}","{'value': 74, 'displayName': 'BlockedPass'}","{'value': 1, 'displayName': 'Successful'}","[{'type': {'value': 56, 'displayName': 'Zone'}, 'value': 'Back'}, {'type': {'value': 178, 'displayName': 'StandingSave'}}, {'type': {'value': 233, 'displayName': 'OppositeRelatedEvent'}, 'value': '311'}, {'type': {'value': 285, 'displayName': 'Defensive'}}]","[91, 60]",True,319756.0,,,,,,,,,,,
2465840655.0,239,37,2.0,29,62.1,95.6,37,"{'value': 1, 'displayName': 'FirstHalf'}","{'value': 49, 'displayName': 'BallRecovery'}","{'value': 1, 'displayName': 'Successful'}",[],[93],False,302650.0,,,,,,,,,,,
2465840861.0,240,37,12.0,29,81.5,79.4,37,"{'value': 1, 'displayName': 'FirstHalf'}","{'value': 1, 'displayName': 'Pass'}","{'value': 1, 'displayName': 'Successful'}","[{'type': {'value': 178, 'displayName': 'StandingSave'}}, {'type': {'value': 213, 'displayName': 'Angle'}, 'value': '5.0'}, {'type': {'value': 2, 'displayName': 'Cross'}}, {'type': {'value': 212, 'displayName': 'Length'}, 'value': '29.0'}, {'type': {'value': 141, 'displayName': 'PassEndY'}, 'value': '39.1'}, {'type': {'value': 155, 'displayName': 'Chipped'}}, {'type': {'value': 56, 'displayName': 'Zone'}, 'value': 'Center'}, {'type': {'value': 140, 'displayName': 'PassEndX'}, 'value': '90.6'}, {'type': {'value': 20, 'displayName': 'RightFoot'}}]","[91, 119, 137, 124, 125, 36, 38, 217, 218]",True,302650.0,90.6,39.1,,,,,,,,,
2465840893.0,241,37,14.0,29,90.1,38.2,37,"{'value': 1, 'displayName': 'FirstHalf'}","{'value': 44, 'displayName': 'Aerial'}","{'value': 1, 'displayName': 'Successful'}","[{'type': {'value': 286, 'displayName': 'Offensive'}}, {'type': {'value': 56, 'displayName': 'Zone'}, 'value': 'Center'}, {'type': {'value': 233, 'displayName': 'OppositeRelatedEvent'}, 'value': '312'}]","[197, 199]",False,143595.0,,,,,,,,,,,
2465840869.0,312,37,14.0,161,9.9,61.8,37,"{'value': 1, 'displayName': 'FirstHalf'}","{'value': 44, 'displayName': 'Aerial'}","{'value': 0, 'displayName': 'Unsuccessful'}","[{'type': {'value': 56, 'displayName': 'Zone'}, 'value': 'Back'}, {'type': {'value': 233, 'displayName': 'OppositeRelatedEvent'}, 'value': '241'}, {'type': {'value': 285, 'displayName': 'Defensive'}}]","[198, 200]",False,355401.0,,,,,,,,,,,
2465840903.0,242,37,14.0,29,89.7,34.9,37,"{'value': 1, 'displayName': 'FirstHalf'}","{'value': 1, 'displayName': 'Pass'}","{'value': 0, 'displayName': 'Unsuccessful'}","[{'type': {'value': 213, 'displayName': 'Angle'}, 'value': '0.4'}, {'type': {'value': 56, 'displayName': 'Zone'}, 'value': 'Center'}, {'type': {'value': 212, 'displayName': 'Length'}, 'value': '7.7'}, {'type': {'value': 141, 'displayName': 'PassEndY'}, 'value': '39.8'}, {'type': {'value': 140, 'displayName': 'PassEndX'}, 'value': '96.3'}, {'type': {'value': 3, 'displayName': 'HeadPass'}}]","[91, 120, 29, 139, 36, 37, 217, 218]",True,143595.0,96.3,39.8,,,,,,,,,
2465840943.0,314,37,15.0,161,3.1,53.4,37,"{'value': 1, 'displayName': 'FirstHalf'}","{'value': 52, 'displayName': 'KeeperPickup'}","{'value': 1, 'displayName': 'Successful'}","[{'type': {'value': 178, 'displayName': 'StandingSave'}}]",[93],False,122714.0,,,,,,,,,,,
2465841281.0,316,37,22.0,161,11.8,56.5,37,"{'value': 1, 'displayName': 'FirstHalf'}","{'value': 1, 'displayName': 'Pass'}","{'value': 1, 'displayName': 'Successful'}","[{'type': {'value': 212, 'displayName': 'Length'}, 'value': '8.5'}, {'type': {'value': 56, 'displayName': 'Zone'}, 'value': 'Back'}, {'type': {'value': 123, 'displayName': 'KeeperThrow'}}, {'type': {'value': 140, 'displayName': 'PassEndX'}, 'value': '13.5'}, {'type': {'value': 141, 'displayName': 'PassEndY'}, 'value': '44.3'}, {'type': {'value': 213, 'displayName': 'Angle'}, 'value': '4.9'}, {'type': {'value': 178, 'displayName': 'StandingSave'}}]","[91, 36, 38, 215, 218]",True,122714.0,13.5,44.3,,,,,,,,,
2466005975.0,943,37,26.0,161,13.7,42.7,37,"{'value': 1, 'displayName': 'FirstHalf'}","{'value': 1, 'displayName': 'Pass'}","{'value': 1, 'displayName': 'Successful'}","[{'type': {'value': 178, 'displayName': 'StandingSave'}}, {'type': {'value': 212, 'displayName': 'Length'}, 'value': '15.5'}, {'type': {'value': 213, 'displayName': 'Angle'}, 'value': '1.7'}, {'type': {'value': 141, 'displayName': 'PassEndY'}, 'value': '65.4'}, {'type': {'value': 56, 'displayName': 'Zone'}, 'value': 'Back'}, {'type': {'value': 140, 'displayName': 'PassEndX'}, 'value': '12.3'}]","[91, 117, 30, 35, 37, 215, 218]",True,238244.0,12.3,65.4,,,,,,,,,
2466006135.0,944,37,29.0,161,15.1,67.1,37,"{'value': 1, 'displayName': 'FirstHalf'}","{'value': 1, 'displayName': 'Pass'}","{'value': 1, 'displayName': 'Successful'}","[{'type': {'value': 178, 'displayName': 'StandingSave'}}, {'type': {'value': 56, 'displayName': 'Zone'}, 'value': 'Back'}, {'type': {'value': 140, 'displayName': 'PassEndX'}, 'value': '5.0'}, {'type': {'value': 212, 'displayName': 'Length'}, 'value': '14.8'}, {'type': {'value': 141, 'displayName': 'PassEndY'}, 'value': '51.9'}, {'type': {'value': 213, 'displayName': 'Angle'}, 'value': '3.9'}]","[91, 117, 30, 35, 38, 215, 218]",True,368310.0,5.0,51.9,,,,,,,,,
2466006207.0,945,37,32.0,161,8.4,46.7,37,"{'value': 1, 'displayName': 'FirstHalf'}","{'value': 1, 'displayName': 'Pass'}","{'value': 1, 'displayName': 'Successful'}","[{'type': {'value': 141, 'displayName': 'PassEndY'}, 'value': '28.8'}, {'type': {'value': 140, 'displayName': 'PassEndX'}, 'value': '12.7'}, {'type': {'value': 212, 'displayName': 'Length'}, 'value': '13.0'}, {'type': {'value': 178, 'displayName': 'StandingSave'}}, {'type': {'value': 56, 'displayName': 'Zone'}, 'value': 'Back'}, {'type': {'value': 213, 'displayName': 'Angle'}, 'value': '5.1'}]","[91, 117, 30, 36, 38, 215, 218]",True,122714.0,12.7,28.8,,,,,,,,,
2465841337.0,317,37,37.0,161,21.5,26.2,37,"{'value': 1, 'displayName': 'FirstHalf'}","{'value': 1, 'displayName': 'Pass'}","{'value': 1, 'displayName': 'Successful'}","[{'type': {'value': 56, 'displayName': 'Zone'}, 'value': 'Back'}, {'type': {'value': 213, 'displayName': 'Angle'}, 'value': '0.2'}, {'type': {'value': 212, 'displayName': 'Length'}, 'value': '14.5'}, {'type': {'value': 140, 'displayName': 'PassEndX'}, 'value': '35.0'}, {'type': {'value': 178, 'displayName': 'StandingSave'}}, {'type': {'value': 141, 'displayName': 'PassEndY'}, 'value': '30.7'}]","[91, 117, 30, 36, 37, 216, 218]",True,238244.0,35.0,30.7,,,,,,,,,
2465841373.0,318,37,38.0,161,35.0,30.7,37,"{'value': 1, 'displayName': 'FirstHalf'}","{'value': 1, 'displayName': 'Pass'}","{'value': 1, 'displayName': 'Successful'}","[{'type': {'value': 213, 'displayName': 'Angle'}, 'value': '2.0'}, {'type': {'value': 212, 'displayName': 'Length'}, 'value': '9.0'}, {'type': {'value': 178, 'displayName': 'StandingSave'}}, {'type': {'value': 56, 'displayName': 'Zone'}, 'value': 'Back'}, {'type': {'value': 141, 'displayName': 'PassEndY'}, 'value': '42.5'}, {'type': {'value': 140, 'displayName': 'PassEndX'}, 'value': '31.2'}]","[91, 117, 30, 35, 37, 215, 218]",True,115917.0,31.2,42.5,,,,,,,,,
2465841465.0,319,37,40.0,161,31.2,42.5,37,"{'value': 1, 'displayName': 'FirstHalf'}","{'value': 1, 'displayName': 'Pass'}","{'value': 1, 'displayName': 'Successful'}","[{'type': {'value': 212, 'displayName': 'Length'}, 'value': '46.7'}, {'type': {'value': 141, 'displayName': 'PassEndY'}, 'value': '94.4'}, {'type': {'value': 213, 'displayName': 'Angle'}, 'value': '0.9'}, {'type': {'value': 155, 'displayName': 'Chipped'}}, {'type': {'value': 56, 'displayName': 'Zone'}, 'value': 'Left'}, {'type': {'value': 178, 'displayName': 'StandingSave'}}, {'type': {'value': 140, 'displayName': 'PassEndX'}, 'value': '60.4'}, {'type': {'value': 1, 'displayName': 'Longball'}}]","[91, 119, 117, 124, 127, 36, 37, 216, 218]",True,16161.0,60.4,94.4,,,,,,,,,
2465841521.0,320,37,44.0,161,61.6,92.7,37,"{'value': 1, 'displayName': 'FirstHalf'}","{'value': 1, 'displayName': 'Pass'}","{'value': 1, 'displayName': 'Successful'}","[{'type': {'value': 140, 'displayName': 'PassEndX'}, 'value': '77.0'}, {'type': {'value': 212, 'displayName': 'Length'}, 'value': '16.2'}, {'type': {'value': 178, 'displayName': 'StandingSave'}}, {'type': {'value': 141, 'displayName': 'PassEndY'}, 'value': '93.3'}, {'type': {'value': 56, 'displayName': 'Zone'}, 'value': 'Left'}, {'type': {'value': 213, 'displayName': 'Angle'}, 'value': '0.0'}]","[91, 119, 117, 30, 205, 36, 37, 217, 218]",True,355401.0,77.0,93.3,,,,,,,,,
2465841531.0,321,37,48.0,161,76.6,95.7,37,"{'value': 1, 'displayName': 'FirstHalf'}","{'value': 3, 'displayName': 'TakeOn'}","{'value': 0, 'displayName': 'Unsuccessful'}","[{'type': {'value': 286, 'displayName': 'Offensive'}}, {'type': {'value': 233, 'displayName': 'OppositeRelatedEvent'}, 'value': '243'}, {'type': {'value': 56, 'displayName': 'Zone'}, 'value': 'Left'}, {'type': {'value': 178, 'displayName': 'StandingSave'}}]","[91, 53]",True,140088.0,,,,,,,,,,,
2465841557.0,243,37,48.0,29,23.4,4.3,37,"{'value': 1, 'displayName': 'FirstHalf'}","{'value': 7, 'displayName': 'Tackle'}","{'value': 1, 'displayName': 'Successful'}","[{'type': {'value': 233, 'displayName': 'OppositeRelatedEvent'}, 'value': '321'}, {'type': {'value': 285, 'displayName': 'Defensive'}}, {'type': {'value': 56, 'displayName': 'Zone'}, 'value': 'Back'}, {'type': {'value': 178, 'displayName': 'StandingSave'}}]","[91, 143]",True,73063.0,,,,,,,,,,,
2465841879.0,323,37,57.0,161,77.0,100.0,37,"{'value': 1, 'displayName': 'FirstHalf'}","{'value': 1, 'displayName': 'Pass'}","{'value': 1, 'displayName': 'Successful'}","[{'type': {'value': 140, 'displayName': 'PassEndX'}, 'value': '63.8'}, {'type': {'value': 213, 'displayName': 'Angle'}, 'value': '3.6'}, {'type': {'value': 56, 'displayName': 'Zone'}, 'value': 'Left'}, {'type': {'value': 141, 'displayName': 'PassEndY'}, 'value': '91.7'}, {'type': {'value': 212, 'displayName': 'Length'}, 'value': '15.2'}, {'type': {'value': 107, 'displayName': 'ThrowIn'}}]","[91, 212, 35, 38, 216]",True,355401.0,63.8,91.7,,,,,,,,,
2465842049.0,324,38,0.0,161,60.9,88.6,38,"{'value': 1, 'displayName': 'FirstHalf'}","{'value': 1, 'displayName': 'Pass'}","{'value': 1, 'displayName': 'Successful'}","[{'type': {'value': 213, 'displayName': 'Angle'}, 'value': '4.3'}, {'type': {'value': 141, 'displayName': 'PassEndY'}, 'value': '50.9'}, {'type': {'value': 56, 'displayName': 'Zone'}, 'value': 'Center'}, {'type': {'value': 212, 'displayName': 'Length'}, 'value': '27.8'}, {'type': {'value': 178, 'displayName': 'StandingSave'}}, {'type': {'value': 140, 'displayName': 'PassEndX'}, 'value': '50.6'}]","[91, 119, 117, 30, 35, 38, 216, 218]",True,394933.0,50.6,50.9,,,,,,,,,
2465842117.0,325,38,8.0,161,68.5,35.7,38,"{'value': 1, 'displayName': 'FirstHalf'}","{'value': 1, 'displayName': 'Pass'}","{'value': 1, 'displayName': 'Successful'}","[{'type': {'value': 56, 'displayName': 'Zone'}, 'value': 'Center'}, {'type': {'value': 213, 'displayName': 'Angle'}, 'value': '3.7'}, {'type': {'value': 178, 'displayName': 'StandingSave'}}, {'type': {'value': 140, 'displayName': 'PassEndX'}, 'value': '57.7'}, {'type': {'value': 212, 'displayName': 'Length'}, 'value': '13.5'}, {'type': {'value': 141, 'displayName': 'PassEndY'}, 'value': '25.0'}]","[91, 119, 117, 30, 35, 38, 216, 218]",True,238244.0,57.7,25.0,,,,,,,,,
2465842193.0,326,38,11.0,161,65.7,32.5,38,"{'value': 1, 'displayName': 'FirstHalf'}","{'value': 1, 'displayName': 'Pass'}","{'value': 1, 'displayName': 'Successful'}","[{'type': {'value': 141, 'displayName': 'PassEndY'}, 'value': '21.5'}, {'type': {'value': 140, 'displayName': 'PassEndX'}, 'value': '75.8'}, {'type': {'value': 56, 'displayName': 'Zone'}, 'value': 'Center'}, {'type': {'value': 178, 'displayName': 'StandingSave'}}, {'type': {'value': 213, 'displayName': 'Angle'}, 'value': '5.7'}, {'type': {'value': 212, 'displayName': 'Length'}, 'value': '13.0'}]","[91, 119, 117, 30, 205, 36, 38, 217, 218]",True,115917.0,75.8,21.5,,,,,,,,,
2465842217.0,327,38,14.0,161,72.1,22.3,38,"{'value': 1, 'displayName': 'FirstHalf'}","{'value': 1, 'displayName': 'Pass'}","{'value': 0, 'displayName': 'Unsuccessful'}","[{'type': {'value': 141, 'displayName': 'PassEndY'}, 'value': '23.1'}, {'type': {'value': 213, 'displayName': 'Angle'}, 'value': '0.0'}, {'type': {'value': 56, 'displayName': 'Zone'}, 'value': 'Center'}, {'type': {'value': 140, 'displayName': 'PassEndX'}, 'value': '85.0'}, {'type': {'value': 212, 'displayName': 'Length'}, 'value': '13.6'}, {'type': {'value': 178, 'displayName': 'StandingSave'}}]","[91, 120, 29, 36, 37, 217, 218]",True,300513.0,85.0,23.1,,,,,,,,,
2465842229.0,245,38,15.0,29,14.2,77.1,38,"{'value': 1, 'displayName': 'FirstHalf'}","{'value': 8, 'displayName': 'Interception'}","{'value': 1, 'displayName': 'Successful'}","[{'type': {'value': 56, 'displayName': 'Zone'}, 'value': 'Back'}, {'type': {'value': 178, 'displayName': 'StandingSave'}}]","[91, 101, 102, 56]",True,68049.0,,,,,,,,,,,
2465842247.0,246,38,15.0,29,14.6,80.3,38,"{'value': 1, 'displayName': 'FirstHalf'}","{'value': 49, 'displayName': 'BallRecovery'}","{'value': 1, 'displayName': 'Successful'}",[],[93],False,68049.0,,,,,,,,,,,
2465842291.0,247,38,17.0,29,13.4,82.8,38,"{'value': 1, 'displayName': 'FirstHalf'}","{'value': 1, 'displayName': 'Pass'}","{'value': 0, 'displayName': 'Unsuccessful'}","[{'type': {'value': 56, 'displayName': 'Zone'}, 'value': 'Back'}, {'type': {'value': 141, 'displayName': 'PassEndY'}, 'value': '95.1'}, {'type': {'value': 140, 'displayName': 'PassEndX'}, 'value': '26.8'}, {'type': {'value': 213, 'displayName': 'Angle'}, 'value': '0.5'}, {'type': {'value': 178, 'displayName': 'StandingSave'}}, {'type': {'value': 212, 'displayName': 'Length'}, 'value': '16.4'}]","[91, 118, 120, 29, 36, 37, 215, 218]",True,68049.0,26.8,95.1,,,,,,,,,
2465842303.0,328,38,18.0,161,75.0,4.3,38,"{'value': 1, 'displayName': 'FirstHalf'}","{'value': 61, 'displayName': 'BallTouch'}","{'value': 0, 'displayName': 'Unsuccessful'}","[{'type': {'value': 56, 'displayName': 'Zone'}, 'value': 'Right'}, {'type': {'value': 178, 'displayName': 'StandingSave'}}]","[91, 69]",True,296363.0,,,,,,,,,,,
2465842727.0,249,38,35.0,29,23.2,100.0,38,"{'value': 1, 'displayName': 'FirstHalf'}","{'value': 1, 'displayName': 'Pass'}","{'value': 1, 'displayName': 'Successful'}","[{'type': {'value': 212, 'displayName': 'Length'}, 'value': '9.0'}, {'type': {'value': 56, 'displayName': 'Zone'}, 'value': 'Back'}, {'type': {'value': 140, 'displayName': 'PassEndX'}, 'value': '29.5'}, {'type': {'value': 107, 'displayName': 'ThrowIn'}}, {'type': {'value': 213, 'displayName': 'Angle'}, 'value': '5.5'}, {'type': {'value': 141, 'displayName': 'PassEndY'}, 'value': '92.3'}]","[91, 212, 36, 38, 215]",True,68049.0,29.5,92.3,,,,,,,,,
2465842753.0,250,38,37.0,29,30.5,94.4,38,"{'value': 1, 'displayName': 'FirstHalf'}","{'value': 1, 'displayName': 'Pass'}","{'value': 0, 'displayName': 'Unsuccessful'}","[{'type': {'value': 141, 'displayName': 'PassEndY'}, 'value': '94.1'}, {'type': {'value': 56, 'displayName': 'Zone'}, 'value': 'Back'}, {'type': {'value': 140, 'displayName': 'PassEndX'}, 'value': '33.3'}, {'type': {'value': 212, 'displayName': 'Length'}, 'value': '2.9'}, {'type': {'value': 286, 'displayName': 'Offensive'}}, {'type': {'value': 213, 'displayName': 'Angle'}, 'value': '6.2'}, {'type': {'value': 233, 'displayName': 'OppositeRelatedEvent'}, 'value': '330'}, {'type': {'value': 178, 'displayName': 'StandingSave'}}]","[91, 118, 120, 29, 36, 38, 215, 218]",True,143595.0,33.3,94.1,,,,,,,,,
2465842781.0,330,38,37.0,161,65.0,8.9,38,"{'value': 1, 'displayName': 'FirstHalf'}","{'value': 74, 'displayName': 'BlockedPass'}","{'value': 1, 'displayName': 'Successful'}","[{'type': {'value': 233, 'displayName': 'OppositeRelatedEvent'}, 'value': '250'}, {'type': {'value': 56, 'displayName': 'Zone'}, 'value': 'Right'}, {'type': {'value': 178, 'displayName': 'StandingSave'}}, {'type': {'value': 285, 'displayName': 'Defensive'}}]","[91, 60]",True,394933.0,,,,,,,,,,,
2465842813.0,331,38,39.0,161,69.4,24.3,38,"{'value': 1, 'displayName': 'FirstHalf'}","{'value': 49, 'displayName': 'BallRecovery'}","{'value': 1, 'displayName': 'Successful'}",[],[93],False,300513.0,,,,,,,,,,,
2465842831.0,332,38,40.0,161,69.4,24.3,38,"{'value': 1, 'displayName': 'FirstHalf'}","{'value': 1, 'displayName': 'Pass'}","{'value': 1, 'displayName': 'Successful'}","[{'type': {'value': 213, 'displayName': 'Angle'}, 'value': '1.2'}, {'type': {'value': 56, 'displayName': 'Zone'}, 'value': 'Center'}, {'type': {'value': 140, 'displayName': 'PassEndX'}, 'value': '74.3'}, {'type': {'value': 178, 'displayName': 'StandingSave'}}, {'type': {'value': 212, 'displayName': 'Length'}, 'value': '13.5'}, {'type': {'value': 141, 'displayName': 'PassEndY'}, 'value': '42.7'}]","[91, 119, 117, 30, 205, 36, 37, 217, 218]",True,300513.0,74.3,42.7,,,,,,,,,
2465842845.0,333,38,41.0,161,74.3,42.7,38,"{'value': 1, 'displayName': 'FirstHalf'}","{'value': 1, 'displayName': 'Pass'}","{'value': 0, 'displayName': 'Unsuccessful'}","[{'type': {'value': 140, 'displayName': 'PassEndX'}, 'value': '82.9'}, {'type': {'value': 56, 'displayName': 'Zone'}, 'value': 'Center'}, {'type': {'value': 213, 'displayName': 'Angle'}, 'value': '5.6'}, {'type': {'value': 141, 'displayName': 'PassEndY'}, 'value': '32.7'}, {'type': {'value': 212, 'displayName': 'Length'}, 'value': '11.3'}, {'type': {'value': 178, 'displayName': 'StandingSave'}}]","[91, 120, 29, 36, 38, 217, 218]",True,140088.0,82.9,32.7,,,,,,,,,
2465842925.0,251,38,42.0,29,18.0,68.4,38,"{'value': 1, 'displayName': 'FirstHalf'}","{'value': 1, 'displayName': 'Pass'}","{'value': 0, 'displayName': 'Unsuccessful'}","[{'type': {'value': 212, 'displayName': 'Length'}, 'value': '41.6'}, {'type': {'value': 178, 'displayName': 'StandingSave'}}, {'type': {'value': 140, 'displayName': 'PassEndX'}, 'value': '47.0'}, {'type': {'value': 141, 'displayName': 'PassEndY'}, 'value': '26.8'}, {'type': {'value': 213, 'displayName': 'Angle'}, 'value': '5.5'}, {'type': {'value': 56, 'displayName': 'Zone'}, 'value': 'Back'}, {'type': {'value': 1, 'displayName': 'Longball'}}]","[91, 118, 120, 128, 36, 38, 216, 218]",True,106086.0,47.0,26.8,,,,,,,,,
2465842955.0,334,38,47.0,161,52.6,69.6,38,"{'value': 1, 'displayName': 'FirstHalf'}","{'value': 1, 'displayName': 'Pass'}","{'value': 1, 'displayName': 'Successful'}","[{'type': {'value': 212, 'displayName': 'Length'}, 'value': '16.2'}, {'type': {'value': 56, 'displayName': 'Zone'}, 'value': 'Left'}, {'type': {'value': 141, 'displayName': 'PassEndY'}, 'value': '88.6'}, {'type': {'value': 178, 'displayName': 'StandingSave'}}, {'type': {'value': 213, 'displayName': 'Angle'}, 'value': '0.9'}, {'type': {'value': 140, 'displayName': 'PassEndX'}, 'value': '61.9'}]","[91, 119, 117, 30, 36, 37, 216, 218]",True,368310.0,61.9,88.6,,,,,,,,,
2465842979.0,335,38,49.0,161,62.2,87.8,38,"{'value': 1, 'displayName': 'FirstHalf'}","{'value': 1, 'displayName': 'Pass'}","{'value': 1, 'displayName': 'Successful'}","[{'type': {'value': 56, 'displayName': 'Zone'}, 'value': 'Left'}, {'type': {'value': 178, 'displayName': 'StandingSave'}}, {'type': {'value': 140, 'displayName': 'PassEndX'}, 'value': '73.1'}, {'type': {'value': 212, 'displayName': 'Length'}, 'value': '11.7'}, {'type': {'value': 141, 'displayName': 'PassEndY'}, 'value': '84.2'}, {'type': {'value': 213, 'displayName': 'Angle'}, 'value': '6.1'}]","[91, 119, 117, 30, 205, 36, 38, 217, 218]",True,355401.0,73.1,84.2,,,,,,,,,
2465843023.0,336,38,51.0,161,70.1,92.5,38,"{'value': 1, 'displayName': 'FirstHalf'}","{'value': 1, 'displayName': 'Pass'}","{'value': 1, 'displayName': 'Successful'}","[{'type': {'value': 141, 'displayName': 'PassEndY'}, 'value': '93.1'}, {'type': {'value': 56, 'displayName': 'Zone'}, 'value': 'Left'}, {'type': {'value': 213, 'displayName': 'Angle'}, 'value': '3.1'}, {'type': {'value': 178, 'displayName': 'StandingSave'}}, {'type': {'value': 212, 'displayName': 'Length'}, 'value': '12.7'}, {'type': {'value': 140, 'displayName': 'PassEndX'}, 'value': '58.0'}]","[91, 119, 117, 30, 35, 37, 216, 218]",True,140088.0,58.0,93.1,,,,,,,,,
2465843065.0,337,38,54.0,161,63.6,91.1,38,"{'value': 1, 'displayName': 'FirstHalf'}","{'value': 1, 'displayName': 'Pass'}","{'value': 1, 'displayName': 'Successful'}","[{'type': {'value': 56, 'displayName': 'Zone'}, 'value': 'Back'}, {'type': {'value': 140, 'displayName': 'PassEndX'}, 'value': '39.2'}, {'type': {'value': 178, 'displayName': 'StandingSave'}}, {'type': {'value': 212, 'displayName': 'Length'}, 'value': '28.4'}, {'type': {'value': 213, 'displayName': 'Angle'}, 'value': '3.6'}, {'type': {'value': 141, 'displayName': 'PassEndY'}, 'value': '73.0'}]","[91, 117, 30, 35, 38, 216, 218]",True,355401.0,39.2,73.0,,,,,,,,,
2465843105.0,338,38,56.0,161,39.6,72.3,38,"{'value': 1, 'displayName': 'FirstHalf'}","{'value': 1, 'displayName': 'Pass'}","{'value': 1, 'displayName': 'Successful'}","[{'type': {'value': 213, 'displayName': 'Angle'}, 'value': '4.5'}, {'type': {'value': 56, 'displayName': 'Zone'}, 'value': 'Back'}, {'type': {'value': 212, 'displayName': 'Length'}, 'value': '19.1'}, {'type': {'value': 178, 'displayName': 'StandingSave'}}, {'type': {'value': 140, 'displayName': 'PassEndX'}, 'value': '35.8'}, {'type': {'value': 141, 'displayName': 'PassEndY'}, 'value': '44.9'}]","[91, 117, 30, 35, 38, 216, 218]",True,368310.0,35.8,44.9,,,,,,,,,
2465843147.0,339,38,59.0,161,35.8,44.9,38,"{'value': 1, 'displayName': 'FirstHalf'}","{'value': 1, 'displayName': 'Pass'}","{'value': 1, 'displayName': 'Successful'}","[{'type': {'value': 212, 'displayName': 'Length'}, 'value': '14.5'}, {'type': {'value': 56, 'displayName': 'Zone'}, 'value': 'Back'}, {'type': {'value': 213, 'displayName': 'Angle'}, 'value': '5.4'}, {'type': {'value': 178, 'displayName': 'StandingSave'}}, {'type': {'value': 140, 'displayName': 'PassEndX'}, 'value': '44.4'}, {'type': {'value': 141, 'displayName': 'PassEndY'}, 'value': '28.3'}]","[91, 117, 30, 36, 38, 216, 218]",True,238244.0,44.4,28.3,,,,,,,,,
2465843201.0,340,39,1.0,161,44.2,28.0,39,"{'value': 1, 'displayName': 'FirstHalf'}","{'value': 1, 'displayName': 'Pass'}","{'value': 1, 'displayName': 'Successful'}","[{'type': {'value': 141, 'displayName': 'PassEndY'}, 'value': '4.6'}, {'type': {'value': 140, 'displayName': 'PassEndX'}, 'value': '64.7'}, {'type': {'value': 56, 'displayName': 'Zone'}, 'value': 'Right'}, {'type': {'value': 178, 'displayName': 'StandingSave'}}, {'type': {'value': 212, 'displayName': 'Length'}, 'value': '26.8'}, {'type': {'value': 213, 'displayName': 'Angle'}, 'value': '5.6'}]","[91, 119, 117, 30, 36, 38, 216, 218]",True,115917.0,64.7,4.6,,,,,,,,,
2465843227.0,341,39,3.0,161,64.8,4.3,39,"{'value': 1, 'displayName': 'FirstHalf'}","{'value': 1, 'displayName': 'Pass'}","{'value': 1, 'displayName': 'Successful'}","[{'type': {'value': 212, 'displayName': 'Length'}, 'value': '25.8'}, {'type': {'value': 178, 'displayName': 'StandingSave'}}, {'type': {'value': 213, 'displayName': 'Angle'}, 'value': '2.8'}, {'type': {'value': 140, 'displayName': 'PassEndX'}, 'value': '41.8'}, {'type': {'value': 56, 'displayName': 'Zone'}, 'value': 'Back'}, {'type': {'value': 141, 'displayName': 'PassEndY'}, 'value': '17.7'}]","[91, 117, 30, 35, 37, 216, 218]",True,296363.0,41.8,17.7,,,,,,,,,
2465843237.0,342,39,4.0,161,41.8,18.0,39,"{'value': 1, 'displayName': 'FirstHalf'}","{'value': 1, 'displayName': 'Pass'}","{'value': 0, 'displayName': 'Unsuccessful'}","[{'type': {'value': 213, 'displayName': 'Angle'}, 'value': '0.9'}, {'type': {'value': 56, 'displayName': 'Zone'}, 'value': 'Back'}, {'type': {'value': 140, 'displayName': 'PassEndX'}, 'value': '46.5'}, {'type': {'value': 178, 'displayName': 'StandingSave'}}, {'type': {'value': 212, 'displayName': 'Length'}, 'value': '8.3'}, {'type': {'value': 141, 'displayName': 'PassEndY'}, 'value': '27.9'}]","[91, 118, 120, 29, 36, 37, 216, 218]",True,115917.0,46.5,27.9,,,,,,,,,
2465843243.0,252,39,5.0,29,51.8,71.3,39,"{'value': 1, 'displayName': 'FirstHalf'}","{'value': 49, 'displayName': 'BallRecovery'}","{'value': 1, 'displayName': 'Successful'}",[],[93],False,319756.0,,,,,,,,,,,
2465843273.0,253,39,5.0,29,51.8,71.3,39,"{'value': 1, 'displayName': 'FirstHalf'}","{'value': 1, 'displayName': 'Pass'}","{'value': 1, 'displayName': 'Successful'}","[{'type': {'value': 212, 'displayName': 'Length'}, 'value': '12.2'}, {'type': {'value': 178, 'displayName': 'StandingSave'}}, {'type': {'value': 141, 'displayName': 'PassEndY'}, 'value': '81.5'}, {'type': {'value': 213, 'displayName': 'Angle'}, 'value': '0.6'}, {'type': {'value': 56, 'displayName': 'Zone'}, 'value': 'Left'}, {'type': {'value': 140, 'displayName': 'PassEndX'}, 'value': '61.4'}]","[91, 119, 117, 30, 36, 37, 216, 218]",True,319756.0,61.4,81.5,,,,,,,,,
2465843281.0,254,39,6.0,29,61.8,80.6,39,"{'value': 1, 'displayName': 'FirstHalf'}","{'value': 1, 'displayName': 'Pass'}","{'value': 1, 'displayName': 'Successful'}","[{'type': {'value': 3, 'displayName': 'HeadPass'}}, {'type': {'value': 213, 'displayName': 'Angle'}, 'value': '5.5'}, {'type': {'value': 141, 'displayName': 'PassEndY'}, 'value': '70.1'}, {'type': {'value': 212, 'displayName': 'Length'}, 'value': '10.4'}, {'type': {'value': 140, 'displayName': 'PassEndX'}, 'value': '69.0'}, {'type': {'value': 178, 'displayName': 'StandingSave'}}, {'type': {'value': 56, 'displayName': 'Zone'}, 'value': 'Center'}]","[91, 119, 117, 30, 139, 205, 36, 38, 217, 218]",True,297203.0,69.0,70.1,,,,,,,,,
2465843383.0,255,39,7.0,29,69.0,70.1,39,"{'value': 1, 'displayName': 'FirstHalf'}","{'value': 1, 'displayName': 'Pass'}","{'value': 1, 'displayName': 'Successful'}","[{'type': {'value': 141, 'displayName': 'PassEndY'}, 'value': '57.5'}, {'type': {'value': 213, 'displayName': 'Angle'}, 'value': '4.7'}, {'type': {'value': 56, 'displayName': 'Zone'}, 'value': 'Center'}, {'type': {'value': 140, 'displayName': 'PassEndX'}, 'value': '68.8'}, {'type': {'value': 212, 'displayName': 'Length'}, 'value': '8.6'}, {'type': {'value': 178, 'displayName': 'StandingSave'}}]","[91, 119, 117, 30, 205, 35, 38, 217, 218]",True,302650.0,68.8,57.5,,,,,,,,,
2465843397.0,256,39,10.0,29,71.3,51.2,39,"{'value': 1, 'displayName': 'FirstHalf'}","{'value': 61, 'displayName': 'BallTouch'}","{'value': 0, 'displayName': 'Unsuccessful'}","[{'type': {'value': 56, 'displayName': 'Zone'}, 'value': 'Center'}, {'type': {'value': 178, 'displayName': 'StandingSave'}}]","[91, 69]",True,319756.0,,,,,,,,,,,
2465843473.0,343,39,10.0,161,29.2,47.9,39,"{'value': 1, 'displayName': 'FirstHalf'}","{'value': 4, 'displayName': 'Foul'}","{'value': 1, 'displayName': 'Successful'}","[{'type': {'value': 285, 'displayName': 'Defensive'}}, {'type': {'value': 233, 'displayName': 'OppositeRelatedEvent'}, 'value': '257'}, {'type': {'value': 56, 'displayName': 'Zone'}, 'value': 'Back'}]","[91, 63]",True,,,,,,,,,,,,
2465843465.0,257,39,10.0,29,70.8,52.1,39,"{'value': 1, 'displayName': 'FirstHalf'}","{'value': 4, 'displayName': 'Foul'}","{'value': 0, 'displayName': 'Unsuccessful'}","[{'type': {'value': 286, 'displayName': 'Offensive'}}, {'type': {'value': 233, 'displayName': 'OppositeRelatedEvent'}, 'value': '343'}, {'type': {'value': 56, 'displayName': 'Zone'}, 'value': 'Center'}]",[64],False,319756.0,,,,,,,,,,,
2465843583.0,344,39,14.0,161,29.9,43.1,39,"{'value': 1, 'displayName': 'FirstHalf'}","{'value': 1, 'displayName': 'Pass'}","{'value': 1, 'displayName': 'Successful'}","[{'type': {'value': 213, 'displayName': 'Angle'}, 'value': '5.8'}, {'type': {'value': 56, 'displayName': 'Zone'}, 'value': 'Back'}, {'type': {'value': 178, 'displayName': 'StandingSave'}}, {'type': {'value': 5, 'displayName': 'FreekickTaken'}}, {'type': {'value': 212, 'displayName': 'Length'}, 'value': '17.5'}, {'type': {'value': 140, 'displayName': 'PassEndX'}, 'value': '44.9'}, {'type': {'value': 141, 'displayName': 'PassEndY'}, 'value': '31.8'}]","[91, 117, 30, 132, 36, 38, 216, 218]",True,238244.0,44.9,31.8,,,,,,,,,
2465843637.0,345,39,20.0,161,56.8,26.8,39,"{'value': 1, 'displayName': 'FirstHalf'}","{'value': 1, 'displayName': 'Pass'}","{'value': 1, 'displayName': 'Successful'}","[{'type': {'value': 141, 'displayName': 'PassEndY'}, 'value': '7.1'}, {'type': {'value': 178, 'displayName': 'StandingSave'}}, {'type': {'value': 213, 'displayName': 'Angle'}, 'value': '5.4'}, {'type': {'value': 212, 'displayName': 'Length'}, 'value': '17.2'}, {'type': {'value': 140, 'displayName': 'PassEndX'}, 'value': '67.0'}, {'type': {'value': 56, 'displayName': 'Zone'}, 'value': 'Right'}]","[91, 119, 117, 30, 205, 36, 38, 217, 218]",True,247995.0,67.0,7.1,,,,,,,,,
2465843645.0,346,39,24.0,161,71.4,26.1,39,"{'value': 1, 'displayName': 'FirstHalf'}","{'value': 1, 'displayName': 'Pass'}","{'value': 0, 'displayName': 'Unsuccessful'}","[{'type': {'value': 56, 'displayName': 'Zone'}, 'value': 'Center'}, {'type': {'value': 141, 'displayName': 'PassEndY'}, 'value': '36.9'}, {'type': {'value': 140, 'displayName': 'PassEndX'}, 'value': '74.0'}, {'type': {'value': 178, 'displayName': 'StandingSave'}}, {'type': {'value': 213, 'displayName': 'Angle'}, 'value': '1.2'}, {'type': {'value': 212, 'displayName': 'Length'}, 'value': '7.8'}]","[91, 120, 29, 36, 37, 217, 218]",True,300513.0,74.0,36.9,,,,,,,,,
2465843657.0,258,39,24.0,29,27.1,69.3,39,"{'value': 1, 'displayName': 'FirstHalf'}","{'value': 8, 'displayName': 'Interception'}","{'value': 1, 'displayName': 'Successful'}","[{'type': {'value': 56, 'displayName': 'Zone'}, 'value': 'Back'}, {'type': {'value': 178, 'displayName': 'StandingSave'}}]","[91, 101, 56]",True,332325.0,,,,,,,,,,,
2466008231.0,731,39,25.0,29,30.3,68.6,39,"{'value': 1, 'displayName': 'FirstHalf'}","{'value': 61, 'displayName': 'BallTouch'}","{'value': 1, 'displayName': 'Successful'}","[{'type': {'value': 56, 'displayName': 'Zone'}, 'value': 'Back'}, {'type': {'value': 178, 'displayName': 'StandingSave'}}]",[91],True,297203.0,,,,,,,,,,,
2465843749.0,347,39,30.0,161,76.3,17.0,39,"{'value': 1, 'displayName': 'FirstHalf'}","{'value': 1, 'displayName': 'Pass'}","{'value': 1, 'displayName': 'Successful'}","[{'type': {'value': 212, 'displayName': 'Length'}, 'value': '11.1'}, {'type': {'value': 56, 'displayName': 'Zone'}, 'value': 'Center'}, {'type': {'value': 213, 'displayName': 'Angle'}, 'value': '2.8'}, {'type': {'value': 178, 'displayName': 'StandingSave'}}, {'type': {'value': 141, 'displayName': 'PassEndY'}, 'value': '22.7'}, {'type': {'value': 140, 'displayName': 'PassEndX'}, 'value': '66.4'}]","[91, 119, 117, 30, 35, 37, 216, 218]",True,247995.0,66.4,22.7,,,,,,,,,
2465843799.0,348,39,33.0,161,67.4,23.0,39,"{'value': 1, 'displayName': 'FirstHalf'}","{'value': 1, 'displayName': 'Pass'}","{'value': 1, 'displayName': 'Successful'}","[{'type': {'value': 140, 'displayName': 'PassEndX'}, 'value': '59.6'}, {'type': {'value': 213, 'displayName': 'Angle'}, 'value': '3.4'}, {'type': {'value': 56, 'displayName': 'Zone'}, 'value': 'Right'}, {'type': {'value': 178, 'displayName': 'StandingSave'}}, {'type': {'value': 141, 'displayName': 'PassEndY'}, 'value': '19.8'}, {'type': {'value': 212, 'displayName': 'Length'}, 'value': '8.5'}]","[91, 119, 117, 30, 35, 38, 216, 218]",True,16161.0,59.6,19.8,,,,,,,,,
2465843827.0,349,39,35.0,161,61.0,28.9,39,"{'value': 1, 'displayName': 'FirstHalf'}","{'value': 1, 'displayName': 'Pass'}","{'value': 1, 'displayName': 'Successful'}","[{'type': {'value': 178, 'displayName': 'StandingSave'}}, {'type': {'value': 1, 'displayName': 'Longball'}}, {'type': {'value': 141, 'displayName': 'PassEndY'}, 'value': '93.6'}, {'type': {'value': 140, 'displayName': 'PassEndX'}, 'value': '61.8'}, {'type': {'value': 212, 'displayName': 'Length'}, 'value': '44.0'}, {'type': {'value': 213, 'displayName': 'Angle'}, 'value': '1.6'}, {'type': {'value': 56, 'displayName': 'Zone'}, 'value': 'Left'}]","[91, 119, 117, 127, 36, 37, 216, 218]",True,115917.0,61.8,93.6,,,,,,,,,
2465844005.0,351,39,42.0,161,62.3,92.4,39,"{'value': 1, 'displayName': 'FirstHalf'}","{'value': 1, 'displayName': 'Pass'}","{'value': 1, 'displayName': 'Successful'}","[{'type': {'value': 56, 'displayName': 'Zone'}, 'value': 'Center'}, {'type': {'value': 141, 'displayName': 'PassEndY'}, 'value': '76.4'}, {'type': {'value': 213, 'displayName': 'Angle'}, 'value': '4.1'}, {'type': {'value': 178, 'displayName': 'StandingSave'}}, {'type': {'value': 212, 'displayName': 'Length'}, 'value': '13.7'}, {'type': {'value': 140, 'displayName': 'PassEndX'}, 'value': '54.4'}]","[91, 119, 117, 30, 35, 38, 216, 218]",True,355401.0,54.4,76.4,,,,,,,,,
2465844039.0,352,39,44.0,161,54.7,69.0,39,"{'value': 1, 'displayName': 'FirstHalf'}","{'value': 1, 'displayName': 'Pass'}","{'value': 1, 'displayName': 'Successful'}","[{'type': {'value': 212, 'displayName': 'Length'}, 'value': '25.7'}, {'type': {'value': 213, 'displayName': 'Angle'}, 'value': '4.6'}, {'type': {'value': 178, 'displayName': 'StandingSave'}}, {'type': {'value': 140, 'displayName': 'PassEndX'}, 'value': '52.4'}, {'type': {'value': 141, 'displayName': 'PassEndY'}, 'value': '31.4'}, {'type': {'value': 56, 'displayName': 'Zone'}, 'value': 'Center'}]","[91, 119, 117, 30, 35, 38, 216, 218]",True,368310.0,52.4,31.4,,,,,,,,,
2465844073.0,353,39,48.0,161,59.2,35.5,39,"{'value': 1, 'displayName': 'FirstHalf'}","{'value': 1, 'displayName': 'Pass'}","{'value': 1, 'displayName': 'Successful'}","[{'type': {'value': 178, 'displayName': 'StandingSave'}}, {'type': {'value': 141, 'displayName': 'PassEndY'}, 'value': '24.7'}, {'type': {'value': 212, 'displayName': 'Length'}, 'value': '13.8'}, {'type': {'value': 56, 'displayName': 'Zone'}, 'value': 'Center'}, {'type': {'value': 140, 'displayName': 'PassEndX'}, 'value': '70.3'}, {'type': {'value': 213, 'displayName': 'Angle'}, 'value': '5.7'}]","[91, 119, 117, 30, 205, 36, 38, 217, 218]",True,115917.0,70.3,24.7,,,,,,,,,
2465844093.0,354,39,50.0,161,70.1,24.9,39,"{'value': 1, 'displayName': 'FirstHalf'}","{'value': 1, 'displayName': 'Pass'}","{'value': 1, 'displayName': 'Successful'}","[{'type': {'value': 178, 'displayName': 'StandingSave'}}, {'type': {'value': 213, 'displayName': 'Angle'}, 'value': '4.9'}, {'type': {'value': 212, 'displayName': 'Length'}, 'value': '14.6'}, {'type': {'value': 141, 'displayName': 'PassEndY'}, 'value': '3.8'}, {'type': {'value': 56, 'displayName': 'Zone'}, 'value': 'Right'}, {'type': {'value': 140, 'displayName': 'PassEndX'}, 'value': '72.9'}]","[91, 119, 117, 30, 205, 36, 38, 217, 218]",True,247995.0,72.9,3.8,,,,,,,,,
2465844163.0,355,39,52.0,161,72.9,4.3,39,"{'value': 1, 'displayName': 'FirstHalf'}","{'value': 1, 'displayName': 'Pass'}","{'value': 1, 'displayName': 'Successful'}","[{'type': {'value': 141, 'displayName': 'PassEndY'}, 'value': '28.9'}, {'type': {'value': 213, 'displayName': 'Angle'}, 'value': '1.9'}, {'type': {'value': 178, 'displayName': 'StandingSave'}}, {'type': {'value': 140, 'displayName': 'PassEndX'}, 'value': '67.1'}, {'type': {'value': 56, 'displayName': 'Zone'}, 'value': 'Center'}, {'type': {'value': 212, 'displayName': 'Length'}, 'value': '17.8'}]","[91, 119, 117, 30, 205, 35, 37, 217, 218]",True,296363.0,67.1,28.9,,,,,,,,,
2465844229.0,356,39,54.0,161,70.2,29.5,39,"{'value': 1, 'displayName': 'FirstHalf'}","{'value': 1, 'displayName': 'Pass'}","{'value': 1, 'displayName': 'Successful'}","[{'type': {'value': 140, 'displayName': 'PassEndX'}, 'value': '66.2'}, {'type': {'value': 212, 'displayName': 'Length'}, 'value': '18.5'}, {'type': {'value': 56, 'displayName': 'Zone'}, 'value': 'Center'}, {'type': {'value': 213, 'displayName': 'Angle'}, 'value': '1.8'}, {'type': {'value': 141, 'displayName': 'PassEndY'}, 'value': '56.0'}, {'type': {'value': 178, 'displayName': 'StandingSave'}}]","[91, 119, 117, 30, 35, 37, 216, 218]",True,115917.0,66.2,56.0,,,,,,,,,
2465844281.0,357,39,57.0,161,68.5,57.3,39,"{'value': 1, 'displayName': 'FirstHalf'}","{'value': 1, 'displayName': 'Pass'}","{'value': 1, 'displayName': 'Successful'}","[{'type': {'value': 212, 'displayName': 'Length'}, 'value': '15.8'}, {'type': {'value': 140, 'displayName': 'PassEndX'}, 'value': '68.9'}, {'type': {'value': 141, 'displayName': 'PassEndY'}, 'value': '80.6'}, {'type': {'value': 56, 'displayName': 'Zone'}, 'value': 'Left'}, {'type': {'value': 213, 'displayName': 'Angle'}, 'value': '1.5'}, {'type': {'value': 178, 'displayName': 'StandingSave'}}]","[91, 119, 117, 30, 205, 36, 37, 217, 218]",True,16161.0,68.9,80.6,,,,,,,,,
2465844299.0,358,39,59.0,161,69.5,80.6,39,"{'value': 1, 'displayName': 'FirstHalf'}","{'value': 1, 'displayName': 'Pass'}","{'value': 1, 'displayName': 'Successful'}","[{'type': {'value': 140, 'displayName': 'PassEndX'}, 'value': '78.2'}, {'type': {'value': 213, 'displayName': 'Angle'}, 'value': '0.8'}, {'type': {'value': 178, 'displayName': 'StandingSave'}}, {'type': {'value': 141, 'displayName': 'PassEndY'}, 'value': '95.3'}, {'type': {'value': 56, 'displayName': 'Zone'}, 'value': 'Left'}, {'type': {'value': 212, 'displayName': 'Length'}, 'value': '13.5'}]","[91, 119, 117, 30, 205, 36, 37, 217, 218]",True,368310.0,78.2,95.3,,,,,,,,,
2465844411.0,359,40,0.0,161,78.2,95.7,40,"{'value': 1, 'displayName': 'FirstHalf'}","{'value': 1, 'displayName': 'Pass'}","{'value': 1, 'displayName': 'Successful'}","[{'type': {'value': 212, 'displayName': 'Length'}, 'value': '15.2'}, {'type': {'value': 140, 'displayName': 'PassEndX'}, 'value': '92.6'}, {'type': {'value': 56, 'displayName': 'Zone'}, 'value': 'Left'}, {'type': {'value': 213, 'displayName': 'Angle'}, 'value': '6.2'}, {'type': {'value': 178, 'displayName': 'StandingSave'}}, {'type': {'value': 141, 'displayName': 'PassEndY'}, 'value': '93.6'}]","[91, 119, 117, 30, 205, 36, 38, 217, 218]",True,355401.0,92.6,93.6,,,,,,,,,
2465844457.0,360,40,7.0,161,89.2,92.1,40,"{'value': 1, 'displayName': 'FirstHalf'}","{'value': 1, 'displayName': 'Pass'}","{'value': 1, 'displayName': 'Successful'}","[{'type': {'value': 213, 'displayName': 'Angle'}, 'value': '3.4'}, {'type': {'value': 178, 'displayName': 'StandingSave'}}, {'type': {'value': 212, 'displayName': 'Length'}, 'value': '18.1'}, {'type': {'value': 140, 'displayName': 'PassEndX'}, 'value': '72.5'}, {'type': {'value': 141, 'displayName': 'PassEndY'}, 'value': '85.3'}, {'type': {'value': 56, 'displayName': 'Zone'}, 'value': 'Left'}]","[91, 119, 117, 30, 205, 35, 38, 217, 218]",True,394933.0,72.5,85.3,,,,,,,,,
2465844477.0,361,40,10.0,161,70.0,77.0,40,"{'value': 1, 'displayName': 'FirstHalf'}","{'value': 1, 'displayName': 'Pass'}","{'value': 1, 'displayName': 'Successful'}","[{'type': {'value': 213, 'displayName': 'Angle'}, 'value': '3.9'}, {'type': {'value': 56, 'displayName': 'Zone'}, 'value': 'Center'}, {'type': {'value': 178, 'displayName': 'StandingSave'}}, {'type': {'value': 140, 'displayName': 'PassEndX'}, 'value': '54.6'}, {'type': {'value': 212, 'displayName': 'Length'}, 'value': '22.6'}, {'type': {'value': 141, 'displayName': 'PassEndY'}, 'value': '53.7'}]","[91, 119, 117, 30, 35, 38, 216, 218]",True,368310.0,54.6,53.7,,,,,,,,,
2465844537.0,362,40,12.0,161,54.6,53.7,40,"{'value': 1, 'displayName': 'FirstHalf'}","{'value': 1, 'displayName': 'Pass'}","{'value': 1, 'displayName': 'Successful'}","[{'type': {'value': 141, 'displayName': 'PassEndY'}, 'value': '25.5'}, {'type': {'value': 213, 'displayName': 'Angle'}, 'value': '5.1'}, {'type': {'value': 178, 'displayName': 'StandingSave'}}, {'type': {'value': 212, 'displayName': 'Length'}, 'value': '20.9'}, {'type': {'value': 56, 'displayName': 'Zone'}, 'value': 'Center'}, {'type': {'value': 140, 'displayName': 'PassEndX'}, 'value': '62.5'}]","[91, 119, 117, 30, 36, 38, 216, 218]",True,238244.0,62.5,25.5,,,,,,,,,
2465844567.0,363,40,15.0,161,60.5,27.0,40,"{'value': 1, 'displayName': 'FirstHalf'}","{'value': 1, 'displayName': 'Pass'}","{'value': 1, 'displayName': 'Successful'}","[{'type': {'value': 212, 'displayName': 'Length'}, 'value': '8.0'}, {'type': {'value': 178, 'displayName': 'StandingSave'}}, {'type': {'value': 213, 'displayName': 'Angle'}, 'value': '2.3'}, {'type': {'value': 141, 'displayName': 'PassEndY'}, 'value': '36.0'}, {'type': {'value': 56, 'displayName': 'Zone'}, 'value': 'Center'}, {'type': {'value': 140, 'displayName': 'PassEndX'}, 'value': '55.6'}]","[91, 119, 117, 30, 35, 37, 216, 218]",True,115917.0,55.6,36.0,,,,,,,,,
2465844635.0,364,40,17.0,161,56.6,35.1,40,"{'value': 1, 'displayName': 'FirstHalf'}","{'value': 1, 'displayName': 'Pass'}","{'value': 1, 'displayName': 'Successful'}","[{'type': {'value': 213, 'displayName': 'Angle'}, 'value': '5.4'}, {'type': {'value': 141, 'displayName': 'PassEndY'}, 'value': '15.6'}, {'type': {'value': 212, 'displayName': 'Length'}, 'value': '17.7'}, {'type': {'value': 140, 'displayName': 'PassEndX'}, 'value': '67.8'}, {'type': {'value': 178, 'displayName': 'StandingSave'}}, {'type': {'value': 56, 'displayName': 'Zone'}, 'value': 'Right'}]","[91, 119, 117, 30, 205, 36, 38, 217, 218]",True,16161.0,67.8,15.6,,,,,,,,,
2465844657.0,365,40,22.0,161,71.4,12.2,40,"{'value': 1, 'displayName': 'FirstHalf'}","{'value': 1, 'displayName': 'Pass'}","{'value': 1, 'displayName': 'Successful'}","[{'type': {'value': 212, 'displayName': 'Length'}, 'value': '9.7'}, {'type': {'value': 141, 'displayName': 'PassEndY'}, 'value': '26.4'}, {'type': {'value': 56, 'displayName': 'Zone'}, 'value': 'Center'}, {'type': {'value': 213, 'displayName': 'Angle'}, 'value': '1.6'}, {'type': {'value': 178, 'displayName': 'StandingSave'}}, {'type': {'value': 140, 'displayName': 'PassEndX'}, 'value': '71.3'}]","[91, 119, 117, 30, 205, 35, 37, 217, 218]",True,247995.0,71.3,26.4,,,,,,,,,
2465844663.0,366,40,23.0,161,77.8,27.9,40,"{'value': 1, 'displayName': 'FirstHalf'}","{'value': 1, 'displayName': 'Pass'}","{'value': 0, 'displayName': 'Unsuccessful'}","[{'type': {'value': 213, 'displayName': 'Angle'}, 'value': '0.3'}, {'type': {'value': 140, 'displayName': 'PassEndX'}, 'value': '89.0'}, {'type': {'value': 178, 'displayName': 'StandingSave'}}, {'type': {'value': 212, 'displayName': 'Length'}, 'value': '12.3'}, {'type': {'value': 141, 'displayName': 'PassEndY'}, 'value': '33.2'}, {'type': {'value': 56, 'displayName': 'Zone'}, 'value': 'Center'}]","[91, 120, 29, 36, 37, 217, 218]",True,115917.0,89.0,33.2,,,,,,,,,
2465844669.0,259,40,24.0,29,11.4,65.6,40,"{'value': 1, 'displayName': 'FirstHalf'}","{'value': 49, 'displayName': 'BallRecovery'}","{'value': 1, 'displayName': 'Successful'}",[],[93],False,106086.0,,,,,,,,,,,
2465844697.0,260,40,24.0,29,11.3,65.6,40,"{'value': 1, 'displayName': 'FirstHalf'}","{'value': 1, 'displayName': 'Pass'}","{'value': 1, 'displayName': 'Successful'}","[{'type': {'value': 178, 'displayName': 'StandingSave'}}, {'type': {'value': 140, 'displayName': 'PassEndX'}, 'value': '22.8'}, {'type': {'value': 212, 'displayName': 'Length'}, 'value': '13.4'}, {'type': {'value': 213, 'displayName': 'Angle'}, 'value': '0.5'}, {'type': {'value': 141, 'displayName': 'PassEndY'}, 'value': '74.3'}, {'type': {'value': 56, 'displayName': 'Zone'}, 'value': 'Back'}]","[91, 117, 30, 36, 37, 215, 218]",True,106086.0,22.8,74.3,,,,,,,,,
2465844751.0,261,40,25.0,29,22.8,74.3,40,"{'value': 1, 'displayName': 'FirstHalf'}","{'value': 1, 'displayName': 'Pass'}","{'value': 1, 'displayName': 'Successful'}","[{'type': {'value': 212, 'displayName': 'Length'}, 'value': '7.0'}, {'type': {'value': 140, 'displayName': 'PassEndX'}, 'value': '28.6'}, {'type': {'value': 213, 'displayName': 'Angle'}, 'value': '5.8'}, {'type': {'value': 141, 'displayName': 'PassEndY'}, 'value': '69.2'}, {'type': {'value': 56, 'displayName': 'Zone'}, 'value': 'Back'}, {'type': {'value': 178, 'displayName': 'StandingSave'}}]","[91, 117, 30, 36, 38, 215, 218]",True,297203.0,28.6,69.2,,,,,,,,,
2465844817.0,262,40,28.0,29,28.4,64.7,40,"{'value': 1, 'displayName': 'FirstHalf'}","{'value': 1, 'displayName': 'Pass'}","{'value': 1, 'displayName': 'Successful'}","[{'type': {'value': 213, 'displayName': 'Angle'}, 'value': '3.6'}, {'type': {'value': 140, 'displayName': 'PassEndX'}, 'value': '9.7'}, {'type': {'value': 212, 'displayName': 'Length'}, 'value': '22.4'}, {'type': {'value': 141, 'displayName': 'PassEndY'}, 'value': '48.8'}, {'type': {'value': 56, 'displayName': 'Zone'}, 'value': 'Back'}, {'type': {'value': 178, 'displayName': 'StandingSave'}}]","[91, 117, 30, 35, 38, 215, 218]",True,319756.0,9.7,48.8,,,,,,,,,
2465844895.0,263,40,31.0,29,9.7,48.8,40,"{'value': 1, 'displayName': 'FirstHalf'}","{'value': 1, 'displayName': 'Pass'}","{'value': 0, 'displayName': 'Unsuccessful'}","[{'type': {'value': 212, 'displayName': 'Length'}, 'value': '54.7'}, {'type': {'value': 56, 'displayName': 'Zone'}, 'value': 'Center'}, {'type': {'value': 178, 'displayName': 'StandingSave'}}, {'type': {'value': 213, 'displayName': 'Angle'}, 'value': '0.0'}, {'type': {'value': 141, 'displayName': 'PassEndY'}, 'value': '50.9'}, {'type': {'value': 140, 'displayName': 'PassEndX'}, 'value': '61.8'}, {'type': {'value': 1, 'displayName': 'Longball'}}]","[91, 120, 128, 36, 37, 216, 218]",True,20973.0,61.8,50.9,,,,,,,,,
2465844911.0,367,40,35.0,161,38.9,49.7,40,"{'value': 1, 'displayName': 'FirstHalf'}","{'value': 8, 'displayName': 'Interception'}","{'value': 1, 'displayName': 'Successful'}","[{'type': {'value': 178, 'displayName': 'StandingSave'}}, {'type': {'value': 56, 'displayName': 'Zone'}, 'value': 'Back'}]","[91, 101, 56]",True,368310.0,,,,,,,,,,,
2465844965.0,264,40,37.0,29,69.4,47.0,40,"{'value': 1, 'displayName': 'FirstHalf'}","{'value': 13, 'displayName': 'MissedShots'}","{'value': 1, 'displayName': 'Successful'}","[{'type': {'value': 22, 'displayName': 'RegularPlay'}}, {'type': {'value': 178, 'displayName': 'StandingSave'}}, {'type': {'value': 56, 'displayName': 'Zone'}, 'value': 'Center'}, {'type': {'value': 147, 'displayName': 'BlockedY'}, 'value': '50'}, {'type': {'value': 73, 'displayName': 'MissLeft'}}, {'type': {'value': 20, 'displayName': 'RightFoot'}}, {'type': {'value': 103, 'displayName': 'GoalMouthZ'}, 'value': '6.9'}, {'type': {'value': 18, 'displayName': 'OutOfBoxCentre'}}, {'type': {'value': 102, 'displayName': 'GoalMouthY'}, 'value': '76.1'}, {'type': {'value': 146, 'displayName': 'BlockedX'}, 'value': '73.2'}]","[91, 7, 10, 2, 3, 12]",True,297203.0,,,,,73.2,50.0,6.9,76.1,True,,
2465845005.0,368,40,37.0,161,30.5,53.6,40,"{'value': 1, 'displayName': 'FirstHalf'}","{'value': 61, 'displayName': 'BallTouch'}","{'value': 1, 'displayName': 'Successful'}","[{'type': {'value': 56, 'displayName': 'Zone'}, 'value': 'Back'}, {'type': {'value': 178, 'displayName': 'StandingSave'}}, {'type': {'value': 21, 'displayName': 'OtherBodyPart'}}]",[91],True,238244.0,,,,,,,,,,,
2465845073.0,369,40,39.0,161,22.5,52.8,40,"{'value': 1, 'displayName': 'FirstHalf'}","{'value': 49, 'displayName': 'BallRecovery'}","{'value': 1, 'displayName': 'Successful'}",[],[93],False,115917.0,,,,,,,,,,,
2465845147.0,370,40,40.0,161,22.5,52.8,40,"{'value': 1, 'displayName': 'FirstHalf'}","{'value': 1, 'displayName': 'Pass'}","{'value': 1, 'displayName': 'Successful'}","[{'type': {'value': 178, 'displayName': 'StandingSave'}}, {'type': {'value': 212, 'displayName': 'Length'}, 'value': '16.8'}, {'type': {'value': 141, 'displayName': 'PassEndY'}, 'value': '73.9'}, {'type': {'value': 140, 'displayName': 'PassEndX'}, 'value': '30.8'}, {'type': {'value': 213, 'displayName': 'Angle'}, 'value': '1.0'}, {'type': {'value': 56, 'displayName': 'Zone'}, 'value': 'Back'}]","[91, 117, 30, 36, 37, 215, 218]",True,115917.0,30.8,73.9,,,,,,,,,
2465845175.0,371,40,43.0,161,30.8,74.1,40,"{'value': 1, 'displayName': 'FirstHalf'}","{'value': 1, 'displayName': 'Pass'}","{'value': 1, 'displayName': 'Successful'}","[{'type': {'value': 140, 'displayName': 'PassEndX'}, 'value': '38.3'}, {'type': {'value': 141, 'displayName': 'PassEndY'}, 'value': '94.8'}, {'type': {'value': 178, 'displayName': 'StandingSave'}}, {'type': {'value': 213, 'displayName': 'Angle'}, 'value': '1.1'}, {'type': {'value': 56, 'displayName': 'Zone'}, 'value': 'Back'}, {'type': {'value': 212, 'displayName': 'Length'}, 'value': '16.1'}]","[91, 117, 30, 36, 37, 216, 218]",True,394933.0,38.3,94.8,,,,,,,,,
2465845313.0,372,40,46.0,161,38.5,94.4,40,"{'value': 1, 'displayName': 'FirstHalf'}","{'value': 1, 'displayName': 'Pass'}","{'value': 1, 'displayName': 'Successful'}","[{'type': {'value': 178, 'displayName': 'StandingSave'}}, {'type': {'value': 141, 'displayName': 'PassEndY'}, 'value': '75.0'}, {'type': {'value': 140, 'displayName': 'PassEndX'}, 'value': '43.2'}, {'type': {'value': 56, 'displayName': 'Zone'}, 'value': 'Back'}, {'type': {'value': 213, 'displayName': 'Angle'}, 'value': '5.1'}, {'type': {'value': 212, 'displayName': 'Length'}, 'value': '14.1'}]","[91, 117, 30, 36, 38, 216, 218]",True,355401.0,43.2,75.0,,,,,,,,,
2465845339.0,373,40,50.0,161,35.8,59.8,40,"{'value': 1, 'displayName': 'FirstHalf'}","{'value': 4, 'displayName': 'Foul'}","{'value': 1, 'displayName': 'Successful'}","[{'type': {'value': 233, 'displayName': 'OppositeRelatedEvent'}, 'value': '265'}, {'type': {'value': 13, 'displayName': 'Foul'}}, {'type': {'value': 286, 'displayName': 'Offensive'}}, {'type': {'value': 56, 'displayName': 'Zone'}, 'value': 'Back'}]","[91, 63]",True,394933.0,,,,,,,,,,,
2465845427.0,265,40,50.0,29,64.2,40.2,40,"{'value': 1, 'displayName': 'FirstHalf'}","{'value': 4, 'displayName': 'Foul'}","{'value': 0, 'displayName': 'Unsuccessful'}","[{'type': {'value': 13, 'displayName': 'Foul'}}, {'type': {'value': 178, 'displayName': 'StandingSave'}}, {'type': {'value': 233, 'displayName': 'OppositeRelatedEvent'}, 'value': '373'}, {'type': {'value': 56, 'displayName': 'Zone'}, 'value': 'Center'}, {'type': {'value': 285, 'displayName': 'Defensive'}}]",[64],False,143595.0,,,,,,,,,,,
2465845653.0,374,41,3.0,161,35.9,66.6,41,"{'value': 1, 'displayName': 'FirstHalf'}","{'value': 1, 'displayName': 'Pass'}","{'value': 1, 'displayName': 'Successful'}","[{'type': {'value': 178, 'displayName': 'StandingSave'}}, {'type': {'value': 140, 'displayName': 'PassEndX'}, 'value': '43.1'}, {'type': {'value': 212, 'displayName': 'Length'}, 'value': '25.8'}, {'type': {'value': 56, 'displayName': 'Zone'}, 'value': 'Back'}, {'type': {'value': 5, 'displayName': 'FreekickTaken'}}, {'type': {'value': 213, 'displayName': 'Angle'}, 'value': '5.0'}, {'type': {'value': 141, 'displayName': 'PassEndY'}, 'value': '30.4'}]","[91, 117, 30, 132, 36, 38, 216, 218]",True,16161.0,43.1,30.4,,,,,,,,,
2465845795.0,375,41,6.0,161,42.8,29.5,41,"{'value': 1, 'displayName': 'FirstHalf'}","{'value': 1, 'displayName': 'Pass'}","{'value': 1, 'displayName': 'Successful'}","[{'type': {'value': 56, 'displayName': 'Zone'}, 'value': 'Right'}, {'type': {'value': 212, 'displayName': 'Length'}, 'value': '30.7'}, {'type': {'value': 140, 'displayName': 'PassEndX'}, 'value': '66.8'}, {'type': {'value': 141, 'displayName': 'PassEndY'}, 'value': '3.7'}, {'type': {'value': 213, 'displayName': 'Angle'}, 'value': '5.7'}, {'type': {'value': 178, 'displayName': 'StandingSave'}}]","[91, 119, 117, 30, 205, 36, 38, 217, 218]",True,115917.0,66.8,3.7,,,,,,,,,
2465845875.0,376,41,14.0,161,66.4,12.6,41,"{'value': 1, 'displayName': 'FirstHalf'}","{'value': 1, 'displayName': 'Pass'}","{'value': 1, 'displayName': 'Successful'}","[{'type': {'value': 141, 'displayName': 'PassEndY'}, 'value': '3.4'}, {'type': {'value': 213, 'displayName': 'Angle'}, 'value': '5.3'}, {'type': {'value': 56, 'displayName': 'Zone'}, 'value': 'Right'}, {'type': {'value': 212, 'displayName': 'Length'}, 'value': '7.6'}, {'type': {'value': 140, 'displayName': 'PassEndX'}, 'value': '70.5'}, {'type': {'value': 178, 'displayName': 'StandingSave'}}]","[91, 119, 117, 30, 205, 36, 38, 217, 218]",True,296363.0,70.5,3.4,,,,,,,,,
2465845923.0,377,41,19.0,161,69.8,11.1,41,"{'value': 1, 'displayName': 'FirstHalf'}","{'value': 1, 'displayName': 'Pass'}","{'value': 1, 'displayName': 'Successful'}","[{'type': {'value': 141, 'displayName': 'PassEndY'}, 'value': '28.8'}, {'type': {'value': 178, 'displayName': 'StandingSave'}}, {'type': {'value': 140, 'displayName': 'PassEndX'}, 'value': '62.0'}, {'type': {'value': 56, 'displayName': 'Zone'}, 'value': 'Center'}, {'type': {'value': 212, 'displayName': 'Length'}, 'value': '14.6'}, {'type': {'value': 213, 'displayName': 'Angle'}, 'value': '2.2'}]","[91, 119, 117, 30, 35, 37, 216, 218]",True,115917.0,62.0,28.8,,,,,,,,,
2465846017.0,378,41,21.0,161,61.0,28.5,41,"{'value': 1, 'displayName': 'FirstHalf'}","{'value': 1, 'displayName': 'Pass'}","{'value': 1, 'displayName': 'Successful'}","[{'type': {'value': 141, 'displayName': 'PassEndY'}, 'value': '35.4'}, {'type': {'value': 212, 'displayName': 'Length'}, 'value': '19.4'}, {'type': {'value': 178, 'displayName': 'StandingSave'}}, {'type': {'value': 140, 'displayName': 'PassEndX'}, 'value': '43.1'}, {'type': {'value': 56, 'displayName': 'Zone'}, 'value': 'Back'}, {'type': {'value': 213, 'displayName': 'Angle'}, 'value': '2.9'}]","[91, 117, 30, 35, 37, 216, 218]",True,16161.0,43.1,35.4,,,,,,,,,
2465846081.0,379,41,25.0,161,47.0,39.4,41,"{'value': 1, 'displayName': 'FirstHalf'}","{'value': 1, 'displayName': 'Pass'}","{'value': 1, 'displayName': 'Successful'}","[{'type': {'value': 141, 'displayName': 'PassEndY'}, 'value': '56.0'}, {'type': {'value': 178, 'displayName': 'StandingSave'}}, {'type': {'value': 212, 'displayName': 'Length'}, 'value': '19.5'}, {'type': {'value': 140, 'displayName': 'PassEndX'}, 'value': '62.2'}, {'type': {'value': 213, 'displayName': 'Angle'}, 'value': '0.6'}, {'type': {'value': 56, 'displayName': 'Zone'}, 'value': 'Center'}]","[91, 119, 117, 30, 36, 37, 216, 218]",True,238244.0,62.2,56.0,,,,,,,,,
2465846175.0,380,41,27.0,161,64.8,66.1,41,"{'value': 1, 'displayName': 'FirstHalf'}","{'value': 1, 'displayName': 'Pass'}","{'value': 1, 'displayName': 'Successful'}","[{'type': {'value': 212, 'displayName': 'Length'}, 'value': '23.1'}, {'type': {'value': 213, 'displayName': 'Angle'}, 'value': '1.0'}, {'type': {'value': 141, 'displayName': 'PassEndY'}, 'value': '95.1'}, {'type': {'value': 178, 'displayName': 'StandingSave'}}, {'type': {'value': 56, 'displayName': 'Zone'}, 'value': 'Left'}, {'type': {'value': 140, 'displayName': 'PassEndX'}, 'value': '76.3'}]","[91, 119, 117, 30, 205, 36, 37, 217, 218]",True,394933.0,76.3,95.1,,,,,,,,,
2503157003.0,1229,41,31.0,29,27.0,15.6,41,"{'value': 1, 'displayName': 'FirstHalf'}","{'value': 45, 'displayName': 'Challenge'}","{'value': 0, 'displayName': 'Unsuccessful'}","[{'type': {'value': 233, 'displayName': 'OppositeRelatedEvent'}, 'value': '1567'}, {'type': {'value': 285, 'displayName': 'Defensive'}}, {'type': {'value': 56, 'displayName': 'Zone'}, 'value': 'Back'}]",[55],False,255167.0,,,,,,,,,,,
2466205593.0,1567,41,31.0,161,73.0,84.4,41,"{'value': 1, 'displayName': 'FirstHalf'}","{'value': 3, 'displayName': 'TakeOn'}","{'value': 1, 'displayName': 'Successful'}","[{'type': {'value': 286, 'displayName': 'Offensive'}}, {'type': {'value': 56, 'displayName': 'Zone'}, 'value': 'Left'}, {'type': {'value': 233, 'displayName': 'OppositeRelatedEvent'}, 'value': '1229'}]","[91, 54]",True,355401.0,,,,,,,,,,,
2465846185.0,381,41,31.0,161,75.2,86.9,41,"{'value': 1, 'displayName': 'FirstHalf'}","{'value': 1, 'displayName': 'Pass'}","{'value': 0, 'displayName': 'Unsuccessful'}","[{'type': {'value': 213, 'displayName': 'Angle'}, 'value': '5.9'}, {'type': {'value': 141, 'displayName': 'PassEndY'}, 'value': '85.0'}, {'type': {'value': 233, 'displayName': 'OppositeRelatedEvent'}, 'value': '266'}, {'type': {'value': 212, 'displayName': 'Length'}, 'value': '3.8'}, {'type': {'value': 286, 'displayName': 'Offensive'}}, {'type': {'value': 140, 'displayName': 'PassEndX'}, 'value': '78.6'}, {'type': {'value': 56, 'displayName': 'Zone'}, 'value': 'Left'}, {'type': {'value': 178, 'displayName': 'StandingSave'}}]","[91, 120, 29, 36, 38, 217, 218]",True,355401.0,78.6,85.0,,,,,,,,,
2465846189.0,266,41,32.0,29,21.6,19.7,41,"{'value': 1, 'displayName': 'FirstHalf'}","{'value': 74, 'displayName': 'BlockedPass'}","{'value': 1, 'displayName': 'Successful'}","[{'type': {'value': 285, 'displayName': 'Defensive'}}, {'type': {'value': 233, 'displayName': 'OppositeRelatedEvent'}, 'value': '381'}, {'type': {'value': 178, 'displayName': 'StandingSave'}}, {'type': {'value': 56, 'displayName': 'Zone'}, 'value': 'Back'}]","[91, 60]",True,322596.0,,,,,,,,,,,
2465846389.0,383,41,40.0,161,78.3,100.0,41,"{'value': 1, 'displayName': 'FirstHalf'}","{'value': 1, 'displayName': 'Pass'}","{'value': 1, 'displayName': 'Successful'}","[{'type': {'value': 213, 'displayName': 'Angle'}, 'value': '3.7'}, {'type': {'value': 141, 'displayName': 'PassEndY'}, 'value': '90.5'}, {'type': {'value': 212, 'displayName': 'Length'}, 'value': '14.4'}, {'type': {'value': 140, 'displayName': 'PassEndX'}, 'value': '66.8'}, {'type': {'value': 107, 'displayName': 'ThrowIn'}}, {'type': {'value': 56, 'displayName': 'Zone'}, 'value': 'Left'}]","[91, 212, 35, 38, 217]",True,355401.0,66.8,90.5,,,,,,,,,
2465846391.0,384,41,43.0,161,69.8,82.4,41,"{'value': 1, 'displayName': 'FirstHalf'}","{'value': 3, 'displayName': 'TakeOn'}","{'value': 0, 'displayName': 'Unsuccessful'}","[{'type': {'value': 56, 'displayName': 'Zone'}, 'value': 'Left'}, {'type': {'value': 233, 'displayName': 'OppositeRelatedEvent'}, 'value': '268'}, {'type': {'value': 178, 'displayName': 'StandingSave'}}, {'type': {'value': 286, 'displayName': 'Offensive'}}]","[91, 53]",True,140088.0,,,,,,,,,,,
2465846413.0,268,41,44.0,29,30.2,17.6,41,"{'value': 1, 'displayName': 'FirstHalf'}","{'value': 7, 'displayName': 'Tackle'}","{'value': 0, 'displayName': 'Unsuccessful'}","[{'type': {'value': 233, 'displayName': 'OppositeRelatedEvent'}, 'value': '384'}, {'type': {'value': 56, 'displayName': 'Zone'}, 'value': 'Back'}, {'type': {'value': 285, 'displayName': 'Defensive'}}]","[91, 142]",True,143595.0,,,,,,,,,,,
2465846467.0,385,41,45.0,161,69.4,74.2,41,"{'value': 1, 'displayName': 'FirstHalf'}","{'value': 1, 'displayName': 'Pass'}","{'value': 1, 'displayName': 'Successful'}","[{'type': {'value': 140, 'displayName': 'PassEndX'}, 'value': '61.2'}, {'type': {'value': 56, 'displayName': 'Zone'}, 'value': 'Left'}, {'type': {'value': 178, 'displayName': 'StandingSave'}}, {'type': {'value': 141, 'displayName': 'PassEndY'}, 'value': '92.6'}, {'type': {'value': 212, 'displayName': 'Length'}, 'value': '15.2'}, {'type': {'value': 213, 'displayName': 'Angle'}, 'value': '2.2'}]","[91, 119, 117, 30, 35, 37, 216, 218]",True,16161.0,61.2,92.6,,,,,,,,,
2465846583.0,386,41,48.0,161,61.0,85.7,41,"{'value': 1, 'displayName': 'FirstHalf'}","{'value': 1, 'displayName': 'Pass'}","{'value': 1, 'displayName': 'Successful'}","[{'type': {'value': 56, 'displayName': 'Zone'}, 'value': 'Center'}, {'type': {'value': 140, 'displayName': 'PassEndX'}, 'value': '53.1'}, {'type': {'value': 212, 'displayName': 'Length'}, 'value': '26.6'}, {'type': {'value': 213, 'displayName': 'Angle'}, 'value': '4.4'}, {'type': {'value': 141, 'displayName': 'PassEndY'}, 'value': '48.5'}, {'type': {'value': 178, 'displayName': 'StandingSave'}}]","[91, 119, 117, 30, 35, 38, 216, 218]",True,368310.0,53.1,48.5,,,,,,,,,
2465846673.0,387,41,52.0,161,60.9,41.9,41,"{'value': 1, 'displayName': 'FirstHalf'}","{'value': 1, 'displayName': 'Pass'}","{'value': 1, 'displayName': 'Successful'}","[{'type': {'value': 212, 'displayName': 'Length'}, 'value': '20.8'}, {'type': {'value': 178, 'displayName': 'StandingSave'}}, {'type': {'value': 213, 'displayName': 'Angle'}, 'value': '5.8'}, {'type': {'value': 141, 'displayName': 'PassEndY'}, 'value': '28.3'}, {'type': {'value': 56, 'displayName': 'Zone'}, 'value': 'Center'}, {'type': {'value': 140, 'displayName': 'PassEndX'}, 'value': '78.6'}]","[91, 119, 117, 30, 205, 36, 38, 217, 218]",True,238244.0,78.6,28.3,,,,,,,,,
2465846749.0,388,41,55.0,161,78.4,29.1,41,"{'value': 1, 'displayName': 'FirstHalf'}","{'value': 1, 'displayName': 'Pass'}","{'value': 1, 'displayName': 'Successful'}","[{'type': {'value': 141, 'displayName': 'PassEndY'}, 'value': '43.6'}, {'type': {'value': 213, 'displayName': 'Angle'}, 'value': '0.8'}, {'type': {'value': 212, 'displayName': 'Length'}, 'value': '13.7'}, {'type': {'value': 210, 'displayName': 'ShotAssist'}, 'value': '15'}, {'type': {'value': 178, 'displayName': 'StandingSave'}}, {'type': {'value': 140, 'displayName': 'PassEndX'}, 'value': '87.4'}, {'type': {'value': 56, 'displayName': 'Zone'}, 'value': 'Center'}, {'type': {'value': 154, 'displayName': 'IntentionalAssist'}}, {'type': {'value': 11113, 'displayName': 'KeyPass'}}]","[91, 119, 117, 30, 123, 205, 40, 46, 36, 37, 217, 218]",True,300513.0,87.4,43.6,,,,,,,,,
2465846757.0,389,41,57.0,161,85.6,41.0,41,"{'value': 1, 'displayName': 'FirstHalf'}","{'value': 15, 'displayName': 'SavedShot'}","{'value': 1, 'displayName': 'Successful'}","[{'type': {'value': 29, 'displayName': 'Assisted'}}, {'type': {'value': 147, 'displayName': 'BlockedY'}, 'value': '42.6'}, {'type': {'value': 78, 'displayName': 'LowCentre'}}, {'type': {'value': 233, 'displayName': 'OppositeRelatedEvent'}, 'value': '269'}, {'type': {'value': 56, 'displayName': 'Zone'}, 'value': 'Center'}, {'type': {'value': 154, 'displayName': 'IntentionalAssist'}}, {'type': {'value': 20, 'displayName': 'RightFoot'}}, {'type': {'value': 82, 'displayName': 'Blocked'}}, {'type': {'value': 146, 'displayName': 'BlockedX'}, 'value': '88.6'}, {'type': {'value': 17, 'displayName': 'BoxCentre'}}, {'type': {'value': 22, 'displayName': 'RegularPlay'}}, {'type': {'value': 178, 'displayName': 'StandingSave'}}, {'type': {'value': 103, 'displayName': 'GoalMouthZ'}, 'value': '19'}, {'type': {'value': 102, 'displayName': 'GoalMouthY'}, 'value': '48.6'}, {'type': {'value': 55, 'displayName': 'RelatedEventId'}, 'value': '388'}]","[91, 10, 1, 3, 11, 12]",True,247995.0,,,388.0,300513.0,88.6,42.6,19.0,48.6,True,,
2465846783.0,269,41,57.0,29,11.5,56.6,41,"{'value': 1, 'displayName': 'FirstHalf'}","{'value': 10, 'displayName': 'Save'}","{'value': 1, 'displayName': 'Successful'}","[{'type': {'value': 178, 'displayName': 'StandingSave'}}, {'type': {'value': 233, 'displayName': 'OppositeRelatedEvent'}, 'value': '389'}, {'type': {'value': 94, 'displayName': 'OutfielderBlock'}}, {'type': {'value': 56, 'displayName': 'Zone'}, 'value': 'Back'}]","[91, 58]",True,106086.0,,,,,,,,,,,
2465846903.0,390,41,59.0,161,93.3,62.9,41,"{'value': 1, 'displayName': 'FirstHalf'}","{'value': 1, 'displayName': 'Pass'}","{'value': 0, 'displayName': 'Unsuccessful'}","[{'type': {'value': 178, 'displayName': 'StandingSave'}}, {'type': {'value': 213, 'displayName': 'Angle'}, 'value': '4.2'}, {'type': {'value': 212, 'displayName': 'Length'}, 'value': '7.3'}, {'type': {'value': 140, 'displayName': 'PassEndX'}, 'value': '89.7'}, {'type': {'value': 141, 'displayName': 'PassEndY'}, 'value': '53.8'}, {'type': {'value': 56, 'displayName': 'Zone'}, 'value': 'Center'}]","[91, 120, 29, 35, 38, 217, 218]",True,355401.0,89.7,53.8,,,,,,,,,
2465846947.0,270,42,1.0,29,10.5,43.1,42,"{'value': 1, 'displayName': 'FirstHalf'}","{'value': 12, 'displayName': 'Clearance'}","{'value': 1, 'displayName': 'Successful'}","[{'type': {'value': 56, 'displayName': 'Zone'}, 'value': 'Back'}, {'type': {'value': 141, 'displayName': 'PassEndY'}, 'value': '13.6'}, {'type': {'value': 140, 'displayName': 'PassEndX'}, 'value': '35.1'}, {'type': {'value': 212, 'displayName': 'Length'}, 'value': '32.7'}, {'type': {'value': 213, 'displayName': 'Angle'}, 'value': '5.6'}, {'type': {'value': 178, 'displayName': 'StandingSave'}}]","[91, 94, 95, 216]",True,143595.0,35.1,13.6,,,,,,,,,
2465847111.0,391,42,9.0,161,90.6,74.8,42,"{'value': 1, 'displayName': 'FirstHalf'}","{'value': 1, 'displayName': 'Pass'}","{'value': 1, 'displayName': 'Successful'}","[{'type': {'value': 140, 'displayName': 'PassEndX'}, 'value': '92.8'}, {'type': {'value': 213, 'displayName': 'Angle'}, 'value': '1.0'}, {'type': {'value': 178, 'displayName': 'StandingSave'}}, {'type': {'value': 56, 'displayName': 'Zone'}, 'value': 'Left'}, {'type': {'value': 212, 'displayName': 'Length'}, 'value': '4.6'}, {'type': {'value': 141, 'displayName': 'PassEndY'}, 'value': '80.6'}]","[91, 119, 117, 30, 205, 36, 37, 217, 218]",True,368310.0,92.8,80.6,,,,,,,,,
2465847133.0,392,42,11.0,161,94.2,80.6,42,"{'value': 1, 'displayName': 'FirstHalf'}","{'value': 1, 'displayName': 'Pass'}","{'value': 0, 'displayName': 'Unsuccessful'}","[{'type': {'value': 212, 'displayName': 'Length'}, 'value': '4.5'}, {'type': {'value': 178, 'displayName': 'StandingSave'}}, {'type': {'value': 56, 'displayName': 'Zone'}, 'value': 'Center'}, {'type': {'value': 141, 'displayName': 'PassEndY'}, 'value': '75.0'}, {'type': {'value': 213, 'displayName': 'Angle'}, 'value': '4.1'}, {'type': {'value': 140, 'displayName': 'PassEndX'}, 'value': '91.9'}]","[91, 120, 29, 35, 38, 217, 218]",True,394933.0,91.9,75.0,,,,,,,,,
2465847139.0,271,42,11.0,29,8.7,18.7,42,"{'value': 1, 'displayName': 'FirstHalf'}","{'value': 61, 'displayName': 'BallTouch'}","{'value': 1, 'displayName': 'Successful'}","[{'type': {'value': 178, 'displayName': 'StandingSave'}}, {'type': {'value': 56, 'displayName': 'Zone'}, 'value': 'Back'}]",[91],True,255167.0,,,,,,,,,,,
2465847215.0,272,42,13.0,29,18.0,27.2,42,"{'value': 1, 'displayName': 'FirstHalf'}","{'value': 1, 'displayName': 'Pass'}","{'value': 1, 'displayName': 'Successful'}","[{'type': {'value': 212, 'displayName': 'Length'}, 'value': '21.9'}, {'type': {'value': 56, 'displayName': 'Zone'}, 'value': 'Back'}, {'type': {'value': 213, 'displayName': 'Angle'}, 'value': '5.7'}, {'type': {'value': 140, 'displayName': 'PassEndX'}, 'value': '35.5'}, {'type': {'value': 178, 'displayName': 'StandingSave'}}, {'type': {'value': 141, 'displayName': 'PassEndY'}, 'value': '9.8'}]","[91, 117, 30, 36, 38, 216, 218]",True,319756.0,35.5,9.8,,,,,,,,,
2465847217.0,273,42,17.0,29,35.5,9.8,42,"{'value': 1, 'displayName': 'FirstHalf'}","{'value': 49, 'displayName': 'BallRecovery'}","{'value': 1, 'displayName': 'Successful'}",[],[93],False,302650.0,,,,,,,,,,,
2465847431.0,274,42,21.0,29,62.2,10.0,42,"{'value': 1, 'displayName': 'FirstHalf'}","{'value': 1, 'displayName': 'Pass'}","{'value': 1, 'displayName': 'Successful'}","[{'type': {'value': 155, 'displayName': 'Chipped'}}, {'type': {'value': 213, 'displayName': 'Angle'}, 'value': '1.6'}, {'type': {'value': 1, 'displayName': 'Longball'}}, {'type': {'value': 212, 'displayName': 'Length'}, 'value': '57.6'}, {'type': {'value': 140, 'displayName': 'PassEndX'}, 'value': '61.3'}, {'type': {'value': 178, 'displayName': 'StandingSave'}}, {'type': {'value': 56, 'displayName': 'Zone'}, 'value': 'Left'}, {'type': {'value': 141, 'displayName': 'PassEndY'}, 'value': '94.7'}]","[91, 119, 117, 124, 127, 35, 37, 216, 218]",True,302650.0,61.3,94.7,,,,,,,,,
2465847507.0,275,42,26.0,29,61.3,94.4,42,"{'value': 1, 'displayName': 'FirstHalf'}","{'value': 1, 'displayName': 'Pass'}","{'value': 1, 'displayName': 'Successful'}","[{'type': {'value': 178, 'displayName': 'StandingSave'}}, {'type': {'value': 212, 'displayName': 'Length'}, 'value': '16.9'}, {'type': {'value': 141, 'displayName': 'PassEndY'}, 'value': '69.5'}, {'type': {'value': 213, 'displayName': 'Angle'}, 'value': '4.7'}, {'type': {'value': 56, 'displayName': 'Zone'}, 'value': 'Center'}, {'type': {'value': 140, 'displayName': 'PassEndX'}, 'value': '60.7'}]","[91, 119, 117, 30, 35, 38, 216, 218]",True,297203.0,60.7,69.5,,,,,,,,,
2465847599.0,276,42,30.0,29,60.7,69.2,42,"{'value': 1, 'displayName': 'FirstHalf'}","{'value': 1, 'displayName': 'Pass'}","{'value': 1, 'displayName': 'Successful'}","[{'type': {'value': 56, 'displayName': 'Zone'}, 'value': 'Center'}, {'type': {'value': 140, 'displayName': 'PassEndX'}, 'value': '52.9'}, {'type': {'value': 141, 'displayName': 'PassEndY'}, 'value': '54.3'}, {'type': {'value': 178, 'displayName': 'StandingSave'}}, {'type': {'value': 213, 'displayName': 'Angle'}, 'value': '4.0'}, {'type': {'value': 212, 'displayName': 'Length'}, 'value': '13.0'}]","[91, 119, 117, 30, 35, 38, 216, 218]",True,332325.0,52.9,54.3,,,,,,,,,
2465847657.0,277,42,33.0,29,54.2,49.6,42,"{'value': 1, 'displayName': 'FirstHalf'}","{'value': 1, 'displayName': 'Pass'}","{'value': 1, 'displayName': 'Successful'}","[{'type': {'value': 56, 'displayName': 'Zone'}, 'value': 'Center'}, {'type': {'value': 213, 'displayName': 'Angle'}, 'value': '4.8'}, {'type': {'value': 140, 'displayName': 'PassEndX'}, 'value': '56.0'}, {'type': {'value': 141, 'displayName': 'PassEndY'}, 'value': '23.0'}, {'type': {'value': 178, 'displayName': 'StandingSave'}}, {'type': {'value': 212, 'displayName': 'Length'}, 'value': '18.2'}]","[91, 119, 117, 30, 36, 38, 216, 218]",True,143595.0,56.0,23.0,,,,,,,,,
2465847767.0,278,42,35.0,29,56.7,19.6,42,"{'value': 1, 'displayName': 'FirstHalf'}","{'value': 1, 'displayName': 'Pass'}","{'value': 1, 'displayName': 'Successful'}","[{'type': {'value': 141, 'displayName': 'PassEndY'}, 'value': '3.1'}, {'type': {'value': 140, 'displayName': 'PassEndX'}, 'value': '68.8'}, {'type': {'value': 56, 'displayName': 'Zone'}, 'value': 'Right'}, {'type': {'value': 212, 'displayName': 'Length'}, 'value': '17.0'}, {'type': {'value': 178, 'displayName': 'StandingSave'}}, {'type': {'value': 213, 'displayName': 'Angle'}, 'value': '5.6'}]","[91, 119, 117, 30, 205, 36, 38, 217, 218]",True,255167.0,68.8,3.1,,,,,,,,,
2465847833.0,279,42,39.0,29,67.1,2.5,42,"{'value': 1, 'displayName': 'FirstHalf'}","{'value': 1, 'displayName': 'Pass'}","{'value': 1, 'displayName': 'Successful'}","[{'type': {'value': 56, 'displayName': 'Zone'}, 'value': 'Right'}, {'type': {'value': 141, 'displayName': 'PassEndY'}, 'value': '11.9'}, {'type': {'value': 140, 'displayName': 'PassEndX'}, 'value': '71.0'}, {'type': {'value': 178, 'displayName': 'StandingSave'}}, {'type': {'value': 213, 'displayName': 'Angle'}, 'value': '1.0'}, {'type': {'value': 212, 'displayName': 'Length'}, 'value': '7.6'}]","[91, 119, 117, 30, 205, 36, 37, 217, 218]",True,319756.0,71.0,11.9,,,,,,,,,
2465847917.0,280,42,43.0,29,70.4,8.3,42,"{'value': 1, 'displayName': 'FirstHalf'}","{'value': 1, 'displayName': 'Pass'}","{'value': 1, 'displayName': 'Successful'}","[{'type': {'value': 212, 'displayName': 'Length'}, 'value': '25.7'}, {'type': {'value': 178, 'displayName': 'StandingSave'}}, {'type': {'value': 213, 'displayName': 'Angle'}, 'value': '3.1'}, {'type': {'value': 141, 'displayName': 'PassEndY'}, 'value': '10.6'}, {'type': {'value': 56, 'displayName': 'Zone'}, 'value': 'Back'}, {'type': {'value': 140, 'displayName': 'PassEndX'}, 'value': '46.0'}]","[91, 117, 30, 35, 37, 216, 218]",True,322596.0,46.0,10.6,,,,,,,,,
2465848027.0,281,42,46.0,29,42.9,14.8,42,"{'value': 1, 'displayName': 'FirstHalf'}","{'value': 1, 'displayName': 'Pass'}","{'value': 1, 'displayName': 'Successful'}","[{'type': {'value': 141, 'displayName': 'PassEndY'}, 'value': '36.1'}, {'type': {'value': 212, 'displayName': 'Length'}, 'value': '16.4'}, {'type': {'value': 178, 'displayName': 'StandingSave'}}, {'type': {'value': 140, 'displayName': 'PassEndX'}, 'value': '35.6'}, {'type': {'value': 56, 'displayName': 'Zone'}, 'value': 'Back'}, {'type': {'value': 213, 'displayName': 'Angle'}, 'value': '2.1'}]","[91, 117, 30, 35, 37, 216, 218]",True,255167.0,35.6,36.1,,,,,,,,,
2465848087.0,282,42,51.0,29,39.8,29.5,42,"{'value': 1, 'displayName': 'FirstHalf'}","{'value': 1, 'displayName': 'Pass'}","{'value': 1, 'displayName': 'Successful'}","[{'type': {'value': 141, 'displayName': 'PassEndY'}, 'value': '2.6'}, {'type': {'value': 213, 'displayName': 'Angle'}, 'value': '5.8'}, {'type': {'value': 212, 'displayName': 'Length'}, 'value': '36.1'}, {'type': {'value': 1, 'displayName': 'Longball'}}, {'type': {'value': 178, 'displayName': 'StandingSave'}}, {'type': {'value': 140, 'displayName': 'PassEndX'}, 'value': '69.4'}, {'type': {'value': 56, 'displayName': 'Zone'}, 'value': 'Right'}]","[91, 119, 117, 127, 205, 36, 38, 217, 218]",True,73063.0,69.4,2.6,,,,,,,,,
2465848153.0,283,42,54.0,29,71.8,2.2,42,"{'value': 1, 'displayName': 'FirstHalf'}","{'value': 1, 'displayName': 'Pass'}","{'value': 1, 'displayName': 'Successful'}","[{'type': {'value': 56, 'displayName': 'Zone'}, 'value': 'Right'}, {'type': {'value': 178, 'displayName': 'StandingSave'}}, {'type': {'value': 140, 'displayName': 'PassEndX'}, 'value': '90.9'}, {'type': {'value': 212, 'displayName': 'Length'}, 'value': '20.3'}, {'type': {'value': 141, 'displayName': 'PassEndY'}, 'value': '6.8'}, {'type': {'value': 213, 'displayName': 'Angle'}, 'value': '0.2'}]","[91, 119, 117, 30, 205, 36, 37, 217, 218]",True,322596.0,90.9,6.8,,,,,,,,,
2465848199.0,284,42,58.0,29,90.9,6.8,42,"{'value': 1, 'displayName': 'FirstHalf'}","{'value': 1, 'displayName': 'Pass'}","{'value': 1, 'displayName': 'Successful'}","[{'type': {'value': 56, 'displayName': 'Zone'}, 'value': 'Center'}, {'type': {'value': 140, 'displayName': 'PassEndX'}, 'value': '72.3'}, {'type': {'value': 212, 'displayName': 'Length'}, 'value': '25.7'}, {'type': {'value': 141, 'displayName': 'PassEndY'}, 'value': '31.4'}, {'type': {'value': 178, 'displayName': 'StandingSave'}}, {'type': {'value': 213, 'displayName': 'Angle'}, 'value': '2.4'}]","[91, 119, 117, 30, 205, 35, 37, 217, 218]",True,143595.0,72.3,31.4,,,,,,,,,
2465848249.0,285,43,0.0,29,72.3,31.4,43,"{'value': 1, 'displayName': 'FirstHalf'}","{'value': 1, 'displayName': 'Pass'}","{'value': 1, 'displayName': 'Successful'}","[{'type': {'value': 56, 'displayName': 'Zone'}, 'value': 'Center'}, {'type': {'value': 178, 'displayName': 'StandingSave'}}, {'type': {'value': 140, 'displayName': 'PassEndX'}, 'value': '93.1'}, {'type': {'value': 212, 'displayName': 'Length'}, 'value': '21.8'}, {'type': {'value': 213, 'displayName': 'Angle'}, 'value': '0.0'}, {'type': {'value': 141, 'displayName': 'PassEndY'}, 'value': '32.3'}]","[91, 119, 117, 30, 205, 36, 37, 217, 218]",True,319756.0,93.1,32.3,,,,,,,,,
2465848263.0,286,43,2.0,29,93.1,32.3,43,"{'value': 1, 'displayName': 'FirstHalf'}","{'value': 1, 'displayName': 'Pass'}","{'value': 0, 'displayName': 'Unsuccessful'}","[{'type': {'value': 56, 'displayName': 'Zone'}, 'value': 'Center'}, {'type': {'value': 212, 'displayName': 'Length'}, 'value': '11.8'}, {'type': {'value': 178, 'displayName': 'StandingSave'}}, {'type': {'value': 140, 'displayName': 'PassEndX'}, 'value': '93.2'}, {'type': {'value': 213, 'displayName': 'Angle'}, 'value': '1.6'}, {'type': {'value': 141, 'displayName': 'PassEndY'}, 'value': '49.7'}]","[91, 120, 29, 36, 37, 217, 218]",True,322596.0,93.2,49.7,,,,,,,,,
2465848293.0,393,43,2.0,161,6.6,50.9,43,"{'value': 1, 'displayName': 'FirstHalf'}","{'value': 49, 'displayName': 'BallRecovery'}","{'value': 1, 'displayName': 'Successful'}",[],[93],False,115917.0,,,,,,,,,,,
2465848409.0,394,43,5.0,161,12.8,55.9,43,"{'value': 1, 'displayName': 'FirstHalf'}","{'value': 1, 'displayName': 'Pass'}","{'value': 1, 'displayName': 'Successful'}","[{'type': {'value': 56, 'displayName': 'Zone'}, 'value': 'Back'}, {'type': {'value': 140, 'displayName': 'PassEndX'}, 'value': '26.4'}, {'type': {'value': 178, 'displayName': 'StandingSave'}}, {'type': {'value': 212, 'displayName': 'Length'}, 'value': '19.1'}, {'type': {'value': 213, 'displayName': 'Angle'}, 'value': '0.7'}, {'type': {'value': 141, 'displayName': 'PassEndY'}, 'value': '74.6'}]","[91, 117, 30, 36, 37, 215, 218]",True,115917.0,26.4,74.6,,,,,,,,,
2465848411.0,395,43,7.0,161,25.6,80.2,43,"{'value': 1, 'displayName': 'FirstHalf'}","{'value': 4, 'displayName': 'Foul'}","{'value': 1, 'displayName': 'Successful'}","[{'type': {'value': 56, 'displayName': 'Zone'}, 'value': 'Back'}, {'type': {'value': 13, 'displayName': 'Foul'}}, {'type': {'value': 285, 'displayName': 'Defensive'}}, {'type': {'value': 233, 'displayName': 'OppositeRelatedEvent'}, 'value': '287'}]","[91, 63]",True,140088.0,,,,,,,,,,,
2465848443.0,287,43,7.0,29,74.4,19.8,43,"{'value': 1, 'displayName': 'FirstHalf'}","{'value': 4, 'displayName': 'Foul'}","{'value': 0, 'displayName': 'Unsuccessful'}","[{'type': {'value': 178, 'displayName': 'StandingSave'}}, {'type': {'value': 286, 'displayName': 'Offensive'}}, {'type': {'value': 233, 'displayName': 'OppositeRelatedEvent'}, 'value': '395'}, {'type': {'value': 56, 'displayName': 'Zone'}, 'value': 'Right'}, {'type': {'value': 13, 'displayName': 'Foul'}}]",[64],False,319756.0,,,,,,,,,,,
2465849255.0,396,43,37.0,161,22.4,81.8,43,"{'value': 1, 'displayName': 'FirstHalf'}","{'value': 1, 'displayName': 'Pass'}","{'value': 1, 'displayName': 'Successful'}","[{'type': {'value': 5, 'displayName': 'FreekickTaken'}}, {'type': {'value': 141, 'displayName': 'PassEndY'}, 'value': '64.7'}, {'type': {'value': 56, 'displayName': 'Zone'}, 'value': 'Back'}, {'type': {'value': 140, 'displayName': 'PassEndX'}, 'value': '20.4'}, {'type': {'value': 212, 'displayName': 'Length'}, 'value': '11.8'}, {'type': {'value': 178, 'displayName': 'StandingSave'}}, {'type': {'value': 213, 'displayName': 'Angle'}, 'value': '4.5'}]","[91, 117, 30, 132, 35, 38, 215, 218]",True,368310.0,20.4,64.7,,,,,,,,,
2466012099.0,946,43,41.0,161,20.1,64.8,43,"{'value': 1, 'displayName': 'FirstHalf'}","{'value': 1, 'displayName': 'Pass'}","{'value': 1, 'displayName': 'Successful'}","[{'type': {'value': 140, 'displayName': 'PassEndX'}, 'value': '25.1'}, {'type': {'value': 141, 'displayName': 'PassEndY'}, 'value': '78.4'}, {'type': {'value': 213, 'displayName': 'Angle'}, 'value': '1.1'}, {'type': {'value': 178, 'displayName': 'StandingSave'}}, {'type': {'value': 56, 'displayName': 'Zone'}, 'value': 'Back'}, {'type': {'value': 212, 'displayName': 'Length'}, 'value': '10.6'}]","[91, 117, 30, 36, 37, 215, 218]",True,238244.0,25.1,78.4,,,,,,,,,
2466012203.0,947,43,43.0,161,25.1,78.4,43,"{'value': 1, 'displayName': 'FirstHalf'}","{'value': 1, 'displayName': 'Pass'}","{'value': 1, 'displayName': 'Successful'}","[{'type': {'value': 56, 'displayName': 'Zone'}, 'value': 'Back'}, {'type': {'value': 140, 'displayName': 'PassEndX'}, 'value': '19.3'}, {'type': {'value': 178, 'displayName': 'StandingSave'}}, {'type': {'value': 212, 'displayName': 'Length'}, 'value': '12.7'}, {'type': {'value': 213, 'displayName': 'Angle'}, 'value': '4.2'}, {'type': {'value': 141, 'displayName': 'PassEndY'}, 'value': '62.0'}]","[91, 117, 30, 35, 38, 215, 218]",True,368310.0,19.3,62.0,,,,,,,,,
2465849273.0,397,43,50.0,161,29.5,51.3,43,"{'value': 1, 'displayName': 'FirstHalf'}","{'value': 1, 'displayName': 'Pass'}","{'value': 1, 'displayName': 'Successful'}","[{'type': {'value': 212, 'displayName': 'Length'}, 'value': '15.4'}, {'type': {'value': 178, 'displayName': 'StandingSave'}}, {'type': {'value': 213, 'displayName': 'Angle'}, 'value': '1.6'}, {'type': {'value': 141, 'displayName': 'PassEndY'}, 'value': '73.9'}, {'type': {'value': 56, 'displayName': 'Zone'}, 'value': 'Back'}, {'type': {'value': 140, 'displayName': 'PassEndX'}, 'value': '29.0'}]","[91, 117, 30, 35, 37, 215, 218]",True,238244.0,29.0,73.9,,,,,,,,,
2465849373.0,398,43,53.0,161,29.0,73.9,43,"{'value': 1, 'displayName': 'FirstHalf'}","{'value': 1, 'displayName': 'Pass'}","{'value': 1, 'displayName': 'Successful'}","[{'type': {'value': 141, 'displayName': 'PassEndY'}, 'value': '48.7'}, {'type': {'value': 213, 'displayName': 'Angle'}, 'value': '4.7'}, {'type': {'value': 178, 'displayName': 'StandingSave'}}, {'type': {'value': 212, 'displayName': 'Length'}, 'value': '17.2'}, {'type': {'value': 140, 'displayName': 'PassEndX'}, 'value': '28.1'}, {'type': {'value': 56, 'displayName': 'Zone'}, 'value': 'Back'}]","[91, 117, 30, 35, 38, 215, 218]",True,368310.0,28.1,48.7,,,,,,,,,
2465849475.0,399,43,57.0,161,23.5,37.3,43,"{'value': 1, 'displayName': 'FirstHalf'}","{'value': 1, 'displayName': 'Pass'}","{'value': 1, 'displayName': 'Successful'}","[{'type': {'value': 178, 'displayName': 'StandingSave'}}, {'type': {'value': 56, 'displayName': 'Zone'}, 'value': 'Back'}, {'type': {'value': 141, 'displayName': 'PassEndY'}, 'value': '51.5'}, {'type': {'value': 213, 'displayName': 'Angle'}, 'value': '2.6'}, {'type': {'value': 140, 'displayName': 'PassEndX'}, 'value': '7.4'}, {'type': {'value': 212, 'displayName': 'Length'}, 'value': '19.5'}]","[91, 117, 30, 35, 37, 215, 218]",True,238244.0,7.4,51.5,,,,,,,,,
2465849481.0,400,44,3.0,161,20.5,63.6,44,"{'value': 1, 'displayName': 'FirstHalf'}","{'value': 1, 'displayName': 'Pass'}","{'value': 1, 'displayName': 'Successful'}","[{'type': {'value': 155, 'displayName': 'Chipped'}}, {'type': {'value': 213, 'displayName': 'Angle'}, 'value': '0.5'}, {'type': {'value': 212, 'displayName': 'Length'}, 'value': '45.9'}, {'type': {'value': 178, 'displayName': 'StandingSave'}}, {'type': {'value': 1, 'displayName': 'Longball'}}, {'type': {'value': 141, 'displayName': 'PassEndY'}, 'value': '95.9'}, {'type': {'value': 140, 'displayName': 'PassEndX'}, 'value': '58.9'}, {'type': {'value': 56, 'displayName': 'Zone'}, 'value': 'Left'}]","[91, 119, 117, 124, 127, 36, 37, 216, 218]",True,122714.0,58.9,95.9,,,,,,,,,
2465849679.0,401,44,9.0,161,46.3,90.0,44,"{'value': 1, 'displayName': 'FirstHalf'}","{'value': 1, 'displayName': 'Pass'}","{'value': 1, 'displayName': 'Successful'}","[{'type': {'value': 141, 'displayName': 'PassEndY'}, 'value': '71.5'}, {'type': {'value': 212, 'displayName': 'Length'}, 'value': '13.5'}, {'type': {'value': 178, 'displayName': 'StandingSave'}}, {'type': {'value': 140, 'displayName': 'PassEndX'}, 'value': '41.6'}, {'type': {'value': 56, 'displayName': 'Zone'}, 'value': 'Back'}, {'type': {'value': 213, 'displayName': 'Angle'}, 'value': '4.3'}]","[91, 117, 30, 35, 38, 216, 218]",True,355401.0,41.6,71.5,,,,,,,,,
2465849729.0,402,44,13.0,161,47.3,54.5,44,"{'value': 1, 'displayName': 'FirstHalf'}","{'value': 1, 'displayName': 'Pass'}","{'value': 1, 'displayName': 'Successful'}","[{'type': {'value': 140, 'displayName': 'PassEndX'}, 'value': '56.3'}, {'type': {'value': 56, 'displayName': 'Zone'}, 'value': 'Center'}, {'type': {'value': 213, 'displayName': 'Angle'}, 'value': '5.1'}, {'type': {'value': 141, 'displayName': 'PassEndY'}, 'value': '23.0'}, {'type': {'value': 212, 'displayName': 'Length'}, 'value': '23.4'}, {'type': {'value': 178, 'displayName': 'StandingSave'}}]","[91, 119, 117, 30, 36, 38, 216, 218]",True,394933.0,56.3,23.0,,,,,,,,,
2465849747.0,403,44,15.0,161,56.3,23.0,44,"{'value': 1, 'displayName': 'FirstHalf'}","{'value': 1, 'displayName': 'Pass'}","{'value': 1, 'displayName': 'Successful'}","[{'type': {'value': 140, 'displayName': 'PassEndX'}, 'value': '54.4'}, {'type': {'value': 212, 'displayName': 'Length'}, 'value': '5.9'}, {'type': {'value': 178, 'displayName': 'StandingSave'}}, {'type': {'value': 56, 'displayName': 'Zone'}, 'value': 'Center'}, {'type': {'value': 213, 'displayName': 'Angle'}, 'value': '1.9'}, {'type': {'value': 141, 'displayName': 'PassEndY'}, 'value': '31.2'}]","[91, 119, 117, 30, 35, 37, 216, 218]",True,115917.0,54.4,31.2,,,,,,,,,
2465849787.0,404,44,17.0,161,54.4,31.2,44,"{'value': 1, 'displayName': 'FirstHalf'}","{'value': 1, 'displayName': 'Pass'}","{'value': 1, 'displayName': 'Successful'}","[{'type': {'value': 178, 'displayName': 'StandingSave'}}, {'type': {'value': 140, 'displayName': 'PassEndX'}, 'value': '55.0'}, {'type': {'value': 141, 'displayName': 'PassEndY'}, 'value': '51.2'}, {'type': {'value': 213, 'displayName': 'Angle'}, 'value': '1.5'}, {'type': {'value': 56, 'displayName': 'Zone'}, 'value': 'Center'}, {'type': {'value': 212, 'displayName': 'Length'}, 'value': '13.6'}]","[91, 119, 117, 30, 36, 37, 216, 218]",True,16161.0,55.0,51.2,,,,,,,,,
2465849821.0,405,44,20.0,161,62.6,58.7,44,"{'value': 1, 'displayName': 'FirstHalf'}","{'value': 1, 'displayName': 'Pass'}","{'value': 1, 'displayName': 'Successful'}","[{'type': {'value': 141, 'displayName': 'PassEndY'}, 'value': '59.3'}, {'type': {'value': 140, 'displayName': 'PassEndX'}, 'value': '71.5'}, {'type': {'value': 178, 'displayName': 'StandingSave'}}, {'type': {'value': 212, 'displayName': 'Length'}, 'value': '9.4'}, {'type': {'value': 56, 'displayName': 'Zone'}, 'value': 'Center'}, {'type': {'value': 213, 'displayName': 'Angle'}, 'value': '0.0'}]","[91, 119, 117, 30, 205, 36, 37, 217, 218]",True,394933.0,71.5,59.3,,,,,,,,,
2465849841.0,406,44,20.0,161,71.5,59.3,44,"{'value': 1, 'displayName': 'FirstHalf'}","{'value': 1, 'displayName': 'Pass'}","{'value': 1, 'displayName': 'Successful'}","[{'type': {'value': 141, 'displayName': 'PassEndY'}, 'value': '85.4'}, {'type': {'value': 178, 'displayName': 'StandingSave'}}, {'type': {'value': 56, 'displayName': 'Zone'}, 'value': 'Left'}, {'type': {'value': 140, 'displayName': 'PassEndX'}, 'value': '81.8'}, {'type': {'value': 213, 'displayName': 'Angle'}, 'value': '1.0'}, {'type': {'value': 212, 'displayName': 'Length'}, 'value': '20.8'}]","[91, 119, 117, 30, 205, 36, 37, 217, 218]",True,140088.0,81.8,85.4,,,,,,,,,
2465849847.0,407,44,23.0,161,84.6,84.5,44,"{'value': 1, 'displayName': 'FirstHalf'}","{'value': 1, 'displayName': 'Pass'}","{'value': 0, 'displayName': 'Unsuccessful'}","[{'type': {'value': 2, 'displayName': 'Cross'}}, {'type': {'value': 212, 'displayName': 'Length'}, 'value': '3.3'}, {'type': {'value': 178, 'displayName': 'StandingSave'}}, {'type': {'value': 213, 'displayName': 'Angle'}, 'value': '5.4'}, {'type': {'value': 140, 'displayName': 'PassEndX'}, 'value': '86.6'}, {'type': {'value': 56, 'displayName': 'Zone'}, 'value': 'Left'}, {'type': {'value': 233, 'displayName': 'OppositeRelatedEvent'}, 'value': '288'}, {'type': {'value': 286, 'displayName': 'Offensive'}}, {'type': {'value': 72, 'displayName': 'LeftFoot'}}, {'type': {'value': 141, 'displayName': 'PassEndY'}, 'value': '80.8'}]","[91, 138, 126, 36, 38, 217, 218]",True,355401.0,86.6,80.8,,,,,,,,,
2465849885.0,288,44,23.0,29,13.7,17.6,44,"{'value': 1, 'displayName': 'FirstHalf'}","{'value': 12, 'displayName': 'Clearance'}","{'value': 1, 'displayName': 'Successful'}","[{'type': {'value': 185, 'displayName': 'BlockedCross'}}, {'type': {'value': 233, 'displayName': 'OppositeRelatedEvent'}, 'value': '407'}, {'type': {'value': 56, 'displayName': 'Zone'}, 'value': 'Back'}, {'type': {'value': 178, 'displayName': 'StandingSave'}}]","[91, 59]",True,255167.0,,,,,,,,,,,
2465850103.0,409,44,33.0,161,89.8,100.0,44,"{'value': 1, 'displayName': 'FirstHalf'}","{'value': 1, 'displayName': 'Pass'}","{'value': 1, 'displayName': 'Successful'}","[{'type': {'value': 107, 'displayName': 'ThrowIn'}}, {'type': {'value': 140, 'displayName': 'PassEndX'}, 'value': '71.9'}, {'type': {'value': 1, 'displayName': 'Longball'}}, {'type': {'value': 212, 'displayName': 'Length'}, 'value': '21.5'}, {'type': {'value': 141, 'displayName': 'PassEndY'}, 'value': '86.6'}, {'type': {'value': 56, 'displayName': 'Zone'}, 'value': 'Left'}, {'type': {'value': 213, 'displayName': 'Angle'}, 'value': '3.6'}]","[91, 212, 35, 38, 217]",True,355401.0,71.9,86.6,,,,,,,,,
2465850171.0,410,44,37.0,161,70.9,77.6,44,"{'value': 1, 'displayName': 'FirstHalf'}","{'value': 1, 'displayName': 'Pass'}","{'value': 1, 'displayName': 'Successful'}","[{'type': {'value': 213, 'displayName': 'Angle'}, 'value': '5.0'}, {'type': {'value': 178, 'displayName': 'StandingSave'}}, {'type': {'value': 140, 'displayName': 'PassEndX'}, 'value': '77.5'}, {'type': {'value': 212, 'displayName': 'Length'}, 'value': '21.0'}, {'type': {'value': 210, 'displayName': 'ShotAssist'}, 'value': '15'}, {'type': {'value': 141, 'displayName': 'PassEndY'}, 'value': '48.5'}, {'type': {'value': 56, 'displayName': 'Zone'}, 'value': 'Center'}, {'type': {'value': 11113, 'displayName': 'KeyPass'}}]","[91, 119, 117, 30, 123, 205, 40, 46, 36, 38, 217, 218]",True,394933.0,77.5,48.5,,,,,,,,,
2465850181.0,411,44,40.0,161,73.4,55.2,44,"{'value': 1, 'displayName': 'FirstHalf'}","{'value': 15, 'displayName': 'SavedShot'}","{'value': 1, 'displayName': 'Successful'}","[{'type': {'value': 29, 'displayName': 'Assisted'}}, {'type': {'value': 78, 'displayName': 'LowCentre'}}, {'type': {'value': 18, 'displayName': 'OutOfBoxCentre'}}, {'type': {'value': 147, 'displayName': 'BlockedY'}, 'value': '51.1'}, {'type': {'value': 102, 'displayName': 'GoalMouthY'}, 'value': '49.3'}, {'type': {'value': 56, 'displayName': 'Zone'}, 'value': 'Center'}, {'type': {'value': 55, 'displayName': 'RelatedEventId'}, 'value': '410'}, {'type': {'value': 72, 'displayName': 'LeftFoot'}}, {'type': {'value': 22, 'displayName': 'RegularPlay'}}, {'type': {'value': 233, 'displayName': 'OppositeRelatedEvent'}, 'value': '291'}, {'type': {'value': 178, 'displayName': 'StandingSave'}}, {'type': {'value': 103, 'displayName': 'GoalMouthZ'}, 'value': '5.7'}, {'type': {'value': 146, 'displayName': 'BlockedX'}, 'value': '97.7'}]","[91, 9, 10, 2, 3, 13]",True,300513.0,,,410.0,394933.0,97.7,51.1,5.7,49.3,True,,
2465850227.0,291,44,41.0,29,2.9,51.2,44,"{'value': 1, 'displayName': 'FirstHalf'}","{'value': 10, 'displayName': 'Save'}","{'value': 1, 'displayName': 'Successful'}","[{'type': {'value': 56, 'displayName': 'Zone'}, 'value': 'Back'}, {'type': {'value': 233, 'displayName': 'OppositeRelatedEvent'}, 'value': '411'}, {'type': {'value': 182, 'displayName': 'Hands'}}, {'type': {'value': 177, 'displayName': 'Collected'}}, {'type': {'value': 11117, 'displayName': 'KeeperSaveObox'}}]","[91, 110, 113, 77, 79, 82]",True,20973.0,,,,,,,,,,,
2465850219.0,290,44,42.0,29,2.9,51.2,44,"{'value': 1, 'displayName': 'FirstHalf'}","{'value': 52, 'displayName': 'KeeperPickup'}","{'value': 1, 'displayName': 'Successful'}","[{'type': {'value': 178, 'displayName': 'StandingSave'}}]",[93],False,20973.0,,,,,,,,,,,
2465850549.0,292,44,59.0,29,16.0,38.3,44,"{'value': 1, 'displayName': 'FirstHalf'}","{'value': 1, 'displayName': 'Pass'}","{'value': 1, 'displayName': 'Successful'}","[{'type': {'value': 1, 'displayName': 'Longball'}}, {'type': {'value': 141, 'displayName': 'PassEndY'}, 'value': '14.3'}, {'type': {'value': 56, 'displayName': 'Zone'}, 'value': 'Right'}, {'type': {'value': 212, 'displayName': 'Length'}, 'value': '58.3'}, {'type': {'value': 213, 'displayName': 'Angle'}, 'value': '6.0'}, {'type': {'value': 140, 'displayName': 'PassEndX'}, 'value': '69.3'}]","[91, 119, 117, 127, 205, 36, 38, 217, 218]",True,20973.0,69.3,14.3,,,,,,,,,
2465850739.0,293,45,3.0,29,66.4,11.8,45,"{'value': 1, 'displayName': 'FirstHalf'}","{'value': 44, 'displayName': 'Aerial'}","{'value': 1, 'displayName': 'Successful'}","[{'type': {'value': 286, 'displayName': 'Offensive'}}, {'type': {'value': 56, 'displayName': 'Zone'}, 'value': 'Right'}, {'type': {'value': 233, 'displayName': 'OppositeRelatedEvent'}, 'value': '412'}]","[197, 199]",False,322596.0,,,,,,,,,,,
2465850561.0,412,45,3.0,161,33.6,88.2,45,"{'value': 1, 'displayName': 'FirstHalf'}","{'value': 44, 'displayName': 'Aerial'}","{'value': 0, 'displayName': 'Unsuccessful'}","[{'type': {'value': 285, 'displayName': 'Defensive'}}, {'type': {'value': 56, 'displayName': 'Zone'}, 'value': 'Back'}, {'type': {'value': 233, 'displayName': 'OppositeRelatedEvent'}, 'value': '293'}]","[198, 200]",False,355401.0,,,,,,,,,,,
2465850833.0,295,45,3.0,29,68.2,5.9,45,"{'value': 1, 'displayName': 'FirstHalf'}","{'value': 1, 'displayName': 'Pass'}","{'value': 0, 'displayName': 'Unsuccessful'}","[{'type': {'value': 3, 'displayName': 'HeadPass'}}, {'type': {'value': 212, 'displayName': 'Length'}, 'value': '1.8'}, {'type': {'value': 140, 'displayName': 'PassEndX'}, 'value': '68.4'}, {'type': {'value': 213, 'displayName': 'Angle'}, 'value': '1.5'}, {'type': {'value': 141, 'displayName': 'PassEndY'}, 'value': '8.6'}, {'type': {'value': 56, 'displayName': 'Zone'}, 'value': 'Right'}]","[91, 120, 29, 139, 36, 37, 217, 218]",True,322596.0,68.4,8.6,,,,,,,,,
2465850581.0,413,45,3.0,161,34.5,89.0,45,"{'value': 1, 'displayName': 'FirstHalf'}","{'value': 61, 'displayName': 'BallTouch'}","{'value': 1, 'displayName': 'Successful'}","[{'type': {'value': 56, 'displayName': 'Zone'}, 'value': 'Back'}, {'type': {'value': 15, 'displayName': 'Head'}}]",[91],True,355401.0,,,,,,,,,,,
2465850941.0,296,45,20.0,29,68.8,0.0,45,"{'value': 1, 'displayName': 'FirstHalf'}","{'value': 1, 'displayName': 'Pass'}","{'value': 1, 'displayName': 'Successful'}","[{'type': {'value': 212, 'displayName': 'Length'}, 'value': '9.9'}, {'type': {'value': 107, 'displayName': 'ThrowIn'}}, {'type': {'value': 141, 'displayName': 'PassEndY'}, 'value': '9.2'}, {'type': {'value': 56, 'displayName': 'Zone'}, 'value': 'Right'}, {'type': {'value': 213, 'displayName': 'Angle'}, 'value': '2.4'}, {'type': {'value': 140, 'displayName': 'PassEndX'}, 'value': '62.1'}]","[91, 212, 35, 37, 216]",True,255167.0,62.1,9.2,,,,,,,,,
2465850963.0,297,45,21.0,29,62.0,9.2,45,"{'value': 1, 'displayName': 'FirstHalf'}","{'value': 1, 'displayName': 'Pass'}","{'value': 1, 'displayName': 'Successful'}","[{'type': {'value': 56, 'displayName': 'Zone'}, 'value': 'Right'}, {'type': {'value': 213, 'displayName': 'Angle'}, 'value': '5.8'}, {'type': {'value': 141, 'displayName': 'PassEndY'}, 'value': '3.7'}, {'type': {'value': 178, 'displayName': 'StandingSave'}}, {'type': {'value': 140, 'displayName': 'PassEndX'}, 'value': '69.0'}, {'type': {'value': 212, 'displayName': 'Length'}, 'value': '8.2'}]","[91, 119, 117, 30, 205, 36, 38, 217, 218]",True,319756.0,69.0,3.7,,,,,,,,,
2465850973.0,298,45,22.0,29,69.0,3.7,45,"{'value': 1, 'displayName': 'FirstHalf'}","{'value': 1, 'displayName': 'Pass'}","{'value': 1, 'displayName': 'Successful'}","[{'type': {'value': 213, 'displayName': 'Angle'}, 'value': '2.8'}, {'type': {'value': 140, 'displayName': 'PassEndX'}, 'value': '62.3'}, {'type': {'value': 212, 'displayName': 'Length'}, 'value': '7.4'}, {'type': {'value': 141, 'displayName': 'PassEndY'}, 'value': '7.1'}, {'type': {'value': 56, 'displayName': 'Zone'}, 'value': 'Right'}, {'type': {'value': 178, 'displayName': 'StandingSave'}}]","[91, 119, 117, 30, 35, 37, 216, 218]",True,255167.0,62.3,7.1,,,,,,,,,
2465851001.0,299,45,24.0,29,62.3,7.1,45,"{'value': 1, 'displayName': 'FirstHalf'}","{'value': 1, 'displayName': 'Pass'}","{'value': 1, 'displayName': 'Successful'}","[{'type': {'value': 178, 'displayName': 'StandingSave'}}, {'type': {'value': 212, 'displayName': 'Length'}, 'value': '11.4'}, {'type': {'value': 140, 'displayName': 'PassEndX'}, 'value': '61.4'}, {'type': {'value': 213, 'displayName': 'Angle'}, 'value': '1.7'}, {'type': {'value': 141, 'displayName': 'PassEndY'}, 'value': '23.8'}, {'type': {'value': 56, 'displayName': 'Zone'}, 'value': 'Center'}]","[91, 119, 117, 30, 35, 37, 216, 218]",True,319756.0,61.4,23.8,,,,,,,,,
2465851085.0,300,45,25.0,29,61.4,23.8,45,"{'value': 1, 'displayName': 'FirstHalf'}","{'value': 1, 'displayName': 'Pass'}","{'value': 1, 'displayName': 'Successful'}","[{'type': {'value': 56, 'displayName': 'Zone'}, 'value': 'Back'}, {'type': {'value': 212, 'displayName': 'Length'}, 'value': '22.8'}, {'type': {'value': 140, 'displayName': 'PassEndX'}, 'value': '40.0'}, {'type': {'value': 213, 'displayName': 'Angle'}, 'value': '3.3'}, {'type': {'value': 178, 'displayName': 'StandingSave'}}, {'type': {'value': 141, 'displayName': 'PassEndY'}, 'value': '18.2'}]","[91, 117, 30, 35, 38, 216, 218]",True,332325.0,40.0,18.2,,,,,,,,,
2465851117.0,301,45,28.0,29,36.2,28.3,45,"{'value': 1, 'displayName': 'FirstHalf'}","{'value': 1, 'displayName': 'Pass'}","{'value': 1, 'displayName': 'Successful'}","[{'type': {'value': 213, 'displayName': 'Angle'}, 'value': '1.6'}, {'type': {'value': 178, 'displayName': 'StandingSave'}}, {'type': {'value': 56, 'displayName': 'Zone'}, 'value': 'Back'}, {'type': {'value': 212, 'displayName': 'Length'}, 'value': '24.2'}, {'type': {'value': 141, 'displayName': 'PassEndY'}, 'value': '63.8'}, {'type': {'value': 140, 'displayName': 'PassEndX'}, 'value': '35.2'}]","[91, 117, 30, 35, 37, 216, 218]",True,73063.0,35.2,63.8,,,,,,,,,
2465851181.0,302,45,30.0,29,35.2,63.8,45,"{'value': 1, 'displayName': 'FirstHalf'}","{'value': 1, 'displayName': 'Pass'}","{'value': 1, 'displayName': 'Successful'}","[{'type': {'value': 140, 'displayName': 'PassEndX'}, 'value': '38.5'}, {'type': {'value': 141, 'displayName': 'PassEndY'}, 'value': '91.1'}, {'type': {'value': 56, 'displayName': 'Zone'}, 'value': 'Back'}, {'type': {'value': 178, 'displayName': 'StandingSave'}}, {'type': {'value': 212, 'displayName': 'Length'}, 'value': '18.9'}, {'type': {'value': 213, 'displayName': 'Angle'}, 'value': '1.4'}]","[91, 117, 30, 36, 37, 216, 218]",True,106086.0,38.5,91.1,,,,,,,,,
2465851207.0,303,45,34.0,29,38.6,92.0,45,"{'value': 1, 'displayName': 'FirstHalf'}","{'value': 1, 'displayName': 'Pass'}","{'value': 1, 'displayName': 'Successful'}","[{'type': {'value': 178, 'displayName': 'StandingSave'}}, {'type': {'value': 56, 'displayName': 'Zone'}, 'value': 'Back'}, {'type': {'value': 213, 'displayName': 'Angle'}, 'value': '5.1'}, {'type': {'value': 141, 'displayName': 'PassEndY'}, 'value': '81.5'}, {'type': {'value': 140, 'displayName': 'PassEndX'}, 'value': '41.7'}, {'type': {'value': 212, 'displayName': 'Length'}, 'value': '7.8'}]","[91, 117, 30, 36, 38, 216, 218]",True,68049.0,41.7,81.5,,,,,,,,,
2465851267.0,304,45,36.0,29,41.1,82.2,45,"{'value': 1, 'displayName': 'FirstHalf'}","{'value': 1, 'displayName': 'Pass'}","{'value': 1, 'displayName': 'Successful'}","[{'type': {'value': 178, 'displayName': 'StandingSave'}}, {'type': {'value': 56, 'displayName': 'Zone'}, 'value': 'Back'}, {'type': {'value': 141, 'displayName': 'PassEndY'}, 'value': '97.7'}, {'type': {'value': 213, 'displayName': 'Angle'}, 'value': '1.3'}, {'type': {'value': 140, 'displayName': 'PassEndX'}, 'value': '43.4'}, {'type': {'value': 212, 'displayName': 'Length'}, 'value': '10.8'}]","[91, 117, 30, 36, 37, 216, 218]",True,332325.0,43.4,97.7,,,,,,,,,
2465851309.0,305,45,38.0,29,36.9,95.1,45,"{'value': 1, 'displayName': 'FirstHalf'}","{'value': 1, 'displayName': 'Pass'}","{'value': 1, 'displayName': 'Successful'}","[{'type': {'value': 213, 'displayName': 'Angle'}, 'value': '4.8'}, {'type': {'value': 178, 'displayName': 'StandingSave'}}, {'type': {'value': 56, 'displayName': 'Zone'}, 'value': 'Back'}, {'type': {'value': 141, 'displayName': 'PassEndY'}, 'value': '66.2'}, {'type': {'value': 140, 'displayName': 'PassEndX'}, 'value': '38.8'}, {'type': {'value': 212, 'displayName': 'Length'}, 'value': '19.8'}]","[91, 117, 30, 36, 38, 216, 218]",True,297203.0,38.8,66.2,,,,,,,,,
2465851365.0,306,45,41.0,29,33.6,63.8,45,"{'value': 1, 'displayName': 'FirstHalf'}","{'value': 1, 'displayName': 'Pass'}","{'value': 1, 'displayName': 'Successful'}","[{'type': {'value': 56, 'displayName': 'Zone'}, 'value': 'Back'}, {'type': {'value': 141, 'displayName': 'PassEndY'}, 'value': '49.6'}, {'type': {'value': 213, 'displayName': 'Angle'}, 'value': '3.9'}, {'type': {'value': 178, 'displayName': 'StandingSave'}}, {'type': {'value': 212, 'displayName': 'Length'}, 'value': '13.7'}, {'type': {'value': 140, 'displayName': 'PassEndX'}, 'value': '24.4'}]","[91, 117, 30, 35, 38, 215, 218]",True,143595.0,24.4,49.6,,,,,,,,,
2465851427.0,307,45,44.0,29,20.8,34.7,45,"{'value': 1, 'displayName': 'FirstHalf'}","{'value': 1, 'displayName': 'Pass'}","{'value': 1, 'displayName': 'Successful'}","[{'type': {'value': 213, 'displayName': 'Angle'}, 'value': '5.0'}, {'type': {'value': 141, 'displayName': 'PassEndY'}, 'value': '6.4'}, {'type': {'value': 212, 'displayName': 'Length'}, 'value': '20.2'}, {'type': {'value': 140, 'displayName': 'PassEndX'}, 'value': '26.8'}, {'type': {'value': 178, 'displayName': 'StandingSave'}}, {'type': {'value': 56, 'displayName': 'Zone'}, 'value': 'Back'}]","[91, 117, 30, 36, 38, 215, 218]",True,73063.0,26.8,6.4,,,,,,,,,
2465851457.0,308,45,46.0,29,26.7,6.4,45,"{'value': 1, 'displayName': 'FirstHalf'}","{'value': 1, 'displayName': 'Pass'}","{'value': 0, 'displayName': 'Unsuccessful'}","[{'type': {'value': 56, 'displayName': 'Zone'}, 'value': 'Back'}, {'type': {'value': 212, 'displayName': 'Length'}, 'value': '23.8'}, {'type': {'value': 213, 'displayName': 'Angle'}, 'value': '0.5'}, {'type': {'value': 141, 'displayName': 'PassEndY'}, 'value': '24.1'}, {'type': {'value': 140, 'displayName': 'PassEndX'}, 'value': '46.2'}, {'type': {'value': 178, 'displayName': 'StandingSave'}}]","[91, 118, 120, 29, 36, 37, 216, 218]",True,255167.0,46.2,24.1,,,,,,,,,
2465851493.0,415,45,48.0,161,54.5,75.4,45,"{'value': 1, 'displayName': 'FirstHalf'}","{'value': 1, 'displayName': 'Pass'}","{'value': 0, 'displayName': 'Unsuccessful'}","[{'type': {'value': 141, 'displayName': 'PassEndY'}, 'value': '74.2'}, {'type': {'value': 140, 'displayName': 'PassEndX'}, 'value': '59.9'}, {'type': {'value': 56, 'displayName': 'Zone'}, 'value': 'Center'}, {'type': {'value': 233, 'displayName': 'OppositeRelatedEvent'}, 'value': '311'}, {'type': {'value': 213, 'displayName': 'Angle'}, 'value': '6.1'}, {'type': {'value': 212, 'displayName': 'Length'}, 'value': '5.7'}, {'type': {'value': 178, 'displayName': 'StandingSave'}}, {'type': {'value': 286, 'displayName': 'Offensive'}}]","[91, 120, 29, 36, 38, 216, 218]",True,368310.0,59.9,74.2,,,,,,,,,
2465851715.0,311,45,48.0,29,47.3,21.5,45,"{'value': 1, 'displayName': 'FirstHalf'}","{'value': 74, 'displayName': 'BlockedPass'}","{'value': 1, 'displayName': 'Successful'}","[{'type': {'value': 233, 'displayName': 'OppositeRelatedEvent'}, 'value': '415'}, {'type': {'value': 56, 'displayName': 'Zone'}, 'value': 'Back'}, {'type': {'value': 178, 'displayName': 'StandingSave'}}, {'type': {'value': 285, 'displayName': 'Defensive'}}]","[91, 60]",True,319756.0,,,,,,,,,,,
2465852767.0,425,45,48.0,161,54.7,76.9,45,"{'value': 1, 'displayName': 'FirstHalf'}","{'value': 61, 'displayName': 'BallTouch'}","{'value': 1, 'displayName': 'Successful'}","[{'type': {'value': 56, 'displayName': 'Zone'}, 'value': 'Center'}, {'type': {'value': 178, 'displayName': 'StandingSave'}}]",[91],True,368310.0,,,,,,,,,,,
2465851565.0,309,45,52.0,29,41.4,4.4,45,"{'value': 1, 'displayName': 'FirstHalf'}","{'value': 1, 'displayName': 'Pass'}","{'value': 0, 'displayName': 'Unsuccessful'}","[{'type': {'value': 140, 'displayName': 'PassEndX'}, 'value': '62.6'}, {'type': {'value': 213, 'displayName': 'Angle'}, 'value': '6.1'}, {'type': {'value': 56, 'displayName': 'Zone'}, 'value': 'Right'}, {'type': {'value': 178, 'displayName': 'StandingSave'}}, {'type': {'value': 212, 'displayName': 'Length'}, 'value': '22.6'}, {'type': {'value': 155, 'displayName': 'Chipped'}}, {'type': {'value': 141, 'displayName': 'PassEndY'}, 'value': '0.0'}]","[91, 120, 29, 124, 36, 38, 216, 218]",True,143595.0,62.6,0.0,,,,,,,,,
2465851733.0,417,46,1.0,161,39.2,100.0,46,"{'value': 1, 'displayName': 'FirstHalf'}","{'value': 1, 'displayName': 'Pass'}","{'value': 1, 'displayName': 'Successful'}","[{'type': {'value': 56, 'displayName': 'Zone'}, 'value': 'Back'}, {'type': {'value': 213, 'displayName': 'Angle'}, 'value': '3.6'}, {'type': {'value': 140, 'displayName': 'PassEndX'}, 'value': '30.3'}, {'type': {'value': 107, 'displayName': 'ThrowIn'}}, {'type': {'value': 212, 'displayName': 'Length'}, 'value': '10.3'}, {'type': {'value': 141, 'displayName': 'PassEndY'}, 'value': '95.2'}]","[91, 212, 35, 38, 215]",True,355401.0,30.3,95.2,,,,,,,,,
2465851781.0,418,46,4.0,161,28.1,82.7,46,"{'value': 1, 'displayName': 'FirstHalf'}","{'value': 1, 'displayName': 'Pass'}","{'value': 1, 'displayName': 'Successful'}","[{'type': {'value': 212, 'displayName': 'Length'}, 'value': '21.0'}, {'type': {'value': 213, 'displayName': 'Angle'}, 'value': '4.5'}, {'type': {'value': 141, 'displayName': 'PassEndY'}, 'value': '52.7'}, {'type': {'value': 56, 'displayName': 'Zone'}, 'value': 'Back'}, {'type': {'value': 140, 'displayName': 'PassEndX'}, 'value': '23.2'}, {'type': {'value': 178, 'displayName': 'StandingSave'}}]","[91, 117, 30, 35, 38, 215, 218]",True,368310.0,23.2,52.7,,,,,,,,,
2465851869.0,419,46,7.0,161,23.9,52.2,46,"{'value': 1, 'displayName': 'FirstHalf'}","{'value': 1, 'displayName': 'Pass'}","{'value': 1, 'displayName': 'Successful'}","[{'type': {'value': 178, 'displayName': 'StandingSave'}}, {'type': {'value': 140, 'displayName': 'PassEndX'}, 'value': '35.2'}, {'type': {'value': 141, 'displayName': 'PassEndY'}, 'value': '26.5'}, {'type': {'value': 56, 'displayName': 'Zone'}, 'value': 'Back'}, {'type': {'value': 213, 'displayName': 'Angle'}, 'value': '5.3'}, {'type': {'value': 212, 'displayName': 'Length'}, 'value': '21.1'}]","[91, 117, 30, 36, 38, 216, 218]",True,238244.0,35.2,26.5,,,,,,,,,
2465851951.0,420,46,12.0,161,39.3,22.8,46,"{'value': 1, 'displayName': 'FirstHalf'}","{'value': 1, 'displayName': 'Pass'}","{'value': 1, 'displayName': 'Successful'}","[{'type': {'value': 178, 'displayName': 'StandingSave'}}, {'type': {'value': 141, 'displayName': 'PassEndY'}, 'value': '24.4'}, {'type': {'value': 213, 'displayName': 'Angle'}, 'value': '0.1'}, {'type': {'value': 140, 'displayName': 'PassEndX'}, 'value': '58.2'}, {'type': {'value': 212, 'displayName': 'Length'}, 'value': '19.9'}, {'type': {'value': 56, 'displayName': 'Zone'}, 'value': 'Center'}]","[91, 119, 117, 30, 36, 37, 216, 218]",True,115917.0,58.2,24.4,,,,,,,,,
2465851971.0,421,46,15.0,161,56.7,30.1,46,"{'value': 1, 'displayName': 'FirstHalf'}","{'value': 1, 'displayName': 'Pass'}","{'value': 0, 'displayName': 'Unsuccessful'}","[{'type': {'value': 56, 'displayName': 'Zone'}, 'value': 'Center'}, {'type': {'value': 213, 'displayName': 'Angle'}, 'value': '6.1'}, {'type': {'value': 140, 'displayName': 'PassEndX'}, 'value': '72.8'}, {'type': {'value': 178, 'displayName': 'StandingSave'}}, {'type': {'value': 212, 'displayName': 'Length'}, 'value': '17.2'}, {'type': {'value': 141, 'displayName': 'PassEndY'}, 'value': '25.6'}]","[91, 120, 29, 36, 38, 217, 218]",True,300513.0,72.8,25.6,,,,,,,,,
2465851975.0,312,46,16.0,29,35.5,80.7,46,"{'value': 1, 'displayName': 'FirstHalf'}","{'value': 49, 'displayName': 'BallRecovery'}","{'value': 1, 'displayName': 'Successful'}",[],[93],False,332325.0,,,,,,,,,,,
2465852063.0,313,46,18.0,29,38.1,80.1,46,"{'value': 1, 'displayName': 'FirstHalf'}","{'value': 1, 'displayName': 'Pass'}","{'value': 1, 'displayName': 'Successful'}","[{'type': {'value': 141, 'displayName': 'PassEndY'}, 'value': '76.1'}, {'type': {'value': 178, 'displayName': 'StandingSave'}}, {'type': {'value': 56, 'displayName': 'Zone'}, 'value': 'Center'}, {'type': {'value': 140, 'displayName': 'PassEndX'}, 'value': '57.9'}, {'type': {'value': 213, 'displayName': 'Angle'}, 'value': '6.2'}, {'type': {'value': 212, 'displayName': 'Length'}, 'value': '21.0'}]","[91, 119, 117, 30, 36, 38, 216, 218]",True,332325.0,57.9,76.1,,,,,,,,,
2465852189.0,314,46,21.0,29,58.4,71.9,46,"{'value': 1, 'displayName': 'FirstHalf'}","{'value': 1, 'displayName': 'Pass'}","{'value': 1, 'displayName': 'Successful'}","[{'type': {'value': 140, 'displayName': 'PassEndX'}, 'value': '66.4'}, {'type': {'value': 213, 'displayName': 'Angle'}, 'value': '5.0'}, {'type': {'value': 56, 'displayName': 'Zone'}, 'value': 'Center'}, {'type': {'value': 141, 'displayName': 'PassEndY'}, 'value': '33.2'}, {'type': {'value': 210, 'displayName': 'ShotAssist'}, 'value': '15'}, {'type': {'value': 178, 'displayName': 'StandingSave'}}, {'type': {'value': 212, 'displayName': 'Length'}, 'value': '27.6'}, {'type': {'value': 11113, 'displayName': 'KeyPass'}}]","[91, 119, 117, 30, 123, 40, 46, 36, 38, 216, 218]",True,302650.0,66.4,33.2,,,,,,,,,
2465852195.0,315,46,26.0,29,88.6,37.7,46,"{'value': 1, 'displayName': 'FirstHalf'}","{'value': 15, 'displayName': 'SavedShot'}","{'value': 1, 'displayName': 'Successful'}","[{'type': {'value': 233, 'displayName': 'OppositeRelatedEvent'}, 'value': '422'}, {'type': {'value': 146, 'displayName': 'BlockedX'}, 'value': '90.1'}, {'type': {'value': 102, 'displayName': 'GoalMouthY'}, 'value': '49.2'}, {'type': {'value': 55, 'displayName': 'RelatedEventId'}, 'value': '314'}, {'type': {'value': 23, 'displayName': 'FastBreak'}}, {'type': {'value': 29, 'displayName': 'Assisted'}}, {'type': {'value': 103, 'displayName': 'GoalMouthZ'}, 'value': '19'}, {'type': {'value': 178, 'displayName': 'StandingSave'}}, {'type': {'value': 20, 'displayName': 'RightFoot'}}, {'type': {'value': 82, 'displayName': 'Blocked'}}, {'type': {'value': 17, 'displayName': 'BoxCentre'}}, {'type': {'value': 147, 'displayName': 'BlockedY'}, 'value': '39.2'}, {'type': {'value': 56, 'displayName': 'Zone'}, 'value': 'Center'}, {'type': {'value': 78, 'displayName': 'LowCentre'}}]","[91, 10, 1, 4, 11, 12]",True,322596.0,,,314.0,302650.0,90.1,39.2,19.0,49.2,True,,
2465852233.0,422,46,26.0,161,10.4,59.4,46,"{'value': 1, 'displayName': 'FirstHalf'}","{'value': 10, 'displayName': 'Save'}","{'value': 1, 'displayName': 'Successful'}","[{'type': {'value': 56, 'displayName': 'Zone'}, 'value': 'Back'}, {'type': {'value': 178, 'displayName': 'StandingSave'}}, {'type': {'value': 94, 'displayName': 'OutfielderBlock'}}, {'type': {'value': 233, 'displayName': 'OppositeRelatedEvent'}, 'value': '315'}]","[91, 58]",True,368310.0,,,,,,,,,,,
2466014903.0,732,46,42.0,29,98.0,14.4,46,"{'value': 1, 'displayName': 'FirstHalf'}","{'value': 3, 'displayName': 'TakeOn'}","{'value': 0, 'displayName': 'Unsuccessful'}","[{'type': {'value': 178, 'displayName': 'StandingSave'}}, {'type': {'value': 286, 'displayName': 'Offensive'}}, {'type': {'value': 56, 'displayName': 'Zone'}, 'value': 'Right'}]","[91, 53]",True,143595.0,,,,,,,,,,,
2465852641.0,316,46,44.0,29,95.2,12.3,46,"{'value': 1, 'displayName': 'FirstHalf'}","{'value': 4, 'displayName': 'Foul'}","{'value': 1, 'displayName': 'Successful'}","[{'type': {'value': 13, 'displayName': 'Foul'}}, {'type': {'value': 233, 'displayName': 'OppositeRelatedEvent'}, 'value': '424'}, {'type': {'value': 286, 'displayName': 'Offensive'}}, {'type': {'value': 56, 'displayName': 'Zone'}, 'value': 'Right'}]","[91, 63]",True,143595.0,,,,,,,,,,,
2465852685.0,424,46,44.0,161,4.8,87.7,46,"{'value': 1, 'displayName': 'FirstHalf'}","{'value': 4, 'displayName': 'Foul'}","{'value': 0, 'displayName': 'Unsuccessful'}","[{'type': {'value': 56, 'displayName': 'Zone'}, 'value': 'Back'}, {'type': {'value': 13, 'displayName': 'Foul'}}, {'type': {'value': 233, 'displayName': 'OppositeRelatedEvent'}, 'value': '316'}, {'type': {'value': 178, 'displayName': 'StandingSave'}}, {'type': {'value': 285, 'displayName': 'Defensive'}}]",[64],False,394933.0,,,,,,,,,,,
2465853543.0,317,47,37.0,29,97.6,10.6,47,"{'value': 1, 'displayName': 'FirstHalf'}","{'value': 1, 'displayName': 'Pass'}","{'value': 0, 'displayName': 'Unsuccessful'}","[{'type': {'value': 2, 'displayName': 'Cross'}}, {'type': {'value': 155, 'displayName': 'Chipped'}}, {'type': {'value': 213, 'displayName': 'Angle'}, 'value': '1.5'}, {'type': {'value': 212, 'displayName': 'Length'}, 'value': '42.9'}, {'type': {'value': 5, 'displayName': 'FreekickTaken'}}, {'type': {'value': 1, 'displayName': 'Longball'}}, {'type': {'value': 56, 'displayName': 'Zone'}, 'value': 'Center'}, {'type': {'value': 72, 'displayName': 'LeftFoot'}}, {'type': {'value': 140, 'displayName': 'PassEndX'}, 'value': '100.0'}, {'type': {'value': 178, 'displayName': 'StandingSave'}}, {'type': {'value': 141, 'displayName': 'PassEndY'}, 'value': '73.5'}]","[91, 138, 124, 126, 36, 37, 217, 218]",True,322596.0,100.0,73.5,,,,,,,,,
2465853883.0,427,47,50.0,161,2.3,40.2,47,"{'value': 1, 'displayName': 'FirstHalf'}","{'value': 1, 'displayName': 'Pass'}","{'value': 1, 'displayName': 'Successful'}","[{'type': {'value': 213, 'displayName': 'Angle'}, 'value': '5.5'}, {'type': {'value': 141, 'displayName': 'PassEndY'}, 'value': '30.1'}, {'type': {'value': 56, 'displayName': 'Zone'}, 'value': 'Back'}, {'type': {'value': 212, 'displayName': 'Length'}, 'value': '9.7'}, {'type': {'value': 140, 'displayName': 'PassEndX'}, 'value': '8.8'}, {'type': {'value': 124, 'displayName': 'GoalKick'}}]","[91, 117, 30, 36, 38, 215, 218]",True,122714.0,8.8,30.1,,,,,,,,,
2465853913.0,428,47,55.0,161,27.1,32.7,47,"{'value': 1, 'displayName': 'FirstHalf'}","{'value': 1, 'displayName': 'Pass'}","{'value': 1, 'displayName': 'Successful'}","[{'type': {'value': 140, 'displayName': 'PassEndX'}, 'value': '11.0'}, {'type': {'value': 178, 'displayName': 'StandingSave'}}, {'type': {'value': 141, 'displayName': 'PassEndY'}, 'value': '63.7'}, {'type': {'value': 213, 'displayName': 'Angle'}, 'value': '2.2'}, {'type': {'value': 212, 'displayName': 'Length'}, 'value': '27.0'}, {'type': {'value': 56, 'displayName': 'Zone'}, 'value': 'Back'}]","[91, 117, 30, 35, 37, 215, 218]",True,238244.0,11.0,63.7,,,,,,,,,
2465853927.0,429,47,58.0,161,11.5,64.0,47,"{'value': 1, 'displayName': 'FirstHalf'}","{'value': 1, 'displayName': 'Pass'}","{'value': 1, 'displayName': 'Successful'}","[{'type': {'value': 140, 'displayName': 'PassEndX'}, 'value': '14.1'}, {'type': {'value': 178, 'displayName': 'StandingSave'}}, {'type': {'value': 213, 'displayName': 'Angle'}, 'value': '4.9'}, {'type': {'value': 56, 'displayName': 'Zone'}, 'value': 'Back'}, {'type': {'value': 141, 'displayName': 'PassEndY'}, 'value': '41.3'}, {'type': {'value': 212, 'displayName': 'Length'}, 'value': '15.7'}]","[91, 117, 30, 36, 38, 215, 218]",True,368310.0,14.1,41.3,,,,,,,,,
2465853987.0,430,48,0.0,161,14.1,41.3,48,"{'value': 1, 'displayName': 'FirstHalf'}","{'value': 1, 'displayName': 'Pass'}","{'value': 1, 'displayName': 'Successful'}","[{'type': {'value': 140, 'displayName': 'PassEndX'}, 'value': '20.9'}, {'type': {'value': 213, 'displayName': 'Angle'}, 'value': '1.2'}, {'type': {'value': 56, 'displayName': 'Zone'}, 'value': 'Back'}, {'type': {'value': 212, 'displayName': 'Length'}, 'value': '21.3'}, {'type': {'value': 178, 'displayName': 'StandingSave'}}, {'type': {'value': 141, 'displayName': 'PassEndY'}, 'value': '70.8'}]","[91, 117, 30, 36, 37, 215, 218]",True,238244.0,20.9,70.8,,,,,,,,,
2465854049.0,431,48,5.0,161,28.0,71.2,48,"{'value': 1, 'displayName': 'FirstHalf'}","{'value': 1, 'displayName': 'Pass'}","{'value': 0, 'displayName': 'Unsuccessful'}","[{'type': {'value': 155, 'displayName': 'Chipped'}}, {'type': {'value': 212, 'displayName': 'Length'}, 'value': '65.1'}, {'type': {'value': 56, 'displayName': 'Zone'}, 'value': 'Center'}, {'type': {'value': 1, 'displayName': 'Longball'}}, {'type': {'value': 213, 'displayName': 'Angle'}, 'value': '6.2'}, {'type': {'value': 140, 'displayName': 'PassEndX'}, 'value': '89.6'}, {'type': {'value': 141, 'displayName': 'PassEndY'}, 'value': '60.6'}, {'type': {'value': 178, 'displayName': 'StandingSave'}}]","[91, 120, 124, 128, 36, 38, 217, 218]",True,368310.0,89.6,60.6,,,,,,,,,
2465854079.0,319,48,10.0,29,10.0,35.9,48,"{'value': 1, 'displayName': 'FirstHalf'}","{'value': 52, 'displayName': 'KeeperPickup'}","{'value': 1, 'displayName': 'Successful'}","[{'type': {'value': 178, 'displayName': 'StandingSave'}}]",[93],False,20973.0,,,,,,,,,,,
2465854137.0,320,48,12.0,29,13.8,35.9,48,"{'value': 1, 'displayName': 'FirstHalf'}","{'value': 1, 'displayName': 'Pass'}","{'value': 1, 'displayName': 'Successful'}","[{'type': {'value': 213, 'displayName': 'Angle'}, 'value': '5.6'}, {'type': {'value': 1, 'displayName': 'Longball'}}, {'type': {'value': 178, 'displayName': 'StandingSave'}}, {'type': {'value': 123, 'displayName': 'KeeperThrow'}}, {'type': {'value': 140, 'displayName': 'PassEndX'}, 'value': '38.9'}, {'type': {'value': 212, 'displayName': 'Length'}, 'value': '32.8'}, {'type': {'value': 56, 'displayName': 'Zone'}, 'value': 'Back'}, {'type': {'value': 141, 'displayName': 'PassEndY'}, 'value': '7.3'}]","[91, 36, 38, 216, 218]",True,20973.0,38.9,7.3,,,,,,,,,
2465854237.0,321,48,19.0,29,38.6,5.3,48,"{'value': 1, 'displayName': 'FirstHalf'}","{'value': 1, 'displayName': 'Pass'}","{'value': 1, 'displayName': 'Successful'}","[{'type': {'value': 212, 'displayName': 'Length'}, 'value': '18.4'}, {'type': {'value': 213, 'displayName': 'Angle'}, 'value': '2.7'}, {'type': {'value': 56, 'displayName': 'Zone'}, 'value': 'Back'}, {'type': {'value': 141, 'displayName': 'PassEndY'}, 'value': '16.1'}, {'type': {'value': 178, 'displayName': 'StandingSave'}}, {'type': {'value': 140, 'displayName': 'PassEndX'}, 'value': '22.5'}]","[91, 117, 30, 35, 37, 215, 218]",True,255167.0,22.5,16.1,,,,,,,,,
2465854309.0,322,48,21.0,29,21.8,19.9,48,"{'value': 1, 'displayName': 'FirstHalf'}","{'value': 1, 'displayName': 'Pass'}","{'value': 1, 'displayName': 'Successful'}","[{'type': {'value': 213, 'displayName': 'Angle'}, 'value': '2.2'}, {'type': {'value': 141, 'displayName': 'PassEndY'}, 'value': '48.8'}, {'type': {'value': 56, 'displayName': 'Zone'}, 'value': 'Back'}, {'type': {'value': 212, 'displayName': 'Length'}, 'value': '23.8'}, {'type': {'value': 140, 'displayName': 'PassEndX'}, 'value': '9.0'}, {'type': {'value': 178, 'displayName': 'StandingSave'}}]","[91, 117, 30, 35, 37, 215, 218]",True,73063.0,9.0,48.8,,,,,,,,,
2465854377.0,323,48,25.0,29,14.0,46.6,48,"{'value': 1, 'displayName': 'FirstHalf'}","{'value': 1, 'displayName': 'Pass'}","{'value': 1, 'displayName': 'Successful'}","[{'type': {'value': 56, 'displayName': 'Zone'}, 'value': 'Left'}, {'type': {'value': 213, 'displayName': 'Angle'}, 'value': '0.7'}, {'type': {'value': 155, 'displayName': 'Chipped'}}, {'type': {'value': 140, 'displayName': 'PassEndX'}, 'value': '52.8'}, {'type': {'value': 1, 'displayName': 'Longball'}}, {'type': {'value': 212, 'displayName': 'Length'}, 'value': '53.3'}, {'type': {'value': 141, 'displayName': 'PassEndY'}, 'value': '97.2'}, {'type': {'value': 178, 'displayName': 'StandingSave'}}]","[91, 119, 117, 124, 127, 36, 37, 216, 218]",True,20973.0,52.8,97.2,,,,,,,,,
2465854399.0,324,48,28.0,29,53.2,95.1,48,"{'value': 1, 'displayName': 'FirstHalf'}","{'value': 44, 'displayName': 'Aerial'}","{'value': 1, 'displayName': 'Successful'}","[{'type': {'value': 233, 'displayName': 'OppositeRelatedEvent'}, 'value': '432'}, {'type': {'value': 56, 'displayName': 'Zone'}, 'value': 'Left'}, {'type': {'value': 286, 'displayName': 'Offensive'}}]","[197, 199]",False,68049.0,,,,,,,,,,,
2465854389.0,432,48,28.0,161,46.8,4.9,48,"{'value': 1, 'displayName': 'FirstHalf'}","{'value': 44, 'displayName': 'Aerial'}","{'value': 0, 'displayName': 'Unsuccessful'}","[{'type': {'value': 56, 'displayName': 'Zone'}, 'value': 'Back'}, {'type': {'value': 233, 'displayName': 'OppositeRelatedEvent'}, 'value': '324'}, {'type': {'value': 285, 'displayName': 'Defensive'}}]","[198, 200]",False,296363.0,,,,,,,,,,,
2465854443.0,325,48,28.0,29,52.8,97.2,48,"{'value': 1, 'displayName': 'FirstHalf'}","{'value': 1, 'displayName': 'Pass'}","{'value': 0, 'displayName': 'Unsuccessful'}","[{'type': {'value': 3, 'displayName': 'HeadPass'}}, {'type': {'value': 56, 'displayName': 'Zone'}, 'value': 'Left'}, {'type': {'value': 213, 'displayName': 'Angle'}, 'value': '6.2'}, {'type': {'value': 141, 'displayName': 'PassEndY'}, 'value': '92.9'}, {'type': {'value': 140, 'displayName': 'PassEndX'}, 'value': '74.4'}, {'type': {'value': 212, 'displayName': 'Length'}, 'value': '22.9'}]","[91, 120, 29, 139, 36, 38, 217, 218]",True,68049.0,74.4,92.9,,,,,,,,,
2465854425.0,433,48,32.0,161,34.7,10.4,48,"{'value': 1, 'displayName': 'FirstHalf'}","{'value': 49, 'displayName': 'BallRecovery'}","{'value': 1, 'displayName': 'Successful'}",[],[93],False,115917.0,,,,,,,,,,,
2465854461.0,434,48,32.0,161,32.9,14.6,48,"{'value': 1, 'displayName': 'FirstHalf'}","{'value': 1, 'displayName': 'Pass'}","{'value': 1, 'displayName': 'Successful'}","[{'type': {'value': 140, 'displayName': 'PassEndX'}, 'value': '26.7'}, {'type': {'value': 212, 'displayName': 'Length'}, 'value': '11.5'}, {'type': {'value': 141, 'displayName': 'PassEndY'}, 'value': '28.5'}, {'type': {'value': 213, 'displayName': 'Angle'}, 'value': '2.2'}, {'type': {'value': 178, 'displayName': 'StandingSave'}}, {'type': {'value': 56, 'displayName': 'Zone'}, 'value': 'Back'}]","[91, 117, 30, 35, 37, 215, 218]",True,115917.0,26.7,28.5,,,,,,,,,
2465854573.0,435,48,34.0,161,26.7,28.5,48,"{'value': 1, 'displayName': 'FirstHalf'}","{'value': 1, 'displayName': 'Pass'}","{'value': 1, 'displayName': 'Successful'}","[{'type': {'value': 212, 'displayName': 'Length'}, 'value': '14.3'}, {'type': {'value': 178, 'displayName': 'StandingSave'}}, {'type': {'value': 140, 'displayName': 'PassEndX'}, 'value': '39.3'}, {'type': {'value': 141, 'displayName': 'PassEndY'}, 'value': '20.7'}, {'type': {'value': 56, 'displayName': 'Zone'}, 'value': 'Back'}, {'type': {'value': 213, 'displayName': 'Angle'}, 'value': '5.9'}]","[91, 117, 30, 36, 38, 216, 218]",True,238244.0,39.3,20.7,,,,,,,,,
2465854615.0,436,48,42.0,161,48.6,23.0,48,"{'value': 1, 'displayName': 'FirstHalf'}","{'value': 1, 'displayName': 'Pass'}","{'value': 1, 'displayName': 'Successful'}","[{'type': {'value': 141, 'displayName': 'PassEndY'}, 'value': '30.0'}, {'type': {'value': 213, 'displayName': 'Angle'}, 'value': '2.8'}, {'type': {'value': 178, 'displayName': 'StandingSave'}}, {'type': {'value': 56, 'displayName': 'Zone'}, 'value': 'Back'}, {'type': {'value': 212, 'displayName': 'Length'}, 'value': '14.2'}, {'type': {'value': 140, 'displayName': 'PassEndX'}, 'value': '35.9'}]","[91, 117, 30, 35, 37, 216, 218]",True,296363.0,35.9,30.0,,,,,,,,,
2465854681.0,437,48,45.0,161,42.5,28.9,48,"{'value': 1, 'displayName': 'FirstHalf'}","{'value': 1, 'displayName': 'Pass'}","{'value': 1, 'displayName': 'Successful'}","[{'type': {'value': 141, 'displayName': 'PassEndY'}, 'value': '32.7'}, {'type': {'value': 213, 'displayName': 'Angle'}, 'value': '0.4'}, {'type': {'value': 212, 'displayName': 'Length'}, 'value': '7.5'}, {'type': {'value': 178, 'displayName': 'StandingSave'}}, {'type': {'value': 140, 'displayName': 'PassEndX'}, 'value': '49.2'}, {'type': {'value': 56, 'displayName': 'Zone'}, 'value': 'Back'}]","[91, 117, 30, 36, 37, 216, 218]",True,16161.0,49.2,32.7,,,,,,,,,
2465854697.0,438,48,46.0,161,49.1,33.0,48,"{'value': 1, 'displayName': 'FirstHalf'}","{'value': 1, 'displayName': 'Pass'}","{'value': 1, 'displayName': 'Successful'}","[{'type': {'value': 141, 'displayName': 'PassEndY'}, 'value': '38.0'}, {'type': {'value': 140, 'displayName': 'PassEndX'}, 'value': '37.6'}, {'type': {'value': 178, 'displayName': 'StandingSave'}}, {'type': {'value': 212, 'displayName': 'Length'}, 'value': '12.5'}, {'type': {'value': 213, 'displayName': 'Angle'}, 'value': '2.9'}, {'type': {'value': 56, 'displayName': 'Zone'}, 'value': 'Back'}]","[91, 117, 30, 35, 37, 216, 218]",True,296363.0,37.6,38.0,,,,,,,,,
2465854783.0,439,48,48.0,161,38.2,40.4,48,"{'value': 1, 'displayName': 'FirstHalf'}","{'value': 1, 'displayName': 'Pass'}","{'value': 1, 'displayName': 'Successful'}","[{'type': {'value': 1, 'displayName': 'Longball'}}, {'type': {'value': 178, 'displayName': 'StandingSave'}}, {'type': {'value': 56, 'displayName': 'Zone'}, 'value': 'Left'}, {'type': {'value': 141, 'displayName': 'PassEndY'}, 'value': '94.0'}, {'type': {'value': 155, 'displayName': 'Chipped'}}, {'type': {'value': 140, 'displayName': 'PassEndX'}, 'value': '70.1'}, {'type': {'value': 212, 'displayName': 'Length'}, 'value': '49.5'}, {'type': {'value': 213, 'displayName': 'Angle'}, 'value': '0.8'}]","[91, 119, 117, 124, 127, 205, 36, 37, 217, 218]",True,238244.0,70.1,94.0,,,,,,,,,
2465854819.0,440,48,51.0,161,76.2,94.7,48,"{'value': 1, 'displayName': 'FirstHalf'}","{'value': 1, 'displayName': 'Pass'}","{'value': 1, 'displayName': 'Successful'}","[{'type': {'value': 178, 'displayName': 'StandingSave'}}, {'type': {'value': 212, 'displayName': 'Length'}, 'value': '24.9'}, {'type': {'value': 213, 'displayName': 'Angle'}, 'value': '5.7'}, {'type': {'value': 140, 'displayName': 'PassEndX'}, 'value': '96.5'}, {'type': {'value': 56, 'displayName': 'Zone'}, 'value': 'Center'}, {'type': {'value': 141, 'displayName': 'PassEndY'}, 'value': '75.9'}]","[91, 119, 117, 30, 205, 36, 38, 217, 218]",True,355401.0,96.5,75.9,,,,,,,,,
2465854827.0,441,48,54.0,161,95.3,74.2,48,"{'value': 1, 'displayName': 'FirstHalf'}","{'value': 1, 'displayName': 'Pass'}","{'value': 0, 'displayName': 'Unsuccessful'}","[{'type': {'value': 140, 'displayName': 'PassEndX'}, 'value': '95.6'}, {'type': {'value': 233, 'displayName': 'OppositeRelatedEvent'}, 'value': '326'}, {'type': {'value': 141, 'displayName': 'PassEndY'}, 'value': '70.9'}, {'type': {'value': 56, 'displayName': 'Zone'}, 'value': 'Center'}, {'type': {'value': 286, 'displayName': 'Offensive'}}, {'type': {'value': 178, 'displayName': 'StandingSave'}}, {'type': {'value': 213, 'displayName': 'Angle'}, 'value': '4.9'}, {'type': {'value': 212, 'displayName': 'Length'}, 'value': '2.3'}]","[91, 120, 29, 36, 38, 217, 218]",True,140088.0,95.6,70.9,,,,,,,,,
2465854837.0,326,48,54.0,29,4.1,33.2,48,"{'value': 1, 'displayName': 'FirstHalf'}","{'value': 74, 'displayName': 'BlockedPass'}","{'value': 1, 'displayName': 'Successful'}","[{'type': {'value': 233, 'displayName': 'OppositeRelatedEvent'}, 'value': '441'}, {'type': {'value': 56, 'displayName': 'Zone'}, 'value': 'Back'}, {'type': {'value': 285, 'displayName': 'Defensive'}}]","[91, 60]",True,73063.0,,,,,,,,,,,
2465854843.0,442,48,54.0,161,96.6,72.1,48,"{'value': 1, 'displayName': 'FirstHalf'}","{'value': 61, 'displayName': 'BallTouch'}","{'value': 1, 'displayName': 'Successful'}","[{'type': {'value': 56, 'displayName': 'Zone'}, 'value': 'Center'}, {'type': {'value': 178, 'displayName': 'StandingSave'}}]",[91],True,140088.0,,,,,,,,,,,
2465855091.0,328,49,10.0,29,0.0,0.0,49,"{'value': 1, 'displayName': 'FirstHalf'}","{'value': 30, 'displayName': 'End'}","{'value': 1, 'displayName': 'Successful'}",[],[],False,,,,,,,,,,,,
2465855083.0,444,49,10.0,161,0.0,0.0,49,"{'value': 1, 'displayName': 'FirstHalf'}","{'value': 30, 'displayName': 'End'}","{'value': 1, 'displayName': 'Successful'}",[],[],False,,,,,,,,,,,,
2465870755.0,329,45,0.0,29,0.0,0.0,50,"{'value': 2, 'displayName': 'SecondHalf'}","{'value': 32, 'displayName': 'Start'}","{'value': 1, 'displayName': 'Successful'}",[],[],False,,,,,,,,,,,,
2465870767.0,445,45,0.0,161,0.0,0.0,50,"{'value': 2, 'displayName': 'SecondHalf'}","{'value': 32, 'displayName': 'Start'}","{'value': 1, 'displayName': 'Successful'}",[],[],False,,,,,,,,,,,,
2465870867.0,446,45,0.0,161,49.7,49.9,50,"{'value': 2, 'displayName': 'SecondHalf'}","{'value': 1, 'displayName': 'Pass'}","{'value': 0, 'displayName': 'Unsuccessful'}","[{'type': {'value': 140, 'displayName': 'PassEndX'}, 'value': '27.6'}, {'type': {'value': 141, 'displayName': 'PassEndY'}, 'value': '45.2'}, {'type': {'value': 56, 'displayName': 'Zone'}, 'value': 'Back'}, {'type': {'value': 178, 'displayName': 'StandingSave'}}, {'type': {'value': 213, 'displayName': 'Angle'}, 'value': '3.3'}, {'type': {'value': 212, 'displayName': 'Length'}, 'value': '23.4'}]","[91, 118, 120, 29, 35, 38, 215, 218]",True,16161.0,27.6,45.2,,,,,,,,,
2465870905.0,447,45,3.0,161,27.6,45.2,50,"{'value': 2, 'displayName': 'SecondHalf'}","{'value': 1, 'displayName': 'Pass'}","{'value': 0, 'displayName': 'Unsuccessful'}","[{'type': {'value': 213, 'displayName': 'Angle'}, 'value': '6.0'}, {'type': {'value': 178, 'displayName': 'StandingSave'}}, {'type': {'value': 212, 'displayName': 'Length'}, 'value': '46.5'}, {'type': {'value': 1, 'displayName': 'Longball'}}, {'type': {'value': 56, 'displayName': 'Zone'}, 'value': 'Center'}, {'type': {'value': 140, 'displayName': 'PassEndX'}, 'value': '69.8'}, {'type': {'value': 155, 'displayName': 'Chipped'}}, {'type': {'value': 141, 'displayName': 'PassEndY'}, 'value': '24.7'}]","[91, 120, 124, 128, 36, 38, 217, 218]",True,368310.0,69.8,24.7,,,,,,,,,
2465870889.0,330,45,6.0,29,29.2,74.4,50,"{'value': 2, 'displayName': 'SecondHalf'}","{'value': 44, 'displayName': 'Aerial'}","{'value': 1, 'displayName': 'Successful'}","[{'type': {'value': 233, 'displayName': 'OppositeRelatedEvent'}, 'value': '448'}, {'type': {'value': 285, 'displayName': 'Defensive'}}, {'type': {'value': 56, 'displayName': 'Zone'}, 'value': 'Back'}]","[197, 200]",False,332325.0,,,,,,,,,,,
2465870911.0,448,45,6.0,161,70.8,25.6,50,"{'value': 2, 'displayName': 'SecondHalf'}","{'value': 44, 'displayName': 'Aerial'}","{'value': 0, 'displayName': 'Unsuccessful'}","[{'type': {'value': 56, 'displayName': 'Zone'}, 'value': 'Center'}, {'type': {'value': 233, 'displayName': 'OppositeRelatedEvent'}, 'value': '330'}, {'type': {'value': 286, 'displayName': 'Offensive'}}]","[198, 199]",False,394933.0,,,,,,,,,,,
2465871799.0,338,45,6.0,29,26.1,73.8,50,"{'value': 2, 'displayName': 'SecondHalf'}","{'value': 1, 'displayName': 'Pass'}","{'value': 0, 'displayName': 'Unsuccessful'}","[{'type': {'value': 140, 'displayName': 'PassEndX'}, 'value': '26.6'}, {'type': {'value': 56, 'displayName': 'Zone'}, 'value': 'Back'}, {'type': {'value': 141, 'displayName': 'PassEndY'}, 'value': '76.5'}, {'type': {'value': 3, 'displayName': 'HeadPass'}}, {'type': {'value': 213, 'displayName': 'Angle'}, 'value': '1.3'}, {'type': {'value': 212, 'displayName': 'Length'}, 'value': '1.9'}]","[91, 118, 120, 29, 139, 36, 37, 215, 218]",True,332325.0,26.6,76.5,,,,,,,,,
2465870935.0,449,45,6.0,161,69.8,24.7,50,"{'value': 2, 'displayName': 'SecondHalf'}","{'value': 61, 'displayName': 'BallTouch'}","{'value': 1, 'displayName': 'Successful'}","[{'type': {'value': 15, 'displayName': 'Head'}}, {'type': {'value': 56, 'displayName': 'Zone'}, 'value': 'Center'}]",[91],True,394933.0,,,,,,,,,,,
2465870943.0,331,45,7.0,29,23.4,67.8,50,"{'value': 2, 'displayName': 'SecondHalf'}","{'value': 1, 'displayName': 'Pass'}","{'value': 0, 'displayName': 'Unsuccessful'}","[{'type': {'value': 141, 'displayName': 'PassEndY'}, 'value': '100.0'}, {'type': {'value': 212, 'displayName': 'Length'}, 'value': '25.6'}, {'type': {'value': 178, 'displayName': 'StandingSave'}}, {'type': {'value': 56, 'displayName': 'Zone'}, 'value': 'Back'}, {'type': {'value': 1, 'displayName': 'Longball'}}, {'type': {'value': 140, 'displayName': 'PassEndX'}, 'value': '35.2'}, {'type': {'value': 213, 'displayName': 'Angle'}, 'value': '1.1'}]","[91, 118, 120, 128, 36, 37, 216, 218]",True,106086.0,35.2,100.0,,,,,,,,,
2465871335.0,451,45,27.0,161,63.1,0.0,50,"{'value': 2, 'displayName': 'SecondHalf'}","{'value': 1, 'displayName': 'Pass'}","{'value': 0, 'displayName': 'Unsuccessful'}","[{'type': {'value': 212, 'displayName': 'Length'}, 'value': '17.1'}, {'type': {'value': 140, 'displayName': 'PassEndX'}, 'value': '77.0'}, {'type': {'value': 56, 'displayName': 'Zone'}, 'value': 'Right'}, {'type': {'value': 141, 'displayName': 'PassEndY'}, 'value': '12.2'}, {'type': {'value': 213, 'displayName': 'Angle'}, 'value': '0.5'}, {'type': {'value': 107, 'displayName': 'ThrowIn'}}]","[91, 212, 36, 37, 217]",True,115917.0,77.0,12.2,,,,,,,,,
2465871341.0,333,45,28.0,29,22.6,91.9,50,"{'value': 2, 'displayName': 'SecondHalf'}","{'value': 8, 'displayName': 'Interception'}","{'value': 1, 'displayName': 'Successful'}","[{'type': {'value': 178, 'displayName': 'StandingSave'}}, {'type': {'value': 56, 'displayName': 'Zone'}, 'value': 'Back'}]","[91, 101, 56]",True,68049.0,,,,,,,,,,,
2465871379.0,334,45,31.0,29,33.2,90.2,50,"{'value': 2, 'displayName': 'SecondHalf'}","{'value': 50, 'displayName': 'Dispossessed'}","{'value': 1, 'displayName': 'Successful'}","[{'type': {'value': 285, 'displayName': 'Defensive'}}, {'type': {'value': 56, 'displayName': 'Zone'}, 'value': 'Back'}, {'type': {'value': 233, 'displayName': 'OppositeRelatedEvent'}, 'value': '452'}]","[91, 70]",True,319756.0,,,,,,,,,,,
2465871435.0,452,45,31.0,161,66.8,9.8,50,"{'value': 2, 'displayName': 'SecondHalf'}","{'value': 7, 'displayName': 'Tackle'}","{'value': 1, 'displayName': 'Successful'}","[{'type': {'value': 286, 'displayName': 'Offensive'}}, {'type': {'value': 178, 'displayName': 'StandingSave'}}, {'type': {'value': 233, 'displayName': 'OppositeRelatedEvent'}, 'value': '334'}, {'type': {'value': 56, 'displayName': 'Zone'}, 'value': 'Right'}]","[91, 143]",True,16161.0,,,,,,,,,,,
2465871447.0,453,45,33.0,161,65.6,12.8,50,"{'value': 2, 'displayName': 'SecondHalf'}","{'value': 61, 'displayName': 'BallTouch'}","{'value': 0, 'displayName': 'Unsuccessful'}","[{'type': {'value': 178, 'displayName': 'StandingSave'}}, {'type': {'value': 56, 'displayName': 'Zone'}, 'value': 'Right'}]","[91, 69]",True,247995.0,,,,,,,,,,,
2465871441.0,335,45,34.0,29,27.1,91.1,50,"{'value': 2, 'displayName': 'SecondHalf'}","{'value': 49, 'displayName': 'BallRecovery'}","{'value': 1, 'displayName': 'Successful'}",[],[93],False,319756.0,,,,,,,,,,,
2465871473.0,336,45,34.0,29,27.1,91.1,50,"{'value': 2, 'displayName': 'SecondHalf'}","{'value': 1, 'displayName': 'Pass'}","{'value': 1, 'displayName': 'Successful'}","[{'type': {'value': 140, 'displayName': 'PassEndX'}, 'value': '19.1'}, {'type': {'value': 56, 'displayName': 'Zone'}, 'value': 'Back'}, {'type': {'value': 141, 'displayName': 'PassEndY'}, 'value': '92.6'}, {'type': {'value': 213, 'displayName': 'Angle'}, 'value': '3.0'}, {'type': {'value': 178, 'displayName': 'StandingSave'}}, {'type': {'value': 212, 'displayName': 'Length'}, 'value': '8.5'}]","[91, 117, 30, 35, 37, 215, 218]",True,319756.0,19.1,92.6,,,,,,,,,
2465871495.0,337,45,35.0,29,19.1,92.6,50,"{'value': 2, 'displayName': 'SecondHalf'}","{'value': 1, 'displayName': 'Pass'}","{'value': 0, 'displayName': 'Unsuccessful'}","[{'type': {'value': 212, 'displayName': 'Length'}, 'value': '39.1'}, {'type': {'value': 155, 'displayName': 'Chipped'}}, {'type': {'value': 178, 'displayName': 'StandingSave'}}, {'type': {'value': 213, 'displayName': 'Angle'}, 'value': '6.1'}, {'type': {'value': 141, 'displayName': 'PassEndY'}, 'value': '84.3'}, {'type': {'value': 56, 'displayName': 'Zone'}, 'value': 'Left'}, {'type': {'value': 140, 'displayName': 'PassEndX'}, 'value': '55.9'}, {'type': {'value': 1, 'displayName': 'Longball'}}]","[91, 120, 124, 128, 36, 38, 216, 218]",True,68049.0,55.9,84.3,,,,,,,,,
2465871481.0,454,45,35.0,161,65.6,12.8,50,"{'value': 2, 'displayName': 'SecondHalf'}","{'value': 61, 'displayName': 'BallTouch'}","{'value': 1, 'displayName': 'Successful'}","[{'type': {'value': 178, 'displayName': 'StandingSave'}}, {'type': {'value': 56, 'displayName': 'Zone'}, 'value': 'Right'}]",[91],True,296363.0,,,,,,,,,,,
2465871505.0,455,45,38.0,161,42.1,24.0,50,"{'value': 2, 'displayName': 'SecondHalf'}","{'value': 49, 'displayName': 'BallRecovery'}","{'value': 1, 'displayName': 'Successful'}",[],[93],False,238244.0,,,,,,,,,,,
2465871655.0,456,45,40.0,161,42.3,26.8,50,"{'value': 2, 'displayName': 'SecondHalf'}","{'value': 1, 'displayName': 'Pass'}","{'value': 1, 'displayName': 'Successful'}","[{'type': {'value': 140, 'displayName': 'PassEndX'}, 'value': '43.7'}, {'type': {'value': 178, 'displayName': 'StandingSave'}}, {'type': {'value': 56, 'displayName': 'Zone'}, 'value': 'Back'}, {'type': {'value': 141, 'displayName': 'PassEndY'}, 'value': '55.8'}, {'type': {'value': 213, 'displayName': 'Angle'}, 'value': '1.5'}, {'type': {'value': 212, 'displayName': 'Length'}, 'value': '19.8'}]","[91, 117, 30, 36, 37, 216, 218]",True,238244.0,43.7,55.8,,,,,,,,,
2465871707.0,457,45,45.0,161,44.8,66.4,50,"{'value': 2, 'displayName': 'SecondHalf'}","{'value': 1, 'displayName': 'Pass'}","{'value': 1, 'displayName': 'Successful'}","[{'type': {'value': 212, 'displayName': 'Length'}, 'value': '11.6'}, {'type': {'value': 141, 'displayName': 'PassEndY'}, 'value': '49.9'}, {'type': {'value': 56, 'displayName': 'Zone'}, 'value': 'Back'}, {'type': {'value': 140, 'displayName': 'PassEndX'}, 'value': '42.0'}, {'type': {'value': 178, 'displayName': 'StandingSave'}}, {'type': {'value': 213, 'displayName': 'Angle'}, 'value': '4.5'}]","[91, 117, 30, 35, 38, 216, 218]",True,368310.0,42.0,49.9,,,,,,,,,
2465871735.0,458,45,47.0,161,39.1,46.3,50,"{'value': 2, 'displayName': 'SecondHalf'}","{'value': 1, 'displayName': 'Pass'}","{'value': 1, 'displayName': 'Successful'}","[{'type': {'value': 213, 'displayName': 'Angle'}, 'value': '5.0'}, {'type': {'value': 141, 'displayName': 'PassEndY'}, 'value': '16.8'}, {'type': {'value': 140, 'displayName': 'PassEndX'}, 'value': '45.7'}, {'type': {'value': 212, 'displayName': 'Length'}, 'value': '21.2'}, {'type': {'value': 178, 'displayName': 'StandingSave'}}, {'type': {'value': 56, 'displayName': 'Zone'}, 'value': 'Back'}]","[91, 117, 30, 36, 38, 216, 218]",True,238244.0,45.7,16.8,,,,,,,,,
2465871781.0,459,45,50.0,161,47.9,13.7,50,"{'value': 2, 'displayName': 'SecondHalf'}","{'value': 1, 'displayName': 'Pass'}","{'value': 1, 'displayName': 'Successful'}","[{'type': {'value': 178, 'displayName': 'StandingSave'}}, {'type': {'value': 212, 'displayName': 'Length'}, 'value': '16.6'}, {'type': {'value': 213, 'displayName': 'Angle'}, 'value': '0.0'}, {'type': {'value': 141, 'displayName': 'PassEndY'}, 'value': '14.5'}, {'type': {'value': 56, 'displayName': 'Zone'}, 'value': 'Right'}, {'type': {'value': 140, 'displayName': 'PassEndX'}, 'value': '63.7'}]","[91, 119, 117, 30, 36, 37, 216, 218]",True,115917.0,63.7,14.5,,,,,,,,,
2465871803.0,460,45,53.0,161,66.5,12.3,50,"{'value': 2, 'displayName': 'SecondHalf'}","{'value': 1, 'displayName': 'Pass'}","{'value': 1, 'displayName': 'Successful'}","[{'type': {'value': 140, 'displayName': 'PassEndX'}, 'value': '67.3'}, {'type': {'value': 141, 'displayName': 'PassEndY'}, 'value': '2.6'}, {'type': {'value': 178, 'displayName': 'StandingSave'}}, {'type': {'value': 212, 'displayName': 'Length'}, 'value': '6.6'}, {'type': {'value': 56, 'displayName': 'Zone'}, 'value': 'Right'}, {'type': {'value': 213, 'displayName': 'Angle'}, 'value': '4.8'}]","[91, 119, 117, 30, 205, 36, 38, 217, 218]",True,296363.0,67.3,2.6,,,,,,,,,
2465871853.0,461,45,54.0,161,67.3,2.6,50,"{'value': 2, 'displayName': 'SecondHalf'}","{'value': 1, 'displayName': 'Pass'}","{'value': 1, 'displayName': 'Successful'}","[{'type': {'value': 56, 'displayName': 'Zone'}, 'value': 'Right'}, {'type': {'value': 141, 'displayName': 'PassEndY'}, 'value': '13.8'}, {'type': {'value': 140, 'displayName': 'PassEndX'}, 'value': '55.0'}, {'type': {'value': 178, 'displayName': 'StandingSave'}}, {'type': {'value': 213, 'displayName': 'Angle'}, 'value': '2.6'}, {'type': {'value': 212, 'displayName': 'Length'}, 'value': '15.0'}]","[91, 119, 117, 30, 35, 37, 216, 218]",True,247995.0,55.0,13.8,,,,,,,,,
2465871913.0,462,45,56.0,161,58.2,12.2,50,"{'value': 2, 'displayName': 'SecondHalf'}","{'value': 1, 'displayName': 'Pass'}","{'value': 1, 'displayName': 'Successful'}","[{'type': {'value': 56, 'displayName': 'Zone'}, 'value': 'Center'}, {'type': {'value': 178, 'displayName': 'StandingSave'}}, {'type': {'value': 213, 'displayName': 'Angle'}, 'value': '1.6'}, {'type': {'value': 140, 'displayName': 'PassEndX'}, 'value': '57.6'}, {'type': {'value': 141, 'displayName': 'PassEndY'}, 'value': '34.0'}, {'type': {'value': 212, 'displayName': 'Length'}, 'value': '14.8'}]","[91, 119, 117, 30, 35, 37, 216, 218]",True,115917.0,57.6,34.0,,,,,,,,,
2465871985.0,463,45,58.0,161,58.8,34.5,50,"{'value': 2, 'displayName': 'SecondHalf'}","{'value': 1, 'displayName': 'Pass'}","{'value': 0, 'displayName': 'Unsuccessful'}","[{'type': {'value': 178, 'displayName': 'StandingSave'}}, {'type': {'value': 56, 'displayName': 'Zone'}, 'value': 'Left'}, {'type': {'value': 1, 'displayName': 'Longball'}}, {'type': {'value': 140, 'displayName': 'PassEndX'}, 'value': '83.3'}, {'type': {'value': 155, 'displayName': 'Chipped'}}, {'type': {'value': 213, 'displayName': 'Angle'}, 'value': '0.9'}, {'type': {'value': 141, 'displayName': 'PassEndY'}, 'value': '82.1'}, {'type': {'value': 212, 'displayName': 'Length'}, 'value': '41.3'}]","[91, 120, 124, 128, 36, 37, 217, 218]",True,16161.0,83.3,82.1,,,,,,,,,
2465871995.0,464,46,0.0,161,81.4,80.2,51,"{'value': 2, 'displayName': 'SecondHalf'}","{'value': 44, 'displayName': 'Aerial'}","{'value': 1, 'displayName': 'Successful'}","[{'type': {'value': 233, 'displayName': 'OppositeRelatedEvent'}, 'value': '339'}, {'type': {'value': 286, 'displayName': 'Offensive'}}, {'type': {'value': 56, 'displayName': 'Zone'}, 'value': 'Left'}]","[197, 199]",False,355401.0,,,,,,,,,,,
2465872005.0,339,46,0.0,29,18.6,19.8,51,"{'value': 2, 'displayName': 'SecondHalf'}","{'value': 44, 'displayName': 'Aerial'}","{'value': 0, 'displayName': 'Unsuccessful'}","[{'type': {'value': 285, 'displayName': 'Defensive'}}, {'type': {'value': 233, 'displayName': 'OppositeRelatedEvent'}, 'value': '464'}, {'type': {'value': 56, 'displayName': 'Zone'}, 'value': 'Back'}]","[198, 200]",False,322596.0,,,,,,,,,,,
2465872057.0,465,46,0.0,161,81.6,77.5,51,"{'value': 2, 'displayName': 'SecondHalf'}","{'value': 1, 'displayName': 'Pass'}","{'value': 1, 'displayName': 'Successful'}","[{'type': {'value': 212, 'displayName': 'Length'}, 'value': '16.3'}, {'type': {'value': 141, 'displayName': 'PassEndY'}, 'value': '54.4'}, {'type': {'value': 56, 'displayName': 'Zone'}, 'value': 'Center'}, {'type': {'value': 140, 'displayName': 'PassEndX'}, 'value': '77.5'}, {'type': {'value': 3, 'displayName': 'HeadPass'}}, {'type': {'value': 213, 'displayName': 'Angle'}, 'value': '4.4'}]","[91, 119, 117, 30, 139, 205, 35, 38, 217, 218]",True,355401.0,77.5,54.4,,,,,,,,,
2465872071.0,466,46,3.0,161,80.9,51.3,51,"{'value': 2, 'displayName': 'SecondHalf'}","{'value': 3, 'displayName': 'TakeOn'}","{'value': 0, 'displayName': 'Unsuccessful'}","[{'type': {'value': 56, 'displayName': 'Zone'}, 'value': 'Center'}, {'type': {'value': 178, 'displayName': 'StandingSave'}}, {'type': {'value': 286, 'displayName': 'Offensive'}}, {'type': {'value': 233, 'displayName': 'OppositeRelatedEvent'}, 'value': '340'}]","[91, 53]",True,300513.0,,,,,,,,,,,
2465872081.0,340,46,3.0,29,19.1,48.7,51,"{'value': 2, 'displayName': 'SecondHalf'}","{'value': 7, 'displayName': 'Tackle'}","{'value': 1, 'displayName': 'Successful'}","[{'type': {'value': 56, 'displayName': 'Zone'}, 'value': 'Back'}, {'type': {'value': 233, 'displayName': 'OppositeRelatedEvent'}, 'value': '466'}, {'type': {'value': 285, 'displayName': 'Defensive'}}, {'type': {'value': 178, 'displayName': 'StandingSave'}}]","[91, 143]",True,332325.0,,,,,,,,,,,
2465872093.0,341,46,4.0,29,22.6,46.1,51,"{'value': 2, 'displayName': 'SecondHalf'}","{'value': 49, 'displayName': 'BallRecovery'}","{'value': 1, 'displayName': 'Successful'}",[],[93],False,143595.0,,,,,,,,,,,
2465872201.0,342,46,4.0,29,22.6,46.1,51,"{'value': 2, 'displayName': 'SecondHalf'}","{'value': 1, 'displayName': 'Pass'}","{'value': 0, 'displayName': 'Unsuccessful'}","[{'type': {'value': 141, 'displayName': 'PassEndY'}, 'value': '80.7'}, {'type': {'value': 178, 'displayName': 'StandingSave'}}, {'type': {'value': 140, 'displayName': 'PassEndX'}, 'value': '48.0'}, {'type': {'value': 212, 'displayName': 'Length'}, 'value': '35.6'}, {'type': {'value': 56, 'displayName': 'Zone'}, 'value': 'Back'}, {'type': {'value': 1, 'displayName': 'Longball'}}, {'type': {'value': 213, 'displayName': 'Angle'}, 'value': '0.7'}, {'type': {'value': 155, 'displayName': 'Chipped'}}]","[91, 118, 120, 124, 128, 36, 37, 216, 218]",True,143595.0,48.0,80.7,,,,,,,,,
2465872183.0,467,46,8.0,161,51.9,22.2,51,"{'value': 2, 'displayName': 'SecondHalf'}","{'value': 49, 'displayName': 'BallRecovery'}","{'value': 1, 'displayName': 'Successful'}",[],[93],False,115917.0,,,,,,,,,,,
2465872227.0,468,46,8.0,161,52.1,20.3,51,"{'value': 2, 'displayName': 'SecondHalf'}","{'value': 1, 'displayName': 'Pass'}","{'value': 1, 'displayName': 'Successful'}","[{'type': {'value': 212, 'displayName': 'Length'}, 'value': '23.0'}, {'type': {'value': 178, 'displayName': 'StandingSave'}}, {'type': {'value': 141, 'displayName': 'PassEndY'}, 'value': '33.9'}, {'type': {'value': 213, 'displayName': 'Angle'}, 'value': '2.7'}, {'type': {'value': 140, 'displayName': 'PassEndX'}, 'value': '32.0'}, {'type': {'value': 56, 'displayName': 'Zone'}, 'value': 'Back'}]","[91, 117, 30, 35, 37, 215, 218]",True,115917.0,32.0,33.9,,,,,,,,,
2465872333.0,469,46,10.0,161,32.4,34.6,51,"{'value': 2, 'displayName': 'SecondHalf'}","{'value': 1, 'displayName': 'Pass'}","{'value': 1, 'displayName': 'Successful'}","[{'type': {'value': 56, 'displayName': 'Zone'}, 'value': 'Back'}, {'type': {'value': 140, 'displayName': 'PassEndX'}, 'value': '43.3'}, {'type': {'value': 178, 'displayName': 'StandingSave'}}, {'type': {'value': 141, 'displayName': 'PassEndY'}, 'value': '67.6'}, {'type': {'value': 213, 'displayName': 'Angle'}, 'value': '1.1'}, {'type': {'value': 212, 'displayName': 'Length'}, 'value': '25.2'}]","[91, 117, 30, 36, 37, 216, 218]",True,238244.0,43.3,67.6,,,,,,,,,
2465872449.0,470,46,14.0,161,43.4,65.2,51,"{'value': 2, 'displayName': 'SecondHalf'}","{'value': 1, 'displayName': 'Pass'}","{'value': 1, 'displayName': 'Successful'}","[{'type': {'value': 178, 'displayName': 'StandingSave'}}, {'type': {'value': 56, 'displayName': 'Zone'}, 'value': 'Center'}, {'type': {'value': 213, 'displayName': 'Angle'}, 'value': '5.5'}, {'type': {'value': 141, 'displayName': 'PassEndY'}, 'value': '50.7'}, {'type': {'value': 212, 'displayName': 'Length'}, 'value': '14.6'}, {'type': {'value': 140, 'displayName': 'PassEndX'}, 'value': '53.7'}]","[91, 119, 117, 30, 36, 38, 216, 218]",True,368310.0,53.7,50.7,,,,,,,,,
2465872487.0,471,46,20.0,161,64.6,40.7,51,"{'value': 2, 'displayName': 'SecondHalf'}","{'value': 1, 'displayName': 'Pass'}","{'value': 1, 'displayName': 'Successful'}","[{'type': {'value': 213, 'displayName': 'Angle'}, 'value': '4.7'}, {'type': {'value': 56, 'displayName': 'Zone'}, 'value': 'Right'}, {'type': {'value': 140, 'displayName': 'PassEndX'}, 'value': '64.2'}, {'type': {'value': 178, 'displayName': 'StandingSave'}}, {'type': {'value': 212, 'displayName': 'Length'}, 'value': '15.5'}, {'type': {'value': 141, 'displayName': 'PassEndY'}, 'value': '17.9'}]","[91, 119, 117, 30, 35, 38, 216, 218]",True,16161.0,64.2,17.9,,,,,,,,,
2465872571.0,472,46,22.0,161,64.3,17.7,51,"{'value': 2, 'displayName': 'SecondHalf'}","{'value': 1, 'displayName': 'Pass'}","{'value': 1, 'displayName': 'Successful'}","[{'type': {'value': 213, 'displayName': 'Angle'}, 'value': '2.3'}, {'type': {'value': 212, 'displayName': 'Length'}, 'value': '12.8'}, {'type': {'value': 178, 'displayName': 'StandingSave'}}, {'type': {'value': 140, 'displayName': 'PassEndX'}, 'value': '56.5'}, {'type': {'value': 56, 'displayName': 'Zone'}, 'value': 'Center'}, {'type': {'value': 141, 'displayName': 'PassEndY'}, 'value': '32.1'}]","[91, 119, 117, 30, 35, 37, 216, 218]",True,115917.0,56.5,32.1,,,,,,,,,
2465872671.0,473,46,26.0,161,58.1,33.9,51,"{'value': 2, 'displayName': 'SecondHalf'}","{'value': 1, 'displayName': 'Pass'}","{'value': 1, 'displayName': 'Successful'}","[{'type': {'value': 212, 'displayName': 'Length'}, 'value': '46.0'}, {'type': {'value': 155, 'displayName': 'Chipped'}}, {'type': {'value': 213, 'displayName': 'Angle'}, 'value': '1.0'}, {'type': {'value': 56, 'displayName': 'Zone'}, 'value': 'Left'}, {'type': {'value': 141, 'displayName': 'PassEndY'}, 'value': '92.1'}, {'type': {'value': 178, 'displayName': 'StandingSave'}}, {'type': {'value': 1, 'displayName': 'Longball'}}, {'type': {'value': 140, 'displayName': 'PassEndX'}, 'value': '80.5'}]","[91, 119, 117, 124, 127, 205, 36, 37, 217, 218]",True,238244.0,80.5,92.1,,,,,,,,,
2465872763.0,474,46,29.0,161,80.3,92.4,51,"{'value': 2, 'displayName': 'SecondHalf'}","{'value': 1, 'displayName': 'Pass'}","{'value': 1, 'displayName': 'Successful'}","[{'type': {'value': 140, 'displayName': 'PassEndX'}, 'value': '90.7'}, {'type': {'value': 56, 'displayName': 'Zone'}, 'value': 'Left'}, {'type': {'value': 141, 'displayName': 'PassEndY'}, 'value': '82.0'}, {'type': {'value': 212, 'displayName': 'Length'}, 'value': '13.0'}, {'type': {'value': 213, 'displayName': 'Angle'}, 'value': '5.7'}, {'type': {'value': 178, 'displayName': 'StandingSave'}}]","[91, 119, 117, 30, 205, 36, 38, 217, 218]",True,355401.0,90.7,82.0,,,,,,,,,
2465872827.0,475,46,35.0,161,90.8,85.9,51,"{'value': 2, 'displayName': 'SecondHalf'}","{'value': 1, 'displayName': 'Pass'}","{'value': 1, 'displayName': 'Successful'}","[{'type': {'value': 140, 'displayName': 'PassEndX'}, 'value': '83.1'}, {'type': {'value': 56, 'displayName': 'Zone'}, 'value': 'Left'}, {'type': {'value': 178, 'displayName': 'StandingSave'}}, {'type': {'value': 141, 'displayName': 'PassEndY'}, 'value': '93.6'}, {'type': {'value': 213, 'displayName': 'Angle'}, 'value': '2.6'}, {'type': {'value': 212, 'displayName': 'Length'}, 'value': '9.6'}]","[91, 119, 117, 30, 205, 35, 37, 217, 218]",True,140088.0,83.1,93.6,,,,,,,,,
2465872873.0,476,46,39.0,161,83.6,86.6,51,"{'value': 2, 'displayName': 'SecondHalf'}","{'value': 1, 'displayName': 'Pass'}","{'value': 1, 'displayName': 'Successful'}","[{'type': {'value': 213, 'displayName': 'Angle'}, 'value': '4.3'}, {'type': {'value': 56, 'displayName': 'Zone'}, 'value': 'Center'}, {'type': {'value': 212, 'displayName': 'Length'}, 'value': '19.3'}, {'type': {'value': 178, 'displayName': 'StandingSave'}}, {'type': {'value': 140, 'displayName': 'PassEndX'}, 'value': '76.3'}, {'type': {'value': 141, 'displayName': 'PassEndY'}, 'value': '60.6'}]","[91, 119, 117, 30, 205, 35, 38, 217, 218]",True,355401.0,76.3,60.6,,,,,,,,,
2465872877.0,477,46,40.0,161,76.3,59.6,51,"{'value': 2, 'displayName': 'SecondHalf'}","{'value': 61, 'displayName': 'BallTouch'}","{'value': 0, 'displayName': 'Unsuccessful'}","[{'type': {'value': 56, 'displayName': 'Zone'}, 'value': 'Center'}, {'type': {'value': 178, 'displayName': 'StandingSave'}}]","[91, 69]",True,16161.0,,,,,,,,,,,
2465872905.0,343,46,42.0,29,24.4,59.1,51,"{'value': 2, 'displayName': 'SecondHalf'}","{'value': 49, 'displayName': 'BallRecovery'}","{'value': 1, 'displayName': 'Successful'}",[],[93],False,297203.0,,,,,,,,,,,
2465873009.0,344,46,43.0,29,25.1,57.9,51,"{'value': 2, 'displayName': 'SecondHalf'}","{'value': 1, 'displayName': 'Pass'}","{'value': 1, 'displayName': 'Successful'}","[{'type': {'value': 141, 'displayName': 'PassEndY'}, 'value': '43.9'}, {'type': {'value': 56, 'displayName': 'Zone'}, 'value': 'Back'}, {'type': {'value': 213, 'displayName': 'Angle'}, 'value': '5.5'}, {'type': {'value': 140, 'displayName': 'PassEndX'}, 'value': '33.9'}, {'type': {'value': 178, 'displayName': 'StandingSave'}}, {'type': {'value': 212, 'displayName': 'Length'}, 'value': '13.3'}]","[91, 117, 30, 36, 38, 216, 218]",True,297203.0,33.9,43.9,,,,,,,,,
2465873021.0,345,46,46.0,29,37.9,36.5,51,"{'value': 2, 'displayName': 'SecondHalf'}","{'value': 1, 'displayName': 'Pass'}","{'value': 0, 'displayName': 'Unsuccessful'}","[{'type': {'value': 212, 'displayName': 'Length'}, 'value': '3.7'}, {'type': {'value': 141, 'displayName': 'PassEndY'}, 'value': '32.0'}, {'type': {'value': 178, 'displayName': 'StandingSave'}}, {'type': {'value': 213, 'displayName': 'Angle'}, 'value': '4.1'}, {'type': {'value': 140, 'displayName': 'PassEndX'}, 'value': '35.9'}, {'type': {'value': 56, 'displayName': 'Zone'}, 'value': 'Back'}]","[91, 118, 120, 29, 35, 38, 216, 218]",True,319756.0,35.9,32.0,,,,,,,,,
2465873159.0,478,46,46.0,161,62.5,67.6,51,"{'value': 2, 'displayName': 'SecondHalf'}","{'value': 1, 'displayName': 'Pass'}","{'value': 1, 'displayName': 'Successful'}","[{'type': {'value': 140, 'displayName': 'PassEndX'}, 'value': '40.2'}, {'type': {'value': 141, 'displayName': 'PassEndY'}, 'value': '77.7'}, {'type': {'value': 213, 'displayName': 'Angle'}, 'value': '2.9'}, {'type': {'value': 56, 'displayName': 'Zone'}, 'value': 'Back'}, {'type': {'value': 212, 'displayName': 'Length'}, 'value': '24.4'}, {'type': {'value': 178, 'displayName': 'StandingSave'}}]","[91, 117, 30, 35, 37, 216, 218]",True,394933.0,40.2,77.7,,,,,,,,,
2465873161.0,479,46,51.0,161,38.3,75.3,51,"{'value': 2, 'displayName': 'SecondHalf'}","{'value': 49, 'displayName': 'BallRecovery'}","{'value': 1, 'displayName': 'Successful'}",[],[93],False,355401.0,,,,,,,,,,,
2465873231.0,480,46,52.0,161,38.3,75.3,51,"{'value': 2, 'displayName': 'SecondHalf'}","{'value': 1, 'displayName': 'Pass'}","{'value': 1, 'displayName': 'Successful'}","[{'type': {'value': 178, 'displayName': 'StandingSave'}}, {'type': {'value': 56, 'displayName': 'Zone'}, 'value': 'Center'}, {'type': {'value': 213, 'displayName': 'Angle'}, 'value': '5.5'}, {'type': {'value': 141, 'displayName': 'PassEndY'}, 'value': '50.4'}, {'type': {'value': 212, 'displayName': 'Length'}, 'value': '24.5'}, {'type': {'value': 140, 'displayName': 'PassEndX'}, 'value': '55.2'}]","[91, 119, 117, 30, 36, 38, 216, 218]",True,355401.0,55.2,50.4,,,,,,,,,
2465873277.0,481,46,58.0,161,64.6,42.4,51,"{'value': 2, 'displayName': 'SecondHalf'}","{'value': 1, 'displayName': 'Pass'}","{'value': 1, 'displayName': 'Successful'}","[{'type': {'value': 213, 'displayName': 'Angle'}, 'value': '4.9'}, {'type': {'value': 141, 'displayName': 'PassEndY'}, 'value': '20.7'}, {'type': {'value': 178, 'displayName': 'StandingSave'}}, {'type': {'value': 56, 'displayName': 'Zone'}, 'value': 'Right'}, {'type': {'value': 212, 'displayName': 'Length'}, 'value': '15.0'}, {'type': {'value': 140, 'displayName': 'PassEndX'}, 'value': '67.0'}]","[91, 119, 117, 30, 205, 36, 38, 217, 218]",True,16161.0,67.0,20.7,,,,,,,,,
2465873289.0,482,47,1.0,161,67.3,24.0,52,"{'value': 2, 'displayName': 'SecondHalf'}","{'value': 1, 'displayName': 'Pass'}","{'value': 0, 'displayName': 'Unsuccessful'}","[{'type': {'value': 178, 'displayName': 'StandingSave'}}, {'type': {'value': 213, 'displayName': 'Angle'}, 'value': '5.6'}, {'type': {'value': 140, 'displayName': 'PassEndX'}, 'value': '70.1'}, {'type': {'value': 141, 'displayName': 'PassEndY'}, 'value': '20.7'}, {'type': {'value': 212, 'displayName': 'Length'}, 'value': '3.7'}, {'type': {'value': 56, 'displayName': 'Zone'}, 'value': 'Right'}, {'type': {'value': 233, 'displayName': 'OppositeRelatedEvent'}, 'value': '346'}, {'type': {'value': 286, 'displayName': 'Offensive'}}]","[91, 120, 29, 36, 38, 217, 218]",True,115917.0,70.1,20.7,,,,,,,,,
2465873307.0,346,47,1.0,29,28.2,78.0,52,"{'value': 2, 'displayName': 'SecondHalf'}","{'value': 74, 'displayName': 'BlockedPass'}","{'value': 1, 'displayName': 'Successful'}","[{'type': {'value': 285, 'displayName': 'Defensive'}}, {'type': {'value': 178, 'displayName': 'StandingSave'}}, {'type': {'value': 56, 'displayName': 'Zone'}, 'value': 'Back'}, {'type': {'value': 233, 'displayName': 'OppositeRelatedEvent'}, 'value': '482'}]","[91, 60]",True,297203.0,,,,,,,,,,,
2465873329.0,347,47,2.0,29,27.4,62.3,52,"{'value': 2, 'displayName': 'SecondHalf'}","{'value': 49, 'displayName': 'BallRecovery'}","{'value': 1, 'displayName': 'Successful'}",[],[93],False,143595.0,,,,,,,,,,,
2465873415.0,348,47,2.0,29,28.0,62.7,52,"{'value': 2, 'displayName': 'SecondHalf'}","{'value': 1, 'displayName': 'Pass'}","{'value': 1, 'displayName': 'Successful'}","[{'type': {'value': 56, 'displayName': 'Zone'}, 'value': 'Back'}, {'type': {'value': 178, 'displayName': 'StandingSave'}}, {'type': {'value': 212, 'displayName': 'Length'}, 'value': '20.1'}, {'type': {'value': 213, 'displayName': 'Angle'}, 'value': '0.6'}, {'type': {'value': 141, 'displayName': 'PassEndY'}, 'value': '79.5'}, {'type': {'value': 140, 'displayName': 'PassEndX'}, 'value': '43.7'}]","[91, 117, 30, 36, 37, 216, 218]",True,143595.0,43.7,79.5,,,,,,,,,
2465873501.0,349,47,9.0,29,65.5,81.0,52,"{'value': 2, 'displayName': 'SecondHalf'}","{'value': 1, 'displayName': 'Pass'}","{'value': 0, 'displayName': 'Unsuccessful'}","[{'type': {'value': 212, 'displayName': 'Length'}, 'value': '62.2'}, {'type': {'value': 140, 'displayName': 'PassEndX'}, 'value': '100.0'}, {'type': {'value': 56, 'displayName': 'Zone'}, 'value': 'Right'}, {'type': {'value': 141, 'displayName': 'PassEndY'}, 'value': '8.3'}, {'type': {'value': 155, 'displayName': 'Chipped'}}, {'type': {'value': 213, 'displayName': 'Angle'}, 'value': '5.4'}, {'type': {'value': 178, 'displayName': 'StandingSave'}}, {'type': {'value': 1, 'displayName': 'Longball'}}]","[91, 120, 124, 128, 36, 38, 217, 218]",True,302650.0,100.0,8.3,,,,,,,,,
2465873803.0,484,47,19.0,161,1.1,56.3,52,"{'value': 2, 'displayName': 'SecondHalf'}","{'value': 1, 'displayName': 'Pass'}","{'value': 1, 'displayName': 'Successful'}","[{'type': {'value': 140, 'displayName': 'PassEndX'}, 'value': '7.8'}, {'type': {'value': 124, 'displayName': 'GoalKick'}}, {'type': {'value': 56, 'displayName': 'Zone'}, 'value': 'Back'}, {'type': {'value': 213, 'displayName': 'Angle'}, 'value': '5.3'}, {'type': {'value': 141, 'displayName': 'PassEndY'}, 'value': '41.0'}, {'type': {'value': 212, 'displayName': 'Length'}, 'value': '12.6'}]","[91, 117, 30, 36, 38, 215, 218]",True,122714.0,7.8,41.0,,,,,,,,,
2465873829.0,485,47,22.0,161,10.0,38.2,52,"{'value': 2, 'displayName': 'SecondHalf'}","{'value': 1, 'displayName': 'Pass'}","{'value': 1, 'displayName': 'Successful'}","[{'type': {'value': 212, 'displayName': 'Length'}, 'value': '18.0'}, {'type': {'value': 140, 'displayName': 'PassEndX'}, 'value': '22.5'}, {'type': {'value': 213, 'displayName': 'Angle'}, 'value': '5.5'}, {'type': {'value': 141, 'displayName': 'PassEndY'}, 'value': '20.0'}, {'type': {'value': 56, 'displayName': 'Zone'}, 'value': 'Back'}, {'type': {'value': 178, 'displayName': 'StandingSave'}}]","[91, 117, 30, 36, 38, 215, 218]",True,238244.0,22.5,20.0,,,,,,,,,
2465873843.0,486,47,24.0,161,22.5,20.0,52,"{'value': 2, 'displayName': 'SecondHalf'}","{'value': 1, 'displayName': 'Pass'}","{'value': 1, 'displayName': 'Successful'}","[{'type': {'value': 140, 'displayName': 'PassEndX'}, 'value': '30.0'}, {'type': {'value': 141, 'displayName': 'PassEndY'}, 'value': '36.4'}, {'type': {'value': 56, 'displayName': 'Zone'}, 'value': 'Back'}, {'type': {'value': 178, 'displayName': 'StandingSave'}}, {'type': {'value': 213, 'displayName': 'Angle'}, 'value': '1.0'}, {'type': {'value': 212, 'displayName': 'Length'}, 'value': '13.7'}]","[91, 117, 30, 36, 37, 215, 218]",True,115917.0,30.0,36.4,,,,,,,,,
2465873909.0,487,47,26.0,161,30.0,36.4,52,"{'value': 2, 'displayName': 'SecondHalf'}","{'value': 1, 'displayName': 'Pass'}","{'value': 1, 'displayName': 'Successful'}","[{'type': {'value': 56, 'displayName': 'Zone'}, 'value': 'Back'}, {'type': {'value': 178, 'displayName': 'StandingSave'}}, {'type': {'value': 140, 'displayName': 'PassEndX'}, 'value': '21.2'}, {'type': {'value': 212, 'displayName': 'Length'}, 'value': '9.3'}, {'type': {'value': 213, 'displayName': 'Angle'}, 'value': '3.0'}, {'type': {'value': 141, 'displayName': 'PassEndY'}, 'value': '38.5'}]","[91, 117, 30, 35, 37, 215, 218]",True,16161.0,21.2,38.5,,,,,,,,,
2465873999.0,488,47,28.0,161,21.7,38.3,52,"{'value': 2, 'displayName': 'SecondHalf'}","{'value': 1, 'displayName': 'Pass'}","{'value': 1, 'displayName': 'Successful'}","[{'type': {'value': 140, 'displayName': 'PassEndX'}, 'value': '25.6'}, {'type': {'value': 212, 'displayName': 'Length'}, 'value': '23.1'}, {'type': {'value': 56, 'displayName': 'Zone'}, 'value': 'Back'}, {'type': {'value': 141, 'displayName': 'PassEndY'}, 'value': '71.7'}, {'type': {'value': 213, 'displayName': 'Angle'}, 'value': '1.4'}, {'type': {'value': 178, 'displayName': 'StandingSave'}}]","[91, 117, 30, 36, 37, 215, 218]",True,238244.0,25.6,71.7,,,,,,,,,
2465874089.0,489,47,34.0,161,41.4,69.3,52,"{'value': 2, 'displayName': 'SecondHalf'}","{'value': 1, 'displayName': 'Pass'}","{'value': 1, 'displayName': 'Successful'}","[{'type': {'value': 1, 'displayName': 'Longball'}}, {'type': {'value': 155, 'displayName': 'Chipped'}}, {'type': {'value': 212, 'displayName': 'Length'}, 'value': '51.7'}, {'type': {'value': 56, 'displayName': 'Zone'}, 'value': 'Center'}, {'type': {'value': 213, 'displayName': 'Angle'}, 'value': '5.8'}, {'type': {'value': 141, 'displayName': 'PassEndY'}, 'value': '36.6'}, {'type': {'value': 178, 'displayName': 'StandingSave'}}, {'type': {'value': 140, 'displayName': 'PassEndX'}, 'value': '85.8'}]","[91, 119, 117, 124, 127, 205, 36, 38, 217, 218]",True,368310.0,85.8,36.6,,,,,,,,,
2465874095.0,490,47,37.0,161,86.1,36.4,52,"{'value': 2, 'displayName': 'SecondHalf'}","{'value': 61, 'displayName': 'BallTouch'}","{'value': 0, 'displayName': 'Unsuccessful'}","[{'type': {'value': 178, 'displayName': 'StandingSave'}}, {'type': {'value': 56, 'displayName': 'Zone'}, 'value': 'Center'}]","[91, 69]",True,300513.0,,,,,,,,,,,
2465874137.0,351,47,38.0,29,7.8,60.8,52,"{'value': 2, 'displayName': 'SecondHalf'}","{'value': 12, 'displayName': 'Clearance'}","{'value': 1, 'displayName': 'Successful'}","[{'type': {'value': 141, 'displayName': 'PassEndY'}, 'value': '74.9'}, {'type': {'value': 212, 'displayName': 'Length'}, 'value': '13.4'}, {'type': {'value': 140, 'displayName': 'PassEndX'}, 'value': '0.0'}, {'type': {'value': 178, 'displayName': 'StandingSave'}}, {'type': {'value': 213, 'displayName': 'Angle'}, 'value': '2.3'}, {'type': {'value': 56, 'displayName': 'Zone'}, 'value': 'Back'}]","[91, 94, 95, 215]",True,106086.0,0.0,74.9,,,,,,,,,
2465874143.0,352,47,39.0,29,6.8,65.0,52,"{'value': 2, 'displayName': 'SecondHalf'}","{'value': 6, 'displayName': 'CornerAwarded'}","{'value': 0, 'displayName': 'Unsuccessful'}","[{'type': {'value': 56, 'displayName': 'Zone'}, 'value': 'Back'}, {'type': {'value': 233, 'displayName': 'OppositeRelatedEvent'}, 'value': '491'}, {'type': {'value': 73, 'displayName': 'MissLeft'}}]",[122],False,106086.0,,,,,,,,,,,
2465874147.0,491,47,39.0,161,93.2,35.0,52,"{'value': 2, 'displayName': 'SecondHalf'}","{'value': 6, 'displayName': 'CornerAwarded'}","{'value': 1, 'displayName': 'Successful'}","[{'type': {'value': 75, 'displayName': 'MissRight'}}, {'type': {'value': 56, 'displayName': 'Zone'}, 'value': 'Center'}, {'type': {'value': 233, 'displayName': 'OppositeRelatedEvent'}, 'value': '352'}]",[122],False,300513.0,,,,,,,,,,,
2465874553.0,492,48,1.0,161,99.5,0.5,53,"{'value': 2, 'displayName': 'SecondHalf'}","{'value': 1, 'displayName': 'Pass'}","{'value': 0, 'displayName': 'Unsuccessful'}","[{'type': {'value': 56, 'displayName': 'Zone'}, 'value': 'Center'}, {'type': {'value': 20, 'displayName': 'RightFoot'}}, {'type': {'value': 140, 'displayName': 'PassEndX'}, 'value': '88.4'}, {'type': {'value': 1, 'displayName': 'Longball'}}, {'type': {'value': 6, 'displayName': 'CornerTaken'}}, {'type': {'value': 212, 'displayName': 'Length'}, 'value': '47.5'}, {'type': {'value': 155, 'displayName': 'Chipped'}}, {'type': {'value': 141, 'displayName': 'PassEndY'}, 'value': '68.2'}, {'type': {'value': 2, 'displayName': 'Cross'}}, {'type': {'value': 178, 'displayName': 'StandingSave'}}, {'type': {'value': 213, 'displayName': 'Angle'}, 'value': '1.8'}]","[91, 137, 124, 126, 31, 33, 34, 35, 37, 217, 218]",True,247995.0,88.4,68.2,,,,,,,,,
2465874583.0,353,48,3.0,29,10.0,27.7,53,"{'value': 2, 'displayName': 'SecondHalf'}","{'value': 12, 'displayName': 'Clearance'}","{'value': 1, 'displayName': 'Successful'}","[{'type': {'value': 141, 'displayName': 'PassEndY'}, 'value': '19.6'}, {'type': {'value': 56, 'displayName': 'Zone'}, 'value': 'Back'}, {'type': {'value': 140, 'displayName': 'PassEndX'}, 'value': '28.1'}, {'type': {'value': 15, 'displayName': 'Head'}}, {'type': {'value': 213, 'displayName': 'Angle'}, 'value': '6.0'}, {'type': {'value': 212, 'displayName': 'Length'}, 'value': '19.8'}]","[91, 94, 95, 57, 215]",True,143595.0,28.1,19.6,,,,,,,,,
2465874613.0,493,48,6.0,161,73.5,79.6,53,"{'value': 2, 'displayName': 'SecondHalf'}","{'value': 1, 'displayName': 'Pass'}","{'value': 0, 'displayName': 'Unsuccessful'}","[{'type': {'value': 56, 'displayName': 'Zone'}, 'value': 'Center'}, {'type': {'value': 213, 'displayName': 'Angle'}, 'value': '5.5'}, {'type': {'value': 155, 'displayName': 'Chipped'}}, {'type': {'value': 140, 'displayName': 'PassEndX'}, 'value': '79.8'}, {'type': {'value': 233, 'displayName': 'OppositeRelatedEvent'}, 'value': '354'}, {'type': {'value': 141, 'displayName': 'PassEndY'}, 'value': '69.0'}, {'type': {'value': 2, 'displayName': 'Cross'}}, {'type': {'value': 286, 'displayName': 'Offensive'}}, {'type': {'value': 72, 'displayName': 'LeftFoot'}}, {'type': {'value': 178, 'displayName': 'StandingSave'}}, {'type': {'value': 212, 'displayName': 'Length'}, 'value': '9.8'}]","[91, 138, 124, 126, 36, 38, 217, 218]",True,355401.0,79.8,69.0,,,,,,,,,
2465874657.0,354,48,7.0,29,22.9,24.8,53,"{'value': 2, 'displayName': 'SecondHalf'}","{'value': 12, 'displayName': 'Clearance'}","{'value': 1, 'displayName': 'Successful'}","[{'type': {'value': 56, 'displayName': 'Zone'}, 'value': 'Back'}, {'type': {'value': 233, 'displayName': 'OppositeRelatedEvent'}, 'value': '493'}, {'type': {'value': 185, 'displayName': 'BlockedCross'}}, {'type': {'value': 21, 'displayName': 'OtherBodyPart'}}]","[91, 59]",True,322596.0,,,,,,,,,,,
2465874699.0,494,48,10.0,161,69.1,55.0,53,"{'value': 2, 'displayName': 'SecondHalf'}","{'value': 13, 'displayName': 'MissedShots'}","{'value': 1, 'displayName': 'Successful'}","[{'type': {'value': 73, 'displayName': 'MissLeft'}}, {'type': {'value': 25, 'displayName': 'FromCorner'}}, {'type': {'value': 56, 'displayName': 'Zone'}, 'value': 'Center'}, {'type': {'value': 18, 'displayName': 'OutOfBoxCentre'}}, {'type': {'value': 103, 'displayName': 'GoalMouthZ'}, 'value': '5.6'}, {'type': {'value': 102, 'displayName': 'GoalMouthY'}, 'value': '65.9'}, {'type': {'value': 20, 'displayName': 'RightFoot'}}, {'type': {'value': 178, 'displayName': 'StandingSave'}}]","[91, 7, 10, 2, 5, 12]",True,238244.0,,,,,,,5.6,65.9,True,,
2465875381.0,356,48,42.0,29,5.4,48.8,53,"{'value': 2, 'displayName': 'SecondHalf'}","{'value': 1, 'displayName': 'Pass'}","{'value': 1, 'displayName': 'Successful'}","[{'type': {'value': 74, 'displayName': 'MissHigh'}}, {'type': {'value': 140, 'displayName': 'PassEndX'}, 'value': '60.4'}, {'type': {'value': 56, 'displayName': 'Zone'}, 'value': 'Center'}, {'type': {'value': 141, 'displayName': 'PassEndY'}, 'value': '60.9'}, {'type': {'value': 1, 'displayName': 'Longball'}}, {'type': {'value': 155, 'displayName': 'Chipped'}}, {'type': {'value': 212, 'displayName': 'Length'}, 'value': '58.3'}, {'type': {'value': 124, 'displayName': 'GoalKick'}}, {'type': {'value': 213, 'displayName': 'Angle'}, 'value': '0.1'}]","[91, 119, 117, 124, 127, 36, 37, 216, 218]",True,20973.0,60.4,60.9,,,,,,,,,
2465875419.0,357,48,46.0,29,60.4,60.9,53,"{'value': 2, 'displayName': 'SecondHalf'}","{'value': 1, 'displayName': 'Pass'}","{'value': 1, 'displayName': 'Successful'}","[{'type': {'value': 56, 'displayName': 'Zone'}, 'value': 'Center'}, {'type': {'value': 141, 'displayName': 'PassEndY'}, 'value': '72.3'}, {'type': {'value': 21, 'displayName': 'OtherBodyPart'}}, {'type': {'value': 212, 'displayName': 'Length'}, 'value': '8.3'}, {'type': {'value': 140, 'displayName': 'PassEndX'}, 'value': '63.1'}, {'type': {'value': 213, 'displayName': 'Angle'}, 'value': '1.2'}, {'type': {'value': 178, 'displayName': 'StandingSave'}}]","[91, 119, 117, 30, 36, 37, 216, 218]",True,319756.0,63.1,72.3,,,,,,,,,
2465875449.0,358,48,48.0,29,63.1,72.3,53,"{'value': 2, 'displayName': 'SecondHalf'}","{'value': 1, 'displayName': 'Pass'}","{'value': 1, 'displayName': 'Successful'}","[{'type': {'value': 178, 'displayName': 'StandingSave'}}, {'type': {'value': 56, 'displayName': 'Zone'}, 'value': 'Left'}, {'type': {'value': 213, 'displayName': 'Angle'}, 'value': '2.4'}, {'type': {'value': 141, 'displayName': 'PassEndY'}, 'value': '80.3'}, {'type': {'value': 140, 'displayName': 'PassEndX'}, 'value': '57.7'}, {'type': {'value': 212, 'displayName': 'Length'}, 'value': '7.9'}]","[91, 119, 117, 30, 35, 37, 216, 218]",True,302650.0,57.7,80.3,,,,,,,,,
2465875479.0,359,48,49.0,29,57.7,80.3,53,"{'value': 2, 'displayName': 'SecondHalf'}","{'value': 1, 'displayName': 'Pass'}","{'value': 1, 'displayName': 'Successful'}","[{'type': {'value': 178, 'displayName': 'StandingSave'}}, {'type': {'value': 212, 'displayName': 'Length'}, 'value': '11.1'}, {'type': {'value': 140, 'displayName': 'PassEndX'}, 'value': '61.3'}, {'type': {'value': 56, 'displayName': 'Zone'}, 'value': 'Left'}, {'type': {'value': 213, 'displayName': 'Angle'}, 'value': '1.2'}, {'type': {'value': 141, 'displayName': 'PassEndY'}, 'value': '95.7'}]","[91, 119, 117, 30, 36, 37, 216, 218]",True,319756.0,61.3,95.7,,,,,,,,,
2465875489.0,360,48,52.0,29,61.2,96.0,53,"{'value': 2, 'displayName': 'SecondHalf'}","{'value': 1, 'displayName': 'Pass'}","{'value': 0, 'displayName': 'Unsuccessful'}","[{'type': {'value': 233, 'displayName': 'OppositeRelatedEvent'}, 'value': '496'}, {'type': {'value': 212, 'displayName': 'Length'}, 'value': '1.9'}, {'type': {'value': 178, 'displayName': 'StandingSave'}}, {'type': {'value': 141, 'displayName': 'PassEndY'}, 'value': '93.2'}, {'type': {'value': 140, 'displayName': 'PassEndX'}, 'value': '61.5'}, {'type': {'value': 213, 'displayName': 'Angle'}, 'value': '4.9'}, {'type': {'value': 286, 'displayName': 'Offensive'}}, {'type': {'value': 56, 'displayName': 'Zone'}, 'value': 'Left'}]","[91, 120, 29, 36, 38, 216, 218]",True,68049.0,61.5,93.2,,,,,,,,,
2465875493.0,496,48,52.0,161,34.5,9.5,53,"{'value': 2, 'displayName': 'SecondHalf'}","{'value': 74, 'displayName': 'BlockedPass'}","{'value': 1, 'displayName': 'Successful'}","[{'type': {'value': 285, 'displayName': 'Defensive'}}, {'type': {'value': 56, 'displayName': 'Zone'}, 'value': 'Back'}, {'type': {'value': 178, 'displayName': 'StandingSave'}}, {'type': {'value': 233, 'displayName': 'OppositeRelatedEvent'}, 'value': '360'}]","[91, 60]",True,296363.0,,,,,,,,,,,
2465875539.0,497,48,54.0,161,48.2,28.3,53,"{'value': 2, 'displayName': 'SecondHalf'}","{'value': 49, 'displayName': 'BallRecovery'}","{'value': 1, 'displayName': 'Successful'}",[],[93],False,247995.0,,,,,,,,,,,
2465875653.0,498,49,0.0,161,71.4,28.0,54,"{'value': 2, 'displayName': 'SecondHalf'}","{'value': 1, 'displayName': 'Pass'}","{'value': 0, 'displayName': 'Unsuccessful'}","[{'type': {'value': 56, 'displayName': 'Zone'}, 'value': 'Right'}, {'type': {'value': 213, 'displayName': 'Angle'}, 'value': '5.8'}, {'type': {'value': 140, 'displayName': 'PassEndX'}, 'value': '88.8'}, {'type': {'value': 212, 'displayName': 'Length'}, 'value': '20.3'}, {'type': {'value': 141, 'displayName': 'PassEndY'}, 'value': '14.9'}, {'type': {'value': 178, 'displayName': 'StandingSave'}}]","[91, 120, 29, 36, 38, 217, 218]",True,247995.0,88.8,14.9,,,,,,,,,
2465875671.0,361,49,1.0,29,10.1,84.3,54,"{'value': 2, 'displayName': 'SecondHalf'}","{'value': 49, 'displayName': 'BallRecovery'}","{'value': 1, 'displayName': 'Successful'}",[],[93],False,332325.0,,,,,,,,,,,
2465875721.0,362,49,3.0,29,10.6,80.7,54,"{'value': 2, 'displayName': 'SecondHalf'}","{'value': 1, 'displayName': 'Pass'}","{'value': 1, 'displayName': 'Successful'}","[{'type': {'value': 141, 'displayName': 'PassEndY'}, 'value': '71.3'}, {'type': {'value': 212, 'displayName': 'Length'}, 'value': '8.4'}, {'type': {'value': 56, 'displayName': 'Zone'}, 'value': 'Back'}, {'type': {'value': 178, 'displayName': 'StandingSave'}}, {'type': {'value': 140, 'displayName': 'PassEndX'}, 'value': '15.8'}, {'type': {'value': 213, 'displayName': 'Angle'}, 'value': '5.4'}]","[91, 117, 30, 36, 38, 215, 218]",True,332325.0,15.8,71.3,,,,,,,,,
2465875755.0,363,49,5.0,29,15.8,71.6,54,"{'value': 2, 'displayName': 'SecondHalf'}","{'value': 1, 'displayName': 'Pass'}","{'value': 1, 'displayName': 'Successful'}","[{'type': {'value': 178, 'displayName': 'StandingSave'}}, {'type': {'value': 56, 'displayName': 'Zone'}, 'value': 'Back'}, {'type': {'value': 213, 'displayName': 'Angle'}, 'value': '1.2'}, {'type': {'value': 141, 'displayName': 'PassEndY'}, 'value': '92.0'}, {'type': {'value': 212, 'displayName': 'Length'}, 'value': '15.0'}, {'type': {'value': 140, 'displayName': 'PassEndX'}, 'value': '21.3'}]","[91, 117, 30, 36, 37, 215, 218]",True,143595.0,21.3,92.0,,,,,,,,,
2465875841.0,364,49,6.0,29,21.3,92.0,54,"{'value': 2, 'displayName': 'SecondHalf'}","{'value': 1, 'displayName': 'Pass'}","{'value': 1, 'displayName': 'Successful'}","[{'type': {'value': 213, 'displayName': 'Angle'}, 'value': '5.2'}, {'type': {'value': 56, 'displayName': 'Zone'}, 'value': 'Back'}, {'type': {'value': 141, 'displayName': 'PassEndY'}, 'value': '83.0'}, {'type': {'value': 140, 'displayName': 'PassEndX'}, 'value': '24.4'}, {'type': {'value': 212, 'displayName': 'Length'}, 'value': '6.9'}, {'type': {'value': 178, 'displayName': 'StandingSave'}}]","[91, 117, 30, 36, 38, 215, 218]",True,297203.0,24.4,83.0,,,,,,,,,
2465875889.0,365,49,11.0,29,56.3,82.8,54,"{'value': 2, 'displayName': 'SecondHalf'}","{'value': 1, 'displayName': 'Pass'}","{'value': 1, 'displayName': 'Successful'}","[{'type': {'value': 140, 'displayName': 'PassEndX'}, 'value': '64.0'}, {'type': {'value': 56, 'displayName': 'Zone'}, 'value': 'Left'}, {'type': {'value': 178, 'displayName': 'StandingSave'}}, {'type': {'value': 212, 'displayName': 'Length'}, 'value': '12.1'}, {'type': {'value': 213, 'displayName': 'Angle'}, 'value': '0.8'}, {'type': {'value': 141, 'displayName': 'PassEndY'}, 'value': '96.0'}]","[91, 119, 117, 30, 36, 37, 216, 218]",True,332325.0,64.0,96.0,,,,,,,,,
2465875931.0,366,49,14.0,29,68.8,89.7,54,"{'value': 2, 'displayName': 'SecondHalf'}","{'value': 1, 'displayName': 'Pass'}","{'value': 0, 'displayName': 'Unsuccessful'}","[{'type': {'value': 140, 'displayName': 'PassEndX'}, 'value': '91.4'}, {'type': {'value': 141, 'displayName': 'PassEndY'}, 'value': '72.6'}, {'type': {'value': 178, 'displayName': 'StandingSave'}}, {'type': {'value': 212, 'displayName': 'Length'}, 'value': '26.4'}, {'type': {'value': 56, 'displayName': 'Zone'}, 'value': 'Center'}, {'type': {'value': 213, 'displayName': 'Angle'}, 'value': '5.8'}]","[91, 120, 29, 36, 38, 217, 218]",True,297203.0,91.4,72.6,,,,,,,,,
2465875925.0,499,49,17.0,161,9.4,25.9,54,"{'value': 2, 'displayName': 'SecondHalf'}","{'value': 49, 'displayName': 'BallRecovery'}","{'value': 1, 'displayName': 'Successful'}",[],[93],False,238244.0,,,,,,,,,,,
2465875949.0,500,49,17.0,161,8.5,24.4,54,"{'value': 2, 'displayName': 'SecondHalf'}","{'value': 1, 'displayName': 'Pass'}","{'value': 1, 'displayName': 'Successful'}","[{'type': {'value': 141, 'displayName': 'PassEndY'}, 'value': '43.0'}, {'type': {'value': 212, 'displayName': 'Length'}, 'value': '14.3'}, {'type': {'value': 213, 'displayName': 'Angle'}, 'value': '2.1'}, {'type': {'value': 178, 'displayName': 'StandingSave'}}, {'type': {'value': 56, 'displayName': 'Zone'}, 'value': 'Back'}, {'type': {'value': 140, 'displayName': 'PassEndX'}, 'value': '2.2'}]","[91, 117, 30, 35, 37, 215, 218]",True,238244.0,2.2,43.0,,,,,,,,,
2465875987.0,501,49,18.0,161,2.2,43.0,54,"{'value': 2, 'displayName': 'SecondHalf'}","{'value': 1, 'displayName': 'Pass'}","{'value': 1, 'displayName': 'Successful'}","[{'type': {'value': 141, 'displayName': 'PassEndY'}, 'value': '24.1'}, {'type': {'value': 140, 'displayName': 'PassEndX'}, 'value': '12.2'}, {'type': {'value': 56, 'displayName': 'Zone'}, 'value': 'Back'}, {'type': {'value': 178, 'displayName': 'StandingSave'}}, {'type': {'value': 213, 'displayName': 'Angle'}, 'value': '5.4'}, {'type': {'value': 212, 'displayName': 'Length'}, 'value': '16.6'}]","[91, 117, 30, 36, 38, 215, 218]",True,122714.0,12.2,24.1,,,,,,,,,
2465876023.0,502,49,20.0,161,12.9,22.8,54,"{'value': 2, 'displayName': 'SecondHalf'}","{'value': 1, 'displayName': 'Pass'}","{'value': 1, 'displayName': 'Successful'}","[{'type': {'value': 213, 'displayName': 'Angle'}, 'value': '3.6'}, {'type': {'value': 178, 'displayName': 'StandingSave'}}, {'type': {'value': 56, 'displayName': 'Zone'}, 'value': 'Back'}, {'type': {'value': 141, 'displayName': 'PassEndY'}, 'value': '18.0'}, {'type': {'value': 140, 'displayName': 'PassEndX'}, 'value': '6.4'}, {'type': {'value': 212, 'displayName': 'Length'}, 'value': '7.6'}]","[91, 117, 30, 35, 38, 215, 218]",True,115917.0,6.4,18.0,,,,,,,,,
2465876255.0,503,49,21.0,161,7.8,18.9,54,"{'value': 2, 'displayName': 'SecondHalf'}","{'value': 1, 'displayName': 'Pass'}","{'value': 1, 'displayName': 'Successful'}","[{'type': {'value': 213, 'displayName': 'Angle'}, 'value': '0.8'}, {'type': {'value': 212, 'displayName': 'Length'}, 'value': '49.5'}, {'type': {'value': 1, 'displayName': 'Longball'}}, {'type': {'value': 178, 'displayName': 'StandingSave'}}, {'type': {'value': 56, 'displayName': 'Zone'}, 'value': 'Back'}, {'type': {'value': 140, 'displayName': 'PassEndX'}, 'value': '41.6'}, {'type': {'value': 141, 'displayName': 'PassEndY'}, 'value': '69.7'}]","[91, 117, 127, 36, 37, 216, 218]",True,238244.0,41.6,69.7,,,,,,,,,
2465876275.0,504,49,35.0,161,72.2,44.8,54,"{'value': 2, 'displayName': 'SecondHalf'}","{'value': 1, 'displayName': 'Pass'}","{'value': 0, 'displayName': 'Unsuccessful'}","[{'type': {'value': 286, 'displayName': 'Offensive'}}, {'type': {'value': 233, 'displayName': 'OppositeRelatedEvent'}, 'value': '367'}, {'type': {'value': 56, 'displayName': 'Zone'}, 'value': 'Center'}, {'type': {'value': 213, 'displayName': 'Angle'}, 'value': '1.5'}, {'type': {'value': 141, 'displayName': 'PassEndY'}, 'value': '47.8'}, {'type': {'value': 178, 'displayName': 'StandingSave'}}, {'type': {'value': 212, 'displayName': 'Length'}, 'value': '2.1'}, {'type': {'value': 140, 'displayName': 'PassEndX'}, 'value': '72.4'}]","[91, 120, 29, 36, 37, 217, 218]",True,140088.0,72.4,47.8,,,,,,,,,
2465876283.0,367,49,35.0,29,21.3,54.3,54,"{'value': 2, 'displayName': 'SecondHalf'}","{'value': 74, 'displayName': 'BlockedPass'}","{'value': 1, 'displayName': 'Successful'}","[{'type': {'value': 285, 'displayName': 'Defensive'}}, {'type': {'value': 178, 'displayName': 'StandingSave'}}, {'type': {'value': 56, 'displayName': 'Zone'}, 'value': 'Back'}, {'type': {'value': 233, 'displayName': 'OppositeRelatedEvent'}, 'value': '504'}]","[91, 60]",True,143595.0,,,,,,,,,,,
2465876319.0,505,49,36.0,161,77.2,48.0,54,"{'value': 2, 'displayName': 'SecondHalf'}","{'value': 1, 'displayName': 'Pass'}","{'value': 1, 'displayName': 'Successful'}","[{'type': {'value': 140, 'displayName': 'PassEndX'}, 'value': '81.2'}, {'type': {'value': 56, 'displayName': 'Zone'}, 'value': 'Center'}, {'type': {'value': 213, 'displayName': 'Angle'}, 'value': '0.8'}, {'type': {'value': 141, 'displayName': 'PassEndY'}, 'value': '54.2'}, {'type': {'value': 178, 'displayName': 'StandingSave'}}, {'type': {'value': 212, 'displayName': 'Length'}, 'value': '6.0'}]","[91, 119, 117, 30, 205, 36, 37, 217, 218]",True,140088.0,81.2,54.2,,,,,,,,,
2465876343.0,506,49,37.0,161,80.7,53.7,54,"{'value': 2, 'displayName': 'SecondHalf'}","{'value': 1, 'displayName': 'Pass'}","{'value': 1, 'displayName': 'Successful'}","[{'type': {'value': 56, 'displayName': 'Zone'}, 'value': 'Center'}, {'type': {'value': 212, 'displayName': 'Length'}, 'value': '7.9'}, {'type': {'value': 213, 'displayName': 'Angle'}, 'value': '2.6'}, {'type': {'value': 140, 'displayName': 'PassEndX'}, 'value': '74.1'}, {'type': {'value': 178, 'displayName': 'StandingSave'}}, {'type': {'value': 141, 'displayName': 'PassEndY'}, 'value': '59.3'}]","[91, 119, 117, 30, 205, 35, 37, 217, 218]",True,300513.0,74.1,59.3,,,,,,,,,
2465876415.0,507,49,38.0,161,74.1,59.3,54,"{'value': 2, 'displayName': 'SecondHalf'}","{'value': 1, 'displayName': 'Pass'}","{'value': 1, 'displayName': 'Successful'}","[{'type': {'value': 212, 'displayName': 'Length'}, 'value': '19.8'}, {'type': {'value': 140, 'displayName': 'PassEndX'}, 'value': '83.6'}, {'type': {'value': 213, 'displayName': 'Angle'}, 'value': '1.0'}, {'type': {'value': 178, 'displayName': 'StandingSave'}}, {'type': {'value': 56, 'displayName': 'Zone'}, 'value': 'Left'}, {'type': {'value': 141, 'displayName': 'PassEndY'}, 'value': '84.4'}]","[91, 119, 117, 30, 205, 36, 37, 217, 218]",True,140088.0,83.6,84.4,,,,,,,,,
2465876447.0,508,49,43.0,161,86.6,83.2,54,"{'value': 2, 'displayName': 'SecondHalf'}","{'value': 1, 'displayName': 'Pass'}","{'value': 1, 'displayName': 'Successful'}","[{'type': {'value': 141, 'displayName': 'PassEndY'}, 'value': '69.1'}, {'type': {'value': 213, 'displayName': 'Angle'}, 'value': '4.9'}, {'type': {'value': 140, 'displayName': 'PassEndX'}, 'value': '87.9'}, {'type': {'value': 212, 'displayName': 'Length'}, 'value': '9.7'}, {'type': {'value': 178, 'displayName': 'StandingSave'}}, {'type': {'value': 56, 'displayName': 'Zone'}, 'value': 'Center'}]","[91, 119, 117, 30, 205, 36, 38, 217, 218]",True,355401.0,87.9,69.1,,,,,,,,,
2465876485.0,509,49,44.0,161,87.9,69.1,54,"{'value': 2, 'displayName': 'SecondHalf'}","{'value': 1, 'displayName': 'Pass'}","{'value': 1, 'displayName': 'Successful'}","[{'type': {'value': 178, 'displayName': 'StandingSave'}}, {'type': {'value': 56, 'displayName': 'Zone'}, 'value': 'Center'}, {'type': {'value': 212, 'displayName': 'Length'}, 'value': '11.6'}, {'type': {'value': 141, 'displayName': 'PassEndY'}, 'value': '76.3'}, {'type': {'value': 140, 'displayName': 'PassEndX'}, 'value': '77.9'}, {'type': {'value': 213, 'displayName': 'Angle'}, 'value': '2.7'}]","[91, 119, 117, 30, 205, 35, 37, 217, 218]",True,247995.0,77.9,76.3,,,,,,,,,
2465876535.0,510,49,46.0,161,78.0,75.9,54,"{'value': 2, 'displayName': 'SecondHalf'}","{'value': 1, 'displayName': 'Pass'}","{'value': 1, 'displayName': 'Successful'}","[{'type': {'value': 141, 'displayName': 'PassEndY'}, 'value': '63.7'}, {'type': {'value': 140, 'displayName': 'PassEndX'}, 'value': '72.0'}, {'type': {'value': 212, 'displayName': 'Length'}, 'value': '10.4'}, {'type': {'value': 178, 'displayName': 'StandingSave'}}, {'type': {'value': 56, 'displayName': 'Zone'}, 'value': 'Center'}, {'type': {'value': 213, 'displayName': 'Angle'}, 'value': '4.1'}]","[91, 119, 117, 30, 205, 35, 38, 217, 218]",True,355401.0,72.0,63.7,,,,,,,,,
2465876649.0,511,49,48.0,161,72.0,65.2,54,"{'value': 2, 'displayName': 'SecondHalf'}","{'value': 1, 'displayName': 'Pass'}","{'value': 1, 'displayName': 'Successful'}","[{'type': {'value': 178, 'displayName': 'StandingSave'}}, {'type': {'value': 56, 'displayName': 'Zone'}, 'value': 'Center'}, {'type': {'value': 212, 'displayName': 'Length'}, 'value': '28.2'}, {'type': {'value': 140, 'displayName': 'PassEndX'}, 'value': '74.8'}, {'type': {'value': 213, 'displayName': 'Angle'}, 'value': '4.8'}, {'type': {'value': 141, 'displayName': 'PassEndY'}, 'value': '24.0'}]","[91, 119, 117, 30, 205, 36, 38, 217, 218]",True,394933.0,74.8,24.0,,,,,,,,,
2465876691.0,512,49,52.0,161,76.9,25.5,54,"{'value': 2, 'displayName': 'SecondHalf'}","{'value': 1, 'displayName': 'Pass'}","{'value': 1, 'displayName': 'Successful'}","[{'type': {'value': 212, 'displayName': 'Length'}, 'value': '10.5'}, {'type': {'value': 141, 'displayName': 'PassEndY'}, 'value': '35.8'}, {'type': {'value': 56, 'displayName': 'Zone'}, 'value': 'Center'}, {'type': {'value': 178, 'displayName': 'StandingSave'}}, {'type': {'value': 213, 'displayName': 'Angle'}, 'value': '2.4'}, {'type': {'value': 140, 'displayName': 'PassEndX'}, 'value': '69.4'}]","[91, 119, 117, 30, 205, 35, 37, 217, 218]",True,115917.0,69.4,35.8,,,,,,,,,
2465876859.0,513,49,55.0,161,70.7,34.3,54,"{'value': 2, 'displayName': 'SecondHalf'}","{'value': 1, 'displayName': 'Pass'}","{'value': 1, 'displayName': 'Successful'}","[{'type': {'value': 213, 'displayName': 'Angle'}, 'value': '1.7'}, {'type': {'value': 178, 'displayName': 'StandingSave'}}, {'type': {'value': 212, 'displayName': 'Length'}, 'value': '16.9'}, {'type': {'value': 140, 'displayName': 'PassEndX'}, 'value': '69.4'}, {'type': {'value': 141, 'displayName': 'PassEndY'}, 'value': '59.1'}, {'type': {'value': 56, 'displayName': 'Zone'}, 'value': 'Center'}]","[91, 119, 117, 30, 205, 35, 37, 217, 218]",True,16161.0,69.4,59.1,,,,,,,,,
2465876869.0,514,50,3.0,161,79.2,59.1,55,"{'value': 2, 'displayName': 'SecondHalf'}","{'value': 61, 'displayName': 'BallTouch'}","{'value': 0, 'displayName': 'Unsuccessful'}","[{'type': {'value': 178, 'displayName': 'StandingSave'}}, {'type': {'value': 56, 'displayName': 'Zone'}, 'value': 'Center'}]","[91, 69]",True,394933.0,,,,,,,,,,,
2465876877.0,368,50,4.0,29,12.5,36.1,55,"{'value': 2, 'displayName': 'SecondHalf'}","{'value': 49, 'displayName': 'BallRecovery'}","{'value': 1, 'displayName': 'Successful'}",[],[93],False,73063.0,,,,,,,,,,,
2465876955.0,369,50,6.0,29,19.5,38.2,55,"{'value': 2, 'displayName': 'SecondHalf'}","{'value': 1, 'displayName': 'Pass'}","{'value': 0, 'displayName': 'Unsuccessful'}","[{'type': {'value': 140, 'displayName': 'PassEndX'}, 'value': '45.3'}, {'type': {'value': 141, 'displayName': 'PassEndY'}, 'value': '56.0'}, {'type': {'value': 56, 'displayName': 'Zone'}, 'value': 'Back'}, {'type': {'value': 212, 'displayName': 'Length'}, 'value': '29.7'}, {'type': {'value': 178, 'displayName': 'StandingSave'}}, {'type': {'value': 213, 'displayName': 'Angle'}, 'value': '0.4'}, {'type': {'value': 155, 'displayName': 'Chipped'}}]","[91, 118, 120, 29, 124, 36, 37, 216, 218]",True,73063.0,45.3,56.0,,,,,,,,,
2465876965.0,515,50,8.0,161,54.4,41.0,55,"{'value': 2, 'displayName': 'SecondHalf'}","{'value': 49, 'displayName': 'BallRecovery'}","{'value': 1, 'displayName': 'Successful'}",[],[93],False,238244.0,,,,,,,,,,,
2465877045.0,516,50,9.0,161,50.6,43.6,55,"{'value': 2, 'displayName': 'SecondHalf'}","{'value': 1, 'displayName': 'Pass'}","{'value': 1, 'displayName': 'Successful'}","[{'type': {'value': 178, 'displayName': 'StandingSave'}}, {'type': {'value': 140, 'displayName': 'PassEndX'}, 'value': '51.9'}, {'type': {'value': 56, 'displayName': 'Zone'}, 'value': 'Center'}, {'type': {'value': 141, 'displayName': 'PassEndY'}, 'value': '68.1'}, {'type': {'value': 213, 'displayName': 'Angle'}, 'value': '1.5'}, {'type': {'value': 212, 'displayName': 'Length'}, 'value': '16.7'}]","[91, 119, 117, 30, 36, 37, 216, 218]",True,238244.0,51.9,68.1,,,,,,,,,
2465877099.0,517,50,11.0,161,52.2,67.9,55,"{'value': 2, 'displayName': 'SecondHalf'}","{'value': 1, 'displayName': 'Pass'}","{'value': 1, 'displayName': 'Successful'}","[{'type': {'value': 213, 'displayName': 'Angle'}, 'value': '5.6'}, {'type': {'value': 140, 'displayName': 'PassEndX'}, 'value': '64.2'}, {'type': {'value': 212, 'displayName': 'Length'}, 'value': '16.8'}, {'type': {'value': 178, 'displayName': 'StandingSave'}}, {'type': {'value': 141, 'displayName': 'PassEndY'}, 'value': '51.6'}, {'type': {'value': 56, 'displayName': 'Zone'}, 'value': 'Center'}]","[91, 119, 117, 30, 36, 38, 216, 218]",True,368310.0,64.2,51.6,,,,,,,,,
2465877151.0,518,50,14.0,161,65.9,44.2,55,"{'value': 2, 'displayName': 'SecondHalf'}","{'value': 1, 'displayName': 'Pass'}","{'value': 1, 'displayName': 'Successful'}","[{'type': {'value': 140, 'displayName': 'PassEndX'}, 'value': '74.4'}, {'type': {'value': 178, 'displayName': 'StandingSave'}}, {'type': {'value': 56, 'displayName': 'Zone'}, 'value': 'Right'}, {'type': {'value': 141, 'displayName': 'PassEndY'}, 'value': '5.3'}, {'type': {'value': 213, 'displayName': 'Angle'}, 'value': '5.0'}, {'type': {'value': 212, 'displayName': 'Length'}, 'value': '27.9'}]","[91, 119, 117, 30, 205, 36, 38, 217, 218]",True,16161.0,74.4,5.3,,,,,,,,,
2465877185.0,519,50,18.0,161,78.0,5.8,55,"{'value': 2, 'displayName': 'SecondHalf'}","{'value': 1, 'displayName': 'Pass'}","{'value': 0, 'displayName': 'Unsuccessful'}","[{'type': {'value': 2, 'displayName': 'Cross'}}, {'type': {'value': 141, 'displayName': 'PassEndY'}, 'value': '56.4'}, {'type': {'value': 212, 'displayName': 'Length'}, 'value': '36.1'}, {'type': {'value': 140, 'displayName': 'PassEndX'}, 'value': '88.5'}, {'type': {'value': 155, 'displayName': 'Chipped'}}, {'type': {'value': 178, 'displayName': 'StandingSave'}}, {'type': {'value': 1, 'displayName': 'Longball'}}, {'type': {'value': 56, 'displayName': 'Zone'}, 'value': 'Center'}, {'type': {'value': 213, 'displayName': 'Angle'}, 'value': '1.3'}, {'type': {'value': 20, 'displayName': 'RightFoot'}}]","[91, 137, 124, 126, 36, 37, 217, 218]",True,296363.0,88.5,56.4,,,,,,,,,
2465877237.0,370,50,20.0,29,8.0,35.5,55,"{'value': 2, 'displayName': 'SecondHalf'}","{'value': 12, 'displayName': 'Clearance'}","{'value': 1, 'displayName': 'Successful'}","[{'type': {'value': 56, 'displayName': 'Zone'}, 'value': 'Back'}, {'type': {'value': 212, 'displayName': 'Length'}, 'value': '15.0'}, {'type': {'value': 140, 'displayName': 'PassEndX'}, 'value': '16.8'}, {'type': {'value': 213, 'displayName': 'Angle'}, 'value': '0.9'}, {'type': {'value': 178, 'displayName': 'StandingSave'}}, {'type': {'value': 141, 'displayName': 'PassEndY'}, 'value': '52.8'}]","[91, 94, 95, 215]",True,255167.0,16.8,52.8,,,,,,,,,
2465877243.0,520,50,21.0,161,82.8,47.4,55,"{'value': 2, 'displayName': 'SecondHalf'}","{'value': 13, 'displayName': 'MissedShots'}","{'value': 1, 'displayName': 'Successful'}","[{'type': {'value': 102, 'displayName': 'GoalMouthY'}, 'value': '43.2'}, {'type': {'value': 178, 'displayName': 'StandingSave'}}, {'type': {'value': 22, 'displayName': 'RegularPlay'}}, {'type': {'value': 103, 'displayName': 'GoalMouthZ'}, 'value': '6.9'}, {'type': {'value': 20, 'displayName': 'RightFoot'}}, {'type': {'value': 18, 'displayName': 'OutOfBoxCentre'}}, {'type': {'value': 56, 'displayName': 'Zone'}, 'value': 'Center'}]","[91, 7, 10, 89, 2, 3, 12]",True,140088.0,,,,,,,6.9,43.2,True,,
2465877729.0,372,50,44.0,29,5.3,46.1,55,"{'value': 2, 'displayName': 'SecondHalf'}","{'value': 1, 'displayName': 'Pass'}","{'value': 1, 'displayName': 'Successful'}","[{'type': {'value': 124, 'displayName': 'GoalKick'}}, {'type': {'value': 74, 'displayName': 'MissHigh'}}, {'type': {'value': 141, 'displayName': 'PassEndY'}, 'value': '4.6'}, {'type': {'value': 212, 'displayName': 'Length'}, 'value': '39.6'}, {'type': {'value': 140, 'displayName': 'PassEndX'}, 'value': '31.8'}, {'type': {'value': 155, 'displayName': 'Chipped'}}, {'type': {'value': 1, 'displayName': 'Longball'}}, {'type': {'value': 56, 'displayName': 'Zone'}, 'value': 'Back'}, {'type': {'value': 213, 'displayName': 'Angle'}, 'value': '5.5'}]","[91, 117, 124, 127, 36, 38, 215, 218]",True,20973.0,31.8,4.6,,,,,,,,,
2465877771.0,373,50,47.0,29,32.2,5.3,55,"{'value': 2, 'displayName': 'SecondHalf'}","{'value': 1, 'displayName': 'Pass'}","{'value': 1, 'displayName': 'Successful'}","[{'type': {'value': 141, 'displayName': 'PassEndY'}, 'value': '17.8'}, {'type': {'value': 178, 'displayName': 'StandingSave'}}, {'type': {'value': 56, 'displayName': 'Zone'}, 'value': 'Back'}, {'type': {'value': 212, 'displayName': 'Length'}, 'value': '9.0'}, {'type': {'value': 140, 'displayName': 'PassEndX'}, 'value': '34.9'}, {'type': {'value': 213, 'displayName': 'Angle'}, 'value': '1.2'}]","[91, 117, 30, 36, 37, 216, 218]",True,255167.0,34.9,17.8,,,,,,,,,
2465877775.0,374,50,50.0,29,40.6,14.8,55,"{'value': 2, 'displayName': 'SecondHalf'}","{'value': 50, 'displayName': 'Dispossessed'}","{'value': 1, 'displayName': 'Successful'}","[{'type': {'value': 56, 'displayName': 'Zone'}, 'value': 'Back'}, {'type': {'value': 233, 'displayName': 'OppositeRelatedEvent'}, 'value': '522'}, {'type': {'value': 286, 'displayName': 'Offensive'}}]","[91, 70]",True,143595.0,,,,,,,,,,,
2465877795.0,522,50,50.0,161,59.4,85.2,55,"{'value': 2, 'displayName': 'SecondHalf'}","{'value': 7, 'displayName': 'Tackle'}","{'value': 1, 'displayName': 'Successful'}","[{'type': {'value': 285, 'displayName': 'Defensive'}}, {'type': {'value': 233, 'displayName': 'OppositeRelatedEvent'}, 'value': '374'}, {'type': {'value': 56, 'displayName': 'Zone'}, 'value': 'Left'}, {'type': {'value': 178, 'displayName': 'StandingSave'}}]","[91, 143]",True,394933.0,,,,,,,,,,,
2465877807.0,523,50,51.0,161,59.3,78.5,55,"{'value': 2, 'displayName': 'SecondHalf'}","{'value': 49, 'displayName': 'BallRecovery'}","{'value': 1, 'displayName': 'Successful'}",[],[93],False,247995.0,,,,,,,,,,,
2465877829.0,524,50,52.0,161,63.6,80.0,55,"{'value': 2, 'displayName': 'SecondHalf'}","{'value': 3, 'displayName': 'TakeOn'}","{'value': 0, 'displayName': 'Unsuccessful'}","[{'type': {'value': 233, 'displayName': 'OppositeRelatedEvent'}, 'value': '375'}, {'type': {'value': 286, 'displayName': 'Offensive'}}, {'type': {'value': 56, 'displayName': 'Zone'}, 'value': 'Left'}, {'type': {'value': 178, 'displayName': 'StandingSave'}}]","[91, 53]",True,247995.0,,,,,,,,,,,
2465877827.0,375,50,52.0,29,36.4,20.0,55,"{'value': 2, 'displayName': 'SecondHalf'}","{'value': 7, 'displayName': 'Tackle'}","{'value': 0, 'displayName': 'Unsuccessful'}","[{'type': {'value': 233, 'displayName': 'OppositeRelatedEvent'}, 'value': '524'}, {'type': {'value': 285, 'displayName': 'Defensive'}}, {'type': {'value': 56, 'displayName': 'Zone'}, 'value': 'Back'}, {'type': {'value': 178, 'displayName': 'StandingSave'}}]","[91, 142]",True,255167.0,,,,,,,,,,,
2465877913.0,525,50,57.0,161,53.0,69.9,55,"{'value': 2, 'displayName': 'SecondHalf'}","{'value': 1, 'displayName': 'Pass'}","{'value': 0, 'displayName': 'Unsuccessful'}","[{'type': {'value': 213, 'displayName': 'Angle'}, 'value': '5.3'}, {'type': {'value': 56, 'displayName': 'Zone'}, 'value': 'Center'}, {'type': {'value': 212, 'displayName': 'Length'}, 'value': '19.9'}, {'type': {'value': 140, 'displayName': 'PassEndX'}, 'value': '64.1'}, {'type': {'value': 178, 'displayName': 'StandingSave'}}, {'type': {'value': 141, 'displayName': 'PassEndY'}, 'value': '46.1'}]","[91, 120, 29, 36, 38, 216, 218]",True,16161.0,64.1,46.1,,,,,,,,,
2465877935.0,376,50,58.0,29,33.3,54.6,55,"{'value': 2, 'displayName': 'SecondHalf'}","{'value': 8, 'displayName': 'Interception'}","{'value': 1, 'displayName': 'Successful'}","[{'type': {'value': 56, 'displayName': 'Zone'}, 'value': 'Back'}, {'type': {'value': 178, 'displayName': 'StandingSave'}}]","[91, 101, 56]",True,332325.0,,,,,,,,,,,
2465877959.0,377,50,58.0,29,35.0,47.3,55,"{'value': 2, 'displayName': 'SecondHalf'}","{'value': 49, 'displayName': 'BallRecovery'}","{'value': 1, 'displayName': 'Successful'}",[],[93],False,332325.0,,,,,,,,,,,
2465877979.0,378,50,59.0,29,42.9,47.2,55,"{'value': 2, 'displayName': 'SecondHalf'}","{'value': 61, 'displayName': 'BallTouch'}","{'value': 0, 'displayName': 'Unsuccessful'}","[{'type': {'value': 178, 'displayName': 'StandingSave'}}, {'type': {'value': 56, 'displayName': 'Zone'}, 'value': 'Back'}]","[91, 69]",True,332325.0,,,,,,,,,,,
2465878009.0,526,51,0.0,161,57.0,54.0,56,"{'value': 2, 'displayName': 'SecondHalf'}","{'value': 1, 'displayName': 'Pass'}","{'value': 1, 'displayName': 'Successful'}","[{'type': {'value': 178, 'displayName': 'StandingSave'}}, {'type': {'value': 56, 'displayName': 'Zone'}, 'value': 'Center'}, {'type': {'value': 140, 'displayName': 'PassEndX'}, 'value': '66.4'}, {'type': {'value': 212, 'displayName': 'Length'}, 'value': '12.0'}, {'type': {'value': 213, 'displayName': 'Angle'}, 'value': '0.6'}, {'type': {'value': 141, 'displayName': 'PassEndY'}, 'value': '64.1'}]","[91, 119, 117, 30, 36, 37, 216, 218]",True,16161.0,66.4,64.1,,,,,,,,,
2465878069.0,527,51,2.0,161,60.2,71.5,56,"{'value': 2, 'displayName': 'SecondHalf'}","{'value': 49, 'displayName': 'BallRecovery'}","{'value': 1, 'displayName': 'Successful'}",[],[93],False,300513.0,,,,,,,,,,,
2465878133.0,528,51,2.0,161,64.1,69.3,56,"{'value': 2, 'displayName': 'SecondHalf'}","{'value': 1, 'displayName': 'Pass'}","{'value': 1, 'displayName': 'Successful'}","[{'type': {'value': 213, 'displayName': 'Angle'}, 'value': '0.2'}, {'type': {'value': 56, 'displayName': 'Zone'}, 'value': 'Center'}, {'type': {'value': 140, 'displayName': 'PassEndX'}, 'value': '79.9'}, {'type': {'value': 178, 'displayName': 'StandingSave'}}, {'type': {'value': 141, 'displayName': 'PassEndY'}, 'value': '74.6'}, {'type': {'value': 212, 'displayName': 'Length'}, 'value': '17.0'}]","[91, 119, 117, 30, 205, 36, 37, 217, 218]",True,300513.0,79.9,74.6,,,,,,,,,
2465878147.0,529,51,5.0,161,87.8,69.5,56,"{'value': 2, 'displayName': 'SecondHalf'}","{'value': 3, 'displayName': 'TakeOn'}","{'value': 0, 'displayName': 'Unsuccessful'}","[{'type': {'value': 178, 'displayName': 'StandingSave'}}, {'type': {'value': 286, 'displayName': 'Offensive'}}, {'type': {'value': 211, 'displayName': 'OverRun'}}, {'type': {'value': 56, 'displayName': 'Zone'}, 'value': 'Center'}]","[91, 204]",True,140088.0,,,,,,,,,,,
2465878475.0,380,51,12.0,29,0.0,0.0,56,"{'value': 2, 'displayName': 'SecondHalf'}","{'value': 17, 'displayName': 'Card'}","{'value': 1, 'displayName': 'Successful'}","[{'type': {'value': 31, 'displayName': 'Yellow'}}, {'type': {'value': 13, 'displayName': 'Foul'}, 'value': '243'}]",[65],False,332325.0,,,,,,,,,,"{'value': 31, 'displayName': 'Yellow'}",
2465878993.0,381,51,41.0,29,5.1,59.6,56,"{'value': 2, 'displayName': 'SecondHalf'}","{'value': 1, 'displayName': 'Pass'}","{'value': 1, 'displayName': 'Successful'}","[{'type': {'value': 56, 'displayName': 'Zone'}, 'value': 'Back'}, {'type': {'value': 213, 'displayName': 'Angle'}, 'value': '4.5'}, {'type': {'value': 212, 'displayName': 'Length'}, 'value': '6.0'}, {'type': {'value': 124, 'displayName': 'GoalKick'}}, {'type': {'value': 140, 'displayName': 'PassEndX'}, 'value': '4.1'}, {'type': {'value': 141, 'displayName': 'PassEndY'}, 'value': '50.9'}]","[91, 117, 30, 35, 38, 215, 218]",True,106086.0,4.1,50.9,,,,,,,,,
2465879043.0,383,51,46.0,29,13.4,39.4,56,"{'value': 2, 'displayName': 'SecondHalf'}","{'value': 1, 'displayName': 'Pass'}","{'value': 0, 'displayName': 'Unsuccessful'}","[{'type': {'value': 56, 'displayName': 'Zone'}, 'value': 'Center'}, {'type': {'value': 178, 'displayName': 'StandingSave'}}, {'type': {'value': 140, 'displayName': 'PassEndX'}, 'value': '62.9'}, {'type': {'value': 141, 'displayName': 'PassEndY'}, 'value': '54.2'}, {'type': {'value': 213, 'displayName': 'Angle'}, 'value': '0.2'}, {'type': {'value': 212, 'displayName': 'Length'}, 'value': '52.9'}, {'type': {'value': 1, 'displayName': 'Longball'}}, {'type': {'value': 155, 'displayName': 'Chipped'}}]","[91, 120, 124, 128, 36, 37, 216, 218]",True,20973.0,62.9,54.2,,,,,,,,,
2465879093.0,531,51,48.0,161,35.3,50.0,56,"{'value': 2, 'displayName': 'SecondHalf'}","{'value': 1, 'displayName': 'Pass'}","{'value': 0, 'displayName': 'Unsuccessful'}","[{'type': {'value': 212, 'displayName': 'Length'}, 'value': '32.0'}, {'type': {'value': 3, 'displayName': 'HeadPass'}}, {'type': {'value': 141, 'displayName': 'PassEndY'}, 'value': '85.1'}, {'type': {'value': 1, 'displayName': 'Longball'}}, {'type': {'value': 213, 'displayName': 'Angle'}, 'value': '0.8'}, {'type': {'value': 56, 'displayName': 'Zone'}, 'value': 'Left'}, {'type': {'value': 140, 'displayName': 'PassEndX'}, 'value': '55.6'}]","[91, 120, 139, 128, 36, 37, 216, 218]",True,238244.0,55.6,85.1,,,,,,,,,
2465879193.0,384,51,54.0,29,36.7,10.0,56,"{'value': 2, 'displayName': 'SecondHalf'}","{'value': 1, 'displayName': 'Pass'}","{'value': 1, 'displayName': 'Successful'}","[{'type': {'value': 213, 'displayName': 'Angle'}, 'value': '2.7'}, {'type': {'value': 178, 'displayName': 'StandingSave'}}, {'type': {'value': 56, 'displayName': 'Zone'}, 'value': 'Back'}, {'type': {'value': 212, 'displayName': 'Length'}, 'value': '18.4'}, {'type': {'value': 140, 'displayName': 'PassEndX'}, 'value': '20.9'}, {'type': {'value': 141, 'displayName': 'PassEndY'}, 'value': '21.7'}]","[91, 117, 30, 35, 37, 215, 218]",True,255167.0,20.9,21.7,,,,,,,,,
2465879279.0,385,51,57.0,29,21.0,21.7,56,"{'value': 2, 'displayName': 'SecondHalf'}","{'value': 1, 'displayName': 'Pass'}","{'value': 1, 'displayName': 'Successful'}","[{'type': {'value': 140, 'displayName': 'PassEndX'}, 'value': '3.5'}, {'type': {'value': 212, 'displayName': 'Length'}, 'value': '29.7'}, {'type': {'value': 141, 'displayName': 'PassEndY'}, 'value': '56.1'}, {'type': {'value': 213, 'displayName': 'Angle'}, 'value': '2.2'}, {'type': {'value': 178, 'displayName': 'StandingSave'}}, {'type': {'value': 56, 'displayName': 'Zone'}, 'value': 'Back'}]","[91, 117, 30, 35, 37, 215, 218]",True,73063.0,3.5,56.1,,,,,,,,,
2465879335.0,386,52,2.0,29,7.6,67.2,57,"{'value': 2, 'displayName': 'SecondHalf'}","{'value': 1, 'displayName': 'Pass'}","{'value': 0, 'displayName': 'Unsuccessful'}","[{'type': {'value': 178, 'displayName': 'StandingSave'}}, {'type': {'value': 213, 'displayName': 'Angle'}, 'value': '6.3'}, {'type': {'value': 212, 'displayName': 'Length'}, 'value': '48.3'}, {'type': {'value': 1, 'displayName': 'Longball'}}, {'type': {'value': 155, 'displayName': 'Chipped'}}, {'type': {'value': 140, 'displayName': 'PassEndX'}, 'value': '53.6'}, {'type': {'value': 141, 'displayName': 'PassEndY'}, 'value': '65.9'}, {'type': {'value': 56, 'displayName': 'Zone'}, 'value': 'Center'}]","[91, 120, 124, 128, 36, 38, 216, 218]",True,20973.0,53.6,65.9,,,,,,,,,
2465879359.0,532,52,5.0,161,44.9,35.7,57,"{'value': 2, 'displayName': 'SecondHalf'}","{'value': 1, 'displayName': 'Pass'}","{'value': 0, 'displayName': 'Unsuccessful'}","[{'type': {'value': 141, 'displayName': 'PassEndY'}, 'value': '33.4'}, {'type': {'value': 213, 'displayName': 'Angle'}, 'value': '6.1'}, {'type': {'value': 212, 'displayName': 'Length'}, 'value': '11.6'}, {'type': {'value': 3, 'displayName': 'HeadPass'}}, {'type': {'value': 140, 'displayName': 'PassEndX'}, 'value': '55.8'}, {'type': {'value': 56, 'displayName': 'Zone'}, 'value': 'Center'}]","[91, 120, 29, 139, 36, 38, 216, 218]",True,16161.0,55.8,33.4,,,,,,,,,
2465879389.0,387,52,7.0,29,41.1,59.6,57,"{'value': 2, 'displayName': 'SecondHalf'}","{'value': 1, 'displayName': 'Pass'}","{'value': 1, 'displayName': 'Successful'}","[{'type': {'value': 140, 'displayName': 'PassEndX'}, 'value': '45.5'}, {'type': {'value': 141, 'displayName': 'PassEndY'}, 'value': '64.4'}, {'type': {'value': 213, 'displayName': 'Angle'}, 'value': '0.6'}, {'type': {'value': 56, 'displayName': 'Zone'}, 'value': 'Back'}, {'type': {'value': 212, 'displayName': 'Length'}, 'value': '5.7'}]","[91, 117, 30, 36, 37, 216, 218]",True,332325.0,45.5,64.4,,,,,,,,,
2465879411.0,388,52,8.0,29,45.5,64.4,57,"{'value': 2, 'displayName': 'SecondHalf'}","{'value': 1, 'displayName': 'Pass'}","{'value': 1, 'displayName': 'Successful'}","[{'type': {'value': 56, 'displayName': 'Zone'}, 'value': 'Back'}, {'type': {'value': 141, 'displayName': 'PassEndY'}, 'value': '70.7'}, {'type': {'value': 213, 'displayName': 'Angle'}, 'value': '1.7'}, {'type': {'value': 140, 'displayName': 'PassEndX'}, 'value': '44.9'}, {'type': {'value': 212, 'displayName': 'Length'}, 'value': '4.3'}, {'type': {'value': 178, 'displayName': 'StandingSave'}}]","[91, 117, 30, 35, 37, 216, 218]",True,319756.0,44.9,70.7,,,,,,,,,
2465879565.0,389,52,9.0,29,44.9,70.7,57,"{'value': 2, 'displayName': 'SecondHalf'}","{'value': 1, 'displayName': 'Pass'}","{'value': 1, 'displayName': 'Successful'}","[{'type': {'value': 213, 'displayName': 'Angle'}, 'value': '0.1'}, {'type': {'value': 56, 'displayName': 'Zone'}, 'value': 'Center'}, {'type': {'value': 140, 'displayName': 'PassEndX'}, 'value': '57.4'}, {'type': {'value': 178, 'displayName': 'StandingSave'}}, {'type': {'value': 212, 'displayName': 'Length'}, 'value': '13.2'}, {'type': {'value': 141, 'displayName': 'PassEndY'}, 'value': '72.2'}]","[91, 119, 117, 30, 36, 37, 216, 218]",True,297203.0,57.4,72.2,,,,,,,,,
2466023451.0,733,52,13.0,29,58.0,72.3,57,"{'value': 2, 'displayName': 'SecondHalf'}","{'value': 3, 'displayName': 'TakeOn'}","{'value': 1, 'displayName': 'Successful'}","[{'type': {'value': 178, 'displayName': 'StandingSave'}}, {'type': {'value': 233, 'displayName': 'OppositeRelatedEvent'}, 'value': '948'}, {'type': {'value': 56, 'displayName': 'Zone'}, 'value': 'Center'}, {'type': {'value': 286, 'displayName': 'Offensive'}}]","[91, 54]",True,302650.0,,,,,,,,,,,
2466023425.0,948,52,13.0,161,42.0,27.7,57,"{'value': 2, 'displayName': 'SecondHalf'}","{'value': 45, 'displayName': 'Challenge'}","{'value': 0, 'displayName': 'Unsuccessful'}","[{'type': {'value': 56, 'displayName': 'Zone'}, 'value': 'Back'}, {'type': {'value': 233, 'displayName': 'OppositeRelatedEvent'}, 'value': '733'}, {'type': {'value': 285, 'displayName': 'Defensive'}}]",[55],False,16161.0,,,,,,,,,,,
2465879655.0,391,52,15.0,29,69.7,71.3,57,"{'value': 2, 'displayName': 'SecondHalf'}","{'value': 1, 'displayName': 'Pass'}","{'value': 1, 'displayName': 'Successful'}","[{'type': {'value': 140, 'displayName': 'PassEndX'}, 'value': '74.1'}, {'type': {'value': 56, 'displayName': 'Zone'}, 'value': 'Left'}, {'type': {'value': 213, 'displayName': 'Angle'}, 'value': '0.9'}, {'type': {'value': 141, 'displayName': 'PassEndY'}, 'value': '80.6'}, {'type': {'value': 178, 'displayName': 'StandingSave'}}, {'type': {'value': 212, 'displayName': 'Length'}, 'value': '7.8'}]","[91, 119, 117, 30, 205, 36, 37, 217, 218]",True,302650.0,74.1,80.6,,,,,,,,,
2465879671.0,392,52,17.0,29,79.0,81.9,57,"{'value': 2, 'displayName': 'SecondHalf'}","{'value': 1, 'displayName': 'Pass'}","{'value': 0, 'displayName': 'Unsuccessful'}","[{'type': {'value': 212, 'displayName': 'Length'}, 'value': '28.8'}, {'type': {'value': 178, 'displayName': 'StandingSave'}}, {'type': {'value': 213, 'displayName': 'Angle'}, 'value': '5.0'}, {'type': {'value': 141, 'displayName': 'PassEndY'}, 'value': '41.6'}, {'type': {'value': 56, 'displayName': 'Zone'}, 'value': 'Center'}, {'type': {'value': 140, 'displayName': 'PassEndX'}, 'value': '87.4'}]","[91, 120, 29, 36, 38, 217, 218]",True,332325.0,87.4,41.6,,,,,,,,,
2465879777.0,534,52,18.0,161,14.3,55.2,57,"{'value': 2, 'displayName': 'SecondHalf'}","{'value': 12, 'displayName': 'Clearance'}","{'value': 1, 'displayName': 'Successful'}","[{'type': {'value': 213, 'displayName': 'Angle'}, 'value': '5.5'}, {'type': {'value': 212, 'displayName': 'Length'}, 'value': '19.0'}, {'type': {'value': 178, 'displayName': 'StandingSave'}}, {'type': {'value': 140, 'displayName': 'PassEndX'}, 'value': '27.7'}, {'type': {'value': 141, 'displayName': 'PassEndY'}, 'value': '36.4'}, {'type': {'value': 56, 'displayName': 'Zone'}, 'value': 'Back'}]","[91, 94, 95, 215]",True,355401.0,27.7,36.4,,,,,,,,,
2465879741.0,393,52,22.0,29,73.0,54.6,57,"{'value': 2, 'displayName': 'SecondHalf'}","{'value': 15, 'displayName': 'SavedShot'}","{'value': 1, 'displayName': 'Successful'}","[{'type': {'value': 18, 'displayName': 'OutOfBoxCentre'}}, {'type': {'value': 147, 'displayName': 'BlockedY'}, 'value': '53.4'}, {'type': {'value': 82, 'displayName': 'Blocked'}}, {'type': {'value': 20, 'displayName': 'RightFoot'}}, {'type': {'value': 233, 'displayName': 'OppositeRelatedEvent'}, 'value': '535'}, {'type': {'value': 146, 'displayName': 'BlockedX'}, 'value': '76.7'}, {'type': {'value': 56, 'displayName': 'Zone'}, 'value': 'Center'}, {'type': {'value': 102, 'displayName': 'GoalMouthY'}, 'value': '46.0'}, {'type': {'value': 22, 'displayName': 'RegularPlay'}}, {'type': {'value': 80, 'displayName': 'LowRight'}}, {'type': {'value': 178, 'displayName': 'StandingSave'}}, {'type': {'value': 103, 'displayName': 'GoalMouthZ'}, 'value': '19'}]","[91, 10, 2, 3, 11, 12]",True,297203.0,,,,,76.7,53.4,19.0,46.0,True,,
2465879783.0,535,52,22.0,161,24.2,44.1,57,"{'value': 2, 'displayName': 'SecondHalf'}","{'value': 10, 'displayName': 'Save'}","{'value': 1, 'displayName': 'Successful'}","[{'type': {'value': 233, 'displayName': 'OppositeRelatedEvent'}, 'value': '393'}, {'type': {'value': 56, 'displayName': 'Zone'}, 'value': 'Back'}, {'type': {'value': 178, 'displayName': 'StandingSave'}}, {'type': {'value': 94, 'displayName': 'OutfielderBlock'}}]","[91, 58]",True,296363.0,,,,,,,,,,,
2465879763.0,394,52,22.0,29,73.0,54.6,57,"{'value': 2, 'displayName': 'SecondHalf'}","{'value': 61, 'displayName': 'BallTouch'}","{'value': 1, 'displayName': 'Successful'}","[{'type': {'value': 56, 'displayName': 'Zone'}, 'value': 'Center'}, {'type': {'value': 178, 'displayName': 'StandingSave'}}]",[91],True,297203.0,,,,,,,,,,,
2465879799.0,536,52,23.0,161,25.2,37.7,57,"{'value': 2, 'displayName': 'SecondHalf'}","{'value': 49, 'displayName': 'BallRecovery'}","{'value': 1, 'displayName': 'Successful'}",[],[93],False,16161.0,,,,,,,,,,,
2465879843.0,537,52,24.0,161,25.2,37.7,57,"{'value': 2, 'displayName': 'SecondHalf'}","{'value': 1, 'displayName': 'Pass'}","{'value': 1, 'displayName': 'Successful'}","[{'type': {'value': 212, 'displayName': 'Length'}, 'value': '10.1'}, {'type': {'value': 140, 'displayName': 'PassEndX'}, 'value': '25.6'}, {'type': {'value': 178, 'displayName': 'StandingSave'}}, {'type': {'value': 141, 'displayName': 'PassEndY'}, 'value': '22.8'}, {'type': {'value': 56, 'displayName': 'Zone'}, 'value': 'Back'}, {'type': {'value': 213, 'displayName': 'Angle'}, 'value': '4.8'}]","[91, 117, 30, 36, 38, 215, 218]",True,16161.0,25.6,22.8,,,,,,,,,
2465879859.0,538,52,27.0,161,26.1,14.9,57,"{'value': 2, 'displayName': 'SecondHalf'}","{'value': 3, 'displayName': 'TakeOn'}","{'value': 0, 'displayName': 'Unsuccessful'}","[{'type': {'value': 233, 'displayName': 'OppositeRelatedEvent'}, 'value': '395'}, {'type': {'value': 285, 'displayName': 'Defensive'}}, {'type': {'value': 56, 'displayName': 'Zone'}, 'value': 'Back'}, {'type': {'value': 178, 'displayName': 'StandingSave'}}]","[91, 53]",True,394933.0,,,,,,,,,,,
2465879883.0,395,52,27.0,29,73.9,85.1,57,"{'value': 2, 'displayName': 'SecondHalf'}","{'value': 7, 'displayName': 'Tackle'}","{'value': 1, 'displayName': 'Successful'}","[{'type': {'value': 286, 'displayName': 'Offensive'}}, {'type': {'value': 233, 'displayName': 'OppositeRelatedEvent'}, 'value': '538'}, {'type': {'value': 56, 'displayName': 'Zone'}, 'value': 'Left'}, {'type': {'value': 178, 'displayName': 'StandingSave'}}]","[91, 143]",True,297203.0,,,,,,,,,,,
2465879885.0,396,52,29.0,29,72.8,92.9,57,"{'value': 2, 'displayName': 'SecondHalf'}","{'value': 49, 'displayName': 'BallRecovery'}","{'value': 1, 'displayName': 'Successful'}",[],[93],False,297203.0,,,,,,,,,,,
2465879957.0,397,52,31.0,29,80.8,90.8,57,"{'value': 2, 'displayName': 'SecondHalf'}","{'value': 50, 'displayName': 'Dispossessed'}","{'value': 1, 'displayName': 'Successful'}","[{'type': {'value': 233, 'displayName': 'OppositeRelatedEvent'}, 'value': '539'}, {'type': {'value': 56, 'displayName': 'Zone'}, 'value': 'Left'}, {'type': {'value': 286, 'displayName': 'Offensive'}}]","[91, 70]",True,297203.0,,,,,,,,,,,
2465880011.0,539,52,31.0,161,19.2,9.2,57,"{'value': 2, 'displayName': 'SecondHalf'}","{'value': 7, 'displayName': 'Tackle'}","{'value': 0, 'displayName': 'Unsuccessful'}","[{'type': {'value': 178, 'displayName': 'StandingSave'}}, {'type': {'value': 285, 'displayName': 'Defensive'}}, {'type': {'value': 233, 'displayName': 'OppositeRelatedEvent'}, 'value': '397'}, {'type': {'value': 56, 'displayName': 'Zone'}, 'value': 'Back'}]","[91, 142]",True,394933.0,,,,,,,,,,,
2465879975.0,398,52,32.0,29,82.2,94.4,57,"{'value': 2, 'displayName': 'SecondHalf'}","{'value': 61, 'displayName': 'BallTouch'}","{'value': 1, 'displayName': 'Successful'}","[{'type': {'value': 56, 'displayName': 'Zone'}, 'value': 'Left'}, {'type': {'value': 178, 'displayName': 'StandingSave'}}]",[91],True,297203.0,,,,,,,,,,,
2465880021.0,540,52,33.0,161,20.1,5.0,57,"{'value': 2, 'displayName': 'SecondHalf'}","{'value': 61, 'displayName': 'BallTouch'}","{'value': 0, 'displayName': 'Unsuccessful'}","[{'type': {'value': 178, 'displayName': 'StandingSave'}}, {'type': {'value': 56, 'displayName': 'Zone'}, 'value': 'Back'}]","[91, 69]",True,394933.0,,,,,,,,,,,
2465880533.0,400,53,2.0,29,81.1,100.0,58,"{'value': 2, 'displayName': 'SecondHalf'}","{'value': 1, 'displayName': 'Pass'}","{'value': 1, 'displayName': 'Successful'}","[{'type': {'value': 141, 'displayName': 'PassEndY'}, 'value': '95.4'}, {'type': {'value': 140, 'displayName': 'PassEndX'}, 'value': '89.5'}, {'type': {'value': 212, 'displayName': 'Length'}, 'value': '9.6'}, {'type': {'value': 107, 'displayName': 'ThrowIn'}}, {'type': {'value': 213, 'displayName': 'Angle'}, 'value': '5.9'}, {'type': {'value': 56, 'displayName': 'Zone'}, 'value': 'Left'}]","[91, 212, 36, 38, 217]",True,68049.0,89.5,95.4,,,,,,,,,
2465880541.0,401,53,3.0,29,89.5,95.4,58,"{'value': 2, 'displayName': 'SecondHalf'}","{'value': 61, 'displayName': 'BallTouch'}","{'value': 0, 'displayName': 'Unsuccessful'}","[{'type': {'value': 56, 'displayName': 'Zone'}, 'value': 'Left'}, {'type': {'value': 178, 'displayName': 'StandingSave'}}]","[91, 69]",True,319756.0,,,,,,,,,,,
2465880751.0,543,53,12.0,161,16.5,0.0,58,"{'value': 2, 'displayName': 'SecondHalf'}","{'value': 1, 'displayName': 'Pass'}","{'value': 1, 'displayName': 'Successful'}","[{'type': {'value': 140, 'displayName': 'PassEndX'}, 'value': '7.4'}, {'type': {'value': 213, 'displayName': 'Angle'}, 'value': '2.4'}, {'type': {'value': 56, 'displayName': 'Zone'}, 'value': 'Back'}, {'type': {'value': 212, 'displayName': 'Length'}, 'value': '12.5'}, {'type': {'value': 141, 'displayName': 'PassEndY'}, 'value': '10.7'}, {'type': {'value': 107, 'displayName': 'ThrowIn'}}]","[91, 212, 35, 37, 215]",True,115917.0,7.4,10.7,,,,,,,,,
2465880767.0,544,53,14.0,161,7.7,10.6,58,"{'value': 2, 'displayName': 'SecondHalf'}","{'value': 1, 'displayName': 'Pass'}","{'value': 0, 'displayName': 'Unsuccessful'}","[{'type': {'value': 140, 'displayName': 'PassEndX'}, 'value': '32.0'}, {'type': {'value': 213, 'displayName': 'Angle'}, 'value': '0.3'}, {'type': {'value': 56, 'displayName': 'Zone'}, 'value': 'Back'}, {'type': {'value': 1, 'displayName': 'Longball'}}, {'type': {'value': 212, 'displayName': 'Length'}, 'value': '26.9'}, {'type': {'value': 141, 'displayName': 'PassEndY'}, 'value': '22.9'}, {'type': {'value': 178, 'displayName': 'StandingSave'}}]","[91, 118, 120, 128, 36, 37, 215, 218]",True,238244.0,32.0,22.9,,,,,,,,,
2465880773.0,403,53,15.0,29,65.5,82.1,58,"{'value': 2, 'displayName': 'SecondHalf'}","{'value': 49, 'displayName': 'BallRecovery'}","{'value': 1, 'displayName': 'Successful'}",[],[93],False,332325.0,,,,,,,,,,,
2465880811.0,404,53,17.0,29,68.9,82.1,58,"{'value': 2, 'displayName': 'SecondHalf'}","{'value': 1, 'displayName': 'Pass'}","{'value': 1, 'displayName': 'Successful'}","[{'type': {'value': 141, 'displayName': 'PassEndY'}, 'value': '92.7'}, {'type': {'value': 140, 'displayName': 'PassEndX'}, 'value': '66.7'}, {'type': {'value': 212, 'displayName': 'Length'}, 'value': '7.6'}, {'type': {'value': 56, 'displayName': 'Zone'}, 'value': 'Left'}, {'type': {'value': 213, 'displayName': 'Angle'}, 'value': '1.9'}, {'type': {'value': 178, 'displayName': 'StandingSave'}}]","[91, 119, 117, 30, 205, 35, 37, 217, 218]",True,332325.0,66.7,92.7,,,,,,,,,
2465880837.0,405,53,18.0,29,66.7,93.0,58,"{'value': 2, 'displayName': 'SecondHalf'}","{'value': 1, 'displayName': 'Pass'}","{'value': 1, 'displayName': 'Successful'}","[{'type': {'value': 140, 'displayName': 'PassEndX'}, 'value': '75.9'}, {'type': {'value': 178, 'displayName': 'StandingSave'}}, {'type': {'value': 141, 'displayName': 'PassEndY'}, 'value': '98.3'}, {'type': {'value': 56, 'displayName': 'Zone'}, 'value': 'Left'}, {'type': {'value': 213, 'displayName': 'Angle'}, 'value': '0.4'}, {'type': {'value': 212, 'displayName': 'Length'}, 'value': '10.3'}]","[91, 119, 117, 30, 205, 36, 37, 217, 218]",True,68049.0,75.9,98.3,,,,,,,,,
2465880873.0,406,53,20.0,29,75.9,98.1,58,"{'value': 2, 'displayName': 'SecondHalf'}","{'value': 1, 'displayName': 'Pass'}","{'value': 1, 'displayName': 'Successful'}","[{'type': {'value': 140, 'displayName': 'PassEndX'}, 'value': '71.3'}, {'type': {'value': 141, 'displayName': 'PassEndY'}, 'value': '89.9'}, {'type': {'value': 178, 'displayName': 'StandingSave'}}, {'type': {'value': 56, 'displayName': 'Zone'}, 'value': 'Left'}, {'type': {'value': 213, 'displayName': 'Angle'}, 'value': '4.0'}, {'type': {'value': 212, 'displayName': 'Length'}, 'value': '7.4'}]","[91, 119, 117, 30, 205, 35, 38, 217, 218]",True,297203.0,71.3,89.9,,,,,,,,,
2465880943.0,407,53,21.0,29,71.3,89.9,58,"{'value': 2, 'displayName': 'SecondHalf'}","{'value': 1, 'displayName': 'Pass'}","{'value': 1, 'displayName': 'Successful'}","[{'type': {'value': 140, 'displayName': 'PassEndX'}, 'value': '69.7'}, {'type': {'value': 178, 'displayName': 'StandingSave'}}, {'type': {'value': 56, 'displayName': 'Zone'}, 'value': 'Center'}, {'type': {'value': 212, 'displayName': 'Length'}, 'value': '9.3'}, {'type': {'value': 141, 'displayName': 'PassEndY'}, 'value': '76.4'}, {'type': {'value': 213, 'displayName': 'Angle'}, 'value': '4.5'}]","[91, 119, 117, 30, 205, 35, 38, 217, 218]",True,332325.0,69.7,76.4,,,,,,,,,
2465880963.0,408,53,23.0,29,69.7,76.4,58,"{'value': 2, 'displayName': 'SecondHalf'}","{'value': 1, 'displayName': 'Pass'}","{'value': 1, 'displayName': 'Successful'}","[{'type': {'value': 213, 'displayName': 'Angle'}, 'value': '4.2'}, {'type': {'value': 141, 'displayName': 'PassEndY'}, 'value': '60.9'}, {'type': {'value': 212, 'displayName': 'Length'}, 'value': '12.3'}, {'type': {'value': 140, 'displayName': 'PassEndX'}, 'value': '63.7'}, {'type': {'value': 178, 'displayName': 'StandingSave'}}, {'type': {'value': 56, 'displayName': 'Zone'}, 'value': 'Center'}]","[91, 119, 117, 30, 35, 38, 216, 218]",True,319756.0,63.7,60.9,,,,,,,,,
2465881029.0,409,53,24.0,29,63.7,60.9,58,"{'value': 2, 'displayName': 'SecondHalf'}","{'value': 1, 'displayName': 'Pass'}","{'value': 1, 'displayName': 'Successful'}","[{'type': {'value': 212, 'displayName': 'Length'}, 'value': '16.8'}, {'type': {'value': 56, 'displayName': 'Zone'}, 'value': 'Center'}, {'type': {'value': 213, 'displayName': 'Angle'}, 'value': '4.8'}, {'type': {'value': 140, 'displayName': 'PassEndX'}, 'value': '65.4'}, {'type': {'value': 178, 'displayName': 'StandingSave'}}, {'type': {'value': 210, 'displayName': 'ShotAssist'}, 'value': '15'}, {'type': {'value': 141, 'displayName': 'PassEndY'}, 'value': '36.4'}, {'type': {'value': 11113, 'displayName': 'KeyPass'}}]","[91, 119, 117, 30, 123, 40, 46, 36, 38, 216, 218]",True,143595.0,65.4,36.4,,,,,,,,,
2465881039.0,410,53,28.0,29,76.5,40.0,58,"{'value': 2, 'displayName': 'SecondHalf'}","{'value': 15, 'displayName': 'SavedShot'}","{'value': 1, 'displayName': 'Successful'}","[{'type': {'value': 18, 'displayName': 'OutOfBoxCentre'}}, {'type': {'value': 147, 'displayName': 'BlockedY'}, 'value': '41.3'}, {'type': {'value': 82, 'displayName': 'Blocked'}}, {'type': {'value': 233, 'displayName': 'OppositeRelatedEvent'}, 'value': '545'}, {'type': {'value': 56, 'displayName': 'Zone'}, 'value': 'Center'}, {'type': {'value': 146, 'displayName': 'BlockedX'}, 'value': '80.3'}, {'type': {'value': 20, 'displayName': 'RightFoot'}}, {'type': {'value': 178, 'displayName': 'StandingSave'}}, {'type': {'value': 22, 'displayName': 'RegularPlay'}}, {'type': {'value': 103, 'displayName': 'GoalMouthZ'}, 'value': '19'}, {'type': {'value': 29, 'displayName': 'Assisted'}}, {'type': {'value': 80, 'displayName': 'LowRight'}}, {'type': {'value': 55, 'displayName': 'RelatedEventId'}, 'value': '409'}, {'type': {'value': 102, 'displayName': 'GoalMouthY'}, 'value': '48.2'}]","[91, 10, 2, 3, 11, 12]",True,255167.0,,,409.0,143595.0,80.3,41.3,19.0,48.2,True,,
2465881055.0,545,53,28.0,161,20.9,57.9,58,"{'value': 2, 'displayName': 'SecondHalf'}","{'value': 10, 'displayName': 'Save'}","{'value': 1, 'displayName': 'Successful'}","[{'type': {'value': 94, 'displayName': 'OutfielderBlock'}}, {'type': {'value': 56, 'displayName': 'Zone'}, 'value': 'Back'}, {'type': {'value': 233, 'displayName': 'OppositeRelatedEvent'}, 'value': '410'}, {'type': {'value': 178, 'displayName': 'StandingSave'}}]","[91, 58]",True,368310.0,,,,,,,,,,,
2465881085.0,411,53,32.0,29,89.8,36.0,58,"{'value': 2, 'displayName': 'SecondHalf'}","{'value': 16, 'displayName': 'Goal'}","{'value': 1, 'displayName': 'Successful'}","[{'type': {'value': 102, 'displayName': 'GoalMouthY'}, 'value': '45.9'}, {'type': {'value': 63, 'displayName': 'BoxRight'}}, {'type': {'value': 80, 'displayName': 'LowRight'}}, {'type': {'value': 56, 'displayName': 'Zone'}, 'value': 'Center'}, {'type': {'value': 72, 'displayName': 'LeftFoot'}}, {'type': {'value': 22, 'displayName': 'RegularPlay'}}, {'type': {'value': 178, 'displayName': 'StandingSave'}}, {'type': {'value': 103, 'displayName': 'GoalMouthZ'}, 'value': '4.4'}]","[91, 24, 9, 10, 1, 3, 13, 17, 19, 26]",True,322596.0,,,,,,,4.4,45.9,True,,True
2465882509.0,546,54,46.0,161,49.9,50.1,59,"{'value': 2, 'displayName': 'SecondHalf'}","{'value': 1, 'displayName': 'Pass'}","{'value': 1, 'displayName': 'Successful'}","[{'type': {'value': 56, 'displayName': 'Zone'}, 'value': 'Back'}, {'type': {'value': 141, 'displayName': 'PassEndY'}, 'value': '50.7'}, {'type': {'value': 140, 'displayName': 'PassEndX'}, 'value': '31.3'}, {'type': {'value': 212, 'displayName': 'Length'}, 'value': '19.5'}, {'type': {'value': 213, 'displayName': 'Angle'}, 'value': '3.1'}, {'type': {'value': 178, 'displayName': 'StandingSave'}}]","[91, 117, 30, 35, 37, 215, 218]",True,16161.0,31.3,50.7,,,,,,,,,
2465882567.0,547,54,50.0,161,31.3,50.7,59,"{'value': 2, 'displayName': 'SecondHalf'}","{'value': 1, 'displayName': 'Pass'}","{'value': 0, 'displayName': 'Unsuccessful'}","[{'type': {'value': 1, 'displayName': 'Longball'}}, {'type': {'value': 140, 'displayName': 'PassEndX'}, 'value': '66.5'}, {'type': {'value': 178, 'displayName': 'StandingSave'}}, {'type': {'value': 212, 'displayName': 'Length'}, 'value': '47.0'}, {'type': {'value': 155, 'displayName': 'Chipped'}}, {'type': {'value': 141, 'displayName': 'PassEndY'}, 'value': '8.0'}, {'type': {'value': 56, 'displayName': 'Zone'}, 'value': 'Right'}, {'type': {'value': 213, 'displayName': 'Angle'}, 'value': '5.6'}]","[91, 120, 124, 128, 36, 38, 216, 218]",True,368310.0,66.5,8.0,,,,,,,,,
2465882577.0,412,54,53.0,29,28.7,89.2,59,"{'value': 2, 'displayName': 'SecondHalf'}","{'value': 44, 'displayName': 'Aerial'}","{'value': 1, 'displayName': 'Successful'}","[{'type': {'value': 56, 'displayName': 'Zone'}, 'value': 'Back'}, {'type': {'value': 285, 'displayName': 'Defensive'}}, {'type': {'value': 233, 'displayName': 'OppositeRelatedEvent'}, 'value': '548'}]","[197, 200]",False,68049.0,,,,,,,,,,,
2465882573.0,548,54,53.0,161,71.3,10.8,59,"{'value': 2, 'displayName': 'SecondHalf'}","{'value': 44, 'displayName': 'Aerial'}","{'value': 0, 'displayName': 'Unsuccessful'}","[{'type': {'value': 233, 'displayName': 'OppositeRelatedEvent'}, 'value': '412'}, {'type': {'value': 286, 'displayName': 'Offensive'}}, {'type': {'value': 56, 'displayName': 'Zone'}, 'value': 'Right'}]","[198, 199]",False,394933.0,,,,,,,,,,,
2465882591.0,413,54,53.0,29,24.0,86.3,59,"{'value': 2, 'displayName': 'SecondHalf'}","{'value': 1, 'displayName': 'Pass'}","{'value': 0, 'displayName': 'Unsuccessful'}","[{'type': {'value': 140, 'displayName': 'PassEndX'}, 'value': '38.0'}, {'type': {'value': 212, 'displayName': 'Length'}, 'value': '14.7'}, {'type': {'value': 141, 'displayName': 'PassEndY'}, 'value': '86.7'}, {'type': {'value': 56, 'displayName': 'Zone'}, 'value': 'Back'}, {'type': {'value': 213, 'displayName': 'Angle'}, 'value': '0.0'}, {'type': {'value': 3, 'displayName': 'HeadPass'}}]","[91, 118, 120, 29, 139, 36, 37, 216, 218]",True,68049.0,38.0,86.7,,,,,,,,,
2465882667.0,549,54,56.0,161,55.4,12.9,59,"{'value': 2, 'displayName': 'SecondHalf'}","{'value': 1, 'displayName': 'Pass'}","{'value': 1, 'displayName': 'Successful'}","[{'type': {'value': 141, 'displayName': 'PassEndY'}, 'value': '7.6'}, {'type': {'value': 213, 'displayName': 'Angle'}, 'value': '5.7'}, {'type': {'value': 140, 'displayName': 'PassEndX'}, 'value': '60.2'}, {'type': {'value': 212, 'displayName': 'Length'}, 'value': '6.2'}, {'type': {'value': 56, 'displayName': 'Zone'}, 'value': 'Right'}, {'type': {'value': 178, 'displayName': 'StandingSave'}}]","[91, 119, 117, 30, 36, 38, 216, 218]",True,115917.0,60.2,7.6,,,,,,,,,
2465882721.0,550,54,59.0,161,60.3,7.4,59,"{'value': 2, 'displayName': 'SecondHalf'}","{'value': 1, 'displayName': 'Pass'}","{'value': 1, 'displayName': 'Successful'}","[{'type': {'value': 56, 'displayName': 'Zone'}, 'value': 'Right'}, {'type': {'value': 213, 'displayName': 'Angle'}, 'value': '6.2'}, {'type': {'value': 141, 'displayName': 'PassEndY'}, 'value': '5.8'}, {'type': {'value': 212, 'displayName': 'Length'}, 'value': '25.1'}, {'type': {'value': 140, 'displayName': 'PassEndX'}, 'value': '84.2'}, {'type': {'value': 178, 'displayName': 'StandingSave'}}]","[91, 119, 117, 30, 205, 36, 38, 217, 218]",True,296363.0,84.2,5.8,,,,,,,,,
2465882763.0,551,55,2.0,161,86.5,6.4,60,"{'value': 2, 'displayName': 'SecondHalf'}","{'value': 1, 'displayName': 'Pass'}","{'value': 1, 'displayName': 'Successful'}","[{'type': {'value': 212, 'displayName': 'Length'}, 'value': '27.5'}, {'type': {'value': 140, 'displayName': 'PassEndX'}, 'value': '83.8'}, {'type': {'value': 20, 'displayName': 'RightFoot'}}, {'type': {'value': 141, 'displayName': 'PassEndY'}, 'value': '46.6'}, {'type': {'value': 56, 'displayName': 'Zone'}, 'value': 'Center'}, {'type': {'value': 213, 'displayName': 'Angle'}, 'value': '1.7'}, {'type': {'value': 178, 'displayName': 'StandingSave'}}, {'type': {'value': 2, 'displayName': 'Cross'}}]","[91, 119, 137, 125, 35, 37, 217, 218]",True,247995.0,83.8,46.6,,,,,,,,,
2465882769.0,552,55,3.0,161,84.0,46.3,60,"{'value': 2, 'displayName': 'SecondHalf'}","{'value': 61, 'displayName': 'BallTouch'}","{'value': 0, 'displayName': 'Unsuccessful'}","[{'type': {'value': 178, 'displayName': 'StandingSave'}}, {'type': {'value': 56, 'displayName': 'Zone'}, 'value': 'Center'}]","[91, 69]",True,300513.0,,,,,,,,,,,
2465882853.0,414,55,4.0,29,18.9,49.1,60,"{'value': 2, 'displayName': 'SecondHalf'}","{'value': 12, 'displayName': 'Clearance'}","{'value': 1, 'displayName': 'Successful'}","[{'type': {'value': 213, 'displayName': 'Angle'}, 'value': '1.8'}, {'type': {'value': 178, 'displayName': 'StandingSave'}}, {'type': {'value': 212, 'displayName': 'Length'}, 'value': '3.4'}, {'type': {'value': 141, 'displayName': 'PassEndY'}, 'value': '54.0'}, {'type': {'value': 56, 'displayName': 'Zone'}, 'value': 'Back'}, {'type': {'value': 140, 'displayName': 'PassEndX'}, 'value': '18.2'}]","[91, 94, 95, 215]",True,322596.0,18.2,54.0,,,,,,,,,
2465882809.0,553,55,4.0,161,80.1,42.7,60,"{'value': 2, 'displayName': 'SecondHalf'}","{'value': 61, 'displayName': 'BallTouch'}","{'value': 1, 'displayName': 'Successful'}","[{'type': {'value': 56, 'displayName': 'Zone'}, 'value': 'Center'}, {'type': {'value': 178, 'displayName': 'StandingSave'}}]",[91],True,300513.0,,,,,,,,,,,
2465882843.0,554,55,6.0,161,69.4,51.9,60,"{'value': 2, 'displayName': 'SecondHalf'}","{'value': 1, 'displayName': 'Pass'}","{'value': 1, 'displayName': 'Successful'}","[{'type': {'value': 56, 'displayName': 'Zone'}, 'value': 'Center'}, {'type': {'value': 140, 'displayName': 'PassEndX'}, 'value': '75.5'}, {'type': {'value': 210, 'displayName': 'ShotAssist'}, 'value': '15'}, {'type': {'value': 212, 'displayName': 'Length'}, 'value': '19.2'}, {'type': {'value': 178, 'displayName': 'StandingSave'}}, {'type': {'value': 141, 'displayName': 'PassEndY'}, 'value': '78.5'}, {'type': {'value': 213, 'displayName': 'Angle'}, 'value': '1.2'}, {'type': {'value': 11113, 'displayName': 'KeyPass'}}]","[91, 119, 117, 30, 123, 205, 40, 46, 36, 37, 217, 218]",True,16161.0,75.5,78.5,,,,,,,,,
2465882869.0,415,55,9.0,29,21.8,24.7,60,"{'value': 2, 'displayName': 'SecondHalf'}","{'value': 45, 'displayName': 'Challenge'}","{'value': 0, 'displayName': 'Unsuccessful'}","[{'type': {'value': 285, 'displayName': 'Defensive'}}, {'type': {'value': 233, 'displayName': 'OppositeRelatedEvent'}, 'value': '555'}, {'type': {'value': 56, 'displayName': 'Zone'}, 'value': 'Back'}]",[55],False,255167.0,,,,,,,,,,,
2465882887.0,555,55,9.0,161,78.2,75.3,60,"{'value': 2, 'displayName': 'SecondHalf'}","{'value': 3, 'displayName': 'TakeOn'}","{'value': 1, 'displayName': 'Successful'}","[{'type': {'value': 286, 'displayName': 'Offensive'}}, {'type': {'value': 178, 'displayName': 'StandingSave'}}, {'type': {'value': 56, 'displayName': 'Zone'}, 'value': 'Center'}, {'type': {'value': 233, 'displayName': 'OppositeRelatedEvent'}, 'value': '415'}]","[91, 54]",True,355401.0,,,,,,,,,,,
2465882907.0,416,55,10.0,29,18.9,36.5,60,"{'value': 2, 'displayName': 'SecondHalf'}","{'value': 45, 'displayName': 'Challenge'}","{'value': 0, 'displayName': 'Unsuccessful'}","[{'type': {'value': 285, 'displayName': 'Defensive'}}, {'type': {'value': 56, 'displayName': 'Zone'}, 'value': 'Back'}, {'type': {'value': 233, 'displayName': 'OppositeRelatedEvent'}, 'value': '556'}]",[55],False,332325.0,,,,,,,,,,,
2465882933.0,556,55,10.0,161,81.1,63.5,60,"{'value': 2, 'displayName': 'SecondHalf'}","{'value': 3, 'displayName': 'TakeOn'}","{'value': 1, 'displayName': 'Successful'}","[{'type': {'value': 233, 'displayName': 'OppositeRelatedEvent'}, 'value': '416'}, {'type': {'value': 286, 'displayName': 'Offensive'}}, {'type': {'value': 178, 'displayName': 'StandingSave'}}, {'type': {'value': 56, 'displayName': 'Zone'}, 'value': 'Center'}]","[91, 54]",True,355401.0,,,,,,,,,,,
2465882941.0,557,55,11.0,161,81.3,55.3,60,"{'value': 2, 'displayName': 'SecondHalf'}","{'value': 15, 'displayName': 'SavedShot'}","{'value': 1, 'displayName': 'Successful'}","[{'type': {'value': 102, 'displayName': 'GoalMouthY'}, 'value': '52.7'}, {'type': {'value': 55, 'displayName': 'RelatedEventId'}, 'value': '554'}, {'type': {'value': 178, 'displayName': 'StandingSave'}}, {'type': {'value': 146, 'displayName': 'BlockedX'}, 'value': '83.0'}, {'type': {'value': 18, 'displayName': 'OutOfBoxCentre'}}, {'type': {'value': 233, 'displayName': 'OppositeRelatedEvent'}, 'value': '417'}, {'type': {'value': 20, 'displayName': 'RightFoot'}}, {'type': {'value': 22, 'displayName': 'RegularPlay'}}, {'type': {'value': 103, 'displayName': 'GoalMouthZ'}, 'value': '19'}, {'type': {'value': 29, 'displayName': 'Assisted'}}, {'type': {'value': 76, 'displayName': 'LowLeft'}}, {'type': {'value': 56, 'displayName': 'Zone'}, 'value': 'Center'}, {'type': {'value': 82, 'displayName': 'Blocked'}}, {'type': {'value': 147, 'displayName': 'BlockedY'}, 'value': '55.1'}]","[91, 10, 2, 3, 11, 12]",True,355401.0,,,554.0,16161.0,83.0,55.1,19.0,52.7,True,,
2465882999.0,417,55,11.0,29,18.0,44.6,60,"{'value': 2, 'displayName': 'SecondHalf'}","{'value': 10, 'displayName': 'Save'}","{'value': 1, 'displayName': 'Successful'}","[{'type': {'value': 56, 'displayName': 'Zone'}, 'value': 'Back'}, {'type': {'value': 233, 'displayName': 'OppositeRelatedEvent'}, 'value': '557'}, {'type': {'value': 94, 'displayName': 'OutfielderBlock'}}, {'type': {'value': 178, 'displayName': 'StandingSave'}}]","[91, 58]",True,322596.0,,,,,,,,,,,
2465883035.0,418,55,15.0,29,18.9,44.8,60,"{'value': 2, 'displayName': 'SecondHalf'}","{'value': 6, 'displayName': 'CornerAwarded'}","{'value': 0, 'displayName': 'Unsuccessful'}","[{'type': {'value': 73, 'displayName': 'MissLeft'}}, {'type': {'value': 56, 'displayName': 'Zone'}, 'value': 'Back'}, {'type': {'value': 233, 'displayName': 'OppositeRelatedEvent'}, 'value': '558'}]",[122],False,322596.0,,,,,,,,,,,
2465882995.0,558,55,15.0,161,81.1,55.2,60,"{'value': 2, 'displayName': 'SecondHalf'}","{'value': 6, 'displayName': 'CornerAwarded'}","{'value': 1, 'displayName': 'Successful'}","[{'type': {'value': 75, 'displayName': 'MissRight'}}, {'type': {'value': 56, 'displayName': 'Zone'}, 'value': 'Center'}, {'type': {'value': 233, 'displayName': 'OppositeRelatedEvent'}, 'value': '418'}]",[122],False,355401.0,,,,,,,,,,,
2465883363.0,559,55,34.0,161,99.5,0.5,60,"{'value': 2, 'displayName': 'SecondHalf'}","{'value': 1, 'displayName': 'Pass'}","{'value': 0, 'displayName': 'Unsuccessful'}","[{'type': {'value': 6, 'displayName': 'CornerTaken'}}, {'type': {'value': 20, 'displayName': 'RightFoot'}}, {'type': {'value': 213, 'displayName': 'Angle'}, 'value': '1.9'}, {'type': {'value': 2, 'displayName': 'Cross'}}, {'type': {'value': 212, 'displayName': 'Length'}, 'value': '33.5'}, {'type': {'value': 178, 'displayName': 'StandingSave'}}, {'type': {'value': 140, 'displayName': 'PassEndX'}, 'value': '87.8'}, {'type': {'value': 1, 'displayName': 'Longball'}}, {'type': {'value': 155, 'displayName': 'Chipped'}}, {'type': {'value': 56, 'displayName': 'Zone'}, 'value': 'Center'}, {'type': {'value': 141, 'displayName': 'PassEndY'}, 'value': '46.3'}]","[91, 137, 124, 126, 31, 33, 34, 35, 37, 217, 218]",True,247995.0,87.8,46.3,,,,,,,,,
2465883385.0,419,55,35.0,29,8.9,62.0,60,"{'value': 2, 'displayName': 'SecondHalf'}","{'value': 12, 'displayName': 'Clearance'}","{'value': 1, 'displayName': 'Successful'}","[{'type': {'value': 15, 'displayName': 'Head'}}, {'type': {'value': 56, 'displayName': 'Zone'}, 'value': 'Back'}, {'type': {'value': 141, 'displayName': 'PassEndY'}, 'value': '41.9'}, {'type': {'value': 213, 'displayName': 'Angle'}, 'value': '5.7'}, {'type': {'value': 140, 'displayName': 'PassEndX'}, 'value': '29.5'}, {'type': {'value': 212, 'displayName': 'Length'}, 'value': '25.6'}]","[91, 94, 95, 57, 215]",True,319756.0,29.5,41.9,,,,,,,,,
2465883431.0,560,55,37.0,161,67.9,64.5,60,"{'value': 2, 'displayName': 'SecondHalf'}","{'value': 1, 'displayName': 'Pass'}","{'value': 1, 'displayName': 'Successful'}","[{'type': {'value': 212, 'displayName': 'Length'}, 'value': '7.7'}, {'type': {'value': 178, 'displayName': 'StandingSave'}}, {'type': {'value': 213, 'displayName': 'Angle'}, 'value': '3.8'}, {'type': {'value': 56, 'displayName': 'Zone'}, 'value': 'Center'}, {'type': {'value': 141, 'displayName': 'PassEndY'}, 'value': '57.2'}, {'type': {'value': 3, 'displayName': 'HeadPass'}}, {'type': {'value': 140, 'displayName': 'PassEndX'}, 'value': '62.3'}]","[91, 119, 117, 30, 139, 35, 38, 216, 218]",True,355401.0,62.3,57.2,,,,,,,,,
2465883473.0,561,55,39.0,161,62.3,57.0,60,"{'value': 2, 'displayName': 'SecondHalf'}","{'value': 1, 'displayName': 'Pass'}","{'value': 1, 'displayName': 'Successful'}","[{'type': {'value': 178, 'displayName': 'StandingSave'}}, {'type': {'value': 56, 'displayName': 'Zone'}, 'value': 'Center'}, {'type': {'value': 213, 'displayName': 'Angle'}, 'value': '4.6'}, {'type': {'value': 141, 'displayName': 'PassEndY'}, 'value': '35.2'}, {'type': {'value': 140, 'displayName': 'PassEndX'}, 'value': '60.8'}, {'type': {'value': 212, 'displayName': 'Length'}, 'value': '14.9'}]","[91, 119, 117, 30, 35, 38, 216, 218]",True,296363.0,60.8,35.2,,,,,,,,,
2465883533.0,562,55,41.0,161,61.6,33.7,60,"{'value': 2, 'displayName': 'SecondHalf'}","{'value': 1, 'displayName': 'Pass'}","{'value': 1, 'displayName': 'Successful'}","[{'type': {'value': 56, 'displayName': 'Zone'}, 'value': 'Right'}, {'type': {'value': 140, 'displayName': 'PassEndX'}, 'value': '75.2'}, {'type': {'value': 212, 'displayName': 'Length'}, 'value': '24.3'}, {'type': {'value': 213, 'displayName': 'Angle'}, 'value': '5.3'}, {'type': {'value': 178, 'displayName': 'StandingSave'}}, {'type': {'value': 141, 'displayName': 'PassEndY'}, 'value': '4.7'}]","[91, 119, 117, 30, 205, 36, 38, 217, 218]",True,16161.0,75.2,4.7,,,,,,,,,
2465883567.0,563,55,44.0,161,80.9,4.8,60,"{'value': 2, 'displayName': 'SecondHalf'}","{'value': 1, 'displayName': 'Pass'}","{'value': 0, 'displayName': 'Unsuccessful'}","[{'type': {'value': 141, 'displayName': 'PassEndY'}, 'value': '60.2'}, {'type': {'value': 140, 'displayName': 'PassEndX'}, 'value': '88.3'}, {'type': {'value': 20, 'displayName': 'RightFoot'}}, {'type': {'value': 178, 'displayName': 'StandingSave'}}, {'type': {'value': 1, 'displayName': 'Longball'}}, {'type': {'value': 155, 'displayName': 'Chipped'}}, {'type': {'value': 213, 'displayName': 'Angle'}, 'value': '1.4'}, {'type': {'value': 212, 'displayName': 'Length'}, 'value': '38.5'}, {'type': {'value': 56, 'displayName': 'Zone'}, 'value': 'Center'}, {'type': {'value': 2, 'displayName': 'Cross'}}]","[91, 137, 124, 126, 36, 37, 217, 218]",True,247995.0,88.3,60.2,,,,,,,,,
2465883601.0,420,55,46.0,29,7.8,36.8,60,"{'value': 2, 'displayName': 'SecondHalf'}","{'value': 12, 'displayName': 'Clearance'}","{'value': 1, 'displayName': 'Successful'}","[{'type': {'value': 56, 'displayName': 'Zone'}, 'value': 'Back'}, {'type': {'value': 213, 'displayName': 'Angle'}, 'value': '5.1'}, {'type': {'value': 212, 'displayName': 'Length'}, 'value': '11.7'}, {'type': {'value': 141, 'displayName': 'PassEndY'}, 'value': '21.2'}, {'type': {'value': 15, 'displayName': 'Head'}}, {'type': {'value': 140, 'displayName': 'PassEndX'}, 'value': '12.4'}]","[91, 94, 95, 57, 215]",True,255167.0,12.4,21.2,,,,,,,,,
2465883627.0,564,55,49.0,161,86.0,72.9,60,"{'value': 2, 'displayName': 'SecondHalf'}","{'value': 15, 'displayName': 'SavedShot'}","{'value': 1, 'displayName': 'Successful'}","[{'type': {'value': 76, 'displayName': 'LowLeft'}}, {'type': {'value': 233, 'displayName': 'OppositeRelatedEvent'}, 'value': '421'}, {'type': {'value': 56, 'displayName': 'Zone'}, 'value': 'Center'}, {'type': {'value': 147, 'displayName': 'BlockedY'}, 'value': '68.8'}, {'type': {'value': 22, 'displayName': 'RegularPlay'}}, {'type': {'value': 64, 'displayName': 'BoxLeft'}}, {'type': {'value': 20, 'displayName': 'RightFoot'}}, {'type': {'value': 102, 'displayName': 'GoalMouthY'}, 'value': '52.0'}, {'type': {'value': 82, 'displayName': 'Blocked'}}, {'type': {'value': 103, 'displayName': 'GoalMouthZ'}, 'value': '19'}, {'type': {'value': 178, 'displayName': 'StandingSave'}}, {'type': {'value': 146, 'displayName': 'BlockedX'}, 'value': '88.8'}]","[91, 10, 1, 3, 11, 12]",True,238244.0,,,,,88.8,68.8,19.0,52.0,True,,
2465883633.0,421,55,49.0,29,10.9,28.3,60,"{'value': 2, 'displayName': 'SecondHalf'}","{'value': 10, 'displayName': 'Save'}","{'value': 1, 'displayName': 'Successful'}","[{'type': {'value': 233, 'displayName': 'OppositeRelatedEvent'}, 'value': '564'}, {'type': {'value': 56, 'displayName': 'Zone'}, 'value': 'Back'}, {'type': {'value': 94, 'displayName': 'OutfielderBlock'}}]","[91, 58]",True,143595.0,,,,,,,,,,,
2465883691.0,565,55,54.0,161,86.1,29.0,60,"{'value': 2, 'displayName': 'SecondHalf'}","{'value': 50, 'displayName': 'Dispossessed'}","{'value': 1, 'displayName': 'Successful'}","[{'type': {'value': 56, 'displayName': 'Zone'}, 'value': 'Center'}, {'type': {'value': 233, 'displayName': 'OppositeRelatedEvent'}, 'value': '422'}, {'type': {'value': 286, 'displayName': 'Offensive'}}]","[91, 70]",True,247995.0,,,,,,,,,,,
2465883705.0,422,55,54.0,29,13.9,71.0,60,"{'value': 2, 'displayName': 'SecondHalf'}","{'value': 7, 'displayName': 'Tackle'}","{'value': 1, 'displayName': 'Successful'}","[{'type': {'value': 56, 'displayName': 'Zone'}, 'value': 'Back'}, {'type': {'value': 285, 'displayName': 'Defensive'}}, {'type': {'value': 178, 'displayName': 'StandingSave'}}, {'type': {'value': 233, 'displayName': 'OppositeRelatedEvent'}, 'value': '565'}]","[91, 143]",True,319756.0,,,,,,,,,,,
2465883709.0,423,55,55.0,29,17.9,69.9,60,"{'value': 2, 'displayName': 'SecondHalf'}","{'value': 49, 'displayName': 'BallRecovery'}","{'value': 1, 'displayName': 'Successful'}",[],[93],False,319756.0,,,,,,,,,,,
2465883753.0,424,55,55.0,29,17.9,69.9,60,"{'value': 2, 'displayName': 'SecondHalf'}","{'value': 1, 'displayName': 'Pass'}","{'value': 1, 'displayName': 'Successful'}","[{'type': {'value': 178, 'displayName': 'StandingSave'}}, {'type': {'value': 213, 'displayName': 'Angle'}, 'value': '5.8'}, {'type': {'value': 140, 'displayName': 'PassEndX'}, 'value': '23.3'}, {'type': {'value': 141, 'displayName': 'PassEndY'}, 'value': '66.0'}, {'type': {'value': 212, 'displayName': 'Length'}, 'value': '6.3'}, {'type': {'value': 56, 'displayName': 'Zone'}, 'value': 'Back'}]","[91, 117, 30, 36, 38, 215, 218]",True,319756.0,23.3,66.0,,,,,,,,,
2465883763.0,425,55,56.0,29,23.3,66.0,60,"{'value': 2, 'displayName': 'SecondHalf'}","{'value': 1, 'displayName': 'Pass'}","{'value': 0, 'displayName': 'Unsuccessful'}","[{'type': {'value': 56, 'displayName': 'Zone'}, 'value': 'Back'}, {'type': {'value': 178, 'displayName': 'StandingSave'}}, {'type': {'value': 233, 'displayName': 'OppositeRelatedEvent'}, 'value': '566'}, {'type': {'value': 140, 'displayName': 'PassEndX'}, 'value': '23.9'}, {'type': {'value': 141, 'displayName': 'PassEndY'}, 'value': '67.7'}, {'type': {'value': 213, 'displayName': 'Angle'}, 'value': '1.1'}, {'type': {'value': 286, 'displayName': 'Offensive'}}, {'type': {'value': 212, 'displayName': 'Length'}, 'value': '1.3'}]","[91, 118, 120, 29, 36, 37, 215, 218]",True,297203.0,23.9,67.7,,,,,,,,,
2465883769.0,566,55,57.0,161,69.7,31.6,60,"{'value': 2, 'displayName': 'SecondHalf'}","{'value': 74, 'displayName': 'BlockedPass'}","{'value': 1, 'displayName': 'Successful'}","[{'type': {'value': 178, 'displayName': 'StandingSave'}}, {'type': {'value': 285, 'displayName': 'Defensive'}}, {'type': {'value': 233, 'displayName': 'OppositeRelatedEvent'}, 'value': '425'}, {'type': {'value': 56, 'displayName': 'Zone'}, 'value': 'Center'}]","[91, 60]",True,115917.0,,,,,,,,,,,
2465883783.0,567,55,58.0,161,68.8,32.2,60,"{'value': 2, 'displayName': 'SecondHalf'}","{'value': 49, 'displayName': 'BallRecovery'}","{'value': 1, 'displayName': 'Successful'}",[],[93],False,115917.0,,,,,,,,,,,
2465883881.0,568,55,58.0,161,66.3,33.6,60,"{'value': 2, 'displayName': 'SecondHalf'}","{'value': 1, 'displayName': 'Pass'}","{'value': 1, 'displayName': 'Successful'}","[{'type': {'value': 213, 'displayName': 'Angle'}, 'value': '2.8'}, {'type': {'value': 141, 'displayName': 'PassEndY'}, 'value': '46.1'}, {'type': {'value': 212, 'displayName': 'Length'}, 'value': '24.2'}, {'type': {'value': 178, 'displayName': 'StandingSave'}}, {'type': {'value': 140, 'displayName': 'PassEndX'}, 'value': '44.7'}, {'type': {'value': 56, 'displayName': 'Zone'}, 'value': 'Back'}]","[91, 117, 30, 35, 37, 216, 218]",True,115917.0,44.7,46.1,,,,,,,,,
2465883897.0,569,56,2.0,161,43.1,47.3,61,"{'value': 2, 'displayName': 'SecondHalf'}","{'value': 1, 'displayName': 'Pass'}","{'value': 1, 'displayName': 'Successful'}","[{'type': {'value': 140, 'displayName': 'PassEndX'}, 'value': '45.3'}, {'type': {'value': 178, 'displayName': 'StandingSave'}}, {'type': {'value': 56, 'displayName': 'Zone'}, 'value': 'Back'}, {'type': {'value': 141, 'displayName': 'PassEndY'}, 'value': '72.1'}, {'type': {'value': 213, 'displayName': 'Angle'}, 'value': '1.4'}, {'type': {'value': 212, 'displayName': 'Length'}, 'value': '17.0'}]","[91, 117, 30, 36, 37, 216, 218]",True,296363.0,45.3,72.1,,,,,,,,,
2465883931.0,570,56,4.0,161,45.3,72.1,61,"{'value': 2, 'displayName': 'SecondHalf'}","{'value': 1, 'displayName': 'Pass'}","{'value': 1, 'displayName': 'Successful'}","[{'type': {'value': 213, 'displayName': 'Angle'}, 'value': '0.5'}, {'type': {'value': 141, 'displayName': 'PassEndY'}, 'value': '91.4'}, {'type': {'value': 212, 'displayName': 'Length'}, 'value': '29.9'}, {'type': {'value': 140, 'displayName': 'PassEndX'}, 'value': '70.9'}, {'type': {'value': 178, 'displayName': 'StandingSave'}}, {'type': {'value': 56, 'displayName': 'Zone'}, 'value': 'Left'}]","[91, 119, 117, 30, 205, 36, 37, 217, 218]",True,238244.0,70.9,91.4,,,,,,,,,
2465883959.0,571,56,8.0,161,76.4,84.8,61,"{'value': 2, 'displayName': 'SecondHalf'}","{'value': 61, 'displayName': 'BallTouch'}","{'value': 1, 'displayName': 'Successful'}","[{'type': {'value': 56, 'displayName': 'Zone'}, 'value': 'Left'}, {'type': {'value': 178, 'displayName': 'StandingSave'}}]",[91],True,355401.0,,,,,,,,,,,
2466025533.0,949,56,10.0,161,93.0,82.7,61,"{'value': 2, 'displayName': 'SecondHalf'}","{'value': 3, 'displayName': 'TakeOn'}","{'value': 0, 'displayName': 'Unsuccessful'}","[{'type': {'value': 286, 'displayName': 'Offensive'}}, {'type': {'value': 178, 'displayName': 'StandingSave'}}, {'type': {'value': 56, 'displayName': 'Zone'}, 'value': 'Left'}]","[91, 53]",True,140088.0,,,,,,,,,,,
2465884131.0,572,56,17.0,161,85.3,95.0,61,"{'value': 2, 'displayName': 'SecondHalf'}","{'value': 1, 'displayName': 'Pass'}","{'value': 1, 'displayName': 'Successful'}","[{'type': {'value': 140, 'displayName': 'PassEndX'}, 'value': '85.2'}, {'type': {'value': 56, 'displayName': 'Zone'}, 'value': 'Left'}, {'type': {'value': 141, 'displayName': 'PassEndY'}, 'value': '84.1'}, {'type': {'value': 212, 'displayName': 'Length'}, 'value': '7.4'}, {'type': {'value': 178, 'displayName': 'StandingSave'}}, {'type': {'value': 213, 'displayName': 'Angle'}, 'value': '4.7'}]","[91, 119, 117, 30, 205, 35, 38, 217, 218]",True,140088.0,85.2,84.1,,,,,,,,,
2465885045.0,573,57,17.0,161,0.0,0.0,62,"{'value': 2, 'displayName': 'SecondHalf'}","{'value': 18, 'displayName': 'SubstitutionOff'}","{'value': 1, 'displayName': 'Successful'}","[{'type': {'value': 44, 'displayName': 'PlayerPosition'}, 'value': 'Forward'}, {'type': {'value': 55, 'displayName': 'RelatedEventId'}, 'value': '574'}, {'type': {'value': 59, 'displayName': 'JerseyNumber'}, 'value': '17'}]",[214],False,247995.0,,,574.0,24248.0,,,,,,,
2465885057.0,574,57,17.0,161,0.0,0.0,62,"{'value': 2, 'displayName': 'SecondHalf'}","{'value': 19, 'displayName': 'SubstitutionOn'}","{'value': 1, 'displayName': 'Successful'}","[{'type': {'value': 59, 'displayName': 'JerseyNumber'}, 'value': '29'}, {'type': {'value': 55, 'displayName': 'RelatedEventId'}, 'value': '573'}, {'type': {'value': 44, 'displayName': 'PlayerPosition'}, 'value': 'Forward'}, {'type': {'value': 145, 'displayName': 'FormationSlot'}, 'value': '9'}]",[213],False,24248.0,,,573.0,247995.0,,,,,,,
2465885973.0,576,58,15.0,161,67.6,68.1,63,"{'value': 2, 'displayName': 'SecondHalf'}","{'value': 1, 'displayName': 'Pass'}","{'value': 1, 'displayName': 'Successful'}","[{'type': {'value': 56, 'displayName': 'Zone'}, 'value': 'Center'}, {'type': {'value': 213, 'displayName': 'Angle'}, 'value': '3.4'}, {'type': {'value': 212, 'displayName': 'Length'}, 'value': '9.4'}, {'type': {'value': 140, 'displayName': 'PassEndX'}, 'value': '59.0'}, {'type': {'value': 141, 'displayName': 'PassEndY'}, 'value': '64.3'}, {'type': {'value': 178, 'displayName': 'StandingSave'}}]","[91, 119, 117, 30, 35, 38, 216, 218]",True,394933.0,59.0,64.3,,,,,,,,,
2465885993.0,577,58,17.0,161,59.0,64.2,63,"{'value': 2, 'displayName': 'SecondHalf'}","{'value': 1, 'displayName': 'Pass'}","{'value': 1, 'displayName': 'Successful'}","[{'type': {'value': 141, 'displayName': 'PassEndY'}, 'value': '33.9'}, {'type': {'value': 56, 'displayName': 'Zone'}, 'value': 'Center'}, {'type': {'value': 140, 'displayName': 'PassEndX'}, 'value': '57.8'}, {'type': {'value': 213, 'displayName': 'Angle'}, 'value': '4.7'}, {'type': {'value': 178, 'displayName': 'StandingSave'}}, {'type': {'value': 212, 'displayName': 'Length'}, 'value': '20.6'}]","[91, 119, 117, 30, 35, 38, 216, 218]",True,16161.0,57.8,33.9,,,,,,,,,
2465886013.0,578,58,19.0,161,58.8,32.4,63,"{'value': 2, 'displayName': 'SecondHalf'}","{'value': 1, 'displayName': 'Pass'}","{'value': 1, 'displayName': 'Successful'}","[{'type': {'value': 212, 'displayName': 'Length'}, 'value': '13.9'}, {'type': {'value': 56, 'displayName': 'Zone'}, 'value': 'Center'}, {'type': {'value': 213, 'displayName': 'Angle'}, 'value': '6.0'}, {'type': {'value': 141, 'displayName': 'PassEndY'}, 'value': '26.2'}, {'type': {'value': 140, 'displayName': 'PassEndX'}, 'value': '71.4'}, {'type': {'value': 178, 'displayName': 'StandingSave'}}]","[91, 119, 117, 30, 205, 36, 38, 217, 218]",True,238244.0,71.4,26.2,,,,,,,,,
2465886047.0,579,58,20.0,161,71.0,26.5,63,"{'value': 2, 'displayName': 'SecondHalf'}","{'value': 1, 'displayName': 'Pass'}","{'value': 1, 'displayName': 'Successful'}","[{'type': {'value': 212, 'displayName': 'Length'}, 'value': '13.7'}, {'type': {'value': 141, 'displayName': 'PassEndY'}, 'value': '7.1'}, {'type': {'value': 178, 'displayName': 'StandingSave'}}, {'type': {'value': 213, 'displayName': 'Angle'}, 'value': '5.0'}, {'type': {'value': 56, 'displayName': 'Zone'}, 'value': 'Right'}, {'type': {'value': 140, 'displayName': 'PassEndX'}, 'value': '74.4'}]","[91, 119, 117, 30, 205, 36, 38, 217, 218]",True,140088.0,74.4,7.1,,,,,,,,,
2465886071.0,580,58,23.0,161,74.7,10.4,63,"{'value': 2, 'displayName': 'SecondHalf'}","{'value': 1, 'displayName': 'Pass'}","{'value': 1, 'displayName': 'Successful'}","[{'type': {'value': 56, 'displayName': 'Zone'}, 'value': 'Center'}, {'type': {'value': 178, 'displayName': 'StandingSave'}}, {'type': {'value': 140, 'displayName': 'PassEndX'}, 'value': '65.4'}, {'type': {'value': 213, 'displayName': 'Angle'}, 'value': '2.2'}, {'type': {'value': 212, 'displayName': 'Length'}, 'value': '16.2'}, {'type': {'value': 141, 'displayName': 'PassEndY'}, 'value': '29.4'}]","[91, 119, 117, 30, 35, 37, 216, 218]",True,296363.0,65.4,29.4,,,,,,,,,
2465886093.0,581,58,25.0,161,65.4,28.8,63,"{'value': 2, 'displayName': 'SecondHalf'}","{'value': 1, 'displayName': 'Pass'}","{'value': 1, 'displayName': 'Successful'}","[{'type': {'value': 140, 'displayName': 'PassEndX'}, 'value': '56.0'}, {'type': {'value': 178, 'displayName': 'StandingSave'}}, {'type': {'value': 141, 'displayName': 'PassEndY'}, 'value': '26.8'}, {'type': {'value': 213, 'displayName': 'Angle'}, 'value': '3.3'}, {'type': {'value': 56, 'displayName': 'Zone'}, 'value': 'Center'}, {'type': {'value': 212, 'displayName': 'Length'}, 'value': '10.0'}]","[91, 119, 117, 30, 35, 38, 216, 218]",True,16161.0,56.0,26.8,,,,,,,,,
2465886139.0,582,58,26.0,161,57.1,29.7,63,"{'value': 2, 'displayName': 'SecondHalf'}","{'value': 1, 'displayName': 'Pass'}","{'value': 1, 'displayName': 'Successful'}","[{'type': {'value': 141, 'displayName': 'PassEndY'}, 'value': '64.0'}, {'type': {'value': 140, 'displayName': 'PassEndX'}, 'value': '59.3'}, {'type': {'value': 56, 'displayName': 'Zone'}, 'value': 'Center'}, {'type': {'value': 212, 'displayName': 'Length'}, 'value': '23.4'}, {'type': {'value': 178, 'displayName': 'StandingSave'}}, {'type': {'value': 213, 'displayName': 'Angle'}, 'value': '1.5'}]","[91, 119, 117, 30, 36, 37, 216, 218]",True,238244.0,59.3,64.0,,,,,,,,,
2465886169.0,583,58,30.0,161,59.5,63.6,63,"{'value': 2, 'displayName': 'SecondHalf'}","{'value': 1, 'displayName': 'Pass'}","{'value': 0, 'displayName': 'Unsuccessful'}","[{'type': {'value': 178, 'displayName': 'StandingSave'}}, {'type': {'value': 56, 'displayName': 'Zone'}, 'value': 'Center'}, {'type': {'value': 141, 'displayName': 'PassEndY'}, 'value': '77.2'}, {'type': {'value': 213, 'displayName': 'Angle'}, 'value': '0.2'}, {'type': {'value': 140, 'displayName': 'PassEndX'}, 'value': '100.0'}, {'type': {'value': 212, 'displayName': 'Length'}, 'value': '44.6'}, {'type': {'value': 1, 'displayName': 'Longball'}}, {'type': {'value': 155, 'displayName': 'Chipped'}}]","[91, 120, 124, 128, 36, 37, 217, 218]",True,368310.0,100.0,77.2,,,,,,,,,
2465886649.0,431,59,5.0,29,5.3,51.5,64,"{'value': 2, 'displayName': 'SecondHalf'}","{'value': 1, 'displayName': 'Pass'}","{'value': 1, 'displayName': 'Successful'}","[{'type': {'value': 140, 'displayName': 'PassEndX'}, 'value': '60.4'}, {'type': {'value': 1, 'displayName': 'Longball'}}, {'type': {'value': 56, 'displayName': 'Zone'}, 'value': 'Center'}, {'type': {'value': 213, 'displayName': 'Angle'}, 'value': '0.2'}, {'type': {'value': 141, 'displayName': 'PassEndY'}, 'value': '70.5'}, {'type': {'value': 124, 'displayName': 'GoalKick'}}, {'type': {'value': 74, 'displayName': 'MissHigh'}}, {'type': {'value': 155, 'displayName': 'Chipped'}}, {'type': {'value': 212, 'displayName': 'Length'}, 'value': '59.3'}]","[91, 119, 117, 124, 127, 36, 37, 216, 218]",True,20973.0,60.4,70.5,,,,,,,,,
2465886663.0,432,59,9.0,29,62.0,68.8,64,"{'value': 2, 'displayName': 'SecondHalf'}","{'value': 44, 'displayName': 'Aerial'}","{'value': 1, 'displayName': 'Successful'}","[{'type': {'value': 286, 'displayName': 'Offensive'}}, {'type': {'value': 233, 'displayName': 'OppositeRelatedEvent'}, 'value': '585'}, {'type': {'value': 56, 'displayName': 'Zone'}, 'value': 'Center'}]","[197, 199]",False,319756.0,,,,,,,,,,,
2465886653.0,585,59,9.0,161,38.0,31.2,64,"{'value': 2, 'displayName': 'SecondHalf'}","{'value': 44, 'displayName': 'Aerial'}","{'value': 0, 'displayName': 'Unsuccessful'}","[{'type': {'value': 56, 'displayName': 'Zone'}, 'value': 'Back'}, {'type': {'value': 285, 'displayName': 'Defensive'}}, {'type': {'value': 233, 'displayName': 'OppositeRelatedEvent'}, 'value': '432'}]","[198, 200]",False,16161.0,,,,,,,,,,,
2465886679.0,433,59,9.0,29,60.6,70.2,64,"{'value': 2, 'displayName': 'SecondHalf'}","{'value': 1, 'displayName': 'Pass'}","{'value': 0, 'displayName': 'Unsuccessful'}","[{'type': {'value': 56, 'displayName': 'Zone'}, 'value': 'Center'}, {'type': {'value': 140, 'displayName': 'PassEndX'}, 'value': '64.7'}, {'type': {'value': 3, 'displayName': 'HeadPass'}}, {'type': {'value': 212, 'displayName': 'Length'}, 'value': '5.0'}, {'type': {'value': 213, 'displayName': 'Angle'}, 'value': '0.5'}, {'type': {'value': 141, 'displayName': 'PassEndY'}, 'value': '74.0'}]","[91, 120, 29, 139, 36, 37, 216, 218]",True,319756.0,64.7,74.0,,,,,,,,,
2465886707.0,586,59,12.0,161,30.8,24.3,64,"{'value': 2, 'displayName': 'SecondHalf'}","{'value': 61, 'displayName': 'BallTouch'}","{'value': 0, 'displayName': 'Unsuccessful'}","[{'type': {'value': 178, 'displayName': 'StandingSave'}}, {'type': {'value': 56, 'displayName': 'Zone'}, 'value': 'Back'}]","[91, 69]",True,115917.0,,,,,,,,,,,
2465886713.0,434,59,12.0,29,65.2,75.4,64,"{'value': 2, 'displayName': 'SecondHalf'}","{'value': 3, 'displayName': 'TakeOn'}","{'value': 0, 'displayName': 'Unsuccessful'}","[{'type': {'value': 286, 'displayName': 'Offensive'}}, {'type': {'value': 56, 'displayName': 'Zone'}, 'value': 'Center'}, {'type': {'value': 178, 'displayName': 'StandingSave'}}, {'type': {'value': 233, 'displayName': 'OppositeRelatedEvent'}, 'value': '587'}]","[91, 53]",True,319756.0,,,,,,,,,,,
2465886727.0,587,59,12.0,161,34.8,24.6,64,"{'value': 2, 'displayName': 'SecondHalf'}","{'value': 7, 'displayName': 'Tackle'}","{'value': 0, 'displayName': 'Unsuccessful'}","[{'type': {'value': 178, 'displayName': 'StandingSave'}}, {'type': {'value': 233, 'displayName': 'OppositeRelatedEvent'}, 'value': '434'}, {'type': {'value': 285, 'displayName': 'Defensive'}}, {'type': {'value': 56, 'displayName': 'Zone'}, 'value': 'Back'}]","[91, 142]",True,115917.0,,,,,,,,,,,
2465886889.0,435,59,13.0,29,63.3,75.8,64,"{'value': 2, 'displayName': 'SecondHalf'}","{'value': 61, 'displayName': 'BallTouch'}","{'value': 1, 'displayName': 'Successful'}","[{'type': {'value': 178, 'displayName': 'StandingSave'}}, {'type': {'value': 56, 'displayName': 'Zone'}, 'value': 'Center'}]",[91],True,319756.0,,,,,,,,,,,
2465886753.0,588,59,14.0,161,32.0,22.5,64,"{'value': 2, 'displayName': 'SecondHalf'}","{'value': 1, 'displayName': 'Pass'}","{'value': 1, 'displayName': 'Successful'}","[{'type': {'value': 141, 'displayName': 'PassEndY'}, 'value': '34.0'}, {'type': {'value': 178, 'displayName': 'StandingSave'}}, {'type': {'value': 212, 'displayName': 'Length'}, 'value': '8.7'}, {'type': {'value': 56, 'displayName': 'Zone'}, 'value': 'Back'}, {'type': {'value': 140, 'displayName': 'PassEndX'}, 'value': '35.7'}, {'type': {'value': 213, 'displayName': 'Angle'}, 'value': '1.1'}]","[91, 117, 30, 36, 37, 216, 218]",True,115917.0,35.7,34.0,,,,,,,,,
2465886761.0,589,59,14.0,161,35.7,34.0,64,"{'value': 2, 'displayName': 'SecondHalf'}","{'value': 49, 'displayName': 'BallRecovery'}","{'value': 1, 'displayName': 'Successful'}",[],[93],False,16161.0,,,,,,,,,,,
2465886767.0,590,59,15.0,161,35.7,34.0,64,"{'value': 2, 'displayName': 'SecondHalf'}","{'value': 1, 'displayName': 'Pass'}","{'value': 1, 'displayName': 'Successful'}","[{'type': {'value': 141, 'displayName': 'PassEndY'}, 'value': '30.4'}, {'type': {'value': 140, 'displayName': 'PassEndX'}, 'value': '21.9'}, {'type': {'value': 178, 'displayName': 'StandingSave'}}, {'type': {'value': 212, 'displayName': 'Length'}, 'value': '14.7'}, {'type': {'value': 213, 'displayName': 'Angle'}, 'value': '3.3'}, {'type': {'value': 56, 'displayName': 'Zone'}, 'value': 'Back'}]","[91, 117, 30, 35, 38, 215, 218]",True,16161.0,21.9,30.4,,,,,,,,,
2465886797.0,591,59,17.0,161,21.8,30.6,64,"{'value': 2, 'displayName': 'SecondHalf'}","{'value': 1, 'displayName': 'Pass'}","{'value': 1, 'displayName': 'Successful'}","[{'type': {'value': 140, 'displayName': 'PassEndX'}, 'value': '4.4'}, {'type': {'value': 213, 'displayName': 'Angle'}, 'value': '2.7'}, {'type': {'value': 56, 'displayName': 'Zone'}, 'value': 'Back'}, {'type': {'value': 212, 'displayName': 'Length'}, 'value': '20.6'}, {'type': {'value': 141, 'displayName': 'PassEndY'}, 'value': '44.6'}, {'type': {'value': 178, 'displayName': 'StandingSave'}}]","[91, 117, 30, 35, 37, 215, 218]",True,238244.0,4.4,44.6,,,,,,,,,
2465886867.0,592,59,20.0,161,4.6,43.4,64,"{'value': 2, 'displayName': 'SecondHalf'}","{'value': 1, 'displayName': 'Pass'}","{'value': 1, 'displayName': 'Successful'}","[{'type': {'value': 178, 'displayName': 'StandingSave'}}, {'type': {'value': 213, 'displayName': 'Angle'}, 'value': '4.9'}, {'type': {'value': 140, 'displayName': 'PassEndX'}, 'value': '7.0'}, {'type': {'value': 141, 'displayName': 'PassEndY'}, 'value': '17.3'}, {'type': {'value': 56, 'displayName': 'Zone'}, 'value': 'Back'}, {'type': {'value': 212, 'displayName': 'Length'}, 'value': '17.9'}]","[91, 117, 30, 36, 38, 215, 218]",True,122714.0,7.0,17.3,,,,,,,,,
2465886907.0,593,59,25.0,161,8.0,14.4,64,"{'value': 2, 'displayName': 'SecondHalf'}","{'value': 1, 'displayName': 'Pass'}","{'value': 0, 'displayName': 'Unsuccessful'}","[{'type': {'value': 213, 'displayName': 'Angle'}, 'value': '0.4'}, {'type': {'value': 56, 'displayName': 'Zone'}, 'value': 'Back'}, {'type': {'value': 178, 'displayName': 'StandingSave'}}, {'type': {'value': 1, 'displayName': 'Longball'}}, {'type': {'value': 155, 'displayName': 'Chipped'}}, {'type': {'value': 140, 'displayName': 'PassEndX'}, 'value': '41.5'}, {'type': {'value': 212, 'displayName': 'Length'}, 'value': '38.1'}, {'type': {'value': 141, 'displayName': 'PassEndY'}, 'value': '35.8'}]","[91, 118, 120, 124, 128, 36, 37, 216, 218]",True,238244.0,41.5,35.8,,,,,,,,,
2465886931.0,436,59,27.0,29,54.2,67.5,64,"{'value': 2, 'displayName': 'SecondHalf'}","{'value': 1, 'displayName': 'Pass'}","{'value': 0, 'displayName': 'Unsuccessful'}","[{'type': {'value': 140, 'displayName': 'PassEndX'}, 'value': '62.3'}, {'type': {'value': 212, 'displayName': 'Length'}, 'value': '12.8'}, {'type': {'value': 141, 'displayName': 'PassEndY'}, 'value': '81.5'}, {'type': {'value': 213, 'displayName': 'Angle'}, 'value': '0.8'}, {'type': {'value': 56, 'displayName': 'Zone'}, 'value': 'Left'}, {'type': {'value': 3, 'displayName': 'HeadPass'}}]","[91, 120, 29, 139, 36, 37, 216, 218]",True,143595.0,62.3,81.5,,,,,,,,,
2465886999.0,594,59,32.0,161,55.7,28.6,64,"{'value': 2, 'displayName': 'SecondHalf'}","{'value': 1, 'displayName': 'Pass'}","{'value': 1, 'displayName': 'Successful'}","[{'type': {'value': 213, 'displayName': 'Angle'}, 'value': '5.0'}, {'type': {'value': 178, 'displayName': 'StandingSave'}}, {'type': {'value': 56, 'displayName': 'Zone'}, 'value': 'Right'}, {'type': {'value': 141, 'displayName': 'PassEndY'}, 'value': '7.3'}, {'type': {'value': 140, 'displayName': 'PassEndX'}, 'value': '59.6'}, {'type': {'value': 212, 'displayName': 'Length'}, 'value': '15.1'}]","[91, 119, 117, 30, 36, 38, 216, 218]",True,115917.0,59.6,7.3,,,,,,,,,
2465887105.0,595,59,35.0,161,59.3,7.7,64,"{'value': 2, 'displayName': 'SecondHalf'}","{'value': 1, 'displayName': 'Pass'}","{'value': 1, 'displayName': 'Successful'}","[{'type': {'value': 56, 'displayName': 'Zone'}, 'value': 'Right'}, {'type': {'value': 140, 'displayName': 'PassEndX'}, 'value': '79.2'}, {'type': {'value': 178, 'displayName': 'StandingSave'}}, {'type': {'value': 212, 'displayName': 'Length'}, 'value': '20.9'}, {'type': {'value': 213, 'displayName': 'Angle'}, 'value': '6.3'}, {'type': {'value': 141, 'displayName': 'PassEndY'}, 'value': '7.5'}]","[91, 119, 117, 30, 205, 36, 38, 217, 218]",True,296363.0,79.2,7.5,,,,,,,,,
2465887137.0,596,59,43.0,161,95.9,16.4,64,"{'value': 2, 'displayName': 'SecondHalf'}","{'value': 1, 'displayName': 'Pass'}","{'value': 0, 'displayName': 'Unsuccessful'}","[{'type': {'value': 20, 'displayName': 'RightFoot'}}, {'type': {'value': 141, 'displayName': 'PassEndY'}, 'value': '53.4'}, {'type': {'value': 178, 'displayName': 'StandingSave'}}, {'type': {'value': 2, 'displayName': 'Cross'}}, {'type': {'value': 56, 'displayName': 'Zone'}, 'value': 'Center'}, {'type': {'value': 155, 'displayName': 'Chipped'}}, {'type': {'value': 140, 'displayName': 'PassEndX'}, 'value': '86.7'}, {'type': {'value': 212, 'displayName': 'Length'}, 'value': '27.0'}, {'type': {'value': 213, 'displayName': 'Angle'}, 'value': '1.9'}]","[91, 137, 124, 126, 35, 37, 217, 218]",True,140088.0,86.7,53.4,,,,,,,,,
2465887159.0,437,59,44.0,29,9.1,55.7,64,"{'value': 2, 'displayName': 'SecondHalf'}","{'value': 12, 'displayName': 'Clearance'}","{'value': 1, 'displayName': 'Successful'}","[{'type': {'value': 56, 'displayName': 'Zone'}, 'value': 'Back'}, {'type': {'value': 15, 'displayName': 'Head'}}, {'type': {'value': 141, 'displayName': 'PassEndY'}, 'value': '55.8'}, {'type': {'value': 213, 'displayName': 'Angle'}, 'value': '0.0'}, {'type': {'value': 212, 'displayName': 'Length'}, 'value': '9.7'}, {'type': {'value': 140, 'displayName': 'PassEndX'}, 'value': '18.3'}]","[91, 94, 95, 57, 215]",True,143595.0,18.3,55.8,,,,,,,,,
2465887169.0,597,59,46.0,161,81.9,43.9,64,"{'value': 2, 'displayName': 'SecondHalf'}","{'value': 15, 'displayName': 'SavedShot'}","{'value': 1, 'displayName': 'Successful'}","[{'type': {'value': 233, 'displayName': 'OppositeRelatedEvent'}, 'value': '438'}, {'type': {'value': 147, 'displayName': 'BlockedY'}, 'value': '44.4'}, {'type': {'value': 18, 'displayName': 'OutOfBoxCentre'}}, {'type': {'value': 82, 'displayName': 'Blocked'}}, {'type': {'value': 146, 'displayName': 'BlockedX'}, 'value': '85.4'}, {'type': {'value': 22, 'displayName': 'RegularPlay'}}, {'type': {'value': 103, 'displayName': 'GoalMouthZ'}, 'value': '19'}, {'type': {'value': 56, 'displayName': 'Zone'}, 'value': 'Center'}, {'type': {'value': 80, 'displayName': 'LowRight'}}, {'type': {'value': 20, 'displayName': 'RightFoot'}}, {'type': {'value': 178, 'displayName': 'StandingSave'}}, {'type': {'value': 102, 'displayName': 'GoalMouthY'}, 'value': '46.5'}]","[91, 10, 2, 3, 11, 12]",True,394933.0,,,,,85.4,44.4,19.0,46.5,True,,
2465887175.0,438,59,46.0,29,14.6,54.6,64,"{'value': 2, 'displayName': 'SecondHalf'}","{'value': 10, 'displayName': 'Save'}","{'value': 1, 'displayName': 'Successful'}","[{'type': {'value': 94, 'displayName': 'OutfielderBlock'}}, {'type': {'value': 178, 'displayName': 'StandingSave'}}, {'type': {'value': 56, 'displayName': 'Zone'}, 'value': 'Back'}, {'type': {'value': 233, 'displayName': 'OppositeRelatedEvent'}, 'value': '597'}]","[91, 58]",True,332325.0,,,,,,,,,,,
2465887171.0,598,59,46.0,161,83.8,43.1,64,"{'value': 2, 'displayName': 'SecondHalf'}","{'value': 61, 'displayName': 'BallTouch'}","{'value': 1, 'displayName': 'Successful'}","[{'type': {'value': 178, 'displayName': 'StandingSave'}}, {'type': {'value': 56, 'displayName': 'Zone'}, 'value': 'Center'}, {'type': {'value': 21, 'displayName': 'OtherBodyPart'}}]",[91],True,394933.0,,,,,,,,,,,
2465887243.0,439,59,47.0,29,8.7,59.0,64,"{'value': 2, 'displayName': 'SecondHalf'}","{'value': 12, 'displayName': 'Clearance'}","{'value': 1, 'displayName': 'Successful'}","[{'type': {'value': 178, 'displayName': 'StandingSave'}}, {'type': {'value': 212, 'displayName': 'Length'}, 'value': '32.6'}, {'type': {'value': 141, 'displayName': 'PassEndY'}, 'value': '89.9'}, {'type': {'value': 213, 'displayName': 'Angle'}, 'value': '0.7'}, {'type': {'value': 56, 'displayName': 'Zone'}, 'value': 'Back'}, {'type': {'value': 140, 'displayName': 'PassEndX'}, 'value': '32.4'}]","[91, 94, 95, 215]",True,106086.0,32.4,89.9,,,,,,,,,
2465887253.0,599,59,50.0,161,61.8,14.6,64,"{'value': 2, 'displayName': 'SecondHalf'}","{'value': 1, 'displayName': 'Pass'}","{'value': 1, 'displayName': 'Successful'}","[{'type': {'value': 56, 'displayName': 'Zone'}, 'value': 'Center'}, {'type': {'value': 178, 'displayName': 'StandingSave'}}, {'type': {'value': 213, 'displayName': 'Angle'}, 'value': '2.4'}, {'type': {'value': 140, 'displayName': 'PassEndX'}, 'value': '50.5'}, {'type': {'value': 141, 'displayName': 'PassEndY'}, 'value': '29.4'}, {'type': {'value': 212, 'displayName': 'Length'}, 'value': '15.6'}]","[91, 119, 117, 30, 35, 37, 216, 218]",True,16161.0,50.5,29.4,,,,,,,,,
2465887281.0,600,59,52.0,161,50.5,29.4,64,"{'value': 2, 'displayName': 'SecondHalf'}","{'value': 1, 'displayName': 'Pass'}","{'value': 1, 'displayName': 'Successful'}","[{'type': {'value': 213, 'displayName': 'Angle'}, 'value': '1.4'}, {'type': {'value': 212, 'displayName': 'Length'}, 'value': '25.5'}, {'type': {'value': 56, 'displayName': 'Zone'}, 'value': 'Center'}, {'type': {'value': 178, 'displayName': 'StandingSave'}}, {'type': {'value': 140, 'displayName': 'PassEndX'}, 'value': '55.0'}, {'type': {'value': 141, 'displayName': 'PassEndY'}, 'value': '66.3'}]","[91, 119, 117, 30, 36, 37, 216, 218]",True,238244.0,55.0,66.3,,,,,,,,,
2465887339.0,601,59,55.0,161,55.1,67.8,64,"{'value': 2, 'displayName': 'SecondHalf'}","{'value': 1, 'displayName': 'Pass'}","{'value': 1, 'displayName': 'Successful'}","[{'type': {'value': 213, 'displayName': 'Angle'}, 'value': '0.7'}, {'type': {'value': 56, 'displayName': 'Zone'}, 'value': 'Left'}, {'type': {'value': 140, 'displayName': 'PassEndX'}, 'value': '74.4'}, {'type': {'value': 212, 'displayName': 'Length'}, 'value': '26.8'}, {'type': {'value': 141, 'displayName': 'PassEndY'}, 'value': '93.5'}, {'type': {'value': 178, 'displayName': 'StandingSave'}}]","[91, 119, 117, 30, 205, 36, 37, 217, 218]",True,368310.0,74.4,93.5,,,,,,,,,
2465887381.0,602,60,0.0,161,76.7,80.2,65,"{'value': 2, 'displayName': 'SecondHalf'}","{'value': 1, 'displayName': 'Pass'}","{'value': 1, 'displayName': 'Successful'}","[{'type': {'value': 141, 'displayName': 'PassEndY'}, 'value': '67.5'}, {'type': {'value': 212, 'displayName': 'Length'}, 'value': '9.0'}, {'type': {'value': 178, 'displayName': 'StandingSave'}}, {'type': {'value': 210, 'displayName': 'ShotAssist'}, 'value': '15'}, {'type': {'value': 56, 'displayName': 'Zone'}, 'value': 'Center'}, {'type': {'value': 140, 'displayName': 'PassEndX'}, 'value': '74.4'}, {'type': {'value': 213, 'displayName': 'Angle'}, 'value': '4.4'}, {'type': {'value': 11113, 'displayName': 'KeyPass'}}]","[91, 119, 117, 30, 123, 205, 40, 46, 35, 38, 217, 218]",True,355401.0,74.4,67.5,,,,,,,,,
2465887387.0,603,60,2.0,161,74.4,67.5,65,"{'value': 2, 'displayName': 'SecondHalf'}","{'value': 15, 'displayName': 'SavedShot'}","{'value': 1, 'displayName': 'Successful'}","[{'type': {'value': 146, 'displayName': 'BlockedX'}, 'value': '98.9'}, {'type': {'value': 178, 'displayName': 'StandingSave'}}, {'type': {'value': 103, 'displayName': 'GoalMouthZ'}, 'value': '4.4'}, {'type': {'value': 29, 'displayName': 'Assisted'}}, {'type': {'value': 233, 'displayName': 'OppositeRelatedEvent'}, 'value': '441'}, {'type': {'value': 18, 'displayName': 'OutOfBoxCentre'}}, {'type': {'value': 102, 'displayName': 'GoalMouthY'}, 'value': '53.6'}, {'type': {'value': 147, 'displayName': 'BlockedY'}, 'value': '51.1'}, {'type': {'value': 55, 'displayName': 'RelatedEventId'}, 'value': '602'}, {'type': {'value': 76, 'displayName': 'LowLeft'}}, {'type': {'value': 20, 'displayName': 'RightFoot'}}, {'type': {'value': 22, 'displayName': 'RegularPlay'}}, {'type': {'value': 56, 'displayName': 'Zone'}, 'value': 'Center'}]","[91, 9, 10, 2, 3, 12]",True,300513.0,,,602.0,355401.0,98.9,51.1,4.4,53.6,True,,
2465887417.0,441,60,2.0,29,0.8,46.0,65,"{'value': 2, 'displayName': 'SecondHalf'}","{'value': 10, 'displayName': 'Save'}","{'value': 1, 'displayName': 'Successful'}","[{'type': {'value': 56, 'displayName': 'Zone'}, 'value': 'Back'}, {'type': {'value': 233, 'displayName': 'OppositeRelatedEvent'}, 'value': '603'}, {'type': {'value': 182, 'displayName': 'Hands'}}, {'type': {'value': 179, 'displayName': 'DivingSave'}}, {'type': {'value': 177, 'displayName': 'Collected'}}, {'type': {'value': 11117, 'displayName': 'KeeperSaveObox'}}]","[91, 110, 113, 83, 77, 79, 82]",True,20973.0,,,,,,,,,,,
2465887415.0,440,60,3.0,29,1.7,47.9,65,"{'value': 2, 'displayName': 'SecondHalf'}","{'value': 52, 'displayName': 'KeeperPickup'}","{'value': 1, 'displayName': 'Successful'}","[{'type': {'value': 179, 'displayName': 'DivingSave'}}]",[93],False,20973.0,,,,,,,,,,,
2465887597.0,442,60,17.0,29,15.4,45.1,65,"{'value': 2, 'displayName': 'SecondHalf'}","{'value': 1, 'displayName': 'Pass'}","{'value': 0, 'displayName': 'Unsuccessful'}","[{'type': {'value': 1, 'displayName': 'Longball'}}, {'type': {'value': 56, 'displayName': 'Zone'}, 'value': 'Right'}, {'type': {'value': 141, 'displayName': 'PassEndY'}, 'value': '13.1'}, {'type': {'value': 213, 'displayName': 'Angle'}, 'value': '5.8'}, {'type': {'value': 140, 'displayName': 'PassEndX'}, 'value': '59.0'}, {'type': {'value': 212, 'displayName': 'Length'}, 'value': '50.7'}]","[91, 120, 128, 36, 38, 216, 218]",True,20973.0,59.0,13.1,,,,,,,,,
2465887609.0,604,60,22.0,161,29.3,83.5,65,"{'value': 2, 'displayName': 'SecondHalf'}","{'value': 49, 'displayName': 'BallRecovery'}","{'value': 1, 'displayName': 'Successful'}",[],[93],False,368310.0,,,,,,,,,,,
2465887773.0,605,60,25.0,161,34.1,77.2,65,"{'value': 2, 'displayName': 'SecondHalf'}","{'value': 1, 'displayName': 'Pass'}","{'value': 1, 'displayName': 'Successful'}","[{'type': {'value': 141, 'displayName': 'PassEndY'}, 'value': '62.7'}, {'type': {'value': 212, 'displayName': 'Length'}, 'value': '11.0'}, {'type': {'value': 140, 'displayName': 'PassEndX'}, 'value': '38.7'}, {'type': {'value': 178, 'displayName': 'StandingSave'}}, {'type': {'value': 56, 'displayName': 'Zone'}, 'value': 'Back'}, {'type': {'value': 213, 'displayName': 'Angle'}, 'value': '5.2'}]","[91, 117, 30, 36, 38, 216, 218]",True,368310.0,38.7,62.7,,,,,,,,,
2465887789.0,606,60,32.0,161,53.1,56.3,65,"{'value': 2, 'displayName': 'SecondHalf'}","{'value': 1, 'displayName': 'Pass'}","{'value': 1, 'displayName': 'Successful'}","[{'type': {'value': 178, 'displayName': 'StandingSave'}}, {'type': {'value': 56, 'displayName': 'Zone'}, 'value': 'Back'}, {'type': {'value': 213, 'displayName': 'Angle'}, 'value': '2.2'}, {'type': {'value': 141, 'displayName': 'PassEndY'}, 'value': '77.0'}, {'type': {'value': 212, 'displayName': 'Length'}, 'value': '17.6'}, {'type': {'value': 140, 'displayName': 'PassEndX'}, 'value': '43.1'}]","[91, 117, 30, 35, 37, 216, 218]",True,16161.0,43.1,77.0,,,,,,,,,
2465887819.0,607,60,34.0,161,43.7,77.0,65,"{'value': 2, 'displayName': 'SecondHalf'}","{'value': 1, 'displayName': 'Pass'}","{'value': 1, 'displayName': 'Successful'}","[{'type': {'value': 213, 'displayName': 'Angle'}, 'value': '4.8'}, {'type': {'value': 212, 'displayName': 'Length'}, 'value': '24.3'}, {'type': {'value': 56, 'displayName': 'Zone'}, 'value': 'Back'}, {'type': {'value': 140, 'displayName': 'PassEndX'}, 'value': '45.3'}, {'type': {'value': 178, 'displayName': 'StandingSave'}}, {'type': {'value': 141, 'displayName': 'PassEndY'}, 'value': '41.3'}]","[91, 117, 30, 36, 38, 216, 218]",True,368310.0,45.3,41.3,,,,,,,,,
2465887855.0,608,60,37.0,161,48.0,35.7,65,"{'value': 2, 'displayName': 'SecondHalf'}","{'value': 1, 'displayName': 'Pass'}","{'value': 1, 'displayName': 'Successful'}","[{'type': {'value': 56, 'displayName': 'Zone'}, 'value': 'Right'}, {'type': {'value': 178, 'displayName': 'StandingSave'}}, {'type': {'value': 212, 'displayName': 'Length'}, 'value': '13.2'}, {'type': {'value': 141, 'displayName': 'PassEndY'}, 'value': '20.7'}, {'type': {'value': 140, 'displayName': 'PassEndX'}, 'value': '56.0'}, {'type': {'value': 213, 'displayName': 'Angle'}, 'value': '5.4'}]","[91, 119, 117, 30, 36, 38, 216, 218]",True,238244.0,56.0,20.7,,,,,,,,,
2465887885.0,609,60,39.0,161,56.6,18.3,65,"{'value': 2, 'displayName': 'SecondHalf'}","{'value': 1, 'displayName': 'Pass'}","{'value': 1, 'displayName': 'Successful'}","[{'type': {'value': 141, 'displayName': 'PassEndY'}, 'value': '5.3'}, {'type': {'value': 212, 'displayName': 'Length'}, 'value': '15.1'}, {'type': {'value': 140, 'displayName': 'PassEndX'}, 'value': '68.3'}, {'type': {'value': 178, 'displayName': 'StandingSave'}}, {'type': {'value': 56, 'displayName': 'Zone'}, 'value': 'Right'}, {'type': {'value': 213, 'displayName': 'Angle'}, 'value': '5.7'}]","[91, 119, 117, 30, 205, 36, 38, 217, 218]",True,115917.0,68.3,5.3,,,,,,,,,
2465887901.0,610,60,42.0,161,66.1,8.5,65,"{'value': 2, 'displayName': 'SecondHalf'}","{'value': 1, 'displayName': 'Pass'}","{'value': 1, 'displayName': 'Successful'}","[{'type': {'value': 212, 'displayName': 'Length'}, 'value': '11.9'}, {'type': {'value': 141, 'displayName': 'PassEndY'}, 'value': '25.3'}, {'type': {'value': 178, 'displayName': 'StandingSave'}}, {'type': {'value': 56, 'displayName': 'Zone'}, 'value': 'Center'}, {'type': {'value': 213, 'displayName': 'Angle'}, 'value': '1.9'}, {'type': {'value': 140, 'displayName': 'PassEndX'}, 'value': '62.9'}]","[91, 119, 117, 30, 35, 37, 216, 218]",True,296363.0,62.9,25.3,,,,,,,,,
2465887937.0,611,60,43.0,161,62.9,25.3,65,"{'value': 2, 'displayName': 'SecondHalf'}","{'value': 1, 'displayName': 'Pass'}","{'value': 1, 'displayName': 'Successful'}","[{'type': {'value': 212, 'displayName': 'Length'}, 'value': '13.3'}, {'type': {'value': 213, 'displayName': 'Angle'}, 'value': '4.9'}, {'type': {'value': 141, 'displayName': 'PassEndY'}, 'value': '6.2'}, {'type': {'value': 56, 'displayName': 'Zone'}, 'value': 'Right'}, {'type': {'value': 178, 'displayName': 'StandingSave'}}, {'type': {'value': 140, 'displayName': 'PassEndX'}, 'value': '65.5'}]","[91, 119, 117, 30, 36, 38, 216, 218]",True,16161.0,65.5,6.2,,,,,,,,,
2465887943.0,612,60,45.0,161,65.3,6.2,65,"{'value': 2, 'displayName': 'SecondHalf'}","{'value': 1, 'displayName': 'Pass'}","{'value': 0, 'displayName': 'Unsuccessful'}","[{'type': {'value': 140, 'displayName': 'PassEndX'}, 'value': '68.6'}, {'type': {'value': 212, 'displayName': 'Length'}, 'value': '8.0'}, {'type': {'value': 141, 'displayName': 'PassEndY'}, 'value': '16.8'}, {'type': {'value': 56, 'displayName': 'Zone'}, 'value': 'Right'}, {'type': {'value': 213, 'displayName': 'Angle'}, 'value': '1.1'}, {'type': {'value': 178, 'displayName': 'StandingSave'}}]","[91, 120, 29, 36, 37, 217, 218]",True,115917.0,68.6,16.8,,,,,,,,,
2465887955.0,443,60,45.0,29,29.0,88.4,65,"{'value': 2, 'displayName': 'SecondHalf'}","{'value': 8, 'displayName': 'Interception'}","{'value': 1, 'displayName': 'Successful'}","[{'type': {'value': 178, 'displayName': 'StandingSave'}}, {'type': {'value': 56, 'displayName': 'Zone'}, 'value': 'Back'}]","[91, 101, 56]",True,319756.0,,,,,,,,,,,
2465888075.0,613,60,48.0,161,78.3,16.1,65,"{'value': 2, 'displayName': 'SecondHalf'}","{'value': 1, 'displayName': 'Pass'}","{'value': 1, 'displayName': 'Successful'}","[{'type': {'value': 212, 'displayName': 'Length'}, 'value': '54.3'}, {'type': {'value': 141, 'displayName': 'PassEndY'}, 'value': '90.9'}, {'type': {'value': 2, 'displayName': 'Cross'}}, {'type': {'value': 178, 'displayName': 'StandingSave'}}, {'type': {'value': 213, 'displayName': 'Angle'}, 'value': '1.2'}, {'type': {'value': 155, 'displayName': 'Chipped'}}, {'type': {'value': 56, 'displayName': 'Zone'}, 'value': 'Left'}, {'type': {'value': 1, 'displayName': 'Longball'}}, {'type': {'value': 20, 'displayName': 'RightFoot'}}, {'type': {'value': 140, 'displayName': 'PassEndX'}, 'value': '96.5'}]","[91, 119, 137, 124, 125, 36, 37, 217, 218]",True,296363.0,96.5,90.9,,,,,,,,,
2465888079.0,614,60,53.0,161,94.2,97.8,65,"{'value': 2, 'displayName': 'SecondHalf'}","{'value': 3, 'displayName': 'TakeOn'}","{'value': 0, 'displayName': 'Unsuccessful'}","[{'type': {'value': 286, 'displayName': 'Offensive'}}, {'type': {'value': 178, 'displayName': 'StandingSave'}}, {'type': {'value': 56, 'displayName': 'Zone'}, 'value': 'Left'}, {'type': {'value': 233, 'displayName': 'OppositeRelatedEvent'}, 'value': '444'}]","[91, 53]",True,355401.0,,,,,,,,,,,
2465888085.0,444,60,54.0,29,5.8,2.2,65,"{'value': 2, 'displayName': 'SecondHalf'}","{'value': 7, 'displayName': 'Tackle'}","{'value': 1, 'displayName': 'Successful'}","[{'type': {'value': 285, 'displayName': 'Defensive'}}, {'type': {'value': 178, 'displayName': 'StandingSave'}}, {'type': {'value': 56, 'displayName': 'Zone'}, 'value': 'Back'}, {'type': {'value': 233, 'displayName': 'OppositeRelatedEvent'}, 'value': '614'}]","[91, 143]",True,255167.0,,,,,,,,,,,
2465888195.0,616,61,2.0,161,87.1,100.0,66,"{'value': 2, 'displayName': 'SecondHalf'}","{'value': 1, 'displayName': 'Pass'}","{'value': 1, 'displayName': 'Successful'}","[{'type': {'value': 212, 'displayName': 'Length'}, 'value': '28.7'}, {'type': {'value': 107, 'displayName': 'ThrowIn'}}, {'type': {'value': 213, 'displayName': 'Angle'}, 'value': '3.3'}, {'type': {'value': 56, 'displayName': 'Zone'}, 'value': 'Left'}, {'type': {'value': 141, 'displayName': 'PassEndY'}, 'value': '93.0'}, {'type': {'value': 140, 'displayName': 'PassEndX'}, 'value': '60.3'}, {'type': {'value': 1, 'displayName': 'Longball'}}]","[91, 212, 35, 38, 216]",True,355401.0,60.3,93.0,,,,,,,,,
2465888211.0,617,61,6.0,161,60.5,91.7,66,"{'value': 2, 'displayName': 'SecondHalf'}","{'value': 1, 'displayName': 'Pass'}","{'value': 1, 'displayName': 'Successful'}","[{'type': {'value': 178, 'displayName': 'StandingSave'}}, {'type': {'value': 212, 'displayName': 'Length'}, 'value': '14.3'}, {'type': {'value': 213, 'displayName': 'Angle'}, 'value': '4.9'}, {'type': {'value': 141, 'displayName': 'PassEndY'}, 'value': '71.2'}, {'type': {'value': 56, 'displayName': 'Zone'}, 'value': 'Center'}, {'type': {'value': 140, 'displayName': 'PassEndX'}, 'value': '63.4'}]","[91, 119, 117, 30, 36, 38, 216, 218]",True,368310.0,63.4,71.2,,,,,,,,,
2465888239.0,618,61,9.0,161,63.3,70.9,66,"{'value': 2, 'displayName': 'SecondHalf'}","{'value': 1, 'displayName': 'Pass'}","{'value': 1, 'displayName': 'Successful'}","[{'type': {'value': 212, 'displayName': 'Length'}, 'value': '8.6'}, {'type': {'value': 213, 'displayName': 'Angle'}, 'value': '3.9'}, {'type': {'value': 141, 'displayName': 'PassEndY'}, 'value': '61.8'}, {'type': {'value': 140, 'displayName': 'PassEndX'}, 'value': '57.6'}, {'type': {'value': 56, 'displayName': 'Zone'}, 'value': 'Center'}, {'type': {'value': 178, 'displayName': 'StandingSave'}}]","[91, 119, 117, 30, 35, 38, 216, 218]",True,394933.0,57.6,61.8,,,,,,,,,
2465888249.0,619,61,11.0,161,60.3,55.2,66,"{'value': 2, 'displayName': 'SecondHalf'}","{'value': 1, 'displayName': 'Pass'}","{'value': 1, 'displayName': 'Successful'}","[{'type': {'value': 213, 'displayName': 'Angle'}, 'value': '5.0'}, {'type': {'value': 141, 'displayName': 'PassEndY'}, 'value': '30.1'}, {'type': {'value': 212, 'displayName': 'Length'}, 'value': '18.0'}, {'type': {'value': 140, 'displayName': 'PassEndX'}, 'value': '65.7'}, {'type': {'value': 56, 'displayName': 'Zone'}, 'value': 'Center'}, {'type': {'value': 178, 'displayName': 'StandingSave'}}]","[91, 119, 117, 30, 36, 38, 216, 218]",True,238244.0,65.7,30.1,,,,,,,,,
2465888295.0,620,61,14.0,161,63.7,28.5,66,"{'value': 2, 'displayName': 'SecondHalf'}","{'value': 1, 'displayName': 'Pass'}","{'value': 1, 'displayName': 'Successful'}","[{'type': {'value': 213, 'displayName': 'Angle'}, 'value': '5.2'}, {'type': {'value': 141, 'displayName': 'PassEndY'}, 'value': '4.6'}, {'type': {'value': 212, 'displayName': 'Length'}, 'value': '18.8'}, {'type': {'value': 178, 'displayName': 'StandingSave'}}, {'type': {'value': 140, 'displayName': 'PassEndX'}, 'value': '72.7'}, {'type': {'value': 56, 'displayName': 'Zone'}, 'value': 'Right'}]","[91, 119, 117, 30, 205, 36, 38, 217, 218]",True,115917.0,72.7,4.6,,,,,,,,,
2465888303.0,621,61,17.0,161,72.6,4.4,66,"{'value': 2, 'displayName': 'SecondHalf'}","{'value': 1, 'displayName': 'Pass'}","{'value': 1, 'displayName': 'Successful'}","[{'type': {'value': 140, 'displayName': 'PassEndX'}, 'value': '82.6'}, {'type': {'value': 178, 'displayName': 'StandingSave'}}, {'type': {'value': 56, 'displayName': 'Zone'}, 'value': 'Right'}, {'type': {'value': 141, 'displayName': 'PassEndY'}, 'value': '13.8'}, {'type': {'value': 213, 'displayName': 'Angle'}, 'value': '0.5'}, {'type': {'value': 212, 'displayName': 'Length'}, 'value': '12.3'}]","[91, 119, 117, 30, 205, 36, 37, 217, 218]",True,140088.0,82.6,13.8,,,,,,,,,
2465888325.0,622,61,18.0,161,82.6,13.8,66,"{'value': 2, 'displayName': 'SecondHalf'}","{'value': 1, 'displayName': 'Pass'}","{'value': 1, 'displayName': 'Successful'}","[{'type': {'value': 141, 'displayName': 'PassEndY'}, 'value': '14.7'}, {'type': {'value': 56, 'displayName': 'Zone'}, 'value': 'Right'}, {'type': {'value': 140, 'displayName': 'PassEndX'}, 'value': '92.3'}, {'type': {'value': 178, 'displayName': 'StandingSave'}}, {'type': {'value': 212, 'displayName': 'Length'}, 'value': '10.2'}, {'type': {'value': 213, 'displayName': 'Angle'}, 'value': '0.1'}]","[91, 119, 117, 30, 205, 36, 37, 217, 218]",True,296363.0,92.3,14.7,,,,,,,,,
2465888353.0,623,61,20.0,161,94.5,13.1,66,"{'value': 2, 'displayName': 'SecondHalf'}","{'value': 1, 'displayName': 'Pass'}","{'value': 0, 'displayName': 'Unsuccessful'}","[{'type': {'value': 213, 'displayName': 'Angle'}, 'value': '1.5'}, {'type': {'value': 140, 'displayName': 'PassEndX'}, 'value': '95.9'}, {'type': {'value': 212, 'displayName': 'Length'}, 'value': '29.2'}, {'type': {'value': 141, 'displayName': 'PassEndY'}, 'value': '56.0'}, {'type': {'value': 56, 'displayName': 'Zone'}, 'value': 'Center'}, {'type': {'value': 2, 'displayName': 'Cross'}}, {'type': {'value': 233, 'displayName': 'OppositeRelatedEvent'}, 'value': '446'}, {'type': {'value': 20, 'displayName': 'RightFoot'}}, {'type': {'value': 178, 'displayName': 'StandingSave'}}, {'type': {'value': 155, 'displayName': 'Chipped'}}]","[91, 137, 124, 126, 36, 37, 217, 218]",True,140088.0,95.9,56.0,,,,,,,,,
2465888357.0,446,61,22.0,29,5.4,45.2,66,"{'value': 2, 'displayName': 'SecondHalf'}","{'value': 11, 'displayName': 'Claim'}","{'value': 1, 'displayName': 'Successful'}","[{'type': {'value': 233, 'displayName': 'OppositeRelatedEvent'}, 'value': '623'}, {'type': {'value': 56, 'displayName': 'Zone'}, 'value': 'Back'}, {'type': {'value': 88, 'displayName': 'HighClaim'}}]","[91, 93, 104]",True,20973.0,,,,,,,,,,,
2465888433.0,447,61,28.0,29,9.3,45.4,66,"{'value': 2, 'displayName': 'SecondHalf'}","{'value': 1, 'displayName': 'Pass'}","{'value': 1, 'displayName': 'Successful'}","[{'type': {'value': 212, 'displayName': 'Length'}, 'value': '15.6'}, {'type': {'value': 213, 'displayName': 'Angle'}, 'value': '0.9'}, {'type': {'value': 56, 'displayName': 'Zone'}, 'value': 'Back'}, {'type': {'value': 141, 'displayName': 'PassEndY'}, 'value': '63.5'}, {'type': {'value': 178, 'displayName': 'StandingSave'}}, {'type': {'value': 140, 'displayName': 'PassEndX'}, 'value': '18.5'}, {'type': {'value': 123, 'displayName': 'KeeperThrow'}}]","[91, 36, 37, 215, 218]",True,20973.0,18.5,63.5,,,,,,,,,
2465888501.0,448,61,37.0,29,34.2,54.3,66,"{'value': 2, 'displayName': 'SecondHalf'}","{'value': 1, 'displayName': 'Pass'}","{'value': 1, 'displayName': 'Successful'}","[{'type': {'value': 212, 'displayName': 'Length'}, 'value': '35.6'}, {'type': {'value': 140, 'displayName': 'PassEndX'}, 'value': '43.7'}, {'type': {'value': 213, 'displayName': 'Angle'}, 'value': '5.0'}, {'type': {'value': 141, 'displayName': 'PassEndY'}, 'value': '4.0'}, {'type': {'value': 1, 'displayName': 'Longball'}}, {'type': {'value': 178, 'displayName': 'StandingSave'}}, {'type': {'value': 56, 'displayName': 'Zone'}, 'value': 'Back'}]","[91, 117, 127, 36, 38, 216, 218]",True,332325.0,43.7,4.0,,,,,,,,,
2465888527.0,449,61,40.0,29,43.7,4.0,66,"{'value': 2, 'displayName': 'SecondHalf'}","{'value': 1, 'displayName': 'Pass'}","{'value': 1, 'displayName': 'Successful'}","[{'type': {'value': 213, 'displayName': 'Angle'}, 'value': '1.9'}, {'type': {'value': 56, 'displayName': 'Zone'}, 'value': 'Back'}, {'type': {'value': 178, 'displayName': 'StandingSave'}}, {'type': {'value': 140, 'displayName': 'PassEndX'}, 'value': '39.9'}, {'type': {'value': 141, 'displayName': 'PassEndY'}, 'value': '22.1'}, {'type': {'value': 212, 'displayName': 'Length'}, 'value': '12.9'}]","[91, 117, 30, 35, 37, 216, 218]",True,255167.0,39.9,22.1,,,,,,,,,
2465888541.0,450,61,43.0,29,43.0,17.6,66,"{'value': 2, 'displayName': 'SecondHalf'}","{'value': 1, 'displayName': 'Pass'}","{'value': 1, 'displayName': 'Successful'}","[{'type': {'value': 141, 'displayName': 'PassEndY'}, 'value': '5.6'}, {'type': {'value': 140, 'displayName': 'PassEndX'}, 'value': '35.5'}, {'type': {'value': 212, 'displayName': 'Length'}, 'value': '11.3'}, {'type': {'value': 56, 'displayName': 'Zone'}, 'value': 'Back'}, {'type': {'value': 213, 'displayName': 'Angle'}, 'value': '3.9'}, {'type': {'value': 178, 'displayName': 'StandingSave'}}]","[91, 117, 30, 35, 38, 216, 218]",True,332325.0,35.5,5.6,,,,,,,,,
2465888565.0,451,61,44.0,29,35.5,5.6,66,"{'value': 2, 'displayName': 'SecondHalf'}","{'value': 1, 'displayName': 'Pass'}","{'value': 1, 'displayName': 'Successful'}","[{'type': {'value': 212, 'displayName': 'Length'}, 'value': '21.3'}, {'type': {'value': 178, 'displayName': 'StandingSave'}}, {'type': {'value': 141, 'displayName': 'PassEndY'}, 'value': '36.7'}, {'type': {'value': 140, 'displayName': 'PassEndX'}, 'value': '33.3'}, {'type': {'value': 213, 'displayName': 'Angle'}, 'value': '1.7'}, {'type': {'value': 56, 'displayName': 'Zone'}, 'value': 'Back'}]","[91, 117, 30, 35, 37, 215, 218]",True,255167.0,33.3,36.7,,,,,,,,,
2465888587.0,452,61,47.0,29,35.2,40.0,66,"{'value': 2, 'displayName': 'SecondHalf'}","{'value': 1, 'displayName': 'Pass'}","{'value': 1, 'displayName': 'Successful'}","[{'type': {'value': 178, 'displayName': 'StandingSave'}}, {'type': {'value': 141, 'displayName': 'PassEndY'}, 'value': '57.0'}, {'type': {'value': 212, 'displayName': 'Length'}, 'value': '14.9'}, {'type': {'value': 56, 'displayName': 'Zone'}, 'value': 'Back'}, {'type': {'value': 140, 'displayName': 'PassEndX'}, 'value': '44.2'}, {'type': {'value': 213, 'displayName': 'Angle'}, 'value': '0.9'}]","[91, 117, 30, 36, 37, 216, 218]",True,143595.0,44.2,57.0,,,,,,,,,
2465888619.0,453,61,48.0,29,44.2,57.0,66,"{'value': 2, 'displayName': 'SecondHalf'}","{'value': 1, 'displayName': 'Pass'}","{'value': 1, 'displayName': 'Successful'}","[{'type': {'value': 140, 'displayName': 'PassEndX'}, 'value': '30.7'}, {'type': {'value': 213, 'displayName': 'Angle'}, 'value': '2.4'}, {'type': {'value': 141, 'displayName': 'PassEndY'}, 'value': '77.3'}, {'type': {'value': 56, 'displayName': 'Zone'}, 'value': 'Back'}, {'type': {'value': 212, 'displayName': 'Length'}, 'value': '19.8'}, {'type': {'value': 178, 'displayName': 'StandingSave'}}]","[91, 117, 30, 35, 37, 215, 218]",True,319756.0,30.7,77.3,,,,,,,,,
2465888629.0,454,61,50.0,29,30.7,77.3,66,"{'value': 2, 'displayName': 'SecondHalf'}","{'value': 1, 'displayName': 'Pass'}","{'value': 1, 'displayName': 'Successful'}","[{'type': {'value': 212, 'displayName': 'Length'}, 'value': '13.8'}, {'type': {'value': 213, 'displayName': 'Angle'}, 'value': '1.2'}, {'type': {'value': 141, 'displayName': 'PassEndY'}, 'value': '96.2'}, {'type': {'value': 56, 'displayName': 'Zone'}, 'value': 'Back'}, {'type': {'value': 178, 'displayName': 'StandingSave'}}, {'type': {'value': 140, 'displayName': 'PassEndX'}, 'value': '35.5'}]","[91, 117, 30, 36, 37, 216, 218]",True,106086.0,35.5,96.2,,,,,,,,,
2465888685.0,455,61,52.0,29,35.5,96.2,66,"{'value': 2, 'displayName': 'SecondHalf'}","{'value': 1, 'displayName': 'Pass'}","{'value': 1, 'displayName': 'Successful'}","[{'type': {'value': 140, 'displayName': 'PassEndX'}, 'value': '25.1'}, {'type': {'value': 141, 'displayName': 'PassEndY'}, 'value': '86.4'}, {'type': {'value': 56, 'displayName': 'Zone'}, 'value': 'Back'}, {'type': {'value': 213, 'displayName': 'Angle'}, 'value': '3.7'}, {'type': {'value': 212, 'displayName': 'Length'}, 'value': '12.8'}, {'type': {'value': 178, 'displayName': 'StandingSave'}}]","[91, 117, 30, 35, 38, 215, 218]",True,68049.0,25.1,86.4,,,,,,,,,
2465888717.0,456,61,55.0,29,20.7,77.9,66,"{'value': 2, 'displayName': 'SecondHalf'}","{'value': 1, 'displayName': 'Pass'}","{'value': 1, 'displayName': 'Successful'}","[{'type': {'value': 140, 'displayName': 'PassEndX'}, 'value': '9.3'}, {'type': {'value': 213, 'displayName': 'Angle'}, 'value': '4.1'}, {'type': {'value': 141, 'displayName': 'PassEndY'}, 'value': '53.9'}, {'type': {'value': 178, 'displayName': 'StandingSave'}}, {'type': {'value': 56, 'displayName': 'Zone'}, 'value': 'Back'}, {'type': {'value': 212, 'displayName': 'Length'}, 'value': '20.2'}]","[91, 117, 30, 35, 38, 215, 218]",True,106086.0,9.3,53.9,,,,,,,,,
2465888735.0,457,61,58.0,29,9.3,50.3,66,"{'value': 2, 'displayName': 'SecondHalf'}","{'value': 1, 'displayName': 'Pass'}","{'value': 1, 'displayName': 'Successful'}","[{'type': {'value': 213, 'displayName': 'Angle'}, 'value': '5.0'}, {'type': {'value': 212, 'displayName': 'Length'}, 'value': '20.1'}, {'type': {'value': 140, 'displayName': 'PassEndX'}, 'value': '15.6'}, {'type': {'value': 178, 'displayName': 'StandingSave'}}, {'type': {'value': 141, 'displayName': 'PassEndY'}, 'value': '22.4'}, {'type': {'value': 56, 'displayName': 'Zone'}, 'value': 'Back'}]","[91, 117, 30, 36, 38, 215, 218]",True,20973.0,15.6,22.4,,,,,,,,,
2465900227.0,11474,62,,29,86.2,71.3,67,"{'value': 2, 'displayName': 'SecondHalf'}","{'value': 10000, 'displayName': 'OffsideGiven'}","{'value': 0, 'displayName': 'Unsuccessful'}",[],[61],False,297203.0,,,,,,,,,,,
2465888773.0,458,62,1.0,29,15.6,22.4,67,"{'value': 2, 'displayName': 'SecondHalf'}","{'value': 1, 'displayName': 'Pass'}","{'value': 1, 'displayName': 'Successful'}","[{'type': {'value': 213, 'displayName': 'Angle'}, 'value': '1.1'}, {'type': {'value': 140, 'displayName': 'PassEndX'}, 'value': '23.6'}, {'type': {'value': 56, 'displayName': 'Zone'}, 'value': 'Back'}, {'type': {'value': 178, 'displayName': 'StandingSave'}}, {'type': {'value': 212, 'displayName': 'Length'}, 'value': '18.5'}, {'type': {'value': 141, 'displayName': 'PassEndY'}, 'value': '46.7'}]","[91, 117, 30, 36, 37, 215, 218]",True,73063.0,23.6,46.7,,,,,,,,,
2465888795.0,459,62,5.0,29,25.5,47.8,67,"{'value': 2, 'displayName': 'SecondHalf'}","{'value': 1, 'displayName': 'Pass'}","{'value': 1, 'displayName': 'Successful'}","[{'type': {'value': 178, 'displayName': 'StandingSave'}}, {'type': {'value': 141, 'displayName': 'PassEndY'}, 'value': '71.4'}, {'type': {'value': 56, 'displayName': 'Zone'}, 'value': 'Back'}, {'type': {'value': 140, 'displayName': 'PassEndX'}, 'value': '30.4'}, {'type': {'value': 212, 'displayName': 'Length'}, 'value': '16.9'}, {'type': {'value': 213, 'displayName': 'Angle'}, 'value': '1.3'}]","[91, 117, 30, 36, 37, 215, 218]",True,143595.0,30.4,71.4,,,,,,,,,
2465888821.0,460,62,6.0,29,30.4,71.4,67,"{'value': 2, 'displayName': 'SecondHalf'}","{'value': 1, 'displayName': 'Pass'}","{'value': 1, 'displayName': 'Successful'}","[{'type': {'value': 178, 'displayName': 'StandingSave'}}, {'type': {'value': 140, 'displayName': 'PassEndX'}, 'value': '24.3'}, {'type': {'value': 212, 'displayName': 'Length'}, 'value': '24.3'}, {'type': {'value': 141, 'displayName': 'PassEndY'}, 'value': '37.0'}, {'type': {'value': 213, 'displayName': 'Angle'}, 'value': '4.4'}, {'type': {'value': 56, 'displayName': 'Zone'}, 'value': 'Back'}]","[91, 117, 30, 35, 38, 215, 218]",True,319756.0,24.3,37.0,,,,,,,,,
2465888841.0,461,62,9.0,29,24.3,37.0,67,"{'value': 2, 'displayName': 'SecondHalf'}","{'value': 1, 'displayName': 'Pass'}","{'value': 1, 'displayName': 'Successful'}","[{'type': {'value': 141, 'displayName': 'PassEndY'}, 'value': '19.1'}, {'type': {'value': 213, 'displayName': 'Angle'}, 'value': '5.0'}, {'type': {'value': 212, 'displayName': 'Length'}, 'value': '12.8'}, {'type': {'value': 140, 'displayName': 'PassEndX'}, 'value': '28.0'}, {'type': {'value': 178, 'displayName': 'StandingSave'}}, {'type': {'value': 56, 'displayName': 'Zone'}, 'value': 'Back'}]","[91, 117, 30, 36, 38, 215, 218]",True,143595.0,28.0,19.1,,,,,,,,,
2465888893.0,462,62,11.0,29,28.0,18.4,67,"{'value': 2, 'displayName': 'SecondHalf'}","{'value': 1, 'displayName': 'Pass'}","{'value': 1, 'displayName': 'Successful'}","[{'type': {'value': 212, 'displayName': 'Length'}, 'value': '12.2'}, {'type': {'value': 56, 'displayName': 'Zone'}, 'value': 'Back'}, {'type': {'value': 141, 'displayName': 'PassEndY'}, 'value': '2.2'}, {'type': {'value': 140, 'displayName': 'PassEndX'}, 'value': '33.0'}, {'type': {'value': 213, 'displayName': 'Angle'}, 'value': '5.2'}, {'type': {'value': 178, 'displayName': 'StandingSave'}}]","[91, 117, 30, 36, 38, 215, 218]",True,332325.0,33.0,2.2,,,,,,,,,
2465888919.0,463,62,13.0,29,33.0,2.2,67,"{'value': 2, 'displayName': 'SecondHalf'}","{'value': 1, 'displayName': 'Pass'}","{'value': 1, 'displayName': 'Successful'}","[{'type': {'value': 178, 'displayName': 'StandingSave'}}, {'type': {'value': 56, 'displayName': 'Zone'}, 'value': 'Back'}, {'type': {'value': 141, 'displayName': 'PassEndY'}, 'value': '12.7'}, {'type': {'value': 213, 'displayName': 'Angle'}, 'value': '1.4'}, {'type': {'value': 212, 'displayName': 'Length'}, 'value': '7.2'}, {'type': {'value': 140, 'displayName': 'PassEndX'}, 'value': '34.1'}]","[91, 117, 30, 36, 37, 216, 218]",True,255167.0,34.1,12.7,,,,,,,,,
2465888939.0,464,62,16.0,29,34.8,16.9,67,"{'value': 2, 'displayName': 'SecondHalf'}","{'value': 1, 'displayName': 'Pass'}","{'value': 1, 'displayName': 'Successful'}","[{'type': {'value': 56, 'displayName': 'Zone'}, 'value': 'Back'}, {'type': {'value': 213, 'displayName': 'Angle'}, 'value': '2.0'}, {'type': {'value': 178, 'displayName': 'StandingSave'}}, {'type': {'value': 140, 'displayName': 'PassEndX'}, 'value': '30.0'}, {'type': {'value': 212, 'displayName': 'Length'}, 'value': '12.2'}, {'type': {'value': 141, 'displayName': 'PassEndY'}, 'value': '33.2'}]","[91, 117, 30, 35, 37, 215, 218]",True,322596.0,30.0,33.2,,,,,,,,,
2465888973.0,465,62,18.0,29,30.0,33.2,67,"{'value': 2, 'displayName': 'SecondHalf'}","{'value': 1, 'displayName': 'Pass'}","{'value': 1, 'displayName': 'Successful'}","[{'type': {'value': 213, 'displayName': 'Angle'}, 'value': '1.1'}, {'type': {'value': 178, 'displayName': 'StandingSave'}}, {'type': {'value': 56, 'displayName': 'Zone'}, 'value': 'Back'}, {'type': {'value': 212, 'displayName': 'Length'}, 'value': '16.1'}, {'type': {'value': 140, 'displayName': 'PassEndX'}, 'value': '37.4'}, {'type': {'value': 141, 'displayName': 'PassEndY'}, 'value': '54.0'}]","[91, 117, 30, 36, 37, 216, 218]",True,143595.0,37.4,54.0,,,,,,,,,
2465889025.0,466,62,19.0,29,37.4,54.0,67,"{'value': 2, 'displayName': 'SecondHalf'}","{'value': 1, 'displayName': 'Pass'}","{'value': 1, 'displayName': 'Successful'}","[{'type': {'value': 1, 'displayName': 'Longball'}}, {'type': {'value': 56, 'displayName': 'Zone'}, 'value': 'Left'}, {'type': {'value': 213, 'displayName': 'Angle'}, 'value': '0.9'}, {'type': {'value': 140, 'displayName': 'PassEndX'}, 'value': '57.2'}, {'type': {'value': 178, 'displayName': 'StandingSave'}}, {'type': {'value': 212, 'displayName': 'Length'}, 'value': '34.5'}, {'type': {'value': 141, 'displayName': 'PassEndY'}, 'value': '94.4'}]","[91, 119, 117, 127, 36, 37, 216, 218]",True,319756.0,57.2,94.4,,,,,,,,,
2465889039.0,467,62,22.0,29,56.2,95.0,67,"{'value': 2, 'displayName': 'SecondHalf'}","{'value': 1, 'displayName': 'Pass'}","{'value': 1, 'displayName': 'Successful'}","[{'type': {'value': 212, 'displayName': 'Length'}, 'value': '6.3'}, {'type': {'value': 213, 'displayName': 'Angle'}, 'value': '5.3'}, {'type': {'value': 56, 'displayName': 'Zone'}, 'value': 'Left'}, {'type': {'value': 141, 'displayName': 'PassEndY'}, 'value': '87.5'}, {'type': {'value': 140, 'displayName': 'PassEndX'}, 'value': '59.7'}, {'type': {'value': 178, 'displayName': 'StandingSave'}}]","[91, 119, 117, 30, 36, 38, 216, 218]",True,68049.0,59.7,87.5,,,,,,,,,
2465889053.0,468,62,24.0,29,59.7,87.5,67,"{'value': 2, 'displayName': 'SecondHalf'}","{'value': 1, 'displayName': 'Pass'}","{'value': 1, 'displayName': 'Successful'}","[{'type': {'value': 213, 'displayName': 'Angle'}, 'value': '2.8'}, {'type': {'value': 178, 'displayName': 'StandingSave'}}, {'type': {'value': 56, 'displayName': 'Zone'}, 'value': 'Left'}, {'type': {'value': 141, 'displayName': 'PassEndY'}, 'value': '91.7'}, {'type': {'value': 212, 'displayName': 'Length'}, 'value': '7.5'}, {'type': {'value': 140, 'displayName': 'PassEndX'}, 'value': '53.1'}]","[91, 119, 117, 30, 35, 37, 216, 218]",True,297203.0,53.1,91.7,,,,,,,,,
2465889063.0,469,62,24.0,29,53.1,91.7,67,"{'value': 2, 'displayName': 'SecondHalf'}","{'value': 1, 'displayName': 'Pass'}","{'value': 1, 'displayName': 'Successful'}","[{'type': {'value': 178, 'displayName': 'StandingSave'}}, {'type': {'value': 140, 'displayName': 'PassEndX'}, 'value': '54.3'}, {'type': {'value': 56, 'displayName': 'Zone'}, 'value': 'Center'}, {'type': {'value': 213, 'displayName': 'Angle'}, 'value': '4.8'}, {'type': {'value': 141, 'displayName': 'PassEndY'}, 'value': '77.6'}, {'type': {'value': 212, 'displayName': 'Length'}, 'value': '9.7'}]","[91, 119, 117, 30, 36, 38, 216, 218]",True,68049.0,54.3,77.6,,,,,,,,,
2465889099.0,470,62,26.0,29,54.3,77.6,67,"{'value': 2, 'displayName': 'SecondHalf'}","{'value': 1, 'displayName': 'Pass'}","{'value': 1, 'displayName': 'Successful'}","[{'type': {'value': 141, 'displayName': 'PassEndY'}, 'value': '93.0'}, {'type': {'value': 212, 'displayName': 'Length'}, 'value': '21.1'}, {'type': {'value': 178, 'displayName': 'StandingSave'}}, {'type': {'value': 140, 'displayName': 'PassEndX'}, 'value': '71.8'}, {'type': {'value': 56, 'displayName': 'Zone'}, 'value': 'Left'}, {'type': {'value': 213, 'displayName': 'Angle'}, 'value': '0.5'}]","[91, 119, 117, 30, 205, 36, 37, 217, 218]",True,319756.0,71.8,93.0,,,,,,,,,
2465889125.0,471,62,30.0,29,72.3,81.8,67,"{'value': 2, 'displayName': 'SecondHalf'}","{'value': 1, 'displayName': 'Pass'}","{'value': 1, 'displayName': 'Successful'}","[{'type': {'value': 56, 'displayName': 'Zone'}, 'value': 'Center'}, {'type': {'value': 213, 'displayName': 'Angle'}, 'value': '4.8'}, {'type': {'value': 141, 'displayName': 'PassEndY'}, 'value': '57.8'}, {'type': {'value': 178, 'displayName': 'StandingSave'}}, {'type': {'value': 212, 'displayName': 'Length'}, 'value': '16.5'}, {'type': {'value': 140, 'displayName': 'PassEndX'}, 'value': '74.3'}]","[91, 119, 117, 30, 205, 36, 38, 217, 218]",True,297203.0,74.3,57.8,,,,,,,,,
2465889127.0,472,62,31.0,29,74.6,57.1,67,"{'value': 2, 'displayName': 'SecondHalf'}","{'value': 1, 'displayName': 'Pass'}","{'value': 1, 'displayName': 'Successful'}","[{'type': {'value': 178, 'displayName': 'StandingSave'}}, {'type': {'value': 56, 'displayName': 'Zone'}, 'value': 'Center'}, {'type': {'value': 213, 'displayName': 'Angle'}, 'value': '4.3'}, {'type': {'value': 210, 'displayName': 'ShotAssist'}, 'value': '13'}, {'type': {'value': 141, 'displayName': 'PassEndY'}, 'value': '43.5'}, {'type': {'value': 212, 'displayName': 'Length'}, 'value': '10.2'}, {'type': {'value': 140, 'displayName': 'PassEndX'}, 'value': '70.5'}, {'type': {'value': 11113, 'displayName': 'KeyPass'}}]","[91, 119, 117, 30, 123, 205, 40, 46, 35, 38, 217, 218]",True,322596.0,70.5,43.5,,,,,,,,,
2465889189.0,473,62,34.0,29,74.0,34.3,67,"{'value': 2, 'displayName': 'SecondHalf'}","{'value': 13, 'displayName': 'MissedShots'}","{'value': 1, 'displayName': 'Successful'}","[{'type': {'value': 20, 'displayName': 'RightFoot'}}, {'type': {'value': 103, 'displayName': 'GoalMouthZ'}, 'value': '12.5'}, {'type': {'value': 73, 'displayName': 'MissLeft'}}, {'type': {'value': 178, 'displayName': 'StandingSave'}}, {'type': {'value': 18, 'displayName': 'OutOfBoxCentre'}}, {'type': {'value': 147, 'displayName': 'BlockedY'}, 'value': '69.1'}, {'type': {'value': 102, 'displayName': 'GoalMouthY'}, 'value': '73.9'}, {'type': {'value': 55, 'displayName': 'RelatedEventId'}, 'value': '472'}, {'type': {'value': 22, 'displayName': 'RegularPlay'}}, {'type': {'value': 56, 'displayName': 'Zone'}, 'value': 'Center'}, {'type': {'value': 29, 'displayName': 'Assisted'}}, {'type': {'value': 146, 'displayName': 'BlockedX'}, 'value': '99.4'}]","[91, 7, 10, 2, 3, 12]",True,319756.0,,,472.0,322596.0,99.4,69.1,12.5,73.9,True,,
2465889227.0,474,62,34.0,29,74.1,33.6,67,"{'value': 2, 'displayName': 'SecondHalf'}","{'value': 2, 'displayName': 'OffsidePass'}","{'value': 1, 'displayName': 'Successful'}","[{'type': {'value': 178, 'displayName': 'StandingSave'}}, {'type': {'value': 140, 'displayName': 'PassEndX'}, 'value': '86.2'}, {'type': {'value': 141, 'displayName': 'PassEndY'}, 'value': '71.3'}, {'type': {'value': 7, 'displayName': 'PlayerCaughtOffside'}, 'value': '297203'}, {'type': {'value': 56, 'displayName': 'Zone'}, 'value': 'Center'}]","[91, 217]",True,319756.0,86.2,71.3,,,,,,,,,
2465889297.0,625,62,34.0,161,10.9,53.4,67,"{'value': 2, 'displayName': 'SecondHalf'}","{'value': 55, 'displayName': 'OffsideProvoked'}","{'value': 1, 'displayName': 'Successful'}",[],[62],False,368310.0,,,,,,,,,,,
2465889335.0,626,62,43.0,161,5.3,39.0,67,"{'value': 2, 'displayName': 'SecondHalf'}","{'value': 1, 'displayName': 'Pass'}","{'value': 1, 'displayName': 'Successful'}","[{'type': {'value': 241, 'displayName': 'IndirectFreekickTaken'}}, {'type': {'value': 56, 'displayName': 'Zone'}, 'value': 'Back'}, {'type': {'value': 213, 'displayName': 'Angle'}, 'value': '5.8'}, {'type': {'value': 141, 'displayName': 'PassEndY'}, 'value': '26.6'}, {'type': {'value': 178, 'displayName': 'StandingSave'}}, {'type': {'value': 212, 'displayName': 'Length'}, 'value': '19.6'}, {'type': {'value': 5, 'displayName': 'FreekickTaken'}}, {'type': {'value': 140, 'displayName': 'PassEndX'}, 'value': '22.1'}]","[91, 117, 30, 132, 36, 38, 215, 218]",True,122714.0,22.1,26.6,,,,,,,,,
2465889353.0,627,62,44.0,161,25.7,21.2,67,"{'value': 2, 'displayName': 'SecondHalf'}","{'value': 1, 'displayName': 'Pass'}","{'value': 1, 'displayName': 'Successful'}","[{'type': {'value': 140, 'displayName': 'PassEndX'}, 'value': '27.2'}, {'type': {'value': 178, 'displayName': 'StandingSave'}}, {'type': {'value': 212, 'displayName': 'Length'}, 'value': '18.6'}, {'type': {'value': 141, 'displayName': 'PassEndY'}, 'value': '48.4'}, {'type': {'value': 213, 'displayName': 'Angle'}, 'value': '1.5'}, {'type': {'value': 56, 'displayName': 'Zone'}, 'value': 'Back'}]","[91, 117, 30, 36, 37, 215, 218]",True,296363.0,27.2,48.4,,,,,,,,,
2465889375.0,628,62,48.0,161,27.3,48.8,67,"{'value': 2, 'displayName': 'SecondHalf'}","{'value': 1, 'displayName': 'Pass'}","{'value': 1, 'displayName': 'Successful'}","[{'type': {'value': 140, 'displayName': 'PassEndX'}, 'value': '26.9'}, {'type': {'value': 56, 'displayName': 'Zone'}, 'value': 'Back'}, {'type': {'value': 178, 'displayName': 'StandingSave'}}, {'type': {'value': 213, 'displayName': 'Angle'}, 'value': '1.6'}, {'type': {'value': 141, 'displayName': 'PassEndY'}, 'value': '69.6'}, {'type': {'value': 212, 'displayName': 'Length'}, 'value': '14.2'}]","[91, 117, 30, 35, 37, 215, 218]",True,16161.0,26.9,69.6,,,,,,,,,
2465889425.0,629,62,51.0,161,27.0,69.3,67,"{'value': 2, 'displayName': 'SecondHalf'}","{'value': 1, 'displayName': 'Pass'}","{'value': 1, 'displayName': 'Successful'}","[{'type': {'value': 140, 'displayName': 'PassEndX'}, 'value': '29.2'}, {'type': {'value': 56, 'displayName': 'Zone'}, 'value': 'Back'}, {'type': {'value': 141, 'displayName': 'PassEndY'}, 'value': '51.3'}, {'type': {'value': 213, 'displayName': 'Angle'}, 'value': '4.9'}, {'type': {'value': 212, 'displayName': 'Length'}, 'value': '12.5'}, {'type': {'value': 178, 'displayName': 'StandingSave'}}]","[91, 117, 30, 36, 38, 215, 218]",True,368310.0,29.2,51.3,,,,,,,,,
2465889443.0,630,62,57.0,161,38.1,36.3,67,"{'value': 2, 'displayName': 'SecondHalf'}","{'value': 1, 'displayName': 'Pass'}","{'value': 1, 'displayName': 'Successful'}","[{'type': {'value': 178, 'displayName': 'StandingSave'}}, {'type': {'value': 56, 'displayName': 'Zone'}, 'value': 'Back'}, {'type': {'value': 141, 'displayName': 'PassEndY'}, 'value': '34.5'}, {'type': {'value': 140, 'displayName': 'PassEndX'}, 'value': '30.0'}, {'type': {'value': 212, 'displayName': 'Length'}, 'value': '8.6'}, {'type': {'value': 213, 'displayName': 'Angle'}, 'value': '3.3'}]","[91, 117, 30, 35, 38, 215, 218]",True,16161.0,30.0,34.5,,,,,,,,,
2465889493.0,631,62,58.0,161,30.1,36.6,67,"{'value': 2, 'displayName': 'SecondHalf'}","{'value': 1, 'displayName': 'Pass'}","{'value': 1, 'displayName': 'Successful'}","[{'type': {'value': 140, 'displayName': 'PassEndX'}, 'value': '33.3'}, {'type': {'value': 141, 'displayName': 'PassEndY'}, 'value': '71.2'}, {'type': {'value': 56, 'displayName': 'Zone'}, 'value': 'Back'}, {'type': {'value': 213, 'displayName': 'Angle'}, 'value': '1.4'}, {'type': {'value': 178, 'displayName': 'StandingSave'}}, {'type': {'value': 212, 'displayName': 'Length'}, 'value': '23.8'}]","[91, 117, 30, 36, 37, 215, 218]",True,238244.0,33.3,71.2,,,,,,,,,
2465889521.0,632,63,3.0,161,44.8,68.8,68,"{'value': 2, 'displayName': 'SecondHalf'}","{'value': 1, 'displayName': 'Pass'}","{'value': 0, 'displayName': 'Unsuccessful'}","[{'type': {'value': 178, 'displayName': 'StandingSave'}}, {'type': {'value': 1, 'displayName': 'Longball'}}, {'type': {'value': 155, 'displayName': 'Chipped'}}, {'type': {'value': 56, 'displayName': 'Zone'}, 'value': 'Center'}, {'type': {'value': 213, 'displayName': 'Angle'}, 'value': '5.8'}, {'type': {'value': 141, 'displayName': 'PassEndY'}, 'value': '40.7'}, {'type': {'value': 140, 'displayName': 'PassEndX'}, 'value': '76.4'}, {'type': {'value': 212, 'displayName': 'Length'}, 'value': '38.3'}]","[91, 120, 124, 128, 36, 38, 217, 218]",True,368310.0,76.4,40.7,,,,,,,,,
2465889555.0,475,63,5.0,29,18.4,62.6,68,"{'value': 2, 'displayName': 'SecondHalf'}","{'value': 44, 'displayName': 'Aerial'}","{'value': 1, 'displayName': 'Successful'}","[{'type': {'value': 56, 'displayName': 'Zone'}, 'value': 'Back'}, {'type': {'value': 233, 'displayName': 'OppositeRelatedEvent'}, 'value': '633'}, {'type': {'value': 285, 'displayName': 'Defensive'}}]","[197, 200]",False,106086.0,,,,,,,,,,,
2465889523.0,633,63,5.0,161,81.6,37.4,68,"{'value': 2, 'displayName': 'SecondHalf'}","{'value': 44, 'displayName': 'Aerial'}","{'value': 0, 'displayName': 'Unsuccessful'}","[{'type': {'value': 286, 'displayName': 'Offensive'}}, {'type': {'value': 233, 'displayName': 'OppositeRelatedEvent'}, 'value': '475'}, {'type': {'value': 56, 'displayName': 'Zone'}, 'value': 'Center'}]","[198, 199]",False,140088.0,,,,,,,,,,,
2465889583.0,476,63,5.0,29,13.3,66.0,68,"{'value': 2, 'displayName': 'SecondHalf'}","{'value': 12, 'displayName': 'Clearance'}","{'value': 1, 'displayName': 'Successful'}","[{'type': {'value': 213, 'displayName': 'Angle'}, 'value': '0.4'}, {'type': {'value': 212, 'displayName': 'Length'}, 'value': '12.9'}, {'type': {'value': 140, 'displayName': 'PassEndX'}, 'value': '24.4'}, {'type': {'value': 141, 'displayName': 'PassEndY'}, 'value': '74.1'}, {'type': {'value': 56, 'displayName': 'Zone'}, 'value': 'Back'}, {'type': {'value': 15, 'displayName': 'Head'}}]","[91, 94, 95, 57, 215]",True,106086.0,24.4,74.1,,,,,,,,,
2465889587.0,477,63,7.0,29,24.1,75.3,68,"{'value': 2, 'displayName': 'SecondHalf'}","{'value': 49, 'displayName': 'BallRecovery'}","{'value': 1, 'displayName': 'Successful'}",[],[93],False,297203.0,,,,,,,,,,,
2465889619.0,478,63,8.0,29,24.1,75.3,68,"{'value': 2, 'displayName': 'SecondHalf'}","{'value': 1, 'displayName': 'Pass'}","{'value': 1, 'displayName': 'Successful'}","[{'type': {'value': 56, 'displayName': 'Zone'}, 'value': 'Back'}, {'type': {'value': 213, 'displayName': 'Angle'}, 'value': '2.9'}, {'type': {'value': 140, 'displayName': 'PassEndX'}, 'value': '4.1'}, {'type': {'value': 178, 'displayName': 'StandingSave'}}, {'type': {'value': 212, 'displayName': 'Length'}, 'value': '21.6'}, {'type': {'value': 141, 'displayName': 'PassEndY'}, 'value': '82.8'}]","[91, 117, 30, 35, 37, 215, 218]",True,297203.0,4.1,82.8,,,,,,,,,
2465889623.0,479,63,13.0,29,4.3,84.0,68,"{'value': 2, 'displayName': 'SecondHalf'}","{'value': 61, 'displayName': 'BallTouch'}","{'value': 1, 'displayName': 'Successful'}","[{'type': {'value': 178, 'displayName': 'StandingSave'}}, {'type': {'value': 56, 'displayName': 'Zone'}, 'value': 'Back'}]",[91],True,68049.0,,,,,,,,,,,
2465891841.0,655,63,33.0,161,74.2,0.0,68,"{'value': 2, 'displayName': 'SecondHalf'}","{'value': 1, 'displayName': 'Pass'}","{'value': 1, 'displayName': 'Successful'}","[{'type': {'value': 212, 'displayName': 'Length'}, 'value': '20.8'}, {'type': {'value': 107, 'displayName': 'ThrowIn'}}, {'type': {'value': 141, 'displayName': 'PassEndY'}, 'value': '10.6'}, {'type': {'value': 213, 'displayName': 'Angle'}, 'value': '0.4'}, {'type': {'value': 56, 'displayName': 'Zone'}, 'value': 'Right'}, {'type': {'value': 140, 'displayName': 'PassEndX'}, 'value': '92.6'}]","[91, 212, 36, 37, 217]",True,296363.0,92.6,10.6,,,,,,,,,
2465918967.0,931,63,36.0,161,93.2,4.6,68,"{'value': 2, 'displayName': 'SecondHalf'}","{'value': 61, 'displayName': 'BallTouch'}","{'value': 1, 'displayName': 'Successful'}","[{'type': {'value': 178, 'displayName': 'StandingSave'}}, {'type': {'value': 56, 'displayName': 'Zone'}, 'value': 'Right'}]",[91],True,24248.0,,,,,,,,,,,
2465890137.0,482,63,53.0,29,8.7,100.0,68,"{'value': 2, 'displayName': 'SecondHalf'}","{'value': 1, 'displayName': 'Pass'}","{'value': 1, 'displayName': 'Successful'}","[{'type': {'value': 107, 'displayName': 'ThrowIn'}}, {'type': {'value': 212, 'displayName': 'Length'}, 'value': '16.9'}, {'type': {'value': 56, 'displayName': 'Zone'}, 'value': 'Back'}, {'type': {'value': 140, 'displayName': 'PassEndX'}, 'value': '23.9'}, {'type': {'value': 141, 'displayName': 'PassEndY'}, 'value': '93.0'}, {'type': {'value': 213, 'displayName': 'Angle'}, 'value': '6.0'}]","[91, 212, 36, 38, 215]",True,68049.0,23.9,93.0,,,,,,,,,
2465890153.0,483,63,55.0,29,23.9,93.0,68,"{'value': 2, 'displayName': 'SecondHalf'}","{'value': 1, 'displayName': 'Pass'}","{'value': 1, 'displayName': 'Successful'}","[{'type': {'value': 213, 'displayName': 'Angle'}, 'value': '5.9'}, {'type': {'value': 141, 'displayName': 'PassEndY'}, 'value': '88.1'}, {'type': {'value': 212, 'displayName': 'Length'}, 'value': '8.1'}, {'type': {'value': 3, 'displayName': 'HeadPass'}}, {'type': {'value': 140, 'displayName': 'PassEndX'}, 'value': '30.9'}, {'type': {'value': 56, 'displayName': 'Zone'}, 'value': 'Back'}]","[91, 117, 30, 139, 36, 38, 215, 218]",True,319756.0,30.9,88.1,,,,,,,,,
2465890203.0,484,63,56.0,29,30.9,88.1,68,"{'value': 2, 'displayName': 'SecondHalf'}","{'value': 1, 'displayName': 'Pass'}","{'value': 1, 'displayName': 'Successful'}","[{'type': {'value': 140, 'displayName': 'PassEndX'}, 'value': '37.4'}, {'type': {'value': 212, 'displayName': 'Length'}, 'value': '17.4'}, {'type': {'value': 141, 'displayName': 'PassEndY'}, 'value': '64.5'}, {'type': {'value': 213, 'displayName': 'Angle'}, 'value': '5.1'}, {'type': {'value': 56, 'displayName': 'Zone'}, 'value': 'Back'}, {'type': {'value': 3, 'displayName': 'HeadPass'}}]","[91, 117, 30, 139, 36, 38, 216, 218]",True,302650.0,37.4,64.5,,,,,,,,,
2465890261.0,485,63,58.0,29,37.5,64.5,68,"{'value': 2, 'displayName': 'SecondHalf'}","{'value': 1, 'displayName': 'Pass'}","{'value': 1, 'displayName': 'Successful'}","[{'type': {'value': 141, 'displayName': 'PassEndY'}, 'value': '23.3'}, {'type': {'value': 140, 'displayName': 'PassEndX'}, 'value': '31.4'}, {'type': {'value': 178, 'displayName': 'StandingSave'}}, {'type': {'value': 212, 'displayName': 'Length'}, 'value': '28.7'}, {'type': {'value': 56, 'displayName': 'Zone'}, 'value': 'Back'}, {'type': {'value': 213, 'displayName': 'Angle'}, 'value': '4.5'}]","[91, 117, 30, 35, 38, 215, 218]",True,297203.0,31.4,23.3,,,,,,,,,
2465890325.0,486,64,2.0,29,42.5,25.1,69,"{'value': 2, 'displayName': 'SecondHalf'}","{'value': 1, 'displayName': 'Pass'}","{'value': 1, 'displayName': 'Successful'}","[{'type': {'value': 140, 'displayName': 'PassEndX'}, 'value': '78.1'}, {'type': {'value': 212, 'displayName': 'Length'}, 'value': '38.5'}, {'type': {'value': 56, 'displayName': 'Zone'}, 'value': 'Right'}, {'type': {'value': 141, 'displayName': 'PassEndY'}, 'value': '11.6'}, {'type': {'value': 213, 'displayName': 'Angle'}, 'value': '6.0'}, {'type': {'value': 178, 'displayName': 'StandingSave'}}, {'type': {'value': 1, 'displayName': 'Longball'}}]","[91, 119, 117, 127, 205, 36, 38, 217, 218]",True,255167.0,78.1,11.6,,,,,,,,,
2465890335.0,487,64,7.0,29,89.7,22.9,69,"{'value': 2, 'displayName': 'SecondHalf'}","{'value': 1, 'displayName': 'Pass'}","{'value': 0, 'displayName': 'Unsuccessful'}","[{'type': {'value': 56, 'displayName': 'Zone'}, 'value': 'Center'}, {'type': {'value': 213, 'displayName': 'Angle'}, 'value': '1.5'}, {'type': {'value': 212, 'displayName': 'Length'}, 'value': '2.7'}, {'type': {'value': 140, 'displayName': 'PassEndX'}, 'value': '89.8'}, {'type': {'value': 233, 'displayName': 'OppositeRelatedEvent'}, 'value': '636'}, {'type': {'value': 286, 'displayName': 'Offensive'}}, {'type': {'value': 141, 'displayName': 'PassEndY'}, 'value': '26.9'}, {'type': {'value': 178, 'displayName': 'StandingSave'}}]","[91, 120, 29, 36, 37, 217, 218]",True,322596.0,89.8,26.9,,,,,,,,,
2465890355.0,636,64,7.0,161,15.3,77.3,69,"{'value': 2, 'displayName': 'SecondHalf'}","{'value': 74, 'displayName': 'BlockedPass'}","{'value': 1, 'displayName': 'Successful'}","[{'type': {'value': 285, 'displayName': 'Defensive'}}, {'type': {'value': 178, 'displayName': 'StandingSave'}}, {'type': {'value': 233, 'displayName': 'OppositeRelatedEvent'}, 'value': '487'}, {'type': {'value': 56, 'displayName': 'Zone'}, 'value': 'Back'}]","[91, 60]",True,368310.0,,,,,,,,,,,
2465919879.0,932,64,8.0,161,11.4,61.2,69,"{'value': 2, 'displayName': 'SecondHalf'}","{'value': 61, 'displayName': 'BallTouch'}","{'value': 1, 'displayName': 'Successful'}","[{'type': {'value': 178, 'displayName': 'StandingSave'}}, {'type': {'value': 56, 'displayName': 'Zone'}, 'value': 'Back'}]",[91],True,394933.0,,,,,,,,,,,
2465890393.0,488,64,9.0,29,85.6,43.1,69,"{'value': 2, 'displayName': 'SecondHalf'}","{'value': 1, 'displayName': 'Pass'}","{'value': 1, 'displayName': 'Successful'}","[{'type': {'value': 141, 'displayName': 'PassEndY'}, 'value': '52.2'}, {'type': {'value': 56, 'displayName': 'Zone'}, 'value': 'Center'}, {'type': {'value': 212, 'displayName': 'Length'}, 'value': '13.3'}, {'type': {'value': 213, 'displayName': 'Angle'}, 'value': '2.7'}, {'type': {'value': 178, 'displayName': 'StandingSave'}}, {'type': {'value': 140, 'displayName': 'PassEndX'}, 'value': '74.4'}]","[91, 119, 117, 30, 205, 35, 37, 217, 218]",True,297203.0,74.4,52.2,,,,,,,,,
2465890403.0,489,64,11.0,29,74.4,52.2,69,"{'value': 2, 'displayName': 'SecondHalf'}","{'value': 1, 'displayName': 'Pass'}","{'value': 0, 'displayName': 'Unsuccessful'}","[{'type': {'value': 141, 'displayName': 'PassEndY'}, 'value': '35.5'}, {'type': {'value': 56, 'displayName': 'Zone'}, 'value': 'Center'}, {'type': {'value': 140, 'displayName': 'PassEndX'}, 'value': '85.8'}, {'type': {'value': 155, 'displayName': 'Chipped'}}, {'type': {'value': 212, 'displayName': 'Length'}, 'value': '16.5'}, {'type': {'value': 178, 'displayName': 'StandingSave'}}, {'type': {'value': 213, 'displayName': 'Angle'}, 'value': '5.5'}]","[91, 120, 29, 124, 36, 38, 217, 218]",True,332325.0,85.8,35.5,,,,,,,,,
2465890433.0,637,64,12.0,161,12.6,66.6,69,"{'value': 2, 'displayName': 'SecondHalf'}","{'value': 1, 'displayName': 'Pass'}","{'value': 1, 'displayName': 'Successful'}","[{'type': {'value': 212, 'displayName': 'Length'}, 'value': '18.5'}, {'type': {'value': 141, 'displayName': 'PassEndY'}, 'value': '69.4'}, {'type': {'value': 140, 'displayName': 'PassEndX'}, 'value': '30.1'}, {'type': {'value': 3, 'displayName': 'HeadPass'}}, {'type': {'value': 213, 'displayName': 'Angle'}, 'value': '0.1'}, {'type': {'value': 56, 'displayName': 'Zone'}, 'value': 'Back'}, {'type': {'value': 178, 'displayName': 'StandingSave'}}]","[91, 117, 30, 139, 36, 37, 215, 218]",True,355401.0,30.1,69.4,,,,,,,,,
2465890445.0,638,64,14.0,161,30.1,69.7,69,"{'value': 2, 'displayName': 'SecondHalf'}","{'value': 49, 'displayName': 'BallRecovery'}","{'value': 1, 'displayName': 'Successful'}",[],[93],False,300513.0,,,,,,,,,,,
2465890525.0,639,64,17.0,161,56.4,80.8,69,"{'value': 2, 'displayName': 'SecondHalf'}","{'value': 1, 'displayName': 'Pass'}","{'value': 1, 'displayName': 'Successful'}","[{'type': {'value': 141, 'displayName': 'PassEndY'}, 'value': '90.3'}, {'type': {'value': 212, 'displayName': 'Length'}, 'value': '16.5'}, {'type': {'value': 140, 'displayName': 'PassEndX'}, 'value': '70.9'}, {'type': {'value': 213, 'displayName': 'Angle'}, 'value': '0.4'}, {'type': {'value': 178, 'displayName': 'StandingSave'}}, {'type': {'value': 56, 'displayName': 'Zone'}, 'value': 'Left'}]","[91, 119, 117, 30, 205, 36, 37, 217, 218]",True,300513.0,70.9,90.3,,,,,,,,,
2465890549.0,640,64,24.0,161,72.4,81.7,69,"{'value': 2, 'displayName': 'SecondHalf'}","{'value': 1, 'displayName': 'Pass'}","{'value': 1, 'displayName': 'Successful'}","[{'type': {'value': 140, 'displayName': 'PassEndX'}, 'value': '64.1'}, {'type': {'value': 178, 'displayName': 'StandingSave'}}, {'type': {'value': 213, 'displayName': 'Angle'}, 'value': '4.0'}, {'type': {'value': 56, 'displayName': 'Zone'}, 'value': 'Center'}, {'type': {'value': 141, 'displayName': 'PassEndY'}, 'value': '65.7'}, {'type': {'value': 212, 'displayName': 'Length'}, 'value': '13.9'}]","[91, 119, 117, 30, 35, 38, 216, 218]",True,24248.0,64.1,65.7,,,,,,,,,
2465890613.0,641,64,27.0,161,67.7,68.2,69,"{'value': 2, 'displayName': 'SecondHalf'}","{'value': 1, 'displayName': 'Pass'}","{'value': 1, 'displayName': 'Successful'}","[{'type': {'value': 140, 'displayName': 'PassEndX'}, 'value': '85.4'}, {'type': {'value': 141, 'displayName': 'PassEndY'}, 'value': '84.1'}, {'type': {'value': 178, 'displayName': 'StandingSave'}}, {'type': {'value': 212, 'displayName': 'Length'}, 'value': '21.5'}, {'type': {'value': 213, 'displayName': 'Angle'}, 'value': '0.5'}, {'type': {'value': 56, 'displayName': 'Zone'}, 'value': 'Left'}]","[91, 119, 117, 30, 205, 36, 37, 217, 218]",True,394933.0,85.4,84.1,,,,,,,,,
2465890621.0,642,64,31.0,161,88.3,71.6,69,"{'value': 2, 'displayName': 'SecondHalf'}","{'value': 50, 'displayName': 'Dispossessed'}","{'value': 1, 'displayName': 'Successful'}","[{'type': {'value': 286, 'displayName': 'Offensive'}}, {'type': {'value': 56, 'displayName': 'Zone'}, 'value': 'Center'}, {'type': {'value': 233, 'displayName': 'OppositeRelatedEvent'}, 'value': '490'}]","[91, 70]",True,300513.0,,,,,,,,,,,
2465890607.0,490,64,31.0,29,11.7,28.4,69,"{'value': 2, 'displayName': 'SecondHalf'}","{'value': 7, 'displayName': 'Tackle'}","{'value': 0, 'displayName': 'Unsuccessful'}","[{'type': {'value': 178, 'displayName': 'StandingSave'}}, {'type': {'value': 56, 'displayName': 'Zone'}, 'value': 'Back'}, {'type': {'value': 285, 'displayName': 'Defensive'}}, {'type': {'value': 233, 'displayName': 'OppositeRelatedEvent'}, 'value': '642'}]","[91, 142]",True,143595.0,,,,,,,,,,,
2465890667.0,643,64,32.0,161,85.8,74.4,69,"{'value': 2, 'displayName': 'SecondHalf'}","{'value': 1, 'displayName': 'Pass'}","{'value': 1, 'displayName': 'Successful'}","[{'type': {'value': 56, 'displayName': 'Zone'}, 'value': 'Center'}, {'type': {'value': 212, 'displayName': 'Length'}, 'value': '11.3'}, {'type': {'value': 140, 'displayName': 'PassEndX'}, 'value': '96.5'}, {'type': {'value': 141, 'displayName': 'PassEndY'}, 'value': '76.0'}, {'type': {'value': 213, 'displayName': 'Angle'}, 'value': '0.1'}, {'type': {'value': 178, 'displayName': 'StandingSave'}}]","[91, 119, 117, 30, 205, 36, 37, 217, 218]",True,300513.0,96.5,76.0,,,,,,,,,
2465890675.0,644,64,35.0,161,96.5,76.0,69,"{'value': 2, 'displayName': 'SecondHalf'}","{'value': 61, 'displayName': 'BallTouch'}","{'value': 1, 'displayName': 'Successful'}","[{'type': {'value': 178, 'displayName': 'StandingSave'}}, {'type': {'value': 56, 'displayName': 'Zone'}, 'value': 'Center'}]",[91],True,394933.0,,,,,,,,,,,
2465890663.0,491,64,36.0,29,3.3,24.2,69,"{'value': 2, 'displayName': 'SecondHalf'}","{'value': 49, 'displayName': 'BallRecovery'}","{'value': 1, 'displayName': 'Successful'}",[],[93],False,143595.0,,,,,,,,,,,
2465890749.0,492,64,40.0,29,11.7,1.6,69,"{'value': 2, 'displayName': 'SecondHalf'}","{'value': 1, 'displayName': 'Pass'}","{'value': 0, 'displayName': 'Unsuccessful'}","[{'type': {'value': 56, 'displayName': 'Zone'}, 'value': 'Back'}, {'type': {'value': 140, 'displayName': 'PassEndX'}, 'value': '35.1'}, {'type': {'value': 213, 'displayName': 'Angle'}, 'value': '6.2'}, {'type': {'value': 141, 'displayName': 'PassEndY'}, 'value': '0.0'}, {'type': {'value': 178, 'displayName': 'StandingSave'}}, {'type': {'value': 212, 'displayName': 'Length'}, 'value': '24.7'}]","[91, 118, 120, 29, 36, 38, 216, 218]",True,143595.0,35.1,0.0,,,,,,,,,
2465891145.0,494,65,17.0,29,0.0,0.0,70,"{'value': 2, 'displayName': 'SecondHalf'}","{'value': 18, 'displayName': 'SubstitutionOff'}","{'value': 1, 'displayName': 'Successful'}","[{'type': {'value': 44, 'displayName': 'PlayerPosition'}, 'value': 'Forward'}, {'type': {'value': 59, 'displayName': 'JerseyNumber'}, 'value': '7'}, {'type': {'value': 55, 'displayName': 'RelatedEventId'}, 'value': '495'}]",[214],False,302650.0,,,495.0,69517.0,,,,,,,
2465891149.0,495,65,17.0,29,0.0,0.0,70,"{'value': 2, 'displayName': 'SecondHalf'}","{'value': 19, 'displayName': 'SubstitutionOn'}","{'value': 1, 'displayName': 'Successful'}","[{'type': {'value': 55, 'displayName': 'RelatedEventId'}, 'value': '494'}, {'type': {'value': 145, 'displayName': 'FormationSlot'}, 'value': '9'}, {'type': {'value': 44, 'displayName': 'PlayerPosition'}, 'value': 'Forward'}, {'type': {'value': 59, 'displayName': 'JerseyNumber'}, 'value': '9'}]",[213],False,69517.0,,,494.0,302650.0,,,,,,,
2465891361.0,649,65,20.0,161,52.0,100.0,70,"{'value': 2, 'displayName': 'SecondHalf'}","{'value': 1, 'displayName': 'Pass'}","{'value': 1, 'displayName': 'Successful'}","[{'type': {'value': 141, 'displayName': 'PassEndY'}, 'value': '91.1'}, {'type': {'value': 212, 'displayName': 'Length'}, 'value': '16.1'}, {'type': {'value': 140, 'displayName': 'PassEndX'}, 'value': '38.3'}, {'type': {'value': 107, 'displayName': 'ThrowIn'}}, {'type': {'value': 56, 'displayName': 'Zone'}, 'value': 'Back'}, {'type': {'value': 213, 'displayName': 'Angle'}, 'value': '3.6'}]","[91, 212, 35, 38, 216]",True,355401.0,38.3,91.1,,,,,,,,,
2465917809.0,930,65,23.0,161,32.8,83.5,70,"{'value': 2, 'displayName': 'SecondHalf'}","{'value': 1, 'displayName': 'Pass'}","{'value': 1, 'displayName': 'Successful'}","[{'type': {'value': 140, 'displayName': 'PassEndX'}, 'value': '35.0'}, {'type': {'value': 56, 'displayName': 'Zone'}, 'value': 'Back'}, {'type': {'value': 141, 'displayName': 'PassEndY'}, 'value': '49.6'}, {'type': {'value': 213, 'displayName': 'Angle'}, 'value': '4.8'}, {'type': {'value': 178, 'displayName': 'StandingSave'}}, {'type': {'value': 212, 'displayName': 'Length'}, 'value': '23.2'}]","[91, 117, 30, 36, 38, 216, 218]",True,368310.0,35.0,49.6,,,,,,,,,
2465891389.0,650,65,27.0,161,41.6,36.5,70,"{'value': 2, 'displayName': 'SecondHalf'}","{'value': 1, 'displayName': 'Pass'}","{'value': 1, 'displayName': 'Successful'}","[{'type': {'value': 141, 'displayName': 'PassEndY'}, 'value': '27.7'}, {'type': {'value': 213, 'displayName': 'Angle'}, 'value': '6.1'}, {'type': {'value': 212, 'displayName': 'Length'}, 'value': '28.8'}, {'type': {'value': 140, 'displayName': 'PassEndX'}, 'value': '68.4'}, {'type': {'value': 178, 'displayName': 'StandingSave'}}, {'type': {'value': 56, 'displayName': 'Zone'}, 'value': 'Center'}]","[91, 119, 117, 30, 205, 36, 38, 217, 218]",True,238244.0,68.4,27.7,,,,,,,,,
2465891391.0,651,65,32.0,161,67.4,33.4,70,"{'value': 2, 'displayName': 'SecondHalf'}","{'value': 3, 'displayName': 'TakeOn'}","{'value': 0, 'displayName': 'Unsuccessful'}","[{'type': {'value': 56, 'displayName': 'Zone'}, 'value': 'Center'}, {'type': {'value': 286, 'displayName': 'Offensive'}}, {'type': {'value': 178, 'displayName': 'StandingSave'}}, {'type': {'value': 211, 'displayName': 'OverRun'}}]","[91, 204]",True,140088.0,,,,,,,,,,,
2465891349.0,496,65,34.0,29,27.7,61.8,70,"{'value': 2, 'displayName': 'SecondHalf'}","{'value': 1, 'displayName': 'Pass'}","{'value': 1, 'displayName': 'Successful'}","[{'type': {'value': 56, 'displayName': 'Zone'}, 'value': 'Back'}, {'type': {'value': 213, 'displayName': 'Angle'}, 'value': '0.6'}, {'type': {'value': 140, 'displayName': 'PassEndX'}, 'value': '32.1'}, {'type': {'value': 212, 'displayName': 'Length'}, 'value': '5.5'}, {'type': {'value': 178, 'displayName': 'StandingSave'}}, {'type': {'value': 141, 'displayName': 'PassEndY'}, 'value': '66.2'}]","[91, 117, 30, 36, 37, 215, 218]",True,106086.0,32.1,66.2,,,,,,,,,
2465891355.0,497,65,35.0,29,32.1,66.2,70,"{'value': 2, 'displayName': 'SecondHalf'}","{'value': 49, 'displayName': 'BallRecovery'}","{'value': 1, 'displayName': 'Successful'}",[],[93],False,297203.0,,,,,,,,,,,
2465891365.0,498,65,35.0,29,32.0,66.3,70,"{'value': 2, 'displayName': 'SecondHalf'}","{'value': 1, 'displayName': 'Pass'}","{'value': 1, 'displayName': 'Successful'}","[{'type': {'value': 178, 'displayName': 'StandingSave'}}, {'type': {'value': 56, 'displayName': 'Zone'}, 'value': 'Back'}, {'type': {'value': 140, 'displayName': 'PassEndX'}, 'value': '28.3'}, {'type': {'value': 212, 'displayName': 'Length'}, 'value': '4.6'}, {'type': {'value': 141, 'displayName': 'PassEndY'}, 'value': '62.7'}, {'type': {'value': 213, 'displayName': 'Angle'}, 'value': '3.7'}]","[91, 117, 30, 35, 38, 215, 218]",True,297203.0,28.3,62.7,,,,,,,,,
2465891381.0,499,65,36.0,29,28.3,62.7,70,"{'value': 2, 'displayName': 'SecondHalf'}","{'value': 1, 'displayName': 'Pass'}","{'value': 1, 'displayName': 'Successful'}","[{'type': {'value': 141, 'displayName': 'PassEndY'}, 'value': '87.9'}, {'type': {'value': 178, 'displayName': 'StandingSave'}}, {'type': {'value': 213, 'displayName': 'Angle'}, 'value': '1.8'}, {'type': {'value': 212, 'displayName': 'Length'}, 'value': '17.4'}, {'type': {'value': 56, 'displayName': 'Zone'}, 'value': 'Back'}, {'type': {'value': 140, 'displayName': 'PassEndX'}, 'value': '25.3'}]","[91, 117, 30, 35, 37, 215, 218]",True,332325.0,25.3,87.9,,,,,,,,,
2465891399.0,500,65,37.0,29,25.3,87.9,70,"{'value': 2, 'displayName': 'SecondHalf'}","{'value': 1, 'displayName': 'Pass'}","{'value': 1, 'displayName': 'Successful'}","[{'type': {'value': 212, 'displayName': 'Length'}, 'value': '11.0'}, {'type': {'value': 140, 'displayName': 'PassEndX'}, 'value': '35.3'}, {'type': {'value': 213, 'displayName': 'Angle'}, 'value': '0.3'}, {'type': {'value': 141, 'displayName': 'PassEndY'}, 'value': '92.7'}, {'type': {'value': 56, 'displayName': 'Zone'}, 'value': 'Back'}, {'type': {'value': 178, 'displayName': 'StandingSave'}}]","[91, 117, 30, 36, 37, 216, 218]",True,68049.0,35.3,92.7,,,,,,,,,
2465891413.0,501,65,39.0,29,36.3,96.0,70,"{'value': 2, 'displayName': 'SecondHalf'}","{'value': 1, 'displayName': 'Pass'}","{'value': 1, 'displayName': 'Successful'}","[{'type': {'value': 213, 'displayName': 'Angle'}, 'value': '0.0'}, {'type': {'value': 140, 'displayName': 'PassEndX'}, 'value': '53.6'}, {'type': {'value': 178, 'displayName': 'StandingSave'}}, {'type': {'value': 56, 'displayName': 'Zone'}, 'value': 'Left'}, {'type': {'value': 141, 'displayName': 'PassEndY'}, 'value': '96.5'}, {'type': {'value': 212, 'displayName': 'Length'}, 'value': '18.2'}]","[91, 119, 117, 30, 36, 37, 216, 218]",True,106086.0,53.6,96.5,,,,,,,,,
2465891429.0,502,65,43.0,29,48.0,95.9,70,"{'value': 2, 'displayName': 'SecondHalf'}","{'value': 1, 'displayName': 'Pass'}","{'value': 1, 'displayName': 'Successful'}","[{'type': {'value': 178, 'displayName': 'StandingSave'}}, {'type': {'value': 141, 'displayName': 'PassEndY'}, 'value': '79.8'}, {'type': {'value': 212, 'displayName': 'Length'}, 'value': '14.1'}, {'type': {'value': 213, 'displayName': 'Angle'}, 'value': '4.0'}, {'type': {'value': 56, 'displayName': 'Zone'}, 'value': 'Back'}, {'type': {'value': 140, 'displayName': 'PassEndX'}, 'value': '39.5'}]","[91, 117, 30, 35, 38, 216, 218]",True,69517.0,39.5,79.8,,,,,,,,,
2465891457.0,503,65,45.0,29,39.5,80.0,70,"{'value': 2, 'displayName': 'SecondHalf'}","{'value': 1, 'displayName': 'Pass'}","{'value': 1, 'displayName': 'Successful'}","[{'type': {'value': 213, 'displayName': 'Angle'}, 'value': '3.2'}, {'type': {'value': 56, 'displayName': 'Zone'}, 'value': 'Back'}, {'type': {'value': 140, 'displayName': 'PassEndX'}, 'value': '29.4'}, {'type': {'value': 212, 'displayName': 'Length'}, 'value': '10.6'}, {'type': {'value': 141, 'displayName': 'PassEndY'}, 'value': '78.8'}, {'type': {'value': 178, 'displayName': 'StandingSave'}}]","[91, 117, 30, 35, 38, 215, 218]",True,319756.0,29.4,78.8,,,,,,,,,
2465891501.0,504,65,47.0,29,29.4,78.6,70,"{'value': 2, 'displayName': 'SecondHalf'}","{'value': 1, 'displayName': 'Pass'}","{'value': 1, 'displayName': 'Successful'}","[{'type': {'value': 140, 'displayName': 'PassEndX'}, 'value': '35.7'}, {'type': {'value': 213, 'displayName': 'Angle'}, 'value': '4.8'}, {'type': {'value': 56, 'displayName': 'Zone'}, 'value': 'Back'}, {'type': {'value': 141, 'displayName': 'PassEndY'}, 'value': '5.5'}, {'type': {'value': 212, 'displayName': 'Length'}, 'value': '50.1'}, {'type': {'value': 1, 'displayName': 'Longball'}}, {'type': {'value': 155, 'displayName': 'Chipped'}}, {'type': {'value': 178, 'displayName': 'StandingSave'}}]","[91, 117, 124, 127, 36, 38, 216, 218]",True,332325.0,35.7,5.5,,,,,,,,,
2465891555.0,505,65,54.0,29,38.8,9.5,70,"{'value': 2, 'displayName': 'SecondHalf'}","{'value': 1, 'displayName': 'Pass'}","{'value': 1, 'displayName': 'Successful'}","[{'type': {'value': 212, 'displayName': 'Length'}, 'value': '20.1'}, {'type': {'value': 178, 'displayName': 'StandingSave'}}, {'type': {'value': 213, 'displayName': 'Angle'}, 'value': '0.7'}, {'type': {'value': 141, 'displayName': 'PassEndY'}, 'value': '28.3'}, {'type': {'value': 56, 'displayName': 'Zone'}, 'value': 'Center'}, {'type': {'value': 140, 'displayName': 'PassEndX'}, 'value': '53.6'}]","[91, 119, 117, 30, 36, 37, 216, 218]",True,255167.0,53.6,28.3,,,,,,,,,
2465891583.0,506,65,56.0,29,51.3,29.6,70,"{'value': 2, 'displayName': 'SecondHalf'}","{'value': 1, 'displayName': 'Pass'}","{'value': 1, 'displayName': 'Successful'}","[{'type': {'value': 141, 'displayName': 'PassEndY'}, 'value': '50.9'}, {'type': {'value': 140, 'displayName': 'PassEndX'}, 'value': '41.9'}, {'type': {'value': 212, 'displayName': 'Length'}, 'value': '17.5'}, {'type': {'value': 213, 'displayName': 'Angle'}, 'value': '2.2'}, {'type': {'value': 178, 'displayName': 'StandingSave'}}, {'type': {'value': 56, 'displayName': 'Zone'}, 'value': 'Back'}]","[91, 117, 30, 35, 37, 216, 218]",True,322596.0,41.9,50.9,,,,,,,,,
2465891599.0,507,66,0.0,29,45.0,54.3,71,"{'value': 2, 'displayName': 'SecondHalf'}","{'value': 1, 'displayName': 'Pass'}","{'value': 1, 'displayName': 'Successful'}","[{'type': {'value': 56, 'displayName': 'Zone'}, 'value': 'Center'}, {'type': {'value': 140, 'displayName': 'PassEndX'}, 'value': '59.9'}, {'type': {'value': 178, 'displayName': 'StandingSave'}}, {'type': {'value': 212, 'displayName': 'Length'}, 'value': '15.9'}, {'type': {'value': 213, 'displayName': 'Angle'}, 'value': '0.2'}, {'type': {'value': 141, 'displayName': 'PassEndY'}, 'value': '58.4'}]","[91, 119, 117, 30, 36, 37, 216, 218]",True,332325.0,59.9,58.4,,,,,,,,,
2465891673.0,508,66,2.0,29,61.8,54.2,71,"{'value': 2, 'displayName': 'SecondHalf'}","{'value': 4, 'displayName': 'Foul'}","{'value': 1, 'displayName': 'Successful'}","[{'type': {'value': 286, 'displayName': 'Offensive'}}, {'type': {'value': 233, 'displayName': 'OppositeRelatedEvent'}, 'value': '653'}, {'type': {'value': 13, 'displayName': 'Foul'}}, {'type': {'value': 56, 'displayName': 'Zone'}, 'value': 'Center'}]","[91, 63]",True,319756.0,,,,,,,,,,,
2465891721.0,653,66,2.0,161,38.2,45.8,71,"{'value': 2, 'displayName': 'SecondHalf'}","{'value': 4, 'displayName': 'Foul'}","{'value': 0, 'displayName': 'Unsuccessful'}","[{'type': {'value': 56, 'displayName': 'Zone'}, 'value': 'Back'}, {'type': {'value': 233, 'displayName': 'OppositeRelatedEvent'}, 'value': '508'}, {'type': {'value': 13, 'displayName': 'Foul'}}, {'type': {'value': 178, 'displayName': 'StandingSave'}}, {'type': {'value': 285, 'displayName': 'Defensive'}}]",[64],False,16161.0,,,,,,,,,,,
2465893313.0,529,66,14.0,29,61.3,53.7,71,"{'value': 2, 'displayName': 'SecondHalf'}","{'value': 1, 'displayName': 'Pass'}","{'value': 1, 'displayName': 'Successful'}","[{'type': {'value': 178, 'displayName': 'StandingSave'}}, {'type': {'value': 213, 'displayName': 'Angle'}, 'value': '0.5'}, {'type': {'value': 212, 'displayName': 'Length'}, 'value': '4.9'}, {'type': {'value': 5, 'displayName': 'FreekickTaken'}}, {'type': {'value': 140, 'displayName': 'PassEndX'}, 'value': '65.3'}, {'type': {'value': 56, 'displayName': 'Zone'}, 'value': 'Center'}, {'type': {'value': 141, 'displayName': 'PassEndY'}, 'value': '57.3'}]","[91, 119, 117, 30, 132, 36, 37, 216, 218]",True,332325.0,65.3,57.3,,,,,,,,,
2465891789.0,509,66,15.0,29,64.1,56.1,71,"{'value': 2, 'displayName': 'SecondHalf'}","{'value': 1, 'displayName': 'Pass'}","{'value': 1, 'displayName': 'Successful'}","[{'type': {'value': 178, 'displayName': 'StandingSave'}}, {'type': {'value': 212, 'displayName': 'Length'}, 'value': '9.4'}, {'type': {'value': 141, 'displayName': 'PassEndY'}, 'value': '63.2'}, {'type': {'value': 213, 'displayName': 'Angle'}, 'value': '0.5'}, {'type': {'value': 140, 'displayName': 'PassEndX'}, 'value': '71.8'}, {'type': {'value': 56, 'displayName': 'Zone'}, 'value': 'Center'}]","[91, 119, 117, 30, 205, 36, 37, 217, 218]",True,319756.0,71.8,63.2,,,,,,,,,
2465891819.0,510,66,17.0,29,71.2,59.3,71,"{'value': 2, 'displayName': 'SecondHalf'}","{'value': 1, 'displayName': 'Pass'}","{'value': 1, 'displayName': 'Successful'}","[{'type': {'value': 1, 'displayName': 'Longball'}}, {'type': {'value': 178, 'displayName': 'StandingSave'}}, {'type': {'value': 155, 'displayName': 'Chipped'}}, {'type': {'value': 140, 'displayName': 'PassEndX'}, 'value': '79.7'}, {'type': {'value': 213, 'displayName': 'Angle'}, 'value': '5.0'}, {'type': {'value': 56, 'displayName': 'Zone'}, 'value': 'Right'}, {'type': {'value': 212, 'displayName': 'Length'}, 'value': '35.9'}, {'type': {'value': 141, 'displayName': 'PassEndY'}, 'value': '8.2'}]","[91, 119, 117, 124, 127, 205, 36, 38, 217, 218]",True,297203.0,79.7,8.2,,,,,,,,,
2465891829.0,511,66,20.0,29,79.8,7.3,71,"{'value': 2, 'displayName': 'SecondHalf'}","{'value': 61, 'displayName': 'BallTouch'}","{'value': 0, 'displayName': 'Unsuccessful'}","[{'type': {'value': 56, 'displayName': 'Zone'}, 'value': 'Right'}, {'type': {'value': 178, 'displayName': 'StandingSave'}}]","[91, 69]",True,255167.0,,,,,,,,,,,
2465892015.0,657,66,31.0,161,21.4,100.0,71,"{'value': 2, 'displayName': 'SecondHalf'}","{'value': 1, 'displayName': 'Pass'}","{'value': 1, 'displayName': 'Successful'}","[{'type': {'value': 140, 'displayName': 'PassEndX'}, 'value': '17.8'}, {'type': {'value': 56, 'displayName': 'Zone'}, 'value': 'Back'}, {'type': {'value': 141, 'displayName': 'PassEndY'}, 'value': '85.6'}, {'type': {'value': 213, 'displayName': 'Angle'}, 'value': '4.4'}, {'type': {'value': 212, 'displayName': 'Length'}, 'value': '11.6'}, {'type': {'value': 107, 'displayName': 'ThrowIn'}}]","[91, 212, 35, 38, 215]",True,355401.0,17.8,85.6,,,,,,,,,
2466031167.0,950,66,33.0,161,20.1,93.1,71,"{'value': 2, 'displayName': 'SecondHalf'}","{'value': 3, 'displayName': 'TakeOn'}","{'value': 0, 'displayName': 'Unsuccessful'}","[{'type': {'value': 178, 'displayName': 'StandingSave'}}, {'type': {'value': 285, 'displayName': 'Defensive'}}, {'type': {'value': 56, 'displayName': 'Zone'}, 'value': 'Back'}]","[91, 53]",True,394933.0,,,,,,,,,,,
2465892021.0,658,66,34.0,161,19.0,89.8,71,"{'value': 2, 'displayName': 'SecondHalf'}","{'value': 4, 'displayName': 'Foul'}","{'value': 1, 'displayName': 'Successful'}","[{'type': {'value': 285, 'displayName': 'Defensive'}}, {'type': {'value': 13, 'displayName': 'Foul'}}, {'type': {'value': 233, 'displayName': 'OppositeRelatedEvent'}, 'value': '514'}, {'type': {'value': 56, 'displayName': 'Zone'}, 'value': 'Back'}]","[91, 63]",True,394933.0,,,,,,,,,,,
2465892033.0,514,66,34.0,29,81.0,10.2,71,"{'value': 2, 'displayName': 'SecondHalf'}","{'value': 4, 'displayName': 'Foul'}","{'value': 0, 'displayName': 'Unsuccessful'}","[{'type': {'value': 178, 'displayName': 'StandingSave'}}, {'type': {'value': 56, 'displayName': 'Zone'}, 'value': 'Right'}, {'type': {'value': 13, 'displayName': 'Foul'}}, {'type': {'value': 286, 'displayName': 'Offensive'}}, {'type': {'value': 233, 'displayName': 'OppositeRelatedEvent'}, 'value': '658'}]",[64],False,143595.0,,,,,,,,,,,
2465892141.0,659,66,43.0,161,15.8,90.0,71,"{'value': 2, 'displayName': 'SecondHalf'}","{'value': 1, 'displayName': 'Pass'}","{'value': 1, 'displayName': 'Successful'}","[{'type': {'value': 178, 'displayName': 'StandingSave'}}, {'type': {'value': 140, 'displayName': 'PassEndX'}, 'value': '25.2'}, {'type': {'value': 56, 'displayName': 'Zone'}, 'value': 'Back'}, {'type': {'value': 213, 'displayName': 'Angle'}, 'value': '5.7'}, {'type': {'value': 141, 'displayName': 'PassEndY'}, 'value': '79.9'}, {'type': {'value': 5, 'displayName': 'FreekickTaken'}}, {'type': {'value': 212, 'displayName': 'Length'}, 'value': '12.0'}]","[91, 117, 30, 132, 36, 38, 215, 218]",True,368310.0,25.2,79.9,,,,,,,,,
2465892175.0,660,66,45.0,161,24.2,80.0,71,"{'value': 2, 'displayName': 'SecondHalf'}","{'value': 1, 'displayName': 'Pass'}","{'value': 1, 'displayName': 'Successful'}","[{'type': {'value': 178, 'displayName': 'StandingSave'}}, {'type': {'value': 56, 'displayName': 'Zone'}, 'value': 'Back'}, {'type': {'value': 140, 'displayName': 'PassEndX'}, 'value': '17.8'}, {'type': {'value': 213, 'displayName': 'Angle'}, 'value': '4.4'}, {'type': {'value': 141, 'displayName': 'PassEndY'}, 'value': '45.5'}, {'type': {'value': 212, 'displayName': 'Length'}, 'value': '24.4'}]","[91, 117, 30, 35, 38, 215, 218]",True,394933.0,17.8,45.5,,,,,,,,,
2465892187.0,661,66,46.0,161,17.9,45.7,71,"{'value': 2, 'displayName': 'SecondHalf'}","{'value': 1, 'displayName': 'Pass'}","{'value': 1, 'displayName': 'Successful'}","[{'type': {'value': 212, 'displayName': 'Length'}, 'value': '7.9'}, {'type': {'value': 140, 'displayName': 'PassEndX'}, 'value': '11.9'}, {'type': {'value': 141, 'displayName': 'PassEndY'}, 'value': '52.7'}, {'type': {'value': 213, 'displayName': 'Angle'}, 'value': '2.5'}, {'type': {'value': 56, 'displayName': 'Zone'}, 'value': 'Back'}, {'type': {'value': 178, 'displayName': 'StandingSave'}}]","[91, 117, 30, 35, 37, 215, 218]",True,115917.0,11.9,52.7,,,,,,,,,
2465892201.0,662,66,47.0,161,11.9,52.2,71,"{'value': 2, 'displayName': 'SecondHalf'}","{'value': 1, 'displayName': 'Pass'}","{'value': 0, 'displayName': 'Unsuccessful'}","[{'type': {'value': 212, 'displayName': 'Length'}, 'value': '33.5'}, {'type': {'value': 213, 'displayName': 'Angle'}, 'value': '5.6'}, {'type': {'value': 155, 'displayName': 'Chipped'}}, {'type': {'value': 140, 'displayName': 'PassEndX'}, 'value': '37.2'}, {'type': {'value': 178, 'displayName': 'StandingSave'}}, {'type': {'value': 56, 'displayName': 'Zone'}, 'value': 'Back'}, {'type': {'value': 1, 'displayName': 'Longball'}}, {'type': {'value': 141, 'displayName': 'PassEndY'}, 'value': '22.2'}]","[91, 118, 120, 124, 128, 36, 38, 216, 218]",True,238244.0,37.2,22.2,,,,,,,,,
2465892245.0,515,66,50.0,29,60.6,82.1,71,"{'value': 2, 'displayName': 'SecondHalf'}","{'value': 1, 'displayName': 'Pass'}","{'value': 1, 'displayName': 'Successful'}","[{'type': {'value': 3, 'displayName': 'HeadPass'}}, {'type': {'value': 212, 'displayName': 'Length'}, 'value': '19.1'}, {'type': {'value': 210, 'displayName': 'ShotAssist'}, 'value': '15'}, {'type': {'value': 140, 'displayName': 'PassEndX'}, 'value': '77.6'}, {'type': {'value': 56, 'displayName': 'Zone'}, 'value': 'Center'}, {'type': {'value': 141, 'displayName': 'PassEndY'}, 'value': '72.3'}, {'type': {'value': 213, 'displayName': 'Angle'}, 'value': '5.9'}, {'type': {'value': 11113, 'displayName': 'KeyPass'}}]","[91, 119, 117, 30, 123, 139, 205, 40, 46, 36, 38, 217, 218]",True,68049.0,77.6,72.3,,,,,,,,,
2465892247.0,516,66,51.0,29,77.6,72.3,71,"{'value': 2, 'displayName': 'SecondHalf'}","{'value': 49, 'displayName': 'BallRecovery'}","{'value': 1, 'displayName': 'Successful'}",[],[93],False,297203.0,,,,,,,,,,,
2465892295.0,517,66,54.0,29,82.6,69.9,71,"{'value': 2, 'displayName': 'SecondHalf'}","{'value': 15, 'displayName': 'SavedShot'}","{'value': 1, 'displayName': 'Successful'}","[{'type': {'value': 20, 'displayName': 'RightFoot'}}, {'type': {'value': 146, 'displayName': 'BlockedX'}, 'value': '98.5'}, {'type': {'value': 103, 'displayName': 'GoalMouthZ'}, 'value': '10.1'}, {'type': {'value': 78, 'displayName': 'LowCentre'}}, {'type': {'value': 55, 'displayName': 'RelatedEventId'}, 'value': '515'}, {'type': {'value': 102, 'displayName': 'GoalMouthY'}, 'value': '48.7'}, {'type': {'value': 233, 'displayName': 'OppositeRelatedEvent'}, 'value': '663'}, {'type': {'value': 147, 'displayName': 'BlockedY'}, 'value': '51.8'}, {'type': {'value': 22, 'displayName': 'RegularPlay'}}, {'type': {'value': 178, 'displayName': 'StandingSave'}}, {'type': {'value': 29, 'displayName': 'Assisted'}}, {'type': {'value': 56, 'displayName': 'Zone'}, 'value': 'Center'}, {'type': {'value': 18, 'displayName': 'OutOfBoxCentre'}}]","[91, 9, 10, 2, 3, 12]",True,297203.0,,,515.0,68049.0,98.5,51.8,10.1,48.7,True,,
2465892299.0,663,66,55.0,161,3.0,47.6,71,"{'value': 2, 'displayName': 'SecondHalf'}","{'value': 10, 'displayName': 'Save'}","{'value': 1, 'displayName': 'Successful'}","[{'type': {'value': 56, 'displayName': 'Zone'}, 'value': 'Back'}, {'type': {'value': 178, 'displayName': 'StandingSave'}}, {'type': {'value': 182, 'displayName': 'Hands'}}, {'type': {'value': 233, 'displayName': 'OppositeRelatedEvent'}, 'value': '517'}, {'type': {'value': 177, 'displayName': 'Collected'}}, {'type': {'value': 11117, 'displayName': 'KeeperSaveObox'}}]","[91, 110, 113, 77, 79, 84, 82]",True,122714.0,,,,,,,,,,,
2465892309.0,664,66,55.0,161,3.0,48.9,71,"{'value': 2, 'displayName': 'SecondHalf'}","{'value': 52, 'displayName': 'KeeperPickup'}","{'value': 1, 'displayName': 'Successful'}","[{'type': {'value': 178, 'displayName': 'StandingSave'}}]",[93],False,122714.0,,,,,,,,,,,
2465892445.0,665,67,1.0,161,14.7,55.3,72,"{'value': 2, 'displayName': 'SecondHalf'}","{'value': 1, 'displayName': 'Pass'}","{'value': 1, 'displayName': 'Successful'}","[{'type': {'value': 213, 'displayName': 'Angle'}, 'value': '1.1'}, {'type': {'value': 123, 'displayName': 'KeeperThrow'}}, {'type': {'value': 212, 'displayName': 'Length'}, 'value': '14.6'}, {'type': {'value': 140, 'displayName': 'PassEndX'}, 'value': '20.5'}, {'type': {'value': 56, 'displayName': 'Zone'}, 'value': 'Back'}, {'type': {'value': 178, 'displayName': 'StandingSave'}}, {'type': {'value': 141, 'displayName': 'PassEndY'}, 'value': '74.8'}]","[91, 36, 37, 215, 218]",True,122714.0,20.5,74.8,,,,,,,,,
2466031819.0,951,67,5.0,161,25.7,75.2,72,"{'value': 2, 'displayName': 'SecondHalf'}","{'value': 1, 'displayName': 'Pass'}","{'value': 1, 'displayName': 'Successful'}","[{'type': {'value': 212, 'displayName': 'Length'}, 'value': '16.4'}, {'type': {'value': 141, 'displayName': 'PassEndY'}, 'value': '53.6'}, {'type': {'value': 213, 'displayName': 'Angle'}, 'value': '4.2'}, {'type': {'value': 56, 'displayName': 'Zone'}, 'value': 'Back'}, {'type': {'value': 178, 'displayName': 'StandingSave'}}, {'type': {'value': 140, 'displayName': 'PassEndX'}, 'value': '18.7'}]","[91, 117, 30, 35, 38, 215, 218]",True,368310.0,18.7,53.6,,,,,,,,,
2466031917.0,952,67,11.0,161,26.7,42.7,72,"{'value': 2, 'displayName': 'SecondHalf'}","{'value': 1, 'displayName': 'Pass'}","{'value': 1, 'displayName': 'Successful'}","[{'type': {'value': 141, 'displayName': 'PassEndY'}, 'value': '21.6'}, {'type': {'value': 212, 'displayName': 'Length'}, 'value': '14.4'}, {'type': {'value': 178, 'displayName': 'StandingSave'}}, {'type': {'value': 56, 'displayName': 'Zone'}, 'value': 'Back'}, {'type': {'value': 140, 'displayName': 'PassEndX'}, 'value': '26.3'}, {'type': {'value': 213, 'displayName': 'Angle'}, 'value': '4.7'}]","[91, 117, 30, 35, 38, 215, 218]",True,238244.0,26.3,21.6,,,,,,,,,
2465892507.0,667,67,13.0,161,26.0,30.6,72,"{'value': 2, 'displayName': 'SecondHalf'}","{'value': 1, 'displayName': 'Pass'}","{'value': 1, 'displayName': 'Successful'}","[{'type': {'value': 212, 'displayName': 'Length'}, 'value': '28.7'}, {'type': {'value': 178, 'displayName': 'StandingSave'}}, {'type': {'value': 213, 'displayName': 'Angle'}, 'value': '1.4'}, {'type': {'value': 141, 'displayName': 'PassEndY'}, 'value': '72.1'}, {'type': {'value': 56, 'displayName': 'Zone'}, 'value': 'Back'}, {'type': {'value': 140, 'displayName': 'PassEndX'}, 'value': '31.1'}]","[91, 117, 30, 36, 37, 215, 218]",True,115917.0,31.1,72.1,,,,,,,,,
2465892567.0,668,67,18.0,161,41.0,69.6,72,"{'value': 2, 'displayName': 'SecondHalf'}","{'value': 1, 'displayName': 'Pass'}","{'value': 1, 'displayName': 'Successful'}","[{'type': {'value': 212, 'displayName': 'Length'}, 'value': '19.2'}, {'type': {'value': 213, 'displayName': 'Angle'}, 'value': '5.7'}, {'type': {'value': 141, 'displayName': 'PassEndY'}, 'value': '53.6'}, {'type': {'value': 178, 'displayName': 'StandingSave'}}, {'type': {'value': 56, 'displayName': 'Zone'}, 'value': 'Center'}, {'type': {'value': 140, 'displayName': 'PassEndX'}, 'value': '56.1'}]","[91, 119, 117, 30, 36, 38, 216, 218]",True,368310.0,56.1,53.6,,,,,,,,,
2465892601.0,669,67,25.0,161,62.0,50.0,72,"{'value': 2, 'displayName': 'SecondHalf'}","{'value': 1, 'displayName': 'Pass'}","{'value': 1, 'displayName': 'Successful'}","[{'type': {'value': 178, 'displayName': 'StandingSave'}}, {'type': {'value': 56, 'displayName': 'Zone'}, 'value': 'Right'}, {'type': {'value': 213, 'displayName': 'Angle'}, 'value': '5.1'}, {'type': {'value': 212, 'displayName': 'Length'}, 'value': '29.1'}, {'type': {'value': 155, 'displayName': 'Chipped'}}, {'type': {'value': 141, 'displayName': 'PassEndY'}, 'value': '9.8'}, {'type': {'value': 140, 'displayName': 'PassEndX'}, 'value': '71.5'}]","[91, 119, 117, 30, 124, 205, 36, 38, 217, 218]",True,24248.0,71.5,9.8,,,,,,,,,
2465892615.0,670,67,32.0,161,77.8,13.4,72,"{'value': 2, 'displayName': 'SecondHalf'}","{'value': 1, 'displayName': 'Pass'}","{'value': 1, 'displayName': 'Successful'}","[{'type': {'value': 213, 'displayName': 'Angle'}, 'value': '2.0'}, {'type': {'value': 141, 'displayName': 'PassEndY'}, 'value': '32.7'}, {'type': {'value': 178, 'displayName': 'StandingSave'}}, {'type': {'value': 212, 'displayName': 'Length'}, 'value': '14.5'}, {'type': {'value': 140, 'displayName': 'PassEndX'}, 'value': '71.9'}, {'type': {'value': 56, 'displayName': 'Zone'}, 'value': 'Center'}]","[91, 119, 117, 30, 205, 35, 37, 217, 218]",True,296363.0,71.9,32.7,,,,,,,,,
2465892647.0,671,67,35.0,161,72.7,32.1,72,"{'value': 2, 'displayName': 'SecondHalf'}","{'value': 1, 'displayName': 'Pass'}","{'value': 1, 'displayName': 'Successful'}","[{'type': {'value': 56, 'displayName': 'Zone'}, 'value': 'Right'}, {'type': {'value': 178, 'displayName': 'StandingSave'}}, {'type': {'value': 140, 'displayName': 'PassEndX'}, 'value': '89.9'}, {'type': {'value': 141, 'displayName': 'PassEndY'}, 'value': '11.6'}, {'type': {'value': 213, 'displayName': 'Angle'}, 'value': '5.6'}, {'type': {'value': 212, 'displayName': 'Length'}, 'value': '22.8'}]","[91, 119, 117, 30, 205, 36, 38, 217, 218]",True,115917.0,89.9,11.6,,,,,,,,,
2465892679.0,672,67,37.0,161,89.8,11.1,72,"{'value': 2, 'displayName': 'SecondHalf'}","{'value': 1, 'displayName': 'Pass'}","{'value': 1, 'displayName': 'Successful'}","[{'type': {'value': 178, 'displayName': 'StandingSave'}}, {'type': {'value': 2, 'displayName': 'Cross'}}, {'type': {'value': 141, 'displayName': 'PassEndY'}, 'value': '52.1'}, {'type': {'value': 212, 'displayName': 'Length'}, 'value': '27.9'}, {'type': {'value': 155, 'displayName': 'Chipped'}}, {'type': {'value': 210, 'displayName': 'ShotAssist'}, 'value': '13'}, {'type': {'value': 56, 'displayName': 'Zone'}, 'value': 'Center'}, {'type': {'value': 213, 'displayName': 'Angle'}, 'value': '1.6'}, {'type': {'value': 20, 'displayName': 'RightFoot'}}, {'type': {'value': 154, 'displayName': 'IntentionalAssist'}}, {'type': {'value': 140, 'displayName': 'PassEndX'}, 'value': '90.3'}, {'type': {'value': 11112, 'displayName': 'BigChanceCreated'}}, {'type': {'value': 11113, 'displayName': 'KeyPass'}}]","[91, 119, 123, 137, 124, 125, 203, 40, 41, 36, 37, 217, 218]",True,140088.0,90.3,52.1,,,,,,,,,
2465892685.0,673,67,38.0,161,91.2,53.2,72,"{'value': 2, 'displayName': 'SecondHalf'}","{'value': 44, 'displayName': 'Aerial'}","{'value': 1, 'displayName': 'Successful'}","[{'type': {'value': 233, 'displayName': 'OppositeRelatedEvent'}, 'value': '518'}, {'type': {'value': 56, 'displayName': 'Zone'}, 'value': 'Center'}, {'type': {'value': 286, 'displayName': 'Offensive'}}]","[197, 199]",False,24248.0,,,,,,,,,,,
2465892681.0,518,67,38.0,29,8.8,46.8,72,"{'value': 2, 'displayName': 'SecondHalf'}","{'value': 44, 'displayName': 'Aerial'}","{'value': 0, 'displayName': 'Unsuccessful'}","[{'type': {'value': 285, 'displayName': 'Defensive'}}, {'type': {'value': 233, 'displayName': 'OppositeRelatedEvent'}, 'value': '673'}, {'type': {'value': 56, 'displayName': 'Zone'}, 'value': 'Back'}]","[198, 200]",False,73063.0,,,,,,,,,,,
2465892687.0,674,67,38.0,161,90.3,52.1,72,"{'value': 2, 'displayName': 'SecondHalf'}","{'value': 13, 'displayName': 'MissedShots'}","{'value': 1, 'displayName': 'Successful'}","[{'type': {'value': 55, 'displayName': 'RelatedEventId'}, 'value': '672'}, {'type': {'value': 154, 'displayName': 'IntentionalAssist'}}, {'type': {'value': 22, 'displayName': 'RegularPlay'}}, {'type': {'value': 102, 'displayName': 'GoalMouthY'}, 'value': '41.2'}, {'type': {'value': 56, 'displayName': 'Zone'}, 'value': 'Center'}, {'type': {'value': 103, 'displayName': 'GoalMouthZ'}, 'value': '15.3'}, {'type': {'value': 15, 'displayName': 'Head'}}, {'type': {'value': 214, 'displayName': 'BigChance'}}, {'type': {'value': 17, 'displayName': 'BoxCentre'}}, {'type': {'value': 29, 'displayName': 'Assisted'}}]","[91, 7, 90, 10, 89, 201, 1, 3, 14]",True,24248.0,,,672.0,140088.0,,,15.3,41.2,True,,
2465892931.0,520,68,8.0,29,5.0,60.4,73,"{'value': 2, 'displayName': 'SecondHalf'}","{'value': 1, 'displayName': 'Pass'}","{'value': 1, 'displayName': 'Successful'}","[{'type': {'value': 213, 'displayName': 'Angle'}, 'value': '4.6'}, {'type': {'value': 212, 'displayName': 'Length'}, 'value': '8.0'}, {'type': {'value': 124, 'displayName': 'GoalKick'}}, {'type': {'value': 140, 'displayName': 'PassEndX'}, 'value': '4.4'}, {'type': {'value': 56, 'displayName': 'Zone'}, 'value': 'Back'}, {'type': {'value': 141, 'displayName': 'PassEndY'}, 'value': '48.7'}]","[91, 117, 30, 35, 38, 215, 218]",True,106086.0,4.4,48.7,,,,,,,,,
2465892963.0,522,68,8.0,29,8.8,52.4,73,"{'value': 2, 'displayName': 'SecondHalf'}","{'value': 1, 'displayName': 'Pass'}","{'value': 1, 'displayName': 'Successful'}","[{'type': {'value': 155, 'displayName': 'Chipped'}}, {'type': {'value': 212, 'displayName': 'Length'}, 'value': '56.3'}, {'type': {'value': 213, 'displayName': 'Angle'}, 'value': '0.1'}, {'type': {'value': 1, 'displayName': 'Longball'}}, {'type': {'value': 178, 'displayName': 'StandingSave'}}, {'type': {'value': 141, 'displayName': 'PassEndY'}, 'value': '58.1'}, {'type': {'value': 56, 'displayName': 'Zone'}, 'value': 'Center'}, {'type': {'value': 140, 'displayName': 'PassEndX'}, 'value': '62.3'}]","[91, 119, 117, 124, 127, 36, 37, 216, 218]",True,20973.0,62.3,58.1,,,,,,,,,
2465892971.0,523,68,12.0,29,62.0,55.7,73,"{'value': 2, 'displayName': 'SecondHalf'}","{'value': 1, 'displayName': 'Pass'}","{'value': 0, 'displayName': 'Unsuccessful'}","[{'type': {'value': 178, 'displayName': 'StandingSave'}}, {'type': {'value': 213, 'displayName': 'Angle'}, 'value': '3.2'}, {'type': {'value': 212, 'displayName': 'Length'}, 'value': '6.6'}, {'type': {'value': 21, 'displayName': 'OtherBodyPart'}}, {'type': {'value': 156, 'displayName': 'LayOff'}}, {'type': {'value': 140, 'displayName': 'PassEndX'}, 'value': '55.7'}, {'type': {'value': 141, 'displayName': 'PassEndY'}, 'value': '55.4'}, {'type': {'value': 56, 'displayName': 'Zone'}, 'value': 'Center'}]","[91, 120, 29, 35, 38, 216, 218]",True,69517.0,55.7,55.4,,,,,,,,,
2465892987.0,676,68,12.0,161,42.1,45.4,73,"{'value': 2, 'displayName': 'SecondHalf'}","{'value': 8, 'displayName': 'Interception'}","{'value': 1, 'displayName': 'Successful'}","[{'type': {'value': 178, 'displayName': 'StandingSave'}}, {'type': {'value': 56, 'displayName': 'Zone'}, 'value': 'Back'}]","[91, 101, 56]",True,16161.0,,,,,,,,,,,
2465892993.0,677,68,13.0,161,42.8,61.5,73,"{'value': 2, 'displayName': 'SecondHalf'}","{'value': 49, 'displayName': 'BallRecovery'}","{'value': 1, 'displayName': 'Successful'}",[],[93],False,394933.0,,,,,,,,,,,
2465892997.0,678,68,13.0,161,44.0,57.5,73,"{'value': 2, 'displayName': 'SecondHalf'}","{'value': 61, 'displayName': 'BallTouch'}","{'value': 1, 'displayName': 'Successful'}","[{'type': {'value': 56, 'displayName': 'Zone'}, 'value': 'Back'}, {'type': {'value': 178, 'displayName': 'StandingSave'}}]",[91],True,394933.0,,,,,,,,,,,
2465893001.0,679,68,15.0,161,40.8,72.0,73,"{'value': 2, 'displayName': 'SecondHalf'}","{'value': 61, 'displayName': 'BallTouch'}","{'value': 0, 'displayName': 'Unsuccessful'}","[{'type': {'value': 178, 'displayName': 'StandingSave'}}, {'type': {'value': 56, 'displayName': 'Zone'}, 'value': 'Back'}]","[91, 69]",True,355401.0,,,,,,,,,,,
2465893017.0,524,68,17.0,29,60.6,27.7,73,"{'value': 2, 'displayName': 'SecondHalf'}","{'value': 49, 'displayName': 'BallRecovery'}","{'value': 1, 'displayName': 'Successful'}",[],[93],False,322596.0,,,,,,,,,,,
2465893077.0,525,68,17.0,29,60.5,27.7,73,"{'value': 2, 'displayName': 'SecondHalf'}","{'value': 1, 'displayName': 'Pass'}","{'value': 1, 'displayName': 'Successful'}","[{'type': {'value': 213, 'displayName': 'Angle'}, 'value': '5.2'}, {'type': {'value': 56, 'displayName': 'Zone'}, 'value': 'Right'}, {'type': {'value': 212, 'displayName': 'Length'}, 'value': '15.5'}, {'type': {'value': 141, 'displayName': 'PassEndY'}, 'value': '7.4'}, {'type': {'value': 178, 'displayName': 'StandingSave'}}, {'type': {'value': 140, 'displayName': 'PassEndX'}, 'value': '67.2'}]","[91, 119, 117, 30, 205, 36, 38, 217, 218]",True,322596.0,67.2,7.4,,,,,,,,,
2465893093.0,526,68,22.0,29,77.2,15.8,73,"{'value': 2, 'displayName': 'SecondHalf'}","{'value': 1, 'displayName': 'Pass'}","{'value': 0, 'displayName': 'Unsuccessful'}","[{'type': {'value': 20, 'displayName': 'RightFoot'}}, {'type': {'value': 155, 'displayName': 'Chipped'}}, {'type': {'value': 178, 'displayName': 'StandingSave'}}, {'type': {'value': 141, 'displayName': 'PassEndY'}, 'value': '59.3'}, {'type': {'value': 1, 'displayName': 'Longball'}}, {'type': {'value': 2, 'displayName': 'Cross'}}, {'type': {'value': 212, 'displayName': 'Length'}, 'value': '33.1'}, {'type': {'value': 140, 'displayName': 'PassEndX'}, 'value': '91.3'}, {'type': {'value': 56, 'displayName': 'Zone'}, 'value': 'Center'}, {'type': {'value': 213, 'displayName': 'Angle'}, 'value': '1.1'}]","[91, 137, 124, 126, 36, 37, 217, 218]",True,69517.0,91.3,59.3,,,,,,,,,
2465893753.0,694,68,25.0,161,8.5,37.7,73,"{'value': 2, 'displayName': 'SecondHalf'}","{'value': 61, 'displayName': 'BallTouch'}","{'value': 0, 'displayName': 'Unsuccessful'}","[{'type': {'value': 56, 'displayName': 'Zone'}, 'value': 'Back'}, {'type': {'value': 178, 'displayName': 'StandingSave'}}, {'type': {'value': 21, 'displayName': 'OtherBodyPart'}}]","[91, 69]",True,115917.0,,,,,,,,,,,
2466032945.0,953,68,25.0,161,10.2,38.6,73,"{'value': 2, 'displayName': 'SecondHalf'}","{'value': 51, 'displayName': 'Error'}","{'value': 1, 'displayName': 'Successful'}","[{'type': {'value': 169, 'displayName': 'LeadingToAttempt'}}]",[99],False,115917.0,,,,,,,,,,,
2465893113.0,527,68,26.0,29,90.2,66.6,73,"{'value': 2, 'displayName': 'SecondHalf'}","{'value': 13, 'displayName': 'MissedShots'}","{'value': 1, 'displayName': 'Successful'}","[{'type': {'value': 178, 'displayName': 'StandingSave'}}, {'type': {'value': 72, 'displayName': 'LeftFoot'}}, {'type': {'value': 103, 'displayName': 'GoalMouthZ'}, 'value': '18.1'}, {'type': {'value': 56, 'displayName': 'Zone'}, 'value': 'Center'}, {'type': {'value': 22, 'displayName': 'RegularPlay'}}, {'type': {'value': 75, 'displayName': 'MissRight'}}, {'type': {'value': 64, 'displayName': 'BoxLeft'}}, {'type': {'value': 102, 'displayName': 'GoalMouthY'}, 'value': '37.8'}]","[91, 7, 90, 10, 1, 3, 13]",True,297203.0,,,,,,,18.1,37.8,True,,
2465893373.0,681,68,37.0,161,2.1,57.5,73,"{'value': 2, 'displayName': 'SecondHalf'}","{'value': 1, 'displayName': 'Pass'}","{'value': 1, 'displayName': 'Successful'}","[{'type': {'value': 140, 'displayName': 'PassEndX'}, 'value': '6.8'}, {'type': {'value': 124, 'displayName': 'GoalKick'}}, {'type': {'value': 213, 'displayName': 'Angle'}, 'value': '5.0'}, {'type': {'value': 74, 'displayName': 'MissHigh'}}, {'type': {'value': 56, 'displayName': 'Zone'}, 'value': 'Back'}, {'type': {'value': 212, 'displayName': 'Length'}, 'value': '17.4'}, {'type': {'value': 141, 'displayName': 'PassEndY'}, 'value': '33.0'}]","[91, 117, 30, 36, 38, 215, 218]",True,122714.0,6.8,33.0,,,,,,,,,
2466033401.0,954,68,42.0,161,10.6,28.0,73,"{'value': 2, 'displayName': 'SecondHalf'}","{'value': 1, 'displayName': 'Pass'}","{'value': 1, 'displayName': 'Successful'}","[{'type': {'value': 140, 'displayName': 'PassEndX'}, 'value': '9.6'}, {'type': {'value': 56, 'displayName': 'Zone'}, 'value': 'Back'}, {'type': {'value': 141, 'displayName': 'PassEndY'}, 'value': '9.5'}, {'type': {'value': 213, 'displayName': 'Angle'}, 'value': '4.6'}, {'type': {'value': 178, 'displayName': 'StandingSave'}}, {'type': {'value': 212, 'displayName': 'Length'}, 'value': '12.6'}]","[91, 117, 30, 35, 38, 215, 218]",True,238244.0,9.6,9.5,,,,,,,,,
2466033489.0,955,68,45.0,161,12.5,25.7,73,"{'value': 2, 'displayName': 'SecondHalf'}","{'value': 1, 'displayName': 'Pass'}","{'value': 1, 'displayName': 'Successful'}","[{'type': {'value': 141, 'displayName': 'PassEndY'}, 'value': '67.7'}, {'type': {'value': 140, 'displayName': 'PassEndX'}, 'value': '13.9'}, {'type': {'value': 212, 'displayName': 'Length'}, 'value': '28.6'}, {'type': {'value': 178, 'displayName': 'StandingSave'}}, {'type': {'value': 213, 'displayName': 'Angle'}, 'value': '1.5'}, {'type': {'value': 56, 'displayName': 'Zone'}, 'value': 'Back'}]","[91, 117, 30, 36, 37, 215, 218]",True,115917.0,13.9,67.7,,,,,,,,,
2466033515.0,956,68,48.0,161,13.9,67.7,73,"{'value': 2, 'displayName': 'SecondHalf'}","{'value': 1, 'displayName': 'Pass'}","{'value': 0, 'displayName': 'Unsuccessful'}","[{'type': {'value': 141, 'displayName': 'PassEndY'}, 'value': '67.4'}, {'type': {'value': 233, 'displayName': 'OppositeRelatedEvent'}, 'value': '734'}, {'type': {'value': 212, 'displayName': 'Length'}, 'value': '2.9'}, {'type': {'value': 178, 'displayName': 'StandingSave'}}, {'type': {'value': 286, 'displayName': 'Offensive'}}, {'type': {'value': 213, 'displayName': 'Angle'}, 'value': '6.2'}, {'type': {'value': 140, 'displayName': 'PassEndX'}, 'value': '16.7'}, {'type': {'value': 56, 'displayName': 'Zone'}, 'value': 'Back'}]","[91, 118, 120, 29, 36, 38, 215, 218]",True,368310.0,16.7,67.4,,,,,,,,,
2466033745.0,734,68,48.0,29,83.3,32.6,73,"{'value': 2, 'displayName': 'SecondHalf'}","{'value': 74, 'displayName': 'BlockedPass'}","{'value': 1, 'displayName': 'Successful'}","[{'type': {'value': 285, 'displayName': 'Defensive'}}, {'type': {'value': 233, 'displayName': 'OppositeRelatedEvent'}, 'value': '956'}, {'type': {'value': 56, 'displayName': 'Zone'}, 'value': 'Center'}, {'type': {'value': 178, 'displayName': 'StandingSave'}}]","[91, 60]",True,322596.0,,,,,,,,,,,
2465893349.0,530,68,50.0,29,66.7,34.1,73,"{'value': 2, 'displayName': 'SecondHalf'}","{'value': 1, 'displayName': 'Pass'}","{'value': 1, 'displayName': 'Successful'}","[{'type': {'value': 56, 'displayName': 'Zone'}, 'value': 'Center'}, {'type': {'value': 140, 'displayName': 'PassEndX'}, 'value': '65.1'}, {'type': {'value': 178, 'displayName': 'StandingSave'}}, {'type': {'value': 141, 'displayName': 'PassEndY'}, 'value': '41.0'}, {'type': {'value': 213, 'displayName': 'Angle'}, 'value': '1.9'}, {'type': {'value': 212, 'displayName': 'Length'}, 'value': '5.0'}]","[91, 119, 117, 30, 35, 37, 216, 218]",True,319756.0,65.1,41.0,,,,,,,,,
2465893357.0,531,68,51.0,29,65.0,41.0,73,"{'value': 2, 'displayName': 'SecondHalf'}","{'value': 49, 'displayName': 'BallRecovery'}","{'value': 1, 'displayName': 'Successful'}",[],[93],False,332325.0,,,,,,,,,,,
2465893365.0,532,68,51.0,29,65.0,41.0,73,"{'value': 2, 'displayName': 'SecondHalf'}","{'value': 61, 'displayName': 'BallTouch'}","{'value': 0, 'displayName': 'Unsuccessful'}","[{'type': {'value': 178, 'displayName': 'StandingSave'}}, {'type': {'value': 56, 'displayName': 'Zone'}, 'value': 'Center'}]","[91, 69]",True,332325.0,,,,,,,,,,,
2465893397.0,682,68,52.0,161,29.8,64.3,73,"{'value': 2, 'displayName': 'SecondHalf'}","{'value': 49, 'displayName': 'BallRecovery'}","{'value': 1, 'displayName': 'Successful'}",[],[93],False,16161.0,,,,,,,,,,,
2465893409.0,683,68,52.0,161,31.2,63.5,73,"{'value': 2, 'displayName': 'SecondHalf'}","{'value': 1, 'displayName': 'Pass'}","{'value': 1, 'displayName': 'Successful'}","[{'type': {'value': 212, 'displayName': 'Length'}, 'value': '9.6'}, {'type': {'value': 178, 'displayName': 'StandingSave'}}, {'type': {'value': 141, 'displayName': 'PassEndY'}, 'value': '68.6'}, {'type': {'value': 213, 'displayName': 'Angle'}, 'value': '0.4'}, {'type': {'value': 56, 'displayName': 'Zone'}, 'value': 'Back'}, {'type': {'value': 140, 'displayName': 'PassEndX'}, 'value': '39.7'}]","[91, 117, 30, 36, 37, 216, 218]",True,16161.0,39.7,68.6,,,,,,,,,
2465893413.0,684,68,55.0,161,38.3,59.3,73,"{'value': 2, 'displayName': 'SecondHalf'}","{'value': 61, 'displayName': 'BallTouch'}","{'value': 1, 'displayName': 'Successful'}","[{'type': {'value': 56, 'displayName': 'Zone'}, 'value': 'Back'}, {'type': {'value': 178, 'displayName': 'StandingSave'}}]",[91],True,394933.0,,,,,,,,,,,
2465893441.0,685,68,57.0,161,38.1,51.2,73,"{'value': 2, 'displayName': 'SecondHalf'}","{'value': 1, 'displayName': 'Pass'}","{'value': 1, 'displayName': 'Successful'}","[{'type': {'value': 212, 'displayName': 'Length'}, 'value': '28.4'}, {'type': {'value': 178, 'displayName': 'StandingSave'}}, {'type': {'value': 141, 'displayName': 'PassEndY'}, 'value': '9.7'}, {'type': {'value': 213, 'displayName': 'Angle'}, 'value': '4.8'}, {'type': {'value': 56, 'displayName': 'Zone'}, 'value': 'Back'}, {'type': {'value': 140, 'displayName': 'PassEndX'}, 'value': '41.2'}]","[91, 117, 30, 36, 38, 216, 218]",True,140088.0,41.2,9.7,,,,,,,,,
2465893483.0,686,69,3.0,161,54.0,31.0,74,"{'value': 2, 'displayName': 'SecondHalf'}","{'value': 1, 'displayName': 'Pass'}","{'value': 1, 'displayName': 'Successful'}","[{'type': {'value': 140, 'displayName': 'PassEndX'}, 'value': '51.4'}, {'type': {'value': 56, 'displayName': 'Zone'}, 'value': 'Center'}, {'type': {'value': 178, 'displayName': 'StandingSave'}}, {'type': {'value': 141, 'displayName': 'PassEndY'}, 'value': '44.6'}, {'type': {'value': 213, 'displayName': 'Angle'}, 'value': '1.9'}, {'type': {'value': 212, 'displayName': 'Length'}, 'value': '9.6'}]","[91, 119, 117, 30, 35, 37, 216, 218]",True,296363.0,51.4,44.6,,,,,,,,,
2465893517.0,687,69,5.0,161,51.6,44.8,74,"{'value': 2, 'displayName': 'SecondHalf'}","{'value': 1, 'displayName': 'Pass'}","{'value': 1, 'displayName': 'Successful'}","[{'type': {'value': 212, 'displayName': 'Length'}, 'value': '42.9'}, {'type': {'value': 140, 'displayName': 'PassEndX'}, 'value': '78.7'}, {'type': {'value': 1, 'displayName': 'Longball'}}, {'type': {'value': 141, 'displayName': 'PassEndY'}, 'value': '92.1'}, {'type': {'value': 213, 'displayName': 'Angle'}, 'value': '0.8'}, {'type': {'value': 56, 'displayName': 'Zone'}, 'value': 'Left'}, {'type': {'value': 178, 'displayName': 'StandingSave'}}, {'type': {'value': 155, 'displayName': 'Chipped'}}]","[91, 119, 117, 124, 127, 205, 36, 37, 217, 218]",True,16161.0,78.7,92.1,,,,,,,,,
2465893541.0,688,69,10.0,161,79.2,87.1,74,"{'value': 2, 'displayName': 'SecondHalf'}","{'value': 1, 'displayName': 'Pass'}","{'value': 1, 'displayName': 'Successful'}","[{'type': {'value': 141, 'displayName': 'PassEndY'}, 'value': '84.4'}, {'type': {'value': 212, 'displayName': 'Length'}, 'value': '16.4'}, {'type': {'value': 140, 'displayName': 'PassEndX'}, 'value': '94.7'}, {'type': {'value': 56, 'displayName': 'Zone'}, 'value': 'Left'}, {'type': {'value': 178, 'displayName': 'StandingSave'}}, {'type': {'value': 213, 'displayName': 'Angle'}, 'value': '6.2'}]","[91, 119, 117, 30, 205, 36, 38, 217, 218]",True,355401.0,94.7,84.4,,,,,,,,,
2465893559.0,689,69,11.0,161,91.5,83.1,74,"{'value': 2, 'displayName': 'SecondHalf'}","{'value': 1, 'displayName': 'Pass'}","{'value': 0, 'displayName': 'Unsuccessful'}","[{'type': {'value': 178, 'displayName': 'StandingSave'}}, {'type': {'value': 155, 'displayName': 'Chipped'}}, {'type': {'value': 212, 'displayName': 'Length'}, 'value': '22.3'}, {'type': {'value': 140, 'displayName': 'PassEndX'}, 'value': '96.7'}, {'type': {'value': 141, 'displayName': 'PassEndY'}, 'value': '51.3'}, {'type': {'value': 56, 'displayName': 'Zone'}, 'value': 'Center'}, {'type': {'value': 213, 'displayName': 'Angle'}, 'value': '5.0'}, {'type': {'value': 72, 'displayName': 'LeftFoot'}}, {'type': {'value': 233, 'displayName': 'OppositeRelatedEvent'}, 'value': '533'}, {'type': {'value': 2, 'displayName': 'Cross'}}]","[91, 138, 124, 126, 36, 38, 217, 218]",True,300513.0,96.7,51.3,,,,,,,,,
2465893585.0,533,69,13.0,29,3.4,50.3,74,"{'value': 2, 'displayName': 'SecondHalf'}","{'value': 11, 'displayName': 'Claim'}","{'value': 1, 'displayName': 'Successful'}","[{'type': {'value': 56, 'displayName': 'Zone'}, 'value': 'Back'}, {'type': {'value': 88, 'displayName': 'HighClaim'}}, {'type': {'value': 233, 'displayName': 'OppositeRelatedEvent'}, 'value': '689'}]","[91, 93, 104]",True,20973.0,,,,,,,,,,,
2465893607.0,534,69,16.0,29,13.1,53.2,74,"{'value': 2, 'displayName': 'SecondHalf'}","{'value': 1, 'displayName': 'Pass'}","{'value': 1, 'displayName': 'Successful'}","[{'type': {'value': 141, 'displayName': 'PassEndY'}, 'value': '75.4'}, {'type': {'value': 56, 'displayName': 'Zone'}, 'value': 'Center'}, {'type': {'value': 178, 'displayName': 'StandingSave'}}, {'type': {'value': 140, 'displayName': 'PassEndX'}, 'value': '51.4'}, {'type': {'value': 1, 'displayName': 'Longball'}}, {'type': {'value': 123, 'displayName': 'KeeperThrow'}}, {'type': {'value': 212, 'displayName': 'Length'}, 'value': '43.0'}, {'type': {'value': 213, 'displayName': 'Angle'}, 'value': '0.4'}]","[91, 36, 37, 216, 218]",True,20973.0,51.4,75.4,,,,,,,,,
2465893617.0,535,69,19.0,29,55.2,87.7,74,"{'value': 2, 'displayName': 'SecondHalf'}","{'value': 3, 'displayName': 'TakeOn'}","{'value': 0, 'displayName': 'Unsuccessful'}","[{'type': {'value': 178, 'displayName': 'StandingSave'}}, {'type': {'value': 56, 'displayName': 'Zone'}, 'value': 'Left'}, {'type': {'value': 286, 'displayName': 'Offensive'}}, {'type': {'value': 233, 'displayName': 'OppositeRelatedEvent'}, 'value': '690'}]","[91, 53]",True,69517.0,,,,,,,,,,,
2465893633.0,690,69,19.0,161,44.8,12.3,74,"{'value': 2, 'displayName': 'SecondHalf'}","{'value': 7, 'displayName': 'Tackle'}","{'value': 1, 'displayName': 'Successful'}","[{'type': {'value': 285, 'displayName': 'Defensive'}}, {'type': {'value': 178, 'displayName': 'StandingSave'}}, {'type': {'value': 56, 'displayName': 'Zone'}, 'value': 'Back'}, {'type': {'value': 233, 'displayName': 'OppositeRelatedEvent'}, 'value': '535'}]","[91, 143]",True,238244.0,,,,,,,,,,,
2465893647.0,691,69,20.0,161,53.7,15.0,74,"{'value': 2, 'displayName': 'SecondHalf'}","{'value': 49, 'displayName': 'BallRecovery'}","{'value': 1, 'displayName': 'Successful'}",[],[93],False,238244.0,,,,,,,,,,,
2465893687.0,692,69,23.0,161,54.1,13.8,74,"{'value': 2, 'displayName': 'SecondHalf'}","{'value': 1, 'displayName': 'Pass'}","{'value': 1, 'displayName': 'Successful'}","[{'type': {'value': 141, 'displayName': 'PassEndY'}, 'value': '25.3'}, {'type': {'value': 140, 'displayName': 'PassEndX'}, 'value': '61.2'}, {'type': {'value': 212, 'displayName': 'Length'}, 'value': '10.8'}, {'type': {'value': 213, 'displayName': 'Angle'}, 'value': '0.8'}, {'type': {'value': 56, 'displayName': 'Zone'}, 'value': 'Center'}, {'type': {'value': 178, 'displayName': 'StandingSave'}}]","[91, 119, 117, 30, 36, 37, 216, 218]",True,238244.0,61.2,25.3,,,,,,,,,
2465893693.0,693,69,26.0,161,61.2,25.0,74,"{'value': 2, 'displayName': 'SecondHalf'}","{'value': 1, 'displayName': 'Pass'}","{'value': 0, 'displayName': 'Unsuccessful'}","[{'type': {'value': 213, 'displayName': 'Angle'}, 'value': '0.3'}, {'type': {'value': 56, 'displayName': 'Zone'}, 'value': 'Center'}, {'type': {'value': 140, 'displayName': 'PassEndX'}, 'value': '81.9'}, {'type': {'value': 155, 'displayName': 'Chipped'}}, {'type': {'value': 178, 'displayName': 'StandingSave'}}, {'type': {'value': 212, 'displayName': 'Length'}, 'value': '22.7'}, {'type': {'value': 141, 'displayName': 'PassEndY'}, 'value': '34.6'}]","[91, 120, 29, 124, 36, 37, 217, 218]",True,296363.0,81.9,34.6,,,,,,,,,
2465893715.0,536,69,26.0,29,14.8,65.7,74,"{'value': 2, 'displayName': 'SecondHalf'}","{'value': 1, 'displayName': 'Pass'}","{'value': 1, 'displayName': 'Successful'}","[{'type': {'value': 213, 'displayName': 'Angle'}, 'value': '0.1'}, {'type': {'value': 141, 'displayName': 'PassEndY'}, 'value': '69.3'}, {'type': {'value': 56, 'displayName': 'Zone'}, 'value': 'Back'}, {'type': {'value': 212, 'displayName': 'Length'}, 'value': '21.9'}, {'type': {'value': 140, 'displayName': 'PassEndX'}, 'value': '35.5'}, {'type': {'value': 3, 'displayName': 'HeadPass'}}]","[91, 117, 30, 139, 36, 37, 216, 218]",True,106086.0,35.5,69.3,,,,,,,,,
2465893737.0,538,69,28.0,29,35.5,69.3,74,"{'value': 2, 'displayName': 'SecondHalf'}","{'value': 1, 'displayName': 'Pass'}","{'value': 1, 'displayName': 'Successful'}","[{'type': {'value': 140, 'displayName': 'PassEndX'}, 'value': '27.8'}, {'type': {'value': 141, 'displayName': 'PassEndY'}, 'value': '87.8'}, {'type': {'value': 56, 'displayName': 'Zone'}, 'value': 'Back'}, {'type': {'value': 212, 'displayName': 'Length'}, 'value': '15.0'}, {'type': {'value': 178, 'displayName': 'StandingSave'}}, {'type': {'value': 213, 'displayName': 'Angle'}, 'value': '2.1'}, {'type': {'value': 21, 'displayName': 'OtherBodyPart'}}]","[91, 117, 30, 35, 37, 215, 218]",True,319756.0,27.8,87.8,,,,,,,,,
2465893725.0,537,69,31.0,29,29.5,86.6,74,"{'value': 2, 'displayName': 'SecondHalf'}","{'value': 49, 'displayName': 'BallRecovery'}","{'value': 1, 'displayName': 'Successful'}",[],[93],False,297203.0,,,,,,,,,,,
2465893775.0,539,69,31.0,29,27.8,87.0,74,"{'value': 2, 'displayName': 'SecondHalf'}","{'value': 1, 'displayName': 'Pass'}","{'value': 1, 'displayName': 'Successful'}","[{'type': {'value': 1, 'displayName': 'Longball'}}, {'type': {'value': 155, 'displayName': 'Chipped'}}, {'type': {'value': 213, 'displayName': 'Angle'}, 'value': '6.3'}, {'type': {'value': 56, 'displayName': 'Zone'}, 'value': 'Left'}, {'type': {'value': 141, 'displayName': 'PassEndY'}, 'value': '86.3'}, {'type': {'value': 140, 'displayName': 'PassEndX'}, 'value': '68.9'}, {'type': {'value': 178, 'displayName': 'StandingSave'}}, {'type': {'value': 212, 'displayName': 'Length'}, 'value': '43.2'}]","[91, 119, 117, 124, 127, 205, 36, 38, 217, 218]",True,297203.0,68.9,86.3,,,,,,,,,
2465893821.0,540,69,39.0,29,83.6,76.1,74,"{'value': 2, 'displayName': 'SecondHalf'}","{'value': 1, 'displayName': 'Pass'}","{'value': 0, 'displayName': 'Unsuccessful'}","[{'type': {'value': 140, 'displayName': 'PassEndX'}, 'value': '82.2'}, {'type': {'value': 212, 'displayName': 'Length'}, 'value': '4.7'}, {'type': {'value': 56, 'displayName': 'Zone'}, 'value': 'Center'}, {'type': {'value': 178, 'displayName': 'StandingSave'}}, {'type': {'value': 141, 'displayName': 'PassEndY'}, 'value': '69.6'}, {'type': {'value': 213, 'displayName': 'Angle'}, 'value': '4.4'}]","[91, 120, 29, 35, 38, 217, 218]",True,69517.0,82.2,69.6,,,,,,,,,
2465893839.0,695,69,40.0,161,17.7,32.6,74,"{'value': 2, 'displayName': 'SecondHalf'}","{'value': 8, 'displayName': 'Interception'}","{'value': 1, 'displayName': 'Successful'}","[{'type': {'value': 56, 'displayName': 'Zone'}, 'value': 'Back'}, {'type': {'value': 178, 'displayName': 'StandingSave'}}]","[91, 101, 56]",True,368310.0,,,,,,,,,,,
2465893843.0,696,69,42.0,161,8.4,24.3,74,"{'value': 2, 'displayName': 'SecondHalf'}","{'value': 49, 'displayName': 'BallRecovery'}","{'value': 1, 'displayName': 'Successful'}",[],[93],False,238244.0,,,,,,,,,,,
2465893861.0,697,69,42.0,161,8.4,24.3,74,"{'value': 2, 'displayName': 'SecondHalf'}","{'value': 1, 'displayName': 'Pass'}","{'value': 1, 'displayName': 'Successful'}","[{'type': {'value': 212, 'displayName': 'Length'}, 'value': '17.2'}, {'type': {'value': 213, 'displayName': 'Angle'}, 'value': '0.4'}, {'type': {'value': 141, 'displayName': 'PassEndY'}, 'value': '33.0'}, {'type': {'value': 56, 'displayName': 'Zone'}, 'value': 'Back'}, {'type': {'value': 178, 'displayName': 'StandingSave'}}, {'type': {'value': 140, 'displayName': 'PassEndX'}, 'value': '23.8'}]","[91, 117, 30, 36, 37, 215, 218]",True,238244.0,23.8,33.0,,,,,,,,,
2465893877.0,698,69,45.0,161,23.8,33.1,74,"{'value': 2, 'displayName': 'SecondHalf'}","{'value': 1, 'displayName': 'Pass'}","{'value': 1, 'displayName': 'Successful'}","[{'type': {'value': 213, 'displayName': 'Angle'}, 'value': '0.5'}, {'type': {'value': 56, 'displayName': 'Zone'}, 'value': 'Back'}, {'type': {'value': 212, 'displayName': 'Length'}, 'value': '17.2'}, {'type': {'value': 178, 'displayName': 'StandingSave'}}, {'type': {'value': 140, 'displayName': 'PassEndX'}, 'value': '37.8'}, {'type': {'value': 141, 'displayName': 'PassEndY'}, 'value': '46.1'}]","[91, 117, 30, 36, 37, 216, 218]",True,16161.0,37.8,46.1,,,,,,,,,
2465893925.0,699,69,48.0,161,44.1,46.7,74,"{'value': 2, 'displayName': 'SecondHalf'}","{'value': 1, 'displayName': 'Pass'}","{'value': 1, 'displayName': 'Successful'}","[{'type': {'value': 140, 'displayName': 'PassEndX'}, 'value': '56.0'}, {'type': {'value': 56, 'displayName': 'Zone'}, 'value': 'Center'}, {'type': {'value': 212, 'displayName': 'Length'}, 'value': '19.0'}, {'type': {'value': 178, 'displayName': 'StandingSave'}}, {'type': {'value': 141, 'displayName': 'PassEndY'}, 'value': '67.8'}, {'type': {'value': 213, 'displayName': 'Angle'}, 'value': '0.9'}]","[91, 119, 117, 30, 36, 37, 216, 218]",True,394933.0,56.0,67.8,,,,,,,,,
2465893951.0,700,69,55.0,161,60.6,67.9,74,"{'value': 2, 'displayName': 'SecondHalf'}","{'value': 1, 'displayName': 'Pass'}","{'value': 1, 'displayName': 'Successful'}","[{'type': {'value': 212, 'displayName': 'Length'}, 'value': '25.8'}, {'type': {'value': 141, 'displayName': 'PassEndY'}, 'value': '90.0'}, {'type': {'value': 213, 'displayName': 'Angle'}, 'value': '0.6'}, {'type': {'value': 178, 'displayName': 'StandingSave'}}, {'type': {'value': 56, 'displayName': 'Zone'}, 'value': 'Left'}, {'type': {'value': 140, 'displayName': 'PassEndX'}, 'value': '80.6'}]","[91, 119, 117, 30, 205, 36, 37, 217, 218]",True,24248.0,80.6,90.0,,,,,,,,,
2465893977.0,701,69,59.0,161,78.7,82.9,74,"{'value': 2, 'displayName': 'SecondHalf'}","{'value': 1, 'displayName': 'Pass'}","{'value': 1, 'displayName': 'Successful'}","[{'type': {'value': 56, 'displayName': 'Zone'}, 'value': 'Center'}, {'type': {'value': 178, 'displayName': 'StandingSave'}}, {'type': {'value': 141, 'displayName': 'PassEndY'}, 'value': '65.4'}, {'type': {'value': 213, 'displayName': 'Angle'}, 'value': '4.1'}, {'type': {'value': 140, 'displayName': 'PassEndX'}, 'value': '71.1'}, {'type': {'value': 212, 'displayName': 'Length'}, 'value': '14.3'}]","[91, 119, 117, 30, 205, 35, 38, 217, 218]",True,355401.0,71.1,65.4,,,,,,,,,
2465905655.0,11708,70,,161,87.5,29.1,75,"{'value': 2, 'displayName': 'SecondHalf'}","{'value': 10000, 'displayName': 'OffsideGiven'}","{'value': 0, 'displayName': 'Unsuccessful'}",[],[61],False,24248.0,,,,,,,,,,,
2465893999.0,702,70,1.0,161,68.1,64.6,75,"{'value': 2, 'displayName': 'SecondHalf'}","{'value': 1, 'displayName': 'Pass'}","{'value': 1, 'displayName': 'Successful'}","[{'type': {'value': 56, 'displayName': 'Zone'}, 'value': 'Center'}, {'type': {'value': 213, 'displayName': 'Angle'}, 'value': '5.5'}, {'type': {'value': 178, 'displayName': 'StandingSave'}}, {'type': {'value': 212, 'displayName': 'Length'}, 'value': '15.0'}, {'type': {'value': 140, 'displayName': 'PassEndX'}, 'value': '77.8'}, {'type': {'value': 210, 'displayName': 'ShotAssist'}, 'value': '13'}, {'type': {'value': 141, 'displayName': 'PassEndY'}, 'value': '48.4'}, {'type': {'value': 11113, 'displayName': 'KeyPass'}}]","[91, 119, 117, 30, 123, 205, 40, 46, 36, 38, 217, 218]",True,394933.0,77.8,48.4,,,,,,,,,
2465894001.0,703,70,3.0,161,81.2,47.6,75,"{'value': 2, 'displayName': 'SecondHalf'}","{'value': 13, 'displayName': 'MissedShots'}","{'value': 1, 'displayName': 'Successful'}","[{'type': {'value': 18, 'displayName': 'OutOfBoxCentre'}}, {'type': {'value': 29, 'displayName': 'Assisted'}}, {'type': {'value': 22, 'displayName': 'RegularPlay'}}, {'type': {'value': 56, 'displayName': 'Zone'}, 'value': 'Center'}, {'type': {'value': 178, 'displayName': 'StandingSave'}}, {'type': {'value': 20, 'displayName': 'RightFoot'}}, {'type': {'value': 55, 'displayName': 'RelatedEventId'}, 'value': '702'}, {'type': {'value': 102, 'displayName': 'GoalMouthY'}, 'value': '44.4'}, {'type': {'value': 103, 'displayName': 'GoalMouthZ'}, 'value': '56.9'}]","[91, 7, 10, 85, 2, 3, 12]",True,140088.0,,,702.0,394933.0,,,56.9,44.4,True,,
2465894445.0,543,70,42.0,29,5.1,53.3,75,"{'value': 2, 'displayName': 'SecondHalf'}","{'value': 1, 'displayName': 'Pass'}","{'value': 0, 'displayName': 'Unsuccessful'}","[{'type': {'value': 74, 'displayName': 'MissHigh'}}, {'type': {'value': 155, 'displayName': 'Chipped'}}, {'type': {'value': 56, 'displayName': 'Zone'}, 'value': 'Center'}, {'type': {'value': 124, 'displayName': 'GoalKick'}}, {'type': {'value': 1, 'displayName': 'Longball'}}, {'type': {'value': 140, 'displayName': 'PassEndX'}, 'value': '60.7'}, {'type': {'value': 213, 'displayName': 'Angle'}, 'value': '0.2'}, {'type': {'value': 141, 'displayName': 'PassEndY'}, 'value': '69.8'}, {'type': {'value': 212, 'displayName': 'Length'}, 'value': '59.4'}]","[91, 120, 124, 128, 36, 37, 216, 218]",True,20973.0,60.7,69.8,,,,,,,,,
2465894475.0,705,70,45.0,161,36.7,38.8,75,"{'value': 2, 'displayName': 'SecondHalf'}","{'value': 1, 'displayName': 'Pass'}","{'value': 0, 'displayName': 'Unsuccessful'}","[{'type': {'value': 3, 'displayName': 'HeadPass'}}, {'type': {'value': 141, 'displayName': 'PassEndY'}, 'value': '48.8'}, {'type': {'value': 140, 'displayName': 'PassEndX'}, 'value': '50.4'}, {'type': {'value': 213, 'displayName': 'Angle'}, 'value': '0.4'}, {'type': {'value': 56, 'displayName': 'Zone'}, 'value': 'Center'}, {'type': {'value': 212, 'displayName': 'Length'}, 'value': '15.9'}]","[91, 120, 29, 139, 36, 37, 216, 218]",True,16161.0,50.4,48.8,,,,,,,,,
2465894527.0,544,70,47.0,29,48.2,53.4,75,"{'value': 2, 'displayName': 'SecondHalf'}","{'value': 1, 'displayName': 'Pass'}","{'value': 1, 'displayName': 'Successful'}","[{'type': {'value': 213, 'displayName': 'Angle'}, 'value': '0.2'}, {'type': {'value': 3, 'displayName': 'HeadPass'}}, {'type': {'value': 212, 'displayName': 'Length'}, 'value': '17.4'}, {'type': {'value': 140, 'displayName': 'PassEndX'}, 'value': '64.4'}, {'type': {'value': 56, 'displayName': 'Zone'}, 'value': 'Center'}, {'type': {'value': 141, 'displayName': 'PassEndY'}, 'value': '58.7'}]","[91, 119, 117, 30, 139, 36, 37, 216, 218]",True,143595.0,64.4,58.7,,,,,,,,,
2465894533.0,545,70,51.0,29,68.7,60.8,75,"{'value': 2, 'displayName': 'SecondHalf'}","{'value': 44, 'displayName': 'Aerial'}","{'value': 1, 'displayName': 'Successful'}","[{'type': {'value': 56, 'displayName': 'Zone'}, 'value': 'Center'}, {'type': {'value': 286, 'displayName': 'Offensive'}}, {'type': {'value': 233, 'displayName': 'OppositeRelatedEvent'}, 'value': '706'}]","[197, 199]",False,322596.0,,,,,,,,,,,
2465894519.0,706,70,51.0,161,31.3,39.2,75,"{'value': 2, 'displayName': 'SecondHalf'}","{'value': 44, 'displayName': 'Aerial'}","{'value': 0, 'displayName': 'Unsuccessful'}","[{'type': {'value': 56, 'displayName': 'Zone'}, 'value': 'Back'}, {'type': {'value': 285, 'displayName': 'Defensive'}}, {'type': {'value': 233, 'displayName': 'OppositeRelatedEvent'}, 'value': '545'}]","[198, 200]",False,16161.0,,,,,,,,,,,
2465894555.0,546,70,51.0,29,64.1,59.4,75,"{'value': 2, 'displayName': 'SecondHalf'}","{'value': 1, 'displayName': 'Pass'}","{'value': 0, 'displayName': 'Unsuccessful'}","[{'type': {'value': 141, 'displayName': 'PassEndY'}, 'value': '68.7'}, {'type': {'value': 213, 'displayName': 'Angle'}, 'value': '2.3'}, {'type': {'value': 56, 'displayName': 'Zone'}, 'value': 'Center'}, {'type': {'value': 212, 'displayName': 'Length'}, 'value': '8.9'}, {'type': {'value': 140, 'displayName': 'PassEndX'}, 'value': '58.2'}, {'type': {'value': 3, 'displayName': 'HeadPass'}}]","[91, 120, 29, 139, 35, 37, 216, 218]",True,322596.0,58.2,68.7,,,,,,,,,
2465894577.0,707,70,53.0,161,39.8,36.7,75,"{'value': 2, 'displayName': 'SecondHalf'}","{'value': 49, 'displayName': 'BallRecovery'}","{'value': 1, 'displayName': 'Successful'}",[],[93],False,140088.0,,,,,,,,,,,
2465894655.0,708,70,59.0,161,66.0,27.9,75,"{'value': 2, 'displayName': 'SecondHalf'}","{'value': 2, 'displayName': 'OffsidePass'}","{'value': 1, 'displayName': 'Successful'}","[{'type': {'value': 56, 'displayName': 'Zone'}, 'value': 'Center'}, {'type': {'value': 141, 'displayName': 'PassEndY'}, 'value': '29.1'}, {'type': {'value': 178, 'displayName': 'StandingSave'}}, {'type': {'value': 7, 'displayName': 'PlayerCaughtOffside'}, 'value': '24248'}, {'type': {'value': 8, 'displayName': 'GoalDisallowed'}}, {'type': {'value': 140, 'displayName': 'PassEndX'}, 'value': '87.5'}]","[91, 217]",True,140088.0,87.5,29.1,,,,,,,,,
2465894639.0,547,70,59.0,29,27.9,58.5,75,"{'value': 2, 'displayName': 'SecondHalf'}","{'value': 55, 'displayName': 'OffsideProvoked'}","{'value': 1, 'displayName': 'Successful'}",[],[62],False,73063.0,,,,,,,,,,,
2465895375.0,709,71,59.0,161,0.0,0.0,76,"{'value': 2, 'displayName': 'SecondHalf'}","{'value': 18, 'displayName': 'SubstitutionOff'}","{'value': 1, 'displayName': 'Successful'}","[{'type': {'value': 44, 'displayName': 'PlayerPosition'}, 'value': 'Midfielder'}, {'type': {'value': 55, 'displayName': 'RelatedEventId'}, 'value': '710'}, {'type': {'value': 59, 'displayName': 'JerseyNumber'}, 'value': '27'}]",[214],False,394933.0,,,710.0,386973.0,,,,,,,
2465895381.0,710,71,59.0,161,0.0,0.0,76,"{'value': 2, 'displayName': 'SecondHalf'}","{'value': 19, 'displayName': 'SubstitutionOn'}","{'value': 1, 'displayName': 'Successful'}","[{'type': {'value': 59, 'displayName': 'JerseyNumber'}, 'value': '77'}, {'type': {'value': 55, 'displayName': 'RelatedEventId'}, 'value': '709'}, {'type': {'value': 44, 'displayName': 'PlayerPosition'}, 'value': 'Midfielder'}, {'type': {'value': 145, 'displayName': 'FormationSlot'}, 'value': '8'}]",[213],False,386973.0,,,709.0,394933.0,,,,,,,
2465895443.0,711,72,6.0,161,0.0,0.0,77,"{'value': 2, 'displayName': 'SecondHalf'}","{'value': 18, 'displayName': 'SubstitutionOff'}","{'value': 1, 'displayName': 'Successful'}","[{'type': {'value': 59, 'displayName': 'JerseyNumber'}, 'value': '22'}, {'type': {'value': 44, 'displayName': 'PlayerPosition'}, 'value': 'Defender'}, {'type': {'value': 55, 'displayName': 'RelatedEventId'}, 'value': '712'}]",[214],False,296363.0,,,712.0,386612.0,,,,,,,
2465895453.0,712,72,6.0,161,0.0,0.0,77,"{'value': 2, 'displayName': 'SecondHalf'}","{'value': 19, 'displayName': 'SubstitutionOn'}","{'value': 1, 'displayName': 'Successful'}","[{'type': {'value': 44, 'displayName': 'PlayerPosition'}, 'value': 'Midfielder'}, {'type': {'value': 55, 'displayName': 'RelatedEventId'}, 'value': '711'}, {'type': {'value': 59, 'displayName': 'JerseyNumber'}, 'value': '6'}, {'type': {'value': 145, 'displayName': 'FormationSlot'}, 'value': '2'}]",[213],False,386612.0,,,711.0,296363.0,,,,,,,
2465895683.0,548,72,18.0,29,25.7,66.2,77,"{'value': 2, 'displayName': 'SecondHalf'}","{'value': 1, 'displayName': 'Pass'}","{'value': 1, 'displayName': 'Successful'}","[{'type': {'value': 213, 'displayName': 'Angle'}, 'value': '0.1'}, {'type': {'value': 212, 'displayName': 'Length'}, 'value': '47.6'}, {'type': {'value': 140, 'displayName': 'PassEndX'}, 'value': '70.9'}, {'type': {'value': 56, 'displayName': 'Zone'}, 'value': 'Center'}, {'type': {'value': 141, 'displayName': 'PassEndY'}, 'value': '72.0'}, {'type': {'value': 178, 'displayName': 'StandingSave'}}, {'type': {'value': 155, 'displayName': 'Chipped'}}, {'type': {'value': 1, 'displayName': 'Longball'}}, {'type': {'value': 5, 'displayName': 'FreekickTaken'}}, {'type': {'value': 241, 'displayName': 'IndirectFreekickTaken'}}]","[91, 119, 117, 124, 127, 132, 205, 36, 37, 217, 218]",True,20973.0,70.9,72.0,,,,,,,,,
2465895695.0,549,72,22.0,29,70.9,72.0,77,"{'value': 2, 'displayName': 'SecondHalf'}","{'value': 1, 'displayName': 'Pass'}","{'value': 0, 'displayName': 'Unsuccessful'}","[{'type': {'value': 141, 'displayName': 'PassEndY'}, 'value': '73.1'}, {'type': {'value': 3, 'displayName': 'HeadPass'}}, {'type': {'value': 213, 'displayName': 'Angle'}, 'value': '0.1'}, {'type': {'value': 212, 'displayName': 'Length'}, 'value': '8.3'}, {'type': {'value': 140, 'displayName': 'PassEndX'}, 'value': '78.8'}, {'type': {'value': 56, 'displayName': 'Zone'}, 'value': 'Center'}]","[91, 120, 29, 139, 36, 37, 217, 218]",True,319756.0,78.8,73.1,,,,,,,,,
2465895731.0,713,72,23.0,161,18.9,22.4,77,"{'value': 2, 'displayName': 'SecondHalf'}","{'value': 1, 'displayName': 'Pass'}","{'value': 1, 'displayName': 'Successful'}","[{'type': {'value': 140, 'displayName': 'PassEndX'}, 'value': '27.0'}, {'type': {'value': 56, 'displayName': 'Zone'}, 'value': 'Back'}, {'type': {'value': 212, 'displayName': 'Length'}, 'value': '9.5'}, {'type': {'value': 213, 'displayName': 'Angle'}, 'value': '0.5'}, {'type': {'value': 178, 'displayName': 'StandingSave'}}, {'type': {'value': 141, 'displayName': 'PassEndY'}, 'value': '28.6'}, {'type': {'value': 3, 'displayName': 'HeadPass'}}]","[91, 117, 30, 139, 36, 37, 215, 218]",True,115917.0,27.0,28.6,,,,,,,,,
2465895741.0,714,72,24.0,161,26.8,28.6,77,"{'value': 2, 'displayName': 'SecondHalf'}","{'value': 49, 'displayName': 'BallRecovery'}","{'value': 1, 'displayName': 'Successful'}",[],[93],False,238244.0,,,,,,,,,,,
2465895805.0,715,72,24.0,161,26.8,30.3,77,"{'value': 2, 'displayName': 'SecondHalf'}","{'value': 1, 'displayName': 'Pass'}","{'value': 1, 'displayName': 'Successful'}","[{'type': {'value': 140, 'displayName': 'PassEndX'}, 'value': '32.8'}, {'type': {'value': 212, 'displayName': 'Length'}, 'value': '39.5'}, {'type': {'value': 141, 'displayName': 'PassEndY'}, 'value': '87.7'}, {'type': {'value': 178, 'displayName': 'StandingSave'}}, {'type': {'value': 56, 'displayName': 'Zone'}, 'value': 'Back'}, {'type': {'value': 213, 'displayName': 'Angle'}, 'value': '1.4'}, {'type': {'value': 1, 'displayName': 'Longball'}}]","[91, 117, 127, 36, 37, 215, 218]",True,238244.0,32.8,87.7,,,,,,,,,
2465895847.0,716,72,28.0,161,32.3,89.9,77,"{'value': 2, 'displayName': 'SecondHalf'}","{'value': 1, 'displayName': 'Pass'}","{'value': 1, 'displayName': 'Successful'}","[{'type': {'value': 141, 'displayName': 'PassEndY'}, 'value': '82.7'}, {'type': {'value': 212, 'displayName': 'Length'}, 'value': '13.2'}, {'type': {'value': 178, 'displayName': 'StandingSave'}}, {'type': {'value': 140, 'displayName': 'PassEndX'}, 'value': '44.0'}, {'type': {'value': 213, 'displayName': 'Angle'}, 'value': '5.9'}, {'type': {'value': 56, 'displayName': 'Zone'}, 'value': 'Back'}]","[91, 117, 30, 36, 38, 216, 218]",True,355401.0,44.0,82.7,,,,,,,,,
2465895941.0,717,72,32.0,161,36.7,94.1,77,"{'value': 2, 'displayName': 'SecondHalf'}","{'value': 1, 'displayName': 'Pass'}","{'value': 1, 'displayName': 'Successful'}","[{'type': {'value': 141, 'displayName': 'PassEndY'}, 'value': '76.0'}, {'type': {'value': 213, 'displayName': 'Angle'}, 'value': '3.8'}, {'type': {'value': 56, 'displayName': 'Zone'}, 'value': 'Back'}, {'type': {'value': 212, 'displayName': 'Length'}, 'value': '18.9'}, {'type': {'value': 178, 'displayName': 'StandingSave'}}, {'type': {'value': 140, 'displayName': 'PassEndX'}, 'value': '23.0'}]","[91, 117, 30, 35, 38, 215, 218]",True,386973.0,23.0,76.0,,,,,,,,,
2465895947.0,718,72,35.0,161,28.6,73.2,77,"{'value': 2, 'displayName': 'SecondHalf'}","{'value': 1, 'displayName': 'Pass'}","{'value': 1, 'displayName': 'Successful'}","[{'type': {'value': 140, 'displayName': 'PassEndX'}, 'value': '21.9'}, {'type': {'value': 56, 'displayName': 'Zone'}, 'value': 'Back'}, {'type': {'value': 213, 'displayName': 'Angle'}, 'value': '4.3'}, {'type': {'value': 141, 'displayName': 'PassEndY'}, 'value': '47.8'}, {'type': {'value': 178, 'displayName': 'StandingSave'}}, {'type': {'value': 212, 'displayName': 'Length'}, 'value': '18.6'}]","[91, 117, 30, 35, 38, 215, 218]",True,368310.0,21.9,47.8,,,,,,,,,
2465895953.0,719,72,38.0,161,24.3,54.5,77,"{'value': 2, 'displayName': 'SecondHalf'}","{'value': 1, 'displayName': 'Pass'}","{'value': 1, 'displayName': 'Successful'}","[{'type': {'value': 212, 'displayName': 'Length'}, 'value': '14.3'}, {'type': {'value': 140, 'displayName': 'PassEndX'}, 'value': '26.3'}, {'type': {'value': 141, 'displayName': 'PassEndY'}, 'value': '75.3'}, {'type': {'value': 56, 'displayName': 'Zone'}, 'value': 'Back'}, {'type': {'value': 213, 'displayName': 'Angle'}, 'value': '1.4'}, {'type': {'value': 178, 'displayName': 'StandingSave'}}]","[91, 117, 30, 36, 37, 215, 218]",True,238244.0,26.3,75.3,,,,,,,,,
2465895963.0,720,72,39.0,161,26.3,75.3,77,"{'value': 2, 'displayName': 'SecondHalf'}","{'value': 1, 'displayName': 'Pass'}","{'value': 1, 'displayName': 'Successful'}","[{'type': {'value': 140, 'displayName': 'PassEndX'}, 'value': '27.1'}, {'type': {'value': 141, 'displayName': 'PassEndY'}, 'value': '51.3'}, {'type': {'value': 56, 'displayName': 'Zone'}, 'value': 'Back'}, {'type': {'value': 213, 'displayName': 'Angle'}, 'value': '4.8'}, {'type': {'value': 212, 'displayName': 'Length'}, 'value': '16.3'}, {'type': {'value': 178, 'displayName': 'StandingSave'}}]","[91, 117, 30, 36, 38, 215, 218]",True,368310.0,27.1,51.3,,,,,,,,,
2465896091.0,721,72,45.0,161,31.8,51.5,77,"{'value': 2, 'displayName': 'SecondHalf'}","{'value': 1, 'displayName': 'Pass'}","{'value': 1, 'displayName': 'Successful'}","[{'type': {'value': 178, 'displayName': 'StandingSave'}}, {'type': {'value': 141, 'displayName': 'PassEndY'}, 'value': '93.0'}, {'type': {'value': 213, 'displayName': 'Angle'}, 'value': '0.6'}, {'type': {'value': 140, 'displayName': 'PassEndX'}, 'value': '70.9'}, {'type': {'value': 1, 'displayName': 'Longball'}}, {'type': {'value': 212, 'displayName': 'Length'}, 'value': '49.8'}, {'type': {'value': 155, 'displayName': 'Chipped'}}, {'type': {'value': 56, 'displayName': 'Zone'}, 'value': 'Left'}]","[91, 119, 117, 124, 127, 205, 36, 37, 217, 218]",True,238244.0,70.9,93.0,,,,,,,,,
2465896203.0,722,72,50.0,161,68.3,93.6,77,"{'value': 2, 'displayName': 'SecondHalf'}","{'value': 1, 'displayName': 'Pass'}","{'value': 1, 'displayName': 'Successful'}","[{'type': {'value': 212, 'displayName': 'Length'}, 'value': '20.2'}, {'type': {'value': 140, 'displayName': 'PassEndX'}, 'value': '74.4'}, {'type': {'value': 213, 'displayName': 'Angle'}, 'value': '5.0'}, {'type': {'value': 141, 'displayName': 'PassEndY'}, 'value': '65.5'}, {'type': {'value': 56, 'displayName': 'Zone'}, 'value': 'Center'}, {'type': {'value': 178, 'displayName': 'StandingSave'}}]","[91, 119, 117, 30, 205, 36, 38, 217, 218]",True,355401.0,74.4,65.5,,,,,,,,,
2465896223.0,723,72,57.0,161,69.8,72.6,77,"{'value': 2, 'displayName': 'SecondHalf'}","{'value': 1, 'displayName': 'Pass'}","{'value': 1, 'displayName': 'Successful'}","[{'type': {'value': 213, 'displayName': 'Angle'}, 'value': '4.9'}, {'type': {'value': 178, 'displayName': 'StandingSave'}}, {'type': {'value': 141, 'displayName': 'PassEndY'}, 'value': '46.9'}, {'type': {'value': 56, 'displayName': 'Zone'}, 'value': 'Center'}, {'type': {'value': 212, 'displayName': 'Length'}, 'value': '17.8'}, {'type': {'value': 140, 'displayName': 'PassEndX'}, 'value': '73.1'}]","[91, 119, 117, 30, 205, 36, 38, 217, 218]",True,24248.0,73.1,46.9,,,,,,,,,
2465896277.0,724,72,59.0,161,73.0,46.9,77,"{'value': 2, 'displayName': 'SecondHalf'}","{'value': 1, 'displayName': 'Pass'}","{'value': 1, 'displayName': 'Successful'}","[{'type': {'value': 178, 'displayName': 'StandingSave'}}, {'type': {'value': 141, 'displayName': 'PassEndY'}, 'value': '33.6'}, {'type': {'value': 212, 'displayName': 'Length'}, 'value': '10.6'}, {'type': {'value': 140, 'displayName': 'PassEndX'}, 'value': '67.8'}, {'type': {'value': 213, 'displayName': 'Angle'}, 'value': '4.2'}, {'type': {'value': 56, 'displayName': 'Zone'}, 'value': 'Center'}]","[91, 119, 117, 30, 205, 35, 38, 217, 218]",True,300513.0,67.8,33.6,,,,,,,,,
2465896307.0,725,73,4.0,161,76.1,37.6,78,"{'value': 2, 'displayName': 'SecondHalf'}","{'value': 1, 'displayName': 'Pass'}","{'value': 1, 'displayName': 'Successful'}","[{'type': {'value': 178, 'displayName': 'StandingSave'}}, {'type': {'value': 56, 'displayName': 'Zone'}, 'value': 'Center'}, {'type': {'value': 140, 'displayName': 'PassEndX'}, 'value': '79.3'}, {'type': {'value': 212, 'displayName': 'Length'}, 'value': '5.7'}, {'type': {'value': 210, 'displayName': 'ShotAssist'}, 'value': '13'}, {'type': {'value': 141, 'displayName': 'PassEndY'}, 'value': '30.9'}, {'type': {'value': 213, 'displayName': 'Angle'}, 'value': '5.3'}, {'type': {'value': 11113, 'displayName': 'KeyPass'}}]","[91, 119, 117, 30, 123, 205, 40, 46, 36, 38, 217, 218]",True,115917.0,79.3,30.9,,,,,,,,,
2465896311.0,726,73,7.0,161,80.5,32.7,78,"{'value': 2, 'displayName': 'SecondHalf'}","{'value': 13, 'displayName': 'MissedShots'}","{'value': 1, 'displayName': 'Successful'}","[{'type': {'value': 18, 'displayName': 'OutOfBoxCentre'}}, {'type': {'value': 56, 'displayName': 'Zone'}, 'value': 'Center'}, {'type': {'value': 102, 'displayName': 'GoalMouthY'}, 'value': '60.3'}, {'type': {'value': 55, 'displayName': 'RelatedEventId'}, 'value': '725'}, {'type': {'value': 73, 'displayName': 'MissLeft'}}, {'type': {'value': 72, 'displayName': 'LeftFoot'}}, {'type': {'value': 22, 'displayName': 'RegularPlay'}}, {'type': {'value': 103, 'displayName': 'GoalMouthZ'}, 'value': '29.2'}, {'type': {'value': 178, 'displayName': 'StandingSave'}}, {'type': {'value': 29, 'displayName': 'Assisted'}}]","[91, 7, 10, 2, 3, 13]",True,300513.0,,,725.0,115917.0,,,29.2,60.3,True,,
2465896925.0,551,73,40.0,29,0.0,0.0,78,"{'value': 2, 'displayName': 'SecondHalf'}","{'value': 18, 'displayName': 'SubstitutionOff'}","{'value': 1, 'displayName': 'Successful'}","[{'type': {'value': 55, 'displayName': 'RelatedEventId'}, 'value': '552'}, {'type': {'value': 59, 'displayName': 'JerseyNumber'}, 'value': '11'}, {'type': {'value': 44, 'displayName': 'PlayerPosition'}, 'value': 'Midfielder'}]",[214],False,319756.0,,,552.0,101955.0,,,,,,,
2465896931.0,552,73,40.0,29,0.0,0.0,78,"{'value': 2, 'displayName': 'SecondHalf'}","{'value': 19, 'displayName': 'SubstitutionOn'}","{'value': 1, 'displayName': 'Successful'}","[{'type': {'value': 55, 'displayName': 'RelatedEventId'}, 'value': '551'}, {'type': {'value': 44, 'displayName': 'PlayerPosition'}, 'value': 'Midfielder'}, {'type': {'value': 59, 'displayName': 'JerseyNumber'}, 'value': '33'}, {'type': {'value': 145, 'displayName': 'FormationSlot'}, 'value': '10'}]",[213],False,101955.0,,,551.0,319756.0,,,,,,,
2465899697.0,577,73,49.0,29,0.0,0.0,78,"{'value': 2, 'displayName': 'SecondHalf'}","{'value': 40, 'displayName': 'FormationChange'}","{'value': 1, 'displayName': 'Successful'}","[{'type': {'value': 44, 'displayName': 'PlayerPosition'}, 'value': '1, 2, 2, 3, 2, 2, 3, 3, 4, 3, 3, 5, 5, 5, 5, 5, 5'}, {'type': {'value': 194, 'displayName': 'CaptainPlayerId'}, 'value': '332325'}, {'type': {'value': 130, 'displayName': 'TeamFormation'}, 'value': '8'}, {'type': {'value': 30, 'displayName': 'InvolvedPlayers'}, 'value': '20973,255167,68049,332325,73063,106086,322596,143595,69517,297203,101955,111372,89998,337428,92516,23547,137021'}, {'type': {'value': 131, 'displayName': 'TeamPlayerFormation'}, 'value': '1, 2, 3, 4, 5, 6, 7, 8, 9, 10, 11, 0, 0, 0, 0, 0, 0'}, {'type': {'value': 59, 'displayName': 'JerseyNumber'}, 'value': '1, 24, 3, 41, 15, 4, 20, 28, 9, 8, 33, 5, 10, 12, 13, 21, 22'}]",[],False,,,,,,,,,,,,
2465897087.0,553,73,51.0,29,5.4,51.9,78,"{'value': 2, 'displayName': 'SecondHalf'}","{'value': 1, 'displayName': 'Pass'}","{'value': 1, 'displayName': 'Successful'}","[{'type': {'value': 213, 'displayName': 'Angle'}, 'value': '0.3'}, {'type': {'value': 124, 'displayName': 'GoalKick'}}, {'type': {'value': 212, 'displayName': 'Length'}, 'value': '59.0'}, {'type': {'value': 155, 'displayName': 'Chipped'}}, {'type': {'value': 140, 'displayName': 'PassEndX'}, 'value': '58.9'}, {'type': {'value': 74, 'displayName': 'MissHigh'}}, {'type': {'value': 1, 'displayName': 'Longball'}}, {'type': {'value': 56, 'displayName': 'Zone'}, 'value': 'Center'}, {'type': {'value': 141, 'displayName': 'PassEndY'}, 'value': '78.6'}]","[91, 119, 117, 124, 127, 36, 37, 216, 218]",True,20973.0,58.9,78.6,,,,,,,,,
2465897137.0,554,73,56.0,29,56.5,72.2,78,"{'value': 2, 'displayName': 'SecondHalf'}","{'value': 1, 'displayName': 'Pass'}","{'value': 1, 'displayName': 'Successful'}","[{'type': {'value': 141, 'displayName': 'PassEndY'}, 'value': '63.6'}, {'type': {'value': 140, 'displayName': 'PassEndX'}, 'value': '52.5'}, {'type': {'value': 212, 'displayName': 'Length'}, 'value': '7.2'}, {'type': {'value': 56, 'displayName': 'Zone'}, 'value': 'Center'}, {'type': {'value': 178, 'displayName': 'StandingSave'}}, {'type': {'value': 213, 'displayName': 'Angle'}, 'value': '4.1'}]","[91, 119, 117, 30, 35, 38, 216, 218]",True,69517.0,52.5,63.6,,,,,,,,,
2465897155.0,555,73,58.0,29,52.5,63.6,78,"{'value': 2, 'displayName': 'SecondHalf'}","{'value': 1, 'displayName': 'Pass'}","{'value': 1, 'displayName': 'Successful'}","[{'type': {'value': 140, 'displayName': 'PassEndX'}, 'value': '51.8'}, {'type': {'value': 56, 'displayName': 'Zone'}, 'value': 'Left'}, {'type': {'value': 213, 'displayName': 'Angle'}, 'value': '1.6'}, {'type': {'value': 141, 'displayName': 'PassEndY'}, 'value': '86.7'}, {'type': {'value': 178, 'displayName': 'StandingSave'}}, {'type': {'value': 212, 'displayName': 'Length'}, 'value': '15.7'}]","[91, 119, 117, 30, 35, 37, 216, 218]",True,143595.0,51.8,86.7,,,,,,,,,
2465897221.0,556,73,59.0,29,52.0,86.6,78,"{'value': 2, 'displayName': 'SecondHalf'}","{'value': 1, 'displayName': 'Pass'}","{'value': 1, 'displayName': 'Successful'}","[{'type': {'value': 140, 'displayName': 'PassEndX'}, 'value': '63.8'}, {'type': {'value': 141, 'displayName': 'PassEndY'}, 'value': '98.0'}, {'type': {'value': 178, 'displayName': 'StandingSave'}}, {'type': {'value': 212, 'displayName': 'Length'}, 'value': '14.6'}, {'type': {'value': 56, 'displayName': 'Zone'}, 'value': 'Left'}, {'type': {'value': 213, 'displayName': 'Angle'}, 'value': '0.6'}]","[91, 119, 117, 30, 36, 37, 216, 218]",True,332325.0,63.8,98.0,,,,,,,,,
2465897261.0,557,74,4.0,29,74.8,86.6,79,"{'value': 2, 'displayName': 'SecondHalf'}","{'value': 1, 'displayName': 'Pass'}","{'value': 1, 'displayName': 'Successful'}","[{'type': {'value': 213, 'displayName': 'Angle'}, 'value': '1.2'}, {'type': {'value': 141, 'displayName': 'PassEndY'}, 'value': '96.0'}, {'type': {'value': 212, 'displayName': 'Length'}, 'value': '6.8'}, {'type': {'value': 140, 'displayName': 'PassEndX'}, 'value': '76.9'}, {'type': {'value': 56, 'displayName': 'Zone'}, 'value': 'Left'}, {'type': {'value': 178, 'displayName': 'StandingSave'}}]","[91, 119, 117, 30, 205, 36, 37, 217, 218]",True,101955.0,76.9,96.0,,,,,,,,,
2465897279.0,558,74,9.0,29,95.4,85.8,79,"{'value': 2, 'displayName': 'SecondHalf'}","{'value': 1, 'displayName': 'Pass'}","{'value': 0, 'displayName': 'Unsuccessful'}","[{'type': {'value': 140, 'displayName': 'PassEndX'}, 'value': '88.1'}, {'type': {'value': 2, 'displayName': 'Cross'}}, {'type': {'value': 56, 'displayName': 'Zone'}, 'value': 'Center'}, {'type': {'value': 141, 'displayName': 'PassEndY'}, 'value': '60.5'}, {'type': {'value': 213, 'displayName': 'Angle'}, 'value': '4.3'}, {'type': {'value': 72, 'displayName': 'LeftFoot'}}, {'type': {'value': 212, 'displayName': 'Length'}, 'value': '18.8'}, {'type': {'value': 178, 'displayName': 'StandingSave'}}]","[91, 138, 126, 35, 38, 217, 218]",True,68049.0,88.1,60.5,,,,,,,,,
2465897319.0,728,74,9.0,161,11.1,39.8,79,"{'value': 2, 'displayName': 'SecondHalf'}","{'value': 8, 'displayName': 'Interception'}","{'value': 1, 'displayName': 'Successful'}","[{'type': {'value': 178, 'displayName': 'StandingSave'}}, {'type': {'value': 56, 'displayName': 'Zone'}, 'value': 'Back'}]","[91, 101, 102, 56]",True,386612.0,,,,,,,,,,,
2465897365.0,729,74,13.0,161,9.7,4.0,79,"{'value': 2, 'displayName': 'SecondHalf'}","{'value': 49, 'displayName': 'BallRecovery'}","{'value': 1, 'displayName': 'Successful'}",[],[93],False,140088.0,,,,,,,,,,,
2465897407.0,730,74,16.0,161,9.8,20.0,79,"{'value': 2, 'displayName': 'SecondHalf'}","{'value': 3, 'displayName': 'TakeOn'}","{'value': 0, 'displayName': 'Unsuccessful'}","[{'type': {'value': 56, 'displayName': 'Zone'}, 'value': 'Back'}, {'type': {'value': 285, 'displayName': 'Defensive'}}, {'type': {'value': 233, 'displayName': 'OppositeRelatedEvent'}, 'value': '560'}, {'type': {'value': 178, 'displayName': 'StandingSave'}}]","[91, 53]",True,140088.0,,,,,,,,,,,
2465897411.0,560,74,16.0,29,90.2,80.0,79,"{'value': 2, 'displayName': 'SecondHalf'}","{'value': 7, 'displayName': 'Tackle'}","{'value': 0, 'displayName': 'Unsuccessful'}","[{'type': {'value': 56, 'displayName': 'Zone'}, 'value': 'Left'}, {'type': {'value': 233, 'displayName': 'OppositeRelatedEvent'}, 'value': '730'}, {'type': {'value': 286, 'displayName': 'Offensive'}}]","[91, 142]",True,322596.0,,,,,,,,,,,
2465897429.0,731,74,16.0,161,9.2,21.9,79,"{'value': 2, 'displayName': 'SecondHalf'}","{'value': 61, 'displayName': 'BallTouch'}","{'value': 1, 'displayName': 'Successful'}","[{'type': {'value': 56, 'displayName': 'Zone'}, 'value': 'Back'}, {'type': {'value': 178, 'displayName': 'StandingSave'}}]",[91],True,140088.0,,,,,,,,,,,
2465897505.0,732,74,18.0,161,9.2,31.0,79,"{'value': 2, 'displayName': 'SecondHalf'}","{'value': 1, 'displayName': 'Pass'}","{'value': 0, 'displayName': 'Unsuccessful'}","[{'type': {'value': 141, 'displayName': 'PassEndY'}, 'value': '25.5'}, {'type': {'value': 212, 'displayName': 'Length'}, 'value': '30.6'}, {'type': {'value': 140, 'displayName': 'PassEndX'}, 'value': '38.1'}, {'type': {'value': 213, 'displayName': 'Angle'}, 'value': '6.2'}, {'type': {'value': 178, 'displayName': 'StandingSave'}}, {'type': {'value': 56, 'displayName': 'Zone'}, 'value': 'Back'}, {'type': {'value': 1, 'displayName': 'Longball'}}]","[91, 118, 120, 128, 36, 38, 216, 218]",True,238244.0,38.1,25.5,,,,,,,,,
2465897525.0,561,74,20.0,29,56.6,79.4,79,"{'value': 2, 'displayName': 'SecondHalf'}","{'value': 1, 'displayName': 'Pass'}","{'value': 0, 'displayName': 'Unsuccessful'}","[{'type': {'value': 213, 'displayName': 'Angle'}, 'value': '0.3'}, {'type': {'value': 56, 'displayName': 'Zone'}, 'value': 'Left'}, {'type': {'value': 140, 'displayName': 'PassEndX'}, 'value': '63.4'}, {'type': {'value': 3, 'displayName': 'HeadPass'}}, {'type': {'value': 141, 'displayName': 'PassEndY'}, 'value': '82.1'}, {'type': {'value': 212, 'displayName': 'Length'}, 'value': '7.4'}]","[91, 120, 29, 139, 36, 37, 216, 218]",True,332325.0,63.4,82.1,,,,,,,,,
2465897571.0,733,74,22.0,161,27.4,20.6,79,"{'value': 2, 'displayName': 'SecondHalf'}","{'value': 1, 'displayName': 'Pass'}","{'value': 1, 'displayName': 'Successful'}","[{'type': {'value': 178, 'displayName': 'StandingSave'}}, {'type': {'value': 213, 'displayName': 'Angle'}, 'value': '5.7'}, {'type': {'value': 212, 'displayName': 'Length'}, 'value': '15.1'}, {'type': {'value': 140, 'displayName': 'PassEndX'}, 'value': '39.2'}, {'type': {'value': 141, 'displayName': 'PassEndY'}, 'value': '8.0'}, {'type': {'value': 56, 'displayName': 'Zone'}, 'value': 'Back'}]","[91, 117, 30, 36, 38, 216, 218]",True,16161.0,39.2,8.0,,,,,,,,,
2465897683.0,734,74,26.0,161,33.5,13.7,79,"{'value': 2, 'displayName': 'SecondHalf'}","{'value': 1, 'displayName': 'Pass'}","{'value': 1, 'displayName': 'Successful'}","[{'type': {'value': 213, 'displayName': 'Angle'}, 'value': '0.4'}, {'type': {'value': 212, 'displayName': 'Length'}, 'value': '8.9'}, {'type': {'value': 178, 'displayName': 'StandingSave'}}, {'type': {'value': 140, 'displayName': 'PassEndX'}, 'value': '41.2'}, {'type': {'value': 141, 'displayName': 'PassEndY'}, 'value': '19.2'}, {'type': {'value': 56, 'displayName': 'Zone'}, 'value': 'Back'}]","[91, 117, 30, 36, 37, 216, 218]",True,300513.0,41.2,19.2,,,,,,,,,
2503163611.0,1230,74,27.0,29,56.0,84.2,79,"{'value': 2, 'displayName': 'SecondHalf'}","{'value': 45, 'displayName': 'Challenge'}","{'value': 0, 'displayName': 'Unsuccessful'}","[{'type': {'value': 285, 'displayName': 'Defensive'}}, {'type': {'value': 233, 'displayName': 'OppositeRelatedEvent'}, 'value': '1831'}, {'type': {'value': 56, 'displayName': 'Zone'}, 'value': 'Left'}]",[55],False,332325.0,,,,,,,,,,,
2466214131.0,1831,74,27.0,161,44.0,15.8,79,"{'value': 2, 'displayName': 'SecondHalf'}","{'value': 3, 'displayName': 'TakeOn'}","{'value': 1, 'displayName': 'Successful'}","[{'type': {'value': 233, 'displayName': 'OppositeRelatedEvent'}, 'value': '1230'}, {'type': {'value': 56, 'displayName': 'Zone'}, 'value': 'Back'}, {'type': {'value': 286, 'displayName': 'Offensive'}}]","[91, 54]",True,140088.0,,,,,,,,,,,
2465897725.0,735,74,30.0,161,66.7,22.4,79,"{'value': 2, 'displayName': 'SecondHalf'}","{'value': 1, 'displayName': 'Pass'}","{'value': 0, 'displayName': 'Unsuccessful'}","[{'type': {'value': 141, 'displayName': 'PassEndY'}, 'value': '62.7'}, {'type': {'value': 56, 'displayName': 'Zone'}, 'value': 'Center'}, {'type': {'value': 1, 'displayName': 'Longball'}}, {'type': {'value': 140, 'displayName': 'PassEndX'}, 'value': '84.4'}, {'type': {'value': 155, 'displayName': 'Chipped'}}, {'type': {'value': 212, 'displayName': 'Length'}, 'value': '33.1'}, {'type': {'value': 178, 'displayName': 'StandingSave'}}, {'type': {'value': 213, 'displayName': 'Angle'}, 'value': '1.0'}]","[91, 120, 124, 128, 36, 37, 217, 218]",True,140088.0,84.4,62.7,,,,,,,,,
2465897791.0,562,74,32.0,29,15.9,36.2,79,"{'value': 2, 'displayName': 'SecondHalf'}","{'value': 1, 'displayName': 'Pass'}","{'value': 1, 'displayName': 'Successful'}","[{'type': {'value': 21, 'displayName': 'OtherBodyPart'}}, {'type': {'value': 141, 'displayName': 'PassEndY'}, 'value': '35.3'}, {'type': {'value': 213, 'displayName': 'Angle'}, 'value': '3.2'}, {'type': {'value': 212, 'displayName': 'Length'}, 'value': '10.5'}, {'type': {'value': 140, 'displayName': 'PassEndX'}, 'value': '5.9'}, {'type': {'value': 56, 'displayName': 'Zone'}, 'value': 'Back'}]","[91, 117, 30, 35, 38, 215, 218]",True,255167.0,5.9,35.3,,,,,,,,,
2465897795.0,563,74,39.0,29,5.9,35.2,79,"{'value': 2, 'displayName': 'SecondHalf'}","{'value': 52, 'displayName': 'KeeperPickup'}","{'value': 1, 'displayName': 'Successful'}","[{'type': {'value': 178, 'displayName': 'StandingSave'}}]",[93],False,20973.0,,,,,,,,,,,
2465898181.0,564,74,51.0,29,16.4,46.1,79,"{'value': 2, 'displayName': 'SecondHalf'}","{'value': 1, 'displayName': 'Pass'}","{'value': 0, 'displayName': 'Unsuccessful'}","[{'type': {'value': 1, 'displayName': 'Longball'}}, {'type': {'value': 140, 'displayName': 'PassEndX'}, 'value': '74.0'}, {'type': {'value': 212, 'displayName': 'Length'}, 'value': '60.7'}, {'type': {'value': 56, 'displayName': 'Zone'}, 'value': 'Center'}, {'type': {'value': 141, 'displayName': 'PassEndY'}, 'value': '52.8'}, {'type': {'value': 213, 'displayName': 'Angle'}, 'value': '0.1'}]","[91, 120, 128, 36, 37, 217, 218]",True,20973.0,74.0,52.8,,,,,,,,,
2465898215.0,736,74,56.0,161,24.6,49.3,79,"{'value': 2, 'displayName': 'SecondHalf'}","{'value': 1, 'displayName': 'Pass'}","{'value': 1, 'displayName': 'Successful'}","[{'type': {'value': 212, 'displayName': 'Length'}, 'value': '11.7'}, {'type': {'value': 140, 'displayName': 'PassEndX'}, 'value': '35.7'}, {'type': {'value': 141, 'displayName': 'PassEndY'}, 'value': '49.1'}, {'type': {'value': 213, 'displayName': 'Angle'}, 'value': '6.3'}, {'type': {'value': 56, 'displayName': 'Zone'}, 'value': 'Back'}, {'type': {'value': 3, 'displayName': 'HeadPass'}}]","[91, 117, 30, 139, 36, 38, 216, 218]",True,368310.0,35.7,49.1,,,,,,,,,
2465898231.0,737,74,57.0,161,34.2,49.6,79,"{'value': 2, 'displayName': 'SecondHalf'}","{'value': 44, 'displayName': 'Aerial'}","{'value': 1, 'displayName': 'Successful'}","[{'type': {'value': 56, 'displayName': 'Zone'}, 'value': 'Back'}, {'type': {'value': 233, 'displayName': 'OppositeRelatedEvent'}, 'value': '565'}, {'type': {'value': 285, 'displayName': 'Defensive'}}]","[197, 200]",False,238244.0,,,,,,,,,,,
2465898221.0,565,74,57.0,29,65.8,50.4,79,"{'value': 2, 'displayName': 'SecondHalf'}","{'value': 44, 'displayName': 'Aerial'}","{'value': 0, 'displayName': 'Unsuccessful'}","[{'type': {'value': 233, 'displayName': 'OppositeRelatedEvent'}, 'value': '737'}, {'type': {'value': 286, 'displayName': 'Offensive'}}, {'type': {'value': 56, 'displayName': 'Zone'}, 'value': 'Center'}]","[198, 199]",False,69517.0,,,,,,,,,,,
2466037183.0,957,74,57.0,161,29.9,38.9,79,"{'value': 2, 'displayName': 'SecondHalf'}","{'value': 1, 'displayName': 'Pass'}","{'value': 0, 'displayName': 'Unsuccessful'}","[{'type': {'value': 3, 'displayName': 'HeadPass'}}, {'type': {'value': 56, 'displayName': 'Zone'}, 'value': 'Back'}, {'type': {'value': 213, 'displayName': 'Angle'}, 'value': '0'}, {'type': {'value': 141, 'displayName': 'PassEndY'}, 'value': '38.9'}, {'type': {'value': 140, 'displayName': 'PassEndX'}, 'value': '31.9'}, {'type': {'value': 212, 'displayName': 'Length'}, 'value': '2.1'}]","[91, 118, 120, 29, 139, 36, 215, 218]",True,238244.0,31.9,38.9,,,,,,,,,
2465898253.0,566,74,57.0,29,67.3,50.0,79,"{'value': 2, 'displayName': 'SecondHalf'}","{'value': 61, 'displayName': 'BallTouch'}","{'value': 1, 'displayName': 'Successful'}","[{'type': {'value': 15, 'displayName': 'Head'}}, {'type': {'value': 56, 'displayName': 'Zone'}, 'value': 'Center'}]",[91],True,69517.0,,,,,,,,,,,
2465898279.0,738,74,58.0,161,29.8,46.3,79,"{'value': 2, 'displayName': 'SecondHalf'}","{'value': 1, 'displayName': 'Pass'}","{'value': 0, 'displayName': 'Unsuccessful'}","[{'type': {'value': 178, 'displayName': 'StandingSave'}}, {'type': {'value': 56, 'displayName': 'Zone'}, 'value': 'Back'}, {'type': {'value': 1, 'displayName': 'Longball'}}, {'type': {'value': 141, 'displayName': 'PassEndY'}, 'value': '39.8'}, {'type': {'value': 212, 'displayName': 'Length'}, 'value': '14.7'}, {'type': {'value': 140, 'displayName': 'PassEndX'}, 'value': '43.2'}, {'type': {'value': 213, 'displayName': 'Angle'}, 'value': '6.0'}]","[91, 118, 120, 128, 36, 38, 216, 218]",True,238244.0,43.2,39.8,,,,,,,,,
2465898295.0,567,75,0.0,29,56.4,61.1,80,"{'value': 2, 'displayName': 'SecondHalf'}","{'value': 1, 'displayName': 'Pass'}","{'value': 0, 'displayName': 'Unsuccessful'}","[{'type': {'value': 140, 'displayName': 'PassEndX'}, 'value': '65.6'}, {'type': {'value': 141, 'displayName': 'PassEndY'}, 'value': '62.9'}, {'type': {'value': 213, 'displayName': 'Angle'}, 'value': '0.1'}, {'type': {'value': 56, 'displayName': 'Zone'}, 'value': 'Center'}, {'type': {'value': 212, 'displayName': 'Length'}, 'value': '9.7'}]","[91, 120, 29, 36, 37, 216, 218]",True,332325.0,65.6,62.9,,,,,,,,,
2466194773.0,1029,75,1.0,161,34.2,40.2,80,"{'value': 2, 'displayName': 'SecondHalf'}","{'value': 61, 'displayName': 'BallTouch'}","{'value': 1, 'displayName': 'Successful'}","[{'type': {'value': 178, 'displayName': 'StandingSave'}}, {'type': {'value': 56, 'displayName': 'Zone'}, 'value': 'Back'}]",[91],True,16161.0,,,,,,,,,,,
2465898307.0,739,75,2.0,161,35.3,37.3,80,"{'value': 2, 'displayName': 'SecondHalf'}","{'value': 44, 'displayName': 'Aerial'}","{'value': 1, 'displayName': 'Successful'}","[{'type': {'value': 233, 'displayName': 'OppositeRelatedEvent'}, 'value': '568'}, {'type': {'value': 285, 'displayName': 'Defensive'}}, {'type': {'value': 56, 'displayName': 'Zone'}, 'value': 'Back'}]","[197, 200]",False,16161.0,,,,,,,,,,,
2465898317.0,568,75,2.0,29,64.7,62.7,80,"{'value': 2, 'displayName': 'SecondHalf'}","{'value': 44, 'displayName': 'Aerial'}","{'value': 0, 'displayName': 'Unsuccessful'}","[{'type': {'value': 233, 'displayName': 'OppositeRelatedEvent'}, 'value': '739'}, {'type': {'value': 56, 'displayName': 'Zone'}, 'value': 'Center'}, {'type': {'value': 286, 'displayName': 'Offensive'}}]","[198, 199]",False,101955.0,,,,,,,,,,,
2465898355.0,740,75,2.0,161,30.3,40.7,80,"{'value': 2, 'displayName': 'SecondHalf'}","{'value': 1, 'displayName': 'Pass'}","{'value': 1, 'displayName': 'Successful'}","[{'type': {'value': 56, 'displayName': 'Zone'}, 'value': 'Back'}, {'type': {'value': 3, 'displayName': 'HeadPass'}}, {'type': {'value': 140, 'displayName': 'PassEndX'}, 'value': '26.6'}, {'type': {'value': 212, 'displayName': 'Length'}, 'value': '7.7'}, {'type': {'value': 141, 'displayName': 'PassEndY'}, 'value': '30.9'}, {'type': {'value': 213, 'displayName': 'Angle'}, 'value': '4.2'}]","[91, 117, 30, 139, 35, 38, 215, 218]",True,16161.0,26.6,30.9,,,,,,,,,
2465898365.0,741,75,3.0,161,26.6,30.9,80,"{'value': 2, 'displayName': 'SecondHalf'}","{'value': 49, 'displayName': 'BallRecovery'}","{'value': 1, 'displayName': 'Successful'}",[],[93],False,115917.0,,,,,,,,,,,
2465898385.0,742,75,3.0,161,26.6,30.9,80,"{'value': 2, 'displayName': 'SecondHalf'}","{'value': 1, 'displayName': 'Pass'}","{'value': 1, 'displayName': 'Successful'}","[{'type': {'value': 212, 'displayName': 'Length'}, 'value': '10.7'}, {'type': {'value': 213, 'displayName': 'Angle'}, 'value': '0.7'}, {'type': {'value': 141, 'displayName': 'PassEndY'}, 'value': '41.0'}, {'type': {'value': 56, 'displayName': 'Zone'}, 'value': 'Back'}, {'type': {'value': 140, 'displayName': 'PassEndX'}, 'value': '34.4'}, {'type': {'value': 178, 'displayName': 'StandingSave'}}]","[91, 117, 30, 36, 37, 216, 218]",True,115917.0,34.4,41.0,,,,,,,,,
2465898395.0,743,75,4.0,161,34.4,41.0,80,"{'value': 2, 'displayName': 'SecondHalf'}","{'value': 1, 'displayName': 'Pass'}","{'value': 1, 'displayName': 'Successful'}","[{'type': {'value': 56, 'displayName': 'Zone'}, 'value': 'Back'}, {'type': {'value': 141, 'displayName': 'PassEndY'}, 'value': '31.9'}, {'type': {'value': 140, 'displayName': 'PassEndX'}, 'value': '28.7'}, {'type': {'value': 212, 'displayName': 'Length'}, 'value': '8.6'}, {'type': {'value': 213, 'displayName': 'Angle'}, 'value': '3.9'}, {'type': {'value': 178, 'displayName': 'StandingSave'}}]","[91, 117, 30, 35, 38, 215, 218]",True,386612.0,28.7,31.9,,,,,,,,,
2465898409.0,744,75,4.0,161,31.1,32.2,80,"{'value': 2, 'displayName': 'SecondHalf'}","{'value': 1, 'displayName': 'Pass'}","{'value': 1, 'displayName': 'Successful'}","[{'type': {'value': 212, 'displayName': 'Length'}, 'value': '15.5'}, {'type': {'value': 213, 'displayName': 'Angle'}, 'value': '0.1'}, {'type': {'value': 56, 'displayName': 'Zone'}, 'value': 'Back'}, {'type': {'value': 141, 'displayName': 'PassEndY'}, 'value': '35.5'}, {'type': {'value': 178, 'displayName': 'StandingSave'}}, {'type': {'value': 140, 'displayName': 'PassEndX'}, 'value': '45.7'}]","[91, 117, 30, 36, 37, 216, 218]",True,115917.0,45.7,35.5,,,,,,,,,
2465898487.0,745,75,6.0,161,41.5,39.2,80,"{'value': 2, 'displayName': 'SecondHalf'}","{'value': 1, 'displayName': 'Pass'}","{'value': 1, 'displayName': 'Successful'}","[{'type': {'value': 56, 'displayName': 'Zone'}, 'value': 'Back'}, {'type': {'value': 178, 'displayName': 'StandingSave'}}, {'type': {'value': 140, 'displayName': 'PassEndX'}, 'value': '44.3'}, {'type': {'value': 212, 'displayName': 'Length'}, 'value': '20.2'}, {'type': {'value': 141, 'displayName': 'PassEndY'}, 'value': '68.6'}, {'type': {'value': 213, 'displayName': 'Angle'}, 'value': '1.4'}]","[91, 117, 30, 36, 37, 216, 218]",True,300513.0,44.3,68.6,,,,,,,,,
2465898499.0,746,75,11.0,161,68.5,70.8,80,"{'value': 2, 'displayName': 'SecondHalf'}","{'value': 1, 'displayName': 'Pass'}","{'value': 0, 'displayName': 'Unsuccessful'}","[{'type': {'value': 213, 'displayName': 'Angle'}, 'value': '6.1'}, {'type': {'value': 178, 'displayName': 'StandingSave'}}, {'type': {'value': 212, 'displayName': 'Length'}, 'value': '19.2'}, {'type': {'value': 140, 'displayName': 'PassEndX'}, 'value': '86.6'}, {'type': {'value': 56, 'displayName': 'Zone'}, 'value': 'Center'}, {'type': {'value': 141, 'displayName': 'PassEndY'}, 'value': '67.0'}]","[91, 120, 29, 36, 38, 217, 218]",True,355401.0,86.6,67.0,,,,,,,,,
2465898511.0,569,75,12.0,29,11.9,30.7,80,"{'value': 2, 'displayName': 'SecondHalf'}","{'value': 61, 'displayName': 'BallTouch'}","{'value': 1, 'displayName': 'Successful'}","[{'type': {'value': 56, 'displayName': 'Zone'}, 'value': 'Back'}, {'type': {'value': 178, 'displayName': 'StandingSave'}}]",[91],True,73063.0,,,,,,,,,,,
2465898591.0,747,75,14.0,161,90.1,67.3,80,"{'value': 2, 'displayName': 'SecondHalf'}","{'value': 1, 'displayName': 'Pass'}","{'value': 1, 'displayName': 'Successful'}","[{'type': {'value': 212, 'displayName': 'Length'}, 'value': '11.3'}, {'type': {'value': 213, 'displayName': 'Angle'}, 'value': '1.8'}, {'type': {'value': 178, 'displayName': 'StandingSave'}}, {'type': {'value': 141, 'displayName': 'PassEndY'}, 'value': '83.5'}, {'type': {'value': 56, 'displayName': 'Zone'}, 'value': 'Left'}, {'type': {'value': 140, 'displayName': 'PassEndX'}, 'value': '87.9'}]","[91, 119, 117, 30, 205, 35, 37, 217, 218]",True,24248.0,87.9,83.5,,,,,,,,,
2465898661.0,748,75,17.0,161,86.0,76.7,80,"{'value': 2, 'displayName': 'SecondHalf'}","{'value': 1, 'displayName': 'Pass'}","{'value': 1, 'displayName': 'Successful'}","[{'type': {'value': 212, 'displayName': 'Length'}, 'value': '14.6'}, {'type': {'value': 213, 'displayName': 'Angle'}, 'value': '3.4'}, {'type': {'value': 56, 'displayName': 'Zone'}, 'value': 'Center'}, {'type': {'value': 178, 'displayName': 'StandingSave'}}, {'type': {'value': 141, 'displayName': 'PassEndY'}, 'value': '71.7'}, {'type': {'value': 140, 'displayName': 'PassEndX'}, 'value': '72.5'}]","[91, 119, 117, 30, 205, 35, 38, 217, 218]",True,386973.0,72.5,71.7,,,,,,,,,
2465898751.0,749,75,21.0,161,67.1,79.0,80,"{'value': 2, 'displayName': 'SecondHalf'}","{'value': 1, 'displayName': 'Pass'}","{'value': 1, 'displayName': 'Successful'}","[{'type': {'value': 141, 'displayName': 'PassEndY'}, 'value': '53.4'}, {'type': {'value': 213, 'displayName': 'Angle'}, 'value': '4.4'}, {'type': {'value': 56, 'displayName': 'Zone'}, 'value': 'Center'}, {'type': {'value': 178, 'displayName': 'StandingSave'}}, {'type': {'value': 212, 'displayName': 'Length'}, 'value': '18.1'}, {'type': {'value': 140, 'displayName': 'PassEndX'}, 'value': '62.4'}]","[91, 119, 117, 30, 35, 38, 216, 218]",True,386612.0,62.4,53.4,,,,,,,,,
2465898799.0,750,75,25.0,161,67.0,49.3,80,"{'value': 2, 'displayName': 'SecondHalf'}","{'value': 1, 'displayName': 'Pass'}","{'value': 0, 'displayName': 'Unsuccessful'}","[{'type': {'value': 212, 'displayName': 'Length'}, 'value': '29.4'}, {'type': {'value': 178, 'displayName': 'StandingSave'}}, {'type': {'value': 140, 'displayName': 'PassEndX'}, 'value': '91.9'}, {'type': {'value': 155, 'displayName': 'Chipped'}}, {'type': {'value': 141, 'displayName': 'PassEndY'}, 'value': '69.0'}, {'type': {'value': 56, 'displayName': 'Zone'}, 'value': 'Center'}, {'type': {'value': 213, 'displayName': 'Angle'}, 'value': '0.5'}]","[91, 120, 29, 124, 36, 37, 217, 218]",True,16161.0,91.9,69.0,,,,,,,,,
2465898819.0,570,75,26.0,29,7.8,30.1,80,"{'value': 2, 'displayName': 'SecondHalf'}","{'value': 44, 'displayName': 'Aerial'}","{'value': 1, 'displayName': 'Successful'}","[{'type': {'value': 285, 'displayName': 'Defensive'}}, {'type': {'value': 56, 'displayName': 'Zone'}, 'value': 'Back'}, {'type': {'value': 233, 'displayName': 'OppositeRelatedEvent'}, 'value': '751'}]","[197, 200]",False,106086.0,,,,,,,,,,,
2465898831.0,751,75,26.0,161,92.2,69.9,80,"{'value': 2, 'displayName': 'SecondHalf'}","{'value': 44, 'displayName': 'Aerial'}","{'value': 0, 'displayName': 'Unsuccessful'}","[{'type': {'value': 233, 'displayName': 'OppositeRelatedEvent'}, 'value': '570'}, {'type': {'value': 286, 'displayName': 'Offensive'}}, {'type': {'value': 56, 'displayName': 'Zone'}, 'value': 'Center'}]","[198, 199]",False,24248.0,,,,,,,,,,,
2465898849.0,571,75,27.0,29,7.7,29.2,80,"{'value': 2, 'displayName': 'SecondHalf'}","{'value': 12, 'displayName': 'Clearance'}","{'value': 1, 'displayName': 'Successful'}","[{'type': {'value': 56, 'displayName': 'Zone'}, 'value': 'Back'}, {'type': {'value': 141, 'displayName': 'PassEndY'}, 'value': '7.9'}, {'type': {'value': 15, 'displayName': 'Head'}}, {'type': {'value': 140, 'displayName': 'PassEndX'}, 'value': '4.0'}, {'type': {'value': 212, 'displayName': 'Length'}, 'value': '15.0'}, {'type': {'value': 213, 'displayName': 'Angle'}, 'value': '4.5'}]","[91, 94, 95, 57, 215]",True,106086.0,4.0,7.9,,,,,,,,,
2465898983.0,572,75,33.0,29,12.2,21.3,80,"{'value': 2, 'displayName': 'SecondHalf'}","{'value': 45, 'displayName': 'Challenge'}","{'value': 0, 'displayName': 'Unsuccessful'}","[{'type': {'value': 285, 'displayName': 'Defensive'}}, {'type': {'value': 233, 'displayName': 'OppositeRelatedEvent'}, 'value': '752'}, {'type': {'value': 56, 'displayName': 'Zone'}, 'value': 'Back'}]",[55],False,297203.0,,,,,,,,,,,
2465898967.0,752,75,33.0,161,87.8,78.7,80,"{'value': 2, 'displayName': 'SecondHalf'}","{'value': 3, 'displayName': 'TakeOn'}","{'value': 1, 'displayName': 'Successful'}","[{'type': {'value': 56, 'displayName': 'Zone'}, 'value': 'Center'}, {'type': {'value': 178, 'displayName': 'StandingSave'}}, {'type': {'value': 286, 'displayName': 'Offensive'}}, {'type': {'value': 233, 'displayName': 'OppositeRelatedEvent'}, 'value': '572'}]","[91, 54]",True,386973.0,,,,,,,,,,,
2465898973.0,753,75,35.0,161,89.7,67.5,80,"{'value': 2, 'displayName': 'SecondHalf'}","{'value': 13, 'displayName': 'MissedShots'}","{'value': 1, 'displayName': 'Successful'}","[{'type': {'value': 102, 'displayName': 'GoalMouthY'}, 'value': '58.0'}, {'type': {'value': 56, 'displayName': 'Zone'}, 'value': 'Center'}, {'type': {'value': 178, 'displayName': 'StandingSave'}}, {'type': {'value': 20, 'displayName': 'RightFoot'}}, {'type': {'value': 64, 'displayName': 'BoxLeft'}}, {'type': {'value': 103, 'displayName': 'GoalMouthZ'}, 'value': '8.3'}, {'type': {'value': 22, 'displayName': 'RegularPlay'}}]","[91, 7, 90, 10, 88, 1, 3, 12]",True,386973.0,,,,,,,8.3,58.0,True,,
2465899485.0,574,76,3.0,29,4.1,48.9,81,"{'value': 2, 'displayName': 'SecondHalf'}","{'value': 1, 'displayName': 'Pass'}","{'value': 1, 'displayName': 'Successful'}","[{'type': {'value': 213, 'displayName': 'Angle'}, 'value': '0.4'}, {'type': {'value': 141, 'displayName': 'PassEndY'}, 'value': '88.2'}, {'type': {'value': 56, 'displayName': 'Zone'}, 'value': 'Left'}, {'type': {'value': 212, 'displayName': 'Length'}, 'value': '64.3'}, {'type': {'value': 1, 'displayName': 'Longball'}}, {'type': {'value': 155, 'displayName': 'Chipped'}}, {'type': {'value': 74, 'displayName': 'MissHigh'}}, {'type': {'value': 140, 'displayName': 'PassEndX'}, 'value': '59.8'}, {'type': {'value': 124, 'displayName': 'GoalKick'}}]","[91, 119, 117, 124, 127, 36, 37, 216, 218]",True,20973.0,59.8,88.2,,,,,,,,,
2465899491.0,575,76,6.0,29,62.3,86.6,81,"{'value': 2, 'displayName': 'SecondHalf'}","{'value': 44, 'displayName': 'Aerial'}","{'value': 1, 'displayName': 'Successful'}","[{'type': {'value': 56, 'displayName': 'Zone'}, 'value': 'Left'}, {'type': {'value': 233, 'displayName': 'OppositeRelatedEvent'}, 'value': '755'}, {'type': {'value': 286, 'displayName': 'Offensive'}}]","[197, 199]",False,101955.0,,,,,,,,,,,
2465899487.0,755,76,6.0,161,37.7,13.4,81,"{'value': 2, 'displayName': 'SecondHalf'}","{'value': 44, 'displayName': 'Aerial'}","{'value': 0, 'displayName': 'Unsuccessful'}","[{'type': {'value': 56, 'displayName': 'Zone'}, 'value': 'Back'}, {'type': {'value': 233, 'displayName': 'OppositeRelatedEvent'}, 'value': '575'}, {'type': {'value': 285, 'displayName': 'Defensive'}}]","[198, 200]",False,115917.0,,,,,,,,,,,
2465899513.0,576,76,6.0,29,60.3,89.0,81,"{'value': 2, 'displayName': 'SecondHalf'}","{'value': 1, 'displayName': 'Pass'}","{'value': 0, 'displayName': 'Unsuccessful'}","[{'type': {'value': 56, 'displayName': 'Zone'}, 'value': 'Left'}, {'type': {'value': 213, 'displayName': 'Angle'}, 'value': '5.9'}, {'type': {'value': 3, 'displayName': 'HeadPass'}}, {'type': {'value': 140, 'displayName': 'PassEndX'}, 'value': '62.8'}, {'type': {'value': 212, 'displayName': 'Length'}, 'value': '2.8'}, {'type': {'value': 141, 'displayName': 'PassEndY'}, 'value': '87.5'}]","[91, 120, 29, 139, 36, 38, 216, 218]",True,101955.0,62.8,87.5,,,,,,,,,
2465899503.0,756,76,6.0,161,35.6,15.9,81,"{'value': 2, 'displayName': 'SecondHalf'}","{'value': 61, 'displayName': 'BallTouch'}","{'value': 1, 'displayName': 'Successful'}","[{'type': {'value': 15, 'displayName': 'Head'}}, {'type': {'value': 56, 'displayName': 'Zone'}, 'value': 'Back'}]",[91],True,115917.0,,,,,,,,,,,
2465899545.0,757,76,8.0,161,37.2,24.3,81,"{'value': 2, 'displayName': 'SecondHalf'}","{'value': 1, 'displayName': 'Pass'}","{'value': 1, 'displayName': 'Successful'}","[{'type': {'value': 56, 'displayName': 'Zone'}, 'value': 'Center'}, {'type': {'value': 213, 'displayName': 'Angle'}, 'value': '0.4'}, {'type': {'value': 3, 'displayName': 'HeadPass'}}, {'type': {'value': 212, 'displayName': 'Length'}, 'value': '17.9'}, {'type': {'value': 178, 'displayName': 'StandingSave'}}, {'type': {'value': 140, 'displayName': 'PassEndX'}, 'value': '53.2'}, {'type': {'value': 141, 'displayName': 'PassEndY'}, 'value': '33.4'}]","[91, 119, 117, 30, 139, 36, 37, 216, 218]",True,16161.0,53.2,33.4,,,,,,,,,
2465899557.0,758,76,9.0,161,52.9,33.3,81,"{'value': 2, 'displayName': 'SecondHalf'}","{'value': 49, 'displayName': 'BallRecovery'}","{'value': 1, 'displayName': 'Successful'}",[],[93],False,140088.0,,,,,,,,,,,
2465899597.0,759,76,10.0,161,52.9,33.3,81,"{'value': 2, 'displayName': 'SecondHalf'}","{'value': 1, 'displayName': 'Pass'}","{'value': 1, 'displayName': 'Successful'}","[{'type': {'value': 56, 'displayName': 'Zone'}, 'value': 'Back'}, {'type': {'value': 141, 'displayName': 'PassEndY'}, 'value': '49.3'}, {'type': {'value': 212, 'displayName': 'Length'}, 'value': '13.1'}, {'type': {'value': 178, 'displayName': 'StandingSave'}}, {'type': {'value': 140, 'displayName': 'PassEndX'}, 'value': '46.0'}, {'type': {'value': 213, 'displayName': 'Angle'}, 'value': '2.2'}]","[91, 117, 30, 35, 37, 216, 218]",True,140088.0,46.0,49.3,,,,,,,,,
2465899645.0,760,76,13.0,161,54.9,51.8,81,"{'value': 2, 'displayName': 'SecondHalf'}","{'value': 1, 'displayName': 'Pass'}","{'value': 1, 'displayName': 'Successful'}","[{'type': {'value': 212, 'displayName': 'Length'}, 'value': '17.6'}, {'type': {'value': 178, 'displayName': 'StandingSave'}}, {'type': {'value': 141, 'displayName': 'PassEndY'}, 'value': '68.7'}, {'type': {'value': 213, 'displayName': 'Angle'}, 'value': '0.7'}, {'type': {'value': 56, 'displayName': 'Zone'}, 'value': 'Center'}, {'type': {'value': 140, 'displayName': 'PassEndX'}, 'value': '67.6'}]","[91, 119, 117, 30, 205, 36, 37, 217, 218]",True,386612.0,67.6,68.7,,,,,,,,,
2465899741.0,761,76,15.0,161,67.6,68.7,81,"{'value': 2, 'displayName': 'SecondHalf'}","{'value': 1, 'displayName': 'Pass'}","{'value': 1, 'displayName': 'Successful'}","[{'type': {'value': 140, 'displayName': 'PassEndX'}, 'value': '67.9'}, {'type': {'value': 56, 'displayName': 'Zone'}, 'value': 'Left'}, {'type': {'value': 178, 'displayName': 'StandingSave'}}, {'type': {'value': 213, 'displayName': 'Angle'}, 'value': '1.6'}, {'type': {'value': 141, 'displayName': 'PassEndY'}, 'value': '95.0'}, {'type': {'value': 212, 'displayName': 'Length'}, 'value': '17.9'}]","[91, 119, 117, 30, 205, 36, 37, 217, 218]",True,24248.0,67.9,95.0,,,,,,,,,
2465899781.0,763,76,23.0,161,65.5,83.8,81,"{'value': 2, 'displayName': 'SecondHalf'}","{'value': 1, 'displayName': 'Pass'}","{'value': 1, 'displayName': 'Successful'}","[{'type': {'value': 140, 'displayName': 'PassEndX'}, 'value': '78.3'}, {'type': {'value': 213, 'displayName': 'Angle'}, 'value': '0.5'}, {'type': {'value': 56, 'displayName': 'Zone'}, 'value': 'Left'}, {'type': {'value': 212, 'displayName': 'Length'}, 'value': '15.3'}, {'type': {'value': 141, 'displayName': 'PassEndY'}, 'value': '94.7'}, {'type': {'value': 178, 'displayName': 'StandingSave'}}]","[91, 119, 117, 30, 205, 36, 37, 217, 218]",True,386973.0,78.3,94.7,,,,,,,,,
2465899829.0,764,76,26.0,161,73.1,90.2,81,"{'value': 2, 'displayName': 'SecondHalf'}","{'value': 1, 'displayName': 'Pass'}","{'value': 1, 'displayName': 'Successful'}","[{'type': {'value': 141, 'displayName': 'PassEndY'}, 'value': '73.5'}, {'type': {'value': 56, 'displayName': 'Zone'}, 'value': 'Center'}, {'type': {'value': 212, 'displayName': 'Length'}, 'value': '17.8'}, {'type': {'value': 140, 'displayName': 'PassEndX'}, 'value': '60.0'}, {'type': {'value': 178, 'displayName': 'StandingSave'}}, {'type': {'value': 213, 'displayName': 'Angle'}, 'value': '3.8'}]","[91, 119, 117, 30, 35, 38, 216, 218]",True,355401.0,60.0,73.5,,,,,,,,,
2465899917.0,765,76,29.0,161,59.6,74.1,81,"{'value': 2, 'displayName': 'SecondHalf'}","{'value': 1, 'displayName': 'Pass'}","{'value': 1, 'displayName': 'Successful'}","[{'type': {'value': 141, 'displayName': 'PassEndY'}, 'value': '96.0'}, {'type': {'value': 140, 'displayName': 'PassEndX'}, 'value': '71.4'}, {'type': {'value': 212, 'displayName': 'Length'}, 'value': '19.4'}, {'type': {'value': 178, 'displayName': 'StandingSave'}}, {'type': {'value': 213, 'displayName': 'Angle'}, 'value': '0.9'}, {'type': {'value': 56, 'displayName': 'Zone'}, 'value': 'Left'}]","[91, 119, 117, 30, 205, 36, 37, 217, 218]",True,16161.0,71.4,96.0,,,,,,,,,
2465899995.0,766,76,33.0,161,72.2,71.8,81,"{'value': 2, 'displayName': 'SecondHalf'}","{'value': 1, 'displayName': 'Pass'}","{'value': 1, 'displayName': 'Successful'}","[{'type': {'value': 213, 'displayName': 'Angle'}, 'value': '6.1'}, {'type': {'value': 178, 'displayName': 'StandingSave'}}, {'type': {'value': 56, 'displayName': 'Zone'}, 'value': 'Center'}, {'type': {'value': 212, 'displayName': 'Length'}, 'value': '17.2'}, {'type': {'value': 140, 'displayName': 'PassEndX'}, 'value': '88.4'}, {'type': {'value': 141, 'displayName': 'PassEndY'}, 'value': '68.1'}]","[91, 119, 117, 30, 205, 36, 38, 217, 218]",True,355401.0,88.4,68.1,,,,,,,,,
2465900041.0,767,76,38.0,161,94.5,75.4,81,"{'value': 2, 'displayName': 'SecondHalf'}","{'value': 1, 'displayName': 'Pass'}","{'value': 1, 'displayName': 'Successful'}","[{'type': {'value': 140, 'displayName': 'PassEndX'}, 'value': '84.9'}, {'type': {'value': 141, 'displayName': 'PassEndY'}, 'value': '76.7'}, {'type': {'value': 56, 'displayName': 'Zone'}, 'value': 'Center'}, {'type': {'value': 212, 'displayName': 'Length'}, 'value': '10.1'}, {'type': {'value': 178, 'displayName': 'StandingSave'}}, {'type': {'value': 213, 'displayName': 'Angle'}, 'value': '3.1'}]","[91, 119, 117, 30, 205, 35, 37, 217, 218]",True,24248.0,84.9,76.7,,,,,,,,,
2465900071.0,768,76,40.0,161,84.9,76.7,81,"{'value': 2, 'displayName': 'SecondHalf'}","{'value': 1, 'displayName': 'Pass'}","{'value': 0, 'displayName': 'Unsuccessful'}","[{'type': {'value': 155, 'displayName': 'Chipped'}}, {'type': {'value': 20, 'displayName': 'RightFoot'}}, {'type': {'value': 2, 'displayName': 'Cross'}}, {'type': {'value': 56, 'displayName': 'Zone'}, 'value': 'Center'}, {'type': {'value': 1, 'displayName': 'Longball'}}, {'type': {'value': 141, 'displayName': 'PassEndY'}, 'value': '32.7'}, {'type': {'value': 213, 'displayName': 'Angle'}, 'value': '5.2'}, {'type': {'value': 212, 'displayName': 'Length'}, 'value': '34.5'}, {'type': {'value': 178, 'displayName': 'StandingSave'}}, {'type': {'value': 140, 'displayName': 'PassEndX'}, 'value': '100.0'}]","[91, 137, 124, 126, 36, 38, 217, 218]",True,386973.0,100.0,32.7,,,,,,,,,
2465900665.0,579,77,10.0,29,4.8,59.3,82,"{'value': 2, 'displayName': 'SecondHalf'}","{'value': 1, 'displayName': 'Pass'}","{'value': 1, 'displayName': 'Successful'}","[{'type': {'value': 212, 'displayName': 'Length'}, 'value': '60.5'}, {'type': {'value': 124, 'displayName': 'GoalKick'}}, {'type': {'value': 74, 'displayName': 'MissHigh'}}, {'type': {'value': 141, 'displayName': 'PassEndY'}, 'value': '86.3'}, {'type': {'value': 140, 'displayName': 'PassEndX'}, 'value': '59.7'}, {'type': {'value': 155, 'displayName': 'Chipped'}}, {'type': {'value': 213, 'displayName': 'Angle'}, 'value': '0.3'}, {'type': {'value': 56, 'displayName': 'Zone'}, 'value': 'Left'}, {'type': {'value': 1, 'displayName': 'Longball'}}]","[91, 119, 117, 124, 127, 36, 37, 216, 218]",True,20973.0,59.7,86.3,,,,,,,,,
2465900675.0,580,77,13.0,29,64.0,83.3,82,"{'value': 2, 'displayName': 'SecondHalf'}","{'value': 44, 'displayName': 'Aerial'}","{'value': 1, 'displayName': 'Successful'}","[{'type': {'value': 286, 'displayName': 'Offensive'}}, {'type': {'value': 233, 'displayName': 'OppositeRelatedEvent'}, 'value': '772'}, {'type': {'value': 56, 'displayName': 'Zone'}, 'value': 'Left'}]","[197, 199]",False,69517.0,,,,,,,,,,,
2465900671.0,772,77,13.0,161,36.0,16.7,82,"{'value': 2, 'displayName': 'SecondHalf'}","{'value': 44, 'displayName': 'Aerial'}","{'value': 0, 'displayName': 'Unsuccessful'}","[{'type': {'value': 233, 'displayName': 'OppositeRelatedEvent'}, 'value': '580'}, {'type': {'value': 285, 'displayName': 'Defensive'}}, {'type': {'value': 56, 'displayName': 'Zone'}, 'value': 'Back'}]","[198, 200]",False,115917.0,,,,,,,,,,,
2465900733.0,581,77,13.0,29,60.0,86.3,82,"{'value': 2, 'displayName': 'SecondHalf'}","{'value': 1, 'displayName': 'Pass'}","{'value': 1, 'displayName': 'Successful'}","[{'type': {'value': 56, 'displayName': 'Zone'}, 'value': 'Left'}, {'type': {'value': 212, 'displayName': 'Length'}, 'value': '14.5'}, {'type': {'value': 141, 'displayName': 'PassEndY'}, 'value': '94.7'}, {'type': {'value': 140, 'displayName': 'PassEndX'}, 'value': '72.7'}, {'type': {'value': 3, 'displayName': 'HeadPass'}}, {'type': {'value': 213, 'displayName': 'Angle'}, 'value': '0.4'}]","[91, 119, 117, 30, 139, 205, 36, 37, 217, 218]",True,69517.0,72.7,94.7,,,,,,,,,
2465900785.0,582,77,17.0,29,83.9,84.0,82,"{'value': 2, 'displayName': 'SecondHalf'}","{'value': 1, 'displayName': 'Pass'}","{'value': 1, 'displayName': 'Successful'}","[{'type': {'value': 140, 'displayName': 'PassEndX'}, 'value': '98.0'}, {'type': {'value': 56, 'displayName': 'Zone'}, 'value': 'Center'}, {'type': {'value': 213, 'displayName': 'Angle'}, 'value': '5.8'}, {'type': {'value': 141, 'displayName': 'PassEndY'}, 'value': '72.5'}, {'type': {'value': 210, 'displayName': 'ShotAssist'}, 'value': '15'}, {'type': {'value': 212, 'displayName': 'Length'}, 'value': '16.7'}, {'type': {'value': 178, 'displayName': 'StandingSave'}}, {'type': {'value': 11113, 'displayName': 'KeyPass'}}]","[91, 119, 117, 30, 123, 205, 40, 46, 36, 38, 217, 218]",True,101955.0,98.0,72.5,,,,,,,,,
2465900791.0,583,77,20.0,29,97.9,72.5,82,"{'value': 2, 'displayName': 'SecondHalf'}","{'value': 15, 'displayName': 'SavedShot'}","{'value': 1, 'displayName': 'Successful'}","[{'type': {'value': 29, 'displayName': 'Assisted'}}, {'type': {'value': 146, 'displayName': 'BlockedX'}, 'value': '99.7'}, {'type': {'value': 72, 'displayName': 'LeftFoot'}}, {'type': {'value': 55, 'displayName': 'RelatedEventId'}, 'value': '582'}, {'type': {'value': 56, 'displayName': 'Zone'}, 'value': 'Center'}, {'type': {'value': 22, 'displayName': 'RegularPlay'}}, {'type': {'value': 103, 'displayName': 'GoalMouthZ'}, 'value': '30.4'}, {'type': {'value': 233, 'displayName': 'OppositeRelatedEvent'}, 'value': '773'}, {'type': {'value': 147, 'displayName': 'BlockedY'}, 'value': '53.6'}, {'type': {'value': 178, 'displayName': 'StandingSave'}}, {'type': {'value': 79, 'displayName': 'HighCentre'}}, {'type': {'value': 102, 'displayName': 'GoalMouthY'}, 'value': '50.2'}, {'type': {'value': 65, 'displayName': 'DeepBoxLeft'}}]","[91, 9, 10, 1, 3, 13]",True,69517.0,,,582.0,101955.0,99.7,53.6,30.4,50.2,True,,
2465900843.0,773,77,20.0,161,0.7,45.0,82,"{'value': 2, 'displayName': 'SecondHalf'}","{'value': 10, 'displayName': 'Save'}","{'value': 1, 'displayName': 'Successful'}","[{'type': {'value': 56, 'displayName': 'Zone'}, 'value': 'Back'}, {'type': {'value': 233, 'displayName': 'OppositeRelatedEvent'}, 'value': '583'}, {'type': {'value': 173, 'displayName': 'ParriedSafe'}}, {'type': {'value': 182, 'displayName': 'Hands'}}, {'type': {'value': 11115, 'displayName': 'KeeperSaveInTheBox'}}]","[91, 109, 113, 112, 77, 79, 81]",True,122714.0,,,,,,,,,,,
2465900851.0,774,77,22.0,161,5.0,54.8,82,"{'value': 2, 'displayName': 'SecondHalf'}","{'value': 52, 'displayName': 'KeeperPickup'}","{'value': 1, 'displayName': 'Successful'}",[],[93],False,122714.0,,,,,,,,,,,
2465901169.0,775,77,30.0,161,13.4,50.3,82,"{'value': 2, 'displayName': 'SecondHalf'}","{'value': 1, 'displayName': 'Pass'}","{'value': 1, 'displayName': 'Successful'}","[{'type': {'value': 140, 'displayName': 'PassEndX'}, 'value': '15.4'}, {'type': {'value': 178, 'displayName': 'StandingSave'}}, {'type': {'value': 56, 'displayName': 'Zone'}, 'value': 'Back'}, {'type': {'value': 213, 'displayName': 'Angle'}, 'value': '1.2'}, {'type': {'value': 123, 'displayName': 'KeeperThrow'}}, {'type': {'value': 141, 'displayName': 'PassEndY'}, 'value': '58.5'}, {'type': {'value': 212, 'displayName': 'Length'}, 'value': '6.0'}]","[91, 36, 37, 215, 218]",True,122714.0,15.4,58.5,,,,,,,,,
2466038939.0,958,77,32.0,161,18.7,59.7,82,"{'value': 2, 'displayName': 'SecondHalf'}","{'value': 1, 'displayName': 'Pass'}","{'value': 1, 'displayName': 'Successful'}","[{'type': {'value': 140, 'displayName': 'PassEndX'}, 'value': '25.7'}, {'type': {'value': 56, 'displayName': 'Zone'}, 'value': 'Back'}, {'type': {'value': 141, 'displayName': 'PassEndY'}, 'value': '52.2'}, {'type': {'value': 213, 'displayName': 'Angle'}, 'value': '5.7'}, {'type': {'value': 212, 'displayName': 'Length'}, 'value': '8.9'}, {'type': {'value': 178, 'displayName': 'StandingSave'}}]","[91, 117, 30, 36, 38, 215, 218]",True,368310.0,25.7,52.2,,,,,,,,,
2466039039.0,959,77,34.0,161,25.7,52.2,82,"{'value': 2, 'displayName': 'SecondHalf'}","{'value': 1, 'displayName': 'Pass'}","{'value': 1, 'displayName': 'Successful'}","[{'type': {'value': 140, 'displayName': 'PassEndX'}, 'value': '33.3'}, {'type': {'value': 56, 'displayName': 'Zone'}, 'value': 'Back'}, {'type': {'value': 178, 'displayName': 'StandingSave'}}, {'type': {'value': 213, 'displayName': 'Angle'}, 'value': '0.9'}, {'type': {'value': 141, 'displayName': 'PassEndY'}, 'value': '66.6'}, {'type': {'value': 212, 'displayName': 'Length'}, 'value': '12.6'}]","[91, 117, 30, 36, 37, 215, 218]",True,16161.0,33.3,66.6,,,,,,,,,
2466039191.0,960,77,37.0,161,38.2,73.8,82,"{'value': 2, 'displayName': 'SecondHalf'}","{'value': 1, 'displayName': 'Pass'}","{'value': 1, 'displayName': 'Successful'}","[{'type': {'value': 140, 'displayName': 'PassEndX'}, 'value': '41.4'}, {'type': {'value': 178, 'displayName': 'StandingSave'}}, {'type': {'value': 56, 'displayName': 'Zone'}, 'value': 'Back'}, {'type': {'value': 213, 'displayName': 'Angle'}, 'value': '1.3'}, {'type': {'value': 141, 'displayName': 'PassEndY'}, 'value': '91.6'}, {'type': {'value': 212, 'displayName': 'Length'}, 'value': '12.6'}]","[91, 117, 30, 36, 37, 216, 218]",True,386612.0,41.4,91.6,,,,,,,,,
2465901197.0,777,77,41.0,161,36.4,93.6,82,"{'value': 2, 'displayName': 'SecondHalf'}","{'value': 1, 'displayName': 'Pass'}","{'value': 1, 'displayName': 'Successful'}","[{'type': {'value': 212, 'displayName': 'Length'}, 'value': '13.9'}, {'type': {'value': 178, 'displayName': 'StandingSave'}}, {'type': {'value': 56, 'displayName': 'Zone'}, 'value': 'Back'}, {'type': {'value': 213, 'displayName': 'Angle'}, 'value': '3.9'}, {'type': {'value': 140, 'displayName': 'PassEndX'}, 'value': '26.5'}, {'type': {'value': 141, 'displayName': 'PassEndY'}, 'value': '80.0'}]","[91, 117, 30, 35, 38, 215, 218]",True,355401.0,26.5,80.0,,,,,,,,,
2465901217.0,778,77,42.0,161,26.5,80.0,82,"{'value': 2, 'displayName': 'SecondHalf'}","{'value': 1, 'displayName': 'Pass'}","{'value': 1, 'displayName': 'Successful'}","[{'type': {'value': 178, 'displayName': 'StandingSave'}}, {'type': {'value': 213, 'displayName': 'Angle'}, 'value': '4.8'}, {'type': {'value': 140, 'displayName': 'PassEndX'}, 'value': '27.6'}, {'type': {'value': 141, 'displayName': 'PassEndY'}, 'value': '48.1'}, {'type': {'value': 56, 'displayName': 'Zone'}, 'value': 'Back'}, {'type': {'value': 212, 'displayName': 'Length'}, 'value': '21.7'}]","[91, 117, 30, 36, 38, 215, 218]",True,368310.0,27.6,48.1,,,,,,,,,
2465901255.0,779,77,45.0,161,27.6,48.1,82,"{'value': 2, 'displayName': 'SecondHalf'}","{'value': 1, 'displayName': 'Pass'}","{'value': 1, 'displayName': 'Successful'}","[{'type': {'value': 56, 'displayName': 'Zone'}, 'value': 'Back'}, {'type': {'value': 178, 'displayName': 'StandingSave'}}, {'type': {'value': 212, 'displayName': 'Length'}, 'value': '14.7'}, {'type': {'value': 140, 'displayName': 'PassEndX'}, 'value': '31.4'}, {'type': {'value': 213, 'displayName': 'Angle'}, 'value': '5.0'}, {'type': {'value': 141, 'displayName': 'PassEndY'}, 'value': '27.3'}]","[91, 117, 30, 36, 38, 215, 218]",True,238244.0,31.4,27.3,,,,,,,,,
2465901343.0,780,77,48.0,161,30.8,29.2,82,"{'value': 2, 'displayName': 'SecondHalf'}","{'value': 1, 'displayName': 'Pass'}","{'value': 1, 'displayName': 'Successful'}","[{'type': {'value': 212, 'displayName': 'Length'}, 'value': '8.9'}, {'type': {'value': 56, 'displayName': 'Zone'}, 'value': 'Back'}, {'type': {'value': 178, 'displayName': 'StandingSave'}}, {'type': {'value': 213, 'displayName': 'Angle'}, 'value': '2.5'}, {'type': {'value': 140, 'displayName': 'PassEndX'}, 'value': '24.1'}, {'type': {'value': 141, 'displayName': 'PassEndY'}, 'value': '37.1'}]","[91, 117, 30, 35, 37, 215, 218]",True,115917.0,24.1,37.1,,,,,,,,,
2465901413.0,781,77,52.0,161,26.9,45.1,82,"{'value': 2, 'displayName': 'SecondHalf'}","{'value': 1, 'displayName': 'Pass'}","{'value': 1, 'displayName': 'Successful'}","[{'type': {'value': 140, 'displayName': 'PassEndX'}, 'value': '33.8'}, {'type': {'value': 141, 'displayName': 'PassEndY'}, 'value': '85.3'}, {'type': {'value': 56, 'displayName': 'Zone'}, 'value': 'Back'}, {'type': {'value': 213, 'displayName': 'Angle'}, 'value': '1.3'}, {'type': {'value': 178, 'displayName': 'StandingSave'}}, {'type': {'value': 212, 'displayName': 'Length'}, 'value': '28.3'}]","[91, 117, 30, 36, 37, 216, 218]",True,238244.0,33.8,85.3,,,,,,,,,
2465901503.0,782,77,57.0,161,31.5,80.6,82,"{'value': 2, 'displayName': 'SecondHalf'}","{'value': 1, 'displayName': 'Pass'}","{'value': 1, 'displayName': 'Successful'}","[{'type': {'value': 212, 'displayName': 'Length'}, 'value': '16.7'}, {'type': {'value': 56, 'displayName': 'Zone'}, 'value': 'Back'}, {'type': {'value': 213, 'displayName': 'Angle'}, 'value': '4.5'}, {'type': {'value': 141, 'displayName': 'PassEndY'}, 'value': '56.4'}, {'type': {'value': 178, 'displayName': 'StandingSave'}}, {'type': {'value': 140, 'displayName': 'PassEndX'}, 'value': '28.7'}]","[91, 117, 30, 35, 38, 215, 218]",True,368310.0,28.7,56.4,,,,,,,,,
2465901511.0,783,78,3.0,161,32.4,27.4,83,"{'value': 2, 'displayName': 'SecondHalf'}","{'value': 1, 'displayName': 'Pass'}","{'value': 1, 'displayName': 'Successful'}","[{'type': {'value': 178, 'displayName': 'StandingSave'}}, {'type': {'value': 56, 'displayName': 'Zone'}, 'value': 'Back'}, {'type': {'value': 213, 'displayName': 'Angle'}, 'value': '5.4'}, {'type': {'value': 141, 'displayName': 'PassEndY'}, 'value': '21.0'}, {'type': {'value': 140, 'displayName': 'PassEndX'}, 'value': '36.1'}, {'type': {'value': 212, 'displayName': 'Length'}, 'value': '5.8'}]","[91, 117, 30, 36, 38, 216, 218]",True,238244.0,36.1,21.0,,,,,,,,,
2465901553.0,784,78,5.0,161,36.1,21.0,83,"{'value': 2, 'displayName': 'SecondHalf'}","{'value': 1, 'displayName': 'Pass'}","{'value': 1, 'displayName': 'Successful'}","[{'type': {'value': 212, 'displayName': 'Length'}, 'value': '21.5'}, {'type': {'value': 213, 'displayName': 'Angle'}, 'value': '0.4'}, {'type': {'value': 140, 'displayName': 'PassEndX'}, 'value': '55.0'}, {'type': {'value': 141, 'displayName': 'PassEndY'}, 'value': '33.1'}, {'type': {'value': 178, 'displayName': 'StandingSave'}}, {'type': {'value': 56, 'displayName': 'Zone'}, 'value': 'Center'}]","[91, 119, 117, 30, 36, 37, 216, 218]",True,115917.0,55.0,33.1,,,,,,,,,
2465901559.0,785,78,6.0,161,54.5,31.3,83,"{'value': 2, 'displayName': 'SecondHalf'}","{'value': 50, 'displayName': 'Dispossessed'}","{'value': 1, 'displayName': 'Successful'}","[{'type': {'value': 56, 'displayName': 'Zone'}, 'value': 'Center'}, {'type': {'value': 233, 'displayName': 'OppositeRelatedEvent'}, 'value': '584'}, {'type': {'value': 286, 'displayName': 'Offensive'}}]","[91, 70]",True,24248.0,,,,,,,,,,,
2465901573.0,584,78,7.0,29,45.5,68.7,83,"{'value': 2, 'displayName': 'SecondHalf'}","{'value': 7, 'displayName': 'Tackle'}","{'value': 0, 'displayName': 'Unsuccessful'}","[{'type': {'value': 233, 'displayName': 'OppositeRelatedEvent'}, 'value': '785'}, {'type': {'value': 56, 'displayName': 'Zone'}, 'value': 'Back'}, {'type': {'value': 285, 'displayName': 'Defensive'}}]","[91, 142]",True,143595.0,,,,,,,,,,,
2465901679.0,786,78,9.0,161,51.4,20.4,83,"{'value': 2, 'displayName': 'SecondHalf'}","{'value': 1, 'displayName': 'Pass'}","{'value': 1, 'displayName': 'Successful'}","[{'type': {'value': 140, 'displayName': 'PassEndX'}, 'value': '53.4'}, {'type': {'value': 141, 'displayName': 'PassEndY'}, 'value': '8.2'}, {'type': {'value': 213, 'displayName': 'Angle'}, 'value': '5.0'}, {'type': {'value': 212, 'displayName': 'Length'}, 'value': '8.6'}, {'type': {'value': 56, 'displayName': 'Zone'}, 'value': 'Right'}, {'type': {'value': 178, 'displayName': 'StandingSave'}}]","[91, 119, 117, 30, 36, 38, 216, 218]",True,115917.0,53.4,8.2,,,,,,,,,
2465901725.0,787,78,14.0,161,61.1,22.5,83,"{'value': 2, 'displayName': 'SecondHalf'}","{'value': 1, 'displayName': 'Pass'}","{'value': 0, 'displayName': 'Unsuccessful'}","[{'type': {'value': 56, 'displayName': 'Zone'}, 'value': 'Right'}, {'type': {'value': 178, 'displayName': 'StandingSave'}}, {'type': {'value': 212, 'displayName': 'Length'}, 'value': '25.7'}, {'type': {'value': 140, 'displayName': 'PassEndX'}, 'value': '83.8'}, {'type': {'value': 141, 'displayName': 'PassEndY'}, 'value': '8.5'}, {'type': {'value': 213, 'displayName': 'Angle'}, 'value': '5.9'}]","[91, 120, 29, 36, 38, 217, 218]",True,140088.0,83.8,8.5,,,,,,,,,
2465901769.0,585,78,17.0,29,10.9,91.7,83,"{'value': 2, 'displayName': 'SecondHalf'}","{'value': 12, 'displayName': 'Clearance'}","{'value': 1, 'displayName': 'Successful'}","[{'type': {'value': 140, 'displayName': 'PassEndX'}, 'value': '31.7'}, {'type': {'value': 56, 'displayName': 'Zone'}, 'value': 'Back'}, {'type': {'value': 141, 'displayName': 'PassEndY'}, 'value': '100.0'}, {'type': {'value': 213, 'displayName': 'Angle'}, 'value': '0.3'}, {'type': {'value': 178, 'displayName': 'StandingSave'}}, {'type': {'value': 212, 'displayName': 'Length'}, 'value': '22.7'}]","[91, 94, 95, 215]",True,68049.0,31.7,100.0,,,,,,,,,
2465901943.0,789,78,27.0,161,76.0,0.0,83,"{'value': 2, 'displayName': 'SecondHalf'}","{'value': 1, 'displayName': 'Pass'}","{'value': 1, 'displayName': 'Successful'}","[{'type': {'value': 56, 'displayName': 'Zone'}, 'value': 'Right'}, {'type': {'value': 141, 'displayName': 'PassEndY'}, 'value': '13.5'}, {'type': {'value': 140, 'displayName': 'PassEndX'}, 'value': '72.7'}, {'type': {'value': 107, 'displayName': 'ThrowIn'}}, {'type': {'value': 213, 'displayName': 'Angle'}, 'value': '1.9'}, {'type': {'value': 212, 'displayName': 'Length'}, 'value': '10.6'}]","[91, 212, 35, 37, 217]",True,115917.0,72.7,13.5,,,,,,,,,
2465902025.0,790,78,28.0,161,71.5,13.2,83,"{'value': 2, 'displayName': 'SecondHalf'}","{'value': 1, 'displayName': 'Pass'}","{'value': 1, 'displayName': 'Successful'}","[{'type': {'value': 212, 'displayName': 'Length'}, 'value': '7.2'}, {'type': {'value': 156, 'displayName': 'LayOff'}}, {'type': {'value': 141, 'displayName': 'PassEndY'}, 'value': '3.1'}, {'type': {'value': 213, 'displayName': 'Angle'}, 'value': '4.4'}, {'type': {'value': 140, 'displayName': 'PassEndX'}, 'value': '69.4'}, {'type': {'value': 56, 'displayName': 'Zone'}, 'value': 'Right'}, {'type': {'value': 178, 'displayName': 'StandingSave'}}]","[91, 119, 117, 30, 205, 35, 38, 217, 218]",True,140088.0,69.4,3.1,,,,,,,,,
2503164885.0,1231,78,31.0,29,32.5,92.5,83,"{'value': 2, 'displayName': 'SecondHalf'}","{'value': 45, 'displayName': 'Challenge'}","{'value': 0, 'displayName': 'Unsuccessful'}","[{'type': {'value': 285, 'displayName': 'Defensive'}}, {'type': {'value': 233, 'displayName': 'OppositeRelatedEvent'}, 'value': '1992'}, {'type': {'value': 56, 'displayName': 'Zone'}, 'value': 'Back'}]",[55],False,101955.0,,,,,,,,,,,
2503164883.0,1992,78,31.0,161,67.5,7.5,83,"{'value': 2, 'displayName': 'SecondHalf'}","{'value': 3, 'displayName': 'TakeOn'}","{'value': 1, 'displayName': 'Successful'}","[{'type': {'value': 56, 'displayName': 'Zone'}, 'value': 'Right'}, {'type': {'value': 286, 'displayName': 'Offensive'}}, {'type': {'value': 233, 'displayName': 'OppositeRelatedEvent'}, 'value': '1231'}]","[91, 54]",True,115917.0,,,,,,,,,,,
2465902035.0,791,78,33.0,161,74.0,33.8,83,"{'value': 2, 'displayName': 'SecondHalf'}","{'value': 50, 'displayName': 'Dispossessed'}","{'value': 1, 'displayName': 'Successful'}","[{'type': {'value': 286, 'displayName': 'Offensive'}}, {'type': {'value': 233, 'displayName': 'OppositeRelatedEvent'}, 'value': '587'}, {'type': {'value': 56, 'displayName': 'Zone'}, 'value': 'Center'}]","[91, 70]",True,115917.0,,,,,,,,,,,
2465902055.0,587,78,34.0,29,26.0,66.2,83,"{'value': 2, 'displayName': 'SecondHalf'}","{'value': 7, 'displayName': 'Tackle'}","{'value': 0, 'displayName': 'Unsuccessful'}","[{'type': {'value': 285, 'displayName': 'Defensive'}}, {'type': {'value': 233, 'displayName': 'OppositeRelatedEvent'}, 'value': '791'}, {'type': {'value': 56, 'displayName': 'Zone'}, 'value': 'Back'}]","[91, 142]",True,143595.0,,,,,,,,,,,
2465902113.0,792,78,37.0,161,71.2,41.3,83,"{'value': 2, 'displayName': 'SecondHalf'}","{'value': 1, 'displayName': 'Pass'}","{'value': 1, 'displayName': 'Successful'}","[{'type': {'value': 213, 'displayName': 'Angle'}, 'value': '4.0'}, {'type': {'value': 178, 'displayName': 'StandingSave'}}, {'type': {'value': 212, 'displayName': 'Length'}, 'value': '12.2'}, {'type': {'value': 140, 'displayName': 'PassEndX'}, 'value': '63.8'}, {'type': {'value': 56, 'displayName': 'Zone'}, 'value': 'Center'}, {'type': {'value': 141, 'displayName': 'PassEndY'}, 'value': '27.4'}]","[91, 119, 117, 30, 35, 38, 216, 218]",True,24248.0,63.8,27.4,,,,,,,,,
2465902209.0,793,78,40.0,161,63.5,27.9,83,"{'value': 2, 'displayName': 'SecondHalf'}","{'value': 1, 'displayName': 'Pass'}","{'value': 1, 'displayName': 'Successful'}","[{'type': {'value': 56, 'displayName': 'Zone'}, 'value': 'Center'}, {'type': {'value': 212, 'displayName': 'Length'}, 'value': '23.1'}, {'type': {'value': 141, 'displayName': 'PassEndY'}, 'value': '61.5'}, {'type': {'value': 140, 'displayName': 'PassEndX'}, 'value': '60.6'}, {'type': {'value': 213, 'displayName': 'Angle'}, 'value': '1.7'}, {'type': {'value': 178, 'displayName': 'StandingSave'}}]","[91, 119, 117, 30, 35, 37, 216, 218]",True,16161.0,60.6,61.5,,,,,,,,,
2465902297.0,794,78,46.0,161,64.3,63.7,83,"{'value': 2, 'displayName': 'SecondHalf'}","{'value': 1, 'displayName': 'Pass'}","{'value': 1, 'displayName': 'Successful'}","[{'type': {'value': 140, 'displayName': 'PassEndX'}, 'value': '63.2'}, {'type': {'value': 178, 'displayName': 'StandingSave'}}, {'type': {'value': 212, 'displayName': 'Length'}, 'value': '18.2'}, {'type': {'value': 141, 'displayName': 'PassEndY'}, 'value': '37.0'}, {'type': {'value': 213, 'displayName': 'Angle'}, 'value': '4.6'}, {'type': {'value': 56, 'displayName': 'Zone'}, 'value': 'Center'}]","[91, 119, 117, 30, 35, 38, 216, 218]",True,386612.0,63.2,37.0,,,,,,,,,
2465902323.0,795,78,50.0,161,69.0,35.5,83,"{'value': 2, 'displayName': 'SecondHalf'}","{'value': 1, 'displayName': 'Pass'}","{'value': 0, 'displayName': 'Unsuccessful'}","[{'type': {'value': 141, 'displayName': 'PassEndY'}, 'value': '74.2'}, {'type': {'value': 140, 'displayName': 'PassEndX'}, 'value': '100.0'}, {'type': {'value': 155, 'displayName': 'Chipped'}}, {'type': {'value': 213, 'displayName': 'Angle'}, 'value': '0.7'}, {'type': {'value': 56, 'displayName': 'Zone'}, 'value': 'Center'}, {'type': {'value': 1, 'displayName': 'Longball'}}, {'type': {'value': 178, 'displayName': 'StandingSave'}}, {'type': {'value': 212, 'displayName': 'Length'}, 'value': '42.8'}]","[91, 120, 124, 128, 36, 37, 217, 218]",True,16161.0,100.0,74.2,,,,,,,,,
2465903001.0,589,79,25.0,29,4.8,54.9,84,"{'value': 2, 'displayName': 'SecondHalf'}","{'value': 1, 'displayName': 'Pass'}","{'value': 1, 'displayName': 'Successful'}","[{'type': {'value': 124, 'displayName': 'GoalKick'}}, {'type': {'value': 141, 'displayName': 'PassEndY'}, 'value': '74.1'}, {'type': {'value': 155, 'displayName': 'Chipped'}}, {'type': {'value': 140, 'displayName': 'PassEndX'}, 'value': '62.5'}, {'type': {'value': 56, 'displayName': 'Zone'}, 'value': 'Center'}, {'type': {'value': 213, 'displayName': 'Angle'}, 'value': '0.2'}, {'type': {'value': 212, 'displayName': 'Length'}, 'value': '62.0'}, {'type': {'value': 1, 'displayName': 'Longball'}}, {'type': {'value': 74, 'displayName': 'MissHigh'}}]","[91, 119, 117, 124, 127, 36, 37, 216, 218]",True,20973.0,62.5,74.1,,,,,,,,,
2465903027.0,590,79,29.0,29,60.6,69.9,84,"{'value': 2, 'displayName': 'SecondHalf'}","{'value': 1, 'displayName': 'Pass'}","{'value': 1, 'displayName': 'Successful'}","[{'type': {'value': 56, 'displayName': 'Zone'}, 'value': 'Center'}, {'type': {'value': 140, 'displayName': 'PassEndX'}, 'value': '54.5'}, {'type': {'value': 212, 'displayName': 'Length'}, 'value': '11.9'}, {'type': {'value': 178, 'displayName': 'StandingSave'}}, {'type': {'value': 141, 'displayName': 'PassEndY'}, 'value': '55.1'}, {'type': {'value': 213, 'displayName': 'Angle'}, 'value': '4.1'}]","[91, 119, 117, 30, 35, 38, 216, 218]",True,69517.0,54.5,55.1,,,,,,,,,
2465903067.0,591,79,30.0,29,54.5,55.1,84,"{'value': 2, 'displayName': 'SecondHalf'}","{'value': 1, 'displayName': 'Pass'}","{'value': 1, 'displayName': 'Successful'}","[{'type': {'value': 141, 'displayName': 'PassEndY'}, 'value': '53.3'}, {'type': {'value': 213, 'displayName': 'Angle'}, 'value': '6.2'}, {'type': {'value': 178, 'displayName': 'StandingSave'}}, {'type': {'value': 212, 'displayName': 'Length'}, 'value': '11.2'}, {'type': {'value': 140, 'displayName': 'PassEndX'}, 'value': '65.1'}, {'type': {'value': 56, 'displayName': 'Zone'}, 'value': 'Center'}]","[91, 119, 117, 30, 36, 38, 216, 218]",True,332325.0,65.1,53.3,,,,,,,,,
2465903109.0,592,79,33.0,29,69.4,48.4,84,"{'value': 2, 'displayName': 'SecondHalf'}","{'value': 1, 'displayName': 'Pass'}","{'value': 1, 'displayName': 'Successful'}","[{'type': {'value': 56, 'displayName': 'Zone'}, 'value': 'Center'}, {'type': {'value': 141, 'displayName': 'PassEndY'}, 'value': '26.0'}, {'type': {'value': 178, 'displayName': 'StandingSave'}}, {'type': {'value': 212, 'displayName': 'Length'}, 'value': '16.3'}, {'type': {'value': 140, 'displayName': 'PassEndX'}, 'value': '75.0'}, {'type': {'value': 213, 'displayName': 'Angle'}, 'value': '5.1'}]","[91, 119, 117, 30, 205, 36, 38, 217, 218]",True,69517.0,75.0,26.0,,,,,,,,,
2465903135.0,593,79,36.0,29,75.0,26.0,84,"{'value': 2, 'displayName': 'SecondHalf'}","{'value': 1, 'displayName': 'Pass'}","{'value': 1, 'displayName': 'Successful'}","[{'type': {'value': 212, 'displayName': 'Length'}, 'value': '11.7'}, {'type': {'value': 213, 'displayName': 'Angle'}, 'value': '3.3'}, {'type': {'value': 56, 'displayName': 'Zone'}, 'value': 'Center'}, {'type': {'value': 141, 'displayName': 'PassEndY'}, 'value': '22.6'}, {'type': {'value': 178, 'displayName': 'StandingSave'}}, {'type': {'value': 140, 'displayName': 'PassEndX'}, 'value': '64.1'}]","[91, 119, 117, 30, 35, 38, 216, 218]",True,322596.0,64.1,22.6,,,,,,,,,
2465903155.0,594,79,37.0,29,64.1,22.6,84,"{'value': 2, 'displayName': 'SecondHalf'}","{'value': 1, 'displayName': 'Pass'}","{'value': 1, 'displayName': 'Successful'}","[{'type': {'value': 178, 'displayName': 'StandingSave'}}, {'type': {'value': 140, 'displayName': 'PassEndX'}, 'value': '60.5'}, {'type': {'value': 212, 'displayName': 'Length'}, 'value': '5.6'}, {'type': {'value': 213, 'displayName': 'Angle'}, 'value': '2.3'}, {'type': {'value': 56, 'displayName': 'Zone'}, 'value': 'Center'}, {'type': {'value': 141, 'displayName': 'PassEndY'}, 'value': '28.7'}]","[91, 119, 117, 30, 35, 37, 216, 218]",True,255167.0,60.5,28.7,,,,,,,,,
2465903171.0,595,79,39.0,29,60.5,28.7,84,"{'value': 2, 'displayName': 'SecondHalf'}","{'value': 1, 'displayName': 'Pass'}","{'value': 1, 'displayName': 'Successful'}","[{'type': {'value': 141, 'displayName': 'PassEndY'}, 'value': '25.7'}, {'type': {'value': 213, 'displayName': 'Angle'}, 'value': '6.0'}, {'type': {'value': 212, 'displayName': 'Length'}, 'value': '8.2'}, {'type': {'value': 56, 'displayName': 'Zone'}, 'value': 'Center'}, {'type': {'value': 178, 'displayName': 'StandingSave'}}, {'type': {'value': 140, 'displayName': 'PassEndX'}, 'value': '68.1'}]","[91, 119, 117, 30, 205, 36, 38, 217, 218]",True,332325.0,68.1,25.7,,,,,,,,,
2465903191.0,596,79,39.0,29,68.1,25.7,84,"{'value': 2, 'displayName': 'SecondHalf'}","{'value': 1, 'displayName': 'Pass'}","{'value': 0, 'displayName': 'Unsuccessful'}","[{'type': {'value': 56, 'displayName': 'Zone'}, 'value': 'Center'}, {'type': {'value': 140, 'displayName': 'PassEndX'}, 'value': '62.3'}, {'type': {'value': 212, 'displayName': 'Length'}, 'value': '13.5'}, {'type': {'value': 178, 'displayName': 'StandingSave'}}, {'type': {'value': 141, 'displayName': 'PassEndY'}, 'value': '43.4'}, {'type': {'value': 213, 'displayName': 'Angle'}, 'value': '2.0'}]","[91, 120, 29, 35, 37, 216, 218]",True,322596.0,62.3,43.4,,,,,,,,,
2465903203.0,797,79,41.0,161,38.5,63.7,84,"{'value': 2, 'displayName': 'SecondHalf'}","{'value': 49, 'displayName': 'BallRecovery'}","{'value': 1, 'displayName': 'Successful'}",[],[93],False,300513.0,,,,,,,,,,,
2465903249.0,798,79,41.0,161,38.5,63.7,84,"{'value': 2, 'displayName': 'SecondHalf'}","{'value': 1, 'displayName': 'Pass'}","{'value': 1, 'displayName': 'Successful'}","[{'type': {'value': 178, 'displayName': 'StandingSave'}}, {'type': {'value': 141, 'displayName': 'PassEndY'}, 'value': '57.8'}, {'type': {'value': 212, 'displayName': 'Length'}, 'value': '10.1'}, {'type': {'value': 56, 'displayName': 'Zone'}, 'value': 'Back'}, {'type': {'value': 213, 'displayName': 'Angle'}, 'value': '3.6'}, {'type': {'value': 140, 'displayName': 'PassEndX'}, 'value': '29.7'}]","[91, 117, 30, 35, 38, 215, 218]",True,300513.0,29.7,57.8,,,,,,,,,
2465903305.0,799,79,44.0,161,31.3,50.0,84,"{'value': 2, 'displayName': 'SecondHalf'}","{'value': 1, 'displayName': 'Pass'}","{'value': 1, 'displayName': 'Successful'}","[{'type': {'value': 140, 'displayName': 'PassEndX'}, 'value': '33.8'}, {'type': {'value': 212, 'displayName': 'Length'}, 'value': '18.5'}, {'type': {'value': 141, 'displayName': 'PassEndY'}, 'value': '23.1'}, {'type': {'value': 56, 'displayName': 'Zone'}, 'value': 'Back'}, {'type': {'value': 213, 'displayName': 'Angle'}, 'value': '4.9'}, {'type': {'value': 178, 'displayName': 'StandingSave'}}]","[91, 117, 30, 36, 38, 216, 218]",True,16161.0,33.8,23.1,,,,,,,,,
2465903349.0,800,79,47.0,161,34.1,23.4,84,"{'value': 2, 'displayName': 'SecondHalf'}","{'value': 1, 'displayName': 'Pass'}","{'value': 1, 'displayName': 'Successful'}","[{'type': {'value': 213, 'displayName': 'Angle'}, 'value': '1.6'}, {'type': {'value': 178, 'displayName': 'StandingSave'}}, {'type': {'value': 141, 'displayName': 'PassEndY'}, 'value': '37.7'}, {'type': {'value': 212, 'displayName': 'Length'}, 'value': '9.7'}, {'type': {'value': 140, 'displayName': 'PassEndX'}, 'value': '33.5'}, {'type': {'value': 56, 'displayName': 'Zone'}, 'value': 'Back'}]","[91, 117, 30, 35, 37, 216, 218]",True,115917.0,33.5,37.7,,,,,,,,,
2465903421.0,801,79,49.0,161,34.4,36.6,84,"{'value': 2, 'displayName': 'SecondHalf'}","{'value': 1, 'displayName': 'Pass'}","{'value': 1, 'displayName': 'Successful'}","[{'type': {'value': 141, 'displayName': 'PassEndY'}, 'value': '65.2'}, {'type': {'value': 178, 'displayName': 'StandingSave'}}, {'type': {'value': 140, 'displayName': 'PassEndX'}, 'value': '41.4'}, {'type': {'value': 213, 'displayName': 'Angle'}, 'value': '1.2'}, {'type': {'value': 212, 'displayName': 'Length'}, 'value': '20.8'}, {'type': {'value': 56, 'displayName': 'Zone'}, 'value': 'Back'}]","[91, 117, 30, 36, 37, 216, 218]",True,16161.0,41.4,65.2,,,,,,,,,
2465903435.0,802,79,52.0,161,46.5,64.9,84,"{'value': 2, 'displayName': 'SecondHalf'}","{'value': 1, 'displayName': 'Pass'}","{'value': 0, 'displayName': 'Unsuccessful'}","[{'type': {'value': 140, 'displayName': 'PassEndX'}, 'value': '68.1'}, {'type': {'value': 213, 'displayName': 'Angle'}, 'value': '0.4'}, {'type': {'value': 141, 'displayName': 'PassEndY'}, 'value': '79.3'}, {'type': {'value': 178, 'displayName': 'StandingSave'}}, {'type': {'value': 56, 'displayName': 'Zone'}, 'value': 'Left'}, {'type': {'value': 212, 'displayName': 'Length'}, 'value': '24.7'}]","[91, 120, 29, 36, 37, 217, 218]",True,386612.0,68.1,79.3,,,,,,,,,
2465903455.0,597,79,52.0,29,33.9,18.7,84,"{'value': 2, 'displayName': 'SecondHalf'}","{'value': 8, 'displayName': 'Interception'}","{'value': 1, 'displayName': 'Successful'}","[{'type': {'value': 178, 'displayName': 'StandingSave'}}, {'type': {'value': 56, 'displayName': 'Zone'}, 'value': 'Back'}]","[91, 101, 56]",True,322596.0,,,,,,,,,,,
2465903487.0,598,79,54.0,29,43.8,36.8,84,"{'value': 2, 'displayName': 'SecondHalf'}","{'value': 49, 'displayName': 'BallRecovery'}","{'value': 1, 'displayName': 'Successful'}",[],[93],False,332325.0,,,,,,,,,,,
2465903613.0,599,79,55.0,29,48.0,40.7,84,"{'value': 2, 'displayName': 'SecondHalf'}","{'value': 1, 'displayName': 'Pass'}","{'value': 1, 'displayName': 'Successful'}","[{'type': {'value': 212, 'displayName': 'Length'}, 'value': '16.1'}, {'type': {'value': 213, 'displayName': 'Angle'}, 'value': '6.2'}, {'type': {'value': 210, 'displayName': 'ShotAssist'}, 'value': '15'}, {'type': {'value': 56, 'displayName': 'Zone'}, 'value': 'Center'}, {'type': {'value': 141, 'displayName': 'PassEndY'}, 'value': '38.0'}, {'type': {'value': 140, 'displayName': 'PassEndX'}, 'value': '63.2'}, {'type': {'value': 178, 'displayName': 'StandingSave'}}, {'type': {'value': 11113, 'displayName': 'KeyPass'}}]","[91, 119, 117, 30, 123, 40, 46, 36, 38, 216, 218]",True,332325.0,63.2,38.0,,,,,,,,,
2465903615.0,600,80,2.0,29,86.6,34.3,85,"{'value': 2, 'displayName': 'SecondHalf'}","{'value': 15, 'displayName': 'SavedShot'}","{'value': 1, 'displayName': 'Successful'}","[{'type': {'value': 63, 'displayName': 'BoxRight'}}, {'type': {'value': 78, 'displayName': 'LowCentre'}}, {'type': {'value': 178, 'displayName': 'StandingSave'}}, {'type': {'value': 233, 'displayName': 'OppositeRelatedEvent'}, 'value': '803'}, {'type': {'value': 29, 'displayName': 'Assisted'}}, {'type': {'value': 147, 'displayName': 'BlockedY'}, 'value': '38.1'}, {'type': {'value': 82, 'displayName': 'Blocked'}}, {'type': {'value': 103, 'displayName': 'GoalMouthZ'}, 'value': '19'}, {'type': {'value': 22, 'displayName': 'RegularPlay'}}, {'type': {'value': 56, 'displayName': 'Zone'}, 'value': 'Center'}, {'type': {'value': 146, 'displayName': 'BlockedX'}, 'value': '89.7'}, {'type': {'value': 55, 'displayName': 'RelatedEventId'}, 'value': '599'}, {'type': {'value': 102, 'displayName': 'GoalMouthY'}, 'value': '50.8'}, {'type': {'value': 72, 'displayName': 'LeftFoot'}}]","[91, 10, 1, 3, 11, 13]",True,69517.0,,,599.0,332325.0,89.7,38.1,19.0,50.8,True,,
2465903629.0,803,80,3.0,161,10.3,62.1,85,"{'value': 2, 'displayName': 'SecondHalf'}","{'value': 10, 'displayName': 'Save'}","{'value': 1, 'displayName': 'Successful'}","[{'type': {'value': 94, 'displayName': 'OutfielderBlock'}}, {'type': {'value': 56, 'displayName': 'Zone'}, 'value': 'Back'}, {'type': {'value': 233, 'displayName': 'OppositeRelatedEvent'}, 'value': '600'}]","[91, 58]",True,238244.0,,,,,,,,,,,
2465903665.0,804,80,5.0,161,20.3,79.9,85,"{'value': 2, 'displayName': 'SecondHalf'}","{'value': 49, 'displayName': 'BallRecovery'}","{'value': 1, 'displayName': 'Successful'}",[],[93],False,355401.0,,,,,,,,,,,
2465903825.0,805,80,5.0,161,20.3,79.9,85,"{'value': 2, 'displayName': 'SecondHalf'}","{'value': 1, 'displayName': 'Pass'}","{'value': 1, 'displayName': 'Successful'}","[{'type': {'value': 212, 'displayName': 'Length'}, 'value': '19.5'}, {'type': {'value': 213, 'displayName': 'Angle'}, 'value': '0.6'}, {'type': {'value': 178, 'displayName': 'StandingSave'}}, {'type': {'value': 141, 'displayName': 'PassEndY'}, 'value': '97.2'}, {'type': {'value': 56, 'displayName': 'Zone'}, 'value': 'Back'}, {'type': {'value': 140, 'displayName': 'PassEndX'}, 'value': '35.1'}]","[91, 117, 30, 36, 37, 216, 218]",True,355401.0,35.1,97.2,,,,,,,,,
2465903831.0,806,80,15.0,161,70.0,87.5,85,"{'value': 2, 'displayName': 'SecondHalf'}","{'value': 1, 'displayName': 'Pass'}","{'value': 0, 'displayName': 'Unsuccessful'}","[{'type': {'value': 233, 'displayName': 'OppositeRelatedEvent'}, 'value': '601'}, {'type': {'value': 56, 'displayName': 'Zone'}, 'value': 'Left'}, {'type': {'value': 178, 'displayName': 'StandingSave'}}, {'type': {'value': 140, 'displayName': 'PassEndX'}, 'value': '70.7'}, {'type': {'value': 286, 'displayName': 'Offensive'}}, {'type': {'value': 213, 'displayName': 'Angle'}, 'value': '4.9'}, {'type': {'value': 141, 'displayName': 'PassEndY'}, 'value': '80.9'}, {'type': {'value': 212, 'displayName': 'Length'}, 'value': '4.5'}]","[91, 120, 29, 36, 38, 217, 218]",True,386973.0,70.7,80.9,,,,,,,,,
2465903857.0,601,80,15.0,29,28.1,18.1,85,"{'value': 2, 'displayName': 'SecondHalf'}","{'value': 74, 'displayName': 'BlockedPass'}","{'value': 1, 'displayName': 'Successful'}","[{'type': {'value': 56, 'displayName': 'Zone'}, 'value': 'Back'}, {'type': {'value': 285, 'displayName': 'Defensive'}}, {'type': {'value': 178, 'displayName': 'StandingSave'}}, {'type': {'value': 233, 'displayName': 'OppositeRelatedEvent'}, 'value': '806'}]","[91, 60]",True,143595.0,,,,,,,,,,,
2465903907.0,807,80,18.0,161,67.0,95.4,85,"{'value': 2, 'displayName': 'SecondHalf'}","{'value': 61, 'displayName': 'BallTouch'}","{'value': 0, 'displayName': 'Unsuccessful'}","[{'type': {'value': 56, 'displayName': 'Zone'}, 'value': 'Left'}, {'type': {'value': 178, 'displayName': 'StandingSave'}}]","[91, 69]",True,386973.0,,,,,,,,,,,
2465904721.0,603,81,2.0,29,28.4,0.0,86,"{'value': 2, 'displayName': 'SecondHalf'}","{'value': 1, 'displayName': 'Pass'}","{'value': 0, 'displayName': 'Unsuccessful'}","[{'type': {'value': 140, 'displayName': 'PassEndX'}, 'value': '53.9'}, {'type': {'value': 56, 'displayName': 'Zone'}, 'value': 'Right'}, {'type': {'value': 213, 'displayName': 'Angle'}, 'value': '0.1'}, {'type': {'value': 1, 'displayName': 'Longball'}}, {'type': {'value': 141, 'displayName': 'PassEndY'}, 'value': '2.8'}, {'type': {'value': 107, 'displayName': 'ThrowIn'}}, {'type': {'value': 212, 'displayName': 'Length'}, 'value': '26.9'}]","[91, 212, 36, 37, 216]",True,255167.0,53.9,2.8,,,,,,,,,
2465904731.0,809,81,3.0,161,56.4,90.8,86,"{'value': 2, 'displayName': 'SecondHalf'}","{'value': 49, 'displayName': 'BallRecovery'}","{'value': 1, 'displayName': 'Successful'}",[],[93],False,355401.0,,,,,,,,,,,
2465904781.0,810,81,6.0,161,53.4,97.4,86,"{'value': 2, 'displayName': 'SecondHalf'}","{'value': 1, 'displayName': 'Pass'}","{'value': 0, 'displayName': 'Unsuccessful'}","[{'type': {'value': 140, 'displayName': 'PassEndX'}, 'value': '57.1'}, {'type': {'value': 56, 'displayName': 'Zone'}, 'value': 'Left'}, {'type': {'value': 233, 'displayName': 'OppositeRelatedEvent'}, 'value': '604'}, {'type': {'value': 178, 'displayName': 'StandingSave'}}, {'type': {'value': 141, 'displayName': 'PassEndY'}, 'value': '96.8'}, {'type': {'value': 212, 'displayName': 'Length'}, 'value': '3.9'}, {'type': {'value': 286, 'displayName': 'Offensive'}}, {'type': {'value': 213, 'displayName': 'Angle'}, 'value': '6.2'}]","[91, 120, 29, 36, 38, 216, 218]",True,355401.0,57.1,96.8,,,,,,,,,
2465904795.0,604,81,6.0,29,45.7,3.8,86,"{'value': 2, 'displayName': 'SecondHalf'}","{'value': 74, 'displayName': 'BlockedPass'}","{'value': 1, 'displayName': 'Successful'}","[{'type': {'value': 178, 'displayName': 'StandingSave'}}, {'type': {'value': 233, 'displayName': 'OppositeRelatedEvent'}, 'value': '810'}, {'type': {'value': 285, 'displayName': 'Defensive'}}, {'type': {'value': 56, 'displayName': 'Zone'}, 'value': 'Back'}]","[91, 60]",True,143595.0,,,,,,,,,,,
2465904949.0,812,81,16.0,161,61.0,100.0,86,"{'value': 2, 'displayName': 'SecondHalf'}","{'value': 1, 'displayName': 'Pass'}","{'value': 1, 'displayName': 'Successful'}","[{'type': {'value': 213, 'displayName': 'Angle'}, 'value': '3.3'}, {'type': {'value': 212, 'displayName': 'Length'}, 'value': '29.9'}, {'type': {'value': 107, 'displayName': 'ThrowIn'}}, {'type': {'value': 140, 'displayName': 'PassEndX'}, 'value': '33.0'}, {'type': {'value': 1, 'displayName': 'Longball'}}, {'type': {'value': 56, 'displayName': 'Zone'}, 'value': 'Back'}, {'type': {'value': 141, 'displayName': 'PassEndY'}, 'value': '93.8'}]","[91, 212, 35, 38, 215]",True,355401.0,33.0,93.8,,,,,,,,,
2465905041.0,813,81,19.0,161,33.3,89.4,86,"{'value': 2, 'displayName': 'SecondHalf'}","{'value': 1, 'displayName': 'Pass'}","{'value': 1, 'displayName': 'Successful'}","[{'type': {'value': 140, 'displayName': 'PassEndX'}, 'value': '32.9'}, {'type': {'value': 178, 'displayName': 'StandingSave'}}, {'type': {'value': 141, 'displayName': 'PassEndY'}, 'value': '56.6'}, {'type': {'value': 212, 'displayName': 'Length'}, 'value': '22.3'}, {'type': {'value': 56, 'displayName': 'Zone'}, 'value': 'Back'}, {'type': {'value': 213, 'displayName': 'Angle'}, 'value': '4.7'}]","[91, 117, 30, 35, 38, 215, 218]",True,368310.0,32.9,56.6,,,,,,,,,
2465905129.0,814,81,24.0,161,43.2,40.3,86,"{'value': 2, 'displayName': 'SecondHalf'}","{'value': 1, 'displayName': 'Pass'}","{'value': 1, 'displayName': 'Successful'}","[{'type': {'value': 141, 'displayName': 'PassEndY'}, 'value': '75.7'}, {'type': {'value': 213, 'displayName': 'Angle'}, 'value': '1.4'}, {'type': {'value': 212, 'displayName': 'Length'}, 'value': '24.3'}, {'type': {'value': 178, 'displayName': 'StandingSave'}}, {'type': {'value': 140, 'displayName': 'PassEndX'}, 'value': '46.6'}, {'type': {'value': 56, 'displayName': 'Zone'}, 'value': 'Back'}]","[91, 117, 30, 36, 37, 216, 218]",True,238244.0,46.6,75.7,,,,,,,,,
2465905169.0,815,81,28.0,161,55.3,76.0,86,"{'value': 2, 'displayName': 'SecondHalf'}","{'value': 1, 'displayName': 'Pass'}","{'value': 1, 'displayName': 'Successful'}","[{'type': {'value': 140, 'displayName': 'PassEndX'}, 'value': '68.4'}, {'type': {'value': 178, 'displayName': 'StandingSave'}}, {'type': {'value': 56, 'displayName': 'Zone'}, 'value': 'Center'}, {'type': {'value': 213, 'displayName': 'Angle'}, 'value': '6.2'}, {'type': {'value': 141, 'displayName': 'PassEndY'}, 'value': '74.2'}, {'type': {'value': 212, 'displayName': 'Length'}, 'value': '13.8'}]","[91, 119, 117, 30, 205, 36, 38, 217, 218]",True,368310.0,68.4,74.2,,,,,,,,,
2465905267.0,816,81,30.0,161,61.2,72.6,86,"{'value': 2, 'displayName': 'SecondHalf'}","{'value': 1, 'displayName': 'Pass'}","{'value': 1, 'displayName': 'Successful'}","[{'type': {'value': 141, 'displayName': 'PassEndY'}, 'value': '55.5'}, {'type': {'value': 140, 'displayName': 'PassEndX'}, 'value': '46.0'}, {'type': {'value': 212, 'displayName': 'Length'}, 'value': '19.7'}, {'type': {'value': 56, 'displayName': 'Zone'}, 'value': 'Back'}, {'type': {'value': 213, 'displayName': 'Angle'}, 'value': '3.8'}, {'type': {'value': 178, 'displayName': 'StandingSave'}}]","[91, 117, 30, 35, 38, 216, 218]",True,386973.0,46.0,55.5,,,,,,,,,
2465905301.0,817,81,35.0,161,55.5,39.4,86,"{'value': 2, 'displayName': 'SecondHalf'}","{'value': 1, 'displayName': 'Pass'}","{'value': 1, 'displayName': 'Successful'}","[{'type': {'value': 141, 'displayName': 'PassEndY'}, 'value': '16.5'}, {'type': {'value': 213, 'displayName': 'Angle'}, 'value': '4.8'}, {'type': {'value': 212, 'displayName': 'Length'}, 'value': '15.6'}, {'type': {'value': 178, 'displayName': 'StandingSave'}}, {'type': {'value': 140, 'displayName': 'PassEndX'}, 'value': '56.3'}, {'type': {'value': 56, 'displayName': 'Zone'}, 'value': 'Right'}]","[91, 119, 117, 30, 36, 38, 216, 218]",True,16161.0,56.3,16.5,,,,,,,,,
2465905363.0,818,81,38.0,161,61.2,15.0,86,"{'value': 2, 'displayName': 'SecondHalf'}","{'value': 1, 'displayName': 'Pass'}","{'value': 1, 'displayName': 'Successful'}","[{'type': {'value': 140, 'displayName': 'PassEndX'}, 'value': '76.9'}, {'type': {'value': 56, 'displayName': 'Zone'}, 'value': 'Right'}, {'type': {'value': 178, 'displayName': 'StandingSave'}}, {'type': {'value': 213, 'displayName': 'Angle'}, 'value': '6.0'}, {'type': {'value': 141, 'displayName': 'PassEndY'}, 'value': '6.8'}, {'type': {'value': 212, 'displayName': 'Length'}, 'value': '17.4'}]","[91, 119, 117, 30, 205, 36, 38, 217, 218]",True,238244.0,76.9,6.8,,,,,,,,,
2465905391.0,819,81,42.0,161,74.8,9.8,86,"{'value': 2, 'displayName': 'SecondHalf'}","{'value': 1, 'displayName': 'Pass'}","{'value': 1, 'displayName': 'Successful'}","[{'type': {'value': 56, 'displayName': 'Zone'}, 'value': 'Center'}, {'type': {'value': 140, 'displayName': 'PassEndX'}, 'value': '71.9'}, {'type': {'value': 212, 'displayName': 'Length'}, 'value': '13.3'}, {'type': {'value': 213, 'displayName': 'Angle'}, 'value': '1.8'}, {'type': {'value': 178, 'displayName': 'StandingSave'}}, {'type': {'value': 141, 'displayName': 'PassEndY'}, 'value': '28.9'}]","[91, 119, 117, 30, 205, 35, 37, 217, 218]",True,140088.0,71.9,28.9,,,,,,,,,
2465905401.0,820,81,43.0,161,72.6,26.8,86,"{'value': 2, 'displayName': 'SecondHalf'}","{'value': 50, 'displayName': 'Dispossessed'}","{'value': 1, 'displayName': 'Successful'}","[{'type': {'value': 56, 'displayName': 'Zone'}, 'value': 'Center'}, {'type': {'value': 233, 'displayName': 'OppositeRelatedEvent'}, 'value': '606'}, {'type': {'value': 286, 'displayName': 'Offensive'}}]","[91, 70]",True,115917.0,,,,,,,,,,,
2465905415.0,606,81,44.0,29,27.4,73.2,86,"{'value': 2, 'displayName': 'SecondHalf'}","{'value': 7, 'displayName': 'Tackle'}","{'value': 1, 'displayName': 'Successful'}","[{'type': {'value': 178, 'displayName': 'StandingSave'}}, {'type': {'value': 56, 'displayName': 'Zone'}, 'value': 'Back'}, {'type': {'value': 233, 'displayName': 'OppositeRelatedEvent'}, 'value': '820'}, {'type': {'value': 285, 'displayName': 'Defensive'}}]","[91, 143]",True,297203.0,,,,,,,,,,,
2465905425.0,607,81,45.0,29,20.7,76.7,86,"{'value': 2, 'displayName': 'SecondHalf'}","{'value': 49, 'displayName': 'BallRecovery'}","{'value': 1, 'displayName': 'Successful'}",[],[93],False,297203.0,,,,,,,,,,,
2465905451.0,608,81,45.0,29,20.7,76.7,86,"{'value': 2, 'displayName': 'SecondHalf'}","{'value': 1, 'displayName': 'Pass'}","{'value': 1, 'displayName': 'Successful'}","[{'type': {'value': 212, 'displayName': 'Length'}, 'value': '7.0'}, {'type': {'value': 178, 'displayName': 'StandingSave'}}, {'type': {'value': 213, 'displayName': 'Angle'}, 'value': '1.3'}, {'type': {'value': 141, 'displayName': 'PassEndY'}, 'value': '86.6'}, {'type': {'value': 140, 'displayName': 'PassEndX'}, 'value': '22.5'}, {'type': {'value': 56, 'displayName': 'Zone'}, 'value': 'Back'}]","[91, 117, 30, 36, 37, 215, 218]",True,297203.0,22.5,86.6,,,,,,,,,
2465905467.0,609,81,46.0,29,22.5,86.6,86,"{'value': 2, 'displayName': 'SecondHalf'}","{'value': 1, 'displayName': 'Pass'}","{'value': 1, 'displayName': 'Successful'}","[{'type': {'value': 141, 'displayName': 'PassEndY'}, 'value': '80.7'}, {'type': {'value': 213, 'displayName': 'Angle'}, 'value': '5.3'}, {'type': {'value': 212, 'displayName': 'Length'}, 'value': '4.7'}, {'type': {'value': 178, 'displayName': 'StandingSave'}}, {'type': {'value': 140, 'displayName': 'PassEndX'}, 'value': '24.8'}, {'type': {'value': 56, 'displayName': 'Zone'}, 'value': 'Back'}]","[91, 117, 30, 36, 38, 215, 218]",True,101955.0,24.8,80.7,,,,,,,,,
2465905495.0,610,81,47.0,29,24.8,80.7,86,"{'value': 2, 'displayName': 'SecondHalf'}","{'value': 1, 'displayName': 'Pass'}","{'value': 1, 'displayName': 'Successful'}","[{'type': {'value': 140, 'displayName': 'PassEndX'}, 'value': '29.0'}, {'type': {'value': 212, 'displayName': 'Length'}, 'value': '8.9'}, {'type': {'value': 56, 'displayName': 'Zone'}, 'value': 'Back'}, {'type': {'value': 178, 'displayName': 'StandingSave'}}, {'type': {'value': 141, 'displayName': 'PassEndY'}, 'value': '92.0'}, {'type': {'value': 213, 'displayName': 'Angle'}, 'value': '1.0'}]","[91, 117, 30, 36, 37, 215, 218]",True,332325.0,29.0,92.0,,,,,,,,,
2465905555.0,611,81,50.0,29,34.0,90.9,86,"{'value': 2, 'displayName': 'SecondHalf'}","{'value': 1, 'displayName': 'Pass'}","{'value': 1, 'displayName': 'Successful'}","[{'type': {'value': 212, 'displayName': 'Length'}, 'value': '42.7'}, {'type': {'value': 56, 'displayName': 'Zone'}, 'value': 'Center'}, {'type': {'value': 141, 'displayName': 'PassEndY'}, 'value': '40.4'}, {'type': {'value': 140, 'displayName': 'PassEndX'}, 'value': '58.1'}, {'type': {'value': 155, 'displayName': 'Chipped'}}, {'type': {'value': 1, 'displayName': 'Longball'}}, {'type': {'value': 213, 'displayName': 'Angle'}, 'value': '5.3'}, {'type': {'value': 178, 'displayName': 'StandingSave'}}]","[91, 119, 117, 124, 127, 36, 38, 216, 218]",True,101955.0,58.1,40.4,,,,,,,,,
2465905633.0,612,81,53.0,29,63.5,35.6,86,"{'value': 2, 'displayName': 'SecondHalf'}","{'value': 1, 'displayName': 'Pass'}","{'value': 1, 'displayName': 'Successful'}","[{'type': {'value': 210, 'displayName': 'ShotAssist'}, 'value': '15'}, {'type': {'value': 154, 'displayName': 'IntentionalAssist'}}, {'type': {'value': 178, 'displayName': 'StandingSave'}}, {'type': {'value': 56, 'displayName': 'Zone'}, 'value': 'Center'}, {'type': {'value': 141, 'displayName': 'PassEndY'}, 'value': '26.6'}, {'type': {'value': 140, 'displayName': 'PassEndX'}, 'value': '75.3'}, {'type': {'value': 213, 'displayName': 'Angle'}, 'value': '5.8'}, {'type': {'value': 212, 'displayName': 'Length'}, 'value': '13.8'}, {'type': {'value': 11113, 'displayName': 'KeyPass'}}]","[91, 119, 117, 30, 123, 205, 40, 46, 36, 38, 217, 218]",True,322596.0,75.3,26.6,,,,,,,,,
2465905647.0,613,81,58.0,29,87.3,38.0,86,"{'value': 2, 'displayName': 'SecondHalf'}","{'value': 15, 'displayName': 'SavedShot'}","{'value': 1, 'displayName': 'Successful'}","[{'type': {'value': 102, 'displayName': 'GoalMouthY'}, 'value': '47.9'}, {'type': {'value': 72, 'displayName': 'LeftFoot'}}, {'type': {'value': 146, 'displayName': 'BlockedX'}, 'value': '89.1'}, {'type': {'value': 17, 'displayName': 'BoxCentre'}}, {'type': {'value': 23, 'displayName': 'FastBreak'}}, {'type': {'value': 82, 'displayName': 'Blocked'}}, {'type': {'value': 154, 'displayName': 'IntentionalAssist'}}, {'type': {'value': 103, 'displayName': 'GoalMouthZ'}, 'value': '20.8'}, {'type': {'value': 178, 'displayName': 'StandingSave'}}, {'type': {'value': 56, 'displayName': 'Zone'}, 'value': 'Center'}, {'type': {'value': 81, 'displayName': 'HighRight'}}, {'type': {'value': 147, 'displayName': 'BlockedY'}, 'value': '39.0'}, {'type': {'value': 233, 'displayName': 'OppositeRelatedEvent'}, 'value': '821'}, {'type': {'value': 29, 'displayName': 'Assisted'}}, {'type': {'value': 55, 'displayName': 'RelatedEventId'}, 'value': '612'}]","[91, 10, 1, 4, 11, 13]",True,69517.0,,,612.0,322596.0,89.1,39.0,20.8,47.9,True,,
2465905641.0,821,81,58.0,161,11.4,62.5,86,"{'value': 2, 'displayName': 'SecondHalf'}","{'value': 10, 'displayName': 'Save'}","{'value': 1, 'displayName': 'Successful'}","[{'type': {'value': 233, 'displayName': 'OppositeRelatedEvent'}, 'value': '613'}, {'type': {'value': 56, 'displayName': 'Zone'}, 'value': 'Back'}, {'type': {'value': 94, 'displayName': 'OutfielderBlock'}}, {'type': {'value': 178, 'displayName': 'StandingSave'}}]","[91, 58]",True,368310.0,,,,,,,,,,,
2465905695.0,822,82,1.0,161,30.3,78.8,87,"{'value': 2, 'displayName': 'SecondHalf'}","{'value': 49, 'displayName': 'BallRecovery'}","{'value': 1, 'displayName': 'Successful'}",[],[93],False,386973.0,,,,,,,,,,,
2465905739.0,823,82,4.0,161,34.3,80.9,87,"{'value': 2, 'displayName': 'SecondHalf'}","{'value': 1, 'displayName': 'Pass'}","{'value': 1, 'displayName': 'Successful'}","[{'type': {'value': 212, 'displayName': 'Length'}, 'value': '12.0'}, {'type': {'value': 56, 'displayName': 'Zone'}, 'value': 'Back'}, {'type': {'value': 140, 'displayName': 'PassEndX'}, 'value': '33.4'}, {'type': {'value': 141, 'displayName': 'PassEndY'}, 'value': '63.3'}, {'type': {'value': 178, 'displayName': 'StandingSave'}}, {'type': {'value': 213, 'displayName': 'Angle'}, 'value': '4.6'}]","[91, 117, 30, 35, 38, 216, 218]",True,386973.0,33.4,63.3,,,,,,,,,
2465905797.0,824,82,6.0,161,29.9,63.6,87,"{'value': 2, 'displayName': 'SecondHalf'}","{'value': 1, 'displayName': 'Pass'}","{'value': 1, 'displayName': 'Successful'}","[{'type': {'value': 141, 'displayName': 'PassEndY'}, 'value': '36.0'}, {'type': {'value': 213, 'displayName': 'Angle'}, 'value': '5.2'}, {'type': {'value': 212, 'displayName': 'Length'}, 'value': '21.8'}, {'type': {'value': 140, 'displayName': 'PassEndX'}, 'value': '40.4'}, {'type': {'value': 56, 'displayName': 'Zone'}, 'value': 'Back'}, {'type': {'value': 178, 'displayName': 'StandingSave'}}]","[91, 117, 30, 36, 38, 216, 218]",True,386612.0,40.4,36.0,,,,,,,,,
2465905877.0,825,82,9.0,161,43.2,33.4,87,"{'value': 2, 'displayName': 'SecondHalf'}","{'value': 1, 'displayName': 'Pass'}","{'value': 1, 'displayName': 'Successful'}","[{'type': {'value': 140, 'displayName': 'PassEndX'}, 'value': '63.6'}, {'type': {'value': 141, 'displayName': 'PassEndY'}, 'value': '4.9'}, {'type': {'value': 56, 'displayName': 'Zone'}, 'value': 'Right'}, {'type': {'value': 178, 'displayName': 'StandingSave'}}, {'type': {'value': 213, 'displayName': 'Angle'}, 'value': '5.5'}, {'type': {'value': 212, 'displayName': 'Length'}, 'value': '28.9'}]","[91, 119, 117, 30, 36, 38, 216, 218]",True,16161.0,63.6,4.9,,,,,,,,,
2466041067.0,962,82,11.0,161,66.1,8.7,87,"{'value': 2, 'displayName': 'SecondHalf'}","{'value': 3, 'displayName': 'TakeOn'}","{'value': 0, 'displayName': 'Unsuccessful'}","[{'type': {'value': 56, 'displayName': 'Zone'}, 'value': 'Right'}, {'type': {'value': 286, 'displayName': 'Offensive'}}, {'type': {'value': 178, 'displayName': 'StandingSave'}}]","[91, 53]",True,140088.0,,,,,,,,,,,
2465905887.0,826,82,12.0,161,66.0,9.0,87,"{'value': 2, 'displayName': 'SecondHalf'}","{'value': 4, 'displayName': 'Foul'}","{'value': 1, 'displayName': 'Successful'}","[{'type': {'value': 233, 'displayName': 'OppositeRelatedEvent'}, 'value': '614'}, {'type': {'value': 13, 'displayName': 'Foul'}}, {'type': {'value': 286, 'displayName': 'Offensive'}}, {'type': {'value': 56, 'displayName': 'Zone'}, 'value': 'Right'}]","[91, 63]",True,140088.0,,,,,,,,,,,
2465905871.0,614,82,12.0,29,34.0,91.0,87,"{'value': 2, 'displayName': 'SecondHalf'}","{'value': 4, 'displayName': 'Foul'}","{'value': 0, 'displayName': 'Unsuccessful'}","[{'type': {'value': 13, 'displayName': 'Foul'}}, {'type': {'value': 178, 'displayName': 'StandingSave'}}, {'type': {'value': 56, 'displayName': 'Zone'}, 'value': 'Back'}, {'type': {'value': 233, 'displayName': 'OppositeRelatedEvent'}, 'value': '826'}, {'type': {'value': 285, 'displayName': 'Defensive'}}]",[64],False,68049.0,,,,,,,,,,,
2465905929.0,615,82,15.0,29,0.0,0.0,87,"{'value': 2, 'displayName': 'SecondHalf'}","{'value': 17, 'displayName': 'Card'}","{'value': 1, 'displayName': 'Successful'}","[{'type': {'value': 31, 'displayName': 'Yellow'}}, {'type': {'value': 13, 'displayName': 'Foul'}, 'value': '243'}]",[65],False,68049.0,,,,,,,,,,"{'value': 31, 'displayName': 'Yellow'}",
2465906227.0,827,82,29.0,161,61.3,7.7,87,"{'value': 2, 'displayName': 'SecondHalf'}","{'value': 1, 'displayName': 'Pass'}","{'value': 1, 'displayName': 'Successful'}","[{'type': {'value': 212, 'displayName': 'Length'}, 'value': '27.5'}, {'type': {'value': 5, 'displayName': 'FreekickTaken'}}, {'type': {'value': 141, 'displayName': 'PassEndY'}, 'value': '9.2'}, {'type': {'value': 213, 'displayName': 'Angle'}, 'value': '0.0'}, {'type': {'value': 178, 'displayName': 'StandingSave'}}, {'type': {'value': 56, 'displayName': 'Zone'}, 'value': 'Right'}, {'type': {'value': 140, 'displayName': 'PassEndX'}, 'value': '87.5'}]","[91, 119, 117, 30, 132, 205, 36, 37, 217, 218]",True,16161.0,87.5,9.2,,,,,,,,,
2465906285.0,828,82,30.0,161,86.6,20.0,87,"{'value': 2, 'displayName': 'SecondHalf'}","{'value': 1, 'displayName': 'Pass'}","{'value': 1, 'displayName': 'Successful'}","[{'type': {'value': 178, 'displayName': 'StandingSave'}}, {'type': {'value': 141, 'displayName': 'PassEndY'}, 'value': '19.2'}, {'type': {'value': 140, 'displayName': 'PassEndX'}, 'value': '63.1'}, {'type': {'value': 212, 'displayName': 'Length'}, 'value': '24.7'}, {'type': {'value': 213, 'displayName': 'Angle'}, 'value': '3.2'}, {'type': {'value': 56, 'displayName': 'Zone'}, 'value': 'Right'}]","[91, 119, 117, 30, 35, 38, 216, 218]",True,140088.0,63.1,19.2,,,,,,,,,
2465906309.0,829,82,33.0,161,65.1,16.1,87,"{'value': 2, 'displayName': 'SecondHalf'}","{'value': 1, 'displayName': 'Pass'}","{'value': 1, 'displayName': 'Successful'}","[{'type': {'value': 178, 'displayName': 'StandingSave'}}, {'type': {'value': 213, 'displayName': 'Angle'}, 'value': '5.7'}, {'type': {'value': 141, 'displayName': 'PassEndY'}, 'value': '7.9'}, {'type': {'value': 212, 'displayName': 'Length'}, 'value': '9.7'}, {'type': {'value': 140, 'displayName': 'PassEndX'}, 'value': '72.7'}, {'type': {'value': 56, 'displayName': 'Zone'}, 'value': 'Right'}]","[91, 119, 117, 30, 205, 36, 38, 217, 218]",True,115917.0,72.7,7.9,,,,,,,,,
2465906349.0,830,82,34.0,161,72.7,7.9,87,"{'value': 2, 'displayName': 'SecondHalf'}","{'value': 1, 'displayName': 'Pass'}","{'value': 1, 'displayName': 'Successful'}","[{'type': {'value': 212, 'displayName': 'Length'}, 'value': '11.7'}, {'type': {'value': 141, 'displayName': 'PassEndY'}, 'value': '21.8'}, {'type': {'value': 178, 'displayName': 'StandingSave'}}, {'type': {'value': 213, 'displayName': 'Angle'}, 'value': '2.2'}, {'type': {'value': 56, 'displayName': 'Zone'}, 'value': 'Center'}, {'type': {'value': 140, 'displayName': 'PassEndX'}, 'value': '66.1'}]","[91, 119, 117, 30, 35, 37, 216, 218]",True,16161.0,66.1,21.8,,,,,,,,,
2465906421.0,831,82,36.0,161,66.1,21.8,87,"{'value': 2, 'displayName': 'SecondHalf'}","{'value': 1, 'displayName': 'Pass'}","{'value': 1, 'displayName': 'Successful'}","[{'type': {'value': 213, 'displayName': 'Angle'}, 'value': '1.6'}, {'type': {'value': 212, 'displayName': 'Length'}, 'value': '24.0'}, {'type': {'value': 140, 'displayName': 'PassEndX'}, 'value': '64.9'}, {'type': {'value': 178, 'displayName': 'StandingSave'}}, {'type': {'value': 141, 'displayName': 'PassEndY'}, 'value': '57.0'}, {'type': {'value': 56, 'displayName': 'Zone'}, 'value': 'Center'}]","[91, 119, 117, 30, 35, 37, 216, 218]",True,115917.0,64.9,57.0,,,,,,,,,
2465906447.0,832,82,39.0,161,66.5,61.4,87,"{'value': 2, 'displayName': 'SecondHalf'}","{'value': 1, 'displayName': 'Pass'}","{'value': 1, 'displayName': 'Successful'}","[{'type': {'value': 141, 'displayName': 'PassEndY'}, 'value': '89.3'}, {'type': {'value': 212, 'displayName': 'Length'}, 'value': '22.2'}, {'type': {'value': 178, 'displayName': 'StandingSave'}}, {'type': {'value': 56, 'displayName': 'Zone'}, 'value': 'Left'}, {'type': {'value': 213, 'displayName': 'Angle'}, 'value': '1.0'}, {'type': {'value': 140, 'displayName': 'PassEndX'}, 'value': '77.5'}]","[91, 119, 117, 30, 205, 36, 37, 217, 218]",True,386612.0,77.5,89.3,,,,,,,,,
2465906495.0,833,82,42.0,161,75.9,88.3,87,"{'value': 2, 'displayName': 'SecondHalf'}","{'value': 1, 'displayName': 'Pass'}","{'value': 1, 'displayName': 'Successful'}","[{'type': {'value': 141, 'displayName': 'PassEndY'}, 'value': '74.1'}, {'type': {'value': 56, 'displayName': 'Zone'}, 'value': 'Center'}, {'type': {'value': 178, 'displayName': 'StandingSave'}}, {'type': {'value': 140, 'displayName': 'PassEndX'}, 'value': '92.6'}, {'type': {'value': 212, 'displayName': 'Length'}, 'value': '20.0'}, {'type': {'value': 213, 'displayName': 'Angle'}, 'value': '5.8'}]","[91, 119, 117, 30, 205, 36, 38, 217, 218]",True,355401.0,92.6,74.1,,,,,,,,,
2465906517.0,834,82,43.0,161,92.6,73.9,87,"{'value': 2, 'displayName': 'SecondHalf'}","{'value': 1, 'displayName': 'Pass'}","{'value': 0, 'displayName': 'Unsuccessful'}","[{'type': {'value': 56, 'displayName': 'Zone'}, 'value': 'Center'}, {'type': {'value': 212, 'displayName': 'Length'}, 'value': '23.0'}, {'type': {'value': 213, 'displayName': 'Angle'}, 'value': '4.7'}, {'type': {'value': 178, 'displayName': 'StandingSave'}}, {'type': {'value': 140, 'displayName': 'PassEndX'}, 'value': '91.7'}, {'type': {'value': 141, 'displayName': 'PassEndY'}, 'value': '40.1'}]","[91, 120, 29, 35, 38, 217, 218]",True,300513.0,91.7,40.1,,,,,,,,,
2465906553.0,616,82,45.0,29,8.7,52.7,87,"{'value': 2, 'displayName': 'SecondHalf'}","{'value': 12, 'displayName': 'Clearance'}","{'value': 1, 'displayName': 'Successful'}","[{'type': {'value': 212, 'displayName': 'Length'}, 'value': '25.9'}, {'type': {'value': 141, 'displayName': 'PassEndY'}, 'value': '28.0'}, {'type': {'value': 213, 'displayName': 'Angle'}, 'value': '5.6'}, {'type': {'value': 56, 'displayName': 'Zone'}, 'value': 'Back'}, {'type': {'value': 178, 'displayName': 'StandingSave'}}, {'type': {'value': 140, 'displayName': 'PassEndX'}, 'value': '27.5'}]","[91, 94, 95, 215]",True,68049.0,27.5,28.0,,,,,,,,,
2465906633.0,835,82,49.0,161,63.8,69.4,87,"{'value': 2, 'displayName': 'SecondHalf'}","{'value': 1, 'displayName': 'Pass'}","{'value': 1, 'displayName': 'Successful'}","[{'type': {'value': 140, 'displayName': 'PassEndX'}, 'value': '56.0'}, {'type': {'value': 56, 'displayName': 'Zone'}, 'value': 'Center'}, {'type': {'value': 178, 'displayName': 'StandingSave'}}, {'type': {'value': 213, 'displayName': 'Angle'}, 'value': '3.3'}, {'type': {'value': 141, 'displayName': 'PassEndY'}, 'value': '67.8'}, {'type': {'value': 212, 'displayName': 'Length'}, 'value': '8.3'}]","[91, 119, 117, 30, 35, 38, 216, 218]",True,386612.0,56.0,67.8,,,,,,,,,
2465906647.0,836,82,50.0,161,56.1,67.8,87,"{'value': 2, 'displayName': 'SecondHalf'}","{'value': 1, 'displayName': 'Pass'}","{'value': 1, 'displayName': 'Successful'}","[{'type': {'value': 213, 'displayName': 'Angle'}, 'value': '5.5'}, {'type': {'value': 140, 'displayName': 'PassEndX'}, 'value': '65.5'}, {'type': {'value': 56, 'displayName': 'Zone'}, 'value': 'Center'}, {'type': {'value': 178, 'displayName': 'StandingSave'}}, {'type': {'value': 212, 'displayName': 'Length'}, 'value': '14.6'}, {'type': {'value': 141, 'displayName': 'PassEndY'}, 'value': '51.9'}]","[91, 119, 117, 30, 36, 38, 216, 218]",True,368310.0,65.5,51.9,,,,,,,,,
2465906677.0,837,82,51.0,161,65.5,51.9,87,"{'value': 2, 'displayName': 'SecondHalf'}","{'value': 1, 'displayName': 'Pass'}","{'value': 1, 'displayName': 'Successful'}","[{'type': {'value': 212, 'displayName': 'Length'}, 'value': '12.6'}, {'type': {'value': 140, 'displayName': 'PassEndX'}, 'value': '62.7'}, {'type': {'value': 56, 'displayName': 'Zone'}, 'value': 'Center'}, {'type': {'value': 141, 'displayName': 'PassEndY'}, 'value': '33.9'}, {'type': {'value': 178, 'displayName': 'StandingSave'}}, {'type': {'value': 213, 'displayName': 'Angle'}, 'value': '4.5'}]","[91, 119, 117, 30, 35, 38, 216, 218]",True,16161.0,62.7,33.9,,,,,,,,,
2465906713.0,838,82,54.0,161,62.4,34.8,87,"{'value': 2, 'displayName': 'SecondHalf'}","{'value': 1, 'displayName': 'Pass'}","{'value': 1, 'displayName': 'Successful'}","[{'type': {'value': 56, 'displayName': 'Zone'}, 'value': 'Center'}, {'type': {'value': 140, 'displayName': 'PassEndX'}, 'value': '77.4'}, {'type': {'value': 213, 'displayName': 'Angle'}, 'value': '5.9'}, {'type': {'value': 178, 'displayName': 'StandingSave'}}, {'type': {'value': 212, 'displayName': 'Length'}, 'value': '16.7'}, {'type': {'value': 141, 'displayName': 'PassEndY'}, 'value': '26.5'}]","[91, 119, 117, 30, 205, 36, 38, 217, 218]",True,238244.0,77.4,26.5,,,,,,,,,
2465906785.0,839,82,56.0,161,75.0,36.1,87,"{'value': 2, 'displayName': 'SecondHalf'}","{'value': 1, 'displayName': 'Pass'}","{'value': 1, 'displayName': 'Successful'}","[{'type': {'value': 140, 'displayName': 'PassEndX'}, 'value': '80.5'}, {'type': {'value': 212, 'displayName': 'Length'}, 'value': '7.6'}, {'type': {'value': 141, 'displayName': 'PassEndY'}, 'value': '43.3'}, {'type': {'value': 213, 'displayName': 'Angle'}, 'value': '0.7'}, {'type': {'value': 178, 'displayName': 'StandingSave'}}, {'type': {'value': 56, 'displayName': 'Zone'}, 'value': 'Center'}]","[91, 119, 117, 30, 205, 36, 37, 217, 218]",True,115917.0,80.5,43.3,,,,,,,,,
2465906809.0,840,82,57.0,161,80.5,43.3,87,"{'value': 2, 'displayName': 'SecondHalf'}","{'value': 1, 'displayName': 'Pass'}","{'value': 1, 'displayName': 'Successful'}","[{'type': {'value': 212, 'displayName': 'Length'}, 'value': '18.8'}, {'type': {'value': 140, 'displayName': 'PassEndX'}, 'value': '90.2'}, {'type': {'value': 178, 'displayName': 'StandingSave'}}, {'type': {'value': 141, 'displayName': 'PassEndY'}, 'value': '20.0'}, {'type': {'value': 213, 'displayName': 'Angle'}, 'value': '5.3'}, {'type': {'value': 56, 'displayName': 'Zone'}, 'value': 'Right'}]","[91, 119, 117, 30, 205, 36, 38, 217, 218]",True,24248.0,90.2,20.0,,,,,,,,,
2465906819.0,841,83,1.0,161,88.5,20.2,88,"{'value': 2, 'displayName': 'SecondHalf'}","{'value': 1, 'displayName': 'Pass'}","{'value': 0, 'displayName': 'Unsuccessful'}","[{'type': {'value': 2, 'displayName': 'Cross'}}, {'type': {'value': 155, 'displayName': 'Chipped'}}, {'type': {'value': 20, 'displayName': 'RightFoot'}}, {'type': {'value': 213, 'displayName': 'Angle'}, 'value': '1.4'}, {'type': {'value': 212, 'displayName': 'Length'}, 'value': '9.3'}, {'type': {'value': 140, 'displayName': 'PassEndX'}, 'value': '89.6'}, {'type': {'value': 178, 'displayName': 'StandingSave'}}, {'type': {'value': 56, 'displayName': 'Zone'}, 'value': 'Center'}, {'type': {'value': 141, 'displayName': 'PassEndY'}, 'value': '33.8'}]","[91, 137, 124, 126, 36, 37, 217, 218]",True,140088.0,89.6,33.8,,,,,,,,,
2465906831.0,617,83,1.0,29,9.0,68.6,88,"{'value': 2, 'displayName': 'SecondHalf'}","{'value': 12, 'displayName': 'Clearance'}","{'value': 1, 'displayName': 'Successful'}","[{'type': {'value': 141, 'displayName': 'PassEndY'}, 'value': '49.0'}, {'type': {'value': 212, 'displayName': 'Length'}, 'value': '17.1'}, {'type': {'value': 15, 'displayName': 'Head'}}, {'type': {'value': 178, 'displayName': 'StandingSave'}}, {'type': {'value': 140, 'displayName': 'PassEndX'}, 'value': '0.0'}, {'type': {'value': 56, 'displayName': 'Zone'}, 'value': 'Back'}, {'type': {'value': 213, 'displayName': 'Angle'}, 'value': '4.0'}]","[91, 94, 95, 57, 215]",True,101955.0,0.0,49.0,,,,,,,,,
2465906845.0,618,83,3.0,29,7.2,60.6,88,"{'value': 2, 'displayName': 'SecondHalf'}","{'value': 6, 'displayName': 'CornerAwarded'}","{'value': 0, 'displayName': 'Unsuccessful'}","[{'type': {'value': 56, 'displayName': 'Zone'}, 'value': 'Back'}, {'type': {'value': 233, 'displayName': 'OppositeRelatedEvent'}, 'value': '842'}, {'type': {'value': 73, 'displayName': 'MissLeft'}}]",[122],False,101955.0,,,,,,,,,,,
2465906857.0,842,83,3.0,161,92.8,39.4,88,"{'value': 2, 'displayName': 'SecondHalf'}","{'value': 6, 'displayName': 'CornerAwarded'}","{'value': 1, 'displayName': 'Successful'}","[{'type': {'value': 73, 'displayName': 'MissLeft'}}, {'type': {'value': 233, 'displayName': 'OppositeRelatedEvent'}, 'value': '618'}, {'type': {'value': 56, 'displayName': 'Zone'}, 'value': 'Center'}]",[122],False,140088.0,,,,,,,,,,,
2465907393.0,843,83,32.0,161,99.5,99.5,88,"{'value': 2, 'displayName': 'SecondHalf'}","{'value': 1, 'displayName': 'Pass'}","{'value': 0, 'displayName': 'Unsuccessful'}","[{'type': {'value': 2, 'displayName': 'Cross'}}, {'type': {'value': 213, 'displayName': 'Angle'}, 'value': '4.6'}, {'type': {'value': 56, 'displayName': 'Zone'}, 'value': 'Center'}, {'type': {'value': 20, 'displayName': 'RightFoot'}}, {'type': {'value': 140, 'displayName': 'PassEndX'}, 'value': '96.5'}, {'type': {'value': 178, 'displayName': 'StandingSave'}}, {'type': {'value': 212, 'displayName': 'Length'}, 'value': '30.1'}, {'type': {'value': 141, 'displayName': 'PassEndY'}, 'value': '55.5'}, {'type': {'value': 6, 'displayName': 'CornerTaken'}}]","[91, 137, 126, 31, 33, 34, 35, 38, 217, 218]",True,16161.0,96.5,55.5,,,,,,,,,
2465907423.0,619,83,33.0,29,3.0,38.5,88,"{'value': 2, 'displayName': 'SecondHalf'}","{'value': 12, 'displayName': 'Clearance'}","{'value': 1, 'displayName': 'Successful'}","[{'type': {'value': 212, 'displayName': 'Length'}, 'value': '40.0'}, {'type': {'value': 141, 'displayName': 'PassEndY'}, 'value': '3.1'}, {'type': {'value': 140, 'displayName': 'PassEndX'}, 'value': '33.4'}, {'type': {'value': 213, 'displayName': 'Angle'}, 'value': '5.6'}, {'type': {'value': 56, 'displayName': 'Zone'}, 'value': 'Back'}, {'type': {'value': 178, 'displayName': 'StandingSave'}}]","[91, 94, 95, 216]",True,68049.0,33.4,3.1,,,,,,,,,
2465907487.0,844,83,41.0,161,60.4,92.7,88,"{'value': 2, 'displayName': 'SecondHalf'}","{'value': 1, 'displayName': 'Pass'}","{'value': 1, 'displayName': 'Successful'}","[{'type': {'value': 56, 'displayName': 'Zone'}, 'value': 'Center'}, {'type': {'value': 178, 'displayName': 'StandingSave'}}, {'type': {'value': 140, 'displayName': 'PassEndX'}, 'value': '67.9'}, {'type': {'value': 212, 'displayName': 'Length'}, 'value': '12.8'}, {'type': {'value': 141, 'displayName': 'PassEndY'}, 'value': '77.9'}, {'type': {'value': 213, 'displayName': 'Angle'}, 'value': '5.4'}]","[91, 119, 117, 30, 205, 36, 38, 217, 218]",True,238244.0,67.9,77.9,,,,,,,,,
2465907523.0,845,83,44.0,161,78.5,74.4,88,"{'value': 2, 'displayName': 'SecondHalf'}","{'value': 1, 'displayName': 'Pass'}","{'value': 1, 'displayName': 'Successful'}","[{'type': {'value': 212, 'displayName': 'Length'}, 'value': '6.3'}, {'type': {'value': 213, 'displayName': 'Angle'}, 'value': '5.3'}, {'type': {'value': 141, 'displayName': 'PassEndY'}, 'value': '66.4'}, {'type': {'value': 56, 'displayName': 'Zone'}, 'value': 'Center'}, {'type': {'value': 178, 'displayName': 'StandingSave'}}, {'type': {'value': 140, 'displayName': 'PassEndX'}, 'value': '81.6'}]","[91, 119, 117, 30, 205, 36, 38, 217, 218]",True,386612.0,81.6,66.4,,,,,,,,,
2465907535.0,846,83,46.0,161,86.5,61.4,88,"{'value': 2, 'displayName': 'SecondHalf'}","{'value': 1, 'displayName': 'Pass'}","{'value': 0, 'displayName': 'Unsuccessful'}","[{'type': {'value': 212, 'displayName': 'Length'}, 'value': '4.2'}, {'type': {'value': 140, 'displayName': 'PassEndX'}, 'value': '87.7'}, {'type': {'value': 141, 'displayName': 'PassEndY'}, 'value': '67.3'}, {'type': {'value': 56, 'displayName': 'Zone'}, 'value': 'Center'}, {'type': {'value': 213, 'displayName': 'Angle'}, 'value': '1.3'}, {'type': {'value': 178, 'displayName': 'StandingSave'}}]","[91, 120, 29, 36, 37, 217, 218]",True,24248.0,87.7,67.3,,,,,,,,,
2465907545.0,620,83,46.0,29,14.0,29.2,88,"{'value': 2, 'displayName': 'SecondHalf'}","{'value': 61, 'displayName': 'BallTouch'}","{'value': 1, 'displayName': 'Successful'}","[{'type': {'value': 56, 'displayName': 'Zone'}, 'value': 'Back'}, {'type': {'value': 178, 'displayName': 'StandingSave'}}]",[91],True,143595.0,,,,,,,,,,,
2465907593.0,847,83,49.0,161,81.2,86.8,88,"{'value': 2, 'displayName': 'SecondHalf'}","{'value': 1, 'displayName': 'Pass'}","{'value': 0, 'displayName': 'Unsuccessful'}","[{'type': {'value': 213, 'displayName': 'Angle'}, 'value': '5.2'}, {'type': {'value': 141, 'displayName': 'PassEndY'}, 'value': '54.0'}, {'type': {'value': 178, 'displayName': 'StandingSave'}}, {'type': {'value': 20, 'displayName': 'RightFoot'}}, {'type': {'value': 212, 'displayName': 'Length'}, 'value': '25.4'}, {'type': {'value': 155, 'displayName': 'Chipped'}}, {'type': {'value': 140, 'displayName': 'PassEndX'}, 'value': '92.8'}, {'type': {'value': 56, 'displayName': 'Zone'}, 'value': 'Center'}, {'type': {'value': 2, 'displayName': 'Cross'}}]","[91, 137, 124, 126, 36, 38, 217, 218]",True,16161.0,92.8,54.0,,,,,,,,,
2465907623.0,621,83,50.0,29,8.3,48.4,88,"{'value': 2, 'displayName': 'SecondHalf'}","{'value': 12, 'displayName': 'Clearance'}","{'value': 1, 'displayName': 'Successful'}","[{'type': {'value': 15, 'displayName': 'Head'}}, {'type': {'value': 212, 'displayName': 'Length'}, 'value': '15.4'}, {'type': {'value': 213, 'displayName': 'Angle'}, 'value': '5.8'}, {'type': {'value': 141, 'displayName': 'PassEndY'}, 'value': '37.3'}, {'type': {'value': 56, 'displayName': 'Zone'}, 'value': 'Back'}, {'type': {'value': 140, 'displayName': 'PassEndX'}, 'value': '21.1'}]","[91, 94, 95, 57, 215]",True,106086.0,21.1,37.3,,,,,,,,,
2465907647.0,848,83,52.0,161,75.3,63.4,88,"{'value': 2, 'displayName': 'SecondHalf'}","{'value': 44, 'displayName': 'Aerial'}","{'value': 1, 'displayName': 'Successful'}","[{'type': {'value': 56, 'displayName': 'Zone'}, 'value': 'Center'}, {'type': {'value': 233, 'displayName': 'OppositeRelatedEvent'}, 'value': '622'}, {'type': {'value': 286, 'displayName': 'Offensive'}}]","[197, 199]",False,386612.0,,,,,,,,,,,
2465907667.0,622,83,52.0,29,24.7,36.6,88,"{'value': 2, 'displayName': 'SecondHalf'}","{'value': 44, 'displayName': 'Aerial'}","{'value': 0, 'displayName': 'Unsuccessful'}","[{'type': {'value': 56, 'displayName': 'Zone'}, 'value': 'Back'}, {'type': {'value': 233, 'displayName': 'OppositeRelatedEvent'}, 'value': '848'}, {'type': {'value': 285, 'displayName': 'Defensive'}}]","[198, 200]",False,297203.0,,,,,,,,,,,
2465907657.0,849,83,52.0,161,71.5,64.6,88,"{'value': 2, 'displayName': 'SecondHalf'}","{'value': 61, 'displayName': 'BallTouch'}","{'value': 1, 'displayName': 'Successful'}","[{'type': {'value': 15, 'displayName': 'Head'}}, {'type': {'value': 56, 'displayName': 'Zone'}, 'value': 'Center'}]",[91],True,386612.0,,,,,,,,,,,
2465907703.0,623,83,53.0,29,21.6,32.3,88,"{'value': 2, 'displayName': 'SecondHalf'}","{'value': 1, 'displayName': 'Pass'}","{'value': 0, 'displayName': 'Unsuccessful'}","[{'type': {'value': 213, 'displayName': 'Angle'}, 'value': '0.3'}, {'type': {'value': 141, 'displayName': 'PassEndY'}, 'value': '42.1'}, {'type': {'value': 212, 'displayName': 'Length'}, 'value': '25.5'}, {'type': {'value': 1, 'displayName': 'Longball'}}, {'type': {'value': 140, 'displayName': 'PassEndX'}, 'value': '45.0'}, {'type': {'value': 178, 'displayName': 'StandingSave'}}, {'type': {'value': 56, 'displayName': 'Zone'}, 'value': 'Back'}]","[91, 118, 120, 128, 36, 37, 216, 218]",True,322596.0,45.0,42.1,,,,,,,,,
2465907771.0,850,83,58.0,161,55.2,53.6,88,"{'value': 2, 'displayName': 'SecondHalf'}","{'value': 1, 'displayName': 'Pass'}","{'value': 1, 'displayName': 'Successful'}","[{'type': {'value': 141, 'displayName': 'PassEndY'}, 'value': '72.3'}, {'type': {'value': 56, 'displayName': 'Zone'}, 'value': 'Center'}, {'type': {'value': 140, 'displayName': 'PassEndX'}, 'value': '60.4'}, {'type': {'value': 212, 'displayName': 'Length'}, 'value': '13.8'}, {'type': {'value': 178, 'displayName': 'StandingSave'}}, {'type': {'value': 213, 'displayName': 'Angle'}, 'value': '1.2'}]","[91, 119, 117, 30, 36, 37, 216, 218]",True,355401.0,60.4,72.3,,,,,,,,,
2465907811.0,851,84,0.0,161,60.0,72.6,89,"{'value': 2, 'displayName': 'SecondHalf'}","{'value': 1, 'displayName': 'Pass'}","{'value': 1, 'displayName': 'Successful'}","[{'type': {'value': 212, 'displayName': 'Length'}, 'value': '22.7'}, {'type': {'value': 140, 'displayName': 'PassEndX'}, 'value': '76.2'}, {'type': {'value': 141, 'displayName': 'PassEndY'}, 'value': '94.7'}, {'type': {'value': 56, 'displayName': 'Zone'}, 'value': 'Left'}, {'type': {'value': 178, 'displayName': 'StandingSave'}}, {'type': {'value': 213, 'displayName': 'Angle'}, 'value': '0.7'}]","[91, 119, 117, 30, 205, 36, 37, 217, 218]",True,16161.0,76.2,94.7,,,,,,,,,
2465907887.0,852,84,4.0,161,76.2,94.7,89,"{'value': 2, 'displayName': 'SecondHalf'}","{'value': 1, 'displayName': 'Pass'}","{'value': 1, 'displayName': 'Successful'}","[{'type': {'value': 178, 'displayName': 'StandingSave'}}, {'type': {'value': 141, 'displayName': 'PassEndY'}, 'value': '83.8'}, {'type': {'value': 213, 'displayName': 'Angle'}, 'value': '5.1'}, {'type': {'value': 56, 'displayName': 'Zone'}, 'value': 'Left'}, {'type': {'value': 212, 'displayName': 'Length'}, 'value': '8.1'}, {'type': {'value': 140, 'displayName': 'PassEndX'}, 'value': '79.2'}]","[91, 119, 117, 30, 205, 36, 38, 217, 218]",True,24248.0,79.2,83.8,,,,,,,,,
2465907899.0,853,84,8.0,161,86.9,77.3,89,"{'value': 2, 'displayName': 'SecondHalf'}","{'value': 1, 'displayName': 'Pass'}","{'value': 1, 'displayName': 'Successful'}","[{'type': {'value': 212, 'displayName': 'Length'}, 'value': '10.4'}, {'type': {'value': 140, 'displayName': 'PassEndX'}, 'value': '78.7'}, {'type': {'value': 213, 'displayName': 'Angle'}, 'value': '3.7'}, {'type': {'value': 141, 'displayName': 'PassEndY'}, 'value': '68.8'}, {'type': {'value': 56, 'displayName': 'Zone'}, 'value': 'Center'}, {'type': {'value': 178, 'displayName': 'StandingSave'}}]","[91, 119, 117, 30, 205, 35, 38, 217, 218]",True,355401.0,78.7,68.8,,,,,,,,,
2465907913.0,854,84,9.0,161,78.8,68.8,89,"{'value': 2, 'displayName': 'SecondHalf'}","{'value': 1, 'displayName': 'Pass'}","{'value': 0, 'displayName': 'Unsuccessful'}","[{'type': {'value': 141, 'displayName': 'PassEndY'}, 'value': '61.1'}, {'type': {'value': 213, 'displayName': 'Angle'}, 'value': '6.0'}, {'type': {'value': 212, 'displayName': 'Length'}, 'value': '17.2'}, {'type': {'value': 178, 'displayName': 'StandingSave'}}, {'type': {'value': 140, 'displayName': 'PassEndX'}, 'value': '94.4'}, {'type': {'value': 56, 'displayName': 'Zone'}, 'value': 'Center'}]","[91, 120, 29, 36, 38, 217, 218]",True,24248.0,94.4,61.1,,,,,,,,,
2465907927.0,624,84,10.0,29,9.8,38.0,89,"{'value': 2, 'displayName': 'SecondHalf'}","{'value': 12, 'displayName': 'Clearance'}","{'value': 1, 'displayName': 'Successful'}","[{'type': {'value': 212, 'displayName': 'Length'}, 'value': '4.3'}, {'type': {'value': 178, 'displayName': 'StandingSave'}}, {'type': {'value': 213, 'displayName': 'Angle'}, 'value': '4.2'}, {'type': {'value': 141, 'displayName': 'PassEndY'}, 'value': '32.4'}, {'type': {'value': 56, 'displayName': 'Zone'}, 'value': 'Back'}, {'type': {'value': 140, 'displayName': 'PassEndX'}, 'value': '7.8'}]","[91, 94, 95, 215]",True,73063.0,7.8,32.4,,,,,,,,,
2465907943.0,855,84,10.0,161,94.4,61.1,89,"{'value': 2, 'displayName': 'SecondHalf'}","{'value': 61, 'displayName': 'BallTouch'}","{'value': 1, 'displayName': 'Successful'}","[{'type': {'value': 56, 'displayName': 'Zone'}, 'value': 'Center'}, {'type': {'value': 178, 'displayName': 'StandingSave'}}]",[91],True,355401.0,,,,,,,,,,,
2465907955.0,625,84,12.0,29,2.1,28.3,89,"{'value': 2, 'displayName': 'SecondHalf'}","{'value': 52, 'displayName': 'KeeperPickup'}","{'value': 1, 'displayName': 'Successful'}",[],[93],False,20973.0,,,,,,,,,,,
2465908257.0,626,84,31.0,29,16.2,62.4,89,"{'value': 2, 'displayName': 'SecondHalf'}","{'value': 1, 'displayName': 'Pass'}","{'value': 0, 'displayName': 'Unsuccessful'}","[{'type': {'value': 56, 'displayName': 'Zone'}, 'value': 'Center'}, {'type': {'value': 212, 'displayName': 'Length'}, 'value': '54.8'}, {'type': {'value': 141, 'displayName': 'PassEndY'}, 'value': '64.8'}, {'type': {'value': 140, 'displayName': 'PassEndX'}, 'value': '68.4'}, {'type': {'value': 1, 'displayName': 'Longball'}}, {'type': {'value': 213, 'displayName': 'Angle'}, 'value': '0.0'}]","[91, 120, 128, 36, 37, 217, 218]",True,20973.0,68.4,64.8,,,,,,,,,
2465909007.0,860,84,35.0,161,39.4,37.9,89,"{'value': 2, 'displayName': 'SecondHalf'}","{'value': 44, 'displayName': 'Aerial'}","{'value': 1, 'displayName': 'Successful'}","[{'type': {'value': 56, 'displayName': 'Zone'}, 'value': 'Back'}, {'type': {'value': 233, 'displayName': 'OppositeRelatedEvent'}, 'value': '639'}, {'type': {'value': 285, 'displayName': 'Defensive'}}]","[197, 200]",False,368310.0,,,,,,,,,,,
2465908975.0,639,84,35.0,29,60.6,62.1,89,"{'value': 2, 'displayName': 'SecondHalf'}","{'value': 44, 'displayName': 'Aerial'}","{'value': 0, 'displayName': 'Unsuccessful'}","[{'type': {'value': 286, 'displayName': 'Offensive'}}, {'type': {'value': 233, 'displayName': 'OppositeRelatedEvent'}, 'value': '860'}, {'type': {'value': 56, 'displayName': 'Zone'}, 'value': 'Center'}]","[198, 199]",False,69517.0,,,,,,,,,,,
2465909141.0,862,84,35.0,161,37.4,33.4,89,"{'value': 2, 'displayName': 'SecondHalf'}","{'value': 61, 'displayName': 'BallTouch'}","{'value': 1, 'displayName': 'Successful'}","[{'type': {'value': 56, 'displayName': 'Zone'}, 'value': 'Back'}, {'type': {'value': 15, 'displayName': 'Head'}}]",[91],True,368310.0,,,,,,,,,,,
2465908261.0,856,84,37.0,161,30.3,36.7,89,"{'value': 2, 'displayName': 'SecondHalf'}","{'value': 49, 'displayName': 'BallRecovery'}","{'value': 1, 'displayName': 'Successful'}",[],[93],False,238244.0,,,,,,,,,,,
2465908271.0,857,84,37.0,161,30.3,36.7,89,"{'value': 2, 'displayName': 'SecondHalf'}","{'value': 1, 'displayName': 'Pass'}","{'value': 0, 'displayName': 'Unsuccessful'}","[{'type': {'value': 213, 'displayName': 'Angle'}, 'value': '0.3'}, {'type': {'value': 56, 'displayName': 'Zone'}, 'value': 'Center'}, {'type': {'value': 140, 'displayName': 'PassEndX'}, 'value': '66.6'}, {'type': {'value': 1, 'displayName': 'Longball'}}, {'type': {'value': 178, 'displayName': 'StandingSave'}}, {'type': {'value': 212, 'displayName': 'Length'}, 'value': '40.1'}, {'type': {'value': 141, 'displayName': 'PassEndY'}, 'value': '54.8'}]","[91, 120, 128, 36, 37, 216, 218]",True,238244.0,66.6,54.8,,,,,,,,,
2465908319.0,627,84,39.0,29,35.2,44.3,89,"{'value': 2, 'displayName': 'SecondHalf'}","{'value': 1, 'displayName': 'Pass'}","{'value': 1, 'displayName': 'Successful'}","[{'type': {'value': 140, 'displayName': 'PassEndX'}, 'value': '29.3'}, {'type': {'value': 141, 'displayName': 'PassEndY'}, 'value': '10.3'}, {'type': {'value': 56, 'displayName': 'Zone'}, 'value': 'Back'}, {'type': {'value': 178, 'displayName': 'StandingSave'}}, {'type': {'value': 212, 'displayName': 'Length'}, 'value': '23.9'}, {'type': {'value': 3, 'displayName': 'HeadPass'}}, {'type': {'value': 213, 'displayName': 'Angle'}, 'value': '4.5'}]","[91, 117, 30, 139, 35, 38, 215, 218]",True,73063.0,29.3,10.3,,,,,,,,,
2465908325.0,628,84,43.0,29,29.3,10.3,89,"{'value': 2, 'displayName': 'SecondHalf'}","{'value': 49, 'displayName': 'BallRecovery'}","{'value': 1, 'displayName': 'Successful'}",[],[93],False,255167.0,,,,,,,,,,,
2465908395.0,629,84,45.0,29,28.2,10.9,89,"{'value': 2, 'displayName': 'SecondHalf'}","{'value': 1, 'displayName': 'Pass'}","{'value': 1, 'displayName': 'Successful'}","[{'type': {'value': 56, 'displayName': 'Zone'}, 'value': 'Back'}, {'type': {'value': 213, 'displayName': 'Angle'}, 'value': '2.2'}, {'type': {'value': 140, 'displayName': 'PassEndX'}, 'value': '23.1'}, {'type': {'value': 212, 'displayName': 'Length'}, 'value': '9.3'}, {'type': {'value': 178, 'displayName': 'StandingSave'}}, {'type': {'value': 141, 'displayName': 'PassEndY'}, 'value': '22.0'}]","[91, 117, 30, 35, 37, 215, 218]",True,255167.0,23.1,22.0,,,,,,,,,
2465908423.0,630,84,49.0,29,23.1,22.0,89,"{'value': 2, 'displayName': 'SecondHalf'}","{'value': 1, 'displayName': 'Pass'}","{'value': 1, 'displayName': 'Successful'}","[{'type': {'value': 56, 'displayName': 'Zone'}, 'value': 'Back'}, {'type': {'value': 141, 'displayName': 'PassEndY'}, 'value': '51.3'}, {'type': {'value': 212, 'displayName': 'Length'}, 'value': '26.3'}, {'type': {'value': 213, 'displayName': 'Angle'}, 'value': '2.3'}, {'type': {'value': 178, 'displayName': 'StandingSave'}}, {'type': {'value': 140, 'displayName': 'PassEndX'}, 'value': '6.8'}]","[91, 117, 30, 35, 37, 215, 218]",True,73063.0,6.8,51.3,,,,,,,,,
2465908457.0,631,84,51.0,29,6.8,51.3,89,"{'value': 2, 'displayName': 'SecondHalf'}","{'value': 1, 'displayName': 'Pass'}","{'value': 1, 'displayName': 'Successful'}","[{'type': {'value': 178, 'displayName': 'StandingSave'}}, {'type': {'value': 56, 'displayName': 'Zone'}, 'value': 'Back'}, {'type': {'value': 213, 'displayName': 'Angle'}, 'value': '1.2'}, {'type': {'value': 140, 'displayName': 'PassEndX'}, 'value': '12.1'}, {'type': {'value': 212, 'displayName': 'Length'}, 'value': '16.6'}, {'type': {'value': 141, 'displayName': 'PassEndY'}, 'value': '74.3'}]","[91, 117, 30, 36, 37, 215, 218]",True,20973.0,12.1,74.3,,,,,,,,,
2465908475.0,632,84,56.0,29,15.5,84.3,89,"{'value': 2, 'displayName': 'SecondHalf'}","{'value': 1, 'displayName': 'Pass'}","{'value': 1, 'displayName': 'Successful'}","[{'type': {'value': 178, 'displayName': 'StandingSave'}}, {'type': {'value': 140, 'displayName': 'PassEndX'}, 'value': '21.6'}, {'type': {'value': 56, 'displayName': 'Zone'}, 'value': 'Back'}, {'type': {'value': 141, 'displayName': 'PassEndY'}, 'value': '96.5'}, {'type': {'value': 213, 'displayName': 'Angle'}, 'value': '0.9'}, {'type': {'value': 212, 'displayName': 'Length'}, 'value': '10.5'}]","[91, 117, 30, 36, 37, 215, 218]",True,106086.0,21.6,96.5,,,,,,,,,
2465908503.0,633,84,57.0,29,23.8,95.7,89,"{'value': 2, 'displayName': 'SecondHalf'}","{'value': 1, 'displayName': 'Pass'}","{'value': 1, 'displayName': 'Successful'}","[{'type': {'value': 141, 'displayName': 'PassEndY'}, 'value': '79.2'}, {'type': {'value': 213, 'displayName': 'Angle'}, 'value': '4.8'}, {'type': {'value': 56, 'displayName': 'Zone'}, 'value': 'Back'}, {'type': {'value': 178, 'displayName': 'StandingSave'}}, {'type': {'value': 212, 'displayName': 'Length'}, 'value': '11.3'}, {'type': {'value': 140, 'displayName': 'PassEndX'}, 'value': '24.8'}]","[91, 117, 30, 36, 38, 215, 218]",True,68049.0,24.8,79.2,,,,,,,,,
2465908523.0,634,84,59.0,29,24.1,83.4,89,"{'value': 2, 'displayName': 'SecondHalf'}","{'value': 1, 'displayName': 'Pass'}","{'value': 1, 'displayName': 'Successful'}","[{'type': {'value': 213, 'displayName': 'Angle'}, 'value': '3.1'}, {'type': {'value': 212, 'displayName': 'Length'}, 'value': '13.6'}, {'type': {'value': 178, 'displayName': 'StandingSave'}}, {'type': {'value': 140, 'displayName': 'PassEndX'}, 'value': '11.2'}, {'type': {'value': 141, 'displayName': 'PassEndY'}, 'value': '84.6'}, {'type': {'value': 56, 'displayName': 'Zone'}, 'value': 'Back'}]","[91, 117, 30, 35, 37, 215, 218]",True,332325.0,11.2,84.6,,,,,,,,,
2465908549.0,635,85,1.0,29,9.8,83.9,90,"{'value': 2, 'displayName': 'SecondHalf'}","{'value': 1, 'displayName': 'Pass'}","{'value': 1, 'displayName': 'Successful'}","[{'type': {'value': 213, 'displayName': 'Angle'}, 'value': '4.3'}, {'type': {'value': 178, 'displayName': 'StandingSave'}}, {'type': {'value': 141, 'displayName': 'PassEndY'}, 'value': '59.6'}, {'type': {'value': 140, 'displayName': 'PassEndX'}, 'value': '2.3'}, {'type': {'value': 56, 'displayName': 'Zone'}, 'value': 'Back'}, {'type': {'value': 212, 'displayName': 'Length'}, 'value': '18.3'}]","[91, 117, 30, 35, 38, 215, 218]",True,106086.0,2.3,59.6,,,,,,,,,
2465908573.0,636,85,4.0,29,4.1,53.7,90,"{'value': 2, 'displayName': 'SecondHalf'}","{'value': 1, 'displayName': 'Pass'}","{'value': 1, 'displayName': 'Successful'}","[{'type': {'value': 56, 'displayName': 'Zone'}, 'value': 'Back'}, {'type': {'value': 141, 'displayName': 'PassEndY'}, 'value': '4.6'}, {'type': {'value': 1, 'displayName': 'Longball'}}, {'type': {'value': 140, 'displayName': 'PassEndX'}, 'value': '33.6'}, {'type': {'value': 155, 'displayName': 'Chipped'}}, {'type': {'value': 212, 'displayName': 'Length'}, 'value': '45.5'}, {'type': {'value': 178, 'displayName': 'StandingSave'}}, {'type': {'value': 213, 'displayName': 'Angle'}, 'value': '5.5'}]","[91, 117, 124, 127, 36, 38, 216, 218]",True,20973.0,33.6,4.6,,,,,,,,,
2465908577.0,637,85,7.0,29,33.6,4.6,90,"{'value': 2, 'displayName': 'SecondHalf'}","{'value': 1, 'displayName': 'Pass'}","{'value': 0, 'displayName': 'Unsuccessful'}","[{'type': {'value': 141, 'displayName': 'PassEndY'}, 'value': '6.2'}, {'type': {'value': 3, 'displayName': 'HeadPass'}}, {'type': {'value': 56, 'displayName': 'Zone'}, 'value': 'Back'}, {'type': {'value': 140, 'displayName': 'PassEndX'}, 'value': '38.1'}, {'type': {'value': 212, 'displayName': 'Length'}, 'value': '4.8'}, {'type': {'value': 178, 'displayName': 'StandingSave'}}, {'type': {'value': 213, 'displayName': 'Angle'}, 'value': '0.2'}]","[91, 118, 120, 29, 139, 36, 37, 216, 218]",True,255167.0,38.1,6.2,,,,,,,,,
2465908667.0,638,85,7.0,29,43.1,10.9,90,"{'value': 2, 'displayName': 'SecondHalf'}","{'value': 4, 'displayName': 'Foul'}","{'value': 1, 'displayName': 'Successful'}","[{'type': {'value': 233, 'displayName': 'OppositeRelatedEvent'}, 'value': '858'}, {'type': {'value': 286, 'displayName': 'Offensive'}}, {'type': {'value': 56, 'displayName': 'Zone'}, 'value': 'Back'}]","[91, 63]",True,,,,,,,,,,,,
2465908585.0,858,85,7.0,161,56.9,89.1,90,"{'value': 2, 'displayName': 'SecondHalf'}","{'value': 4, 'displayName': 'Foul'}","{'value': 0, 'displayName': 'Unsuccessful'}","[{'type': {'value': 178, 'displayName': 'StandingSave'}}, {'type': {'value': 233, 'displayName': 'OppositeRelatedEvent'}, 'value': '638'}, {'type': {'value': 285, 'displayName': 'Defensive'}}, {'type': {'value': 56, 'displayName': 'Zone'}, 'value': 'Left'}]",[64],False,355401.0,,,,,,,,,,,
2465909041.0,640,85,43.0,29,34.5,25.9,90,"{'value': 2, 'displayName': 'SecondHalf'}","{'value': 1, 'displayName': 'Pass'}","{'value': 1, 'displayName': 'Successful'}","[{'type': {'value': 178, 'displayName': 'StandingSave'}}, {'type': {'value': 5, 'displayName': 'FreekickTaken'}}, {'type': {'value': 213, 'displayName': 'Angle'}, 'value': '0.6'}, {'type': {'value': 1, 'displayName': 'Longball'}}, {'type': {'value': 140, 'displayName': 'PassEndX'}, 'value': '71.9'}, {'type': {'value': 141, 'displayName': 'PassEndY'}, 'value': '65.3'}, {'type': {'value': 56, 'displayName': 'Zone'}, 'value': 'Center'}, {'type': {'value': 155, 'displayName': 'Chipped'}}, {'type': {'value': 212, 'displayName': 'Length'}, 'value': '47.5'}]","[91, 119, 117, 124, 127, 132, 205, 36, 37, 217, 218]",True,73063.0,71.9,65.3,,,,,,,,,
2465909045.0,641,85,46.0,29,65.8,69.4,90,"{'value': 2, 'displayName': 'SecondHalf'}","{'value': 50, 'displayName': 'Dispossessed'}","{'value': 1, 'displayName': 'Successful'}","[{'type': {'value': 233, 'displayName': 'OppositeRelatedEvent'}, 'value': '861'}, {'type': {'value': 56, 'displayName': 'Zone'}, 'value': 'Center'}, {'type': {'value': 286, 'displayName': 'Offensive'}}]","[91, 70]",True,69517.0,,,,,,,,,,,
2465909057.0,861,85,48.0,161,34.2,30.6,90,"{'value': 2, 'displayName': 'SecondHalf'}","{'value': 7, 'displayName': 'Tackle'}","{'value': 0, 'displayName': 'Unsuccessful'}","[{'type': {'value': 233, 'displayName': 'OppositeRelatedEvent'}, 'value': '641'}, {'type': {'value': 178, 'displayName': 'StandingSave'}}, {'type': {'value': 285, 'displayName': 'Defensive'}}, {'type': {'value': 56, 'displayName': 'Zone'}, 'value': 'Back'}]","[91, 142]",True,140088.0,,,,,,,,,,,
2465909089.0,642,85,49.0,29,67.8,75.2,90,"{'value': 2, 'displayName': 'SecondHalf'}","{'value': 1, 'displayName': 'Pass'}","{'value': 1, 'displayName': 'Successful'}","[{'type': {'value': 212, 'displayName': 'Length'}, 'value': '10.7'}, {'type': {'value': 140, 'displayName': 'PassEndX'}, 'value': '68.2'}, {'type': {'value': 141, 'displayName': 'PassEndY'}, 'value': '90.9'}, {'type': {'value': 213, 'displayName': 'Angle'}, 'value': '1.5'}, {'type': {'value': 178, 'displayName': 'StandingSave'}}, {'type': {'value': 56, 'displayName': 'Zone'}, 'value': 'Left'}]","[91, 119, 117, 30, 205, 36, 37, 217, 218]",True,69517.0,68.2,90.9,,,,,,,,,
2465909153.0,643,85,50.0,29,68.3,90.9,90,"{'value': 2, 'displayName': 'SecondHalf'}","{'value': 1, 'displayName': 'Pass'}","{'value': 1, 'displayName': 'Successful'}","[{'type': {'value': 141, 'displayName': 'PassEndY'}, 'value': '85.1'}, {'type': {'value': 56, 'displayName': 'Zone'}, 'value': 'Left'}, {'type': {'value': 140, 'displayName': 'PassEndX'}, 'value': '59.6'}, {'type': {'value': 212, 'displayName': 'Length'}, 'value': '10.0'}, {'type': {'value': 178, 'displayName': 'StandingSave'}}, {'type': {'value': 213, 'displayName': 'Angle'}, 'value': '3.5'}]","[91, 119, 117, 30, 35, 38, 216, 218]",True,68049.0,59.6,85.1,,,,,,,,,
2465909175.0,644,85,53.0,29,59.6,85.1,90,"{'value': 2, 'displayName': 'SecondHalf'}","{'value': 1, 'displayName': 'Pass'}","{'value': 1, 'displayName': 'Successful'}","[{'type': {'value': 56, 'displayName': 'Zone'}, 'value': 'Left'}, {'type': {'value': 140, 'displayName': 'PassEndX'}, 'value': '67.6'}, {'type': {'value': 178, 'displayName': 'StandingSave'}}, {'type': {'value': 212, 'displayName': 'Length'}, 'value': '11.6'}, {'type': {'value': 141, 'displayName': 'PassEndY'}, 'value': '96.8'}, {'type': {'value': 213, 'displayName': 'Angle'}, 'value': '0.8'}]","[91, 119, 117, 30, 205, 36, 37, 217, 218]",True,332325.0,67.6,96.8,,,,,,,,,
2465909187.0,645,85,55.0,29,67.6,96.8,90,"{'value': 2, 'displayName': 'SecondHalf'}","{'value': 1, 'displayName': 'Pass'}","{'value': 0, 'displayName': 'Unsuccessful'}","[{'type': {'value': 141, 'displayName': 'PassEndY'}, 'value': '96.0'}, {'type': {'value': 213, 'displayName': 'Angle'}, 'value': '6.1'}, {'type': {'value': 178, 'displayName': 'StandingSave'}}, {'type': {'value': 140, 'displayName': 'PassEndX'}, 'value': '71.4'}, {'type': {'value': 56, 'displayName': 'Zone'}, 'value': 'Left'}, {'type': {'value': 212, 'displayName': 'Length'}, 'value': '4.0'}]","[91, 120, 29, 36, 38, 217, 218]",True,68049.0,71.4,96.0,,,,,,,,,
2465909241.0,863,85,55.0,161,19.9,4.9,90,"{'value': 2, 'displayName': 'SecondHalf'}","{'value': 8, 'displayName': 'Interception'}","{'value': 1, 'displayName': 'Successful'}","[{'type': {'value': 56, 'displayName': 'Zone'}, 'value': 'Back'}, {'type': {'value': 178, 'displayName': 'StandingSave'}}]","[91, 101, 56]",True,115917.0,,,,,,,,,,,
2465909389.0,647,86,7.0,29,73.4,100.0,91,"{'value': 2, 'displayName': 'SecondHalf'}","{'value': 1, 'displayName': 'Pass'}","{'value': 1, 'displayName': 'Successful'}","[{'type': {'value': 213, 'displayName': 'Angle'}, 'value': '5.5'}, {'type': {'value': 141, 'displayName': 'PassEndY'}, 'value': '82.8'}, {'type': {'value': 107, 'displayName': 'ThrowIn'}}, {'type': {'value': 140, 'displayName': 'PassEndX'}, 'value': '85.3'}, {'type': {'value': 56, 'displayName': 'Zone'}, 'value': 'Left'}, {'type': {'value': 212, 'displayName': 'Length'}, 'value': '17.9'}]","[91, 212, 36, 38, 217]",True,68049.0,85.3,82.8,,,,,,,,,
2465909399.0,648,86,8.0,29,85.3,82.8,91,"{'value': 2, 'displayName': 'SecondHalf'}","{'value': 1, 'displayName': 'Pass'}","{'value': 0, 'displayName': 'Unsuccessful'}","[{'type': {'value': 141, 'displayName': 'PassEndY'}, 'value': '100.0'}, {'type': {'value': 3, 'displayName': 'HeadPass'}}, {'type': {'value': 212, 'displayName': 'Length'}, 'value': '14.4'}, {'type': {'value': 56, 'displayName': 'Zone'}, 'value': 'Left'}, {'type': {'value': 178, 'displayName': 'StandingSave'}}, {'type': {'value': 156, 'displayName': 'LayOff'}}, {'type': {'value': 140, 'displayName': 'PassEndX'}, 'value': '78.9'}, {'type': {'value': 213, 'displayName': 'Angle'}, 'value': '2.1'}]","[91, 120, 29, 139, 35, 37, 217, 218]",True,69517.0,78.9,100.0,,,,,,,,,
2465909639.0,866,86,20.0,161,21.3,0.0,91,"{'value': 2, 'displayName': 'SecondHalf'}","{'value': 1, 'displayName': 'Pass'}","{'value': 1, 'displayName': 'Successful'}","[{'type': {'value': 107, 'displayName': 'ThrowIn'}}, {'type': {'value': 212, 'displayName': 'Length'}, 'value': '16.2'}, {'type': {'value': 213, 'displayName': 'Angle'}, 'value': '0.9'}, {'type': {'value': 141, 'displayName': 'PassEndY'}, 'value': '18.0'}, {'type': {'value': 56, 'displayName': 'Zone'}, 'value': 'Back'}, {'type': {'value': 140, 'displayName': 'PassEndX'}, 'value': '30.5'}]","[91, 212, 36, 37, 215]",True,115917.0,30.5,18.0,,,,,,,,,
2465909691.0,867,86,21.0,161,30.5,18.0,91,"{'value': 2, 'displayName': 'SecondHalf'}","{'value': 1, 'displayName': 'Pass'}","{'value': 1, 'displayName': 'Successful'}","[{'type': {'value': 141, 'displayName': 'PassEndY'}, 'value': '4.0'}, {'type': {'value': 56, 'displayName': 'Zone'}, 'value': 'Back'}, {'type': {'value': 178, 'displayName': 'StandingSave'}}, {'type': {'value': 212, 'displayName': 'Length'}, 'value': '13.5'}, {'type': {'value': 213, 'displayName': 'Angle'}, 'value': '3.9'}, {'type': {'value': 140, 'displayName': 'PassEndX'}, 'value': '21.4'}]","[91, 117, 30, 35, 38, 215, 218]",True,300513.0,21.4,4.0,,,,,,,,,
2465909763.0,868,86,25.0,161,24.4,7.1,91,"{'value': 2, 'displayName': 'SecondHalf'}","{'value': 1, 'displayName': 'Pass'}","{'value': 1, 'displayName': 'Successful'}","[{'type': {'value': 56, 'displayName': 'Zone'}, 'value': 'Back'}, {'type': {'value': 141, 'displayName': 'PassEndY'}, 'value': '8.6'}, {'type': {'value': 140, 'displayName': 'PassEndX'}, 'value': '13.0'}, {'type': {'value': 178, 'displayName': 'StandingSave'}}, {'type': {'value': 212, 'displayName': 'Length'}, 'value': '12.0'}, {'type': {'value': 213, 'displayName': 'Angle'}, 'value': '3.1'}]","[91, 117, 30, 35, 37, 215, 218]",True,115917.0,13.0,8.6,,,,,,,,,
2465909845.0,869,86,28.0,161,18.1,6.7,91,"{'value': 2, 'displayName': 'SecondHalf'}","{'value': 1, 'displayName': 'Pass'}","{'value': 0, 'displayName': 'Unsuccessful'}","[{'type': {'value': 1, 'displayName': 'Longball'}}, {'type': {'value': 155, 'displayName': 'Chipped'}}, {'type': {'value': 213, 'displayName': 'Angle'}, 'value': '0.3'}, {'type': {'value': 178, 'displayName': 'StandingSave'}}, {'type': {'value': 56, 'displayName': 'Zone'}, 'value': 'Center'}, {'type': {'value': 141, 'displayName': 'PassEndY'}, 'value': '25.6'}, {'type': {'value': 140, 'displayName': 'PassEndX'}, 'value': '57.8'}, {'type': {'value': 212, 'displayName': 'Length'}, 'value': '43.6'}]","[91, 120, 124, 128, 36, 37, 216, 218]",True,238244.0,57.8,25.6,,,,,,,,,
2465910239.0,657,86,31.0,29,43.8,73.2,91,"{'value': 2, 'displayName': 'SecondHalf'}","{'value': 44, 'displayName': 'Aerial'}","{'value': 1, 'displayName': 'Successful'}","[{'type': {'value': 285, 'displayName': 'Defensive'}}, {'type': {'value': 56, 'displayName': 'Zone'}, 'value': 'Back'}, {'type': {'value': 233, 'displayName': 'OppositeRelatedEvent'}, 'value': '870'}]","[197, 200]",False,106086.0,,,,,,,,,,,
2465909853.0,870,86,31.0,161,56.2,26.8,91,"{'value': 2, 'displayName': 'SecondHalf'}","{'value': 44, 'displayName': 'Aerial'}","{'value': 0, 'displayName': 'Unsuccessful'}","[{'type': {'value': 286, 'displayName': 'Offensive'}}, {'type': {'value': 233, 'displayName': 'OppositeRelatedEvent'}, 'value': '657'}, {'type': {'value': 56, 'displayName': 'Zone'}, 'value': 'Center'}]","[198, 199]",False,24248.0,,,,,,,,,,,
2465909817.0,650,86,31.0,29,46.5,72.8,91,"{'value': 2, 'displayName': 'SecondHalf'}","{'value': 1, 'displayName': 'Pass'}","{'value': 0, 'displayName': 'Unsuccessful'}","[{'type': {'value': 213, 'displayName': 'Angle'}, 'value': '4.7'}, {'type': {'value': 140, 'displayName': 'PassEndX'}, 'value': '46.5'}, {'type': {'value': 141, 'displayName': 'PassEndY'}, 'value': '69.8'}, {'type': {'value': 3, 'displayName': 'HeadPass'}}, {'type': {'value': 212, 'displayName': 'Length'}, 'value': '2.0'}, {'type': {'value': 56, 'displayName': 'Zone'}, 'value': 'Back'}]","[91, 118, 120, 29, 139, 38, 216, 218]",True,106086.0,46.5,69.8,,,,,,,,,
2465910171.0,875,86,31.0,161,52.7,29.5,91,"{'value': 2, 'displayName': 'SecondHalf'}","{'value': 61, 'displayName': 'BallTouch'}","{'value': 1, 'displayName': 'Successful'}","[{'type': {'value': 21, 'displayName': 'OtherBodyPart'}}, {'type': {'value': 56, 'displayName': 'Zone'}, 'value': 'Center'}, {'type': {'value': 178, 'displayName': 'StandingSave'}}]",[91],True,24248.0,,,,,,,,,,,
2465909863.0,651,86,33.0,29,43.7,73.2,91,"{'value': 2, 'displayName': 'SecondHalf'}","{'value': 45, 'displayName': 'Challenge'}","{'value': 0, 'displayName': 'Unsuccessful'}","[{'type': {'value': 233, 'displayName': 'OppositeRelatedEvent'}, 'value': '871'}, {'type': {'value': 285, 'displayName': 'Defensive'}}, {'type': {'value': 56, 'displayName': 'Zone'}, 'value': 'Back'}]",[55],False,106086.0,,,,,,,,,,,
2465909921.0,871,86,33.0,161,56.3,26.8,91,"{'value': 2, 'displayName': 'SecondHalf'}","{'value': 3, 'displayName': 'TakeOn'}","{'value': 1, 'displayName': 'Successful'}","[{'type': {'value': 56, 'displayName': 'Zone'}, 'value': 'Center'}, {'type': {'value': 178, 'displayName': 'StandingSave'}}, {'type': {'value': 286, 'displayName': 'Offensive'}}, {'type': {'value': 233, 'displayName': 'OppositeRelatedEvent'}, 'value': '651'}]","[91, 54]",True,300513.0,,,,,,,,,,,
2465909929.0,872,86,35.0,161,66.4,17.6,91,"{'value': 2, 'displayName': 'SecondHalf'}","{'value': 50, 'displayName': 'Dispossessed'}","{'value': 1, 'displayName': 'Successful'}","[{'type': {'value': 233, 'displayName': 'OppositeRelatedEvent'}, 'value': '652'}, {'type': {'value': 286, 'displayName': 'Offensive'}}, {'type': {'value': 56, 'displayName': 'Zone'}, 'value': 'Right'}]","[91, 70]",True,300513.0,,,,,,,,,,,
2465909955.0,652,86,36.0,29,33.6,82.4,91,"{'value': 2, 'displayName': 'SecondHalf'}","{'value': 7, 'displayName': 'Tackle'}","{'value': 1, 'displayName': 'Successful'}","[{'type': {'value': 178, 'displayName': 'StandingSave'}}, {'type': {'value': 233, 'displayName': 'OppositeRelatedEvent'}, 'value': '872'}, {'type': {'value': 56, 'displayName': 'Zone'}, 'value': 'Back'}, {'type': {'value': 285, 'displayName': 'Defensive'}}]","[91, 143]",True,332325.0,,,,,,,,,,,
2465909959.0,653,86,37.0,29,27.1,93.0,91,"{'value': 2, 'displayName': 'SecondHalf'}","{'value': 49, 'displayName': 'BallRecovery'}","{'value': 1, 'displayName': 'Successful'}",[],[93],False,68049.0,,,,,,,,,,,
2465910043.0,654,86,39.0,29,26.2,98.4,91,"{'value': 2, 'displayName': 'SecondHalf'}","{'value': 1, 'displayName': 'Pass'}","{'value': 1, 'displayName': 'Successful'}","[{'type': {'value': 178, 'displayName': 'StandingSave'}}, {'type': {'value': 56, 'displayName': 'Zone'}, 'value': 'Back'}, {'type': {'value': 212, 'displayName': 'Length'}, 'value': '17.0'}, {'type': {'value': 213, 'displayName': 'Angle'}, 'value': '6.2'}, {'type': {'value': 140, 'displayName': 'PassEndX'}, 'value': '42.4'}, {'type': {'value': 141, 'displayName': 'PassEndY'}, 'value': '97.4'}]","[91, 117, 30, 36, 38, 216, 218]",True,68049.0,42.4,97.4,,,,,,,,,
2465910053.0,655,86,41.0,29,45.4,96.4,91,"{'value': 2, 'displayName': 'SecondHalf'}","{'value': 3, 'displayName': 'TakeOn'}","{'value': 0, 'displayName': 'Unsuccessful'}","[{'type': {'value': 56, 'displayName': 'Zone'}, 'value': 'Back'}, {'type': {'value': 178, 'displayName': 'StandingSave'}}, {'type': {'value': 233, 'displayName': 'OppositeRelatedEvent'}, 'value': '873'}, {'type': {'value': 286, 'displayName': 'Offensive'}}]","[91, 53]",True,101955.0,,,,,,,,,,,
2465910051.0,873,86,41.0,161,54.6,3.6,91,"{'value': 2, 'displayName': 'SecondHalf'}","{'value': 7, 'displayName': 'Tackle'}","{'value': 1, 'displayName': 'Successful'}","[{'type': {'value': 56, 'displayName': 'Zone'}, 'value': 'Right'}, {'type': {'value': 285, 'displayName': 'Defensive'}}, {'type': {'value': 178, 'displayName': 'StandingSave'}}, {'type': {'value': 233, 'displayName': 'OppositeRelatedEvent'}, 'value': '655'}]","[91, 143]",True,140088.0,,,,,,,,,,,
2465910371.0,658,87,3.0,29,50.7,100.0,92,"{'value': 2, 'displayName': 'SecondHalf'}","{'value': 1, 'displayName': 'Pass'}","{'value': 1, 'displayName': 'Successful'}","[{'type': {'value': 107, 'displayName': 'ThrowIn'}}, {'type': {'value': 141, 'displayName': 'PassEndY'}, 'value': '90.0'}, {'type': {'value': 213, 'displayName': 'Angle'}, 'value': '5.1'}, {'type': {'value': 212, 'displayName': 'Length'}, 'value': '8.2'}, {'type': {'value': 56, 'displayName': 'Zone'}, 'value': 'Left'}, {'type': {'value': 140, 'displayName': 'PassEndX'}, 'value': '53.8'}]","[91, 212, 36, 38, 216]",True,68049.0,53.8,90.0,,,,,,,,,
2465910407.0,659,87,4.0,29,53.8,90.0,92,"{'value': 2, 'displayName': 'SecondHalf'}","{'value': 1, 'displayName': 'Pass'}","{'value': 1, 'displayName': 'Successful'}","[{'type': {'value': 140, 'displayName': 'PassEndX'}, 'value': '54.7'}, {'type': {'value': 56, 'displayName': 'Zone'}, 'value': 'Left'}, {'type': {'value': 213, 'displayName': 'Angle'}, 'value': '1.4'}, {'type': {'value': 141, 'displayName': 'PassEndY'}, 'value': '96.8'}, {'type': {'value': 178, 'displayName': 'StandingSave'}}, {'type': {'value': 212, 'displayName': 'Length'}, 'value': '4.7'}]","[91, 119, 117, 30, 36, 37, 216, 218]",True,332325.0,54.7,96.8,,,,,,,,,
2465910471.0,660,87,5.0,29,54.7,96.8,92,"{'value': 2, 'displayName': 'SecondHalf'}","{'value': 1, 'displayName': 'Pass'}","{'value': 0, 'displayName': 'Unsuccessful'}","[{'type': {'value': 141, 'displayName': 'PassEndY'}, 'value': '91.5'}, {'type': {'value': 213, 'displayName': 'Angle'}, 'value': '6.2'}, {'type': {'value': 178, 'displayName': 'StandingSave'}}, {'type': {'value': 212, 'displayName': 'Length'}, 'value': '38.2'}, {'type': {'value': 1, 'displayName': 'Longball'}}, {'type': {'value': 155, 'displayName': 'Chipped'}}, {'type': {'value': 140, 'displayName': 'PassEndX'}, 'value': '90.9'}, {'type': {'value': 56, 'displayName': 'Zone'}, 'value': 'Left'}]","[91, 120, 124, 128, 36, 38, 217, 218]",True,68049.0,90.9,91.5,,,,,,,,,
2465910467.0,876,87,9.0,161,11.4,11.7,92,"{'value': 2, 'displayName': 'SecondHalf'}","{'value': 49, 'displayName': 'BallRecovery'}","{'value': 1, 'displayName': 'Successful'}",[],[93],False,238244.0,,,,,,,,,,,
2465910595.0,877,87,11.0,161,3.0,4.4,92,"{'value': 2, 'displayName': 'SecondHalf'}","{'value': 1, 'displayName': 'Pass'}","{'value': 1, 'displayName': 'Successful'}","[{'type': {'value': 178, 'displayName': 'StandingSave'}}, {'type': {'value': 1, 'displayName': 'Longball'}}, {'type': {'value': 212, 'displayName': 'Length'}, 'value': '29.6'}, {'type': {'value': 140, 'displayName': 'PassEndX'}, 'value': '30.6'}, {'type': {'value': 213, 'displayName': 'Angle'}, 'value': '0.2'}, {'type': {'value': 141, 'displayName': 'PassEndY'}, 'value': '13.4'}, {'type': {'value': 56, 'displayName': 'Zone'}, 'value': 'Back'}]","[91, 117, 127, 36, 37, 215, 218]",True,238244.0,30.6,13.4,,,,,,,,,
2465910601.0,878,87,13.0,161,30.6,13.4,92,"{'value': 2, 'displayName': 'SecondHalf'}","{'value': 61, 'displayName': 'BallTouch'}","{'value': 0, 'displayName': 'Unsuccessful'}","[{'type': {'value': 178, 'displayName': 'StandingSave'}}, {'type': {'value': 56, 'displayName': 'Zone'}, 'value': 'Back'}]","[91, 69]",True,140088.0,,,,,,,,,,,
2465910593.0,661,87,15.0,29,61.4,78.9,92,"{'value': 2, 'displayName': 'SecondHalf'}","{'value': 49, 'displayName': 'BallRecovery'}","{'value': 1, 'displayName': 'Successful'}",[],[93],False,297203.0,,,,,,,,,,,
2465910625.0,662,87,15.0,29,61.4,78.9,92,"{'value': 2, 'displayName': 'SecondHalf'}","{'value': 1, 'displayName': 'Pass'}","{'value': 0, 'displayName': 'Unsuccessful'}","[{'type': {'value': 56, 'displayName': 'Zone'}, 'value': 'Center'}, {'type': {'value': 212, 'displayName': 'Length'}, 'value': '28.1'}, {'type': {'value': 178, 'displayName': 'StandingSave'}}, {'type': {'value': 140, 'displayName': 'PassEndX'}, 'value': '71.5'}, {'type': {'value': 213, 'displayName': 'Angle'}, 'value': '5.1'}, {'type': {'value': 141, 'displayName': 'PassEndY'}, 'value': '40.7'}]","[91, 120, 29, 36, 38, 217, 218]",True,297203.0,71.5,40.7,,,,,,,,,
2465910613.0,879,87,17.0,161,24.5,62.0,92,"{'value': 2, 'displayName': 'SecondHalf'}","{'value': 49, 'displayName': 'BallRecovery'}","{'value': 1, 'displayName': 'Successful'}",[],[93],False,355401.0,,,,,,,,,,,
2465910793.0,880,87,22.0,161,57.2,65.5,92,"{'value': 2, 'displayName': 'SecondHalf'}","{'value': 1, 'displayName': 'Pass'}","{'value': 1, 'displayName': 'Successful'}","[{'type': {'value': 212, 'displayName': 'Length'}, 'value': '21.0'}, {'type': {'value': 178, 'displayName': 'StandingSave'}}, {'type': {'value': 213, 'displayName': 'Angle'}, 'value': '1.1'}, {'type': {'value': 56, 'displayName': 'Zone'}, 'value': 'Left'}, {'type': {'value': 141, 'displayName': 'PassEndY'}, 'value': '92.6'}, {'type': {'value': 140, 'displayName': 'PassEndX'}, 'value': '66.7'}]","[91, 119, 117, 30, 205, 36, 37, 217, 218]",True,355401.0,66.7,92.6,,,,,,,,,
2465910867.0,881,87,26.0,161,69.1,92.3,92,"{'value': 2, 'displayName': 'SecondHalf'}","{'value': 1, 'displayName': 'Pass'}","{'value': 1, 'displayName': 'Successful'}","[{'type': {'value': 213, 'displayName': 'Angle'}, 'value': '6.2'}, {'type': {'value': 178, 'displayName': 'StandingSave'}}, {'type': {'value': 212, 'displayName': 'Length'}, 'value': '21.8'}, {'type': {'value': 140, 'displayName': 'PassEndX'}, 'value': '89.8'}, {'type': {'value': 56, 'displayName': 'Zone'}, 'value': 'Left'}, {'type': {'value': 141, 'displayName': 'PassEndY'}, 'value': '91.1'}]","[91, 119, 117, 30, 205, 36, 38, 217, 218]",True,386973.0,89.8,91.1,,,,,,,,,
2465910881.0,882,87,30.0,161,93.8,97.3,92,"{'value': 2, 'displayName': 'SecondHalf'}","{'value': 3, 'displayName': 'TakeOn'}","{'value': 0, 'displayName': 'Unsuccessful'}","[{'type': {'value': 178, 'displayName': 'StandingSave'}}, {'type': {'value': 233, 'displayName': 'OppositeRelatedEvent'}, 'value': '663'}, {'type': {'value': 56, 'displayName': 'Zone'}, 'value': 'Left'}, {'type': {'value': 286, 'displayName': 'Offensive'}}]","[91, 53]",True,355401.0,,,,,,,,,,,
2465910905.0,663,87,31.0,29,6.2,2.7,92,"{'value': 2, 'displayName': 'SecondHalf'}","{'value': 7, 'displayName': 'Tackle'}","{'value': 1, 'displayName': 'Successful'}","[{'type': {'value': 56, 'displayName': 'Zone'}, 'value': 'Back'}, {'type': {'value': 233, 'displayName': 'OppositeRelatedEvent'}, 'value': '882'}, {'type': {'value': 178, 'displayName': 'StandingSave'}}, {'type': {'value': 285, 'displayName': 'Defensive'}}]","[91, 143]",True,143595.0,,,,,,,,,,,
2465910915.0,664,87,31.0,29,6.5,3.2,92,"{'value': 2, 'displayName': 'SecondHalf'}","{'value': 49, 'displayName': 'BallRecovery'}","{'value': 1, 'displayName': 'Successful'}",[],[93],False,143595.0,,,,,,,,,,,
2465910931.0,665,87,32.0,29,7.2,4.3,92,"{'value': 2, 'displayName': 'SecondHalf'}","{'value': 1, 'displayName': 'Pass'}","{'value': 1, 'displayName': 'Successful'}","[{'type': {'value': 212, 'displayName': 'Length'}, 'value': '8.6'}, {'type': {'value': 56, 'displayName': 'Zone'}, 'value': 'Back'}, {'type': {'value': 140, 'displayName': 'PassEndX'}, 'value': '13.1'}, {'type': {'value': 213, 'displayName': 'Angle'}, 'value': '0.8'}, {'type': {'value': 141, 'displayName': 'PassEndY'}, 'value': '13.0'}, {'type': {'value': 178, 'displayName': 'StandingSave'}}]","[91, 117, 30, 36, 37, 215, 218]",True,143595.0,13.1,13.0,,,,,,,,,
2465911003.0,666,87,33.0,29,13.1,13.0,92,"{'value': 2, 'displayName': 'SecondHalf'}","{'value': 1, 'displayName': 'Pass'}","{'value': 1, 'displayName': 'Successful'}","[{'type': {'value': 178, 'displayName': 'StandingSave'}}, {'type': {'value': 213, 'displayName': 'Angle'}, 'value': '6.1'}, {'type': {'value': 212, 'displayName': 'Length'}, 'value': '17.5'}, {'type': {'value': 140, 'displayName': 'PassEndX'}, 'value': '29.6'}, {'type': {'value': 141, 'displayName': 'PassEndY'}, 'value': '9.2'}, {'type': {'value': 56, 'displayName': 'Zone'}, 'value': 'Back'}]","[91, 117, 30, 36, 38, 215, 218]",True,297203.0,29.6,9.2,,,,,,,,,
2465911011.0,667,87,36.0,29,36.2,16.4,92,"{'value': 2, 'displayName': 'SecondHalf'}","{'value': 4, 'displayName': 'Foul'}","{'value': 1, 'displayName': 'Successful'}","[{'type': {'value': 13, 'displayName': 'Foul'}}, {'type': {'value': 233, 'displayName': 'OppositeRelatedEvent'}, 'value': '883'}, {'type': {'value': 56, 'displayName': 'Zone'}, 'value': 'Back'}, {'type': {'value': 286, 'displayName': 'Offensive'}}]","[91, 63]",True,322596.0,,,,,,,,,,,
2465911039.0,883,87,36.0,161,63.8,83.6,92,"{'value': 2, 'displayName': 'SecondHalf'}","{'value': 4, 'displayName': 'Foul'}","{'value': 0, 'displayName': 'Unsuccessful'}","[{'type': {'value': 233, 'displayName': 'OppositeRelatedEvent'}, 'value': '667'}, {'type': {'value': 13, 'displayName': 'Foul'}}, {'type': {'value': 56, 'displayName': 'Zone'}, 'value': 'Left'}, {'type': {'value': 178, 'displayName': 'StandingSave'}}, {'type': {'value': 285, 'displayName': 'Defensive'}}]",[64],False,386612.0,,,,,,,,,,,
2465911605.0,668,88,7.0,29,33.4,20.5,93,"{'value': 2, 'displayName': 'SecondHalf'}","{'value': 1, 'displayName': 'Pass'}","{'value': 1, 'displayName': 'Successful'}","[{'type': {'value': 56, 'displayName': 'Zone'}, 'value': 'Left'}, {'type': {'value': 155, 'displayName': 'Chipped'}}, {'type': {'value': 5, 'displayName': 'FreekickTaken'}}, {'type': {'value': 140, 'displayName': 'PassEndX'}, 'value': '68.8'}, {'type': {'value': 1, 'displayName': 'Longball'}}, {'type': {'value': 141, 'displayName': 'PassEndY'}, 'value': '79.5'}, {'type': {'value': 213, 'displayName': 'Angle'}, 'value': '0.8'}, {'type': {'value': 178, 'displayName': 'StandingSave'}}, {'type': {'value': 212, 'displayName': 'Length'}, 'value': '54.7'}]","[91, 119, 117, 124, 127, 132, 205, 36, 37, 217, 218]",True,73063.0,68.8,79.5,,,,,,,,,
2465911637.0,669,88,13.0,29,69.5,79.5,93,"{'value': 2, 'displayName': 'SecondHalf'}","{'value': 1, 'displayName': 'Pass'}","{'value': 1, 'displayName': 'Successful'}","[{'type': {'value': 141, 'displayName': 'PassEndY'}, 'value': '79.7'}, {'type': {'value': 178, 'displayName': 'StandingSave'}}, {'type': {'value': 56, 'displayName': 'Zone'}, 'value': 'Left'}, {'type': {'value': 212, 'displayName': 'Length'}, 'value': '14.6'}, {'type': {'value': 140, 'displayName': 'PassEndX'}, 'value': '55.6'}, {'type': {'value': 213, 'displayName': 'Angle'}, 'value': '3.1'}]","[91, 119, 117, 30, 35, 37, 216, 218]",True,69517.0,55.6,79.7,,,,,,,,,
2465911675.0,670,88,16.0,29,55.9,80.3,93,"{'value': 2, 'displayName': 'SecondHalf'}","{'value': 1, 'displayName': 'Pass'}","{'value': 1, 'displayName': 'Successful'}","[{'type': {'value': 178, 'displayName': 'StandingSave'}}, {'type': {'value': 56, 'displayName': 'Zone'}, 'value': 'Left'}, {'type': {'value': 213, 'displayName': 'Angle'}, 'value': '1.3'}, {'type': {'value': 141, 'displayName': 'PassEndY'}, 'value': '93.5'}, {'type': {'value': 212, 'displayName': 'Length'}, 'value': '9.3'}, {'type': {'value': 140, 'displayName': 'PassEndX'}, 'value': '58.2'}]","[91, 119, 117, 30, 36, 37, 216, 218]",True,332325.0,58.2,93.5,,,,,,,,,
2465911777.0,671,88,18.0,29,58.2,93.9,93,"{'value': 2, 'displayName': 'SecondHalf'}","{'value': 1, 'displayName': 'Pass'}","{'value': 1, 'displayName': 'Successful'}","[{'type': {'value': 178, 'displayName': 'StandingSave'}}, {'type': {'value': 1, 'displayName': 'Longball'}}, {'type': {'value': 212, 'displayName': 'Length'}, 'value': '38.3'}, {'type': {'value': 141, 'displayName': 'PassEndY'}, 'value': '83.3'}, {'type': {'value': 213, 'displayName': 'Angle'}, 'value': '6.1'}, {'type': {'value': 56, 'displayName': 'Zone'}, 'value': 'Left'}, {'type': {'value': 155, 'displayName': 'Chipped'}}, {'type': {'value': 140, 'displayName': 'PassEndX'}, 'value': '94.0'}]","[91, 119, 117, 124, 127, 205, 36, 38, 217, 218]",True,68049.0,94.0,83.3,,,,,,,,,
2465911797.0,672,88,23.0,29,94.1,80.0,93,"{'value': 2, 'displayName': 'SecondHalf'}","{'value': 1, 'displayName': 'Pass'}","{'value': 0, 'displayName': 'Unsuccessful'}","[{'type': {'value': 140, 'displayName': 'PassEndX'}, 'value': '85.1'}, {'type': {'value': 141, 'displayName': 'PassEndY'}, 'value': '59.4'}, {'type': {'value': 56, 'displayName': 'Zone'}, 'value': 'Center'}, {'type': {'value': 213, 'displayName': 'Angle'}, 'value': '4.1'}, {'type': {'value': 212, 'displayName': 'Length'}, 'value': '16.9'}, {'type': {'value': 178, 'displayName': 'StandingSave'}}]","[91, 120, 29, 35, 38, 217, 218]",True,69517.0,85.1,59.4,,,,,,,,,
2465911829.0,884,88,24.0,161,19.9,38.8,93,"{'value': 2, 'displayName': 'SecondHalf'}","{'value': 49, 'displayName': 'BallRecovery'}","{'value': 1, 'displayName': 'Successful'}",[],[93],False,386612.0,,,,,,,,,,,
2465911959.0,885,88,25.0,161,19.9,38.8,93,"{'value': 2, 'displayName': 'SecondHalf'}","{'value': 1, 'displayName': 'Pass'}","{'value': 1, 'displayName': 'Successful'}","[{'type': {'value': 56, 'displayName': 'Zone'}, 'value': 'Back'}, {'type': {'value': 141, 'displayName': 'PassEndY'}, 'value': '36.0'}, {'type': {'value': 178, 'displayName': 'StandingSave'}}, {'type': {'value': 212, 'displayName': 'Length'}, 'value': '19.6'}, {'type': {'value': 213, 'displayName': 'Angle'}, 'value': '6.2'}, {'type': {'value': 140, 'displayName': 'PassEndX'}, 'value': '38.5'}]","[91, 117, 30, 36, 38, 216, 218]",True,386612.0,38.5,36.0,,,,,,,,,
2465911961.0,886,88,29.0,161,34.5,37.0,93,"{'value': 2, 'displayName': 'SecondHalf'}","{'value': 4, 'displayName': 'Foul'}","{'value': 1, 'displayName': 'Successful'}","[{'type': {'value': 233, 'displayName': 'OppositeRelatedEvent'}, 'value': '673'}, {'type': {'value': 286, 'displayName': 'Offensive'}}, {'type': {'value': 56, 'displayName': 'Zone'}, 'value': 'Back'}, {'type': {'value': 13, 'displayName': 'Foul'}}]","[91, 63]",True,300513.0,,,,,,,,,,,
2465911939.0,673,88,29.0,29,65.5,63.0,93,"{'value': 2, 'displayName': 'SecondHalf'}","{'value': 4, 'displayName': 'Foul'}","{'value': 0, 'displayName': 'Unsuccessful'}","[{'type': {'value': 285, 'displayName': 'Defensive'}}, {'type': {'value': 13, 'displayName': 'Foul'}}, {'type': {'value': 233, 'displayName': 'OppositeRelatedEvent'}, 'value': '886'}, {'type': {'value': 56, 'displayName': 'Zone'}, 'value': 'Center'}, {'type': {'value': 178, 'displayName': 'StandingSave'}}]",[64],False,143595.0,,,,,,,,,,,
2465912079.0,887,88,35.0,161,33.4,36.3,93,"{'value': 2, 'displayName': 'SecondHalf'}","{'value': 1, 'displayName': 'Pass'}","{'value': 1, 'displayName': 'Successful'}","[{'type': {'value': 5, 'displayName': 'FreekickTaken'}}, {'type': {'value': 56, 'displayName': 'Zone'}, 'value': 'Back'}, {'type': {'value': 213, 'displayName': 'Angle'}, 'value': '2.0'}, {'type': {'value': 141, 'displayName': 'PassEndY'}, 'value': '67.0'}, {'type': {'value': 140, 'displayName': 'PassEndX'}, 'value': '25.1'}, {'type': {'value': 178, 'displayName': 'StandingSave'}}, {'type': {'value': 212, 'displayName': 'Length'}, 'value': '22.6'}]","[91, 117, 30, 132, 35, 37, 215, 218]",True,300513.0,25.1,67.0,,,,,,,,,
2465912137.0,888,88,38.0,161,25.1,66.9,93,"{'value': 2, 'displayName': 'SecondHalf'}","{'value': 1, 'displayName': 'Pass'}","{'value': 1, 'displayName': 'Successful'}","[{'type': {'value': 178, 'displayName': 'StandingSave'}}, {'type': {'value': 212, 'displayName': 'Length'}, 'value': '12.1'}, {'type': {'value': 213, 'displayName': 'Angle'}, 'value': '5.6'}, {'type': {'value': 141, 'displayName': 'PassEndY'}, 'value': '56.3'}, {'type': {'value': 56, 'displayName': 'Zone'}, 'value': 'Back'}, {'type': {'value': 140, 'displayName': 'PassEndX'}, 'value': '34.4'}]","[91, 117, 30, 36, 38, 216, 218]",True,355401.0,34.4,56.3,,,,,,,,,
2465912197.0,889,88,41.0,161,39.3,57.9,93,"{'value': 2, 'displayName': 'SecondHalf'}","{'value': 1, 'displayName': 'Pass'}","{'value': 1, 'displayName': 'Successful'}","[{'type': {'value': 212, 'displayName': 'Length'}, 'value': '10.8'}, {'type': {'value': 178, 'displayName': 'StandingSave'}}, {'type': {'value': 140, 'displayName': 'PassEndX'}, 'value': '43.7'}, {'type': {'value': 213, 'displayName': 'Angle'}, 'value': '5.2'}, {'type': {'value': 141, 'displayName': 'PassEndY'}, 'value': '43.6'}, {'type': {'value': 56, 'displayName': 'Zone'}, 'value': 'Back'}]","[91, 117, 30, 36, 38, 216, 218]",True,386612.0,43.7,43.6,,,,,,,,,
2465912233.0,890,88,44.0,161,46.7,43.0,93,"{'value': 2, 'displayName': 'SecondHalf'}","{'value': 1, 'displayName': 'Pass'}","{'value': 1, 'displayName': 'Successful'}","[{'type': {'value': 212, 'displayName': 'Length'}, 'value': '13.4'}, {'type': {'value': 213, 'displayName': 'Angle'}, 'value': '4.8'}, {'type': {'value': 141, 'displayName': 'PassEndY'}, 'value': '23.4'}, {'type': {'value': 56, 'displayName': 'Zone'}, 'value': 'Back'}, {'type': {'value': 140, 'displayName': 'PassEndX'}, 'value': '47.5'}, {'type': {'value': 178, 'displayName': 'StandingSave'}}]","[91, 117, 30, 36, 38, 216, 218]",True,16161.0,47.5,23.4,,,,,,,,,
2465912305.0,891,88,47.0,161,49.5,25.3,93,"{'value': 2, 'displayName': 'SecondHalf'}","{'value': 1, 'displayName': 'Pass'}","{'value': 1, 'displayName': 'Successful'}","[{'type': {'value': 213, 'displayName': 'Angle'}, 'value': '1.7'}, {'type': {'value': 212, 'displayName': 'Length'}, 'value': '20.3'}, {'type': {'value': 140, 'displayName': 'PassEndX'}, 'value': '46.7'}, {'type': {'value': 141, 'displayName': 'PassEndY'}, 'value': '54.9'}, {'type': {'value': 178, 'displayName': 'StandingSave'}}, {'type': {'value': 56, 'displayName': 'Zone'}, 'value': 'Back'}]","[91, 117, 30, 35, 37, 216, 218]",True,115917.0,46.7,54.9,,,,,,,,,
2465912351.0,892,88,52.0,161,55.2,65.5,93,"{'value': 2, 'displayName': 'SecondHalf'}","{'value': 1, 'displayName': 'Pass'}","{'value': 1, 'displayName': 'Successful'}","[{'type': {'value': 213, 'displayName': 'Angle'}, 'value': '1.6'}, {'type': {'value': 141, 'displayName': 'PassEndY'}, 'value': '90.3'}, {'type': {'value': 212, 'displayName': 'Length'}, 'value': '16.9'}, {'type': {'value': 178, 'displayName': 'StandingSave'}}, {'type': {'value': 140, 'displayName': 'PassEndX'}, 'value': '54.6'}, {'type': {'value': 56, 'displayName': 'Zone'}, 'value': 'Left'}]","[91, 119, 117, 30, 35, 37, 216, 218]",True,386612.0,54.6,90.3,,,,,,,,,
2465912385.0,893,88,55.0,161,54.6,90.3,93,"{'value': 2, 'displayName': 'SecondHalf'}","{'value': 1, 'displayName': 'Pass'}","{'value': 1, 'displayName': 'Successful'}","[{'type': {'value': 140, 'displayName': 'PassEndX'}, 'value': '56.0'}, {'type': {'value': 178, 'displayName': 'StandingSave'}}, {'type': {'value': 56, 'displayName': 'Zone'}, 'value': 'Center'}, {'type': {'value': 213, 'displayName': 'Angle'}, 'value': '4.8'}, {'type': {'value': 141, 'displayName': 'PassEndY'}, 'value': '63.3'}, {'type': {'value': 212, 'displayName': 'Length'}, 'value': '18.4'}]","[91, 119, 117, 30, 36, 38, 216, 218]",True,355401.0,56.0,63.3,,,,,,,,,
2465912435.0,894,88,56.0,161,56.0,63.3,93,"{'value': 2, 'displayName': 'SecondHalf'}","{'value': 1, 'displayName': 'Pass'}","{'value': 1, 'displayName': 'Successful'}","[{'type': {'value': 178, 'displayName': 'StandingSave'}}, {'type': {'value': 212, 'displayName': 'Length'}, 'value': '14.4'}, {'type': {'value': 213, 'displayName': 'Angle'}, 'value': '3.1'}, {'type': {'value': 56, 'displayName': 'Zone'}, 'value': 'Back'}, {'type': {'value': 141, 'displayName': 'PassEndY'}, 'value': '63.3'}, {'type': {'value': 140, 'displayName': 'PassEndX'}, 'value': '42.3'}]","[91, 117, 30, 35, 216, 218]",True,16161.0,42.3,63.3,,,,,,,,,
2465912543.0,895,88,57.0,161,45.3,61.0,93,"{'value': 2, 'displayName': 'SecondHalf'}","{'value': 1, 'displayName': 'Pass'}","{'value': 1, 'displayName': 'Successful'}","[{'type': {'value': 140, 'displayName': 'PassEndX'}, 'value': '48.0'}, {'type': {'value': 178, 'displayName': 'StandingSave'}}, {'type': {'value': 56, 'displayName': 'Zone'}, 'value': 'Back'}, {'type': {'value': 141, 'displayName': 'PassEndY'}, 'value': '35.1'}, {'type': {'value': 213, 'displayName': 'Angle'}, 'value': '4.9'}, {'type': {'value': 212, 'displayName': 'Length'}, 'value': '17.8'}]","[91, 117, 30, 36, 38, 216, 218]",True,368310.0,48.0,35.1,,,,,,,,,
2465912579.0,896,89,4.0,161,68.8,21.8,94,"{'value': 2, 'displayName': 'SecondHalf'}","{'value': 1, 'displayName': 'Pass'}","{'value': 0, 'displayName': 'Unsuccessful'}","[{'type': {'value': 56, 'displayName': 'Zone'}, 'value': 'Center'}, {'type': {'value': 141, 'displayName': 'PassEndY'}, 'value': '53.6'}, {'type': {'value': 140, 'displayName': 'PassEndX'}, 'value': '89.2'}, {'type': {'value': 155, 'displayName': 'Chipped'}}, {'type': {'value': 178, 'displayName': 'StandingSave'}}, {'type': {'value': 2, 'displayName': 'Cross'}}, {'type': {'value': 213, 'displayName': 'Angle'}, 'value': '0.8'}, {'type': {'value': 20, 'displayName': 'RightFoot'}}, {'type': {'value': 212, 'displayName': 'Length'}, 'value': '30.4'}]","[91, 137, 124, 126, 36, 37, 217, 218]",True,238244.0,89.2,53.6,,,,,,,,,
2465912613.0,674,89,6.0,29,8.6,43.4,94,"{'value': 2, 'displayName': 'SecondHalf'}","{'value': 12, 'displayName': 'Clearance'}","{'value': 1, 'displayName': 'Successful'}","[{'type': {'value': 213, 'displayName': 'Angle'}, 'value': '0.1'}, {'type': {'value': 56, 'displayName': 'Zone'}, 'value': 'Back'}, {'type': {'value': 178, 'displayName': 'StandingSave'}}, {'type': {'value': 141, 'displayName': 'PassEndY'}, 'value': '46.1'}, {'type': {'value': 140, 'displayName': 'PassEndX'}, 'value': '34.3'}, {'type': {'value': 212, 'displayName': 'Length'}, 'value': '27.0'}]","[91, 94, 95, 216]",True,255167.0,34.3,46.1,,,,,,,,,
2465912641.0,675,89,8.0,29,34.3,46.1,94,"{'value': 2, 'displayName': 'SecondHalf'}","{'value': 1, 'displayName': 'Pass'}","{'value': 1, 'displayName': 'Successful'}","[{'type': {'value': 141, 'displayName': 'PassEndY'}, 'value': '62.1'}, {'type': {'value': 178, 'displayName': 'StandingSave'}}, {'type': {'value': 140, 'displayName': 'PassEndX'}, 'value': '28.7'}, {'type': {'value': 212, 'displayName': 'Length'}, 'value': '12.4'}, {'type': {'value': 3, 'displayName': 'HeadPass'}}, {'type': {'value': 213, 'displayName': 'Angle'}, 'value': '2.1'}, {'type': {'value': 56, 'displayName': 'Zone'}, 'value': 'Back'}]","[91, 117, 30, 139, 35, 37, 215, 218]",True,297203.0,28.7,62.1,,,,,,,,,
2465912649.0,676,89,9.0,29,29.4,62.1,94,"{'value': 2, 'displayName': 'SecondHalf'}","{'value': 49, 'displayName': 'BallRecovery'}","{'value': 1, 'displayName': 'Successful'}",[],[93],False,332325.0,,,,,,,,,,,
2465912719.0,677,89,9.0,29,29.8,62.6,94,"{'value': 2, 'displayName': 'SecondHalf'}","{'value': 1, 'displayName': 'Pass'}","{'value': 1, 'displayName': 'Successful'}","[{'type': {'value': 1, 'displayName': 'Longball'}}, {'type': {'value': 178, 'displayName': 'StandingSave'}}, {'type': {'value': 212, 'displayName': 'Length'}, 'value': '33.3'}, {'type': {'value': 140, 'displayName': 'PassEndX'}, 'value': '56.1'}, {'type': {'value': 213, 'displayName': 'Angle'}, 'value': '0.6'}, {'type': {'value': 56, 'displayName': 'Zone'}, 'value': 'Left'}, {'type': {'value': 141, 'displayName': 'PassEndY'}, 'value': '89.9'}]","[91, 119, 117, 127, 36, 37, 216, 218]",True,332325.0,56.1,89.9,,,,,,,,,
2465912863.0,678,89,20.0,29,92.7,96.0,94,"{'value': 2, 'displayName': 'SecondHalf'}","{'value': 61, 'displayName': 'BallTouch'}","{'value': 0, 'displayName': 'Unsuccessful'}","[{'type': {'value': 56, 'displayName': 'Zone'}, 'value': 'Left'}, {'type': {'value': 178, 'displayName': 'StandingSave'}}]","[91, 69]",True,69517.0,,,,,,,,,,,
2465912987.0,898,89,25.0,161,5.9,0.0,94,"{'value': 2, 'displayName': 'SecondHalf'}","{'value': 1, 'displayName': 'Pass'}","{'value': 1, 'displayName': 'Successful'}","[{'type': {'value': 141, 'displayName': 'PassEndY'}, 'value': '25.9'}, {'type': {'value': 212, 'displayName': 'Length'}, 'value': '19.8'}, {'type': {'value': 107, 'displayName': 'ThrowIn'}}, {'type': {'value': 140, 'displayName': 'PassEndX'}, 'value': '11.2'}, {'type': {'value': 56, 'displayName': 'Zone'}, 'value': 'Back'}, {'type': {'value': 213, 'displayName': 'Angle'}, 'value': '1.3'}]","[91, 212, 36, 37, 215]",True,115917.0,11.2,25.9,,,,,,,,,
2465913039.0,899,89,28.0,161,11.1,25.9,94,"{'value': 2, 'displayName': 'SecondHalf'}","{'value': 1, 'displayName': 'Pass'}","{'value': 1, 'displayName': 'Successful'}","[{'type': {'value': 56, 'displayName': 'Zone'}, 'value': 'Back'}, {'type': {'value': 213, 'displayName': 'Angle'}, 'value': '1.4'}, {'type': {'value': 140, 'displayName': 'PassEndX'}, 'value': '15.3'}, {'type': {'value': 141, 'displayName': 'PassEndY'}, 'value': '55.7'}, {'type': {'value': 178, 'displayName': 'StandingSave'}}, {'type': {'value': 212, 'displayName': 'Length'}, 'value': '20.7'}]","[91, 117, 30, 36, 37, 215, 218]",True,238244.0,15.3,55.7,,,,,,,,,
2465913083.0,900,89,31.0,161,18.1,51.5,94,"{'value': 2, 'displayName': 'SecondHalf'}","{'value': 1, 'displayName': 'Pass'}","{'value': 1, 'displayName': 'Successful'}","[{'type': {'value': 212, 'displayName': 'Length'}, 'value': '14.3'}, {'type': {'value': 213, 'displayName': 'Angle'}, 'value': '5.4'}, {'type': {'value': 141, 'displayName': 'PassEndY'}, 'value': '35.4'}, {'type': {'value': 178, 'displayName': 'StandingSave'}}, {'type': {'value': 140, 'displayName': 'PassEndX'}, 'value': '26.9'}, {'type': {'value': 56, 'displayName': 'Zone'}, 'value': 'Back'}]","[91, 117, 30, 36, 38, 215, 218]",True,368310.0,26.9,35.4,,,,,,,,,
2465913119.0,901,89,34.0,161,26.9,35.4,94,"{'value': 2, 'displayName': 'SecondHalf'}","{'value': 1, 'displayName': 'Pass'}","{'value': 1, 'displayName': 'Successful'}","[{'type': {'value': 140, 'displayName': 'PassEndX'}, 'value': '32.5'}, {'type': {'value': 141, 'displayName': 'PassEndY'}, 'value': '58.5'}, {'type': {'value': 56, 'displayName': 'Zone'}, 'value': 'Back'}, {'type': {'value': 178, 'displayName': 'StandingSave'}}, {'type': {'value': 213, 'displayName': 'Angle'}, 'value': '1.2'}, {'type': {'value': 212, 'displayName': 'Length'}, 'value': '16.8'}]","[91, 117, 30, 36, 37, 215, 218]",True,16161.0,32.5,58.5,,,,,,,,,
2465913165.0,902,89,36.0,161,32.5,58.5,94,"{'value': 2, 'displayName': 'SecondHalf'}","{'value': 1, 'displayName': 'Pass'}","{'value': 1, 'displayName': 'Successful'}","[{'type': {'value': 140, 'displayName': 'PassEndX'}, 'value': '36.8'}, {'type': {'value': 213, 'displayName': 'Angle'}, 'value': '1.4'}, {'type': {'value': 56, 'displayName': 'Zone'}, 'value': 'Back'}, {'type': {'value': 141, 'displayName': 'PassEndY'}, 'value': '92.4'}, {'type': {'value': 178, 'displayName': 'StandingSave'}}, {'type': {'value': 212, 'displayName': 'Length'}, 'value': '23.5'}]","[91, 117, 30, 36, 37, 216, 218]",True,386612.0,36.8,92.4,,,,,,,,,
2465913193.0,903,89,39.0,161,36.1,91.5,94,"{'value': 2, 'displayName': 'SecondHalf'}","{'value': 1, 'displayName': 'Pass'}","{'value': 1, 'displayName': 'Successful'}","[{'type': {'value': 178, 'displayName': 'StandingSave'}}, {'type': {'value': 141, 'displayName': 'PassEndY'}, 'value': '95.1'}, {'type': {'value': 212, 'displayName': 'Length'}, 'value': '22.0'}, {'type': {'value': 140, 'displayName': 'PassEndX'}, 'value': '56.9'}, {'type': {'value': 213, 'displayName': 'Angle'}, 'value': '0.1'}, {'type': {'value': 56, 'displayName': 'Zone'}, 'value': 'Left'}]","[91, 119, 117, 30, 36, 37, 216, 218]",True,355401.0,56.9,95.1,,,,,,,,,
2465913249.0,904,89,41.0,161,56.9,95.0,94,"{'value': 2, 'displayName': 'SecondHalf'}","{'value': 1, 'displayName': 'Pass'}","{'value': 1, 'displayName': 'Successful'}","[{'type': {'value': 178, 'displayName': 'StandingSave'}}, {'type': {'value': 141, 'displayName': 'PassEndY'}, 'value': '94.7'}, {'type': {'value': 56, 'displayName': 'Zone'}, 'value': 'Back'}, {'type': {'value': 213, 'displayName': 'Angle'}, 'value': '3.2'}, {'type': {'value': 212, 'displayName': 'Length'}, 'value': '22.1'}, {'type': {'value': 140, 'displayName': 'PassEndX'}, 'value': '35.9'}]","[91, 117, 30, 35, 38, 216, 218]",True,386973.0,35.9,94.7,,,,,,,,,
2465913311.0,905,89,45.0,161,37.2,86.8,94,"{'value': 2, 'displayName': 'SecondHalf'}","{'value': 1, 'displayName': 'Pass'}","{'value': 1, 'displayName': 'Successful'}","[{'type': {'value': 212, 'displayName': 'Length'}, 'value': '13.9'}, {'type': {'value': 213, 'displayName': 'Angle'}, 'value': '4.1'}, {'type': {'value': 178, 'displayName': 'StandingSave'}}, {'type': {'value': 56, 'displayName': 'Zone'}, 'value': 'Back'}, {'type': {'value': 141, 'displayName': 'PassEndY'}, 'value': '69.6'}, {'type': {'value': 140, 'displayName': 'PassEndX'}, 'value': '30.1'}]","[91, 117, 30, 35, 38, 215, 218]",True,355401.0,30.1,69.6,,,,,,,,,
2465913385.0,906,89,48.0,161,35.2,68.4,94,"{'value': 2, 'displayName': 'SecondHalf'}","{'value': 1, 'displayName': 'Pass'}","{'value': 0, 'displayName': 'Unsuccessful'}","[{'type': {'value': 178, 'displayName': 'StandingSave'}}, {'type': {'value': 213, 'displayName': 'Angle'}, 'value': '5.5'}, {'type': {'value': 141, 'displayName': 'PassEndY'}, 'value': '12.3'}, {'type': {'value': 212, 'displayName': 'Length'}, 'value': '52.4'}, {'type': {'value': 155, 'displayName': 'Chipped'}}, {'type': {'value': 1, 'displayName': 'Longball'}}, {'type': {'value': 140, 'displayName': 'PassEndX'}, 'value': '69.4'}, {'type': {'value': 56, 'displayName': 'Zone'}, 'value': 'Right'}]","[91, 120, 124, 128, 36, 38, 217, 218]",True,368310.0,69.4,12.3,,,,,,,,,
2465913409.0,680,89,50.0,29,27.5,86.4,94,"{'value': 2, 'displayName': 'SecondHalf'}","{'value': 1, 'displayName': 'Pass'}","{'value': 1, 'displayName': 'Successful'}","[{'type': {'value': 56, 'displayName': 'Zone'}, 'value': 'Back'}, {'type': {'value': 178, 'displayName': 'StandingSave'}}, {'type': {'value': 3, 'displayName': 'HeadPass'}}, {'type': {'value': 140, 'displayName': 'PassEndX'}, 'value': '33.2'}, {'type': {'value': 212, 'displayName': 'Length'}, 'value': '13.3'}, {'type': {'value': 213, 'displayName': 'Angle'}, 'value': '5.2'}, {'type': {'value': 141, 'displayName': 'PassEndY'}, 'value': '69.0'}]","[91, 117, 30, 139, 36, 38, 215, 218]",True,68049.0,33.2,69.0,,,,,,,,,
2465913441.0,681,89,52.0,29,33.2,69.0,94,"{'value': 2, 'displayName': 'SecondHalf'}","{'value': 1, 'displayName': 'Pass'}","{'value': 1, 'displayName': 'Successful'}","[{'type': {'value': 56, 'displayName': 'Zone'}, 'value': 'Back'}, {'type': {'value': 140, 'displayName': 'PassEndX'}, 'value': '33.3'}, {'type': {'value': 3, 'displayName': 'HeadPass'}}, {'type': {'value': 212, 'displayName': 'Length'}, 'value': '6.3'}, {'type': {'value': 141, 'displayName': 'PassEndY'}, 'value': '78.3'}, {'type': {'value': 213, 'displayName': 'Angle'}, 'value': '1.6'}]","[91, 117, 30, 139, 36, 37, 215, 218]",True,332325.0,33.3,78.3,,,,,,,,,
2465913465.0,682,89,53.0,29,33.3,78.3,94,"{'value': 2, 'displayName': 'SecondHalf'}","{'value': 1, 'displayName': 'Pass'}","{'value': 1, 'displayName': 'Successful'}","[{'type': {'value': 213, 'displayName': 'Angle'}, 'value': '5.6'}, {'type': {'value': 178, 'displayName': 'StandingSave'}}, {'type': {'value': 212, 'displayName': 'Length'}, 'value': '6.4'}, {'type': {'value': 3, 'displayName': 'HeadPass'}}, {'type': {'value': 140, 'displayName': 'PassEndX'}, 'value': '38.2'}, {'type': {'value': 56, 'displayName': 'Zone'}, 'value': 'Back'}, {'type': {'value': 141, 'displayName': 'PassEndY'}, 'value': '72.6'}]","[91, 117, 30, 139, 36, 38, 216, 218]",True,101955.0,38.2,72.6,,,,,,,,,
2465913471.0,683,89,54.0,29,38.3,73.5,94,"{'value': 2, 'displayName': 'SecondHalf'}","{'value': 49, 'displayName': 'BallRecovery'}","{'value': 1, 'displayName': 'Successful'}",[],[93],False,332325.0,,,,,,,,,,,
2465913619.0,684,89,58.0,29,57.8,84.2,94,"{'value': 2, 'displayName': 'SecondHalf'}","{'value': 1, 'displayName': 'Pass'}","{'value': 1, 'displayName': 'Successful'}","[{'type': {'value': 56, 'displayName': 'Zone'}, 'value': 'Left'}, {'type': {'value': 212, 'displayName': 'Length'}, 'value': '8.7'}, {'type': {'value': 140, 'displayName': 'PassEndX'}, 'value': '62.2'}, {'type': {'value': 210, 'displayName': 'ShotAssist'}, 'value': '15'}, {'type': {'value': 213, 'displayName': 'Angle'}, 'value': '1.0'}, {'type': {'value': 178, 'displayName': 'StandingSave'}}, {'type': {'value': 141, 'displayName': 'PassEndY'}, 'value': '95.0'}, {'type': {'value': 11113, 'displayName': 'KeyPass'}}]","[91, 119, 117, 30, 123, 40, 46, 36, 37, 216, 218]",True,332325.0,62.2,95.0,,,,,,,,,
2465913629.0,685,90,5.0,29,87.8,72.1,95,"{'value': 2, 'displayName': 'SecondHalf'}","{'value': 15, 'displayName': 'SavedShot'}","{'value': 1, 'displayName': 'Successful'}","[{'type': {'value': 55, 'displayName': 'RelatedEventId'}, 'value': '684'}, {'type': {'value': 102, 'displayName': 'GoalMouthY'}, 'value': '52.6'}, {'type': {'value': 72, 'displayName': 'LeftFoot'}}, {'type': {'value': 22, 'displayName': 'RegularPlay'}}, {'type': {'value': 82, 'displayName': 'Blocked'}}, {'type': {'value': 178, 'displayName': 'StandingSave'}}, {'type': {'value': 76, 'displayName': 'LowLeft'}}, {'type': {'value': 147, 'displayName': 'BlockedY'}, 'value': '70.6'}, {'type': {'value': 103, 'displayName': 'GoalMouthZ'}, 'value': '18.1'}, {'type': {'value': 233, 'displayName': 'OppositeRelatedEvent'}, 'value': '908'}, {'type': {'value': 56, 'displayName': 'Zone'}, 'value': 'Center'}, {'type': {'value': 29, 'displayName': 'Assisted'}}, {'type': {'value': 146, 'displayName': 'BlockedX'}, 'value': '89.0'}, {'type': {'value': 64, 'displayName': 'BoxLeft'}}]","[91, 10, 1, 3, 11, 13]",True,101955.0,,,684.0,332325.0,89.0,70.6,18.1,52.6,True,,
2465913673.0,908,90,5.0,161,9.8,30.1,95,"{'value': 2, 'displayName': 'SecondHalf'}","{'value': 10, 'displayName': 'Save'}","{'value': 1, 'displayName': 'Successful'}","[{'type': {'value': 178, 'displayName': 'StandingSave'}}, {'type': {'value': 233, 'displayName': 'OppositeRelatedEvent'}, 'value': '685'}, {'type': {'value': 56, 'displayName': 'Zone'}, 'value': 'Back'}, {'type': {'value': 94, 'displayName': 'OutfielderBlock'}}]","[91, 58]",True,238244.0,,,,,,,,,,,
2465913669.0,686,90,7.0,29,89.7,71.1,95,"{'value': 2, 'displayName': 'SecondHalf'}","{'value': 6, 'displayName': 'CornerAwarded'}","{'value': 1, 'displayName': 'Successful'}","[{'type': {'value': 73, 'displayName': 'MissLeft'}}, {'type': {'value': 233, 'displayName': 'OppositeRelatedEvent'}, 'value': '909'}, {'type': {'value': 56, 'displayName': 'Zone'}, 'value': 'Center'}]",[122],False,101955.0,,,,,,,,,,,
2465913695.0,909,90,7.0,161,10.3,28.9,95,"{'value': 2, 'displayName': 'SecondHalf'}","{'value': 6, 'displayName': 'CornerAwarded'}","{'value': 0, 'displayName': 'Unsuccessful'}","[{'type': {'value': 233, 'displayName': 'OppositeRelatedEvent'}, 'value': '686'}, {'type': {'value': 73, 'displayName': 'MissLeft'}}, {'type': {'value': 56, 'displayName': 'Zone'}, 'value': 'Back'}]",[122],False,238244.0,,,,,,,,,,,
2465914209.0,687,90,42.0,29,99.5,99.5,95,"{'value': 2, 'displayName': 'SecondHalf'}","{'value': 1, 'displayName': 'Pass'}","{'value': 0, 'displayName': 'Unsuccessful'}","[{'type': {'value': 2, 'displayName': 'Cross'}}, {'type': {'value': 140, 'displayName': 'PassEndX'}, 'value': '96.6'}, {'type': {'value': 178, 'displayName': 'StandingSave'}}, {'type': {'value': 1, 'displayName': 'Longball'}}, {'type': {'value': 213, 'displayName': 'Angle'}, 'value': '4.6'}, {'type': {'value': 20, 'displayName': 'RightFoot'}}, {'type': {'value': 56, 'displayName': 'Zone'}, 'value': 'Center'}, {'type': {'value': 141, 'displayName': 'PassEndY'}, 'value': '47.3'}, {'type': {'value': 155, 'displayName': 'Chipped'}}, {'type': {'value': 6, 'displayName': 'CornerTaken'}}, {'type': {'value': 212, 'displayName': 'Length'}, 'value': '35.6'}, {'type': {'value': 233, 'displayName': 'OppositeRelatedEvent'}, 'value': '910'}]","[91, 137, 124, 126, 31, 33, 34, 35, 38, 217, 218]",True,297203.0,96.6,47.3,,,,,,,,,
2465914219.0,910,90,44.0,161,3.8,53.1,95,"{'value': 2, 'displayName': 'SecondHalf'}","{'value': 11, 'displayName': 'Claim'}","{'value': 1, 'displayName': 'Successful'}","[{'type': {'value': 56, 'displayName': 'Zone'}, 'value': 'Back'}, {'type': {'value': 88, 'displayName': 'HighClaim'}}, {'type': {'value': 233, 'displayName': 'OppositeRelatedEvent'}, 'value': '687'}]","[91, 93, 104]",True,122714.0,,,,,,,,,,,
2465914303.0,911,90,46.0,161,15.0,52.1,95,"{'value': 2, 'displayName': 'SecondHalf'}","{'value': 1, 'displayName': 'Pass'}","{'value': 0, 'displayName': 'Unsuccessful'}","[{'type': {'value': 1, 'displayName': 'Longball'}}, {'type': {'value': 212, 'displayName': 'Length'}, 'value': '52.9'}, {'type': {'value': 56, 'displayName': 'Zone'}, 'value': 'Center'}, {'type': {'value': 213, 'displayName': 'Angle'}, 'value': '0.0'}, {'type': {'value': 141, 'displayName': 'PassEndY'}, 'value': '53.9'}, {'type': {'value': 140, 'displayName': 'PassEndX'}, 'value': '65.4'}]","[91, 120, 128, 36, 37, 216, 218]",True,122714.0,65.4,53.9,,,,,,,,,
2465914357.0,688,90,49.0,29,33.3,46.7,95,"{'value': 2, 'displayName': 'SecondHalf'}","{'value': 1, 'displayName': 'Pass'}","{'value': 1, 'displayName': 'Successful'}","[{'type': {'value': 140, 'displayName': 'PassEndX'}, 'value': '58.8'}, {'type': {'value': 141, 'displayName': 'PassEndY'}, 'value': '23.3'}, {'type': {'value': 56, 'displayName': 'Zone'}, 'value': 'Center'}, {'type': {'value': 213, 'displayName': 'Angle'}, 'value': '5.7'}, {'type': {'value': 212, 'displayName': 'Length'}, 'value': '31.1'}, {'type': {'value': 3, 'displayName': 'HeadPass'}}]","[91, 119, 117, 30, 139, 36, 38, 216, 218]",True,106086.0,58.8,23.3,,,,,,,,,
2465914367.0,689,90,52.0,29,58.8,23.3,95,"{'value': 2, 'displayName': 'SecondHalf'}","{'value': 49, 'displayName': 'BallRecovery'}","{'value': 1, 'displayName': 'Successful'}",[],[93],False,143595.0,,,,,,,,,,,
2465914459.0,690,90,56.0,29,58.2,2.8,95,"{'value': 2, 'displayName': 'SecondHalf'}","{'value': 1, 'displayName': 'Pass'}","{'value': 1, 'displayName': 'Successful'}","[{'type': {'value': 212, 'displayName': 'Length'}, 'value': '24.4'}, {'type': {'value': 141, 'displayName': 'PassEndY'}, 'value': '2.5'}, {'type': {'value': 213, 'displayName': 'Angle'}, 'value': '6.3'}, {'type': {'value': 56, 'displayName': 'Zone'}, 'value': 'Right'}, {'type': {'value': 140, 'displayName': 'PassEndX'}, 'value': '81.4'}, {'type': {'value': 178, 'displayName': 'StandingSave'}}]","[91, 119, 117, 30, 205, 36, 38, 217, 218]",True,143595.0,81.4,2.5,,,,,,,,,
2465914509.0,691,91,2.0,29,70.6,3.2,96,"{'value': 2, 'displayName': 'SecondHalf'}","{'value': 1, 'displayName': 'Pass'}","{'value': 1, 'displayName': 'Successful'}","[{'type': {'value': 213, 'displayName': 'Angle'}, 'value': '3.0'}, {'type': {'value': 178, 'displayName': 'StandingSave'}}, {'type': {'value': 212, 'displayName': 'Length'}, 'value': '19.3'}, {'type': {'value': 140, 'displayName': 'PassEndX'}, 'value': '52.5'}, {'type': {'value': 56, 'displayName': 'Zone'}, 'value': 'Right'}, {'type': {'value': 141, 'displayName': 'PassEndY'}, 'value': '8.3'}]","[91, 119, 117, 30, 35, 37, 216, 218]",True,322596.0,52.5,8.3,,,,,,,,,
2465914525.0,692,91,5.0,29,52.5,8.3,96,"{'value': 2, 'displayName': 'SecondHalf'}","{'value': 1, 'displayName': 'Pass'}","{'value': 1, 'displayName': 'Successful'}","[{'type': {'value': 141, 'displayName': 'PassEndY'}, 'value': '19.4'}, {'type': {'value': 178, 'displayName': 'StandingSave'}}, {'type': {'value': 140, 'displayName': 'PassEndX'}, 'value': '54.2'}, {'type': {'value': 56, 'displayName': 'Zone'}, 'value': 'Right'}, {'type': {'value': 212, 'displayName': 'Length'}, 'value': '7.8'}, {'type': {'value': 213, 'displayName': 'Angle'}, 'value': '1.3'}]","[91, 119, 117, 30, 36, 37, 216, 218]",True,255167.0,54.2,19.4,,,,,,,,,
2465914561.0,693,91,6.0,29,54.2,19.4,96,"{'value': 2, 'displayName': 'SecondHalf'}","{'value': 1, 'displayName': 'Pass'}","{'value': 1, 'displayName': 'Successful'}","[{'type': {'value': 56, 'displayName': 'Zone'}, 'value': 'Right'}, {'type': {'value': 141, 'displayName': 'PassEndY'}, 'value': '5.6'}, {'type': {'value': 140, 'displayName': 'PassEndX'}, 'value': '53.6'}, {'type': {'value': 213, 'displayName': 'Angle'}, 'value': '4.6'}, {'type': {'value': 212, 'displayName': 'Length'}, 'value': '9.4'}, {'type': {'value': 178, 'displayName': 'StandingSave'}}]","[91, 119, 117, 30, 35, 38, 216, 218]",True,332325.0,53.6,5.6,,,,,,,,,
2465914593.0,694,91,10.0,29,56.5,5.9,96,"{'value': 2, 'displayName': 'SecondHalf'}","{'value': 1, 'displayName': 'Pass'}","{'value': 1, 'displayName': 'Successful'}","[{'type': {'value': 141, 'displayName': 'PassEndY'}, 'value': '1.3'}, {'type': {'value': 56, 'displayName': 'Zone'}, 'value': 'Right'}, {'type': {'value': 140, 'displayName': 'PassEndX'}, 'value': '65.9'}, {'type': {'value': 212, 'displayName': 'Length'}, 'value': '10.4'}, {'type': {'value': 213, 'displayName': 'Angle'}, 'value': '6.0'}, {'type': {'value': 178, 'displayName': 'StandingSave'}}]","[91, 119, 117, 30, 36, 38, 216, 218]",True,255167.0,65.9,1.3,,,,,,,,,
2465914637.0,695,91,12.0,29,65.1,2.2,96,"{'value': 2, 'displayName': 'SecondHalf'}","{'value': 1, 'displayName': 'Pass'}","{'value': 1, 'displayName': 'Successful'}","[{'type': {'value': 56, 'displayName': 'Zone'}, 'value': 'Right'}, {'type': {'value': 212, 'displayName': 'Length'}, 'value': '11.5'}, {'type': {'value': 213, 'displayName': 'Angle'}, 'value': '2.8'}, {'type': {'value': 140, 'displayName': 'PassEndX'}, 'value': '54.8'}, {'type': {'value': 178, 'displayName': 'StandingSave'}}, {'type': {'value': 141, 'displayName': 'PassEndY'}, 'value': '7.9'}]","[91, 119, 117, 30, 35, 37, 216, 218]",True,322596.0,54.8,7.9,,,,,,,,,
2465914723.0,696,91,15.0,29,57.6,6.5,96,"{'value': 2, 'displayName': 'SecondHalf'}","{'value': 1, 'displayName': 'Pass'}","{'value': 1, 'displayName': 'Successful'}","[{'type': {'value': 212, 'displayName': 'Length'}, 'value': '14.6'}, {'type': {'value': 140, 'displayName': 'PassEndX'}, 'value': '71.1'}, {'type': {'value': 141, 'displayName': 'PassEndY'}, 'value': '1.4'}, {'type': {'value': 56, 'displayName': 'Zone'}, 'value': 'Right'}, {'type': {'value': 213, 'displayName': 'Angle'}, 'value': '6.0'}, {'type': {'value': 178, 'displayName': 'StandingSave'}}]","[91, 119, 117, 30, 205, 36, 38, 217, 218]",True,332325.0,71.1,1.4,,,,,,,,,
2465914729.0,697,91,20.0,29,72.6,3.6,96,"{'value': 2, 'displayName': 'SecondHalf'}","{'value': 50, 'displayName': 'Dispossessed'}","{'value': 1, 'displayName': 'Successful'}","[{'type': {'value': 233, 'displayName': 'OppositeRelatedEvent'}, 'value': '912'}, {'type': {'value': 56, 'displayName': 'Zone'}, 'value': 'Right'}, {'type': {'value': 286, 'displayName': 'Offensive'}}]","[91, 70]",True,143595.0,,,,,,,,,,,
2465914747.0,912,91,20.0,161,27.4,96.4,96,"{'value': 2, 'displayName': 'SecondHalf'}","{'value': 7, 'displayName': 'Tackle'}","{'value': 1, 'displayName': 'Successful'}","[{'type': {'value': 178, 'displayName': 'StandingSave'}}, {'type': {'value': 285, 'displayName': 'Defensive'}}, {'type': {'value': 233, 'displayName': 'OppositeRelatedEvent'}, 'value': '697'}, {'type': {'value': 56, 'displayName': 'Zone'}, 'value': 'Back'}]","[91, 143]",True,386612.0,,,,,,,,,,,
2465915107.0,699,91,42.0,29,69.8,0.0,96,"{'value': 2, 'displayName': 'SecondHalf'}","{'value': 1, 'displayName': 'Pass'}","{'value': 0, 'displayName': 'Unsuccessful'}","[{'type': {'value': 212, 'displayName': 'Length'}, 'value': '23.2'}, {'type': {'value': 141, 'displayName': 'PassEndY'}, 'value': '27.4'}, {'type': {'value': 107, 'displayName': 'ThrowIn'}}, {'type': {'value': 56, 'displayName': 'Zone'}, 'value': 'Center'}, {'type': {'value': 213, 'displayName': 'Angle'}, 'value': '1.0'}, {'type': {'value': 140, 'displayName': 'PassEndX'}, 'value': '81.7'}, {'type': {'value': 1, 'displayName': 'Longball'}}]","[91, 212, 36, 37, 217]",True,255167.0,81.7,27.4,,,,,,,,,
2465915131.0,914,91,43.0,161,18.4,74.2,96,"{'value': 2, 'displayName': 'SecondHalf'}","{'value': 8, 'displayName': 'Interception'}","{'value': 1, 'displayName': 'Successful'}","[{'type': {'value': 178, 'displayName': 'StandingSave'}}, {'type': {'value': 56, 'displayName': 'Zone'}, 'value': 'Back'}]","[91, 101, 56]",True,368310.0,,,,,,,,,,,
2465915267.0,700,91,48.0,29,68.4,57.3,96,"{'value': 2, 'displayName': 'SecondHalf'}","{'value': 1, 'displayName': 'Pass'}","{'value': 1, 'displayName': 'Successful'}","[{'type': {'value': 140, 'displayName': 'PassEndX'}, 'value': '76.3'}, {'type': {'value': 141, 'displayName': 'PassEndY'}, 'value': '93.9'}, {'type': {'value': 56, 'displayName': 'Zone'}, 'value': 'Left'}, {'type': {'value': 213, 'displayName': 'Angle'}, 'value': '1.2'}, {'type': {'value': 212, 'displayName': 'Length'}, 'value': '26.2'}]","[91, 119, 117, 30, 205, 36, 37, 217, 218]",True,322596.0,76.3,93.9,,,,,,,,,
2465915325.0,701,91,51.0,29,86.4,95.1,96,"{'value': 2, 'displayName': 'SecondHalf'}","{'value': 1, 'displayName': 'Pass'}","{'value': 1, 'displayName': 'Successful'}","[{'type': {'value': 141, 'displayName': 'PassEndY'}, 'value': '75.0'}, {'type': {'value': 140, 'displayName': 'PassEndX'}, 'value': '97.9'}, {'type': {'value': 213, 'displayName': 'Angle'}, 'value': '5.4'}, {'type': {'value': 178, 'displayName': 'StandingSave'}}, {'type': {'value': 212, 'displayName': 'Length'}, 'value': '18.2'}, {'type': {'value': 56, 'displayName': 'Zone'}, 'value': 'Center'}]","[91, 119, 117, 30, 205, 36, 38, 217, 218]",True,68049.0,97.9,75.0,,,,,,,,,
2465915383.0,702,91,54.0,29,97.9,75.0,96,"{'value': 2, 'displayName': 'SecondHalf'}","{'value': 1, 'displayName': 'Pass'}","{'value': 1, 'displayName': 'Successful'}","[{'type': {'value': 56, 'displayName': 'Zone'}, 'value': 'Center'}, {'type': {'value': 213, 'displayName': 'Angle'}, 'value': '3.8'}, {'type': {'value': 178, 'displayName': 'StandingSave'}}, {'type': {'value': 212, 'displayName': 'Length'}, 'value': '12.6'}, {'type': {'value': 140, 'displayName': 'PassEndX'}, 'value': '88.1'}, {'type': {'value': 141, 'displayName': 'PassEndY'}, 'value': '64.2'}]","[91, 119, 117, 30, 205, 35, 38, 217, 218]",True,101955.0,88.1,64.2,,,,,,,,,
2465915445.0,703,91,57.0,29,86.0,55.1,96,"{'value': 2, 'displayName': 'SecondHalf'}","{'value': 1, 'displayName': 'Pass'}","{'value': 1, 'displayName': 'Successful'}","[{'type': {'value': 213, 'displayName': 'Angle'}, 'value': '3.0'}, {'type': {'value': 56, 'displayName': 'Zone'}, 'value': 'Center'}, {'type': {'value': 140, 'displayName': 'PassEndX'}, 'value': '80.3'}, {'type': {'value': 212, 'displayName': 'Length'}, 'value': '6.1'}, {'type': {'value': 210, 'displayName': 'ShotAssist'}, 'value': '15'}, {'type': {'value': 154, 'displayName': 'IntentionalAssist'}}, {'type': {'value': 141, 'displayName': 'PassEndY'}, 'value': '56.6'}, {'type': {'value': 178, 'displayName': 'StandingSave'}}, {'type': {'value': 11113, 'displayName': 'KeyPass'}}]","[91, 119, 117, 30, 123, 205, 40, 46, 35, 37, 217, 218]",True,322596.0,80.3,56.6,,,,,,,,,
2465915451.0,704,91,58.0,29,80.3,56.6,96,"{'value': 2, 'displayName': 'SecondHalf'}","{'value': 15, 'displayName': 'SavedShot'}","{'value': 1, 'displayName': 'Successful'}","[{'type': {'value': 102, 'displayName': 'GoalMouthY'}, 'value': '51.7'}, {'type': {'value': 103, 'displayName': 'GoalMouthZ'}, 'value': '19'}, {'type': {'value': 178, 'displayName': 'StandingSave'}}, {'type': {'value': 18, 'displayName': 'OutOfBoxCentre'}}, {'type': {'value': 233, 'displayName': 'OppositeRelatedEvent'}, 'value': '915'}, {'type': {'value': 154, 'displayName': 'IntentionalAssist'}}, {'type': {'value': 146, 'displayName': 'BlockedX'}, 'value': '82.1'}, {'type': {'value': 56, 'displayName': 'Zone'}, 'value': 'Center'}, {'type': {'value': 22, 'displayName': 'RegularPlay'}}, {'type': {'value': 78, 'displayName': 'LowCentre'}}, {'type': {'value': 55, 'displayName': 'RelatedEventId'}, 'value': '703'}, {'type': {'value': 20, 'displayName': 'RightFoot'}}, {'type': {'value': 82, 'displayName': 'Blocked'}}, {'type': {'value': 147, 'displayName': 'BlockedY'}, 'value': '56.1'}, {'type': {'value': 29, 'displayName': 'Assisted'}}]","[91, 10, 2, 3, 11, 12]",True,332325.0,,,703.0,322596.0,82.1,56.1,19.0,51.7,True,,
2465915455.0,915,91,58.0,161,18.4,44.7,96,"{'value': 2, 'displayName': 'SecondHalf'}","{'value': 10, 'displayName': 'Save'}","{'value': 1, 'displayName': 'Successful'}","[{'type': {'value': 178, 'displayName': 'StandingSave'}}, {'type': {'value': 56, 'displayName': 'Zone'}, 'value': 'Back'}, {'type': {'value': 21, 'displayName': 'OtherBodyPart'}}, {'type': {'value': 94, 'displayName': 'OutfielderBlock'}}, {'type': {'value': 233, 'displayName': 'OppositeRelatedEvent'}, 'value': '704'}]","[91, 58]",True,386612.0,,,,,,,,,,,
2465915509.0,705,92,2.0,29,66.5,51.3,97,"{'value': 2, 'displayName': 'SecondHalf'}","{'value': 1, 'displayName': 'Pass'}","{'value': 1, 'displayName': 'Successful'}","[{'type': {'value': 213, 'displayName': 'Angle'}, 'value': '1.5'}, {'type': {'value': 178, 'displayName': 'StandingSave'}}, {'type': {'value': 212, 'displayName': 'Length'}, 'value': '28.1'}, {'type': {'value': 140, 'displayName': 'PassEndX'}, 'value': '67.3'}, {'type': {'value': 56, 'displayName': 'Zone'}, 'value': 'Left'}, {'type': {'value': 141, 'displayName': 'PassEndY'}, 'value': '92.6'}]","[91, 119, 117, 30, 205, 36, 37, 217, 218]",True,143595.0,67.3,92.6,,,,,,,,,
2465915541.0,706,92,5.0,29,67.7,94.7,97,"{'value': 2, 'displayName': 'SecondHalf'}","{'value': 1, 'displayName': 'Pass'}","{'value': 1, 'displayName': 'Successful'}","[{'type': {'value': 213, 'displayName': 'Angle'}, 'value': '0.1'}, {'type': {'value': 56, 'displayName': 'Zone'}, 'value': 'Left'}, {'type': {'value': 212, 'displayName': 'Length'}, 'value': '9.8'}, {'type': {'value': 178, 'displayName': 'StandingSave'}}, {'type': {'value': 140, 'displayName': 'PassEndX'}, 'value': '77.0'}, {'type': {'value': 141, 'displayName': 'PassEndY'}, 'value': '95.7'}]","[91, 119, 117, 30, 205, 36, 37, 217, 218]",True,68049.0,77.0,95.7,,,,,,,,,
2465915547.0,707,92,6.0,29,77.1,95.3,97,"{'value': 2, 'displayName': 'SecondHalf'}","{'value': 1, 'displayName': 'Pass'}","{'value': 1, 'displayName': 'Successful'}","[{'type': {'value': 56, 'displayName': 'Zone'}, 'value': 'Left'}, {'type': {'value': 140, 'displayName': 'PassEndX'}, 'value': '71.0'}, {'type': {'value': 141, 'displayName': 'PassEndY'}, 'value': '95.4'}, {'type': {'value': 213, 'displayName': 'Angle'}, 'value': '3.1'}, {'type': {'value': 178, 'displayName': 'StandingSave'}}, {'type': {'value': 212, 'displayName': 'Length'}, 'value': '6.4'}]","[91, 119, 117, 30, 205, 35, 37, 217, 218]",True,297203.0,71.0,95.4,,,,,,,,,
2465915581.0,708,92,7.0,29,71.0,95.4,97,"{'value': 2, 'displayName': 'SecondHalf'}","{'value': 1, 'displayName': 'Pass'}","{'value': 1, 'displayName': 'Successful'}","[{'type': {'value': 212, 'displayName': 'Length'}, 'value': '6.2'}, {'type': {'value': 141, 'displayName': 'PassEndY'}, 'value': '97.5'}, {'type': {'value': 178, 'displayName': 'StandingSave'}}, {'type': {'value': 56, 'displayName': 'Zone'}, 'value': 'Left'}, {'type': {'value': 140, 'displayName': 'PassEndX'}, 'value': '76.7'}, {'type': {'value': 213, 'displayName': 'Angle'}, 'value': '0.2'}]","[91, 119, 117, 30, 205, 36, 37, 217, 218]",True,68049.0,76.7,97.5,,,,,,,,,
2465915607.0,709,92,9.0,29,76.3,97.5,97,"{'value': 2, 'displayName': 'SecondHalf'}","{'value': 1, 'displayName': 'Pass'}","{'value': 1, 'displayName': 'Successful'}","[{'type': {'value': 178, 'displayName': 'StandingSave'}}, {'type': {'value': 56, 'displayName': 'Zone'}, 'value': 'Center'}, {'type': {'value': 140, 'displayName': 'PassEndX'}, 'value': '81.4'}, {'type': {'value': 212, 'displayName': 'Length'}, 'value': '17.2'}, {'type': {'value': 141, 'displayName': 'PassEndY'}, 'value': '73.4'}, {'type': {'value': 213, 'displayName': 'Angle'}, 'value': '5.0'}]","[91, 119, 117, 30, 205, 36, 38, 217, 218]",True,297203.0,81.4,73.4,,,,,,,,,
2465915631.0,710,92,10.0,29,81.4,73.4,97,"{'value': 2, 'displayName': 'SecondHalf'}","{'value': 1, 'displayName': 'Pass'}","{'value': 1, 'displayName': 'Successful'}","[{'type': {'value': 141, 'displayName': 'PassEndY'}, 'value': '68.6'}, {'type': {'value': 212, 'displayName': 'Length'}, 'value': '7.0'}, {'type': {'value': 140, 'displayName': 'PassEndX'}, 'value': '75.5'}, {'type': {'value': 56, 'displayName': 'Zone'}, 'value': 'Center'}, {'type': {'value': 178, 'displayName': 'StandingSave'}}, {'type': {'value': 213, 'displayName': 'Angle'}, 'value': '3.6'}]","[91, 119, 117, 30, 205, 35, 38, 217, 218]",True,101955.0,75.5,68.6,,,,,,,,,
2465915647.0,711,92,12.0,29,75.2,63.2,97,"{'value': 2, 'displayName': 'SecondHalf'}","{'value': 3, 'displayName': 'TakeOn'}","{'value': 1, 'displayName': 'Successful'}","[{'type': {'value': 178, 'displayName': 'StandingSave'}}, {'type': {'value': 233, 'displayName': 'OppositeRelatedEvent'}, 'value': '916'}, {'type': {'value': 286, 'displayName': 'Offensive'}}, {'type': {'value': 56, 'displayName': 'Zone'}, 'value': 'Center'}]","[91, 54]",True,332325.0,,,,,,,,,,,
2465915663.0,916,92,12.0,161,24.8,36.8,97,"{'value': 2, 'displayName': 'SecondHalf'}","{'value': 45, 'displayName': 'Challenge'}","{'value': 0, 'displayName': 'Unsuccessful'}","[{'type': {'value': 56, 'displayName': 'Zone'}, 'value': 'Back'}, {'type': {'value': 233, 'displayName': 'OppositeRelatedEvent'}, 'value': '711'}, {'type': {'value': 285, 'displayName': 'Defensive'}}]",[55],False,386612.0,,,,,,,,,,,
2465915723.0,712,92,16.0,29,76.5,49.3,97,"{'value': 2, 'displayName': 'SecondHalf'}","{'value': 1, 'displayName': 'Pass'}","{'value': 0, 'displayName': 'Unsuccessful'}","[{'type': {'value': 178, 'displayName': 'StandingSave'}}, {'type': {'value': 140, 'displayName': 'PassEndX'}, 'value': '90.1'}, {'type': {'value': 212, 'displayName': 'Length'}, 'value': '14.5'}, {'type': {'value': 141, 'displayName': 'PassEndY'}, 'value': '45.7'}, {'type': {'value': 155, 'displayName': 'Chipped'}}, {'type': {'value': 56, 'displayName': 'Zone'}, 'value': 'Center'}, {'type': {'value': 4, 'displayName': 'Throughball'}}, {'type': {'value': 213, 'displayName': 'Angle'}, 'value': '6.1'}]","[91, 120, 29, 124, 130, 36, 38, 217, 218]",True,332325.0,90.1,45.7,,,,,,,,,
2465915731.0,917,92,17.0,161,6.8,62.4,97,"{'value': 2, 'displayName': 'SecondHalf'}","{'value': 12, 'displayName': 'Clearance'}","{'value': 1, 'displayName': 'Successful'}","[{'type': {'value': 140, 'displayName': 'PassEndX'}, 'value': '8.3'}, {'type': {'value': 15, 'displayName': 'Head'}}, {'type': {'value': 141, 'displayName': 'PassEndY'}, 'value': '74.8'}, {'type': {'value': 212, 'displayName': 'Length'}, 'value': '8.6'}, {'type': {'value': 56, 'displayName': 'Zone'}, 'value': 'Back'}, {'type': {'value': 213, 'displayName': 'Angle'}, 'value': '1.4'}]","[91, 94, 95, 57, 215]",True,368310.0,8.3,74.8,,,,,,,,,
2465915761.0,918,92,18.0,161,7.3,71.2,97,"{'value': 2, 'displayName': 'SecondHalf'}","{'value': 49, 'displayName': 'BallRecovery'}","{'value': 1, 'displayName': 'Successful'}",[],[93],False,386973.0,,,,,,,,,,,
2465915811.0,919,92,21.0,161,1.9,77.8,97,"{'value': 2, 'displayName': 'SecondHalf'}","{'value': 1, 'displayName': 'Pass'}","{'value': 0, 'displayName': 'Unsuccessful'}","[{'type': {'value': 140, 'displayName': 'PassEndX'}, 'value': '29.9'}, {'type': {'value': 56, 'displayName': 'Zone'}, 'value': 'Back'}, {'type': {'value': 1, 'displayName': 'Longball'}}, {'type': {'value': 178, 'displayName': 'StandingSave'}}, {'type': {'value': 213, 'displayName': 'Angle'}, 'value': '0.5'}, {'type': {'value': 141, 'displayName': 'PassEndY'}, 'value': '100.0'}, {'type': {'value': 212, 'displayName': 'Length'}, 'value': '33.6'}]","[91, 118, 120, 128, 36, 37, 215, 218]",True,386973.0,29.9,100.0,,,,,,,,,
2465916047.0,714,92,32.0,29,80.3,0.0,97,"{'value': 2, 'displayName': 'SecondHalf'}","{'value': 1, 'displayName': 'Pass'}","{'value': 1, 'displayName': 'Successful'}","[{'type': {'value': 140, 'displayName': 'PassEndX'}, 'value': '69.2'}, {'type': {'value': 213, 'displayName': 'Angle'}, 'value': '2.7'}, {'type': {'value': 107, 'displayName': 'ThrowIn'}}, {'type': {'value': 141, 'displayName': 'PassEndY'}, 'value': '5.4'}, {'type': {'value': 212, 'displayName': 'Length'}, 'value': '12.6'}, {'type': {'value': 56, 'displayName': 'Zone'}, 'value': 'Right'}]","[91, 212, 35, 37, 217]",True,255167.0,69.2,5.4,,,,,,,,,
2466045175.0,735,92,35.0,29,69.9,4.9,97,"{'value': 2, 'displayName': 'SecondHalf'}","{'value': 1, 'displayName': 'Pass'}","{'value': 1, 'displayName': 'Successful'}","[{'type': {'value': 213, 'displayName': 'Angle'}, 'value': '0.8'}, {'type': {'value': 140, 'displayName': 'PassEndX'}, 'value': '75.9'}, {'type': {'value': 178, 'displayName': 'StandingSave'}}, {'type': {'value': 141, 'displayName': 'PassEndY'}, 'value': '15.0'}, {'type': {'value': 56, 'displayName': 'Zone'}, 'value': 'Right'}, {'type': {'value': 212, 'displayName': 'Length'}, 'value': '9.3'}]","[91, 119, 117, 30, 205, 36, 37, 217, 218]",True,332325.0,75.9,15.0,,,,,,,,,
2465916067.0,715,92,41.0,29,85.3,5.2,97,"{'value': 2, 'displayName': 'SecondHalf'}","{'value': 50, 'displayName': 'Dispossessed'}","{'value': 1, 'displayName': 'Successful'}","[{'type': {'value': 56, 'displayName': 'Zone'}, 'value': 'Right'}, {'type': {'value': 233, 'displayName': 'OppositeRelatedEvent'}, 'value': '921'}, {'type': {'value': 286, 'displayName': 'Offensive'}}]","[91, 70]",True,69517.0,,,,,,,,,,,
2465916081.0,921,92,42.0,161,14.7,94.8,97,"{'value': 2, 'displayName': 'SecondHalf'}","{'value': 7, 'displayName': 'Tackle'}","{'value': 1, 'displayName': 'Successful'}","[{'type': {'value': 233, 'displayName': 'OppositeRelatedEvent'}, 'value': '715'}, {'type': {'value': 285, 'displayName': 'Defensive'}}, {'type': {'value': 178, 'displayName': 'StandingSave'}}, {'type': {'value': 56, 'displayName': 'Zone'}, 'value': 'Back'}]","[91, 143]",True,355401.0,,,,,,,,,,,
2465916083.0,922,92,43.0,161,20.7,95.0,97,"{'value': 2, 'displayName': 'SecondHalf'}","{'value': 49, 'displayName': 'BallRecovery'}","{'value': 1, 'displayName': 'Successful'}",[],[93],False,386973.0,,,,,,,,,,,
2466045355.0,736,92,45.0,29,73.3,4.3,97,"{'value': 2, 'displayName': 'SecondHalf'}","{'value': 45, 'displayName': 'Challenge'}","{'value': 0, 'displayName': 'Unsuccessful'}","[{'type': {'value': 233, 'displayName': 'OppositeRelatedEvent'}, 'value': '963'}, {'type': {'value': 56, 'displayName': 'Zone'}, 'value': 'Right'}, {'type': {'value': 286, 'displayName': 'Offensive'}}]",[55],False,255167.0,,,,,,,,,,,
2466045353.0,963,92,45.0,161,26.7,95.7,97,"{'value': 2, 'displayName': 'SecondHalf'}","{'value': 3, 'displayName': 'TakeOn'}","{'value': 1, 'displayName': 'Successful'}","[{'type': {'value': 285, 'displayName': 'Defensive'}}, {'type': {'value': 178, 'displayName': 'StandingSave'}}, {'type': {'value': 56, 'displayName': 'Zone'}, 'value': 'Back'}, {'type': {'value': 233, 'displayName': 'OppositeRelatedEvent'}, 'value': '736'}]","[91, 54]",True,386973.0,,,,,,,,,,,
2465916129.0,924,92,48.0,161,41.7,96.1,97,"{'value': 2, 'displayName': 'SecondHalf'}","{'value': 50, 'displayName': 'Dispossessed'}","{'value': 1, 'displayName': 'Successful'}","[{'type': {'value': 56, 'displayName': 'Zone'}, 'value': 'Back'}, {'type': {'value': 233, 'displayName': 'OppositeRelatedEvent'}, 'value': '716'}, {'type': {'value': 286, 'displayName': 'Offensive'}}]","[91, 70]",True,386973.0,,,,,,,,,,,
2465916131.0,716,92,48.0,29,58.3,3.9,97,"{'value': 2, 'displayName': 'SecondHalf'}","{'value': 7, 'displayName': 'Tackle'}","{'value': 1, 'displayName': 'Successful'}","[{'type': {'value': 56, 'displayName': 'Zone'}, 'value': 'Right'}, {'type': {'value': 233, 'displayName': 'OppositeRelatedEvent'}, 'value': '924'}, {'type': {'value': 285, 'displayName': 'Defensive'}}]","[91, 143]",True,255167.0,,,,,,,,,,,
2465916363.0,926,93,1.0,161,38.5,100.0,98,"{'value': 2, 'displayName': 'SecondHalf'}","{'value': 1, 'displayName': 'Pass'}","{'value': 0, 'displayName': 'Unsuccessful'}","[{'type': {'value': 107, 'displayName': 'ThrowIn'}}, {'type': {'value': 1, 'displayName': 'Longball'}}, {'type': {'value': 140, 'displayName': 'PassEndX'}, 'value': '28.0'}, {'type': {'value': 212, 'displayName': 'Length'}, 'value': '24.9'}, {'type': {'value': 56, 'displayName': 'Zone'}, 'value': 'Back'}, {'type': {'value': 213, 'displayName': 'Angle'}, 'value': '4.3'}, {'type': {'value': 141, 'displayName': 'PassEndY'}, 'value': '69.1'}]","[91, 212, 35, 38, 215]",True,16161.0,28.0,69.1,,,,,,,,,
2465916439.0,718,93,6.0,29,0.0,0.0,98,"{'value': 2, 'displayName': 'SecondHalf'}","{'value': 30, 'displayName': 'End'}","{'value': 1, 'displayName': 'Successful'}",[],[],False,,,,,,,,,,,,
2465916435.0,927,93,6.0,161,0.0,0.0,98,"{'value': 2, 'displayName': 'SecondHalf'}","{'value': 30, 'displayName': 'End'}","{'value': 1, 'displayName': 'Successful'}",[],[],False,,,,,,,,,,,,
2465916549.0,719,0,0.0,29,0.0,0.0,8,"{'value': 14, 'displayName': 'PostGame'}","{'value': 30, 'displayName': 'End'}","{'value': 1, 'displayName': 'Successful'}",[],[],False,,,,,,,,,,,,
2465916583.0,928,0,0.0,161,0.0,0.0,8,"{'value': 14, 'displayName': 'PostGame'}","{'value': 30, 'displayName': 'End'}","{'value': 1, 'displayName': 'Successful'}",[],[],False,,,,,,,,,,,,
2465722811.0,1,0,0.0,161,0.0,0.0,0,"{'value': 16, 'displayName': 'PreMatch'}","{'value': 34, 'displayName': 'FormationSet'}","{'value': 1, 'displayName': 'Successful'}","[{'type': {'value': 44, 'displayName': 'PlayerPosition'}, 'value': '1, 3, 3, 2, 2, 2, 3, 3, 4, 4, 4, 5, 5, 5, 5, 5, 5, 5, 5, 5'}, {'type': {'value': 30, 'displayName': 'InvolvedPlayers'}, 'value': '122714,296363,355401,368310,238244,115917,16161,394933,247995,300513,337916,386612,331107,425060,431283,294524,24248,140088,409730,386973'}, {'type': {'value': 194, 'displayName': 'CaptainPlayerId'}, 'value': '238244'}, {'type': {'value': 130, 'displayName': 'TeamFormation'}, 'value': '17'}, {'type': {'value': 131, 'displayName': 'TeamPlayerFormation'}, 'value': '1, 2, 3, 4, 5, 6, 7, 8, 9, 10, 11, 0, 0, 0, 0, 0, 0, 0, 0, 0'}, {'type': {'value': 59, 'displayName': 'JerseyNumber'}, 'value': '1, 22, 3, 23, 8, 19, 28, 27, 17, 10, 7, 6, 13, 14, 24, 25, 29, 37, 64, 77'}]",[],False,,,,,,,,,,,,
2465722873.0,1,0,0.0,29,0.0,0.0,0,"{'value': 16, 'displayName': 'PreMatch'}","{'value': 34, 'displayName': 'FormationSet'}","{'value': 1, 'displayName': 'Successful'}","[{'type': {'value': 194, 'displayName': 'CaptainPlayerId'}, 'value': '332325'}, {'type': {'value': 130, 'displayName': 'TeamFormation'}, 'value': '8'}, {'type': {'value': 30, 'displayName': 'InvolvedPlayers'}, 'value': '20973,255167,68049,332325,73063,106086,322596,143595,302650,319756,125004,111372,297203,69517,89998,337428,92516,23547,137021,101955'}, {'type': {'value': 131, 'displayName': 'TeamPlayerFormation'}, 'value': '1, 2, 3, 4, 5, 6, 7, 8, 9, 10, 11, 0, 0, 0, 0, 0, 0, 0, 0, 0'}, {'type': {'value': 59, 'displayName': 'JerseyNumber'}, 'value': '1, 24, 3, 41, 15, 4, 20, 28, 7, 11, 14, 5, 8, 9, 10, 12, 13, 21, 22, 33'}, {'type': {'value': 44, 'displayName': 'PlayerPosition'}, 'value': '1, 2, 2, 3, 2, 2, 3, 3, 4, 3, 3, 5, 5, 5, 5, 5, 5, 5, 5, 5'}]",[],False,,,,,,,,,,,,
