id,eventId,minute,second,teamId,x,y,expandedMinute,period,type,outcomeType,qualifiers,satisfiedEventsTypes,isTouch,playerId,endX,endY,relatedEventId,relatedPlayerId,blockedX,blockedY,goalMouthZ,goalMouthY,isShot,cardType,isGoal
2610339229.0,2,0,0.0,29,0.0,0.0,0,"{'value': 1, 'displayName': 'FirstHalf'}","{'value': 32, 'displayName': 'Start'}","{'value': 1, 'displayName': 'Successful'}",[],[],False,,,,,,,,,,,,
2610339225.0,2,0,0.0,31,0.0,0.0,0,"{'value': 1, 'displayName': 'FirstHalf'}","{'value': 32, 'displayName': 'Start'}","{'value': 1, 'displayName': 'Successful'}",[],[],False,,,,,,,,,,,,
2610339243.0,3,0,0.0,29,49.7,49.9,0,"{'value': 1, 'displayName': 'FirstHalf'}","{'value': 1, 'displayName': 'Pass'}","{'value': 1, 'displayName': 'Successful'}","[{'type': {'value': 141, 'displayName': 'PassEndY'}, 'value': '39.2'}, {'type': {'value': 140, 'displayName': 'PassEndX'}, 'value': '27.9'}, {'type': {'value': 178, 'displayName': 'StandingSave'}}, {'type': {'value': 212, 'displayName': 'Length'}, 'value': '24.0'}, {'type': {'value': 213, 'displayName': 'Angle'}, 'value': '3.45'}, {'type': {'value': 56, 'displayName': 'Zone'}, 'value': 'Back'}]","[91, 117, 30, 35, 38, 215, 218]",True,319756.0,27.9,39.2,,,,,,,,,
2610339319.0,4,0,3.0,29,33.0,35.5,0,"{'value': 1, 'displayName': 'FirstHalf'}","{'value': 1, 'displayName': 'Pass'}","{'value': 0, 'displayName': 'Unsuccessful'}","[{'type': {'value': 212, 'displayName': 'Length'}, 'value': '46.9'}, {'type': {'value': 155, 'displayName': 'Chipped'}}, {'type': {'value': 141, 'displayName': 'PassEndY'}, 'value': '9.1'}, {'type': {'value': 213, 'displayName': 'Angle'}, 'value': '5.89'}, {'type': {'value': 178, 'displayName': 'StandingSave'}}, {'type': {'value': 1, 'displayName': 'Longball'}}, {'type': {'value': 140, 'displayName': 'PassEndX'}, 'value': '74.3'}, {'type': {'value': 56, 'displayName': 'Zone'}, 'value': 'Right'}]","[91, 120, 124, 128, 36, 38, 217, 218]",True,106086.0,74.3,9.1,,,,,,,,,
2610339321.0,3,0,6.0,31,28.6,90.6,0,"{'value': 1, 'displayName': 'FirstHalf'}","{'value': 44, 'displayName': 'Aerial'}","{'value': 1, 'displayName': 'Successful'}","[{'type': {'value': 285, 'displayName': 'Defensive'}}, {'type': {'value': 233, 'displayName': 'OppositeRelatedEvent'}, 'value': '5'}, {'type': {'value': 56, 'displayName': 'Zone'}, 'value': 'Back'}]","[197, 200]",False,381045.0,,,,,,,,,,,
2610339327.0,5,0,6.0,29,71.4,9.4,0,"{'value': 1, 'displayName': 'FirstHalf'}","{'value': 44, 'displayName': 'Aerial'}","{'value': 0, 'displayName': 'Unsuccessful'}","[{'type': {'value': 56, 'displayName': 'Zone'}, 'value': 'Right'}, {'type': {'value': 233, 'displayName': 'OppositeRelatedEvent'}, 'value': '3'}, {'type': {'value': 286, 'displayName': 'Offensive'}}]","[198, 199]",False,322596.0,,,,,,,,,,,
2610339341.0,4,0,6.0,31,31.2,89.8,0,"{'value': 1, 'displayName': 'FirstHalf'}","{'value': 1, 'displayName': 'Pass'}","{'value': 1, 'displayName': 'Successful'}","[{'type': {'value': 213, 'displayName': 'Angle'}, 'value': '5.89'}, {'type': {'value': 141, 'displayName': 'PassEndY'}, 'value': '75.2'}, {'type': {'value': 3, 'displayName': 'HeadPass'}}, {'type': {'value': 140, 'displayName': 'PassEndX'}, 'value': '54.0'}, {'type': {'value': 212, 'displayName': 'Length'}, 'value': '25.9'}, {'type': {'value': 56, 'displayName': 'Zone'}, 'value': 'Center'}]","[91, 119, 117, 30, 139, 36, 38, 216, 218]",True,381045.0,54.0,75.2,,,,,,,,,
2610339377.0,5,0,9.0,31,55.1,83.8,0,"{'value': 1, 'displayName': 'FirstHalf'}","{'value': 44, 'displayName': 'Aerial'}","{'value': 1, 'displayName': 'Successful'}","[{'type': {'value': 56, 'displayName': 'Zone'}, 'value': 'Left'}, {'type': {'value': 286, 'displayName': 'Offensive'}}, {'type': {'value': 233, 'displayName': 'OppositeRelatedEvent'}, 'value': '6'}]","[197, 199]",False,141469.0,,,,,,,,,,,
2610339363.0,6,0,9.0,29,44.9,16.2,0,"{'value': 1, 'displayName': 'FirstHalf'}","{'value': 44, 'displayName': 'Aerial'}","{'value': 0, 'displayName': 'Unsuccessful'}","[{'type': {'value': 56, 'displayName': 'Zone'}, 'value': 'Back'}, {'type': {'value': 285, 'displayName': 'Defensive'}}, {'type': {'value': 233, 'displayName': 'OppositeRelatedEvent'}, 'value': '5'}]","[198, 200]",False,106086.0,,,,,,,,,,,
2610339391.0,6,0,9.0,31,52.8,86.6,0,"{'value': 1, 'displayName': 'FirstHalf'}","{'value': 1, 'displayName': 'Pass'}","{'value': 1, 'displayName': 'Successful'}","[{'type': {'value': 141, 'displayName': 'PassEndY'}, 'value': '85.0'}, {'type': {'value': 3, 'displayName': 'HeadPass'}}, {'type': {'value': 140, 'displayName': 'PassEndX'}, 'value': '59.3'}, {'type': {'value': 56, 'displayName': 'Zone'}, 'value': 'Left'}, {'type': {'value': 212, 'displayName': 'Length'}, 'value': '6.9'}, {'type': {'value': 213, 'displayName': 'Angle'}, 'value': '6.13'}]","[91, 119, 117, 30, 139, 36, 38, 216, 218]",True,141469.0,59.3,85.0,,,,,,,,,
2610339395.0,7,0,11.0,31,59.4,83.0,0,"{'value': 1, 'displayName': 'FirstHalf'}","{'value': 49, 'displayName': 'BallRecovery'}","{'value': 1, 'displayName': 'Successful'}",[],[93],False,116317.0,,,,,,,,,,,
2610339445.0,8,0,11.0,31,59.4,80.9,0,"{'value': 1, 'displayName': 'FirstHalf'}","{'value': 1, 'displayName': 'Pass'}","{'value': 1, 'displayName': 'Successful'}","[{'type': {'value': 178, 'displayName': 'StandingSave'}}, {'type': {'value': 141, 'displayName': 'PassEndY'}, 'value': '61.2'}, {'type': {'value': 140, 'displayName': 'PassEndX'}, 'value': '64.4'}, {'type': {'value': 213, 'displayName': 'Angle'}, 'value': '5.09'}, {'type': {'value': 56, 'displayName': 'Zone'}, 'value': 'Center'}, {'type': {'value': 212, 'displayName': 'Length'}, 'value': '14.4'}]","[91, 119, 117, 30, 36, 38, 216, 218]",True,116317.0,64.4,61.2,,,,,,,,,
2610339451.0,9,0,12.0,31,64.4,61.1,0,"{'value': 1, 'displayName': 'FirstHalf'}","{'value': 61, 'displayName': 'BallTouch'}","{'value': 0, 'displayName': 'Unsuccessful'}","[{'type': {'value': 178, 'displayName': 'StandingSave'}}, {'type': {'value': 56, 'displayName': 'Zone'}, 'value': 'Center'}]","[91, 69]",True,317896.0,,,,,,,,,,,
2610339467.0,7,0,15.0,29,25.6,58.5,0,"{'value': 1, 'displayName': 'FirstHalf'}","{'value': 49, 'displayName': 'BallRecovery'}","{'value': 1, 'displayName': 'Successful'}",[],[93],False,362434.0,,,,,,,,,,,
2610339529.0,8,0,16.0,29,22.6,74.7,0,"{'value': 1, 'displayName': 'FirstHalf'}","{'value': 1, 'displayName': 'Pass'}","{'value': 1, 'displayName': 'Successful'}","[{'type': {'value': 213, 'displayName': 'Angle'}, 'value': '0.75'}, {'type': {'value': 212, 'displayName': 'Length'}, 'value': '21.2'}, {'type': {'value': 56, 'displayName': 'Zone'}, 'value': 'Back'}, {'type': {'value': 178, 'displayName': 'StandingSave'}}, {'type': {'value': 140, 'displayName': 'PassEndX'}, 'value': '37.4'}, {'type': {'value': 141, 'displayName': 'PassEndY'}, 'value': '95.9'}]","[91, 117, 30, 36, 37, 216, 218]",True,362434.0,37.4,95.9,,,,,,,,,
2610339539.0,9,0,18.0,29,37.1,96.0,0,"{'value': 1, 'displayName': 'FirstHalf'}","{'value': 1, 'displayName': 'Pass'}","{'value': 0, 'displayName': 'Unsuccessful'}","[{'type': {'value': 140, 'displayName': 'PassEndX'}, 'value': '38.2'}, {'type': {'value': 213, 'displayName': 'Angle'}, 'value': '0.00'}, {'type': {'value': 212, 'displayName': 'Length'}, 'value': '1.2'}, {'type': {'value': 286, 'displayName': 'Offensive'}}, {'type': {'value': 56, 'displayName': 'Zone'}, 'value': 'Back'}, {'type': {'value': 141, 'displayName': 'PassEndY'}, 'value': '96.0'}, {'type': {'value': 178, 'displayName': 'StandingSave'}}, {'type': {'value': 233, 'displayName': 'OppositeRelatedEvent'}, 'value': '10'}]","[91, 118, 120, 29, 36, 216, 218]",True,319756.0,38.2,96.0,,,,,,,,,
2610339547.0,10,0,18.0,31,58.9,5.3,0,"{'value': 1, 'displayName': 'FirstHalf'}","{'value': 74, 'displayName': 'BlockedPass'}","{'value': 1, 'displayName': 'Successful'}","[{'type': {'value': 285, 'displayName': 'Defensive'}}, {'type': {'value': 178, 'displayName': 'StandingSave'}}, {'type': {'value': 56, 'displayName': 'Zone'}, 'value': 'Right'}, {'type': {'value': 233, 'displayName': 'OppositeRelatedEvent'}, 'value': '9'}]","[91, 60]",True,396975.0,,,,,,,,,,,
2610339805.0,12,0,37.0,29,36.4,100.0,0,"{'value': 1, 'displayName': 'FirstHalf'}","{'value': 1, 'displayName': 'Pass'}","{'value': 1, 'displayName': 'Successful'}","[{'type': {'value': 213, 'displayName': 'Angle'}, 'value': '3.98'}, {'type': {'value': 140, 'displayName': 'PassEndX'}, 'value': '32.4'}, {'type': {'value': 56, 'displayName': 'Zone'}, 'value': 'Back'}, {'type': {'value': 212, 'displayName': 'Length'}, 'value': '6.3'}, {'type': {'value': 107, 'displayName': 'ThrowIn'}}, {'type': {'value': 141, 'displayName': 'PassEndY'}, 'value': '95.1'}]","[91, 212, 35, 38, 215]",True,68049.0,32.4,95.1,,,,,,,,,
2610339823.0,13,0,38.0,29,32.6,94.7,0,"{'value': 1, 'displayName': 'FirstHalf'}","{'value': 1, 'displayName': 'Pass'}","{'value': 0, 'displayName': 'Unsuccessful'}","[{'type': {'value': 213, 'displayName': 'Angle'}, 'value': '0.50'}, {'type': {'value': 141, 'displayName': 'PassEndY'}, 'value': '100.0'}, {'type': {'value': 212, 'displayName': 'Length'}, 'value': '10.4'}, {'type': {'value': 56, 'displayName': 'Zone'}, 'value': 'Back'}, {'type': {'value': 140, 'displayName': 'PassEndX'}, 'value': '41.3'}, {'type': {'value': 155, 'displayName': 'Chipped'}}, {'type': {'value': 178, 'displayName': 'StandingSave'}}]","[91, 118, 120, 29, 124, 36, 37, 216, 218]",True,319756.0,41.3,100.0,,,,,,,,,
2610339995.0,13,0,43.0,31,56.6,0.0,0,"{'value': 1, 'displayName': 'FirstHalf'}","{'value': 1, 'displayName': 'Pass'}","{'value': 1, 'displayName': 'Successful'}","[{'type': {'value': 141, 'displayName': 'PassEndY'}, 'value': '5.8'}, {'type': {'value': 140, 'displayName': 'PassEndX'}, 'value': '74.2'}, {'type': {'value': 56, 'displayName': 'Zone'}, 'value': 'Right'}, {'type': {'value': 213, 'displayName': 'Angle'}, 'value': '0.25'}, {'type': {'value': 107, 'displayName': 'ThrowIn'}}, {'type': {'value': 212, 'displayName': 'Length'}, 'value': '19.0'}]","[91, 212, 36, 37, 217]",True,396975.0,74.2,5.8,,,,,,,,,
2610536907.0,826,0,45.0,31,75.1,4.9,0,"{'value': 1, 'displayName': 'FirstHalf'}","{'value': 1, 'displayName': 'Pass'}","{'value': 1, 'displayName': 'Successful'}","[{'type': {'value': 140, 'displayName': 'PassEndX'}, 'value': '65.9'}, {'type': {'value': 178, 'displayName': 'StandingSave'}}, {'type': {'value': 213, 'displayName': 'Angle'}, 'value': '3.18'}, {'type': {'value': 141, 'displayName': 'PassEndY'}, 'value': '4.3'}, {'type': {'value': 212, 'displayName': 'Length'}, 'value': '9.7'}, {'type': {'value': 56, 'displayName': 'Zone'}, 'value': 'Right'}]","[91, 119, 117, 30, 35, 38, 216, 218]",True,141469.0,65.9,4.3,,,,,,,,,
2610340001.0,14,0,48.0,31,62.9,14.9,0,"{'value': 1, 'displayName': 'FirstHalf'}","{'value': 61, 'displayName': 'BallTouch'}","{'value': 0, 'displayName': 'Unsuccessful'}","[{'type': {'value': 56, 'displayName': 'Zone'}, 'value': 'Right'}, {'type': {'value': 178, 'displayName': 'StandingSave'}}]","[91, 69]",True,317896.0,,,,,,,,,,,
2610340009.0,15,0,49.0,29,32.6,66.9,0,"{'value': 1, 'displayName': 'FirstHalf'}","{'value': 49, 'displayName': 'BallRecovery'}","{'value': 1, 'displayName': 'Successful'}",[],[93],False,322696.0,,,,,,,,,,,
2610340027.0,16,0,49.0,29,32.6,66.9,0,"{'value': 1, 'displayName': 'FirstHalf'}","{'value': 1, 'displayName': 'Pass'}","{'value': 1, 'displayName': 'Successful'}","[{'type': {'value': 178, 'displayName': 'StandingSave'}}, {'type': {'value': 140, 'displayName': 'PassEndX'}, 'value': '37.6'}, {'type': {'value': 56, 'displayName': 'Zone'}, 'value': 'Back'}, {'type': {'value': 213, 'displayName': 'Angle'}, 'value': '0.77'}, {'type': {'value': 212, 'displayName': 'Length'}, 'value': '7.3'}, {'type': {'value': 141, 'displayName': 'PassEndY'}, 'value': '74.4'}]","[91, 117, 30, 36, 37, 216, 218]",True,322696.0,37.6,74.4,,,,,,,,,
2610340049.0,17,0,51.0,29,38.2,74.5,0,"{'value': 1, 'displayName': 'FirstHalf'}","{'value': 1, 'displayName': 'Pass'}","{'value': 1, 'displayName': 'Successful'}","[{'type': {'value': 178, 'displayName': 'StandingSave'}}, {'type': {'value': 213, 'displayName': 'Angle'}, 'value': '2.41'}, {'type': {'value': 212, 'displayName': 'Length'}, 'value': '4.4'}, {'type': {'value': 56, 'displayName': 'Zone'}, 'value': 'Back'}, {'type': {'value': 141, 'displayName': 'PassEndY'}, 'value': '78.8'}, {'type': {'value': 140, 'displayName': 'PassEndX'}, 'value': '35.1'}]","[91, 117, 30, 35, 37, 216, 218]",True,400166.0,35.1,78.8,,,,,,,,,
2610340073.0,18,0,52.0,29,35.1,80.6,0,"{'value': 1, 'displayName': 'FirstHalf'}","{'value': 1, 'displayName': 'Pass'}","{'value': 1, 'displayName': 'Successful'}","[{'type': {'value': 140, 'displayName': 'PassEndX'}, 'value': '13.2'}, {'type': {'value': 141, 'displayName': 'PassEndY'}, 'value': '73.9'}, {'type': {'value': 212, 'displayName': 'Length'}, 'value': '23.4'}, {'type': {'value': 56, 'displayName': 'Zone'}, 'value': 'Back'}, {'type': {'value': 213, 'displayName': 'Angle'}, 'value': '3.34'}, {'type': {'value': 178, 'displayName': 'StandingSave'}}]","[91, 117, 30, 35, 38, 215, 218]",True,319756.0,13.2,73.9,,,,,,,,,
2610340117.0,19,0,54.0,29,13.2,73.9,0,"{'value': 1, 'displayName': 'FirstHalf'}","{'value': 1, 'displayName': 'Pass'}","{'value': 1, 'displayName': 'Successful'}","[{'type': {'value': 140, 'displayName': 'PassEndX'}, 'value': '12.6'}, {'type': {'value': 178, 'displayName': 'StandingSave'}}, {'type': {'value': 213, 'displayName': 'Angle'}, 'value': '4.69'}, {'type': {'value': 141, 'displayName': 'PassEndY'}, 'value': '39.2'}, {'type': {'value': 212, 'displayName': 'Length'}, 'value': '23.6'}, {'type': {'value': 56, 'displayName': 'Zone'}, 'value': 'Back'}]","[91, 117, 30, 35, 38, 215, 218]",True,362434.0,12.6,39.2,,,,,,,,,
2610340163.0,20,0,57.0,29,13.5,31.6,0,"{'value': 1, 'displayName': 'FirstHalf'}","{'value': 1, 'displayName': 'Pass'}","{'value': 1, 'displayName': 'Successful'}","[{'type': {'value': 213, 'displayName': 'Angle'}, 'value': '4.90'}, {'type': {'value': 212, 'displayName': 'Length'}, 'value': '17.4'}, {'type': {'value': 56, 'displayName': 'Zone'}, 'value': 'Back'}, {'type': {'value': 178, 'displayName': 'StandingSave'}}, {'type': {'value': 140, 'displayName': 'PassEndX'}, 'value': '16.6'}, {'type': {'value': 141, 'displayName': 'PassEndY'}, 'value': '6.5'}]","[91, 117, 30, 36, 38, 215, 218]",True,106086.0,16.6,6.5,,,,,,,,,
2610340291.0,21,0,59.0,29,16.7,6.4,0,"{'value': 1, 'displayName': 'FirstHalf'}","{'value': 1, 'displayName': 'Pass'}","{'value': 1, 'displayName': 'Successful'}","[{'type': {'value': 212, 'displayName': 'Length'}, 'value': '21.2'}, {'type': {'value': 140, 'displayName': 'PassEndX'}, 'value': '36.7'}, {'type': {'value': 178, 'displayName': 'StandingSave'}}, {'type': {'value': 213, 'displayName': 'Angle'}, 'value': '0.14'}, {'type': {'value': 141, 'displayName': 'PassEndY'}, 'value': '10.9'}, {'type': {'value': 56, 'displayName': 'Zone'}, 'value': 'Back'}]","[91, 117, 30, 36, 37, 216, 218]",True,111372.0,36.7,10.9,,,,,,,,,
2610340301.0,22,1,6.0,29,44.0,1.4,1,"{'value': 1, 'displayName': 'FirstHalf'}","{'value': 50, 'displayName': 'Dispossessed'}","{'value': 1, 'displayName': 'Successful'}","[{'type': {'value': 233, 'displayName': 'OppositeRelatedEvent'}, 'value': '17'}, {'type': {'value': 286, 'displayName': 'Offensive'}}, {'type': {'value': 56, 'displayName': 'Zone'}, 'value': 'Back'}]","[91, 70]",True,322596.0,,,,,,,,,,,
2610340313.0,17,1,6.0,31,56.0,98.6,1,"{'value': 1, 'displayName': 'FirstHalf'}","{'value': 7, 'displayName': 'Tackle'}","{'value': 1, 'displayName': 'Successful'}","[{'type': {'value': 233, 'displayName': 'OppositeRelatedEvent'}, 'value': '22'}, {'type': {'value': 285, 'displayName': 'Defensive'}}, {'type': {'value': 178, 'displayName': 'StandingSave'}}, {'type': {'value': 56, 'displayName': 'Zone'}, 'value': 'Left'}]","[91, 143]",True,345516.0,,,,,,,,,,,
2610340555.0,24,1,19.0,29,51.9,0.0,1,"{'value': 1, 'displayName': 'FirstHalf'}","{'value': 1, 'displayName': 'Pass'}","{'value': 1, 'displayName': 'Successful'}","[{'type': {'value': 141, 'displayName': 'PassEndY'}, 'value': '8.9'}, {'type': {'value': 140, 'displayName': 'PassEndX'}, 'value': '59.9'}, {'type': {'value': 212, 'displayName': 'Length'}, 'value': '10.9'}, {'type': {'value': 213, 'displayName': 'Angle'}, 'value': '0.70'}, {'type': {'value': 56, 'displayName': 'Zone'}, 'value': 'Right'}, {'type': {'value': 107, 'displayName': 'ThrowIn'}}]","[91, 212, 36, 37, 216]",True,111372.0,59.9,8.9,,,,,,,,,
2610340571.0,25,1,21.0,29,61.4,7.4,1,"{'value': 1, 'displayName': 'FirstHalf'}","{'value': 1, 'displayName': 'Pass'}","{'value': 0, 'displayName': 'Unsuccessful'}","[{'type': {'value': 56, 'displayName': 'Zone'}, 'value': 'Right'}, {'type': {'value': 140, 'displayName': 'PassEndX'}, 'value': '69.7'}, {'type': {'value': 141, 'displayName': 'PassEndY'}, 'value': '12.8'}, {'type': {'value': 212, 'displayName': 'Length'}, 'value': '9.5'}, {'type': {'value': 213, 'displayName': 'Angle'}, 'value': '0.40'}, {'type': {'value': 178, 'displayName': 'StandingSave'}}]","[91, 120, 29, 36, 37, 217, 218]",True,322696.0,69.7,12.8,,,,,,,,,
2610340591.0,19,1,22.0,31,32.4,86.9,1,"{'value': 1, 'displayName': 'FirstHalf'}","{'value': 49, 'displayName': 'BallRecovery'}","{'value': 1, 'displayName': 'Successful'}",[],[93],False,381045.0,,,,,,,,,,,
2610340655.0,20,1,22.0,31,32.4,86.9,1,"{'value': 1, 'displayName': 'FirstHalf'}","{'value': 1, 'displayName': 'Pass'}","{'value': 0, 'displayName': 'Unsuccessful'}","[{'type': {'value': 212, 'displayName': 'Length'}, 'value': '46.9'}, {'type': {'value': 213, 'displayName': 'Angle'}, 'value': '6.25'}, {'type': {'value': 140, 'displayName': 'PassEndX'}, 'value': '77.0'}, {'type': {'value': 1, 'displayName': 'Longball'}}, {'type': {'value': 141, 'displayName': 'PassEndY'}, 'value': '84.4'}, {'type': {'value': 56, 'displayName': 'Zone'}, 'value': 'Left'}, {'type': {'value': 178, 'displayName': 'StandingSave'}}]","[91, 120, 128, 36, 38, 217, 218]",True,381045.0,77.0,84.4,,,,,,,,,
2610340705.0,26,1,27.0,29,19.3,17.6,1,"{'value': 1, 'displayName': 'FirstHalf'}","{'value': 1, 'displayName': 'Pass'}","{'value': 1, 'displayName': 'Successful'}","[{'type': {'value': 56, 'displayName': 'Zone'}, 'value': 'Back'}, {'type': {'value': 3, 'displayName': 'HeadPass'}}, {'type': {'value': 178, 'displayName': 'StandingSave'}}, {'type': {'value': 213, 'displayName': 'Angle'}, 'value': '1.11'}, {'type': {'value': 212, 'displayName': 'Length'}, 'value': '8.1'}, {'type': {'value': 140, 'displayName': 'PassEndX'}, 'value': '22.7'}, {'type': {'value': 141, 'displayName': 'PassEndY'}, 'value': '28.3'}]","[91, 117, 30, 139, 36, 37, 215, 218]",True,106086.0,22.7,28.3,,,,,,,,,
2610340717.0,27,1,29.0,29,22.8,26.5,1,"{'value': 1, 'displayName': 'FirstHalf'}","{'value': 1, 'displayName': 'Pass'}","{'value': 0, 'displayName': 'Unsuccessful'}","[{'type': {'value': 213, 'displayName': 'Angle'}, 'value': '5.27'}, {'type': {'value': 155, 'displayName': 'Chipped'}}, {'type': {'value': 56, 'displayName': 'Zone'}, 'value': 'Back'}, {'type': {'value': 141, 'displayName': 'PassEndY'}, 'value': '2.6'}, {'type': {'value': 178, 'displayName': 'StandingSave'}}, {'type': {'value': 140, 'displayName': 'PassEndX'}, 'value': '32.5'}, {'type': {'value': 212, 'displayName': 'Length'}, 'value': '19.2'}]","[91, 118, 120, 29, 124, 36, 38, 215, 218]",True,362434.0,32.5,2.6,,,,,,,,,
2610340863.0,21,1,32.0,31,63.0,96.6,1,"{'value': 1, 'displayName': 'FirstHalf'}","{'value': 1, 'displayName': 'Pass'}","{'value': 1, 'displayName': 'Successful'}","[{'type': {'value': 140, 'displayName': 'PassEndX'}, 'value': '56.9'}, {'type': {'value': 212, 'displayName': 'Length'}, 'value': '6.4'}, {'type': {'value': 178, 'displayName': 'StandingSave'}}, {'type': {'value': 141, 'displayName': 'PassEndY'}, 'value': '96.3'}, {'type': {'value': 56, 'displayName': 'Zone'}, 'value': 'Left'}, {'type': {'value': 213, 'displayName': 'Angle'}, 'value': '3.17'}]","[91, 119, 117, 30, 35, 38, 216, 218]",True,116317.0,56.9,96.3,,,,,,,,,
2610340867.0,22,1,38.0,31,69.5,98.2,1,"{'value': 1, 'displayName': 'FirstHalf'}","{'value': 50, 'displayName': 'Dispossessed'}","{'value': 1, 'displayName': 'Successful'}","[{'type': {'value': 56, 'displayName': 'Zone'}, 'value': 'Left'}, {'type': {'value': 233, 'displayName': 'OppositeRelatedEvent'}, 'value': '29'}, {'type': {'value': 286, 'displayName': 'Offensive'}}]","[91, 70]",True,357427.0,,,,,,,,,,,
2610340871.0,29,1,38.0,29,30.5,1.8,1,"{'value': 1, 'displayName': 'FirstHalf'}","{'value': 7, 'displayName': 'Tackle'}","{'value': 0, 'displayName': 'Unsuccessful'}","[{'type': {'value': 178, 'displayName': 'StandingSave'}}, {'type': {'value': 233, 'displayName': 'OppositeRelatedEvent'}, 'value': '22'}, {'type': {'value': 56, 'displayName': 'Zone'}, 'value': 'Back'}, {'type': {'value': 285, 'displayName': 'Defensive'}}]","[91, 142]",True,322696.0,,,,,,,,,,,
2610340881.0,23,1,39.0,31,71.8,96.8,1,"{'value': 1, 'displayName': 'FirstHalf'}","{'value': 3, 'displayName': 'TakeOn'}","{'value': 0, 'displayName': 'Unsuccessful'}","[{'type': {'value': 286, 'displayName': 'Offensive'}}, {'type': {'value': 233, 'displayName': 'OppositeRelatedEvent'}, 'value': '30'}, {'type': {'value': 56, 'displayName': 'Zone'}, 'value': 'Left'}, {'type': {'value': 178, 'displayName': 'StandingSave'}}]","[91, 53]",True,357427.0,,,,,,,,,,,
2610340885.0,30,1,39.0,29,28.2,3.2,1,"{'value': 1, 'displayName': 'FirstHalf'}","{'value': 7, 'displayName': 'Tackle'}","{'value': 1, 'displayName': 'Successful'}","[{'type': {'value': 56, 'displayName': 'Zone'}, 'value': 'Back'}, {'type': {'value': 285, 'displayName': 'Defensive'}}, {'type': {'value': 233, 'displayName': 'OppositeRelatedEvent'}, 'value': '23'}, {'type': {'value': 178, 'displayName': 'StandingSave'}}]","[91, 143]",True,111372.0,,,,,,,,,,,
2610340899.0,31,1,41.0,29,22.0,4.4,1,"{'value': 1, 'displayName': 'FirstHalf'}","{'value': 49, 'displayName': 'BallRecovery'}","{'value': 1, 'displayName': 'Successful'}",[],[93],False,400166.0,,,,,,,,,,,
2610340925.0,32,1,41.0,29,29.3,12.5,1,"{'value': 1, 'displayName': 'FirstHalf'}","{'value': 1, 'displayName': 'Pass'}","{'value': 1, 'displayName': 'Successful'}","[{'type': {'value': 212, 'displayName': 'Length'}, 'value': '4.7'}, {'type': {'value': 213, 'displayName': 'Angle'}, 'value': '3.85'}, {'type': {'value': 56, 'displayName': 'Zone'}, 'value': 'Back'}, {'type': {'value': 140, 'displayName': 'PassEndX'}, 'value': '25.9'}, {'type': {'value': 141, 'displayName': 'PassEndY'}, 'value': '8.0'}, {'type': {'value': 178, 'displayName': 'StandingSave'}}]","[91, 117, 30, 35, 38, 215, 218]",True,400166.0,25.9,8.0,,,,,,,,,
2610340981.0,33,1,42.0,29,29.9,10.4,1,"{'value': 1, 'displayName': 'FirstHalf'}","{'value': 1, 'displayName': 'Pass'}","{'value': 1, 'displayName': 'Successful'}","[{'type': {'value': 212, 'displayName': 'Length'}, 'value': '10.5'}, {'type': {'value': 213, 'displayName': 'Angle'}, 'value': '0.08'}, {'type': {'value': 56, 'displayName': 'Zone'}, 'value': 'Back'}, {'type': {'value': 140, 'displayName': 'PassEndX'}, 'value': '39.9'}, {'type': {'value': 141, 'displayName': 'PassEndY'}, 'value': '11.6'}, {'type': {'value': 178, 'displayName': 'StandingSave'}}]","[91, 117, 30, 36, 37, 216, 218]",True,322696.0,39.9,11.6,,,,,,,,,
2610341003.0,34,1,47.0,29,40.6,8.2,1,"{'value': 1, 'displayName': 'FirstHalf'}","{'value': 1, 'displayName': 'Pass'}","{'value': 0, 'displayName': 'Unsuccessful'}","[{'type': {'value': 178, 'displayName': 'StandingSave'}}, {'type': {'value': 141, 'displayName': 'PassEndY'}, 'value': '15.0'}, {'type': {'value': 56, 'displayName': 'Zone'}, 'value': 'Right'}, {'type': {'value': 213, 'displayName': 'Angle'}, 'value': '0.20'}, {'type': {'value': 140, 'displayName': 'PassEndX'}, 'value': '61.8'}, {'type': {'value': 212, 'displayName': 'Length'}, 'value': '22.7'}]","[91, 120, 29, 36, 37, 216, 218]",True,69517.0,61.8,15.0,,,,,,,,,
2610341023.0,24,1,48.0,31,38.2,92.0,1,"{'value': 1, 'displayName': 'FirstHalf'}","{'value': 49, 'displayName': 'BallRecovery'}","{'value': 1, 'displayName': 'Successful'}",[],[93],False,345516.0,,,,,,,,,,,
2610341131.0,25,1,49.0,31,37.2,89.6,1,"{'value': 1, 'displayName': 'FirstHalf'}","{'value': 1, 'displayName': 'Pass'}","{'value': 1, 'displayName': 'Successful'}","[{'type': {'value': 140, 'displayName': 'PassEndX'}, 'value': '34.4'}, {'type': {'value': 212, 'displayName': 'Length'}, 'value': '12.3'}, {'type': {'value': 178, 'displayName': 'StandingSave'}}, {'type': {'value': 141, 'displayName': 'PassEndY'}, 'value': '72.1'}, {'type': {'value': 56, 'displayName': 'Zone'}, 'value': 'Back'}, {'type': {'value': 213, 'displayName': 'Angle'}, 'value': '4.47'}]","[91, 117, 30, 35, 38, 216, 218]",True,345516.0,34.4,72.1,,,,,,,,,
2610341207.0,26,1,54.0,31,33.9,51.2,1,"{'value': 1, 'displayName': 'FirstHalf'}","{'value': 1, 'displayName': 'Pass'}","{'value': 1, 'displayName': 'Successful'}","[{'type': {'value': 56, 'displayName': 'Zone'}, 'value': 'Right'}, {'type': {'value': 213, 'displayName': 'Angle'}, 'value': '5.27'}, {'type': {'value': 212, 'displayName': 'Length'}, 'value': '37.1'}, {'type': {'value': 178, 'displayName': 'StandingSave'}}, {'type': {'value': 140, 'displayName': 'PassEndX'}, 'value': '52.7'}, {'type': {'value': 141, 'displayName': 'PassEndY'}, 'value': '5.0'}, {'type': {'value': 1, 'displayName': 'Longball'}}]","[91, 119, 117, 127, 36, 38, 216, 218]",True,131464.0,52.7,5.0,,,,,,,,,
2610341247.0,27,1,58.0,31,56.9,4.1,1,"{'value': 1, 'displayName': 'FirstHalf'}","{'value': 1, 'displayName': 'Pass'}","{'value': 1, 'displayName': 'Successful'}","[{'type': {'value': 141, 'displayName': 'PassEndY'}, 'value': '26.4'}, {'type': {'value': 1, 'displayName': 'Longball'}}, {'type': {'value': 140, 'displayName': 'PassEndX'}, 'value': '85.1'}, {'type': {'value': 212, 'displayName': 'Length'}, 'value': '33.3'}, {'type': {'value': 213, 'displayName': 'Angle'}, 'value': '0.47'}, {'type': {'value': 178, 'displayName': 'StandingSave'}}, {'type': {'value': 56, 'displayName': 'Zone'}, 'value': 'Center'}, {'type': {'value': 155, 'displayName': 'Chipped'}}]","[91, 119, 117, 124, 127, 205, 36, 37, 217, 218]",True,396975.0,85.1,26.4,,,,,,,,,
2610341281.0,28,2,0.0,31,85.1,26.4,2,"{'value': 1, 'displayName': 'FirstHalf'}","{'value': 1, 'displayName': 'Pass'}","{'value': 0, 'displayName': 'Unsuccessful'}","[{'type': {'value': 140, 'displayName': 'PassEndX'}, 'value': '80.1'}, {'type': {'value': 141, 'displayName': 'PassEndY'}, 'value': '38.6'}, {'type': {'value': 212, 'displayName': 'Length'}, 'value': '9.8'}, {'type': {'value': 56, 'displayName': 'Zone'}, 'value': 'Center'}, {'type': {'value': 178, 'displayName': 'StandingSave'}}, {'type': {'value': 213, 'displayName': 'Angle'}, 'value': '2.14'}]","[91, 120, 29, 35, 37, 217, 218]",True,141469.0,80.1,38.6,,,,,,,,,
2610341299.0,35,2,2.0,29,24.1,62.9,2,"{'value': 1, 'displayName': 'FirstHalf'}","{'value': 1, 'displayName': 'Pass'}","{'value': 1, 'displayName': 'Successful'}","[{'type': {'value': 178, 'displayName': 'StandingSave'}}, {'type': {'value': 140, 'displayName': 'PassEndX'}, 'value': '23.1'}, {'type': {'value': 141, 'displayName': 'PassEndY'}, 'value': '72.7'}, {'type': {'value': 213, 'displayName': 'Angle'}, 'value': '1.73'}, {'type': {'value': 212, 'displayName': 'Length'}, 'value': '6.7'}, {'type': {'value': 56, 'displayName': 'Zone'}, 'value': 'Back'}]","[91, 117, 30, 35, 37, 215, 218]",True,106086.0,23.1,72.7,,,,,,,,,
2610341309.0,36,2,4.0,29,23.1,72.7,2,"{'value': 1, 'displayName': 'FirstHalf'}","{'value': 49, 'displayName': 'BallRecovery'}","{'value': 1, 'displayName': 'Successful'}",[],[93],False,105172.0,,,,,,,,,,,
2610341347.0,37,2,5.0,29,23.3,73.3,2,"{'value': 1, 'displayName': 'FirstHalf'}","{'value': 1, 'displayName': 'Pass'}","{'value': 1, 'displayName': 'Successful'}","[{'type': {'value': 212, 'displayName': 'Length'}, 'value': '13.4'}, {'type': {'value': 140, 'displayName': 'PassEndX'}, 'value': '27.2'}, {'type': {'value': 178, 'displayName': 'StandingSave'}}, {'type': {'value': 141, 'displayName': 'PassEndY'}, 'value': '92.0'}, {'type': {'value': 56, 'displayName': 'Zone'}, 'value': 'Back'}, {'type': {'value': 213, 'displayName': 'Angle'}, 'value': '1.26'}]","[91, 117, 30, 36, 37, 215, 218]",True,105172.0,27.2,92.0,,,,,,,,,
2610341369.0,38,2,5.0,29,25.7,91.2,2,"{'value': 1, 'displayName': 'FirstHalf'}","{'value': 1, 'displayName': 'Pass'}","{'value': 0, 'displayName': 'Unsuccessful'}","[{'type': {'value': 140, 'displayName': 'PassEndX'}, 'value': '33.6'}, {'type': {'value': 141, 'displayName': 'PassEndY'}, 'value': '74.1'}, {'type': {'value': 213, 'displayName': 'Angle'}, 'value': '5.33'}, {'type': {'value': 212, 'displayName': 'Length'}, 'value': '14.3'}, {'type': {'value': 155, 'displayName': 'Chipped'}}, {'type': {'value': 178, 'displayName': 'StandingSave'}}, {'type': {'value': 56, 'displayName': 'Zone'}, 'value': 'Back'}]","[91, 118, 120, 29, 124, 36, 38, 216, 218]",True,319756.0,33.6,74.1,,,,,,,,,
2610341395.0,29,2,7.0,31,63.8,28.5,2,"{'value': 1, 'displayName': 'FirstHalf'}","{'value': 44, 'displayName': 'Aerial'}","{'value': 1, 'displayName': 'Successful'}","[{'type': {'value': 286, 'displayName': 'Offensive'}}, {'type': {'value': 56, 'displayName': 'Zone'}, 'value': 'Center'}, {'type': {'value': 233, 'displayName': 'OppositeRelatedEvent'}, 'value': '39'}]","[197, 199]",False,400815.0,,,,,,,,,,,
2610341379.0,39,2,7.0,29,36.2,71.5,2,"{'value': 1, 'displayName': 'FirstHalf'}","{'value': 44, 'displayName': 'Aerial'}","{'value': 0, 'displayName': 'Unsuccessful'}","[{'type': {'value': 285, 'displayName': 'Defensive'}}, {'type': {'value': 233, 'displayName': 'OppositeRelatedEvent'}, 'value': '29'}, {'type': {'value': 56, 'displayName': 'Zone'}, 'value': 'Back'}]","[198, 200]",False,400166.0,,,,,,,,,,,
2610341451.0,30,2,7.0,31,61.2,31.5,2,"{'value': 1, 'displayName': 'FirstHalf'}","{'value': 1, 'displayName': 'Pass'}","{'value': 1, 'displayName': 'Successful'}","[{'type': {'value': 141, 'displayName': 'PassEndY'}, 'value': '5.5'}, {'type': {'value': 213, 'displayName': 'Angle'}, 'value': '4.88'}, {'type': {'value': 140, 'displayName': 'PassEndX'}, 'value': '64.0'}, {'type': {'value': 212, 'displayName': 'Length'}, 'value': '17.9'}, {'type': {'value': 56, 'displayName': 'Zone'}, 'value': 'Right'}, {'type': {'value': 3, 'displayName': 'HeadPass'}}]","[91, 119, 117, 30, 139, 36, 38, 216, 218]",True,400815.0,64.0,5.5,,,,,,,,,
2610341453.0,31,2,10.0,31,64.0,5.5,2,"{'value': 1, 'displayName': 'FirstHalf'}","{'value': 61, 'displayName': 'BallTouch'}","{'value': 0, 'displayName': 'Unsuccessful'}","[{'type': {'value': 178, 'displayName': 'StandingSave'}}, {'type': {'value': 56, 'displayName': 'Zone'}, 'value': 'Right'}]","[91, 69]",True,396975.0,,,,,,,,,,,
2610341601.0,41,2,18.0,29,30.2,100.0,2,"{'value': 1, 'displayName': 'FirstHalf'}","{'value': 1, 'displayName': 'Pass'}","{'value': 1, 'displayName': 'Successful'}","[{'type': {'value': 140, 'displayName': 'PassEndX'}, 'value': '33.0'}, {'type': {'value': 213, 'displayName': 'Angle'}, 'value': '5.04'}, {'type': {'value': 107, 'displayName': 'ThrowIn'}}, {'type': {'value': 212, 'displayName': 'Length'}, 'value': '9.1'}, {'type': {'value': 141, 'displayName': 'PassEndY'}, 'value': '89.3'}, {'type': {'value': 56, 'displayName': 'Zone'}, 'value': 'Back'}]","[91, 212, 36, 38, 215]",True,68049.0,33.0,89.3,,,,,,,,,
2610341689.0,42,2,20.0,29,32.8,85.3,2,"{'value': 1, 'displayName': 'FirstHalf'}","{'value': 1, 'displayName': 'Pass'}","{'value': 1, 'displayName': 'Successful'}","[{'type': {'value': 56, 'displayName': 'Zone'}, 'value': 'Back'}, {'type': {'value': 212, 'displayName': 'Length'}, 'value': '23.5'}, {'type': {'value': 141, 'displayName': 'PassEndY'}, 'value': '52.1'}, {'type': {'value': 178, 'displayName': 'StandingSave'}}, {'type': {'value': 140, 'displayName': 'PassEndX'}, 'value': '26.5'}, {'type': {'value': 213, 'displayName': 'Angle'}, 'value': '4.43'}]","[91, 117, 30, 35, 38, 215, 218]",True,105172.0,26.5,52.1,,,,,,,,,
2610341717.0,43,2,26.0,29,27.7,43.9,2,"{'value': 1, 'displayName': 'FirstHalf'}","{'value': 1, 'displayName': 'Pass'}","{'value': 1, 'displayName': 'Successful'}","[{'type': {'value': 212, 'displayName': 'Length'}, 'value': '21.1'}, {'type': {'value': 141, 'displayName': 'PassEndY'}, 'value': '50.6'}, {'type': {'value': 140, 'displayName': 'PassEndX'}, 'value': '8.1'}, {'type': {'value': 178, 'displayName': 'StandingSave'}}, {'type': {'value': 213, 'displayName': 'Angle'}, 'value': '2.92'}, {'type': {'value': 56, 'displayName': 'Zone'}, 'value': 'Back'}]","[91, 117, 30, 35, 37, 215, 218]",True,106086.0,8.1,50.6,,,,,,,,,
2610341761.0,44,2,29.0,29,8.4,50.6,2,"{'value': 1, 'displayName': 'FirstHalf'}","{'value': 1, 'displayName': 'Pass'}","{'value': 0, 'displayName': 'Unsuccessful'}","[{'type': {'value': 56, 'displayName': 'Zone'}, 'value': 'Center'}, {'type': {'value': 213, 'displayName': 'Angle'}, 'value': '6.27'}, {'type': {'value': 141, 'displayName': 'PassEndY'}, 'value': '49.6'}, {'type': {'value': 178, 'displayName': 'StandingSave'}}, {'type': {'value': 212, 'displayName': 'Length'}, 'value': '61.8'}, {'type': {'value': 140, 'displayName': 'PassEndX'}, 'value': '67.3'}, {'type': {'value': 1, 'displayName': 'Longball'}}]","[91, 120, 128, 36, 38, 217, 218]",True,92516.0,67.3,49.6,,,,,,,,,
2610341859.0,33,2,32.0,31,33.7,51.6,2,"{'value': 1, 'displayName': 'FirstHalf'}","{'value': 1, 'displayName': 'Pass'}","{'value': 1, 'displayName': 'Successful'}","[{'type': {'value': 212, 'displayName': 'Length'}, 'value': '21.3'}, {'type': {'value': 141, 'displayName': 'PassEndY'}, 'value': '49.6'}, {'type': {'value': 56, 'displayName': 'Zone'}, 'value': 'Back'}, {'type': {'value': 213, 'displayName': 'Angle'}, 'value': '3.21'}, {'type': {'value': 178, 'displayName': 'StandingSave'}}, {'type': {'value': 3, 'displayName': 'HeadPass'}}, {'type': {'value': 140, 'displayName': 'PassEndX'}, 'value': '13.5'}]","[91, 117, 30, 139, 35, 38, 215, 218]",True,131464.0,13.5,49.6,,,,,,,,,
2610341865.0,34,2,36.0,31,13.5,49.6,2,"{'value': 1, 'displayName': 'FirstHalf'}","{'value': 52, 'displayName': 'KeeperPickup'}","{'value': 1, 'displayName': 'Successful'}","[{'type': {'value': 178, 'displayName': 'StandingSave'}}]",[93],False,110189.0,,,,,,,,,,,
2610341987.0,35,2,39.0,31,13.5,49.6,2,"{'value': 1, 'displayName': 'FirstHalf'}","{'value': 1, 'displayName': 'Pass'}","{'value': 1, 'displayName': 'Successful'}","[{'type': {'value': 140, 'displayName': 'PassEndX'}, 'value': '15.7'}, {'type': {'value': 212, 'displayName': 'Length'}, 'value': '10.0'}, {'type': {'value': 141, 'displayName': 'PassEndY'}, 'value': '63.9'}, {'type': {'value': 123, 'displayName': 'KeeperThrow'}}, {'type': {'value': 56, 'displayName': 'Zone'}, 'value': 'Back'}, {'type': {'value': 213, 'displayName': 'Angle'}, 'value': '1.34'}, {'type': {'value': 178, 'displayName': 'StandingSave'}}]","[91, 36, 37, 215, 218]",True,110189.0,15.7,63.9,,,,,,,,,
2610342061.0,36,2,43.0,31,17.6,63.1,2,"{'value': 1, 'displayName': 'FirstHalf'}","{'value': 1, 'displayName': 'Pass'}","{'value': 1, 'displayName': 'Successful'}","[{'type': {'value': 213, 'displayName': 'Angle'}, 'value': '4.01'}, {'type': {'value': 212, 'displayName': 'Length'}, 'value': '16.8'}, {'type': {'value': 56, 'displayName': 'Zone'}, 'value': 'Back'}, {'type': {'value': 178, 'displayName': 'StandingSave'}}, {'type': {'value': 140, 'displayName': 'PassEndX'}, 'value': '7.2'}, {'type': {'value': 141, 'displayName': 'PassEndY'}, 'value': '44.3'}]","[91, 117, 30, 35, 38, 215, 218]",True,381045.0,7.2,44.3,,,,,,,,,
2610342123.0,37,2,48.0,31,11.1,47.9,2,"{'value': 1, 'displayName': 'FirstHalf'}","{'value': 1, 'displayName': 'Pass'}","{'value': 0, 'displayName': 'Unsuccessful'}","[{'type': {'value': 1, 'displayName': 'Longball'}}, {'type': {'value': 140, 'displayName': 'PassEndX'}, 'value': '44.9'}, {'type': {'value': 213, 'displayName': 'Angle'}, 'value': '6.21'}, {'type': {'value': 178, 'displayName': 'StandingSave'}}, {'type': {'value': 141, 'displayName': 'PassEndY'}, 'value': '43.9'}, {'type': {'value': 56, 'displayName': 'Zone'}, 'value': 'Back'}, {'type': {'value': 155, 'displayName': 'Chipped'}}, {'type': {'value': 212, 'displayName': 'Length'}, 'value': '35.6'}]","[91, 118, 120, 124, 128, 36, 38, 216, 218]",True,110189.0,44.9,43.9,,,,,,,,,
2610342177.0,45,2,50.0,29,52.9,59.9,2,"{'value': 1, 'displayName': 'FirstHalf'}","{'value': 1, 'displayName': 'Pass'}","{'value': 0, 'displayName': 'Unsuccessful'}","[{'type': {'value': 213, 'displayName': 'Angle'}, 'value': '4.94'}, {'type': {'value': 140, 'displayName': 'PassEndX'}, 'value': '55.9'}, {'type': {'value': 141, 'displayName': 'PassEndY'}, 'value': '39.8'}, {'type': {'value': 56, 'displayName': 'Zone'}, 'value': 'Center'}, {'type': {'value': 3, 'displayName': 'HeadPass'}}, {'type': {'value': 212, 'displayName': 'Length'}, 'value': '14.0'}]","[91, 120, 29, 139, 36, 38, 216, 218]",True,105172.0,55.9,39.8,,,,,,,,,
2610342249.0,38,2,54.0,31,43.7,61.4,2,"{'value': 1, 'displayName': 'FirstHalf'}","{'value': 61, 'displayName': 'BallTouch'}","{'value': 0, 'displayName': 'Unsuccessful'}","[{'type': {'value': 56, 'displayName': 'Zone'}, 'value': 'Back'}, {'type': {'value': 15, 'displayName': 'Head'}}, {'type': {'value': 178, 'displayName': 'StandingSave'}}]","[91, 69]",True,116317.0,,,,,,,,,,,
2610344283.0,76,2,55.0,29,52.0,37.5,2,"{'value': 1, 'displayName': 'FirstHalf'}","{'value': 61, 'displayName': 'BallTouch'}","{'value': 0, 'displayName': 'Unsuccessful'}","[{'type': {'value': 178, 'displayName': 'StandingSave'}}, {'type': {'value': 56, 'displayName': 'Zone'}, 'value': 'Center'}]","[91, 69]",True,322696.0,,,,,,,,,,,
2610342277.0,39,2,55.0,31,48.0,63.9,2,"{'value': 1, 'displayName': 'FirstHalf'}","{'value': 1, 'displayName': 'Pass'}","{'value': 0, 'displayName': 'Unsuccessful'}","[{'type': {'value': 141, 'displayName': 'PassEndY'}, 'value': '73.2'}, {'type': {'value': 178, 'displayName': 'StandingSave'}}, {'type': {'value': 213, 'displayName': 'Angle'}, 'value': '1.62'}, {'type': {'value': 140, 'displayName': 'PassEndX'}, 'value': '47.7'}, {'type': {'value': 212, 'displayName': 'Length'}, 'value': '6.3'}, {'type': {'value': 56, 'displayName': 'Zone'}, 'value': 'Back'}]","[91, 118, 120, 29, 35, 37, 216, 218]",True,116317.0,47.7,73.2,,,,,,,,,
2610342285.0,46,2,57.0,29,53.8,22.2,2,"{'value': 1, 'displayName': 'FirstHalf'}","{'value': 49, 'displayName': 'BallRecovery'}","{'value': 1, 'displayName': 'Successful'}",[],[93],False,400166.0,,,,,,,,,,,
2610342325.0,47,2,59.0,29,46.2,22.8,2,"{'value': 1, 'displayName': 'FirstHalf'}","{'value': 50, 'displayName': 'Dispossessed'}","{'value': 1, 'displayName': 'Successful'}","[{'type': {'value': 286, 'displayName': 'Offensive'}}, {'type': {'value': 56, 'displayName': 'Zone'}, 'value': 'Back'}, {'type': {'value': 233, 'displayName': 'OppositeRelatedEvent'}, 'value': '40'}]","[91, 70]",True,400166.0,,,,,,,,,,,
2610342385.0,40,3,0.0,31,53.8,77.2,3,"{'value': 1, 'displayName': 'FirstHalf'}","{'value': 7, 'displayName': 'Tackle'}","{'value': 1, 'displayName': 'Successful'}","[{'type': {'value': 178, 'displayName': 'StandingSave'}}, {'type': {'value': 285, 'displayName': 'Defensive'}}, {'type': {'value': 233, 'displayName': 'OppositeRelatedEvent'}, 'value': '47'}, {'type': {'value': 56, 'displayName': 'Zone'}, 'value': 'Center'}]","[91, 143]",True,357427.0,,,,,,,,,,,
2610342419.0,42,3,1.0,31,52.6,71.4,3,"{'value': 1, 'displayName': 'FirstHalf'}","{'value': 3, 'displayName': 'TakeOn'}","{'value': 0, 'displayName': 'Unsuccessful'}","[{'type': {'value': 56, 'displayName': 'Zone'}, 'value': 'Center'}, {'type': {'value': 233, 'displayName': 'OppositeRelatedEvent'}, 'value': '49'}, {'type': {'value': 178, 'displayName': 'StandingSave'}}, {'type': {'value': 286, 'displayName': 'Offensive'}}]","[91, 53]",True,116317.0,,,,,,,,,,,
2610342347.0,49,3,1.0,29,47.4,28.6,3,"{'value': 1, 'displayName': 'FirstHalf'}","{'value': 7, 'displayName': 'Tackle'}","{'value': 0, 'displayName': 'Unsuccessful'}","[{'type': {'value': 285, 'displayName': 'Defensive'}}, {'type': {'value': 178, 'displayName': 'StandingSave'}}, {'type': {'value': 56, 'displayName': 'Zone'}, 'value': 'Back'}, {'type': {'value': 233, 'displayName': 'OppositeRelatedEvent'}, 'value': '42'}]","[91, 142]",True,400166.0,,,,,,,,,,,
2610347177.0,92,3,1.0,31,51.6,71.5,3,"{'value': 1, 'displayName': 'FirstHalf'}","{'value': 61, 'displayName': 'BallTouch'}","{'value': 1, 'displayName': 'Successful'}","[{'type': {'value': 56, 'displayName': 'Zone'}, 'value': 'Center'}, {'type': {'value': 178, 'displayName': 'StandingSave'}}]",[91],True,116317.0,,,,,,,,,,,
2610342341.0,48,3,2.0,29,51.9,24.8,3,"{'value': 1, 'displayName': 'FirstHalf'}","{'value': 1, 'displayName': 'Pass'}","{'value': 0, 'displayName': 'Unsuccessful'}","[{'type': {'value': 212, 'displayName': 'Length'}, 'value': '1.6'}, {'type': {'value': 141, 'displayName': 'PassEndY'}, 'value': '24.6'}, {'type': {'value': 213, 'displayName': 'Angle'}, 'value': '6.20'}, {'type': {'value': 178, 'displayName': 'StandingSave'}}, {'type': {'value': 233, 'displayName': 'OppositeRelatedEvent'}, 'value': '41'}, {'type': {'value': 286, 'displayName': 'Offensive'}}, {'type': {'value': 140, 'displayName': 'PassEndX'}, 'value': '53.4'}, {'type': {'value': 56, 'displayName': 'Zone'}, 'value': 'Center'}]","[91, 120, 29, 36, 38, 216, 218]",True,400166.0,53.4,24.6,,,,,,,,,
2610342389.0,41,3,2.0,31,46.9,75.2,3,"{'value': 1, 'displayName': 'FirstHalf'}","{'value': 74, 'displayName': 'BlockedPass'}","{'value': 1, 'displayName': 'Successful'}","[{'type': {'value': 178, 'displayName': 'StandingSave'}}, {'type': {'value': 56, 'displayName': 'Zone'}, 'value': 'Back'}, {'type': {'value': 285, 'displayName': 'Defensive'}}, {'type': {'value': 233, 'displayName': 'OppositeRelatedEvent'}, 'value': '48'}]","[91, 60]",True,400815.0,,,,,,,,,,,
2610342535.0,50,3,9.0,29,35.3,34.6,3,"{'value': 1, 'displayName': 'FirstHalf'}","{'value': 1, 'displayName': 'Pass'}","{'value': 1, 'displayName': 'Successful'}","[{'type': {'value': 141, 'displayName': 'PassEndY'}, 'value': '71.7'}, {'type': {'value': 178, 'displayName': 'StandingSave'}}, {'type': {'value': 140, 'displayName': 'PassEndX'}, 'value': '27.6'}, {'type': {'value': 56, 'displayName': 'Zone'}, 'value': 'Back'}, {'type': {'value': 212, 'displayName': 'Length'}, 'value': '26.5'}, {'type': {'value': 213, 'displayName': 'Angle'}, 'value': '1.88'}]","[91, 117, 30, 35, 37, 215, 218]",True,105172.0,27.6,71.7,,,,,,,,,
2610342595.0,51,3,12.0,29,27.2,67.6,3,"{'value': 1, 'displayName': 'FirstHalf'}","{'value': 1, 'displayName': 'Pass'}","{'value': 1, 'displayName': 'Successful'}","[{'type': {'value': 212, 'displayName': 'Length'}, 'value': '21.4'}, {'type': {'value': 141, 'displayName': 'PassEndY'}, 'value': '36.1'}, {'type': {'value': 178, 'displayName': 'StandingSave'}}, {'type': {'value': 140, 'displayName': 'PassEndX'}, 'value': '27.2'}, {'type': {'value': 213, 'displayName': 'Angle'}, 'value': '4.71'}, {'type': {'value': 56, 'displayName': 'Zone'}, 'value': 'Back'}]","[91, 117, 30, 38, 215, 218]",True,362434.0,27.2,36.1,,,,,,,,,
2610342615.0,52,3,15.0,29,29.0,35.8,3,"{'value': 1, 'displayName': 'FirstHalf'}","{'value': 1, 'displayName': 'Pass'}","{'value': 1, 'displayName': 'Successful'}","[{'type': {'value': 141, 'displayName': 'PassEndY'}, 'value': '43.7'}, {'type': {'value': 140, 'displayName': 'PassEndX'}, 'value': '34.0'}, {'type': {'value': 178, 'displayName': 'StandingSave'}}, {'type': {'value': 213, 'displayName': 'Angle'}, 'value': '0.80'}, {'type': {'value': 56, 'displayName': 'Zone'}, 'value': 'Back'}, {'type': {'value': 212, 'displayName': 'Length'}, 'value': '7.5'}]","[91, 117, 30, 36, 37, 216, 218]",True,106086.0,34.0,43.7,,,,,,,,,
2610342665.0,53,3,16.0,29,33.7,41.9,3,"{'value': 1, 'displayName': 'FirstHalf'}","{'value': 1, 'displayName': 'Pass'}","{'value': 1, 'displayName': 'Successful'}","[{'type': {'value': 212, 'displayName': 'Length'}, 'value': '10.8'}, {'type': {'value': 140, 'displayName': 'PassEndX'}, 'value': '43.2'}, {'type': {'value': 213, 'displayName': 'Angle'}, 'value': '0.38'}, {'type': {'value': 178, 'displayName': 'StandingSave'}}, {'type': {'value': 141, 'displayName': 'PassEndY'}, 'value': '47.8'}, {'type': {'value': 56, 'displayName': 'Zone'}, 'value': 'Back'}]","[91, 117, 30, 36, 37, 216, 218]",True,105172.0,43.2,47.8,,,,,,,,,
2610342685.0,54,3,17.0,29,45.6,44.5,3,"{'value': 1, 'displayName': 'FirstHalf'}","{'value': 1, 'displayName': 'Pass'}","{'value': 1, 'displayName': 'Successful'}","[{'type': {'value': 141, 'displayName': 'PassEndY'}, 'value': '51.1'}, {'type': {'value': 212, 'displayName': 'Length'}, 'value': '5.0'}, {'type': {'value': 178, 'displayName': 'StandingSave'}}, {'type': {'value': 56, 'displayName': 'Zone'}, 'value': 'Back'}, {'type': {'value': 213, 'displayName': 'Angle'}, 'value': '2.01'}, {'type': {'value': 140, 'displayName': 'PassEndX'}, 'value': '43.6'}]","[91, 117, 30, 35, 37, 216, 218]",True,322696.0,43.6,51.1,,,,,,,,,
2610342727.0,55,3,18.0,29,43.9,50.5,3,"{'value': 1, 'displayName': 'FirstHalf'}","{'value': 1, 'displayName': 'Pass'}","{'value': 1, 'displayName': 'Successful'}","[{'type': {'value': 140, 'displayName': 'PassEndX'}, 'value': '47.9'}, {'type': {'value': 212, 'displayName': 'Length'}, 'value': '20.4'}, {'type': {'value': 178, 'displayName': 'StandingSave'}}, {'type': {'value': 141, 'displayName': 'PassEndY'}, 'value': '79.8'}, {'type': {'value': 56, 'displayName': 'Zone'}, 'value': 'Back'}, {'type': {'value': 213, 'displayName': 'Angle'}, 'value': '1.36'}]","[91, 117, 30, 36, 37, 216, 218]",True,105172.0,47.9,79.8,,,,,,,,,
2610342833.0,56,3,21.0,29,47.4,90.2,3,"{'value': 1, 'displayName': 'FirstHalf'}","{'value': 1, 'displayName': 'Pass'}","{'value': 1, 'displayName': 'Successful'}","[{'type': {'value': 140, 'displayName': 'PassEndX'}, 'value': '86.8'}, {'type': {'value': 141, 'displayName': 'PassEndY'}, 'value': '93.2'}, {'type': {'value': 56, 'displayName': 'Zone'}, 'value': 'Left'}, {'type': {'value': 213, 'displayName': 'Angle'}, 'value': '0.05'}, {'type': {'value': 212, 'displayName': 'Length'}, 'value': '41.4'}, {'type': {'value': 178, 'displayName': 'StandingSave'}}, {'type': {'value': 1, 'displayName': 'Longball'}}]","[91, 119, 117, 127, 205, 36, 37, 217, 218]",True,68049.0,86.8,93.2,,,,,,,,,
2610342841.0,57,3,26.0,29,88.9,93.6,3,"{'value': 1, 'displayName': 'FirstHalf'}","{'value': 61, 'displayName': 'BallTouch'}","{'value': 0, 'displayName': 'Unsuccessful'}","[{'type': {'value': 56, 'displayName': 'Zone'}, 'value': 'Left'}, {'type': {'value': 178, 'displayName': 'StandingSave'}}]","[91, 69]",True,69517.0,,,,,,,,,,,
2610343253.0,45,3,52.0,31,4.6,47.0,3,"{'value': 1, 'displayName': 'FirstHalf'}","{'value': 1, 'displayName': 'Pass'}","{'value': 1, 'displayName': 'Successful'}","[{'type': {'value': 1, 'displayName': 'Longball'}}, {'type': {'value': 141, 'displayName': 'PassEndY'}, 'value': '25.6'}, {'type': {'value': 212, 'displayName': 'Length'}, 'value': '59.0'}, {'type': {'value': 124, 'displayName': 'GoalKick'}}, {'type': {'value': 74, 'displayName': 'MissHigh'}}, {'type': {'value': 213, 'displayName': 'Angle'}, 'value': '6.03'}, {'type': {'value': 56, 'displayName': 'Zone'}, 'value': 'Center'}, {'type': {'value': 140, 'displayName': 'PassEndX'}, 'value': '59.1'}, {'type': {'value': 155, 'displayName': 'Chipped'}}]","[91, 119, 117, 124, 127, 36, 38, 216, 218]",True,110189.0,59.1,25.6,,,,,,,,,
2610343261.0,46,3,56.0,31,62.8,25.6,3,"{'value': 1, 'displayName': 'FirstHalf'}","{'value': 44, 'displayName': 'Aerial'}","{'value': 1, 'displayName': 'Successful'}","[{'type': {'value': 56, 'displayName': 'Zone'}, 'value': 'Center'}, {'type': {'value': 233, 'displayName': 'OppositeRelatedEvent'}, 'value': '59'}, {'type': {'value': 286, 'displayName': 'Offensive'}}]","[197, 199]",False,141469.0,,,,,,,,,,,
2610343247.0,59,3,56.0,29,37.2,74.4,3,"{'value': 1, 'displayName': 'FirstHalf'}","{'value': 44, 'displayName': 'Aerial'}","{'value': 0, 'displayName': 'Unsuccessful'}","[{'type': {'value': 233, 'displayName': 'OppositeRelatedEvent'}, 'value': '46'}, {'type': {'value': 285, 'displayName': 'Defensive'}}, {'type': {'value': 56, 'displayName': 'Zone'}, 'value': 'Back'}]","[198, 200]",False,322696.0,,,,,,,,,,,
2610343283.0,47,3,56.0,31,59.1,25.6,3,"{'value': 1, 'displayName': 'FirstHalf'}","{'value': 1, 'displayName': 'Pass'}","{'value': 0, 'displayName': 'Unsuccessful'}","[{'type': {'value': 141, 'displayName': 'PassEndY'}, 'value': '28.6'}, {'type': {'value': 140, 'displayName': 'PassEndX'}, 'value': '65.2'}, {'type': {'value': 56, 'displayName': 'Zone'}, 'value': 'Center'}, {'type': {'value': 213, 'displayName': 'Angle'}, 'value': '0.31'}, {'type': {'value': 212, 'displayName': 'Length'}, 'value': '6.7'}, {'type': {'value': 3, 'displayName': 'HeadPass'}}]","[91, 120, 29, 139, 36, 37, 216, 218]",True,141469.0,65.2,28.6,,,,,,,,,
2610343287.0,60,3,57.0,29,24.8,72.6,3,"{'value': 1, 'displayName': 'FirstHalf'}","{'value': 1, 'displayName': 'Pass'}","{'value': 0, 'displayName': 'Unsuccessful'}","[{'type': {'value': 213, 'displayName': 'Angle'}, 'value': '6.07'}, {'type': {'value': 140, 'displayName': 'PassEndX'}, 'value': '40.2'}, {'type': {'value': 56, 'displayName': 'Zone'}, 'value': 'Back'}, {'type': {'value': 212, 'displayName': 'Length'}, 'value': '16.5'}, {'type': {'value': 3, 'displayName': 'HeadPass'}}, {'type': {'value': 141, 'displayName': 'PassEndY'}, 'value': '67.5'}]","[91, 118, 120, 29, 139, 36, 38, 216, 218]",True,362434.0,40.2,67.5,,,,,,,,,
2610343323.0,48,3,59.0,31,60.8,33.1,3,"{'value': 1, 'displayName': 'FirstHalf'}","{'value': 50, 'displayName': 'Dispossessed'}","{'value': 1, 'displayName': 'Successful'}","[{'type': {'value': 233, 'displayName': 'OppositeRelatedEvent'}, 'value': '61'}, {'type': {'value': 286, 'displayName': 'Offensive'}}, {'type': {'value': 56, 'displayName': 'Zone'}, 'value': 'Center'}]","[91, 70]",True,367781.0,,,,,,,,,,,
2610343307.0,61,3,59.0,29,39.2,66.9,3,"{'value': 1, 'displayName': 'FirstHalf'}","{'value': 7, 'displayName': 'Tackle'}","{'value': 0, 'displayName': 'Unsuccessful'}","[{'type': {'value': 178, 'displayName': 'StandingSave'}}, {'type': {'value': 56, 'displayName': 'Zone'}, 'value': 'Back'}, {'type': {'value': 233, 'displayName': 'OppositeRelatedEvent'}, 'value': '48'}, {'type': {'value': 285, 'displayName': 'Defensive'}}]","[91, 142]",True,319756.0,,,,,,,,,,,
2610343331.0,49,3,59.0,31,58.8,33.3,3,"{'value': 1, 'displayName': 'FirstHalf'}","{'value': 61, 'displayName': 'BallTouch'}","{'value': 1, 'displayName': 'Successful'}","[{'type': {'value': 178, 'displayName': 'StandingSave'}}, {'type': {'value': 56, 'displayName': 'Zone'}, 'value': 'Center'}]",[91],True,367781.0,,,,,,,,,,,
2610343329.0,62,4,0.0,29,36.9,57.6,4,"{'value': 1, 'displayName': 'FirstHalf'}","{'value': 49, 'displayName': 'BallRecovery'}","{'value': 1, 'displayName': 'Successful'}",[],[93],False,105172.0,,,,,,,,,,,
2610343463.0,63,4,0.0,29,37.0,57.9,4,"{'value': 1, 'displayName': 'FirstHalf'}","{'value': 1, 'displayName': 'Pass'}","{'value': 1, 'displayName': 'Successful'}","[{'type': {'value': 141, 'displayName': 'PassEndY'}, 'value': '19.1'}, {'type': {'value': 155, 'displayName': 'Chipped'}}, {'type': {'value': 140, 'displayName': 'PassEndX'}, 'value': '37.4'}, {'type': {'value': 178, 'displayName': 'StandingSave'}}, {'type': {'value': 56, 'displayName': 'Zone'}, 'value': 'Back'}, {'type': {'value': 213, 'displayName': 'Angle'}, 'value': '4.73'}, {'type': {'value': 212, 'displayName': 'Length'}, 'value': '26.4'}]","[91, 117, 30, 124, 36, 38, 216, 218]",True,105172.0,37.4,19.1,,,,,,,,,
2610343497.0,64,4,9.0,29,57.4,5.8,4,"{'value': 1, 'displayName': 'FirstHalf'}","{'value': 1, 'displayName': 'Pass'}","{'value': 1, 'displayName': 'Successful'}","[{'type': {'value': 178, 'displayName': 'StandingSave'}}, {'type': {'value': 213, 'displayName': 'Angle'}, 'value': '2.58'}, {'type': {'value': 141, 'displayName': 'PassEndY'}, 'value': '23.3'}, {'type': {'value': 140, 'displayName': 'PassEndX'}, 'value': '39.3'}, {'type': {'value': 56, 'displayName': 'Zone'}, 'value': 'Back'}, {'type': {'value': 212, 'displayName': 'Length'}, 'value': '22.4'}]","[91, 117, 30, 35, 37, 216, 218]",True,111372.0,39.3,23.3,,,,,,,,,
2610343569.0,65,4,12.0,29,39.7,24.6,4,"{'value': 1, 'displayName': 'FirstHalf'}","{'value': 1, 'displayName': 'Pass'}","{'value': 1, 'displayName': 'Successful'}","[{'type': {'value': 212, 'displayName': 'Length'}, 'value': '28.5'}, {'type': {'value': 140, 'displayName': 'PassEndX'}, 'value': '36.9'}, {'type': {'value': 141, 'displayName': 'PassEndY'}, 'value': '66.3'}, {'type': {'value': 178, 'displayName': 'StandingSave'}}, {'type': {'value': 56, 'displayName': 'Zone'}, 'value': 'Back'}, {'type': {'value': 213, 'displayName': 'Angle'}, 'value': '1.67'}]","[91, 117, 30, 35, 37, 216, 218]",True,106086.0,36.9,66.3,,,,,,,,,
2610343597.0,66,4,15.0,29,35.6,65.8,4,"{'value': 1, 'displayName': 'FirstHalf'}","{'value': 1, 'displayName': 'Pass'}","{'value': 1, 'displayName': 'Successful'}","[{'type': {'value': 141, 'displayName': 'PassEndY'}, 'value': '46.7'}, {'type': {'value': 140, 'displayName': 'PassEndX'}, 'value': '40.2'}, {'type': {'value': 178, 'displayName': 'StandingSave'}}, {'type': {'value': 212, 'displayName': 'Length'}, 'value': '13.9'}, {'type': {'value': 213, 'displayName': 'Angle'}, 'value': '5.07'}, {'type': {'value': 56, 'displayName': 'Zone'}, 'value': 'Back'}]","[91, 117, 30, 36, 38, 216, 218]",True,362434.0,40.2,46.7,,,,,,,,,
2610343613.0,67,4,17.0,29,39.6,47.3,4,"{'value': 1, 'displayName': 'FirstHalf'}","{'value': 1, 'displayName': 'Pass'}","{'value': 1, 'displayName': 'Successful'}","[{'type': {'value': 141, 'displayName': 'PassEndY'}, 'value': '47.5'}, {'type': {'value': 56, 'displayName': 'Zone'}, 'value': 'Back'}, {'type': {'value': 178, 'displayName': 'StandingSave'}}, {'type': {'value': 213, 'displayName': 'Angle'}, 'value': '0.02'}, {'type': {'value': 212, 'displayName': 'Length'}, 'value': '8.2'}, {'type': {'value': 140, 'displayName': 'PassEndX'}, 'value': '47.4'}]","[91, 117, 30, 36, 37, 216, 218]",True,322696.0,47.4,47.5,,,,,,,,,
2610343623.0,68,4,19.0,29,46.5,47.0,4,"{'value': 1, 'displayName': 'FirstHalf'}","{'value': 1, 'displayName': 'Pass'}","{'value': 1, 'displayName': 'Successful'}","[{'type': {'value': 212, 'displayName': 'Length'}, 'value': '14.6'}, {'type': {'value': 141, 'displayName': 'PassEndY'}, 'value': '47.0'}, {'type': {'value': 156, 'displayName': 'LayOff'}}, {'type': {'value': 56, 'displayName': 'Zone'}, 'value': 'Back'}, {'type': {'value': 213, 'displayName': 'Angle'}, 'value': '3.14'}, {'type': {'value': 140, 'displayName': 'PassEndX'}, 'value': '32.6'}, {'type': {'value': 178, 'displayName': 'StandingSave'}}]","[91, 117, 30, 35, 215, 218]",True,319756.0,32.6,47.0,,,,,,,,,
2610343725.0,69,4,24.0,29,40.0,37.3,4,"{'value': 1, 'displayName': 'FirstHalf'}","{'value': 1, 'displayName': 'Pass'}","{'value': 1, 'displayName': 'Successful'}","[{'type': {'value': 140, 'displayName': 'PassEndX'}, 'value': '44.1'}, {'type': {'value': 56, 'displayName': 'Zone'}, 'value': 'Back'}, {'type': {'value': 178, 'displayName': 'StandingSave'}}, {'type': {'value': 213, 'displayName': 'Angle'}, 'value': '4.98'}, {'type': {'value': 212, 'displayName': 'Length'}, 'value': '16.4'}, {'type': {'value': 141, 'displayName': 'PassEndY'}, 'value': '14.0'}]","[91, 117, 30, 36, 38, 216, 218]",True,322696.0,44.1,14.0,,,,,,,,,
2610343777.0,70,4,27.0,29,43.9,11.6,4,"{'value': 1, 'displayName': 'FirstHalf'}","{'value': 1, 'displayName': 'Pass'}","{'value': 1, 'displayName': 'Successful'}","[{'type': {'value': 56, 'displayName': 'Zone'}, 'value': 'Back'}, {'type': {'value': 140, 'displayName': 'PassEndX'}, 'value': '36.5'}, {'type': {'value': 141, 'displayName': 'PassEndY'}, 'value': '24.7'}, {'type': {'value': 212, 'displayName': 'Length'}, 'value': '11.8'}, {'type': {'value': 178, 'displayName': 'StandingSave'}}, {'type': {'value': 213, 'displayName': 'Angle'}, 'value': '2.29'}]","[91, 117, 30, 35, 37, 216, 218]",True,106086.0,36.5,24.7,,,,,,,,,
2610343823.0,71,4,31.0,29,35.4,37.9,4,"{'value': 1, 'displayName': 'FirstHalf'}","{'value': 1, 'displayName': 'Pass'}","{'value': 1, 'displayName': 'Successful'}","[{'type': {'value': 141, 'displayName': 'PassEndY'}, 'value': '68.5'}, {'type': {'value': 178, 'displayName': 'StandingSave'}}, {'type': {'value': 213, 'displayName': 'Angle'}, 'value': '1.71'}, {'type': {'value': 140, 'displayName': 'PassEndX'}, 'value': '32.7'}, {'type': {'value': 56, 'displayName': 'Zone'}, 'value': 'Back'}, {'type': {'value': 212, 'displayName': 'Length'}, 'value': '21.0'}]","[91, 117, 30, 35, 37, 215, 218]",True,322696.0,32.7,68.5,,,,,,,,,
2610343891.0,72,4,35.0,29,37.1,78.1,4,"{'value': 1, 'displayName': 'FirstHalf'}","{'value': 1, 'displayName': 'Pass'}","{'value': 1, 'displayName': 'Successful'}","[{'type': {'value': 1, 'displayName': 'Longball'}}, {'type': {'value': 140, 'displayName': 'PassEndX'}, 'value': '84.7'}, {'type': {'value': 178, 'displayName': 'StandingSave'}}, {'type': {'value': 141, 'displayName': 'PassEndY'}, 'value': '93.0'}, {'type': {'value': 56, 'displayName': 'Zone'}, 'value': 'Left'}, {'type': {'value': 212, 'displayName': 'Length'}, 'value': '51.0'}, {'type': {'value': 213, 'displayName': 'Angle'}, 'value': '0.20'}, {'type': {'value': 155, 'displayName': 'Chipped'}}]","[91, 119, 117, 124, 127, 205, 36, 37, 217, 218]",True,362434.0,84.7,93.0,,,,,,,,,
2610343933.0,73,4,39.0,29,90.2,90.2,4,"{'value': 1, 'displayName': 'FirstHalf'}","{'value': 1, 'displayName': 'Pass'}","{'value': 1, 'displayName': 'Successful'}","[{'type': {'value': 213, 'displayName': 'Angle'}, 'value': '4.32'}, {'type': {'value': 140, 'displayName': 'PassEndX'}, 'value': '82.0'}, {'type': {'value': 212, 'displayName': 'Length'}, 'value': '22.6'}, {'type': {'value': 178, 'displayName': 'StandingSave'}}, {'type': {'value': 141, 'displayName': 'PassEndY'}, 'value': '59.4'}, {'type': {'value': 56, 'displayName': 'Zone'}, 'value': 'Center'}]","[91, 119, 117, 30, 205, 35, 38, 217, 218]",True,319756.0,82.0,59.4,,,,,,,,,
2610343969.0,74,4,41.0,29,85.0,57.3,4,"{'value': 1, 'displayName': 'FirstHalf'}","{'value': 1, 'displayName': 'Pass'}","{'value': 1, 'displayName': 'Successful'}","[{'type': {'value': 141, 'displayName': 'PassEndY'}, 'value': '40.4'}, {'type': {'value': 178, 'displayName': 'StandingSave'}}, {'type': {'value': 212, 'displayName': 'Length'}, 'value': '11.7'}, {'type': {'value': 140, 'displayName': 'PassEndX'}, 'value': '87.2'}, {'type': {'value': 213, 'displayName': 'Angle'}, 'value': '4.91'}, {'type': {'value': 56, 'displayName': 'Zone'}, 'value': 'Center'}]","[91, 119, 117, 30, 205, 36, 38, 217, 218]",True,400166.0,87.2,40.4,,,,,,,,,
2610343977.0,75,4,42.0,29,86.8,41.2,4,"{'value': 1, 'displayName': 'FirstHalf'}","{'value': 50, 'displayName': 'Dispossessed'}","{'value': 1, 'displayName': 'Successful'}","[{'type': {'value': 286, 'displayName': 'Offensive'}}, {'type': {'value': 56, 'displayName': 'Zone'}, 'value': 'Center'}, {'type': {'value': 233, 'displayName': 'OppositeRelatedEvent'}, 'value': '50'}]","[91, 70]",True,69517.0,,,,,,,,,,,
2610343987.0,50,4,43.0,31,13.2,58.8,4,"{'value': 1, 'displayName': 'FirstHalf'}","{'value': 7, 'displayName': 'Tackle'}","{'value': 1, 'displayName': 'Successful'}","[{'type': {'value': 178, 'displayName': 'StandingSave'}}, {'type': {'value': 233, 'displayName': 'OppositeRelatedEvent'}, 'value': '75'}, {'type': {'value': 56, 'displayName': 'Zone'}, 'value': 'Back'}, {'type': {'value': 285, 'displayName': 'Defensive'}}]","[91, 143]",True,357427.0,,,,,,,,,,,
2610343993.0,51,4,43.0,31,9.8,60.9,4,"{'value': 1, 'displayName': 'FirstHalf'}","{'value': 49, 'displayName': 'BallRecovery'}","{'value': 1, 'displayName': 'Successful'}",[],[93],False,345516.0,,,,,,,,,,,
2610344043.0,52,4,45.0,31,9.8,61.2,4,"{'value': 1, 'displayName': 'FirstHalf'}","{'value': 1, 'displayName': 'Pass'}","{'value': 1, 'displayName': 'Successful'}","[{'type': {'value': 212, 'displayName': 'Length'}, 'value': '27.4'}, {'type': {'value': 178, 'displayName': 'StandingSave'}}, {'type': {'value': 141, 'displayName': 'PassEndY'}, 'value': '63.0'}, {'type': {'value': 140, 'displayName': 'PassEndX'}, 'value': '35.9'}, {'type': {'value': 213, 'displayName': 'Angle'}, 'value': '0.04'}, {'type': {'value': 56, 'displayName': 'Zone'}, 'value': 'Back'}, {'type': {'value': 155, 'displayName': 'Chipped'}}]","[91, 117, 30, 124, 36, 37, 216, 218]",True,345516.0,35.9,63.0,,,,,,,,,
2610344061.0,53,4,47.0,31,35.9,63.0,4,"{'value': 1, 'displayName': 'FirstHalf'}","{'value': 1, 'displayName': 'Pass'}","{'value': 1, 'displayName': 'Successful'}","[{'type': {'value': 213, 'displayName': 'Angle'}, 'value': '3.36'}, {'type': {'value': 156, 'displayName': 'LayOff'}}, {'type': {'value': 56, 'displayName': 'Zone'}, 'value': 'Back'}, {'type': {'value': 140, 'displayName': 'PassEndX'}, 'value': '25.3'}, {'type': {'value': 212, 'displayName': 'Length'}, 'value': '11.4'}, {'type': {'value': 141, 'displayName': 'PassEndY'}, 'value': '59.4'}]","[91, 117, 30, 35, 38, 215, 218]",True,116317.0,25.3,59.4,,,,,,,,,
2610344115.0,54,4,49.0,31,27.9,57.9,4,"{'value': 1, 'displayName': 'FirstHalf'}","{'value': 1, 'displayName': 'Pass'}","{'value': 1, 'displayName': 'Successful'}","[{'type': {'value': 212, 'displayName': 'Length'}, 'value': '10.9'}, {'type': {'value': 141, 'displayName': 'PassEndY'}, 'value': '46.3'}, {'type': {'value': 178, 'displayName': 'StandingSave'}}, {'type': {'value': 140, 'displayName': 'PassEndX'}, 'value': '35.1'}, {'type': {'value': 56, 'displayName': 'Zone'}, 'value': 'Back'}, {'type': {'value': 213, 'displayName': 'Angle'}, 'value': '5.48'}]","[91, 117, 30, 36, 38, 216, 218]",True,400815.0,35.1,46.3,,,,,,,,,
2610344141.0,55,4,50.0,31,34.9,46.4,4,"{'value': 1, 'displayName': 'FirstHalf'}","{'value': 1, 'displayName': 'Pass'}","{'value': 1, 'displayName': 'Successful'}","[{'type': {'value': 140, 'displayName': 'PassEndX'}, 'value': '27.0'}, {'type': {'value': 141, 'displayName': 'PassEndY'}, 'value': '44.0'}, {'type': {'value': 213, 'displayName': 'Angle'}, 'value': '3.34'}, {'type': {'value': 178, 'displayName': 'StandingSave'}}, {'type': {'value': 212, 'displayName': 'Length'}, 'value': '8.5'}, {'type': {'value': 156, 'displayName': 'LayOff'}}, {'type': {'value': 56, 'displayName': 'Zone'}, 'value': 'Back'}]","[91, 117, 30, 35, 38, 215, 218]",True,317896.0,27.0,44.0,,,,,,,,,
2610344219.0,56,4,52.0,31,26.4,45.5,4,"{'value': 1, 'displayName': 'FirstHalf'}","{'value': 1, 'displayName': 'Pass'}","{'value': 1, 'displayName': 'Successful'}","[{'type': {'value': 56, 'displayName': 'Zone'}, 'value': 'Back'}, {'type': {'value': 140, 'displayName': 'PassEndX'}, 'value': '22.0'}, {'type': {'value': 178, 'displayName': 'StandingSave'}}, {'type': {'value': 141, 'displayName': 'PassEndY'}, 'value': '45.8'}, {'type': {'value': 212, 'displayName': 'Length'}, 'value': '4.6'}, {'type': {'value': 213, 'displayName': 'Angle'}, 'value': '3.10'}]","[91, 117, 30, 35, 37, 215, 218]",True,367781.0,22.0,45.8,,,,,,,,,
2610344271.0,57,4,56.0,31,18.7,47.9,4,"{'value': 1, 'displayName': 'FirstHalf'}","{'value': 1, 'displayName': 'Pass'}","{'value': 1, 'displayName': 'Successful'}","[{'type': {'value': 212, 'displayName': 'Length'}, 'value': '10.1'}, {'type': {'value': 141, 'displayName': 'PassEndY'}, 'value': '62.7'}, {'type': {'value': 213, 'displayName': 'Angle'}, 'value': '1.59'}, {'type': {'value': 56, 'displayName': 'Zone'}, 'value': 'Back'}, {'type': {'value': 140, 'displayName': 'PassEndX'}, 'value': '18.5'}, {'type': {'value': 178, 'displayName': 'StandingSave'}}]","[91, 117, 30, 35, 37, 215, 218]",True,131464.0,18.5,62.7,,,,,,,,,
2610344343.0,58,4,57.0,31,18.5,62.7,4,"{'value': 1, 'displayName': 'FirstHalf'}","{'value': 1, 'displayName': 'Pass'}","{'value': 1, 'displayName': 'Successful'}","[{'type': {'value': 213, 'displayName': 'Angle'}, 'value': '0.02'}, {'type': {'value': 178, 'displayName': 'StandingSave'}}, {'type': {'value': 56, 'displayName': 'Zone'}, 'value': 'Back'}, {'type': {'value': 141, 'displayName': 'PassEndY'}, 'value': '63.0'}, {'type': {'value': 140, 'displayName': 'PassEndX'}, 'value': '27.0'}, {'type': {'value': 212, 'displayName': 'Length'}, 'value': '8.9'}]","[91, 117, 30, 36, 37, 215, 218]",True,381045.0,27.0,63.0,,,,,,,,,
2610344375.0,59,5,1.0,31,27.2,55.5,5,"{'value': 1, 'displayName': 'FirstHalf'}","{'value': 1, 'displayName': 'Pass'}","{'value': 1, 'displayName': 'Successful'}","[{'type': {'value': 212, 'displayName': 'Length'}, 'value': '11.1'}, {'type': {'value': 213, 'displayName': 'Angle'}, 'value': '3.84'}, {'type': {'value': 178, 'displayName': 'StandingSave'}}, {'type': {'value': 140, 'displayName': 'PassEndX'}, 'value': '19.1'}, {'type': {'value': 141, 'displayName': 'PassEndY'}, 'value': '45.1'}, {'type': {'value': 56, 'displayName': 'Zone'}, 'value': 'Back'}]","[91, 117, 30, 35, 38, 215, 218]",True,400815.0,19.1,45.1,,,,,,,,,
2610344437.0,60,5,3.0,31,21.5,43.3,5,"{'value': 1, 'displayName': 'FirstHalf'}","{'value': 1, 'displayName': 'Pass'}","{'value': 1, 'displayName': 'Successful'}","[{'type': {'value': 141, 'displayName': 'PassEndY'}, 'value': '39.7'}, {'type': {'value': 140, 'displayName': 'PassEndX'}, 'value': '31.6'}, {'type': {'value': 178, 'displayName': 'StandingSave'}}, {'type': {'value': 212, 'displayName': 'Length'}, 'value': '10.9'}, {'type': {'value': 213, 'displayName': 'Angle'}, 'value': '6.06'}, {'type': {'value': 56, 'displayName': 'Zone'}, 'value': 'Back'}]","[91, 117, 30, 36, 38, 215, 218]",True,131464.0,31.6,39.7,,,,,,,,,
2610344441.0,61,5,5.0,31,33.4,34.9,5,"{'value': 1, 'displayName': 'FirstHalf'}","{'value': 1, 'displayName': 'Pass'}","{'value': 0, 'displayName': 'Unsuccessful'}","[{'type': {'value': 213, 'displayName': 'Angle'}, 'value': '0.62'}, {'type': {'value': 56, 'displayName': 'Zone'}, 'value': 'Back'}, {'type': {'value': 141, 'displayName': 'PassEndY'}, 'value': '38.2'}, {'type': {'value': 140, 'displayName': 'PassEndX'}, 'value': '36.4'}, {'type': {'value': 212, 'displayName': 'Length'}, 'value': '3.9'}]","[91, 118, 120, 29, 36, 37, 216, 218]",True,400815.0,36.4,38.2,,,,,,,,,
2610344451.0,77,5,5.0,29,66.5,67.3,5,"{'value': 1, 'displayName': 'FirstHalf'}","{'value': 61, 'displayName': 'BallTouch'}","{'value': 1, 'displayName': 'Successful'}","[{'type': {'value': 178, 'displayName': 'StandingSave'}}, {'type': {'value': 56, 'displayName': 'Zone'}, 'value': 'Center'}]",[91],True,105172.0,,,,,,,,,,,
2610542677.0,828,5,5.0,31,38.6,35.2,5,"{'value': 1, 'displayName': 'FirstHalf'}","{'value': 61, 'displayName': 'BallTouch'}","{'value': 1, 'displayName': 'Successful'}","[{'type': {'value': 56, 'displayName': 'Zone'}, 'value': 'Back'}]",[91],True,400815.0,,,,,,,,,,,
2610344499.0,62,5,7.0,31,44.0,43.5,5,"{'value': 1, 'displayName': 'FirstHalf'}","{'value': 61, 'displayName': 'BallTouch'}","{'value': 1, 'displayName': 'Successful'}","[{'type': {'value': 178, 'displayName': 'StandingSave'}}, {'type': {'value': 56, 'displayName': 'Zone'}, 'value': 'Back'}]",[91],True,141469.0,,,,,,,,,,,
2610344589.0,63,5,10.0,31,33.8,41.6,5,"{'value': 1, 'displayName': 'FirstHalf'}","{'value': 1, 'displayName': 'Pass'}","{'value': 1, 'displayName': 'Successful'}","[{'type': {'value': 178, 'displayName': 'StandingSave'}}, {'type': {'value': 213, 'displayName': 'Angle'}, 'value': '3.80'}, {'type': {'value': 212, 'displayName': 'Length'}, 'value': '7.2'}, {'type': {'value': 56, 'displayName': 'Zone'}, 'value': 'Back'}, {'type': {'value': 141, 'displayName': 'PassEndY'}, 'value': '35.1'}, {'type': {'value': 140, 'displayName': 'PassEndX'}, 'value': '28.4'}]","[91, 117, 30, 35, 38, 215, 218]",True,400815.0,28.4,35.1,,,,,,,,,
2610344617.0,64,5,13.0,31,29.1,34.2,5,"{'value': 1, 'displayName': 'FirstHalf'}","{'value': 1, 'displayName': 'Pass'}","{'value': 1, 'displayName': 'Successful'}","[{'type': {'value': 213, 'displayName': 'Angle'}, 'value': '5.14'}, {'type': {'value': 56, 'displayName': 'Zone'}, 'value': 'Back'}, {'type': {'value': 178, 'displayName': 'StandingSave'}}, {'type': {'value': 212, 'displayName': 'Length'}, 'value': '15.3'}, {'type': {'value': 140, 'displayName': 'PassEndX'}, 'value': '35.2'}, {'type': {'value': 141, 'displayName': 'PassEndY'}, 'value': '13.7'}]","[91, 117, 30, 36, 38, 216, 218]",True,131464.0,35.2,13.7,,,,,,,,,
2610344643.0,65,5,15.0,31,35.6,10.7,5,"{'value': 1, 'displayName': 'FirstHalf'}","{'value': 1, 'displayName': 'Pass'}","{'value': 1, 'displayName': 'Successful'}","[{'type': {'value': 140, 'displayName': 'PassEndX'}, 'value': '48.0'}, {'type': {'value': 178, 'displayName': 'StandingSave'}}, {'type': {'value': 141, 'displayName': 'PassEndY'}, 'value': '2.9'}, {'type': {'value': 212, 'displayName': 'Length'}, 'value': '14.1'}, {'type': {'value': 213, 'displayName': 'Angle'}, 'value': '5.90'}, {'type': {'value': 56, 'displayName': 'Zone'}, 'value': 'Back'}]","[91, 117, 30, 36, 38, 216, 218]",True,367781.0,48.0,2.9,,,,,,,,,
2610344673.0,66,5,16.0,31,48.0,2.9,5,"{'value': 1, 'displayName': 'FirstHalf'}","{'value': 1, 'displayName': 'Pass'}","{'value': 1, 'displayName': 'Successful'}","[{'type': {'value': 213, 'displayName': 'Angle'}, 'value': '0.79'}, {'type': {'value': 56, 'displayName': 'Zone'}, 'value': 'Right'}, {'type': {'value': 141, 'displayName': 'PassEndY'}, 'value': '11.4'}, {'type': {'value': 140, 'displayName': 'PassEndX'}, 'value': '53.5'}, {'type': {'value': 178, 'displayName': 'StandingSave'}}, {'type': {'value': 212, 'displayName': 'Length'}, 'value': '8.2'}]","[91, 119, 117, 30, 36, 37, 216, 218]",True,396975.0,53.5,11.4,,,,,,,,,
2610344709.0,67,5,18.0,31,53.5,11.4,5,"{'value': 1, 'displayName': 'FirstHalf'}","{'value': 1, 'displayName': 'Pass'}","{'value': 1, 'displayName': 'Successful'}","[{'type': {'value': 212, 'displayName': 'Length'}, 'value': '20.7'}, {'type': {'value': 178, 'displayName': 'StandingSave'}}, {'type': {'value': 56, 'displayName': 'Zone'}, 'value': 'Back'}, {'type': {'value': 213, 'displayName': 'Angle'}, 'value': '2.16'}, {'type': {'value': 140, 'displayName': 'PassEndX'}, 'value': '42.6'}, {'type': {'value': 141, 'displayName': 'PassEndY'}, 'value': '36.7'}]","[91, 117, 30, 35, 37, 216, 218]",True,317896.0,42.6,36.7,,,,,,,,,
2610344831.0,68,5,21.0,31,47.2,36.0,5,"{'value': 1, 'displayName': 'FirstHalf'}","{'value': 1, 'displayName': 'Pass'}","{'value': 1, 'displayName': 'Successful'}","[{'type': {'value': 212, 'displayName': 'Length'}, 'value': '48.5'}, {'type': {'value': 141, 'displayName': 'PassEndY'}, 'value': '92.9'}, {'type': {'value': 178, 'displayName': 'StandingSave'}}, {'type': {'value': 140, 'displayName': 'PassEndX'}, 'value': '75.0'}, {'type': {'value': 155, 'displayName': 'Chipped'}}, {'type': {'value': 1, 'displayName': 'Longball'}}, {'type': {'value': 56, 'displayName': 'Zone'}, 'value': 'Left'}, {'type': {'value': 213, 'displayName': 'Angle'}, 'value': '0.92'}]","[91, 119, 117, 124, 127, 205, 36, 37, 217, 218]",True,400815.0,75.0,92.9,,,,,,,,,
2610344849.0,69,5,30.0,31,87.7,96.5,5,"{'value': 1, 'displayName': 'FirstHalf'}","{'value': 1, 'displayName': 'Pass'}","{'value': 0, 'displayName': 'Unsuccessful'}","[{'type': {'value': 140, 'displayName': 'PassEndX'}, 'value': '96.9'}, {'type': {'value': 56, 'displayName': 'Zone'}, 'value': 'Center'}, {'type': {'value': 212, 'displayName': 'Length'}, 'value': '31.7'}, {'type': {'value': 72, 'displayName': 'LeftFoot'}}, {'type': {'value': 178, 'displayName': 'StandingSave'}}, {'type': {'value': 141, 'displayName': 'PassEndY'}, 'value': '52.1'}, {'type': {'value': 213, 'displayName': 'Angle'}, 'value': '5.02'}, {'type': {'value': 2, 'displayName': 'Cross'}}]","[91, 138, 126, 36, 38, 217, 218]",True,357427.0,96.9,52.1,,,,,,,,,
2610344857.0,78,5,31.0,29,3.3,46.6,5,"{'value': 1, 'displayName': 'FirstHalf'}","{'value': 52, 'displayName': 'KeeperPickup'}","{'value': 1, 'displayName': 'Successful'}","[{'type': {'value': 178, 'displayName': 'StandingSave'}}]",[93],False,92516.0,,,,,,,,,,,
2610344961.0,79,5,35.0,29,9.3,35.1,5,"{'value': 1, 'displayName': 'FirstHalf'}","{'value': 1, 'displayName': 'Pass'}","{'value': 1, 'displayName': 'Successful'}","[{'type': {'value': 212, 'displayName': 'Length'}, 'value': '12.7'}, {'type': {'value': 123, 'displayName': 'KeeperThrow'}}, {'type': {'value': 56, 'displayName': 'Zone'}, 'value': 'Back'}, {'type': {'value': 213, 'displayName': 'Angle'}, 'value': '5.78'}, {'type': {'value': 140, 'displayName': 'PassEndX'}, 'value': '19.9'}, {'type': {'value': 141, 'displayName': 'PassEndY'}, 'value': '26.0'}, {'type': {'value': 178, 'displayName': 'StandingSave'}}]","[91, 36, 38, 215, 218]",True,92516.0,19.9,26.0,,,,,,,,,
2610344997.0,80,5,38.0,29,25.7,28.6,5,"{'value': 1, 'displayName': 'FirstHalf'}","{'value': 1, 'displayName': 'Pass'}","{'value': 1, 'displayName': 'Successful'}","[{'type': {'value': 213, 'displayName': 'Angle'}, 'value': '2.90'}, {'type': {'value': 178, 'displayName': 'StandingSave'}}, {'type': {'value': 212, 'displayName': 'Length'}, 'value': '15.7'}, {'type': {'value': 56, 'displayName': 'Zone'}, 'value': 'Back'}, {'type': {'value': 140, 'displayName': 'PassEndX'}, 'value': '11.2'}, {'type': {'value': 141, 'displayName': 'PassEndY'}, 'value': '34.0'}]","[91, 117, 30, 35, 37, 215, 218]",True,322696.0,11.2,34.0,,,,,,,,,
2610345067.0,81,5,40.0,29,12.5,35.4,5,"{'value': 1, 'displayName': 'FirstHalf'}","{'value': 1, 'displayName': 'Pass'}","{'value': 1, 'displayName': 'Successful'}","[{'type': {'value': 178, 'displayName': 'StandingSave'}}, {'type': {'value': 140, 'displayName': 'PassEndX'}, 'value': '9.6'}, {'type': {'value': 213, 'displayName': 'Angle'}, 'value': '1.69'}, {'type': {'value': 56, 'displayName': 'Zone'}, 'value': 'Back'}, {'type': {'value': 212, 'displayName': 'Length'}, 'value': '25.3'}, {'type': {'value': 141, 'displayName': 'PassEndY'}, 'value': '72.4'}]","[91, 117, 30, 35, 37, 215, 218]",True,106086.0,9.6,72.4,,,,,,,,,
2610345135.0,82,5,44.0,29,14.7,76.0,5,"{'value': 1, 'displayName': 'FirstHalf'}","{'value': 1, 'displayName': 'Pass'}","{'value': 1, 'displayName': 'Successful'}","[{'type': {'value': 178, 'displayName': 'StandingSave'}}, {'type': {'value': 141, 'displayName': 'PassEndY'}, 'value': '93.5'}, {'type': {'value': 212, 'displayName': 'Length'}, 'value': '12.1'}, {'type': {'value': 140, 'displayName': 'PassEndX'}, 'value': '16.8'}, {'type': {'value': 213, 'displayName': 'Angle'}, 'value': '1.39'}, {'type': {'value': 56, 'displayName': 'Zone'}, 'value': 'Back'}]","[91, 117, 30, 36, 37, 215, 218]",True,362434.0,16.8,93.5,,,,,,,,,
2610345173.0,83,5,47.0,29,17.7,93.6,5,"{'value': 1, 'displayName': 'FirstHalf'}","{'value': 1, 'displayName': 'Pass'}","{'value': 1, 'displayName': 'Successful'}","[{'type': {'value': 178, 'displayName': 'StandingSave'}}, {'type': {'value': 140, 'displayName': 'PassEndX'}, 'value': '22.7'}, {'type': {'value': 56, 'displayName': 'Zone'}, 'value': 'Back'}, {'type': {'value': 212, 'displayName': 'Length'}, 'value': '12.7'}, {'type': {'value': 141, 'displayName': 'PassEndY'}, 'value': '76.6'}, {'type': {'value': 213, 'displayName': 'Angle'}, 'value': '5.14'}]","[91, 117, 30, 36, 38, 215, 218]",True,68049.0,22.7,76.6,,,,,,,,,
2610345191.0,84,5,50.0,29,25.0,83.9,5,"{'value': 1, 'displayName': 'FirstHalf'}","{'value': 1, 'displayName': 'Pass'}","{'value': 1, 'displayName': 'Successful'}","[{'type': {'value': 178, 'displayName': 'StandingSave'}}, {'type': {'value': 56, 'displayName': 'Zone'}, 'value': 'Back'}, {'type': {'value': 140, 'displayName': 'PassEndX'}, 'value': '23.0'}, {'type': {'value': 213, 'displayName': 'Angle'}, 'value': '1.86'}, {'type': {'value': 141, 'displayName': 'PassEndY'}, 'value': '94.2'}, {'type': {'value': 212, 'displayName': 'Length'}, 'value': '7.3'}]","[91, 117, 30, 35, 37, 215, 218]",True,105172.0,23.0,94.2,,,,,,,,,
2610345231.0,85,5,50.0,29,22.7,94.2,5,"{'value': 1, 'displayName': 'FirstHalf'}","{'value': 1, 'displayName': 'Pass'}","{'value': 1, 'displayName': 'Successful'}","[{'type': {'value': 56, 'displayName': 'Zone'}, 'value': 'Back'}, {'type': {'value': 212, 'displayName': 'Length'}, 'value': '13.1'}, {'type': {'value': 141, 'displayName': 'PassEndY'}, 'value': '89.1'}, {'type': {'value': 178, 'displayName': 'StandingSave'}}, {'type': {'value': 140, 'displayName': 'PassEndX'}, 'value': '10.7'}, {'type': {'value': 213, 'displayName': 'Angle'}, 'value': '3.41'}]","[91, 117, 30, 35, 38, 215, 218]",True,68049.0,10.7,89.1,,,,,,,,,
2610345335.0,86,5,52.0,29,10.8,87.5,5,"{'value': 1, 'displayName': 'FirstHalf'}","{'value': 1, 'displayName': 'Pass'}","{'value': 1, 'displayName': 'Successful'}","[{'type': {'value': 212, 'displayName': 'Length'}, 'value': '20.4'}, {'type': {'value': 213, 'displayName': 'Angle'}, 'value': '4.33'}, {'type': {'value': 140, 'displayName': 'PassEndX'}, 'value': '3.5'}, {'type': {'value': 178, 'displayName': 'StandingSave'}}, {'type': {'value': 141, 'displayName': 'PassEndY'}, 'value': '59.7'}, {'type': {'value': 56, 'displayName': 'Zone'}, 'value': 'Back'}]","[91, 117, 30, 35, 38, 215, 218]",True,362434.0,3.5,59.7,,,,,,,,,
2610345407.0,87,5,57.0,29,8.0,54.8,5,"{'value': 1, 'displayName': 'FirstHalf'}","{'value': 1, 'displayName': 'Pass'}","{'value': 1, 'displayName': 'Successful'}","[{'type': {'value': 140, 'displayName': 'PassEndX'}, 'value': '13.0'}, {'type': {'value': 141, 'displayName': 'PassEndY'}, 'value': '25.2'}, {'type': {'value': 213, 'displayName': 'Angle'}, 'value': '4.97'}, {'type': {'value': 178, 'displayName': 'StandingSave'}}, {'type': {'value': 212, 'displayName': 'Length'}, 'value': '20.8'}, {'type': {'value': 56, 'displayName': 'Zone'}, 'value': 'Back'}]","[91, 117, 30, 36, 38, 215, 218]",True,92516.0,13.0,25.2,,,,,,,,,
2610345461.0,88,6,2.0,29,20.1,27.9,6,"{'value': 1, 'displayName': 'FirstHalf'}","{'value': 1, 'displayName': 'Pass'}","{'value': 1, 'displayName': 'Successful'}","[{'type': {'value': 140, 'displayName': 'PassEndX'}, 'value': '7.2'}, {'type': {'value': 141, 'displayName': 'PassEndY'}, 'value': '48.2'}, {'type': {'value': 178, 'displayName': 'StandingSave'}}, {'type': {'value': 212, 'displayName': 'Length'}, 'value': '19.3'}, {'type': {'value': 56, 'displayName': 'Zone'}, 'value': 'Back'}, {'type': {'value': 213, 'displayName': 'Angle'}, 'value': '2.35'}]","[91, 117, 30, 35, 37, 215, 218]",True,106086.0,7.2,48.2,,,,,,,,,
2610345507.0,89,6,6.0,29,12.9,54.5,6,"{'value': 1, 'displayName': 'FirstHalf'}","{'value': 1, 'displayName': 'Pass'}","{'value': 1, 'displayName': 'Successful'}","[{'type': {'value': 178, 'displayName': 'StandingSave'}}, {'type': {'value': 212, 'displayName': 'Length'}, 'value': '18.7'}, {'type': {'value': 213, 'displayName': 'Angle'}, 'value': '4.92'}, {'type': {'value': 56, 'displayName': 'Zone'}, 'value': 'Back'}, {'type': {'value': 141, 'displayName': 'PassEndY'}, 'value': '27.6'}, {'type': {'value': 140, 'displayName': 'PassEndX'}, 'value': '16.6'}]","[91, 117, 30, 36, 38, 215, 218]",True,92516.0,16.6,27.6,,,,,,,,,
2610345541.0,90,6,10.0,29,18.4,27.1,6,"{'value': 1, 'displayName': 'FirstHalf'}","{'value': 1, 'displayName': 'Pass'}","{'value': 1, 'displayName': 'Successful'}","[{'type': {'value': 141, 'displayName': 'PassEndY'}, 'value': '49.3'}, {'type': {'value': 213, 'displayName': 'Angle'}, 'value': '2.18'}, {'type': {'value': 212, 'displayName': 'Length'}, 'value': '18.4'}, {'type': {'value': 56, 'displayName': 'Zone'}, 'value': 'Back'}, {'type': {'value': 140, 'displayName': 'PassEndX'}, 'value': '8.4'}, {'type': {'value': 178, 'displayName': 'StandingSave'}}]","[91, 117, 30, 35, 37, 215, 218]",True,106086.0,8.4,49.3,,,,,,,,,
2610345615.0,91,6,13.0,29,11.9,52.1,6,"{'value': 1, 'displayName': 'FirstHalf'}","{'value': 1, 'displayName': 'Pass'}","{'value': 1, 'displayName': 'Successful'}","[{'type': {'value': 213, 'displayName': 'Angle'}, 'value': '1.38'}, {'type': {'value': 212, 'displayName': 'Length'}, 'value': '23.6'}, {'type': {'value': 178, 'displayName': 'StandingSave'}}, {'type': {'value': 56, 'displayName': 'Zone'}, 'value': 'Back'}, {'type': {'value': 141, 'displayName': 'PassEndY'}, 'value': '86.2'}, {'type': {'value': 140, 'displayName': 'PassEndX'}, 'value': '16.2'}]","[91, 117, 30, 36, 37, 215, 218]",True,92516.0,16.2,86.2,,,,,,,,,
2610345649.0,92,6,17.0,29,18.7,94.5,6,"{'value': 1, 'displayName': 'FirstHalf'}","{'value': 1, 'displayName': 'Pass'}","{'value': 0, 'displayName': 'Unsuccessful'}","[{'type': {'value': 212, 'displayName': 'Length'}, 'value': '27.5'}, {'type': {'value': 155, 'displayName': 'Chipped'}}, {'type': {'value': 56, 'displayName': 'Zone'}, 'value': 'Back'}, {'type': {'value': 213, 'displayName': 'Angle'}, 'value': '5.87'}, {'type': {'value': 140, 'displayName': 'PassEndX'}, 'value': '42.6'}, {'type': {'value': 141, 'displayName': 'PassEndY'}, 'value': '78.1'}, {'type': {'value': 178, 'displayName': 'StandingSave'}}]","[91, 118, 120, 29, 124, 36, 38, 216, 218]",True,362434.0,42.6,78.1,,,,,,,,,
2610345697.0,70,6,18.0,31,57.8,23.6,6,"{'value': 1, 'displayName': 'FirstHalf'}","{'value': 44, 'displayName': 'Aerial'}","{'value': 1, 'displayName': 'Successful'}","[{'type': {'value': 56, 'displayName': 'Zone'}, 'value': 'Center'}, {'type': {'value': 233, 'displayName': 'OppositeRelatedEvent'}, 'value': '93'}, {'type': {'value': 286, 'displayName': 'Offensive'}}]","[197, 199]",False,396975.0,,,,,,,,,,,
2610345655.0,93,6,18.0,29,42.2,76.4,6,"{'value': 1, 'displayName': 'FirstHalf'}","{'value': 44, 'displayName': 'Aerial'}","{'value': 0, 'displayName': 'Unsuccessful'}","[{'type': {'value': 56, 'displayName': 'Zone'}, 'value': 'Back'}, {'type': {'value': 285, 'displayName': 'Defensive'}}, {'type': {'value': 233, 'displayName': 'OppositeRelatedEvent'}, 'value': '70'}]","[198, 200]",False,319756.0,,,,,,,,,,,
2610345709.0,71,6,18.0,31,57.2,24.7,6,"{'value': 1, 'displayName': 'FirstHalf'}","{'value': 1, 'displayName': 'Pass'}","{'value': 0, 'displayName': 'Unsuccessful'}","[{'type': {'value': 212, 'displayName': 'Length'}, 'value': '14.8'}, {'type': {'value': 3, 'displayName': 'HeadPass'}}, {'type': {'value': 56, 'displayName': 'Zone'}, 'value': 'Center'}, {'type': {'value': 213, 'displayName': 'Angle'}, 'value': '0.78'}, {'type': {'value': 141, 'displayName': 'PassEndY'}, 'value': '40.0'}, {'type': {'value': 140, 'displayName': 'PassEndX'}, 'value': '67.2'}]","[91, 120, 29, 139, 36, 37, 217, 218]",True,396975.0,67.2,40.0,,,,,,,,,
2610345859.0,94,6,28.0,29,36.5,17.6,6,"{'value': 1, 'displayName': 'FirstHalf'}","{'value': 1, 'displayName': 'Pass'}","{'value': 1, 'displayName': 'Successful'}","[{'type': {'value': 141, 'displayName': 'PassEndY'}, 'value': '7.7'}, {'type': {'value': 178, 'displayName': 'StandingSave'}}, {'type': {'value': 212, 'displayName': 'Length'}, 'value': '8.9'}, {'type': {'value': 140, 'displayName': 'PassEndX'}, 'value': '30.9'}, {'type': {'value': 213, 'displayName': 'Angle'}, 'value': '3.99'}, {'type': {'value': 56, 'displayName': 'Zone'}, 'value': 'Back'}]","[91, 117, 30, 35, 38, 215, 218]",True,322696.0,30.9,7.7,,,,,,,,,
2610345977.0,95,6,29.0,29,30.8,7.6,6,"{'value': 1, 'displayName': 'FirstHalf'}","{'value': 1, 'displayName': 'Pass'}","{'value': 1, 'displayName': 'Successful'}","[{'type': {'value': 213, 'displayName': 'Angle'}, 'value': '2.01'}, {'type': {'value': 140, 'displayName': 'PassEndX'}, 'value': '24.0'}, {'type': {'value': 56, 'displayName': 'Zone'}, 'value': 'Back'}, {'type': {'value': 212, 'displayName': 'Length'}, 'value': '16.8'}, {'type': {'value': 178, 'displayName': 'StandingSave'}}, {'type': {'value': 141, 'displayName': 'PassEndY'}, 'value': '30.0'}]","[91, 117, 30, 35, 37, 215, 218]",True,111372.0,24.0,30.0,,,,,,,,,
2610346103.0,96,6,35.0,29,33.7,32.7,6,"{'value': 1, 'displayName': 'FirstHalf'}","{'value': 1, 'displayName': 'Pass'}","{'value': 1, 'displayName': 'Successful'}","[{'type': {'value': 56, 'displayName': 'Zone'}, 'value': 'Left'}, {'type': {'value': 178, 'displayName': 'StandingSave'}}, {'type': {'value': 1, 'displayName': 'Longball'}}, {'type': {'value': 213, 'displayName': 'Angle'}, 'value': '1.09'}, {'type': {'value': 212, 'displayName': 'Length'}, 'value': '48.6'}, {'type': {'value': 141, 'displayName': 'PassEndY'}, 'value': '96.2'}, {'type': {'value': 140, 'displayName': 'PassEndX'}, 'value': '54.9'}, {'type': {'value': 155, 'displayName': 'Chipped'}}]","[91, 119, 117, 124, 127, 36, 37, 216, 218]",True,106086.0,54.9,96.2,,,,,,,,,
2610346159.0,97,6,42.0,29,75.3,94.1,6,"{'value': 1, 'displayName': 'FirstHalf'}","{'value': 1, 'displayName': 'Pass'}","{'value': 1, 'displayName': 'Successful'}","[{'type': {'value': 140, 'displayName': 'PassEndX'}, 'value': '86.9'}, {'type': {'value': 212, 'displayName': 'Length'}, 'value': '12.3'}, {'type': {'value': 213, 'displayName': 'Angle'}, 'value': '0.15'}, {'type': {'value': 141, 'displayName': 'PassEndY'}, 'value': '96.8'}, {'type': {'value': 56, 'displayName': 'Zone'}, 'value': 'Left'}, {'type': {'value': 178, 'displayName': 'StandingSave'}}]","[91, 119, 117, 30, 205, 36, 37, 217, 218]",True,68049.0,86.9,96.8,,,,,,,,,
2610544819.0,829,6,44.0,31,17.5,3.5,6,"{'value': 1, 'displayName': 'FirstHalf'}","{'value': 45, 'displayName': 'Challenge'}","{'value': 0, 'displayName': 'Unsuccessful'}","[{'type': {'value': 56, 'displayName': 'Zone'}, 'value': 'Back'}, {'type': {'value': 285, 'displayName': 'Defensive'}}, {'type': {'value': 233, 'displayName': 'OppositeRelatedEvent'}, 'value': '1081'}]",[55],False,396975.0,,,,,,,,,,,
2610544815.0,1081,6,44.0,29,82.5,96.5,6,"{'value': 1, 'displayName': 'FirstHalf'}","{'value': 3, 'displayName': 'TakeOn'}","{'value': 1, 'displayName': 'Successful'}","[{'type': {'value': 178, 'displayName': 'StandingSave'}}, {'type': {'value': 233, 'displayName': 'OppositeRelatedEvent'}, 'value': '829'}, {'type': {'value': 56, 'displayName': 'Zone'}, 'value': 'Left'}, {'type': {'value': 286, 'displayName': 'Offensive'}}]","[91, 54]",True,69517.0,,,,,,,,,,,
2610346169.0,72,6,45.0,31,13.7,4.8,6,"{'value': 1, 'displayName': 'FirstHalf'}","{'value': 45, 'displayName': 'Challenge'}","{'value': 0, 'displayName': 'Unsuccessful'}","[{'type': {'value': 56, 'displayName': 'Zone'}, 'value': 'Back'}, {'type': {'value': 285, 'displayName': 'Defensive'}}, {'type': {'value': 233, 'displayName': 'OppositeRelatedEvent'}, 'value': '98'}]",[55],False,396975.0,,,,,,,,,,,
2610346249.0,98,6,45.0,29,86.3,95.2,6,"{'value': 1, 'displayName': 'FirstHalf'}","{'value': 3, 'displayName': 'TakeOn'}","{'value': 1, 'displayName': 'Successful'}","[{'type': {'value': 178, 'displayName': 'StandingSave'}}, {'type': {'value': 56, 'displayName': 'Zone'}, 'value': 'Left'}, {'type': {'value': 233, 'displayName': 'OppositeRelatedEvent'}, 'value': '72'}, {'type': {'value': 286, 'displayName': 'Offensive'}}]","[91, 54]",True,69517.0,,,,,,,,,,,
2610346271.0,99,6,49.0,29,98.9,76.6,6,"{'value': 1, 'displayName': 'FirstHalf'}","{'value': 1, 'displayName': 'Pass'}","{'value': 0, 'displayName': 'Unsuccessful'}","[{'type': {'value': 178, 'displayName': 'StandingSave'}}, {'type': {'value': 141, 'displayName': 'PassEndY'}, 'value': '59.6'}, {'type': {'value': 213, 'displayName': 'Angle'}, 'value': '4.12'}, {'type': {'value': 140, 'displayName': 'PassEndX'}, 'value': '91.5'}, {'type': {'value': 56, 'displayName': 'Zone'}, 'value': 'Center'}, {'type': {'value': 212, 'displayName': 'Length'}, 'value': '13.9'}]","[91, 120, 29, 35, 38, 217, 218]",True,69517.0,91.5,59.6,,,,,,,,,
2610346311.0,73,6,49.0,31,9.6,41.9,6,"{'value': 1, 'displayName': 'FirstHalf'}","{'value': 1, 'displayName': 'Pass'}","{'value': 1, 'displayName': 'Successful'}","[{'type': {'value': 212, 'displayName': 'Length'}, 'value': '11.9'}, {'type': {'value': 213, 'displayName': 'Angle'}, 'value': '4.84'}, {'type': {'value': 56, 'displayName': 'Zone'}, 'value': 'Back'}, {'type': {'value': 140, 'displayName': 'PassEndX'}, 'value': '11.0'}, {'type': {'value': 178, 'displayName': 'StandingSave'}}, {'type': {'value': 141, 'displayName': 'PassEndY'}, 'value': '24.6'}]","[91, 117, 30, 36, 38, 215, 218]",True,400815.0,11.0,24.6,,,,,,,,,
2610346317.0,74,6,52.0,31,10.8,24.4,6,"{'value': 1, 'displayName': 'FirstHalf'}","{'value': 49, 'displayName': 'BallRecovery'}","{'value': 1, 'displayName': 'Successful'}",[],[93],False,367781.0,,,,,,,,,,,
2610346345.0,75,6,52.0,31,10.8,24.4,6,"{'value': 1, 'displayName': 'FirstHalf'}","{'value': 1, 'displayName': 'Pass'}","{'value': 1, 'displayName': 'Successful'}","[{'type': {'value': 213, 'displayName': 'Angle'}, 'value': '6.22'}, {'type': {'value': 140, 'displayName': 'PassEndX'}, 'value': '40.6'}, {'type': {'value': 155, 'displayName': 'Chipped'}}, {'type': {'value': 178, 'displayName': 'StandingSave'}}, {'type': {'value': 212, 'displayName': 'Length'}, 'value': '31.4'}, {'type': {'value': 141, 'displayName': 'PassEndY'}, 'value': '21.3'}, {'type': {'value': 56, 'displayName': 'Zone'}, 'value': 'Back'}]","[91, 117, 30, 124, 36, 38, 216, 218]",True,367781.0,40.6,21.3,,,,,,,,,
2610346403.0,76,6,55.0,31,39.5,23.0,6,"{'value': 1, 'displayName': 'FirstHalf'}","{'value': 1, 'displayName': 'Pass'}","{'value': 1, 'displayName': 'Successful'}","[{'type': {'value': 140, 'displayName': 'PassEndX'}, 'value': '29.7'}, {'type': {'value': 141, 'displayName': 'PassEndY'}, 'value': '29.5'}, {'type': {'value': 56, 'displayName': 'Zone'}, 'value': 'Back'}, {'type': {'value': 213, 'displayName': 'Angle'}, 'value': '2.74'}, {'type': {'value': 212, 'displayName': 'Length'}, 'value': '11.2'}, {'type': {'value': 178, 'displayName': 'StandingSave'}}]","[91, 117, 30, 35, 37, 215, 218]",True,141469.0,29.7,29.5,,,,,,,,,
2610346411.0,77,6,59.0,31,39.1,53.1,6,"{'value': 1, 'displayName': 'FirstHalf'}","{'value': 61, 'displayName': 'BallTouch'}","{'value': 0, 'displayName': 'Unsuccessful'}","[{'type': {'value': 56, 'displayName': 'Zone'}, 'value': 'Back'}, {'type': {'value': 178, 'displayName': 'StandingSave'}}]","[91, 69]",True,317896.0,,,,,,,,,,,
2610346463.0,78,7,1.0,31,46.5,56.4,7,"{'value': 1, 'displayName': 'FirstHalf'}","{'value': 45, 'displayName': 'Challenge'}","{'value': 0, 'displayName': 'Unsuccessful'}","[{'type': {'value': 233, 'displayName': 'OppositeRelatedEvent'}, 'value': '100'}, {'type': {'value': 285, 'displayName': 'Defensive'}}, {'type': {'value': 56, 'displayName': 'Zone'}, 'value': 'Back'}]",[55],False,317896.0,,,,,,,,,,,
2610346491.0,100,7,1.0,29,53.5,43.6,7,"{'value': 1, 'displayName': 'FirstHalf'}","{'value': 3, 'displayName': 'TakeOn'}","{'value': 1, 'displayName': 'Successful'}","[{'type': {'value': 286, 'displayName': 'Offensive'}}, {'type': {'value': 56, 'displayName': 'Zone'}, 'value': 'Center'}, {'type': {'value': 233, 'displayName': 'OppositeRelatedEvent'}, 'value': '78'}]","[91, 54]",True,322696.0,,,,,,,,,,,
2610346499.0,101,7,2.0,29,53.8,44.5,7,"{'value': 1, 'displayName': 'FirstHalf'}","{'value': 49, 'displayName': 'BallRecovery'}","{'value': 1, 'displayName': 'Successful'}",[],[93],False,322696.0,,,,,,,,,,,
2610346511.0,102,7,4.0,29,54.1,46.9,7,"{'value': 1, 'displayName': 'FirstHalf'}","{'value': 1, 'displayName': 'Pass'}","{'value': 1, 'displayName': 'Successful'}","[{'type': {'value': 212, 'displayName': 'Length'}, 'value': '8.1'}, {'type': {'value': 140, 'displayName': 'PassEndX'}, 'value': '46.8'}, {'type': {'value': 56, 'displayName': 'Zone'}, 'value': 'Back'}, {'type': {'value': 141, 'displayName': 'PassEndY'}, 'value': '43.1'}, {'type': {'value': 213, 'displayName': 'Angle'}, 'value': '3.47'}, {'type': {'value': 178, 'displayName': 'StandingSave'}}]","[91, 117, 30, 35, 38, 216, 218]",True,322696.0,46.8,43.1,,,,,,,,,
2610346537.0,103,7,5.0,29,46.8,43.1,7,"{'value': 1, 'displayName': 'FirstHalf'}","{'value': 1, 'displayName': 'Pass'}","{'value': 1, 'displayName': 'Successful'}","[{'type': {'value': 56, 'displayName': 'Zone'}, 'value': 'Center'}, {'type': {'value': 212, 'displayName': 'Length'}, 'value': '12.6'}, {'type': {'value': 213, 'displayName': 'Angle'}, 'value': '5.69'}, {'type': {'value': 140, 'displayName': 'PassEndX'}, 'value': '56.7'}, {'type': {'value': 178, 'displayName': 'StandingSave'}}, {'type': {'value': 141, 'displayName': 'PassEndY'}, 'value': '32.7'}]","[91, 119, 117, 30, 36, 38, 216, 218]",True,105172.0,56.7,32.7,,,,,,,,,
2610346597.0,104,7,8.0,29,57.1,30.9,7,"{'value': 1, 'displayName': 'FirstHalf'}","{'value': 1, 'displayName': 'Pass'}","{'value': 1, 'displayName': 'Successful'}","[{'type': {'value': 56, 'displayName': 'Zone'}, 'value': 'Right'}, {'type': {'value': 213, 'displayName': 'Angle'}, 'value': '5.67'}, {'type': {'value': 178, 'displayName': 'StandingSave'}}, {'type': {'value': 212, 'displayName': 'Length'}, 'value': '23.5'}, {'type': {'value': 141, 'displayName': 'PassEndY'}, 'value': '11.1'}, {'type': {'value': 140, 'displayName': 'PassEndX'}, 'value': '75.5'}]","[91, 119, 117, 30, 205, 36, 38, 217, 218]",True,400166.0,75.5,11.1,,,,,,,,,
2610346609.0,105,7,11.0,29,79.2,16.8,7,"{'value': 1, 'displayName': 'FirstHalf'}","{'value': 3, 'displayName': 'TakeOn'}","{'value': 0, 'displayName': 'Unsuccessful'}","[{'type': {'value': 178, 'displayName': 'StandingSave'}}, {'type': {'value': 56, 'displayName': 'Zone'}, 'value': 'Right'}, {'type': {'value': 286, 'displayName': 'Offensive'}}, {'type': {'value': 233, 'displayName': 'OppositeRelatedEvent'}, 'value': '79'}]","[91, 53]",True,322596.0,,,,,,,,,,,
2610346623.0,79,7,11.0,31,20.8,83.2,7,"{'value': 1, 'displayName': 'FirstHalf'}","{'value': 7, 'displayName': 'Tackle'}","{'value': 0, 'displayName': 'Unsuccessful'}","[{'type': {'value': 178, 'displayName': 'StandingSave'}}, {'type': {'value': 233, 'displayName': 'OppositeRelatedEvent'}, 'value': '105'}, {'type': {'value': 285, 'displayName': 'Defensive'}}, {'type': {'value': 56, 'displayName': 'Zone'}, 'value': 'Back'}]","[91, 142]",True,345516.0,,,,,,,,,,,
2610346653.0,106,7,12.0,29,78.1,15.8,7,"{'value': 1, 'displayName': 'FirstHalf'}","{'value': 61, 'displayName': 'BallTouch'}","{'value': 1, 'displayName': 'Successful'}","[{'type': {'value': 56, 'displayName': 'Zone'}, 'value': 'Right'}, {'type': {'value': 178, 'displayName': 'StandingSave'}}]",[91],True,322596.0,,,,,,,,,,,
2610346645.0,80,7,13.0,31,20.5,79.4,7,"{'value': 1, 'displayName': 'FirstHalf'}","{'value': 49, 'displayName': 'BallRecovery'}","{'value': 1, 'displayName': 'Successful'}",[],[93],False,345516.0,,,,,,,,,,,
2610346733.0,81,7,14.0,31,22.5,77.8,7,"{'value': 1, 'displayName': 'FirstHalf'}","{'value': 1, 'displayName': 'Pass'}","{'value': 1, 'displayName': 'Successful'}","[{'type': {'value': 212, 'displayName': 'Length'}, 'value': '5.6'}, {'type': {'value': 141, 'displayName': 'PassEndY'}, 'value': '69.6'}, {'type': {'value': 178, 'displayName': 'StandingSave'}}, {'type': {'value': 213, 'displayName': 'Angle'}, 'value': '4.60'}, {'type': {'value': 56, 'displayName': 'Zone'}, 'value': 'Back'}, {'type': {'value': 140, 'displayName': 'PassEndX'}, 'value': '21.9'}]","[91, 117, 30, 35, 38, 215, 218]",True,345516.0,21.9,69.6,,,,,,,,,
2610346767.0,82,7,17.0,31,21.3,67.8,7,"{'value': 1, 'displayName': 'FirstHalf'}","{'value': 1, 'displayName': 'Pass'}","{'value': 1, 'displayName': 'Successful'}","[{'type': {'value': 56, 'displayName': 'Zone'}, 'value': 'Back'}, {'type': {'value': 140, 'displayName': 'PassEndX'}, 'value': '22.5'}, {'type': {'value': 141, 'displayName': 'PassEndY'}, 'value': '57.6'}, {'type': {'value': 213, 'displayName': 'Angle'}, 'value': '4.89'}, {'type': {'value': 178, 'displayName': 'StandingSave'}}, {'type': {'value': 212, 'displayName': 'Length'}, 'value': '7.0'}]","[91, 117, 30, 36, 38, 215, 218]",True,400815.0,22.5,57.6,,,,,,,,,
2610346797.0,83,7,18.0,31,22.5,57.6,7,"{'value': 1, 'displayName': 'FirstHalf'}","{'value': 1, 'displayName': 'Pass'}","{'value': 1, 'displayName': 'Successful'}","[{'type': {'value': 212, 'displayName': 'Length'}, 'value': '11.4'}, {'type': {'value': 141, 'displayName': 'PassEndY'}, 'value': '68.2'}, {'type': {'value': 213, 'displayName': 'Angle'}, 'value': '2.46'}, {'type': {'value': 56, 'displayName': 'Zone'}, 'value': 'Back'}, {'type': {'value': 140, 'displayName': 'PassEndX'}, 'value': '14.1'}, {'type': {'value': 178, 'displayName': 'StandingSave'}}]","[91, 117, 30, 35, 37, 215, 218]",True,367781.0,14.1,68.2,,,,,,,,,
2610346833.0,84,7,20.0,31,19.4,66.6,7,"{'value': 1, 'displayName': 'FirstHalf'}","{'value': 1, 'displayName': 'Pass'}","{'value': 1, 'displayName': 'Successful'}","[{'type': {'value': 212, 'displayName': 'Length'}, 'value': '13.7'}, {'type': {'value': 141, 'displayName': 'PassEndY'}, 'value': '78.1'}, {'type': {'value': 213, 'displayName': 'Angle'}, 'value': '0.61'}, {'type': {'value': 140, 'displayName': 'PassEndX'}, 'value': '30.1'}, {'type': {'value': 56, 'displayName': 'Zone'}, 'value': 'Back'}, {'type': {'value': 178, 'displayName': 'StandingSave'}}]","[91, 117, 30, 36, 37, 215, 218]",True,381045.0,30.1,78.1,,,,,,,,,
2610346939.0,85,7,22.0,31,32.7,82.1,7,"{'value': 1, 'displayName': 'FirstHalf'}","{'value': 1, 'displayName': 'Pass'}","{'value': 1, 'displayName': 'Successful'}","[{'type': {'value': 141, 'displayName': 'PassEndY'}, 'value': '97.2'}, {'type': {'value': 56, 'displayName': 'Zone'}, 'value': 'Back'}, {'type': {'value': 140, 'displayName': 'PassEndX'}, 'value': '37.1'}, {'type': {'value': 178, 'displayName': 'StandingSave'}}, {'type': {'value': 213, 'displayName': 'Angle'}, 'value': '1.15'}, {'type': {'value': 212, 'displayName': 'Length'}, 'value': '11.3'}]","[91, 117, 30, 36, 37, 216, 218]",True,357427.0,37.1,97.2,,,,,,,,,
2610346981.0,86,7,26.0,31,38.8,96.9,7,"{'value': 1, 'displayName': 'FirstHalf'}","{'value': 1, 'displayName': 'Pass'}","{'value': 1, 'displayName': 'Successful'}","[{'type': {'value': 178, 'displayName': 'StandingSave'}}, {'type': {'value': 213, 'displayName': 'Angle'}, 'value': '0.02'}, {'type': {'value': 56, 'displayName': 'Zone'}, 'value': 'Back'}, {'type': {'value': 140, 'displayName': 'PassEndX'}, 'value': '45.3'}, {'type': {'value': 212, 'displayName': 'Length'}, 'value': '6.8'}, {'type': {'value': 141, 'displayName': 'PassEndY'}, 'value': '97.1'}]","[91, 117, 30, 36, 37, 216, 218]",True,345516.0,45.3,97.1,,,,,,,,,
2610347015.0,87,7,28.0,31,44.3,97.1,7,"{'value': 1, 'displayName': 'FirstHalf'}","{'value': 1, 'displayName': 'Pass'}","{'value': 1, 'displayName': 'Successful'}","[{'type': {'value': 213, 'displayName': 'Angle'}, 'value': '3.47'}, {'type': {'value': 212, 'displayName': 'Length'}, 'value': '7.3'}, {'type': {'value': 141, 'displayName': 'PassEndY'}, 'value': '93.6'}, {'type': {'value': 178, 'displayName': 'StandingSave'}}, {'type': {'value': 140, 'displayName': 'PassEndX'}, 'value': '37.7'}, {'type': {'value': 56, 'displayName': 'Zone'}, 'value': 'Back'}]","[91, 117, 30, 35, 38, 216, 218]",True,116317.0,37.7,93.6,,,,,,,,,
2610347029.0,88,7,29.0,31,37.7,93.6,7,"{'value': 1, 'displayName': 'FirstHalf'}","{'value': 1, 'displayName': 'Pass'}","{'value': 1, 'displayName': 'Successful'}","[{'type': {'value': 213, 'displayName': 'Angle'}, 'value': '1.81'}, {'type': {'value': 141, 'displayName': 'PassEndY'}, 'value': '98.7'}, {'type': {'value': 212, 'displayName': 'Length'}, 'value': '3.6'}, {'type': {'value': 140, 'displayName': 'PassEndX'}, 'value': '36.9'}, {'type': {'value': 56, 'displayName': 'Zone'}, 'value': 'Back'}, {'type': {'value': 178, 'displayName': 'StandingSave'}}]","[91, 117, 30, 35, 37, 216, 218]",True,357427.0,36.9,98.7,,,,,,,,,
2610347127.0,89,7,29.0,31,35.6,98.1,7,"{'value': 1, 'displayName': 'FirstHalf'}","{'value': 1, 'displayName': 'Pass'}","{'value': 1, 'displayName': 'Successful'}","[{'type': {'value': 212, 'displayName': 'Length'}, 'value': '17.0'}, {'type': {'value': 141, 'displayName': 'PassEndY'}, 'value': '81.5'}, {'type': {'value': 140, 'displayName': 'PassEndX'}, 'value': '23.5'}, {'type': {'value': 56, 'displayName': 'Zone'}, 'value': 'Back'}, {'type': {'value': 213, 'displayName': 'Angle'}, 'value': '3.87'}, {'type': {'value': 178, 'displayName': 'StandingSave'}}]","[91, 117, 30, 35, 38, 215, 218]",True,345516.0,23.5,81.5,,,,,,,,,
2610347137.0,90,7,32.0,31,23.5,81.2,7,"{'value': 1, 'displayName': 'FirstHalf'}","{'value': 1, 'displayName': 'Pass'}","{'value': 1, 'displayName': 'Successful'}","[{'type': {'value': 141, 'displayName': 'PassEndY'}, 'value': '46.6'}, {'type': {'value': 140, 'displayName': 'PassEndX'}, 'value': '18.3'}, {'type': {'value': 212, 'displayName': 'Length'}, 'value': '24.2'}, {'type': {'value': 178, 'displayName': 'StandingSave'}}, {'type': {'value': 213, 'displayName': 'Angle'}, 'value': '4.48'}, {'type': {'value': 56, 'displayName': 'Zone'}, 'value': 'Back'}]","[91, 117, 30, 35, 38, 215, 218]",True,381045.0,18.3,46.6,,,,,,,,,
2610347155.0,91,7,35.0,31,18.3,46.6,7,"{'value': 1, 'displayName': 'FirstHalf'}","{'value': 1, 'displayName': 'Pass'}","{'value': 1, 'displayName': 'Successful'}","[{'type': {'value': 141, 'displayName': 'PassEndY'}, 'value': '31.2'}, {'type': {'value': 213, 'displayName': 'Angle'}, 'value': '5.34'}, {'type': {'value': 212, 'displayName': 'Length'}, 'value': '12.9'}, {'type': {'value': 56, 'displayName': 'Zone'}, 'value': 'Back'}, {'type': {'value': 178, 'displayName': 'StandingSave'}}, {'type': {'value': 140, 'displayName': 'PassEndX'}, 'value': '25.5'}]","[91, 117, 30, 36, 38, 215, 218]",True,110189.0,25.5,31.2,,,,,,,,,
2610347293.0,93,7,39.0,31,44.7,29.4,7,"{'value': 1, 'displayName': 'FirstHalf'}","{'value': 1, 'displayName': 'Pass'}","{'value': 0, 'displayName': 'Unsuccessful'}","[{'type': {'value': 213, 'displayName': 'Angle'}, 'value': '0.78'}, {'type': {'value': 56, 'displayName': 'Zone'}, 'value': 'Center'}, {'type': {'value': 155, 'displayName': 'Chipped'}}, {'type': {'value': 1, 'displayName': 'Longball'}}, {'type': {'value': 141, 'displayName': 'PassEndY'}, 'value': '73.0'}, {'type': {'value': 178, 'displayName': 'StandingSave'}}, {'type': {'value': 140, 'displayName': 'PassEndX'}, 'value': '73.3'}, {'type': {'value': 212, 'displayName': 'Length'}, 'value': '42.2'}]","[91, 120, 124, 128, 36, 37, 217, 218]",True,131464.0,73.3,73.0,,,,,,,,,
2610546665.0,1082,7,42.0,29,24.3,24.2,7,"{'value': 1, 'displayName': 'FirstHalf'}","{'value': 8, 'displayName': 'Interception'}","{'value': 1, 'displayName': 'Successful'}","[{'type': {'value': 15, 'displayName': 'Head'}}, {'type': {'value': 56, 'displayName': 'Zone'}, 'value': 'Back'}]","[91, 101, 56]",True,111372.0,,,,,,,,,,,
2610347345.0,108,7,45.0,29,37.0,17.6,7,"{'value': 1, 'displayName': 'FirstHalf'}","{'value': 49, 'displayName': 'BallRecovery'}","{'value': 1, 'displayName': 'Successful'}",[],[93],False,111372.0,,,,,,,,,,,
2610347373.0,109,7,45.0,29,37.0,17.6,7,"{'value': 1, 'displayName': 'FirstHalf'}","{'value': 1, 'displayName': 'Pass'}","{'value': 1, 'displayName': 'Successful'}","[{'type': {'value': 178, 'displayName': 'StandingSave'}}, {'type': {'value': 140, 'displayName': 'PassEndX'}, 'value': '39.8'}, {'type': {'value': 56, 'displayName': 'Zone'}, 'value': 'Back'}, {'type': {'value': 213, 'displayName': 'Angle'}, 'value': '1.15'}, {'type': {'value': 141, 'displayName': 'PassEndY'}, 'value': '27.3'}, {'type': {'value': 212, 'displayName': 'Length'}, 'value': '7.2'}]","[91, 117, 30, 36, 37, 216, 218]",True,111372.0,39.8,27.3,,,,,,,,,
2610347399.0,110,7,47.0,29,39.8,27.6,7,"{'value': 1, 'displayName': 'FirstHalf'}","{'value': 1, 'displayName': 'Pass'}","{'value': 1, 'displayName': 'Successful'}","[{'type': {'value': 212, 'displayName': 'Length'}, 'value': '7.0'}, {'type': {'value': 213, 'displayName': 'Angle'}, 'value': '2.56'}, {'type': {'value': 56, 'displayName': 'Zone'}, 'value': 'Back'}, {'type': {'value': 141, 'displayName': 'PassEndY'}, 'value': '33.3'}, {'type': {'value': 178, 'displayName': 'StandingSave'}}, {'type': {'value': 140, 'displayName': 'PassEndX'}, 'value': '34.2'}]","[91, 117, 30, 35, 37, 216, 218]",True,322596.0,34.2,33.3,,,,,,,,,
2610347449.0,111,7,48.0,29,34.2,33.7,7,"{'value': 1, 'displayName': 'FirstHalf'}","{'value': 1, 'displayName': 'Pass'}","{'value': 1, 'displayName': 'Successful'}","[{'type': {'value': 140, 'displayName': 'PassEndX'}, 'value': '37.5'}, {'type': {'value': 212, 'displayName': 'Length'}, 'value': '15.8'}, {'type': {'value': 56, 'displayName': 'Zone'}, 'value': 'Back'}, {'type': {'value': 178, 'displayName': 'StandingSave'}}, {'type': {'value': 213, 'displayName': 'Angle'}, 'value': '1.35'}, {'type': {'value': 141, 'displayName': 'PassEndY'}, 'value': '56.3'}]","[91, 117, 30, 36, 37, 216, 218]",True,105172.0,37.5,56.3,,,,,,,,,
2610347513.0,112,7,51.0,29,39.3,49.5,7,"{'value': 1, 'displayName': 'FirstHalf'}","{'value': 1, 'displayName': 'Pass'}","{'value': 1, 'displayName': 'Successful'}","[{'type': {'value': 213, 'displayName': 'Angle'}, 'value': '1.39'}, {'type': {'value': 212, 'displayName': 'Length'}, 'value': '28.6'}, {'type': {'value': 140, 'displayName': 'PassEndX'}, 'value': '44.3'}, {'type': {'value': 56, 'displayName': 'Zone'}, 'value': 'Back'}, {'type': {'value': 178, 'displayName': 'StandingSave'}}, {'type': {'value': 141, 'displayName': 'PassEndY'}, 'value': '90.9'}]","[91, 117, 30, 36, 37, 216, 218]",True,322696.0,44.3,90.9,,,,,,,,,
2610347557.0,113,7,53.0,29,43.2,95.0,7,"{'value': 1, 'displayName': 'FirstHalf'}","{'value': 1, 'displayName': 'Pass'}","{'value': 1, 'displayName': 'Successful'}","[{'type': {'value': 141, 'displayName': 'PassEndY'}, 'value': '79.9'}, {'type': {'value': 213, 'displayName': 'Angle'}, 'value': '4.33'}, {'type': {'value': 212, 'displayName': 'Length'}, 'value': '11.1'}, {'type': {'value': 140, 'displayName': 'PassEndX'}, 'value': '39.3'}, {'type': {'value': 178, 'displayName': 'StandingSave'}}, {'type': {'value': 56, 'displayName': 'Zone'}, 'value': 'Back'}]","[91, 117, 30, 35, 38, 216, 218]",True,68049.0,39.3,79.9,,,,,,,,,
2610347671.0,114,7,56.0,29,41.1,72.7,7,"{'value': 1, 'displayName': 'FirstHalf'}","{'value': 1, 'displayName': 'Pass'}","{'value': 1, 'displayName': 'Successful'}","[{'type': {'value': 56, 'displayName': 'Zone'}, 'value': 'Back'}, {'type': {'value': 212, 'displayName': 'Length'}, 'value': '11.5'}, {'type': {'value': 140, 'displayName': 'PassEndX'}, 'value': '38.3'}, {'type': {'value': 178, 'displayName': 'StandingSave'}}, {'type': {'value': 141, 'displayName': 'PassEndY'}, 'value': '56.4'}, {'type': {'value': 213, 'displayName': 'Angle'}, 'value': '4.45'}]","[91, 117, 30, 35, 38, 216, 218]",True,319756.0,38.3,56.4,,,,,,,,,
2610347709.0,115,8,2.0,29,41.3,35.7,8,"{'value': 1, 'displayName': 'FirstHalf'}","{'value': 1, 'displayName': 'Pass'}","{'value': 1, 'displayName': 'Successful'}","[{'type': {'value': 212, 'displayName': 'Length'}, 'value': '13.1'}, {'type': {'value': 213, 'displayName': 'Angle'}, 'value': '5.79'}, {'type': {'value': 141, 'displayName': 'PassEndY'}, 'value': '26.5'}, {'type': {'value': 56, 'displayName': 'Zone'}, 'value': 'Center'}, {'type': {'value': 140, 'displayName': 'PassEndX'}, 'value': '52.3'}, {'type': {'value': 178, 'displayName': 'StandingSave'}}]","[91, 119, 117, 30, 36, 38, 216, 218]",True,105172.0,52.3,26.5,,,,,,,,,
2610347731.0,116,8,3.0,29,52.3,26.5,8,"{'value': 1, 'displayName': 'FirstHalf'}","{'value': 1, 'displayName': 'Pass'}","{'value': 1, 'displayName': 'Successful'}","[{'type': {'value': 56, 'displayName': 'Zone'}, 'value': 'Back'}, {'type': {'value': 141, 'displayName': 'PassEndY'}, 'value': '27.4'}, {'type': {'value': 212, 'displayName': 'Length'}, 'value': '17.2'}, {'type': {'value': 156, 'displayName': 'LayOff'}}, {'type': {'value': 140, 'displayName': 'PassEndX'}, 'value': '35.9'}, {'type': {'value': 213, 'displayName': 'Angle'}, 'value': '3.11'}, {'type': {'value': 178, 'displayName': 'StandingSave'}}]","[91, 117, 30, 35, 37, 216, 218]",True,400166.0,35.9,27.4,,,,,,,,,
2610347807.0,117,8,6.0,29,38.5,34.0,8,"{'value': 1, 'displayName': 'FirstHalf'}","{'value': 1, 'displayName': 'Pass'}","{'value': 1, 'displayName': 'Successful'}","[{'type': {'value': 178, 'displayName': 'StandingSave'}}, {'type': {'value': 140, 'displayName': 'PassEndX'}, 'value': '34.4'}, {'type': {'value': 141, 'displayName': 'PassEndY'}, 'value': '72.3'}, {'type': {'value': 212, 'displayName': 'Length'}, 'value': '26.4'}, {'type': {'value': 213, 'displayName': 'Angle'}, 'value': '1.73'}, {'type': {'value': 56, 'displayName': 'Zone'}, 'value': 'Back'}]","[91, 117, 30, 35, 37, 216, 218]",True,106086.0,34.4,72.3,,,,,,,,,
2610347891.0,118,8,9.0,29,33.9,70.2,8,"{'value': 1, 'displayName': 'FirstHalf'}","{'value': 1, 'displayName': 'Pass'}","{'value': 1, 'displayName': 'Successful'}","[{'type': {'value': 212, 'displayName': 'Length'}, 'value': '25.5'}, {'type': {'value': 56, 'displayName': 'Zone'}, 'value': 'Back'}, {'type': {'value': 141, 'displayName': 'PassEndY'}, 'value': '33.3'}, {'type': {'value': 178, 'displayName': 'StandingSave'}}, {'type': {'value': 140, 'displayName': 'PassEndX'}, 'value': '29.8'}, {'type': {'value': 213, 'displayName': 'Angle'}, 'value': '4.54'}]","[91, 117, 30, 35, 38, 215, 218]",True,362434.0,29.8,33.3,,,,,,,,,
2610347937.0,119,8,14.0,29,27.6,43.1,8,"{'value': 1, 'displayName': 'FirstHalf'}","{'value': 1, 'displayName': 'Pass'}","{'value': 1, 'displayName': 'Successful'}","[{'type': {'value': 213, 'displayName': 'Angle'}, 'value': '1.64'}, {'type': {'value': 212, 'displayName': 'Length'}, 'value': '21.5'}, {'type': {'value': 141, 'displayName': 'PassEndY'}, 'value': '74.7'}, {'type': {'value': 178, 'displayName': 'StandingSave'}}, {'type': {'value': 140, 'displayName': 'PassEndX'}, 'value': '26.2'}, {'type': {'value': 56, 'displayName': 'Zone'}, 'value': 'Back'}]","[91, 117, 30, 35, 37, 215, 218]",True,106086.0,26.2,74.7,,,,,,,,,
2610348033.0,120,8,17.0,29,26.6,80.2,8,"{'value': 1, 'displayName': 'FirstHalf'}","{'value': 1, 'displayName': 'Pass'}","{'value': 1, 'displayName': 'Successful'}","[{'type': {'value': 212, 'displayName': 'Length'}, 'value': '21.6'}, {'type': {'value': 213, 'displayName': 'Angle'}, 'value': '3.72'}, {'type': {'value': 178, 'displayName': 'StandingSave'}}, {'type': {'value': 140, 'displayName': 'PassEndX'}, 'value': '9.4'}, {'type': {'value': 141, 'displayName': 'PassEndY'}, 'value': '62.7'}, {'type': {'value': 56, 'displayName': 'Zone'}, 'value': 'Back'}]","[91, 117, 30, 35, 38, 215, 218]",True,362434.0,9.4,62.7,,,,,,,,,
2610348075.0,121,8,21.0,29,13.2,48.1,8,"{'value': 1, 'displayName': 'FirstHalf'}","{'value': 1, 'displayName': 'Pass'}","{'value': 1, 'displayName': 'Successful'}","[{'type': {'value': 140, 'displayName': 'PassEndX'}, 'value': '15.9'}, {'type': {'value': 213, 'displayName': 'Angle'}, 'value': '5.04'}, {'type': {'value': 56, 'displayName': 'Zone'}, 'value': 'Back'}, {'type': {'value': 178, 'displayName': 'StandingSave'}}, {'type': {'value': 212, 'displayName': 'Length'}, 'value': '8.7'}, {'type': {'value': 141, 'displayName': 'PassEndY'}, 'value': '36.0'}]","[91, 117, 30, 36, 38, 215, 218]",True,92516.0,15.9,36.0,,,,,,,,,
2610348151.0,122,8,22.0,29,14.6,33.7,8,"{'value': 1, 'displayName': 'FirstHalf'}","{'value': 1, 'displayName': 'Pass'}","{'value': 1, 'displayName': 'Successful'}","[{'type': {'value': 213, 'displayName': 'Angle'}, 'value': '0.71'}, {'type': {'value': 178, 'displayName': 'StandingSave'}}, {'type': {'value': 140, 'displayName': 'PassEndX'}, 'value': '24.1'}, {'type': {'value': 56, 'displayName': 'Zone'}, 'value': 'Back'}, {'type': {'value': 141, 'displayName': 'PassEndY'}, 'value': '46.4'}, {'type': {'value': 212, 'displayName': 'Length'}, 'value': '13.2'}]","[91, 117, 30, 36, 37, 215, 218]",True,106086.0,24.1,46.4,,,,,,,,,
2610348207.0,123,8,26.0,29,21.2,60.2,8,"{'value': 1, 'displayName': 'FirstHalf'}","{'value': 1, 'displayName': 'Pass'}","{'value': 1, 'displayName': 'Successful'}","[{'type': {'value': 140, 'displayName': 'PassEndX'}, 'value': '31.1'}, {'type': {'value': 56, 'displayName': 'Zone'}, 'value': 'Back'}, {'type': {'value': 213, 'displayName': 'Angle'}, 'value': '1.06'}, {'type': {'value': 212, 'displayName': 'Length'}, 'value': '21.2'}, {'type': {'value': 178, 'displayName': 'StandingSave'}}, {'type': {'value': 141, 'displayName': 'PassEndY'}, 'value': '87.4'}]","[91, 117, 30, 36, 37, 215, 218]",True,322696.0,31.1,87.4,,,,,,,,,
2610348229.0,124,8,29.0,29,35.9,87.1,8,"{'value': 1, 'displayName': 'FirstHalf'}","{'value': 1, 'displayName': 'Pass'}","{'value': 1, 'displayName': 'Successful'}","[{'type': {'value': 213, 'displayName': 'Angle'}, 'value': '5.22'}, {'type': {'value': 141, 'displayName': 'PassEndY'}, 'value': '74.5'}, {'type': {'value': 140, 'displayName': 'PassEndX'}, 'value': '40.4'}, {'type': {'value': 56, 'displayName': 'Zone'}, 'value': 'Back'}, {'type': {'value': 178, 'displayName': 'StandingSave'}}, {'type': {'value': 212, 'displayName': 'Length'}, 'value': '9.8'}]","[91, 117, 30, 36, 38, 216, 218]",True,362434.0,40.4,74.5,,,,,,,,,
2610348305.0,125,8,31.0,29,39.7,77.6,8,"{'value': 1, 'displayName': 'FirstHalf'}","{'value': 1, 'displayName': 'Pass'}","{'value': 1, 'displayName': 'Successful'}","[{'type': {'value': 56, 'displayName': 'Zone'}, 'value': 'Back'}, {'type': {'value': 213, 'displayName': 'Angle'}, 'value': '0.95'}, {'type': {'value': 140, 'displayName': 'PassEndX'}, 'value': '47.9'}, {'type': {'value': 212, 'displayName': 'Length'}, 'value': '14.8'}, {'type': {'value': 141, 'displayName': 'PassEndY'}, 'value': '95.3'}, {'type': {'value': 178, 'displayName': 'StandingSave'}}]","[91, 117, 30, 36, 37, 216, 218]",True,319756.0,47.9,95.3,,,,,,,,,
2610348391.0,126,8,35.0,29,60.7,89.6,8,"{'value': 1, 'displayName': 'FirstHalf'}","{'value': 1, 'displayName': 'Pass'}","{'value': 1, 'displayName': 'Successful'}","[{'type': {'value': 56, 'displayName': 'Zone'}, 'value': 'Center'}, {'type': {'value': 212, 'displayName': 'Length'}, 'value': '28.5'}, {'type': {'value': 141, 'displayName': 'PassEndY'}, 'value': '50.6'}, {'type': {'value': 178, 'displayName': 'StandingSave'}}, {'type': {'value': 140, 'displayName': 'PassEndX'}, 'value': '70.6'}, {'type': {'value': 213, 'displayName': 'Angle'}, 'value': '5.09'}]","[91, 119, 117, 30, 205, 36, 38, 217, 218]",True,362434.0,70.6,50.6,,,,,,,,,
2610348481.0,128,8,40.0,29,72.9,69.7,8,"{'value': 1, 'displayName': 'FirstHalf'}","{'value': 1, 'displayName': 'Pass'}","{'value': 1, 'displayName': 'Successful'}","[{'type': {'value': 141, 'displayName': 'PassEndY'}, 'value': '65.1'}, {'type': {'value': 140, 'displayName': 'PassEndX'}, 'value': '64.6'}, {'type': {'value': 212, 'displayName': 'Length'}, 'value': '9.3'}, {'type': {'value': 213, 'displayName': 'Angle'}, 'value': '3.49'}, {'type': {'value': 56, 'displayName': 'Zone'}, 'value': 'Center'}, {'type': {'value': 178, 'displayName': 'StandingSave'}}]","[91, 119, 117, 30, 35, 38, 216, 218]",True,400166.0,64.6,65.1,,,,,,,,,
2610348529.0,129,8,43.0,29,66.8,61.2,8,"{'value': 1, 'displayName': 'FirstHalf'}","{'value': 1, 'displayName': 'Pass'}","{'value': 0, 'displayName': 'Unsuccessful'}","[{'type': {'value': 4, 'displayName': 'Throughball'}}, {'type': {'value': 56, 'displayName': 'Zone'}, 'value': 'Center'}, {'type': {'value': 213, 'displayName': 'Angle'}, 'value': '6.15'}, {'type': {'value': 212, 'displayName': 'Length'}, 'value': '30.5'}, {'type': {'value': 155, 'displayName': 'Chipped'}}, {'type': {'value': 140, 'displayName': 'PassEndX'}, 'value': '95.6'}, {'type': {'value': 178, 'displayName': 'StandingSave'}}, {'type': {'value': 141, 'displayName': 'PassEndY'}, 'value': '55.2'}]","[91, 120, 29, 124, 130, 36, 38, 217, 218]",True,319756.0,95.6,55.2,,,,,,,,,
2610348587.0,96,8,45.0,31,3.7,43.1,8,"{'value': 1, 'displayName': 'FirstHalf'}","{'value': 61, 'displayName': 'BallTouch'}","{'value': 1, 'displayName': 'Successful'}","[{'type': {'value': 21, 'displayName': 'OtherBodyPart'}}, {'type': {'value': 178, 'displayName': 'StandingSave'}}, {'type': {'value': 56, 'displayName': 'Zone'}, 'value': 'Back'}]",[91],True,110189.0,,,,,,,,,,,
2610348687.0,130,8,52.0,29,97.3,87.2,8,"{'value': 1, 'displayName': 'FirstHalf'}","{'value': 1, 'displayName': 'Pass'}","{'value': 1, 'displayName': 'Successful'}","[{'type': {'value': 141, 'displayName': 'PassEndY'}, 'value': '89.4'}, {'type': {'value': 178, 'displayName': 'StandingSave'}}, {'type': {'value': 140, 'displayName': 'PassEndX'}, 'value': '90.5'}, {'type': {'value': 212, 'displayName': 'Length'}, 'value': '7.3'}, {'type': {'value': 213, 'displayName': 'Angle'}, 'value': '2.94'}, {'type': {'value': 56, 'displayName': 'Zone'}, 'value': 'Left'}]","[91, 119, 117, 30, 205, 35, 37, 217, 218]",True,400166.0,90.5,89.4,,,,,,,,,
2610348801.0,131,8,54.0,29,91.7,90.8,8,"{'value': 1, 'displayName': 'FirstHalf'}","{'value': 1, 'displayName': 'Pass'}","{'value': 1, 'displayName': 'Successful'}","[{'type': {'value': 212, 'displayName': 'Length'}, 'value': '8.0'}, {'type': {'value': 213, 'displayName': 'Angle'}, 'value': '3.38'}, {'type': {'value': 178, 'displayName': 'StandingSave'}}, {'type': {'value': 140, 'displayName': 'PassEndX'}, 'value': '84.3'}, {'type': {'value': 56, 'displayName': 'Zone'}, 'value': 'Left'}, {'type': {'value': 141, 'displayName': 'PassEndY'}, 'value': '88.0'}]","[91, 119, 117, 30, 205, 35, 38, 217, 218]",True,68049.0,84.3,88.0,,,,,,,,,
2610348809.0,132,8,58.0,29,77.9,82.4,8,"{'value': 1, 'displayName': 'FirstHalf'}","{'value': 4, 'displayName': 'Foul'}","{'value': 1, 'displayName': 'Successful'}","[{'type': {'value': 56, 'displayName': 'Zone'}, 'value': 'Left'}, {'type': {'value': 233, 'displayName': 'OppositeRelatedEvent'}, 'value': '97'}, {'type': {'value': 13, 'displayName': 'Foul'}}, {'type': {'value': 286, 'displayName': 'Offensive'}}]","[91, 63]",True,319756.0,,,,,,,,,,,
2610348795.0,97,8,58.0,31,22.1,17.6,8,"{'value': 1, 'displayName': 'FirstHalf'}","{'value': 4, 'displayName': 'Foul'}","{'value': 0, 'displayName': 'Unsuccessful'}","[{'type': {'value': 178, 'displayName': 'StandingSave'}}, {'type': {'value': 13, 'displayName': 'Foul'}}, {'type': {'value': 56, 'displayName': 'Zone'}, 'value': 'Back'}, {'type': {'value': 285, 'displayName': 'Defensive'}}, {'type': {'value': 233, 'displayName': 'OppositeRelatedEvent'}, 'value': '132'}]",[64],False,367781.0,,,,,,,,,,,
2610350003.0,133,9,54.0,29,75.3,80.2,9,"{'value': 1, 'displayName': 'FirstHalf'}","{'value': 1, 'displayName': 'Pass'}","{'value': 1, 'displayName': 'Successful'}","[{'type': {'value': 140, 'displayName': 'PassEndX'}, 'value': '97.4'}, {'type': {'value': 56, 'displayName': 'Zone'}, 'value': 'Center'}, {'type': {'value': 2, 'displayName': 'Cross'}}, {'type': {'value': 155, 'displayName': 'Chipped'}}, {'type': {'value': 141, 'displayName': 'PassEndY'}, 'value': '40.1'}, {'type': {'value': 5, 'displayName': 'FreekickTaken'}}, {'type': {'value': 213, 'displayName': 'Angle'}, 'value': '5.42'}, {'type': {'value': 178, 'displayName': 'StandingSave'}}, {'type': {'value': 1, 'displayName': 'Longball'}}, {'type': {'value': 212, 'displayName': 'Length'}, 'value': '35.8'}, {'type': {'value': 72, 'displayName': 'LeftFoot'}}]","[91, 119, 138, 124, 125, 36, 38, 217, 218]",True,68049.0,97.4,40.1,,,,,,,,,
2610350011.0,134,9,56.0,29,97.6,40.0,9,"{'value': 1, 'displayName': 'FirstHalf'}","{'value': 1, 'displayName': 'Pass'}","{'value': 0, 'displayName': 'Unsuccessful'}","[{'type': {'value': 213, 'displayName': 'Angle'}, 'value': '2.01'}, {'type': {'value': 3, 'displayName': 'HeadPass'}}, {'type': {'value': 140, 'displayName': 'PassEndX'}, 'value': '96.2'}, {'type': {'value': 56, 'displayName': 'Zone'}, 'value': 'Center'}, {'type': {'value': 141, 'displayName': 'PassEndY'}, 'value': '44.6'}, {'type': {'value': 212, 'displayName': 'Length'}, 'value': '3.5'}, {'type': {'value': 178, 'displayName': 'StandingSave'}}]","[91, 120, 29, 139, 35, 37, 217, 218]",True,322596.0,96.2,44.6,,,,,,,,,
2610350021.0,98,9,56.0,31,3.4,61.2,9,"{'value': 1, 'displayName': 'FirstHalf'}","{'value': 12, 'displayName': 'Clearance'}","{'value': 1, 'displayName': 'Successful'}","[{'type': {'value': 141, 'displayName': 'PassEndY'}, 'value': '60.8'}, {'type': {'value': 56, 'displayName': 'Zone'}, 'value': 'Back'}, {'type': {'value': 140, 'displayName': 'PassEndX'}, 'value': '0.0'}, {'type': {'value': 178, 'displayName': 'StandingSave'}}, {'type': {'value': 212, 'displayName': 'Length'}, 'value': '5.3'}, {'type': {'value': 213, 'displayName': 'Angle'}, 'value': '3.19'}]","[91, 94, 95, 215]",True,116317.0,0.0,60.8,,,,,,,,,
2610350031.0,99,9,57.0,31,1.8,61.2,9,"{'value': 1, 'displayName': 'FirstHalf'}","{'value': 6, 'displayName': 'CornerAwarded'}","{'value': 0, 'displayName': 'Unsuccessful'}","[{'type': {'value': 56, 'displayName': 'Zone'}, 'value': 'Back'}, {'type': {'value': 73, 'displayName': 'MissLeft'}}, {'type': {'value': 233, 'displayName': 'OppositeRelatedEvent'}, 'value': '135'}]",[122],False,116317.0,,,,,,,,,,,
2610350037.0,135,9,57.0,29,98.2,38.8,9,"{'value': 1, 'displayName': 'FirstHalf'}","{'value': 6, 'displayName': 'CornerAwarded'}","{'value': 1, 'displayName': 'Successful'}","[{'type': {'value': 56, 'displayName': 'Zone'}, 'value': 'Center'}, {'type': {'value': 233, 'displayName': 'OppositeRelatedEvent'}, 'value': '99'}, {'type': {'value': 75, 'displayName': 'MissRight'}}]",[122],False,322596.0,,,,,,,,,,,
2610350757.0,136,10,33.0,29,99.5,0.5,10,"{'value': 1, 'displayName': 'FirstHalf'}","{'value': 1, 'displayName': 'Pass'}","{'value': 0, 'displayName': 'Unsuccessful'}","[{'type': {'value': 178, 'displayName': 'StandingSave'}}, {'type': {'value': 212, 'displayName': 'Length'}, 'value': '30.4'}, {'type': {'value': 2, 'displayName': 'Cross'}}, {'type': {'value': 6, 'displayName': 'CornerTaken'}}, {'type': {'value': 213, 'displayName': 'Angle'}, 'value': '1.72'}, {'type': {'value': 56, 'displayName': 'Zone'}, 'value': 'Center'}, {'type': {'value': 140, 'displayName': 'PassEndX'}, 'value': '95.3'}, {'type': {'value': 72, 'displayName': 'LeftFoot'}}, {'type': {'value': 155, 'displayName': 'Chipped'}}, {'type': {'value': 141, 'displayName': 'PassEndY'}, 'value': '44.8'}]","[91, 138, 124, 126, 31, 33, 34, 35, 37, 217, 218]",True,322596.0,95.3,44.8,,,,,,,,,
2610350857.0,100,10,34.0,31,3.7,56.3,10,"{'value': 1, 'displayName': 'FirstHalf'}","{'value': 12, 'displayName': 'Clearance'}","{'value': 1, 'displayName': 'Successful'}","[{'type': {'value': 141, 'displayName': 'PassEndY'}, 'value': '50.3'}, {'type': {'value': 212, 'displayName': 'Length'}, 'value': '27.7'}, {'type': {'value': 56, 'displayName': 'Zone'}, 'value': 'Back'}, {'type': {'value': 213, 'displayName': 'Angle'}, 'value': '6.14'}, {'type': {'value': 15, 'displayName': 'Head'}}, {'type': {'value': 140, 'displayName': 'PassEndX'}, 'value': '29.8'}]","[91, 94, 95, 57, 215]",True,141469.0,29.8,50.3,,,,,,,,,
2610350923.0,101,10,40.0,31,28.6,31.2,10,"{'value': 1, 'displayName': 'FirstHalf'}","{'value': 45, 'displayName': 'Challenge'}","{'value': 0, 'displayName': 'Unsuccessful'}","[{'type': {'value': 56, 'displayName': 'Zone'}, 'value': 'Back'}, {'type': {'value': 285, 'displayName': 'Defensive'}}, {'type': {'value': 233, 'displayName': 'OppositeRelatedEvent'}, 'value': '137'}]",[55],False,116317.0,,,,,,,,,,,
2610350953.0,137,10,40.0,29,71.4,68.8,10,"{'value': 1, 'displayName': 'FirstHalf'}","{'value': 3, 'displayName': 'TakeOn'}","{'value': 1, 'displayName': 'Successful'}","[{'type': {'value': 56, 'displayName': 'Zone'}, 'value': 'Center'}, {'type': {'value': 233, 'displayName': 'OppositeRelatedEvent'}, 'value': '101'}, {'type': {'value': 286, 'displayName': 'Offensive'}}, {'type': {'value': 178, 'displayName': 'StandingSave'}}]","[91, 54]",True,400166.0,,,,,,,,,,,
2610350981.0,138,10,42.0,29,77.2,77.5,10,"{'value': 1, 'displayName': 'FirstHalf'}","{'value': 1, 'displayName': 'Pass'}","{'value': 0, 'displayName': 'Unsuccessful'}","[{'type': {'value': 140, 'displayName': 'PassEndX'}, 'value': '82.5'}, {'type': {'value': 213, 'displayName': 'Angle'}, 'value': '5.43'}, {'type': {'value': 56, 'displayName': 'Zone'}, 'value': 'Center'}, {'type': {'value': 212, 'displayName': 'Length'}, 'value': '8.4'}, {'type': {'value': 2, 'displayName': 'Cross'}}, {'type': {'value': 155, 'displayName': 'Chipped'}}, {'type': {'value': 178, 'displayName': 'StandingSave'}}, {'type': {'value': 141, 'displayName': 'PassEndY'}, 'value': '68.2'}, {'type': {'value': 72, 'displayName': 'LeftFoot'}}]","[91, 138, 124, 126, 36, 38, 217, 218]",True,400166.0,82.5,68.2,,,,,,,,,
2610351015.0,102,10,43.0,31,17.1,31.6,10,"{'value': 1, 'displayName': 'FirstHalf'}","{'value': 61, 'displayName': 'BallTouch'}","{'value': 1, 'displayName': 'Successful'}","[{'type': {'value': 21, 'displayName': 'OtherBodyPart'}}, {'type': {'value': 178, 'displayName': 'StandingSave'}}, {'type': {'value': 56, 'displayName': 'Zone'}, 'value': 'Back'}]",[91],True,367781.0,,,,,,,,,,,
2610351031.0,139,10,45.0,29,79.4,67.2,10,"{'value': 1, 'displayName': 'FirstHalf'}","{'value': 1, 'displayName': 'Pass'}","{'value': 0, 'displayName': 'Unsuccessful'}","[{'type': {'value': 212, 'displayName': 'Length'}, 'value': '5.5'}, {'type': {'value': 56, 'displayName': 'Zone'}, 'value': 'Center'}, {'type': {'value': 141, 'displayName': 'PassEndY'}, 'value': '60.3'}, {'type': {'value': 178, 'displayName': 'StandingSave'}}, {'type': {'value': 140, 'displayName': 'PassEndX'}, 'value': '76.7'}, {'type': {'value': 213, 'displayName': 'Angle'}, 'value': '4.17'}]","[91, 120, 29, 35, 38, 217, 218]",True,400166.0,76.7,60.3,,,,,,,,,
2610351063.0,103,10,46.0,31,21.2,37.4,10,"{'value': 1, 'displayName': 'FirstHalf'}","{'value': 49, 'displayName': 'BallRecovery'}","{'value': 1, 'displayName': 'Successful'}",[],[93],False,400815.0,,,,,,,,,,,
2610351101.0,104,10,47.0,31,27.3,35.4,10,"{'value': 1, 'displayName': 'FirstHalf'}","{'value': 3, 'displayName': 'TakeOn'}","{'value': 1, 'displayName': 'Successful'}","[{'type': {'value': 233, 'displayName': 'OppositeRelatedEvent'}, 'value': '140'}, {'type': {'value': 56, 'displayName': 'Zone'}, 'value': 'Back'}, {'type': {'value': 285, 'displayName': 'Defensive'}}, {'type': {'value': 178, 'displayName': 'StandingSave'}}]","[91, 54]",True,400815.0,,,,,,,,,,,
2610351075.0,140,10,47.0,29,72.7,64.6,10,"{'value': 1, 'displayName': 'FirstHalf'}","{'value': 45, 'displayName': 'Challenge'}","{'value': 0, 'displayName': 'Unsuccessful'}","[{'type': {'value': 233, 'displayName': 'OppositeRelatedEvent'}, 'value': '104'}, {'type': {'value': 286, 'displayName': 'Offensive'}}, {'type': {'value': 56, 'displayName': 'Zone'}, 'value': 'Center'}]",[55],False,319756.0,,,,,,,,,,,
2610351125.0,105,10,49.0,31,36.3,43.9,10,"{'value': 1, 'displayName': 'FirstHalf'}","{'value': 1, 'displayName': 'Pass'}","{'value': 1, 'displayName': 'Successful'}","[{'type': {'value': 141, 'displayName': 'PassEndY'}, 'value': '50.3'}, {'type': {'value': 212, 'displayName': 'Length'}, 'value': '4.6'}, {'type': {'value': 56, 'displayName': 'Zone'}, 'value': 'Back'}, {'type': {'value': 213, 'displayName': 'Angle'}, 'value': '1.27'}, {'type': {'value': 140, 'displayName': 'PassEndX'}, 'value': '37.6'}, {'type': {'value': 178, 'displayName': 'StandingSave'}}]","[91, 117, 30, 36, 37, 216, 218]",True,400815.0,37.6,50.3,,,,,,,,,
2610351187.0,107,10,52.0,31,43.0,41.4,10,"{'value': 1, 'displayName': 'FirstHalf'}","{'value': 3, 'displayName': 'TakeOn'}","{'value': 1, 'displayName': 'Successful'}","[{'type': {'value': 286, 'displayName': 'Offensive'}}, {'type': {'value': 233, 'displayName': 'OppositeRelatedEvent'}, 'value': '142'}, {'type': {'value': 56, 'displayName': 'Zone'}, 'value': 'Back'}, {'type': {'value': 178, 'displayName': 'StandingSave'}}]","[91, 54]",True,141469.0,,,,,,,,,,,
2610351179.0,142,10,52.0,29,57.0,58.6,10,"{'value': 1, 'displayName': 'FirstHalf'}","{'value': 45, 'displayName': 'Challenge'}","{'value': 0, 'displayName': 'Unsuccessful'}","[{'type': {'value': 233, 'displayName': 'OppositeRelatedEvent'}, 'value': '107'}, {'type': {'value': 285, 'displayName': 'Defensive'}}, {'type': {'value': 56, 'displayName': 'Zone'}, 'value': 'Center'}]",[55],False,319756.0,,,,,,,,,,,
2610351261.0,108,10,54.0,31,47.1,31.6,10,"{'value': 1, 'displayName': 'FirstHalf'}","{'value': 1, 'displayName': 'Pass'}","{'value': 1, 'displayName': 'Successful'}","[{'type': {'value': 212, 'displayName': 'Length'}, 'value': '45.8'}, {'type': {'value': 155, 'displayName': 'Chipped'}}, {'type': {'value': 141, 'displayName': 'PassEndY'}, 'value': '88.6'}, {'type': {'value': 213, 'displayName': 'Angle'}, 'value': '1.01'}, {'type': {'value': 1, 'displayName': 'Longball'}}, {'type': {'value': 178, 'displayName': 'StandingSave'}}, {'type': {'value': 140, 'displayName': 'PassEndX'}, 'value': '70.4'}, {'type': {'value': 56, 'displayName': 'Zone'}, 'value': 'Left'}]","[91, 119, 117, 124, 127, 205, 36, 37, 217, 218]",True,141469.0,70.4,88.6,,,,,,,,,
2610351345.0,109,10,59.0,31,70.1,89.0,10,"{'value': 1, 'displayName': 'FirstHalf'}","{'value': 1, 'displayName': 'Pass'}","{'value': 1, 'displayName': 'Successful'}","[{'type': {'value': 56, 'displayName': 'Zone'}, 'value': 'Center'}, {'type': {'value': 178, 'displayName': 'StandingSave'}}, {'type': {'value': 141, 'displayName': 'PassEndY'}, 'value': '78.4'}, {'type': {'value': 140, 'displayName': 'PassEndX'}, 'value': '64.4'}, {'type': {'value': 212, 'displayName': 'Length'}, 'value': '9.4'}, {'type': {'value': 213, 'displayName': 'Angle'}, 'value': '4.02'}]","[91, 119, 117, 30, 35, 38, 216, 218]",True,400815.0,64.4,78.4,,,,,,,,,
2610351355.0,110,11,1.0,31,69.0,77.8,11,"{'value': 1, 'displayName': 'FirstHalf'}","{'value': 50, 'displayName': 'Dispossessed'}","{'value': 1, 'displayName': 'Successful'}","[{'type': {'value': 56, 'displayName': 'Zone'}, 'value': 'Center'}, {'type': {'value': 233, 'displayName': 'OppositeRelatedEvent'}, 'value': '143'}, {'type': {'value': 286, 'displayName': 'Offensive'}}]","[91, 70]",True,357427.0,,,,,,,,,,,
2610351349.0,143,11,1.0,29,31.0,22.2,11,"{'value': 1, 'displayName': 'FirstHalf'}","{'value': 7, 'displayName': 'Tackle'}","{'value': 0, 'displayName': 'Unsuccessful'}","[{'type': {'value': 285, 'displayName': 'Defensive'}}, {'type': {'value': 178, 'displayName': 'StandingSave'}}, {'type': {'value': 56, 'displayName': 'Zone'}, 'value': 'Back'}, {'type': {'value': 233, 'displayName': 'OppositeRelatedEvent'}, 'value': '110'}]","[91, 142]",True,322696.0,,,,,,,,,,,
2610351377.0,111,11,3.0,31,66.1,75.8,11,"{'value': 1, 'displayName': 'FirstHalf'}","{'value': 1, 'displayName': 'Pass'}","{'value': 0, 'displayName': 'Unsuccessful'}","[{'type': {'value': 56, 'displayName': 'Zone'}, 'value': 'Left'}, {'type': {'value': 141, 'displayName': 'PassEndY'}, 'value': '82.2'}, {'type': {'value': 140, 'displayName': 'PassEndX'}, 'value': '65.4'}, {'type': {'value': 178, 'displayName': 'StandingSave'}}, {'type': {'value': 213, 'displayName': 'Angle'}, 'value': '1.74'}, {'type': {'value': 212, 'displayName': 'Length'}, 'value': '4.4'}]","[91, 120, 29, 35, 37, 216, 218]",True,357427.0,65.4,82.2,,,,,,,,,
2610351403.0,112,11,4.0,31,67.1,88.6,11,"{'value': 1, 'displayName': 'FirstHalf'}","{'value': 45, 'displayName': 'Challenge'}","{'value': 0, 'displayName': 'Unsuccessful'}","[{'type': {'value': 56, 'displayName': 'Zone'}, 'value': 'Left'}, {'type': {'value': 233, 'displayName': 'OppositeRelatedEvent'}, 'value': '144'}, {'type': {'value': 286, 'displayName': 'Offensive'}}]",[55],False,400815.0,,,,,,,,,,,
2610351395.0,144,11,4.0,29,32.9,11.4,11,"{'value': 1, 'displayName': 'FirstHalf'}","{'value': 3, 'displayName': 'TakeOn'}","{'value': 1, 'displayName': 'Successful'}","[{'type': {'value': 178, 'displayName': 'StandingSave'}}, {'type': {'value': 233, 'displayName': 'OppositeRelatedEvent'}, 'value': '112'}, {'type': {'value': 285, 'displayName': 'Defensive'}}, {'type': {'value': 56, 'displayName': 'Zone'}, 'value': 'Back'}]","[91, 54]",True,322596.0,,,,,,,,,,,
2610351399.0,145,11,5.0,29,28.3,6.7,11,"{'value': 1, 'displayName': 'FirstHalf'}","{'value': 49, 'displayName': 'BallRecovery'}","{'value': 1, 'displayName': 'Successful'}",[],[93],False,322596.0,,,,,,,,,,,
2610552209.0,830,11,5.0,31,73.3,97.1,11,"{'value': 1, 'displayName': 'FirstHalf'}","{'value': 45, 'displayName': 'Challenge'}","{'value': 0, 'displayName': 'Unsuccessful'}","[{'type': {'value': 233, 'displayName': 'OppositeRelatedEvent'}, 'value': '1083'}, {'type': {'value': 56, 'displayName': 'Zone'}, 'value': 'Left'}, {'type': {'value': 286, 'displayName': 'Offensive'}}]",[55],False,357427.0,,,,,,,,,,,
2610552201.0,1083,11,5.0,29,26.7,2.9,11,"{'value': 1, 'displayName': 'FirstHalf'}","{'value': 3, 'displayName': 'TakeOn'}","{'value': 1, 'displayName': 'Successful'}","[{'type': {'value': 233, 'displayName': 'OppositeRelatedEvent'}, 'value': '830'}, {'type': {'value': 285, 'displayName': 'Defensive'}}, {'type': {'value': 56, 'displayName': 'Zone'}, 'value': 'Back'}, {'type': {'value': 178, 'displayName': 'StandingSave'}}]","[91, 54]",True,322596.0,,,,,,,,,,,
2610351483.0,146,11,8.0,29,36.9,6.2,11,"{'value': 1, 'displayName': 'FirstHalf'}","{'value': 1, 'displayName': 'Pass'}","{'value': 0, 'displayName': 'Unsuccessful'}","[{'type': {'value': 212, 'displayName': 'Length'}, 'value': '42.3'}, {'type': {'value': 56, 'displayName': 'Zone'}, 'value': 'Right'}, {'type': {'value': 141, 'displayName': 'PassEndY'}, 'value': '6.2'}, {'type': {'value': 1, 'displayName': 'Longball'}}, {'type': {'value': 178, 'displayName': 'StandingSave'}}, {'type': {'value': 213, 'displayName': 'Angle'}, 'value': '0.00'}, {'type': {'value': 140, 'displayName': 'PassEndX'}, 'value': '77.2'}]","[91, 120, 128, 36, 217, 218]",True,322596.0,77.2,6.2,,,,,,,,,
2610351501.0,113,11,11.0,31,19.8,93.9,11,"{'value': 1, 'displayName': 'FirstHalf'}","{'value': 49, 'displayName': 'BallRecovery'}","{'value': 1, 'displayName': 'Successful'}",[],[93],False,381045.0,,,,,,,,,,,
2610351619.0,114,11,14.0,31,10.2,82.1,11,"{'value': 1, 'displayName': 'FirstHalf'}","{'value': 1, 'displayName': 'Pass'}","{'value': 1, 'displayName': 'Successful'}","[{'type': {'value': 212, 'displayName': 'Length'}, 'value': '22.2'}, {'type': {'value': 141, 'displayName': 'PassEndY'}, 'value': '49.6'}, {'type': {'value': 213, 'displayName': 'Angle'}, 'value': '4.63'}, {'type': {'value': 56, 'displayName': 'Zone'}, 'value': 'Back'}, {'type': {'value': 140, 'displayName': 'PassEndX'}, 'value': '8.5'}, {'type': {'value': 178, 'displayName': 'StandingSave'}}]","[91, 117, 30, 35, 38, 215, 218]",True,381045.0,8.5,49.6,,,,,,,,,
2610351663.0,115,11,17.0,31,8.5,49.3,11,"{'value': 1, 'displayName': 'FirstHalf'}","{'value': 1, 'displayName': 'Pass'}","{'value': 1, 'displayName': 'Successful'}","[{'type': {'value': 178, 'displayName': 'StandingSave'}}, {'type': {'value': 1, 'displayName': 'Longball'}}, {'type': {'value': 213, 'displayName': 'Angle'}, 'value': '5.57'}, {'type': {'value': 140, 'displayName': 'PassEndX'}, 'value': '39.0'}, {'type': {'value': 212, 'displayName': 'Length'}, 'value': '42.2'}, {'type': {'value': 141, 'displayName': 'PassEndY'}, 'value': '8.9'}, {'type': {'value': 56, 'displayName': 'Zone'}, 'value': 'Back'}]","[91, 117, 127, 36, 38, 216, 218]",True,110189.0,39.0,8.9,,,,,,,,,
2610351695.0,116,11,21.0,31,40.4,9.4,11,"{'value': 1, 'displayName': 'FirstHalf'}","{'value': 1, 'displayName': 'Pass'}","{'value': 1, 'displayName': 'Successful'}","[{'type': {'value': 213, 'displayName': 'Angle'}, 'value': '1.92'}, {'type': {'value': 56, 'displayName': 'Zone'}, 'value': 'Back'}, {'type': {'value': 178, 'displayName': 'StandingSave'}}, {'type': {'value': 140, 'displayName': 'PassEndX'}, 'value': '36.3'}, {'type': {'value': 212, 'displayName': 'Length'}, 'value': '12.6'}, {'type': {'value': 141, 'displayName': 'PassEndY'}, 'value': '26.8'}]","[91, 117, 30, 35, 37, 216, 218]",True,396975.0,36.3,26.8,,,,,,,,,
2610351739.0,117,11,24.0,31,35.2,31.2,11,"{'value': 1, 'displayName': 'FirstHalf'}","{'value': 1, 'displayName': 'Pass'}","{'value': 1, 'displayName': 'Successful'}","[{'type': {'value': 178, 'displayName': 'StandingSave'}}, {'type': {'value': 212, 'displayName': 'Length'}, 'value': '10.2'}, {'type': {'value': 213, 'displayName': 'Angle'}, 'value': '1.44'}, {'type': {'value': 140, 'displayName': 'PassEndX'}, 'value': '36.5'}, {'type': {'value': 56, 'displayName': 'Zone'}, 'value': 'Back'}, {'type': {'value': 141, 'displayName': 'PassEndY'}, 'value': '46.0'}]","[91, 117, 30, 36, 37, 216, 218]",True,116317.0,36.5,46.0,,,,,,,,,
2610351785.0,118,11,26.0,31,37.5,48.4,11,"{'value': 1, 'displayName': 'FirstHalf'}","{'value': 1, 'displayName': 'Pass'}","{'value': 1, 'displayName': 'Successful'}","[{'type': {'value': 212, 'displayName': 'Length'}, 'value': '14.4'}, {'type': {'value': 178, 'displayName': 'StandingSave'}}, {'type': {'value': 56, 'displayName': 'Zone'}, 'value': 'Back'}, {'type': {'value': 213, 'displayName': 'Angle'}, 'value': '1.04'}, {'type': {'value': 140, 'displayName': 'PassEndX'}, 'value': '44.4'}, {'type': {'value': 141, 'displayName': 'PassEndY'}, 'value': '66.7'}]","[91, 117, 30, 36, 37, 216, 218]",True,367781.0,44.4,66.7,,,,,,,,,
2610351843.0,119,11,28.0,31,44.4,66.7,11,"{'value': 1, 'displayName': 'FirstHalf'}","{'value': 1, 'displayName': 'Pass'}","{'value': 1, 'displayName': 'Successful'}","[{'type': {'value': 141, 'displayName': 'PassEndY'}, 'value': '82.1'}, {'type': {'value': 56, 'displayName': 'Zone'}, 'value': 'Back'}, {'type': {'value': 213, 'displayName': 'Angle'}, 'value': '1.98'}, {'type': {'value': 212, 'displayName': 'Length'}, 'value': '11.4'}, {'type': {'value': 178, 'displayName': 'StandingSave'}}, {'type': {'value': 140, 'displayName': 'PassEndX'}, 'value': '40.1'}]","[91, 117, 30, 35, 37, 216, 218]",True,400815.0,40.1,82.1,,,,,,,,,
2610351869.0,120,11,30.0,31,39.9,81.8,11,"{'value': 1, 'displayName': 'FirstHalf'}","{'value': 1, 'displayName': 'Pass'}","{'value': 1, 'displayName': 'Successful'}","[{'type': {'value': 141, 'displayName': 'PassEndY'}, 'value': '70.9'}, {'type': {'value': 212, 'displayName': 'Length'}, 'value': '7.5'}, {'type': {'value': 213, 'displayName': 'Angle'}, 'value': '4.85'}, {'type': {'value': 56, 'displayName': 'Zone'}, 'value': 'Back'}, {'type': {'value': 178, 'displayName': 'StandingSave'}}, {'type': {'value': 140, 'displayName': 'PassEndX'}, 'value': '40.9'}]","[91, 117, 30, 36, 38, 216, 218]",True,345516.0,40.9,70.9,,,,,,,,,
2610351931.0,121,11,31.0,31,40.9,70.9,11,"{'value': 1, 'displayName': 'FirstHalf'}","{'value': 1, 'displayName': 'Pass'}","{'value': 1, 'displayName': 'Successful'}","[{'type': {'value': 178, 'displayName': 'StandingSave'}}, {'type': {'value': 140, 'displayName': 'PassEndX'}, 'value': '30.1'}, {'type': {'value': 56, 'displayName': 'Zone'}, 'value': 'Back'}, {'type': {'value': 213, 'displayName': 'Angle'}, 'value': '2.99'}, {'type': {'value': 141, 'displayName': 'PassEndY'}, 'value': '73.5'}, {'type': {'value': 212, 'displayName': 'Length'}, 'value': '11.5'}]","[91, 117, 30, 35, 37, 215, 218]",True,400815.0,30.1,73.5,,,,,,,,,
2610351987.0,122,11,34.0,31,29.3,72.7,11,"{'value': 1, 'displayName': 'FirstHalf'}","{'value': 1, 'displayName': 'Pass'}","{'value': 1, 'displayName': 'Successful'}","[{'type': {'value': 213, 'displayName': 'Angle'}, 'value': '5.00'}, {'type': {'value': 212, 'displayName': 'Length'}, 'value': '26.2'}, {'type': {'value': 56, 'displayName': 'Zone'}, 'value': 'Back'}, {'type': {'value': 178, 'displayName': 'StandingSave'}}, {'type': {'value': 141, 'displayName': 'PassEndY'}, 'value': '35.8'}, {'type': {'value': 140, 'displayName': 'PassEndX'}, 'value': '36.4'}]","[91, 117, 30, 36, 38, 216, 218]",True,381045.0,36.4,35.8,,,,,,,,,
2610352055.0,123,11,37.0,31,36.4,35.8,11,"{'value': 1, 'displayName': 'FirstHalf'}","{'value': 1, 'displayName': 'Pass'}","{'value': 1, 'displayName': 'Successful'}","[{'type': {'value': 140, 'displayName': 'PassEndX'}, 'value': '43.8'}, {'type': {'value': 212, 'displayName': 'Length'}, 'value': '10.5'}, {'type': {'value': 141, 'displayName': 'PassEndY'}, 'value': '46.1'}, {'type': {'value': 56, 'displayName': 'Zone'}, 'value': 'Back'}, {'type': {'value': 178, 'displayName': 'StandingSave'}}, {'type': {'value': 213, 'displayName': 'Angle'}, 'value': '0.73'}]","[91, 117, 30, 36, 37, 216, 218]",True,131464.0,43.8,46.1,,,,,,,,,
2610352171.0,124,11,39.0,31,45.5,43.4,11,"{'value': 1, 'displayName': 'FirstHalf'}","{'value': 1, 'displayName': 'Pass'}","{'value': 1, 'displayName': 'Successful'}","[{'type': {'value': 140, 'displayName': 'PassEndX'}, 'value': '56.7'}, {'type': {'value': 56, 'displayName': 'Zone'}, 'value': 'Center'}, {'type': {'value': 212, 'displayName': 'Length'}, 'value': '17.4'}, {'type': {'value': 178, 'displayName': 'StandingSave'}}, {'type': {'value': 141, 'displayName': 'PassEndY'}, 'value': '24.6'}, {'type': {'value': 213, 'displayName': 'Angle'}, 'value': '5.46'}]","[91, 119, 117, 30, 36, 38, 216, 218]",True,367781.0,56.7,24.6,,,,,,,,,
2610352347.0,125,11,44.0,31,57.8,26.7,11,"{'value': 1, 'displayName': 'FirstHalf'}","{'value': 1, 'displayName': 'Pass'}","{'value': 1, 'displayName': 'Successful'}","[{'type': {'value': 140, 'displayName': 'PassEndX'}, 'value': '55.1'}, {'type': {'value': 212, 'displayName': 'Length'}, 'value': '18.4'}, {'type': {'value': 141, 'displayName': 'PassEndY'}, 'value': '53.4'}, {'type': {'value': 178, 'displayName': 'StandingSave'}}, {'type': {'value': 213, 'displayName': 'Angle'}, 'value': '1.73'}, {'type': {'value': 56, 'displayName': 'Zone'}, 'value': 'Center'}]","[91, 119, 117, 30, 35, 37, 216, 218]",True,116317.0,55.1,53.4,,,,,,,,,
2610352423.0,126,11,52.0,31,65.4,52.1,11,"{'value': 1, 'displayName': 'FirstHalf'}","{'value': 1, 'displayName': 'Pass'}","{'value': 1, 'displayName': 'Successful'}","[{'type': {'value': 141, 'displayName': 'PassEndY'}, 'value': '95.6'}, {'type': {'value': 140, 'displayName': 'PassEndX'}, 'value': '67.3'}, {'type': {'value': 213, 'displayName': 'Angle'}, 'value': '1.50'}, {'type': {'value': 56, 'displayName': 'Zone'}, 'value': 'Left'}, {'type': {'value': 212, 'displayName': 'Length'}, 'value': '29.6'}, {'type': {'value': 155, 'displayName': 'Chipped'}}, {'type': {'value': 178, 'displayName': 'StandingSave'}}]","[91, 119, 117, 30, 124, 205, 36, 37, 217, 218]",True,400815.0,67.3,95.6,,,,,,,,,
2610352459.0,127,11,57.0,31,63.3,91.8,11,"{'value': 1, 'displayName': 'FirstHalf'}","{'value': 1, 'displayName': 'Pass'}","{'value': 1, 'displayName': 'Successful'}","[{'type': {'value': 213, 'displayName': 'Angle'}, 'value': '4.57'}, {'type': {'value': 178, 'displayName': 'StandingSave'}}, {'type': {'value': 212, 'displayName': 'Length'}, 'value': '12.3'}, {'type': {'value': 141, 'displayName': 'PassEndY'}, 'value': '73.9'}, {'type': {'value': 140, 'displayName': 'PassEndX'}, 'value': '61.6'}, {'type': {'value': 56, 'displayName': 'Zone'}, 'value': 'Center'}]","[91, 119, 117, 30, 35, 38, 216, 218]",True,345516.0,61.6,73.9,,,,,,,,,
2610364033.0,11141,12,,31,71.0,62.1,12,"{'value': 1, 'displayName': 'FirstHalf'}","{'value': 10000, 'displayName': 'OffsideGiven'}","{'value': 0, 'displayName': 'Unsuccessful'}",[],[61],False,141469.0,,,,,,,,,,,
2610352481.0,128,12,0.0,31,61.6,73.8,12,"{'value': 1, 'displayName': 'FirstHalf'}","{'value': 1, 'displayName': 'Pass'}","{'value': 1, 'displayName': 'Successful'}","[{'type': {'value': 178, 'displayName': 'StandingSave'}}, {'type': {'value': 213, 'displayName': 'Angle'}, 'value': '5.99'}, {'type': {'value': 140, 'displayName': 'PassEndX'}, 'value': '76.4'}, {'type': {'value': 141, 'displayName': 'PassEndY'}, 'value': '66.9'}, {'type': {'value': 56, 'displayName': 'Zone'}, 'value': 'Center'}, {'type': {'value': 212, 'displayName': 'Length'}, 'value': '16.2'}]","[91, 119, 117, 30, 205, 36, 38, 217, 218]",True,400815.0,76.4,66.9,,,,,,,,,
2610352487.0,129,12,1.0,31,76.4,66.9,12,"{'value': 1, 'displayName': 'FirstHalf'}","{'value': 1, 'displayName': 'Pass'}","{'value': 0, 'displayName': 'Unsuccessful'}","[{'type': {'value': 212, 'displayName': 'Length'}, 'value': '4.5'}, {'type': {'value': 141, 'displayName': 'PassEndY'}, 'value': '72.6'}, {'type': {'value': 178, 'displayName': 'StandingSave'}}, {'type': {'value': 213, 'displayName': 'Angle'}, 'value': '1.03'}, {'type': {'value': 56, 'displayName': 'Zone'}, 'value': 'Center'}, {'type': {'value': 140, 'displayName': 'PassEndX'}, 'value': '78.6'}]","[91, 120, 29, 36, 37, 217, 218]",True,116317.0,78.6,72.6,,,,,,,,,
2610352499.0,147,12,1.0,29,22.6,36.3,12,"{'value': 1, 'displayName': 'FirstHalf'}","{'value': 49, 'displayName': 'BallRecovery'}","{'value': 1, 'displayName': 'Successful'}",[],[93],False,111372.0,,,,,,,,,,,
2610352529.0,148,12,1.0,29,22.4,33.6,12,"{'value': 1, 'displayName': 'FirstHalf'}","{'value': 1, 'displayName': 'Pass'}","{'value': 0, 'displayName': 'Unsuccessful'}","[{'type': {'value': 213, 'displayName': 'Angle'}, 'value': '0.75'}, {'type': {'value': 141, 'displayName': 'PassEndY'}, 'value': '65.4'}, {'type': {'value': 212, 'displayName': 'Length'}, 'value': '31.9'}, {'type': {'value': 140, 'displayName': 'PassEndX'}, 'value': '44.7'}, {'type': {'value': 56, 'displayName': 'Zone'}, 'value': 'Back'}, {'type': {'value': 178, 'displayName': 'StandingSave'}}, {'type': {'value': 1, 'displayName': 'Longball'}}]","[91, 118, 120, 128, 36, 37, 216, 218]",True,111372.0,44.7,65.4,,,,,,,,,
2610352579.0,130,12,4.0,31,54.7,37.9,12,"{'value': 1, 'displayName': 'FirstHalf'}","{'value': 1, 'displayName': 'Pass'}","{'value': 1, 'displayName': 'Successful'}","[{'type': {'value': 178, 'displayName': 'StandingSave'}}, {'type': {'value': 213, 'displayName': 'Angle'}, 'value': '2.06'}, {'type': {'value': 140, 'displayName': 'PassEndX'}, 'value': '46.4'}, {'type': {'value': 212, 'displayName': 'Length'}, 'value': '18.4'}, {'type': {'value': 141, 'displayName': 'PassEndY'}, 'value': '61.8'}, {'type': {'value': 3, 'displayName': 'HeadPass'}}, {'type': {'value': 56, 'displayName': 'Zone'}, 'value': 'Back'}]","[91, 117, 30, 139, 35, 37, 216, 218]",True,131464.0,46.4,61.8,,,,,,,,,
2610352583.0,131,12,7.0,31,46.4,61.8,12,"{'value': 1, 'displayName': 'FirstHalf'}","{'value': 49, 'displayName': 'BallRecovery'}","{'value': 1, 'displayName': 'Successful'}",[],[93],False,381045.0,,,,,,,,,,,
2610352605.0,132,12,7.0,31,46.4,61.8,12,"{'value': 1, 'displayName': 'FirstHalf'}","{'value': 1, 'displayName': 'Pass'}","{'value': 1, 'displayName': 'Successful'}","[{'type': {'value': 178, 'displayName': 'StandingSave'}}, {'type': {'value': 56, 'displayName': 'Zone'}, 'value': 'Center'}, {'type': {'value': 212, 'displayName': 'Length'}, 'value': '9.3'}, {'type': {'value': 213, 'displayName': 'Angle'}, 'value': '0.25'}, {'type': {'value': 141, 'displayName': 'PassEndY'}, 'value': '65.2'}, {'type': {'value': 140, 'displayName': 'PassEndX'}, 'value': '55.0'}]","[91, 119, 117, 30, 36, 37, 216, 218]",True,381045.0,55.0,65.2,,,,,,,,,
2610352641.0,133,12,9.0,31,54.6,65.2,12,"{'value': 1, 'displayName': 'FirstHalf'}","{'value': 1, 'displayName': 'Pass'}","{'value': 1, 'displayName': 'Successful'}","[{'type': {'value': 213, 'displayName': 'Angle'}, 'value': '3.16'}, {'type': {'value': 140, 'displayName': 'PassEndX'}, 'value': '42.6'}, {'type': {'value': 178, 'displayName': 'StandingSave'}}, {'type': {'value': 141, 'displayName': 'PassEndY'}, 'value': '64.8'}, {'type': {'value': 56, 'displayName': 'Zone'}, 'value': 'Back'}, {'type': {'value': 212, 'displayName': 'Length'}, 'value': '12.6'}]","[91, 117, 30, 35, 38, 216, 218]",True,400815.0,42.6,64.8,,,,,,,,,
2610352685.0,134,12,11.0,31,43.5,64.5,12,"{'value': 1, 'displayName': 'FirstHalf'}","{'value': 1, 'displayName': 'Pass'}","{'value': 1, 'displayName': 'Successful'}","[{'type': {'value': 141, 'displayName': 'PassEndY'}, 'value': '59.0'}, {'type': {'value': 213, 'displayName': 'Angle'}, 'value': '5.94'}, {'type': {'value': 212, 'displayName': 'Length'}, 'value': '11.1'}, {'type': {'value': 140, 'displayName': 'PassEndX'}, 'value': '53.5'}, {'type': {'value': 56, 'displayName': 'Zone'}, 'value': 'Center'}, {'type': {'value': 178, 'displayName': 'StandingSave'}}]","[91, 119, 117, 30, 36, 38, 216, 218]",True,381045.0,53.5,59.0,,,,,,,,,
2610352753.0,135,12,14.0,31,54.5,50.6,12,"{'value': 1, 'displayName': 'FirstHalf'}","{'value': 1, 'displayName': 'Pass'}","{'value': 1, 'displayName': 'Successful'}","[{'type': {'value': 56, 'displayName': 'Zone'}, 'value': 'Center'}, {'type': {'value': 213, 'displayName': 'Angle'}, 'value': '4.66'}, {'type': {'value': 140, 'displayName': 'PassEndX'}, 'value': '53.9'}, {'type': {'value': 178, 'displayName': 'StandingSave'}}, {'type': {'value': 212, 'displayName': 'Length'}, 'value': '12.3'}, {'type': {'value': 141, 'displayName': 'PassEndY'}, 'value': '32.5'}]","[91, 119, 117, 30, 35, 38, 216, 218]",True,400815.0,53.9,32.5,,,,,,,,,
2610352779.0,136,12,18.0,31,53.7,29.1,12,"{'value': 1, 'displayName': 'FirstHalf'}","{'value': 1, 'displayName': 'Pass'}","{'value': 1, 'displayName': 'Successful'}","[{'type': {'value': 212, 'displayName': 'Length'}, 'value': '11.8'}, {'type': {'value': 178, 'displayName': 'StandingSave'}}, {'type': {'value': 56, 'displayName': 'Zone'}, 'value': 'Back'}, {'type': {'value': 141, 'displayName': 'PassEndY'}, 'value': '42.2'}, {'type': {'value': 140, 'displayName': 'PassEndX'}, 'value': '46.3'}, {'type': {'value': 213, 'displayName': 'Angle'}, 'value': '2.29'}]","[91, 117, 30, 35, 37, 216, 218]",True,367781.0,46.3,42.2,,,,,,,,,
2610352827.0,137,12,20.0,31,46.3,42.2,12,"{'value': 1, 'displayName': 'FirstHalf'}","{'value': 1, 'displayName': 'Pass'}","{'value': 1, 'displayName': 'Successful'}","[{'type': {'value': 141, 'displayName': 'PassEndY'}, 'value': '61.4'}, {'type': {'value': 140, 'displayName': 'PassEndX'}, 'value': '58.4'}, {'type': {'value': 212, 'displayName': 'Length'}, 'value': '18.2'}, {'type': {'value': 213, 'displayName': 'Angle'}, 'value': '0.80'}, {'type': {'value': 178, 'displayName': 'StandingSave'}}, {'type': {'value': 56, 'displayName': 'Zone'}, 'value': 'Center'}]","[91, 119, 117, 30, 36, 37, 216, 218]",True,131464.0,58.4,61.4,,,,,,,,,
2610352891.0,138,12,22.0,31,53.8,58.1,12,"{'value': 1, 'displayName': 'FirstHalf'}","{'value': 1, 'displayName': 'Pass'}","{'value': 1, 'displayName': 'Successful'}","[{'type': {'value': 178, 'displayName': 'StandingSave'}}, {'type': {'value': 212, 'displayName': 'Length'}, 'value': '24.0'}, {'type': {'value': 213, 'displayName': 'Angle'}, 'value': '2.36'}, {'type': {'value': 140, 'displayName': 'PassEndX'}, 'value': '37.6'}, {'type': {'value': 56, 'displayName': 'Zone'}, 'value': 'Back'}, {'type': {'value': 141, 'displayName': 'PassEndY'}, 'value': '83.1'}]","[91, 117, 30, 35, 37, 216, 218]",True,116317.0,37.6,83.1,,,,,,,,,
2610352915.0,139,12,26.0,31,39.1,84.7,12,"{'value': 1, 'displayName': 'FirstHalf'}","{'value': 1, 'displayName': 'Pass'}","{'value': 1, 'displayName': 'Successful'}","[{'type': {'value': 213, 'displayName': 'Angle'}, 'value': '5.54'}, {'type': {'value': 212, 'displayName': 'Length'}, 'value': '9.7'}, {'type': {'value': 178, 'displayName': 'StandingSave'}}, {'type': {'value': 141, 'displayName': 'PassEndY'}, 'value': '75.0'}, {'type': {'value': 140, 'displayName': 'PassEndX'}, 'value': '45.9'}, {'type': {'value': 56, 'displayName': 'Zone'}, 'value': 'Back'}]","[91, 117, 30, 36, 38, 216, 218]",True,381045.0,45.9,75.0,,,,,,,,,
2610352955.0,140,12,27.0,31,46.0,75.0,12,"{'value': 1, 'displayName': 'FirstHalf'}","{'value': 1, 'displayName': 'Pass'}","{'value': 1, 'displayName': 'Successful'}","[{'type': {'value': 56, 'displayName': 'Zone'}, 'value': 'Left'}, {'type': {'value': 178, 'displayName': 'StandingSave'}}, {'type': {'value': 141, 'displayName': 'PassEndY'}, 'value': '96.9'}, {'type': {'value': 140, 'displayName': 'PassEndX'}, 'value': '52.1'}, {'type': {'value': 213, 'displayName': 'Angle'}, 'value': '1.16'}, {'type': {'value': 212, 'displayName': 'Length'}, 'value': '16.2'}]","[91, 119, 117, 30, 36, 37, 216, 218]",True,116317.0,52.1,96.9,,,,,,,,,
2610353033.0,141,12,29.0,31,52.1,96.9,12,"{'value': 1, 'displayName': 'FirstHalf'}","{'value': 2, 'displayName': 'OffsidePass'}","{'value': 1, 'displayName': 'Successful'}","[{'type': {'value': 56, 'displayName': 'Zone'}, 'value': 'Center'}, {'type': {'value': 7, 'displayName': 'PlayerCaughtOffside'}, 'value': '141469'}, {'type': {'value': 141, 'displayName': 'PassEndY'}, 'value': '62.1'}, {'type': {'value': 140, 'displayName': 'PassEndX'}, 'value': '71.0'}, {'type': {'value': 178, 'displayName': 'StandingSave'}}]","[91, 217]",True,345516.0,71.0,62.1,,,,,,,,,
2610353027.0,150,12,29.0,29,28.7,43.3,12,"{'value': 1, 'displayName': 'FirstHalf'}","{'value': 55, 'displayName': 'OffsideProvoked'}","{'value': 1, 'displayName': 'Successful'}",[],[62],False,362434.0,,,,,,,,,,,
2610353705.0,151,13,0.0,29,24.3,39.7,13,"{'value': 1, 'displayName': 'FirstHalf'}","{'value': 1, 'displayName': 'Pass'}","{'value': 1, 'displayName': 'Successful'}","[{'type': {'value': 213, 'displayName': 'Angle'}, 'value': '1.34'}, {'type': {'value': 178, 'displayName': 'StandingSave'}}, {'type': {'value': 56, 'displayName': 'Zone'}, 'value': 'Back'}, {'type': {'value': 241, 'displayName': 'IndirectFreekickTaken'}}, {'type': {'value': 140, 'displayName': 'PassEndX'}, 'value': '28.8'}, {'type': {'value': 212, 'displayName': 'Length'}, 'value': '20.5'}, {'type': {'value': 141, 'displayName': 'PassEndY'}, 'value': '69.1'}, {'type': {'value': 5, 'displayName': 'FreekickTaken'}}]","[91, 117, 30, 132, 36, 37, 215, 218]",True,92516.0,28.8,69.1,,,,,,,,,
2610353801.0,152,13,7.0,29,29.0,65.8,13,"{'value': 1, 'displayName': 'FirstHalf'}","{'value': 1, 'displayName': 'Pass'}","{'value': 1, 'displayName': 'Successful'}","[{'type': {'value': 178, 'displayName': 'StandingSave'}}, {'type': {'value': 140, 'displayName': 'PassEndX'}, 'value': '9.3'}, {'type': {'value': 141, 'displayName': 'PassEndY'}, 'value': '51.5'}, {'type': {'value': 56, 'displayName': 'Zone'}, 'value': 'Back'}, {'type': {'value': 213, 'displayName': 'Angle'}, 'value': '3.58'}, {'type': {'value': 212, 'displayName': 'Length'}, 'value': '22.9'}]","[91, 117, 30, 35, 38, 215, 218]",True,362434.0,9.3,51.5,,,,,,,,,
2610353865.0,153,13,10.0,29,9.7,50.4,13,"{'value': 1, 'displayName': 'FirstHalf'}","{'value': 1, 'displayName': 'Pass'}","{'value': 1, 'displayName': 'Successful'}","[{'type': {'value': 212, 'displayName': 'Length'}, 'value': '28.7'}, {'type': {'value': 178, 'displayName': 'StandingSave'}}, {'type': {'value': 213, 'displayName': 'Angle'}, 'value': '5.26'}, {'type': {'value': 140, 'displayName': 'PassEndX'}, 'value': '23.9'}, {'type': {'value': 56, 'displayName': 'Zone'}, 'value': 'Back'}, {'type': {'value': 141, 'displayName': 'PassEndY'}, 'value': '14.3'}]","[91, 117, 30, 36, 38, 215, 218]",True,92516.0,23.9,14.3,,,,,,,,,
2610353989.0,154,13,14.0,29,25.9,15.6,13,"{'value': 1, 'displayName': 'FirstHalf'}","{'value': 1, 'displayName': 'Pass'}","{'value': 1, 'displayName': 'Successful'}","[{'type': {'value': 178, 'displayName': 'StandingSave'}}, {'type': {'value': 56, 'displayName': 'Zone'}, 'value': 'Back'}, {'type': {'value': 213, 'displayName': 'Angle'}, 'value': '1.86'}, {'type': {'value': 140, 'displayName': 'PassEndX'}, 'value': '23.0'}, {'type': {'value': 212, 'displayName': 'Length'}, 'value': '10.6'}, {'type': {'value': 141, 'displayName': 'PassEndY'}, 'value': '30.6'}]","[91, 117, 30, 35, 37, 215, 218]",True,106086.0,23.0,30.6,,,,,,,,,
2610354033.0,155,13,23.0,29,28.7,39.5,13,"{'value': 1, 'displayName': 'FirstHalf'}","{'value': 1, 'displayName': 'Pass'}","{'value': 1, 'displayName': 'Successful'}","[{'type': {'value': 213, 'displayName': 'Angle'}, 'value': '5.24'}, {'type': {'value': 56, 'displayName': 'Zone'}, 'value': 'Back'}, {'type': {'value': 141, 'displayName': 'PassEndY'}, 'value': '5.8'}, {'type': {'value': 178, 'displayName': 'StandingSave'}}, {'type': {'value': 140, 'displayName': 'PassEndX'}, 'value': '41.4'}, {'type': {'value': 212, 'displayName': 'Length'}, 'value': '26.5'}]","[91, 117, 30, 36, 38, 216, 218]",True,322696.0,41.4,5.8,,,,,,,,,
2610354057.0,156,13,25.0,29,41.4,5.8,13,"{'value': 1, 'displayName': 'FirstHalf'}","{'value': 1, 'displayName': 'Pass'}","{'value': 1, 'displayName': 'Successful'}","[{'type': {'value': 213, 'displayName': 'Angle'}, 'value': '3.03'}, {'type': {'value': 212, 'displayName': 'Length'}, 'value': '8.0'}, {'type': {'value': 56, 'displayName': 'Zone'}, 'value': 'Back'}, {'type': {'value': 141, 'displayName': 'PassEndY'}, 'value': '7.1'}, {'type': {'value': 178, 'displayName': 'StandingSave'}}, {'type': {'value': 140, 'displayName': 'PassEndX'}, 'value': '33.8'}]","[91, 117, 30, 35, 37, 216, 218]",True,111372.0,33.8,7.1,,,,,,,,,
2610354137.0,157,13,26.0,29,34.1,7.7,13,"{'value': 1, 'displayName': 'FirstHalf'}","{'value': 1, 'displayName': 'Pass'}","{'value': 0, 'displayName': 'Unsuccessful'}","[{'type': {'value': 178, 'displayName': 'StandingSave'}}, {'type': {'value': 1, 'displayName': 'Longball'}}, {'type': {'value': 141, 'displayName': 'PassEndY'}, 'value': '14.0'}, {'type': {'value': 56, 'displayName': 'Zone'}, 'value': 'Right'}, {'type': {'value': 140, 'displayName': 'PassEndX'}, 'value': '78.4'}, {'type': {'value': 155, 'displayName': 'Chipped'}}, {'type': {'value': 212, 'displayName': 'Length'}, 'value': '46.7'}, {'type': {'value': 213, 'displayName': 'Angle'}, 'value': '0.09'}]","[91, 120, 124, 128, 36, 37, 217, 218]",True,106086.0,78.4,14.0,,,,,,,,,
2610354173.0,142,13,30.0,31,19.8,90.6,13,"{'value': 1, 'displayName': 'FirstHalf'}","{'value': 49, 'displayName': 'BallRecovery'}","{'value': 1, 'displayName': 'Successful'}",[],[93],False,381045.0,,,,,,,,,,,
2610354181.0,143,13,30.0,31,19.8,90.6,13,"{'value': 1, 'displayName': 'FirstHalf'}","{'value': 1, 'displayName': 'Pass'}","{'value': 0, 'displayName': 'Unsuccessful'}","[{'type': {'value': 140, 'displayName': 'PassEndX'}, 'value': '27.9'}, {'type': {'value': 178, 'displayName': 'StandingSave'}}, {'type': {'value': 141, 'displayName': 'PassEndY'}, 'value': '96.8'}, {'type': {'value': 212, 'displayName': 'Length'}, 'value': '9.5'}, {'type': {'value': 56, 'displayName': 'Zone'}, 'value': 'Back'}, {'type': {'value': 213, 'displayName': 'Angle'}, 'value': '0.46'}]","[91, 118, 120, 29, 36, 37, 215, 218]",True,381045.0,27.9,96.8,,,,,,,,,
2610354193.0,158,13,31.0,29,71.3,9.8,13,"{'value': 1, 'displayName': 'FirstHalf'}","{'value': 8, 'displayName': 'Interception'}","{'value': 1, 'displayName': 'Successful'}","[{'type': {'value': 21, 'displayName': 'OtherBodyPart'}}, {'type': {'value': 56, 'displayName': 'Zone'}, 'value': 'Right'}, {'type': {'value': 178, 'displayName': 'StandingSave'}}]","[91, 101, 56]",True,322596.0,,,,,,,,,,,
2610354303.0,144,13,34.0,31,9.1,90.5,13,"{'value': 1, 'displayName': 'FirstHalf'}","{'value': 12, 'displayName': 'Clearance'}","{'value': 1, 'displayName': 'Successful'}","[{'type': {'value': 141, 'displayName': 'PassEndY'}, 'value': '93.1'}, {'type': {'value': 56, 'displayName': 'Zone'}, 'value': 'Back'}, {'type': {'value': 233, 'displayName': 'OppositeRelatedEvent'}, 'value': '159'}, {'type': {'value': 212, 'displayName': 'Length'}, 'value': '1.8'}, {'type': {'value': 178, 'displayName': 'StandingSave'}}, {'type': {'value': 140, 'displayName': 'PassEndX'}, 'value': '9.3'}, {'type': {'value': 213, 'displayName': 'Angle'}, 'value': '1.45'}]","[91, 94, 95, 215]",True,381045.0,9.3,93.1,,,,,,,,,
2610354251.0,159,13,34.0,29,90.2,10.1,13,"{'value': 1, 'displayName': 'FirstHalf'}","{'value': 74, 'displayName': 'BlockedPass'}","{'value': 1, 'displayName': 'Successful'}","[{'type': {'value': 178, 'displayName': 'StandingSave'}}, {'type': {'value': 56, 'displayName': 'Zone'}, 'value': 'Right'}, {'type': {'value': 285, 'displayName': 'Defensive'}}, {'type': {'value': 233, 'displayName': 'OppositeRelatedEvent'}, 'value': '144'}]","[91, 60]",True,322596.0,,,,,,,,,,,
2610354327.0,145,13,36.0,31,7.4,88.1,13,"{'value': 1, 'displayName': 'FirstHalf'}","{'value': 1, 'displayName': 'Pass'}","{'value': 0, 'displayName': 'Unsuccessful'}","[{'type': {'value': 141, 'displayName': 'PassEndY'}, 'value': '100.0'}, {'type': {'value': 213, 'displayName': 'Angle'}, 'value': '0.29'}, {'type': {'value': 212, 'displayName': 'Length'}, 'value': '30.9'}, {'type': {'value': 178, 'displayName': 'StandingSave'}}, {'type': {'value': 56, 'displayName': 'Zone'}, 'value': 'Back'}, {'type': {'value': 140, 'displayName': 'PassEndX'}, 'value': '35.6'}, {'type': {'value': 1, 'displayName': 'Longball'}}]","[91, 118, 120, 128, 36, 37, 216, 218]",True,345516.0,35.6,100.0,,,,,,,,,
2610354969.0,161,14,6.0,29,77.2,0.0,14,"{'value': 1, 'displayName': 'FirstHalf'}","{'value': 1, 'displayName': 'Pass'}","{'value': 1, 'displayName': 'Successful'}","[{'type': {'value': 210, 'displayName': 'ShotAssist'}, 'value': '15'}, {'type': {'value': 140, 'displayName': 'PassEndX'}, 'value': '88.5'}, {'type': {'value': 212, 'displayName': 'Length'}, 'value': '29.8'}, {'type': {'value': 107, 'displayName': 'ThrowIn'}}, {'type': {'value': 56, 'displayName': 'Zone'}, 'value': 'Center'}, {'type': {'value': 154, 'displayName': 'IntentionalAssist'}}, {'type': {'value': 1, 'displayName': 'Longball'}}, {'type': {'value': 141, 'displayName': 'PassEndY'}, 'value': '38.2'}, {'type': {'value': 213, 'displayName': 'Angle'}, 'value': '1.16'}, {'type': {'value': 11113, 'displayName': 'KeyPass'}}]","[91, 212, 123, 39, 45, 36, 37, 217]",True,111372.0,88.5,38.2,,,,,,,,,
2610354997.0,162,14,8.0,29,89.2,33.7,14,"{'value': 1, 'displayName': 'FirstHalf'}","{'value': 44, 'displayName': 'Aerial'}","{'value': 1, 'displayName': 'Successful'}","[{'type': {'value': 286, 'displayName': 'Offensive'}}, {'type': {'value': 233, 'displayName': 'OppositeRelatedEvent'}, 'value': '147'}, {'type': {'value': 56, 'displayName': 'Zone'}, 'value': 'Center'}]","[197, 199]",False,106086.0,,,,,,,,,,,
2610354955.0,147,14,8.0,31,10.8,66.3,14,"{'value': 1, 'displayName': 'FirstHalf'}","{'value': 44, 'displayName': 'Aerial'}","{'value': 0, 'displayName': 'Unsuccessful'}","[{'type': {'value': 56, 'displayName': 'Zone'}, 'value': 'Back'}, {'type': {'value': 285, 'displayName': 'Defensive'}}, {'type': {'value': 233, 'displayName': 'OppositeRelatedEvent'}, 'value': '162'}]","[198, 200]",False,400815.0,,,,,,,,,,,
2610355003.0,163,14,8.0,29,88.2,37.1,14,"{'value': 1, 'displayName': 'FirstHalf'}","{'value': 15, 'displayName': 'SavedShot'}","{'value': 1, 'displayName': 'Successful'}","[{'type': {'value': 147, 'displayName': 'BlockedY'}, 'value': '47.5'}, {'type': {'value': 15, 'displayName': 'Head'}}, {'type': {'value': 103, 'displayName': 'GoalMouthZ'}, 'value': '16.5'}, {'type': {'value': 146, 'displayName': 'BlockedX'}, 'value': '99.1'}, {'type': {'value': 78, 'displayName': 'LowCentre'}}, {'type': {'value': 160, 'displayName': 'ThrowinSetPiece'}}, {'type': {'value': 55, 'displayName': 'RelatedEventId'}, 'value': '161'}, {'type': {'value': 154, 'displayName': 'IntentionalAssist'}}, {'type': {'value': 29, 'displayName': 'Assisted'}}, {'type': {'value': 17, 'displayName': 'BoxCentre'}}, {'type': {'value': 102, 'displayName': 'GoalMouthY'}, 'value': '48.5'}, {'type': {'value': 56, 'displayName': 'Zone'}, 'value': 'Center'}, {'type': {'value': 328, 'displayName': 'FirstTouch'}}, {'type': {'value': 233, 'displayName': 'OppositeRelatedEvent'}, 'value': '148'}]","[91, 9, 10, 1, 5, 14]",True,106086.0,,,161.0,111372.0,99.1,47.5,16.5,48.5,True,,
2610354979.0,148,14,10.0,31,1.4,53.7,14,"{'value': 1, 'displayName': 'FirstHalf'}","{'value': 10, 'displayName': 'Save'}","{'value': 1, 'displayName': 'Successful'}","[{'type': {'value': 177, 'displayName': 'Collected'}}, {'type': {'value': 182, 'displayName': 'Hands'}}, {'type': {'value': 178, 'displayName': 'StandingSave'}}, {'type': {'value': 56, 'displayName': 'Zone'}, 'value': 'Back'}, {'type': {'value': 233, 'displayName': 'OppositeRelatedEvent'}, 'value': '163'}, {'type': {'value': 11115, 'displayName': 'KeeperSaveInTheBox'}}]","[91, 110, 113, 112, 77, 79, 84, 81]",True,110189.0,,,,,,,,,,,
2610354987.0,149,14,10.0,31,1.4,53.7,14,"{'value': 1, 'displayName': 'FirstHalf'}","{'value': 52, 'displayName': 'KeeperPickup'}","{'value': 1, 'displayName': 'Successful'}","[{'type': {'value': 178, 'displayName': 'StandingSave'}}]",[93],False,110189.0,,,,,,,,,,,
2610355815.0,153,14,48.0,31,11.8,64.3,14,"{'value': 1, 'displayName': 'FirstHalf'}","{'value': 52, 'displayName': 'KeeperPickup'}","{'value': 1, 'displayName': 'Successful'}","[{'type': {'value': 178, 'displayName': 'StandingSave'}}]",[93],False,110189.0,,,,,,,,,,,
2610355941.0,154,14,52.0,31,14.7,57.0,14,"{'value': 1, 'displayName': 'FirstHalf'}","{'value': 1, 'displayName': 'Pass'}","{'value': 1, 'displayName': 'Successful'}","[{'type': {'value': 141, 'displayName': 'PassEndY'}, 'value': '9.2'}, {'type': {'value': 212, 'displayName': 'Length'}, 'value': '58.5'}, {'type': {'value': 140, 'displayName': 'PassEndX'}, 'value': '61.0'}, {'type': {'value': 1, 'displayName': 'Longball'}}, {'type': {'value': 213, 'displayName': 'Angle'}, 'value': '5.69'}, {'type': {'value': 56, 'displayName': 'Zone'}, 'value': 'Right'}]","[91, 119, 117, 127, 36, 38, 216, 218]",True,110189.0,61.0,9.2,,,,,,,,,
2610355955.0,155,14,55.0,31,61.0,9.2,14,"{'value': 1, 'displayName': 'FirstHalf'}","{'value': 1, 'displayName': 'Pass'}","{'value': 0, 'displayName': 'Unsuccessful'}","[{'type': {'value': 212, 'displayName': 'Length'}, 'value': '12.1'}, {'type': {'value': 140, 'displayName': 'PassEndX'}, 'value': '70.2'}, {'type': {'value': 3, 'displayName': 'HeadPass'}}, {'type': {'value': 56, 'displayName': 'Zone'}, 'value': 'Right'}, {'type': {'value': 141, 'displayName': 'PassEndY'}, 'value': '0.0'}, {'type': {'value': 213, 'displayName': 'Angle'}, 'value': '5.63'}]","[91, 120, 29, 139, 36, 38, 217, 218]",True,141469.0,70.2,0.0,,,,,,,,,
2610356339.0,168,15,15.0,29,34.6,100.0,15,"{'value': 1, 'displayName': 'FirstHalf'}","{'value': 1, 'displayName': 'Pass'}","{'value': 1, 'displayName': 'Successful'}","[{'type': {'value': 56, 'displayName': 'Zone'}, 'value': 'Back'}, {'type': {'value': 213, 'displayName': 'Angle'}, 'value': '5.86'}, {'type': {'value': 212, 'displayName': 'Length'}, 'value': '11.0'}, {'type': {'value': 140, 'displayName': 'PassEndX'}, 'value': '44.2'}, {'type': {'value': 141, 'displayName': 'PassEndY'}, 'value': '95.4'}, {'type': {'value': 107, 'displayName': 'ThrowIn'}}]","[91, 212, 36, 38, 216]",True,68049.0,44.2,95.4,,,,,,,,,
2610356373.0,169,15,17.0,29,43.8,95.6,15,"{'value': 1, 'displayName': 'FirstHalf'}","{'value': 1, 'displayName': 'Pass'}","{'value': 1, 'displayName': 'Successful'}","[{'type': {'value': 140, 'displayName': 'PassEndX'}, 'value': '35.9'}, {'type': {'value': 141, 'displayName': 'PassEndY'}, 'value': '96.3'}, {'type': {'value': 212, 'displayName': 'Length'}, 'value': '8.3'}, {'type': {'value': 56, 'displayName': 'Zone'}, 'value': 'Back'}, {'type': {'value': 213, 'displayName': 'Angle'}, 'value': '3.08'}, {'type': {'value': 178, 'displayName': 'StandingSave'}}]","[91, 117, 30, 35, 37, 216, 218]",True,69517.0,35.9,96.3,,,,,,,,,
2610356399.0,170,15,18.0,29,35.8,96.3,15,"{'value': 1, 'displayName': 'FirstHalf'}","{'value': 1, 'displayName': 'Pass'}","{'value': 1, 'displayName': 'Successful'}","[{'type': {'value': 178, 'displayName': 'StandingSave'}}, {'type': {'value': 212, 'displayName': 'Length'}, 'value': '10.2'}, {'type': {'value': 141, 'displayName': 'PassEndY'}, 'value': '82.7'}, {'type': {'value': 140, 'displayName': 'PassEndX'}, 'value': '40.0'}, {'type': {'value': 56, 'displayName': 'Zone'}, 'value': 'Back'}, {'type': {'value': 213, 'displayName': 'Angle'}, 'value': '5.16'}]","[91, 117, 30, 36, 38, 216, 218]",True,68049.0,40.0,82.7,,,,,,,,,
2610356433.0,171,15,19.0,29,40.6,82.1,15,"{'value': 1, 'displayName': 'FirstHalf'}","{'value': 1, 'displayName': 'Pass'}","{'value': 0, 'displayName': 'Unsuccessful'}","[{'type': {'value': 56, 'displayName': 'Zone'}, 'value': 'Center'}, {'type': {'value': 3, 'displayName': 'HeadPass'}}, {'type': {'value': 213, 'displayName': 'Angle'}, 'value': '5.79'}, {'type': {'value': 212, 'displayName': 'Length'}, 'value': '18.5'}, {'type': {'value': 140, 'displayName': 'PassEndX'}, 'value': '56.1'}, {'type': {'value': 178, 'displayName': 'StandingSave'}}, {'type': {'value': 141, 'displayName': 'PassEndY'}, 'value': '69.3'}]","[91, 120, 29, 139, 36, 38, 216, 218]",True,322696.0,56.1,69.3,,,,,,,,,
2610356499.0,157,15,21.0,31,45.1,41.0,15,"{'value': 1, 'displayName': 'FirstHalf'}","{'value': 1, 'displayName': 'Pass'}","{'value': 1, 'displayName': 'Successful'}","[{'type': {'value': 140, 'displayName': 'PassEndX'}, 'value': '41.0'}, {'type': {'value': 141, 'displayName': 'PassEndY'}, 'value': '21.3'}, {'type': {'value': 178, 'displayName': 'StandingSave'}}, {'type': {'value': 56, 'displayName': 'Zone'}, 'value': 'Back'}, {'type': {'value': 213, 'displayName': 'Angle'}, 'value': '4.40'}, {'type': {'value': 212, 'displayName': 'Length'}, 'value': '14.1'}, {'type': {'value': 3, 'displayName': 'HeadPass'}}]","[91, 117, 30, 139, 35, 38, 216, 218]",True,345516.0,41.0,21.3,,,,,,,,,
2610356505.0,158,15,23.0,31,41.0,21.3,15,"{'value': 1, 'displayName': 'FirstHalf'}","{'value': 49, 'displayName': 'BallRecovery'}","{'value': 1, 'displayName': 'Successful'}",[],[93],False,131464.0,,,,,,,,,,,
2610356585.0,160,15,24.0,31,39.1,15.6,15,"{'value': 1, 'displayName': 'FirstHalf'}","{'value': 4, 'displayName': 'Foul'}","{'value': 1, 'displayName': 'Successful'}","[{'type': {'value': 13, 'displayName': 'Foul'}}, {'type': {'value': 286, 'displayName': 'Offensive'}}, {'type': {'value': 56, 'displayName': 'Zone'}, 'value': 'Back'}, {'type': {'value': 233, 'displayName': 'OppositeRelatedEvent'}, 'value': '172'}]","[91, 63]",True,131464.0,,,,,,,,,,,
2610356553.0,172,15,24.0,29,60.9,84.4,15,"{'value': 1, 'displayName': 'FirstHalf'}","{'value': 4, 'displayName': 'Foul'}","{'value': 0, 'displayName': 'Unsuccessful'}","[{'type': {'value': 285, 'displayName': 'Defensive'}}, {'type': {'value': 178, 'displayName': 'StandingSave'}}, {'type': {'value': 233, 'displayName': 'OppositeRelatedEvent'}, 'value': '160'}, {'type': {'value': 56, 'displayName': 'Zone'}, 'value': 'Left'}, {'type': {'value': 13, 'displayName': 'Foul'}}]",[64],False,400166.0,,,,,,,,,,,
2610357393.0,161,15,58.0,31,38.3,11.1,15,"{'value': 1, 'displayName': 'FirstHalf'}","{'value': 1, 'displayName': 'Pass'}","{'value': 1, 'displayName': 'Successful'}","[{'type': {'value': 56, 'displayName': 'Zone'}, 'value': 'Center'}, {'type': {'value': 155, 'displayName': 'Chipped'}}, {'type': {'value': 178, 'displayName': 'StandingSave'}}, {'type': {'value': 1, 'displayName': 'Longball'}}, {'type': {'value': 5, 'displayName': 'FreekickTaken'}}, {'type': {'value': 213, 'displayName': 'Angle'}, 'value': '0.47'}, {'type': {'value': 212, 'displayName': 'Length'}, 'value': '54.1'}, {'type': {'value': 141, 'displayName': 'PassEndY'}, 'value': '47.3'}, {'type': {'value': 140, 'displayName': 'PassEndX'}, 'value': '84.2'}]","[91, 119, 117, 124, 127, 132, 205, 36, 37, 217, 218]",True,110189.0,84.2,47.3,,,,,,,,,
2610357407.0,162,16,0.0,31,84.3,47.0,16,"{'value': 1, 'displayName': 'FirstHalf'}","{'value': 1, 'displayName': 'Pass'}","{'value': 0, 'displayName': 'Unsuccessful'}","[{'type': {'value': 141, 'displayName': 'PassEndY'}, 'value': '56.3'}, {'type': {'value': 140, 'displayName': 'PassEndX'}, 'value': '89.6'}, {'type': {'value': 213, 'displayName': 'Angle'}, 'value': '0.85'}, {'type': {'value': 212, 'displayName': 'Length'}, 'value': '8.4'}, {'type': {'value': 3, 'displayName': 'HeadPass'}}, {'type': {'value': 56, 'displayName': 'Zone'}, 'value': 'Center'}]","[91, 120, 29, 139, 36, 37, 217, 218]",True,381045.0,89.6,56.3,,,,,,,,,
2610357439.0,173,16,2.0,29,9.1,48.5,16,"{'value': 1, 'displayName': 'FirstHalf'}","{'value': 12, 'displayName': 'Clearance'}","{'value': 1, 'displayName': 'Successful'}","[{'type': {'value': 56, 'displayName': 'Zone'}, 'value': 'Back'}, {'type': {'value': 178, 'displayName': 'StandingSave'}}, {'type': {'value': 15, 'displayName': 'Head'}}, {'type': {'value': 213, 'displayName': 'Angle'}, 'value': '5.43'}, {'type': {'value': 212, 'displayName': 'Length'}, 'value': '23.7'}, {'type': {'value': 140, 'displayName': 'PassEndX'}, 'value': '23.9'}, {'type': {'value': 141, 'displayName': 'PassEndY'}, 'value': '22.1'}]","[91, 94, 95, 57, 215]",True,362434.0,23.9,22.1,,,,,,,,,
2610357483.0,174,16,6.0,29,24.9,17.6,16,"{'value': 1, 'displayName': 'FirstHalf'}","{'value': 49, 'displayName': 'BallRecovery'}","{'value': 1, 'displayName': 'Successful'}",[],[93],False,322696.0,,,,,,,,,,,
2610357543.0,175,16,9.0,29,25.3,12.8,16,"{'value': 1, 'displayName': 'FirstHalf'}","{'value': 61, 'displayName': 'BallTouch'}","{'value': 0, 'displayName': 'Unsuccessful'}","[{'type': {'value': 56, 'displayName': 'Zone'}, 'value': 'Back'}, {'type': {'value': 178, 'displayName': 'StandingSave'}}]","[91, 69]",True,322696.0,,,,,,,,,,,
2610357585.0,163,16,10.0,31,63.5,89.4,16,"{'value': 1, 'displayName': 'FirstHalf'}","{'value': 49, 'displayName': 'BallRecovery'}","{'value': 1, 'displayName': 'Successful'}",[],[93],False,400815.0,,,,,,,,,,,
2610357605.0,164,16,11.0,31,62.8,89.0,16,"{'value': 1, 'displayName': 'FirstHalf'}","{'value': 1, 'displayName': 'Pass'}","{'value': 1, 'displayName': 'Successful'}","[{'type': {'value': 213, 'displayName': 'Angle'}, 'value': '3.79'}, {'type': {'value': 56, 'displayName': 'Zone'}, 'value': 'Center'}, {'type': {'value': 140, 'displayName': 'PassEndX'}, 'value': '51.9'}, {'type': {'value': 212, 'displayName': 'Length'}, 'value': '14.3'}, {'type': {'value': 141, 'displayName': 'PassEndY'}, 'value': '76.3'}, {'type': {'value': 178, 'displayName': 'StandingSave'}}]","[91, 119, 117, 30, 35, 38, 216, 218]",True,400815.0,51.9,76.3,,,,,,,,,
2610357623.0,165,16,13.0,31,51.9,76.3,16,"{'value': 1, 'displayName': 'FirstHalf'}","{'value': 1, 'displayName': 'Pass'}","{'value': 1, 'displayName': 'Successful'}","[{'type': {'value': 213, 'displayName': 'Angle'}, 'value': '1.39'}, {'type': {'value': 212, 'displayName': 'Length'}, 'value': '10.0'}, {'type': {'value': 178, 'displayName': 'StandingSave'}}, {'type': {'value': 140, 'displayName': 'PassEndX'}, 'value': '53.6'}, {'type': {'value': 56, 'displayName': 'Zone'}, 'value': 'Left'}, {'type': {'value': 141, 'displayName': 'PassEndY'}, 'value': '90.8'}]","[91, 119, 117, 30, 36, 37, 216, 218]",True,131464.0,53.6,90.8,,,,,,,,,
2610357691.0,166,16,15.0,31,53.6,90.8,16,"{'value': 1, 'displayName': 'FirstHalf'}","{'value': 1, 'displayName': 'Pass'}","{'value': 1, 'displayName': 'Successful'}","[{'type': {'value': 212, 'displayName': 'Length'}, 'value': '6.4'}, {'type': {'value': 56, 'displayName': 'Zone'}, 'value': 'Left'}, {'type': {'value': 141, 'displayName': 'PassEndY'}, 'value': '81.5'}, {'type': {'value': 178, 'displayName': 'StandingSave'}}, {'type': {'value': 140, 'displayName': 'PassEndX'}, 'value': '54.2'}, {'type': {'value': 213, 'displayName': 'Angle'}, 'value': '4.81'}]","[91, 119, 117, 30, 36, 38, 216, 218]",True,345516.0,54.2,81.5,,,,,,,,,
2610357735.0,167,16,19.0,31,47.7,77.5,16,"{'value': 1, 'displayName': 'FirstHalf'}","{'value': 1, 'displayName': 'Pass'}","{'value': 1, 'displayName': 'Successful'}","[{'type': {'value': 141, 'displayName': 'PassEndY'}, 'value': '98.3'}, {'type': {'value': 56, 'displayName': 'Zone'}, 'value': 'Left'}, {'type': {'value': 140, 'displayName': 'PassEndX'}, 'value': '53.1'}, {'type': {'value': 178, 'displayName': 'StandingSave'}}, {'type': {'value': 212, 'displayName': 'Length'}, 'value': '15.2'}, {'type': {'value': 213, 'displayName': 'Angle'}, 'value': '1.19'}]","[91, 119, 117, 30, 36, 37, 216, 218]",True,367781.0,53.1,98.3,,,,,,,,,
2610357831.0,168,16,21.0,31,53.2,98.3,16,"{'value': 1, 'displayName': 'FirstHalf'}","{'value': 1, 'displayName': 'Pass'}","{'value': 1, 'displayName': 'Successful'}","[{'type': {'value': 56, 'displayName': 'Zone'}, 'value': 'Left'}, {'type': {'value': 140, 'displayName': 'PassEndX'}, 'value': '72.3'}, {'type': {'value': 178, 'displayName': 'StandingSave'}}, {'type': {'value': 141, 'displayName': 'PassEndY'}, 'value': '96.9'}, {'type': {'value': 155, 'displayName': 'Chipped'}}, {'type': {'value': 212, 'displayName': 'Length'}, 'value': '20.1'}, {'type': {'value': 213, 'displayName': 'Angle'}, 'value': '6.24'}]","[91, 119, 117, 30, 124, 205, 36, 38, 217, 218]",True,345516.0,72.3,96.9,,,,,,,,,
2610357849.0,169,16,25.0,31,73.4,97.3,16,"{'value': 1, 'displayName': 'FirstHalf'}","{'value': 1, 'displayName': 'Pass'}","{'value': 0, 'displayName': 'Unsuccessful'}","[{'type': {'value': 141, 'displayName': 'PassEndY'}, 'value': '97.9'}, {'type': {'value': 178, 'displayName': 'StandingSave'}}, {'type': {'value': 212, 'displayName': 'Length'}, 'value': '9.9'}, {'type': {'value': 213, 'displayName': 'Angle'}, 'value': '3.10'}, {'type': {'value': 56, 'displayName': 'Zone'}, 'value': 'Left'}, {'type': {'value': 140, 'displayName': 'PassEndX'}, 'value': '64.0'}]","[91, 120, 29, 35, 37, 216, 218]",True,141469.0,64.0,97.9,,,,,,,,,
2610357853.0,176,16,27.0,29,32.8,6.2,16,"{'value': 1, 'displayName': 'FirstHalf'}","{'value': 8, 'displayName': 'Interception'}","{'value': 1, 'displayName': 'Successful'}","[{'type': {'value': 178, 'displayName': 'StandingSave'}}, {'type': {'value': 56, 'displayName': 'Zone'}, 'value': 'Back'}]","[91, 101, 56]",True,322596.0,,,,,,,,,,,
2610357873.0,177,16,28.0,29,32.3,6.1,16,"{'value': 1, 'displayName': 'FirstHalf'}","{'value': 49, 'displayName': 'BallRecovery'}","{'value': 1, 'displayName': 'Successful'}",[],[93],False,322596.0,,,,,,,,,,,
2610357899.0,178,16,28.0,29,32.2,6.5,16,"{'value': 1, 'displayName': 'FirstHalf'}","{'value': 1, 'displayName': 'Pass'}","{'value': 1, 'displayName': 'Successful'}","[{'type': {'value': 212, 'displayName': 'Length'}, 'value': '9.5'}, {'type': {'value': 141, 'displayName': 'PassEndY'}, 'value': '20.0'}, {'type': {'value': 178, 'displayName': 'StandingSave'}}, {'type': {'value': 213, 'displayName': 'Angle'}, 'value': '1.84'}, {'type': {'value': 56, 'displayName': 'Zone'}, 'value': 'Back'}, {'type': {'value': 140, 'displayName': 'PassEndX'}, 'value': '29.8'}]","[91, 117, 30, 35, 37, 215, 218]",True,322596.0,29.8,20.0,,,,,,,,,
2610357929.0,179,16,30.0,29,29.3,20.9,16,"{'value': 1, 'displayName': 'FirstHalf'}","{'value': 1, 'displayName': 'Pass'}","{'value': 1, 'displayName': 'Successful'}","[{'type': {'value': 141, 'displayName': 'PassEndY'}, 'value': '46.6'}, {'type': {'value': 56, 'displayName': 'Zone'}, 'value': 'Back'}, {'type': {'value': 212, 'displayName': 'Length'}, 'value': '23.3'}, {'type': {'value': 213, 'displayName': 'Angle'}, 'value': '2.29'}, {'type': {'value': 178, 'displayName': 'StandingSave'}}, {'type': {'value': 140, 'displayName': 'PassEndX'}, 'value': '14.6'}]","[91, 117, 30, 35, 37, 215, 218]",True,322696.0,14.6,46.6,,,,,,,,,
2610358063.0,180,16,36.0,29,31.9,71.4,16,"{'value': 1, 'displayName': 'FirstHalf'}","{'value': 1, 'displayName': 'Pass'}","{'value': 1, 'displayName': 'Successful'}","[{'type': {'value': 141, 'displayName': 'PassEndY'}, 'value': '96.3'}, {'type': {'value': 140, 'displayName': 'PassEndX'}, 'value': '38.3'}, {'type': {'value': 212, 'displayName': 'Length'}, 'value': '18.2'}, {'type': {'value': 213, 'displayName': 'Angle'}, 'value': '1.19'}, {'type': {'value': 56, 'displayName': 'Zone'}, 'value': 'Back'}, {'type': {'value': 178, 'displayName': 'StandingSave'}}]","[91, 117, 30, 36, 37, 216, 218]",True,362434.0,38.3,96.3,,,,,,,,,
2610358129.0,181,16,39.0,29,38.6,91.1,16,"{'value': 1, 'displayName': 'FirstHalf'}","{'value': 1, 'displayName': 'Pass'}","{'value': 1, 'displayName': 'Successful'}","[{'type': {'value': 212, 'displayName': 'Length'}, 'value': '9.6'}, {'type': {'value': 178, 'displayName': 'StandingSave'}}, {'type': {'value': 56, 'displayName': 'Zone'}, 'value': 'Back'}, {'type': {'value': 141, 'displayName': 'PassEndY'}, 'value': '77.6'}, {'type': {'value': 140, 'displayName': 'PassEndX'}, 'value': '41.2'}, {'type': {'value': 213, 'displayName': 'Angle'}, 'value': '5.00'}]","[91, 117, 30, 36, 38, 216, 218]",True,68049.0,41.2,77.6,,,,,,,,,
2610358177.0,182,16,41.0,29,41.0,73.5,16,"{'value': 1, 'displayName': 'FirstHalf'}","{'value': 1, 'displayName': 'Pass'}","{'value': 1, 'displayName': 'Successful'}","[{'type': {'value': 140, 'displayName': 'PassEndX'}, 'value': '32.7'}, {'type': {'value': 213, 'displayName': 'Angle'}, 'value': '4.38'}, {'type': {'value': 56, 'displayName': 'Zone'}, 'value': 'Back'}, {'type': {'value': 141, 'displayName': 'PassEndY'}, 'value': '36.6'}, {'type': {'value': 212, 'displayName': 'Length'}, 'value': '26.6'}, {'type': {'value': 178, 'displayName': 'StandingSave'}}]","[91, 117, 30, 35, 38, 215, 218]",True,105172.0,32.7,36.6,,,,,,,,,
2610358247.0,183,16,44.0,29,32.5,29.3,16,"{'value': 1, 'displayName': 'FirstHalf'}","{'value': 1, 'displayName': 'Pass'}","{'value': 1, 'displayName': 'Successful'}","[{'type': {'value': 140, 'displayName': 'PassEndX'}, 'value': '53.3'}, {'type': {'value': 141, 'displayName': 'PassEndY'}, 'value': '34.5'}, {'type': {'value': 178, 'displayName': 'StandingSave'}}, {'type': {'value': 212, 'displayName': 'Length'}, 'value': '22.1'}, {'type': {'value': 56, 'displayName': 'Zone'}, 'value': 'Center'}, {'type': {'value': 213, 'displayName': 'Angle'}, 'value': '0.16'}]","[91, 119, 117, 30, 36, 37, 216, 218]",True,106086.0,53.3,34.5,,,,,,,,,
2610558665.0,1084,16,46.0,29,53.8,34.3,16,"{'value': 1, 'displayName': 'FirstHalf'}","{'value': 3, 'displayName': 'TakeOn'}","{'value': 0, 'displayName': 'Unsuccessful'}","[{'type': {'value': 178, 'displayName': 'StandingSave'}}, {'type': {'value': 286, 'displayName': 'Offensive'}}, {'type': {'value': 56, 'displayName': 'Zone'}, 'value': 'Center'}]","[91, 53]",True,400166.0,,,,,,,,,,,
2610358255.0,184,16,46.0,29,56.8,36.0,16,"{'value': 1, 'displayName': 'FirstHalf'}","{'value': 4, 'displayName': 'Foul'}","{'value': 1, 'displayName': 'Successful'}","[{'type': {'value': 13, 'displayName': 'Foul'}}, {'type': {'value': 56, 'displayName': 'Zone'}, 'value': 'Center'}, {'type': {'value': 233, 'displayName': 'OppositeRelatedEvent'}, 'value': '171'}, {'type': {'value': 286, 'displayName': 'Offensive'}}]","[91, 63]",True,400166.0,,,,,,,,,,,
2610358263.0,171,16,46.0,31,43.2,64.0,16,"{'value': 1, 'displayName': 'FirstHalf'}","{'value': 4, 'displayName': 'Foul'}","{'value': 0, 'displayName': 'Unsuccessful'}","[{'type': {'value': 285, 'displayName': 'Defensive'}}, {'type': {'value': 13, 'displayName': 'Foul'}}, {'type': {'value': 178, 'displayName': 'StandingSave'}}, {'type': {'value': 233, 'displayName': 'OppositeRelatedEvent'}, 'value': '184'}, {'type': {'value': 56, 'displayName': 'Zone'}, 'value': 'Back'}]",[64],False,381045.0,,,,,,,,,,,
2610358745.0,185,17,10.0,29,55.9,40.9,17,"{'value': 1, 'displayName': 'FirstHalf'}","{'value': 1, 'displayName': 'Pass'}","{'value': 1, 'displayName': 'Successful'}","[{'type': {'value': 5, 'displayName': 'FreekickTaken'}}, {'type': {'value': 212, 'displayName': 'Length'}, 'value': '11.9'}, {'type': {'value': 141, 'displayName': 'PassEndY'}, 'value': '55.1'}, {'type': {'value': 140, 'displayName': 'PassEndX'}, 'value': '62.6'}, {'type': {'value': 178, 'displayName': 'StandingSave'}}, {'type': {'value': 213, 'displayName': 'Angle'}, 'value': '0.94'}, {'type': {'value': 56, 'displayName': 'Zone'}, 'value': 'Center'}]","[91, 119, 117, 30, 132, 36, 37, 216, 218]",True,105172.0,62.6,55.1,,,,,,,,,
2610358771.0,186,17,11.0,29,62.6,55.7,17,"{'value': 1, 'displayName': 'FirstHalf'}","{'value': 1, 'displayName': 'Pass'}","{'value': 1, 'displayName': 'Successful'}","[{'type': {'value': 213, 'displayName': 'Angle'}, 'value': '3.78'}, {'type': {'value': 56, 'displayName': 'Zone'}, 'value': 'Center'}, {'type': {'value': 141, 'displayName': 'PassEndY'}, 'value': '45.1'}, {'type': {'value': 140, 'displayName': 'PassEndX'}, 'value': '53.4'}, {'type': {'value': 178, 'displayName': 'StandingSave'}}, {'type': {'value': 212, 'displayName': 'Length'}, 'value': '12.1'}]","[91, 119, 117, 30, 35, 38, 216, 218]",True,322696.0,53.4,45.1,,,,,,,,,
2610358787.0,187,17,13.0,29,53.1,43.3,17,"{'value': 1, 'displayName': 'FirstHalf'}","{'value': 1, 'displayName': 'Pass'}","{'value': 1, 'displayName': 'Successful'}","[{'type': {'value': 178, 'displayName': 'StandingSave'}}, {'type': {'value': 141, 'displayName': 'PassEndY'}, 'value': '28.5'}, {'type': {'value': 212, 'displayName': 'Length'}, 'value': '12.0'}, {'type': {'value': 140, 'displayName': 'PassEndX'}, 'value': '46.8'}, {'type': {'value': 56, 'displayName': 'Zone'}, 'value': 'Back'}, {'type': {'value': 213, 'displayName': 'Angle'}, 'value': '4.13'}]","[91, 117, 30, 35, 38, 216, 218]",True,105172.0,46.8,28.5,,,,,,,,,
2610358827.0,188,17,15.0,29,46.8,27.6,17,"{'value': 1, 'displayName': 'FirstHalf'}","{'value': 1, 'displayName': 'Pass'}","{'value': 1, 'displayName': 'Successful'}","[{'type': {'value': 178, 'displayName': 'StandingSave'}}, {'type': {'value': 141, 'displayName': 'PassEndY'}, 'value': '10.6'}, {'type': {'value': 140, 'displayName': 'PassEndX'}, 'value': '54.1'}, {'type': {'value': 212, 'displayName': 'Length'}, 'value': '13.9'}, {'type': {'value': 56, 'displayName': 'Zone'}, 'value': 'Right'}, {'type': {'value': 213, 'displayName': 'Angle'}, 'value': '5.30'}]","[91, 119, 117, 30, 36, 38, 216, 218]",True,106086.0,54.1,10.6,,,,,,,,,
2610358867.0,189,17,17.0,29,54.2,12.3,17,"{'value': 1, 'displayName': 'FirstHalf'}","{'value': 1, 'displayName': 'Pass'}","{'value': 1, 'displayName': 'Successful'}","[{'type': {'value': 212, 'displayName': 'Length'}, 'value': '15.6'}, {'type': {'value': 141, 'displayName': 'PassEndY'}, 'value': '23.4'}, {'type': {'value': 178, 'displayName': 'StandingSave'}}, {'type': {'value': 140, 'displayName': 'PassEndX'}, 'value': '41.2'}, {'type': {'value': 56, 'displayName': 'Zone'}, 'value': 'Back'}, {'type': {'value': 213, 'displayName': 'Angle'}, 'value': '2.64'}]","[91, 117, 30, 35, 37, 216, 218]",True,111372.0,41.2,23.4,,,,,,,,,
2610358949.0,190,17,21.0,29,40.1,32.7,17,"{'value': 1, 'displayName': 'FirstHalf'}","{'value': 1, 'displayName': 'Pass'}","{'value': 1, 'displayName': 'Successful'}","[{'type': {'value': 56, 'displayName': 'Zone'}, 'value': 'Back'}, {'type': {'value': 178, 'displayName': 'StandingSave'}}, {'type': {'value': 213, 'displayName': 'Angle'}, 'value': '1.78'}, {'type': {'value': 140, 'displayName': 'PassEndX'}, 'value': '35.1'}, {'type': {'value': 212, 'displayName': 'Length'}, 'value': '25.0'}, {'type': {'value': 141, 'displayName': 'PassEndY'}, 'value': '68.7'}]","[91, 117, 30, 35, 37, 216, 218]",True,106086.0,35.1,68.7,,,,,,,,,
2610358981.0,191,17,24.0,29,37.5,74.5,17,"{'value': 1, 'displayName': 'FirstHalf'}","{'value': 1, 'displayName': 'Pass'}","{'value': 1, 'displayName': 'Successful'}","[{'type': {'value': 141, 'displayName': 'PassEndY'}, 'value': '70.9'}, {'type': {'value': 56, 'displayName': 'Zone'}, 'value': 'Back'}, {'type': {'value': 212, 'displayName': 'Length'}, 'value': '7.6'}, {'type': {'value': 213, 'displayName': 'Angle'}, 'value': '5.96'}, {'type': {'value': 178, 'displayName': 'StandingSave'}}, {'type': {'value': 140, 'displayName': 'PassEndX'}, 'value': '44.4'}]","[91, 117, 30, 36, 38, 216, 218]",True,362434.0,44.4,70.9,,,,,,,,,
2610358995.0,192,17,25.0,29,43.8,72.3,17,"{'value': 1, 'displayName': 'FirstHalf'}","{'value': 1, 'displayName': 'Pass'}","{'value': 1, 'displayName': 'Successful'}","[{'type': {'value': 156, 'displayName': 'LayOff'}}, {'type': {'value': 56, 'displayName': 'Zone'}, 'value': 'Back'}, {'type': {'value': 212, 'displayName': 'Length'}, 'value': '13.6'}, {'type': {'value': 178, 'displayName': 'StandingSave'}}, {'type': {'value': 140, 'displayName': 'PassEndX'}, 'value': '40.1'}, {'type': {'value': 141, 'displayName': 'PassEndY'}, 'value': '91.4'}, {'type': {'value': 213, 'displayName': 'Angle'}, 'value': '1.86'}]","[91, 117, 30, 35, 37, 216, 218]",True,319756.0,40.1,91.4,,,,,,,,,
2610359081.0,193,17,27.0,29,41.1,91.2,17,"{'value': 1, 'displayName': 'FirstHalf'}","{'value': 1, 'displayName': 'Pass'}","{'value': 1, 'displayName': 'Successful'}","[{'type': {'value': 178, 'displayName': 'StandingSave'}}, {'type': {'value': 56, 'displayName': 'Zone'}, 'value': 'Back'}, {'type': {'value': 140, 'displayName': 'PassEndX'}, 'value': '34.4'}, {'type': {'value': 212, 'displayName': 'Length'}, 'value': '22.2'}, {'type': {'value': 213, 'displayName': 'Angle'}, 'value': '4.39'}, {'type': {'value': 141, 'displayName': 'PassEndY'}, 'value': '60.2'}]","[91, 117, 30, 35, 38, 216, 218]",True,68049.0,34.4,60.2,,,,,,,,,
2610359117.0,194,17,30.0,29,39.3,49.7,17,"{'value': 1, 'displayName': 'FirstHalf'}","{'value': 1, 'displayName': 'Pass'}","{'value': 0, 'displayName': 'Unsuccessful'}","[{'type': {'value': 141, 'displayName': 'PassEndY'}, 'value': '29.4'}, {'type': {'value': 178, 'displayName': 'StandingSave'}}, {'type': {'value': 212, 'displayName': 'Length'}, 'value': '39.5'}, {'type': {'value': 140, 'displayName': 'PassEndX'}, 'value': '74.5'}, {'type': {'value': 155, 'displayName': 'Chipped'}}, {'type': {'value': 1, 'displayName': 'Longball'}}, {'type': {'value': 213, 'displayName': 'Angle'}, 'value': '5.93'}, {'type': {'value': 56, 'displayName': 'Zone'}, 'value': 'Center'}]","[91, 120, 124, 128, 36, 38, 217, 218]",True,322696.0,74.5,29.4,,,,,,,,,
2610359155.0,172,17,32.0,31,28.3,75.7,17,"{'value': 1, 'displayName': 'FirstHalf'}","{'value': 49, 'displayName': 'BallRecovery'}","{'value': 1, 'displayName': 'Successful'}",[],[93],False,345516.0,,,,,,,,,,,
2610359211.0,173,17,34.0,31,28.3,75.7,17,"{'value': 1, 'displayName': 'FirstHalf'}","{'value': 1, 'displayName': 'Pass'}","{'value': 1, 'displayName': 'Successful'}","[{'type': {'value': 212, 'displayName': 'Length'}, 'value': '5.9'}, {'type': {'value': 141, 'displayName': 'PassEndY'}, 'value': '72.3'}, {'type': {'value': 213, 'displayName': 'Angle'}, 'value': '5.88'}, {'type': {'value': 56, 'displayName': 'Zone'}, 'value': 'Back'}, {'type': {'value': 178, 'displayName': 'StandingSave'}}, {'type': {'value': 140, 'displayName': 'PassEndX'}, 'value': '33.5'}]","[91, 117, 30, 36, 38, 216, 218]",True,345516.0,33.5,72.3,,,,,,,,,
2610359215.0,174,17,36.0,31,32.2,65.6,17,"{'value': 1, 'displayName': 'FirstHalf'}","{'value': 4, 'displayName': 'Foul'}","{'value': 1, 'displayName': 'Successful'}","[{'type': {'value': 56, 'displayName': 'Zone'}, 'value': 'Back'}, {'type': {'value': 285, 'displayName': 'Defensive'}}, {'type': {'value': 233, 'displayName': 'OppositeRelatedEvent'}, 'value': '195'}, {'type': {'value': 13, 'displayName': 'Foul'}}]","[91, 63]",True,400815.0,,,,,,,,,,,
2610359225.0,195,17,36.0,29,67.8,34.4,17,"{'value': 1, 'displayName': 'FirstHalf'}","{'value': 4, 'displayName': 'Foul'}","{'value': 0, 'displayName': 'Unsuccessful'}","[{'type': {'value': 13, 'displayName': 'Foul'}}, {'type': {'value': 286, 'displayName': 'Offensive'}}, {'type': {'value': 56, 'displayName': 'Zone'}, 'value': 'Center'}, {'type': {'value': 178, 'displayName': 'StandingSave'}}, {'type': {'value': 233, 'displayName': 'OppositeRelatedEvent'}, 'value': '174'}]",[64],False,105172.0,,,,,,,,,,,
2610359639.0,175,17,51.0,31,30.3,55.8,17,"{'value': 1, 'displayName': 'FirstHalf'}","{'value': 1, 'displayName': 'Pass'}","{'value': 1, 'displayName': 'Successful'}","[{'type': {'value': 140, 'displayName': 'PassEndX'}, 'value': '21.3'}, {'type': {'value': 56, 'displayName': 'Zone'}, 'value': 'Back'}, {'type': {'value': 213, 'displayName': 'Angle'}, 'value': '2.94'}, {'type': {'value': 178, 'displayName': 'StandingSave'}}, {'type': {'value': 5, 'displayName': 'FreekickTaken'}}, {'type': {'value': 212, 'displayName': 'Length'}, 'value': '9.7'}, {'type': {'value': 141, 'displayName': 'PassEndY'}, 'value': '58.7'}]","[91, 117, 30, 132, 35, 37, 215, 218]",True,131464.0,21.3,58.7,,,,,,,,,
2610359707.0,176,17,58.0,31,27.8,64.0,17,"{'value': 1, 'displayName': 'FirstHalf'}","{'value': 1, 'displayName': 'Pass'}","{'value': 1, 'displayName': 'Successful'}","[{'type': {'value': 213, 'displayName': 'Angle'}, 'value': '5.65'}, {'type': {'value': 212, 'displayName': 'Length'}, 'value': '51.7'}, {'type': {'value': 56, 'displayName': 'Zone'}, 'value': 'Right'}, {'type': {'value': 1, 'displayName': 'Longball'}}, {'type': {'value': 140, 'displayName': 'PassEndX'}, 'value': '67.6'}, {'type': {'value': 155, 'displayName': 'Chipped'}}, {'type': {'value': 141, 'displayName': 'PassEndY'}, 'value': '19.2'}, {'type': {'value': 178, 'displayName': 'StandingSave'}}]","[91, 119, 117, 124, 127, 205, 36, 38, 217, 218]",True,110189.0,67.6,19.2,,,,,,,,,
2610371325.0,11191,18,,31,87.7,40.0,18,"{'value': 1, 'displayName': 'FirstHalf'}","{'value': 10000, 'displayName': 'OffsideGiven'}","{'value': 0, 'displayName': 'Unsuccessful'}",[],[61],False,141469.0,,,,,,,,,,,
2610359735.0,177,18,1.0,31,67.6,19.2,18,"{'value': 1, 'displayName': 'FirstHalf'}","{'value': 1, 'displayName': 'Pass'}","{'value': 0, 'displayName': 'Unsuccessful'}","[{'type': {'value': 212, 'displayName': 'Length'}, 'value': '21.2'}, {'type': {'value': 3, 'displayName': 'HeadPass'}}, {'type': {'value': 56, 'displayName': 'Zone'}, 'value': 'Right'}, {'type': {'value': 213, 'displayName': 'Angle'}, 'value': '5.97'}, {'type': {'value': 141, 'displayName': 'PassEndY'}, 'value': '9.7'}, {'type': {'value': 140, 'displayName': 'PassEndX'}, 'value': '86.8'}]","[91, 120, 29, 139, 36, 38, 217, 218]",True,141469.0,86.8,9.7,,,,,,,,,
2610359727.0,196,18,3.0,29,12.5,91.2,18,"{'value': 1, 'displayName': 'FirstHalf'}","{'value': 49, 'displayName': 'BallRecovery'}","{'value': 1, 'displayName': 'Successful'}",[],[93],False,68049.0,,,,,,,,,,,
2610359769.0,197,18,3.0,29,13.1,91.8,18,"{'value': 1, 'displayName': 'FirstHalf'}","{'value': 12, 'displayName': 'Clearance'}","{'value': 1, 'displayName': 'Successful'}","[{'type': {'value': 213, 'displayName': 'Angle'}, 'value': '0.51'}, {'type': {'value': 212, 'displayName': 'Length'}, 'value': '13.4'}, {'type': {'value': 56, 'displayName': 'Zone'}, 'value': 'Back'}, {'type': {'value': 141, 'displayName': 'PassEndY'}, 'value': '100.0'}, {'type': {'value': 140, 'displayName': 'PassEndX'}, 'value': '24.2'}, {'type': {'value': 178, 'displayName': 'StandingSave'}}]","[91, 94, 95, 215]",True,68049.0,24.2,100.0,,,,,,,,,
2610359891.0,179,18,8.0,31,68.4,0.0,18,"{'value': 1, 'displayName': 'FirstHalf'}","{'value': 1, 'displayName': 'Pass'}","{'value': 1, 'displayName': 'Successful'}","[{'type': {'value': 140, 'displayName': 'PassEndX'}, 'value': '53.6'}, {'type': {'value': 56, 'displayName': 'Zone'}, 'value': 'Right'}, {'type': {'value': 213, 'displayName': 'Angle'}, 'value': '2.79'}, {'type': {'value': 107, 'displayName': 'ThrowIn'}}, {'type': {'value': 212, 'displayName': 'Length'}, 'value': '16.5'}, {'type': {'value': 141, 'displayName': 'PassEndY'}, 'value': '6.7'}]","[91, 212, 35, 37, 216]",True,396975.0,53.6,6.7,,,,,,,,,
2610359925.0,180,18,12.0,31,48.8,11.3,18,"{'value': 1, 'displayName': 'FirstHalf'}","{'value': 1, 'displayName': 'Pass'}","{'value': 1, 'displayName': 'Successful'}","[{'type': {'value': 140, 'displayName': 'PassEndX'}, 'value': '39.6'}, {'type': {'value': 56, 'displayName': 'Zone'}, 'value': 'Back'}, {'type': {'value': 141, 'displayName': 'PassEndY'}, 'value': '40.6'}, {'type': {'value': 213, 'displayName': 'Angle'}, 'value': '2.02'}, {'type': {'value': 212, 'displayName': 'Length'}, 'value': '22.1'}, {'type': {'value': 178, 'displayName': 'StandingSave'}}]","[91, 117, 30, 35, 37, 216, 218]",True,367781.0,39.6,40.6,,,,,,,,,
2610359987.0,181,18,16.0,31,39.6,40.6,18,"{'value': 1, 'displayName': 'FirstHalf'}","{'value': 1, 'displayName': 'Pass'}","{'value': 1, 'displayName': 'Successful'}","[{'type': {'value': 141, 'displayName': 'PassEndY'}, 'value': '34.0'}, {'type': {'value': 212, 'displayName': 'Length'}, 'value': '9.4'}, {'type': {'value': 178, 'displayName': 'StandingSave'}}, {'type': {'value': 213, 'displayName': 'Angle'}, 'value': '5.79'}, {'type': {'value': 56, 'displayName': 'Zone'}, 'value': 'Back'}, {'type': {'value': 140, 'displayName': 'PassEndX'}, 'value': '47.5'}]","[91, 117, 30, 36, 38, 216, 218]",True,381045.0,47.5,34.0,,,,,,,,,
2610360025.0,182,18,18.0,31,51.9,32.7,18,"{'value': 1, 'displayName': 'FirstHalf'}","{'value': 1, 'displayName': 'Pass'}","{'value': 1, 'displayName': 'Successful'}","[{'type': {'value': 213, 'displayName': 'Angle'}, 'value': '0.50'}, {'type': {'value': 56, 'displayName': 'Zone'}, 'value': 'Center'}, {'type': {'value': 140, 'displayName': 'PassEndX'}, 'value': '61.6'}, {'type': {'value': 141, 'displayName': 'PassEndY'}, 'value': '40.9'}, {'type': {'value': 212, 'displayName': 'Length'}, 'value': '11.6'}, {'type': {'value': 178, 'displayName': 'StandingSave'}}]","[91, 119, 117, 30, 36, 37, 216, 218]",True,400815.0,61.6,40.9,,,,,,,,,
2610360043.0,183,18,20.0,31,61.6,40.9,18,"{'value': 1, 'displayName': 'FirstHalf'}","{'value': 1, 'displayName': 'Pass'}","{'value': 1, 'displayName': 'Successful'}","[{'type': {'value': 141, 'displayName': 'PassEndY'}, 'value': '33.1'}, {'type': {'value': 140, 'displayName': 'PassEndX'}, 'value': '53.6'}, {'type': {'value': 178, 'displayName': 'StandingSave'}}, {'type': {'value': 212, 'displayName': 'Length'}, 'value': '9.9'}, {'type': {'value': 56, 'displayName': 'Zone'}, 'value': 'Center'}, {'type': {'value': 213, 'displayName': 'Angle'}, 'value': '3.70'}]","[91, 119, 117, 30, 35, 38, 216, 218]",True,116317.0,53.6,33.1,,,,,,,,,
2610360059.0,184,18,21.0,31,53.7,33.1,18,"{'value': 1, 'displayName': 'FirstHalf'}","{'value': 1, 'displayName': 'Pass'}","{'value': 1, 'displayName': 'Successful'}","[{'type': {'value': 140, 'displayName': 'PassEndX'}, 'value': '54.9'}, {'type': {'value': 141, 'displayName': 'PassEndY'}, 'value': '18.2'}, {'type': {'value': 212, 'displayName': 'Length'}, 'value': '10.2'}, {'type': {'value': 56, 'displayName': 'Zone'}, 'value': 'Right'}, {'type': {'value': 213, 'displayName': 'Angle'}, 'value': '4.84'}, {'type': {'value': 178, 'displayName': 'StandingSave'}}]","[91, 119, 117, 30, 36, 38, 216, 218]",True,400815.0,54.9,18.2,,,,,,,,,
2610360079.0,185,18,22.0,31,54.9,18.2,18,"{'value': 1, 'displayName': 'FirstHalf'}","{'value': 1, 'displayName': 'Pass'}","{'value': 1, 'displayName': 'Successful'}","[{'type': {'value': 178, 'displayName': 'StandingSave'}}, {'type': {'value': 56, 'displayName': 'Zone'}, 'value': 'Back'}, {'type': {'value': 140, 'displayName': 'PassEndX'}, 'value': '43.8'}, {'type': {'value': 212, 'displayName': 'Length'}, 'value': '13.3'}, {'type': {'value': 141, 'displayName': 'PassEndY'}, 'value': '8.9'}, {'type': {'value': 213, 'displayName': 'Angle'}, 'value': '3.64'}]","[91, 117, 30, 35, 38, 216, 218]",True,367781.0,43.8,8.9,,,,,,,,,
2610360121.0,186,18,23.0,31,43.8,8.9,18,"{'value': 1, 'displayName': 'FirstHalf'}","{'value': 1, 'displayName': 'Pass'}","{'value': 1, 'displayName': 'Successful'}","[{'type': {'value': 213, 'displayName': 'Angle'}, 'value': '0.50'}, {'type': {'value': 140, 'displayName': 'PassEndX'}, 'value': '59.3'}, {'type': {'value': 212, 'displayName': 'Length'}, 'value': '18.5'}, {'type': {'value': 141, 'displayName': 'PassEndY'}, 'value': '21.9'}, {'type': {'value': 56, 'displayName': 'Zone'}, 'value': 'Center'}, {'type': {'value': 178, 'displayName': 'StandingSave'}}]","[91, 119, 117, 30, 36, 37, 216, 218]",True,131464.0,59.3,21.9,,,,,,,,,
2610360157.0,187,18,25.0,31,59.3,21.9,18,"{'value': 1, 'displayName': 'FirstHalf'}","{'value': 1, 'displayName': 'Pass'}","{'value': 1, 'displayName': 'Successful'}","[{'type': {'value': 178, 'displayName': 'StandingSave'}}, {'type': {'value': 140, 'displayName': 'PassEndX'}, 'value': '69.1'}, {'type': {'value': 141, 'displayName': 'PassEndY'}, 'value': '5.0'}, {'type': {'value': 56, 'displayName': 'Zone'}, 'value': 'Right'}, {'type': {'value': 213, 'displayName': 'Angle'}, 'value': '5.44'}, {'type': {'value': 212, 'displayName': 'Length'}, 'value': '15.4'}]","[91, 119, 117, 30, 205, 36, 38, 217, 218]",True,400815.0,69.1,5.0,,,,,,,,,
2610360185.0,188,18,26.0,31,69.8,5.0,18,"{'value': 1, 'displayName': 'FirstHalf'}","{'value': 1, 'displayName': 'Pass'}","{'value': 1, 'displayName': 'Successful'}","[{'type': {'value': 140, 'displayName': 'PassEndX'}, 'value': '71.3'}, {'type': {'value': 213, 'displayName': 'Angle'}, 'value': '1.40'}, {'type': {'value': 178, 'displayName': 'StandingSave'}}, {'type': {'value': 56, 'displayName': 'Zone'}, 'value': 'Right'}, {'type': {'value': 212, 'displayName': 'Length'}, 'value': '9.2'}, {'type': {'value': 141, 'displayName': 'PassEndY'}, 'value': '18.3'}]","[91, 119, 117, 30, 205, 36, 37, 217, 218]",True,396975.0,71.3,18.3,,,,,,,,,
2610360231.0,189,18,27.0,31,71.3,18.3,18,"{'value': 1, 'displayName': 'FirstHalf'}","{'value': 1, 'displayName': 'Pass'}","{'value': 1, 'displayName': 'Successful'}","[{'type': {'value': 212, 'displayName': 'Length'}, 'value': '14.5'}, {'type': {'value': 56, 'displayName': 'Zone'}, 'value': 'Right'}, {'type': {'value': 141, 'displayName': 'PassEndY'}, 'value': '4.4'}, {'type': {'value': 178, 'displayName': 'StandingSave'}}, {'type': {'value': 140, 'displayName': 'PassEndX'}, 'value': '81.8'}, {'type': {'value': 213, 'displayName': 'Angle'}, 'value': '5.57'}]","[91, 119, 117, 30, 205, 36, 38, 217, 218]",True,317896.0,81.8,4.4,,,,,,,,,
2610360291.0,190,18,29.0,31,81.8,4.4,18,"{'value': 1, 'displayName': 'FirstHalf'}","{'value': 1, 'displayName': 'Pass'}","{'value': 1, 'displayName': 'Successful'}","[{'type': {'value': 141, 'displayName': 'PassEndY'}, 'value': '46.7'}, {'type': {'value': 155, 'displayName': 'Chipped'}}, {'type': {'value': 56, 'displayName': 'Zone'}, 'value': 'Center'}, {'type': {'value': 213, 'displayName': 'Angle'}, 'value': '1.44'}, {'type': {'value': 140, 'displayName': 'PassEndX'}, 'value': '85.4'}, {'type': {'value': 212, 'displayName': 'Length'}, 'value': '29.0'}, {'type': {'value': 178, 'displayName': 'StandingSave'}}, {'type': {'value': 20, 'displayName': 'RightFoot'}}, {'type': {'value': 2, 'displayName': 'Cross'}}]","[91, 119, 137, 124, 125, 36, 37, 217, 218]",True,396975.0,85.4,46.7,,,,,,,,,
2610360325.0,191,18,30.0,31,85.4,46.7,18,"{'value': 1, 'displayName': 'FirstHalf'}","{'value': 2, 'displayName': 'OffsidePass'}","{'value': 1, 'displayName': 'Successful'}","[{'type': {'value': 178, 'displayName': 'StandingSave'}}, {'type': {'value': 140, 'displayName': 'PassEndX'}, 'value': '87.7'}, {'type': {'value': 56, 'displayName': 'Zone'}, 'value': 'Center'}, {'type': {'value': 141, 'displayName': 'PassEndY'}, 'value': '40.0'}, {'type': {'value': 7, 'displayName': 'PlayerCaughtOffside'}, 'value': '141469'}]","[91, 217]",True,357427.0,87.7,40.0,,,,,,,,,
2610360343.0,200,18,30.0,29,13.4,52.8,18,"{'value': 1, 'displayName': 'FirstHalf'}","{'value': 55, 'displayName': 'OffsideProvoked'}","{'value': 1, 'displayName': 'Successful'}",[],[62],False,106086.0,,,,,,,,,,,
2610361065.0,204,19,5.0,29,19.4,59.6,19,"{'value': 1, 'displayName': 'FirstHalf'}","{'value': 1, 'displayName': 'Pass'}","{'value': 1, 'displayName': 'Successful'}","[{'type': {'value': 141, 'displayName': 'PassEndY'}, 'value': '65.3'}, {'type': {'value': 241, 'displayName': 'IndirectFreekickTaken'}}, {'type': {'value': 5, 'displayName': 'FreekickTaken'}}, {'type': {'value': 140, 'displayName': 'PassEndX'}, 'value': '24.4'}, {'type': {'value': 56, 'displayName': 'Zone'}, 'value': 'Back'}, {'type': {'value': 178, 'displayName': 'StandingSave'}}, {'type': {'value': 213, 'displayName': 'Angle'}, 'value': '0.64'}, {'type': {'value': 212, 'displayName': 'Length'}, 'value': '6.5'}]","[91, 117, 30, 132, 36, 37, 215, 218]",True,92516.0,24.4,65.3,,,,,,,,,
2610361085.0,205,19,10.0,29,25.7,59.1,19,"{'value': 1, 'displayName': 'FirstHalf'}","{'value': 1, 'displayName': 'Pass'}","{'value': 1, 'displayName': 'Successful'}","[{'type': {'value': 213, 'displayName': 'Angle'}, 'value': '4.81'}, {'type': {'value': 212, 'displayName': 'Length'}, 'value': '23.1'}, {'type': {'value': 178, 'displayName': 'StandingSave'}}, {'type': {'value': 140, 'displayName': 'PassEndX'}, 'value': '27.8'}, {'type': {'value': 56, 'displayName': 'Zone'}, 'value': 'Back'}, {'type': {'value': 141, 'displayName': 'PassEndY'}, 'value': '25.3'}]","[91, 117, 30, 36, 38, 215, 218]",True,362434.0,27.8,25.3,,,,,,,,,
2610361111.0,206,19,12.0,29,27.8,25.3,19,"{'value': 1, 'displayName': 'FirstHalf'}","{'value': 1, 'displayName': 'Pass'}","{'value': 1, 'displayName': 'Successful'}","[{'type': {'value': 178, 'displayName': 'StandingSave'}}, {'type': {'value': 212, 'displayName': 'Length'}, 'value': '15.9'}, {'type': {'value': 56, 'displayName': 'Zone'}, 'value': 'Back'}, {'type': {'value': 141, 'displayName': 'PassEndY'}, 'value': '4.0'}, {'type': {'value': 140, 'displayName': 'PassEndX'}, 'value': '34.1'}, {'type': {'value': 213, 'displayName': 'Angle'}, 'value': '5.14'}]","[91, 117, 30, 36, 38, 216, 218]",True,106086.0,34.1,4.0,,,,,,,,,
2610361203.0,207,19,15.0,29,34.0,3.7,19,"{'value': 1, 'displayName': 'FirstHalf'}","{'value': 1, 'displayName': 'Pass'}","{'value': 1, 'displayName': 'Successful'}","[{'type': {'value': 56, 'displayName': 'Zone'}, 'value': 'Back'}, {'type': {'value': 178, 'displayName': 'StandingSave'}}, {'type': {'value': 212, 'displayName': 'Length'}, 'value': '10.6'}, {'type': {'value': 213, 'displayName': 'Angle'}, 'value': '0.03'}, {'type': {'value': 141, 'displayName': 'PassEndY'}, 'value': '4.1'}, {'type': {'value': 140, 'displayName': 'PassEndX'}, 'value': '44.1'}]","[91, 117, 30, 36, 37, 216, 218]",True,111372.0,44.1,4.1,,,,,,,,,
2610361209.0,208,19,17.0,29,40.4,8.8,19,"{'value': 1, 'displayName': 'FirstHalf'}","{'value': 50, 'displayName': 'Dispossessed'}","{'value': 1, 'displayName': 'Successful'}","[{'type': {'value': 56, 'displayName': 'Zone'}, 'value': 'Back'}, {'type': {'value': 286, 'displayName': 'Offensive'}}, {'type': {'value': 233, 'displayName': 'OppositeRelatedEvent'}, 'value': '195'}]","[91, 70]",True,400166.0,,,,,,,,,,,
2610361265.0,195,19,17.0,31,59.6,91.2,19,"{'value': 1, 'displayName': 'FirstHalf'}","{'value': 7, 'displayName': 'Tackle'}","{'value': 0, 'displayName': 'Unsuccessful'}","[{'type': {'value': 285, 'displayName': 'Defensive'}}, {'type': {'value': 56, 'displayName': 'Zone'}, 'value': 'Left'}, {'type': {'value': 233, 'displayName': 'OppositeRelatedEvent'}, 'value': '208'}, {'type': {'value': 178, 'displayName': 'StandingSave'}}]","[91, 142]",True,400815.0,,,,,,,,,,,
2610361305.0,209,19,21.0,29,35.7,31.9,19,"{'value': 1, 'displayName': 'FirstHalf'}","{'value': 1, 'displayName': 'Pass'}","{'value': 1, 'displayName': 'Successful'}","[{'type': {'value': 178, 'displayName': 'StandingSave'}}, {'type': {'value': 56, 'displayName': 'Zone'}, 'value': 'Back'}, {'type': {'value': 213, 'displayName': 'Angle'}, 'value': '1.79'}, {'type': {'value': 140, 'displayName': 'PassEndX'}, 'value': '29.2'}, {'type': {'value': 212, 'displayName': 'Length'}, 'value': '31.4'}, {'type': {'value': 141, 'displayName': 'PassEndY'}, 'value': '76.9'}]","[91, 117, 30, 35, 37, 215, 218]",True,400166.0,29.2,76.9,,,,,,,,,
2610361357.0,210,19,25.0,29,31.4,88.3,19,"{'value': 1, 'displayName': 'FirstHalf'}","{'value': 1, 'displayName': 'Pass'}","{'value': 1, 'displayName': 'Successful'}","[{'type': {'value': 212, 'displayName': 'Length'}, 'value': '7.2'}, {'type': {'value': 141, 'displayName': 'PassEndY'}, 'value': '98.1'}, {'type': {'value': 178, 'displayName': 'StandingSave'}}, {'type': {'value': 213, 'displayName': 'Angle'}, 'value': '1.20'}, {'type': {'value': 140, 'displayName': 'PassEndX'}, 'value': '33.9'}, {'type': {'value': 56, 'displayName': 'Zone'}, 'value': 'Back'}]","[91, 117, 30, 36, 37, 216, 218]",True,362434.0,33.9,98.1,,,,,,,,,
2610361437.0,211,19,28.0,29,33.3,95.9,19,"{'value': 1, 'displayName': 'FirstHalf'}","{'value': 1, 'displayName': 'Pass'}","{'value': 1, 'displayName': 'Successful'}","[{'type': {'value': 178, 'displayName': 'StandingSave'}}, {'type': {'value': 140, 'displayName': 'PassEndX'}, 'value': '19.8'}, {'type': {'value': 212, 'displayName': 'Length'}, 'value': '16.0'}, {'type': {'value': 56, 'displayName': 'Zone'}, 'value': 'Back'}, {'type': {'value': 141, 'displayName': 'PassEndY'}, 'value': '85.1'}, {'type': {'value': 213, 'displayName': 'Angle'}, 'value': '3.62'}]","[91, 117, 30, 35, 38, 215, 218]",True,68049.0,19.8,85.1,,,,,,,,,
2610361557.0,212,19,33.0,29,24.9,84.8,19,"{'value': 1, 'displayName': 'FirstHalf'}","{'value': 1, 'displayName': 'Pass'}","{'value': 1, 'displayName': 'Successful'}","[{'type': {'value': 140, 'displayName': 'PassEndX'}, 'value': '27.1'}, {'type': {'value': 56, 'displayName': 'Zone'}, 'value': 'Back'}, {'type': {'value': 213, 'displayName': 'Angle'}, 'value': '4.84'}, {'type': {'value': 178, 'displayName': 'StandingSave'}}, {'type': {'value': 141, 'displayName': 'PassEndY'}, 'value': '59.0'}, {'type': {'value': 212, 'displayName': 'Length'}, 'value': '17.7'}]","[91, 117, 30, 36, 38, 215, 218]",True,362434.0,27.1,59.0,,,,,,,,,
2610361601.0,213,19,40.0,29,33.3,51.9,19,"{'value': 1, 'displayName': 'FirstHalf'}","{'value': 1, 'displayName': 'Pass'}","{'value': 1, 'displayName': 'Successful'}","[{'type': {'value': 140, 'displayName': 'PassEndX'}, 'value': '41.6'}, {'type': {'value': 56, 'displayName': 'Zone'}, 'value': 'Back'}, {'type': {'value': 178, 'displayName': 'StandingSave'}}, {'type': {'value': 213, 'displayName': 'Angle'}, 'value': '5.08'}, {'type': {'value': 212, 'displayName': 'Length'}, 'value': '24.5'}, {'type': {'value': 141, 'displayName': 'PassEndY'}, 'value': '18.2'}]","[91, 117, 30, 36, 38, 216, 218]",True,105172.0,41.6,18.2,,,,,,,,,
2610361693.0,214,19,42.0,29,42.3,16.8,19,"{'value': 1, 'displayName': 'FirstHalf'}","{'value': 1, 'displayName': 'Pass'}","{'value': 1, 'displayName': 'Successful'}","[{'type': {'value': 178, 'displayName': 'StandingSave'}}, {'type': {'value': 213, 'displayName': 'Angle'}, 'value': '0.19'}, {'type': {'value': 140, 'displayName': 'PassEndX'}, 'value': '59.6'}, {'type': {'value': 212, 'displayName': 'Length'}, 'value': '18.5'}, {'type': {'value': 141, 'displayName': 'PassEndY'}, 'value': '21.8'}, {'type': {'value': 56, 'displayName': 'Zone'}, 'value': 'Center'}]","[91, 119, 117, 30, 36, 37, 216, 218]",True,106086.0,59.6,21.8,,,,,,,,,
2610361783.0,215,19,46.0,29,58.8,40.3,19,"{'value': 1, 'displayName': 'FirstHalf'}","{'value': 1, 'displayName': 'Pass'}","{'value': 1, 'displayName': 'Successful'}","[{'type': {'value': 140, 'displayName': 'PassEndX'}, 'value': '73.3'}, {'type': {'value': 1, 'displayName': 'Longball'}}, {'type': {'value': 141, 'displayName': 'PassEndY'}, 'value': '93.0'}, {'type': {'value': 178, 'displayName': 'StandingSave'}}, {'type': {'value': 56, 'displayName': 'Zone'}, 'value': 'Left'}, {'type': {'value': 213, 'displayName': 'Angle'}, 'value': '1.17'}, {'type': {'value': 212, 'displayName': 'Length'}, 'value': '38.9'}]","[91, 119, 117, 127, 205, 36, 37, 217, 218]",True,400166.0,73.3,93.0,,,,,,,,,
2610361855.0,216,19,52.0,29,72.2,90.0,19,"{'value': 1, 'displayName': 'FirstHalf'}","{'value': 1, 'displayName': 'Pass'}","{'value': 1, 'displayName': 'Successful'}","[{'type': {'value': 212, 'displayName': 'Length'}, 'value': '13.9'}, {'type': {'value': 56, 'displayName': 'Zone'}, 'value': 'Left'}, {'type': {'value': 178, 'displayName': 'StandingSave'}}, {'type': {'value': 140, 'displayName': 'PassEndX'}, 'value': '85.4'}, {'type': {'value': 213, 'displayName': 'Angle'}, 'value': '6.25'}, {'type': {'value': 141, 'displayName': 'PassEndY'}, 'value': '89.3'}]","[91, 119, 117, 30, 205, 36, 38, 217, 218]",True,68049.0,85.4,89.3,,,,,,,,,
2610361871.0,217,19,55.0,29,88.4,90.3,19,"{'value': 1, 'displayName': 'FirstHalf'}","{'value': 1, 'displayName': 'Pass'}","{'value': 0, 'displayName': 'Unsuccessful'}","[{'type': {'value': 213, 'displayName': 'Angle'}, 'value': '5.97'}, {'type': {'value': 212, 'displayName': 'Length'}, 'value': '0.7'}, {'type': {'value': 286, 'displayName': 'Offensive'}}, {'type': {'value': 140, 'displayName': 'PassEndX'}, 'value': '89.0'}, {'type': {'value': 56, 'displayName': 'Zone'}, 'value': 'Left'}, {'type': {'value': 233, 'displayName': 'OppositeRelatedEvent'}, 'value': '196'}, {'type': {'value': 141, 'displayName': 'PassEndY'}, 'value': '90.0'}, {'type': {'value': 178, 'displayName': 'StandingSave'}}]","[91, 120, 29, 36, 38, 217, 218]",True,69517.0,89.0,90.0,,,,,,,,,
2610361901.0,196,19,55.0,31,11.0,8.8,19,"{'value': 1, 'displayName': 'FirstHalf'}","{'value': 74, 'displayName': 'BlockedPass'}","{'value': 1, 'displayName': 'Successful'}","[{'type': {'value': 178, 'displayName': 'StandingSave'}}, {'type': {'value': 285, 'displayName': 'Defensive'}}, {'type': {'value': 56, 'displayName': 'Zone'}, 'value': 'Back'}, {'type': {'value': 233, 'displayName': 'OppositeRelatedEvent'}, 'value': '217'}]","[91, 60]",True,131464.0,,,,,,,,,,,
2610362047.0,219,20,2.0,29,82.5,100.0,20,"{'value': 1, 'displayName': 'FirstHalf'}","{'value': 1, 'displayName': 'Pass'}","{'value': 1, 'displayName': 'Successful'}","[{'type': {'value': 213, 'displayName': 'Angle'}, 'value': '3.72'}, {'type': {'value': 140, 'displayName': 'PassEndX'}, 'value': '75.5'}, {'type': {'value': 56, 'displayName': 'Zone'}, 'value': 'Left'}, {'type': {'value': 212, 'displayName': 'Length'}, 'value': '8.8'}, {'type': {'value': 107, 'displayName': 'ThrowIn'}}, {'type': {'value': 141, 'displayName': 'PassEndY'}, 'value': '95.0'}]","[91, 212, 35, 38, 217]",True,68049.0,75.5,95.0,,,,,,,,,
2610362063.0,220,20,4.0,29,75.5,94.8,20,"{'value': 1, 'displayName': 'FirstHalf'}","{'value': 1, 'displayName': 'Pass'}","{'value': 1, 'displayName': 'Successful'}","[{'type': {'value': 212, 'displayName': 'Length'}, 'value': '5.2'}, {'type': {'value': 56, 'displayName': 'Zone'}, 'value': 'Left'}, {'type': {'value': 140, 'displayName': 'PassEndX'}, 'value': '79.5'}, {'type': {'value': 178, 'displayName': 'StandingSave'}}, {'type': {'value': 213, 'displayName': 'Angle'}, 'value': '5.64'}, {'type': {'value': 141, 'displayName': 'PassEndY'}, 'value': '90.2'}]","[91, 119, 117, 30, 205, 36, 38, 217, 218]",True,319756.0,79.5,90.2,,,,,,,,,
2610362073.0,221,20,5.0,29,79.5,90.2,20,"{'value': 1, 'displayName': 'FirstHalf'}","{'value': 1, 'displayName': 'Pass'}","{'value': 1, 'displayName': 'Successful'}","[{'type': {'value': 140, 'displayName': 'PassEndX'}, 'value': '75.5'}, {'type': {'value': 213, 'displayName': 'Angle'}, 'value': '2.51'}, {'type': {'value': 178, 'displayName': 'StandingSave'}}, {'type': {'value': 212, 'displayName': 'Length'}, 'value': '5.2'}, {'type': {'value': 56, 'displayName': 'Zone'}, 'value': 'Left'}, {'type': {'value': 141, 'displayName': 'PassEndY'}, 'value': '94.7'}]","[91, 119, 117, 30, 205, 35, 37, 217, 218]",True,322696.0,75.5,94.7,,,,,,,,,
2610362121.0,222,20,6.0,29,75.5,94.7,20,"{'value': 1, 'displayName': 'FirstHalf'}","{'value': 1, 'displayName': 'Pass'}","{'value': 1, 'displayName': 'Successful'}","[{'type': {'value': 178, 'displayName': 'StandingSave'}}, {'type': {'value': 56, 'displayName': 'Zone'}, 'value': 'Left'}, {'type': {'value': 140, 'displayName': 'PassEndX'}, 'value': '63.7'}, {'type': {'value': 213, 'displayName': 'Angle'}, 'value': '3.73'}, {'type': {'value': 212, 'displayName': 'Length'}, 'value': '14.9'}, {'type': {'value': 141, 'displayName': 'PassEndY'}, 'value': '82.6'}]","[91, 119, 117, 30, 35, 38, 216, 218]",True,319756.0,63.7,82.6,,,,,,,,,
2610362187.0,223,20,9.0,29,61.6,79.4,20,"{'value': 1, 'displayName': 'FirstHalf'}","{'value': 1, 'displayName': 'Pass'}","{'value': 1, 'displayName': 'Successful'}","[{'type': {'value': 56, 'displayName': 'Zone'}, 'value': 'Center'}, {'type': {'value': 178, 'displayName': 'StandingSave'}}, {'type': {'value': 213, 'displayName': 'Angle'}, 'value': '3.45'}, {'type': {'value': 140, 'displayName': 'PassEndX'}, 'value': '54.0'}, {'type': {'value': 141, 'displayName': 'PassEndY'}, 'value': '75.6'}, {'type': {'value': 212, 'displayName': 'Length'}, 'value': '8.4'}]","[91, 119, 117, 30, 35, 38, 216, 218]",True,105172.0,54.0,75.6,,,,,,,,,
2610362245.0,224,20,12.0,29,54.4,79.1,20,"{'value': 1, 'displayName': 'FirstHalf'}","{'value': 1, 'displayName': 'Pass'}","{'value': 1, 'displayName': 'Successful'}","[{'type': {'value': 212, 'displayName': 'Length'}, 'value': '10.0'}, {'type': {'value': 56, 'displayName': 'Zone'}, 'value': 'Left'}, {'type': {'value': 178, 'displayName': 'StandingSave'}}, {'type': {'value': 141, 'displayName': 'PassEndY'}, 'value': '92.7'}, {'type': {'value': 213, 'displayName': 'Angle'}, 'value': '1.19'}, {'type': {'value': 140, 'displayName': 'PassEndX'}, 'value': '57.9'}]","[91, 119, 117, 30, 36, 37, 216, 218]",True,362434.0,57.9,92.7,,,,,,,,,
2610362253.0,225,20,15.0,29,59.0,94.6,20,"{'value': 1, 'displayName': 'FirstHalf'}","{'value': 3, 'displayName': 'TakeOn'}","{'value': 0, 'displayName': 'Unsuccessful'}","[{'type': {'value': 286, 'displayName': 'Offensive'}}, {'type': {'value': 178, 'displayName': 'StandingSave'}}, {'type': {'value': 233, 'displayName': 'OppositeRelatedEvent'}, 'value': '198'}, {'type': {'value': 56, 'displayName': 'Zone'}, 'value': 'Left'}]","[91, 53]",True,319756.0,,,,,,,,,,,
2610362289.0,198,20,15.0,31,41.0,5.4,20,"{'value': 1, 'displayName': 'FirstHalf'}","{'value': 7, 'displayName': 'Tackle'}","{'value': 0, 'displayName': 'Unsuccessful'}","[{'type': {'value': 56, 'displayName': 'Zone'}, 'value': 'Back'}, {'type': {'value': 285, 'displayName': 'Defensive'}}, {'type': {'value': 178, 'displayName': 'StandingSave'}}, {'type': {'value': 233, 'displayName': 'OppositeRelatedEvent'}, 'value': '225'}]","[91, 142]",True,317896.0,,,,,,,,,,,
2610362301.0,199,20,17.0,31,44.8,6.2,20,"{'value': 1, 'displayName': 'FirstHalf'}","{'value': 45, 'displayName': 'Challenge'}","{'value': 0, 'displayName': 'Unsuccessful'}","[{'type': {'value': 233, 'displayName': 'OppositeRelatedEvent'}, 'value': '1085'}, {'type': {'value': 56, 'displayName': 'Zone'}, 'value': 'Back'}, {'type': {'value': 285, 'displayName': 'Defensive'}}]",[55],False,317896.0,,,,,,,,,,,
2610563099.0,1085,20,17.0,29,55.2,93.8,20,"{'value': 1, 'displayName': 'FirstHalf'}","{'value': 3, 'displayName': 'TakeOn'}","{'value': 1, 'displayName': 'Successful'}","[{'type': {'value': 56, 'displayName': 'Zone'}, 'value': 'Left'}, {'type': {'value': 233, 'displayName': 'OppositeRelatedEvent'}, 'value': '199'}, {'type': {'value': 286, 'displayName': 'Offensive'}}, {'type': {'value': 178, 'displayName': 'StandingSave'}}]","[91, 54]",True,319756.0,,,,,,,,,,,
2610362351.0,226,20,20.0,29,57.0,90.7,20,"{'value': 1, 'displayName': 'FirstHalf'}","{'value': 50, 'displayName': 'Dispossessed'}","{'value': 1, 'displayName': 'Successful'}","[{'type': {'value': 286, 'displayName': 'Offensive'}}, {'type': {'value': 56, 'displayName': 'Zone'}, 'value': 'Left'}, {'type': {'value': 233, 'displayName': 'OppositeRelatedEvent'}, 'value': '200'}]","[91, 70]",True,319756.0,,,,,,,,,,,
2610362363.0,200,20,20.0,31,43.0,9.3,20,"{'value': 1, 'displayName': 'FirstHalf'}","{'value': 7, 'displayName': 'Tackle'}","{'value': 0, 'displayName': 'Unsuccessful'}","[{'type': {'value': 233, 'displayName': 'OppositeRelatedEvent'}, 'value': '226'}, {'type': {'value': 56, 'displayName': 'Zone'}, 'value': 'Back'}, {'type': {'value': 285, 'displayName': 'Defensive'}}, {'type': {'value': 178, 'displayName': 'StandingSave'}}]","[91, 142]",True,367781.0,,,,,,,,,,,
2610362355.0,227,20,20.0,29,54.1,92.0,20,"{'value': 1, 'displayName': 'FirstHalf'}","{'value': 61, 'displayName': 'BallTouch'}","{'value': 1, 'displayName': 'Successful'}","[{'type': {'value': 56, 'displayName': 'Zone'}, 'value': 'Left'}, {'type': {'value': 178, 'displayName': 'StandingSave'}}]",[91],True,319756.0,,,,,,,,,,,
2610362405.0,228,20,22.0,29,50.9,90.6,20,"{'value': 1, 'displayName': 'FirstHalf'}","{'value': 1, 'displayName': 'Pass'}","{'value': 1, 'displayName': 'Successful'}","[{'type': {'value': 56, 'displayName': 'Zone'}, 'value': 'Left'}, {'type': {'value': 141, 'displayName': 'PassEndY'}, 'value': '94.8'}, {'type': {'value': 212, 'displayName': 'Length'}, 'value': '5.7'}, {'type': {'value': 140, 'displayName': 'PassEndX'}, 'value': '55.6'}, {'type': {'value': 178, 'displayName': 'StandingSave'}}, {'type': {'value': 213, 'displayName': 'Angle'}, 'value': '0.52'}]","[91, 119, 117, 30, 36, 37, 216, 218]",True,322696.0,55.6,94.8,,,,,,,,,
2610362429.0,229,20,23.0,29,55.6,94.8,20,"{'value': 1, 'displayName': 'FirstHalf'}","{'value': 1, 'displayName': 'Pass'}","{'value': 1, 'displayName': 'Successful'}","[{'type': {'value': 213, 'displayName': 'Angle'}, 'value': '3.39'}, {'type': {'value': 212, 'displayName': 'Length'}, 'value': '12.0'}, {'type': {'value': 178, 'displayName': 'StandingSave'}}, {'type': {'value': 141, 'displayName': 'PassEndY'}, 'value': '90.5'}, {'type': {'value': 140, 'displayName': 'PassEndX'}, 'value': '44.5'}, {'type': {'value': 56, 'displayName': 'Zone'}, 'value': 'Back'}]","[91, 117, 30, 35, 38, 216, 218]",True,68049.0,44.5,90.5,,,,,,,,,
2610362503.0,230,20,25.0,29,42.0,90.2,20,"{'value': 1, 'displayName': 'FirstHalf'}","{'value': 1, 'displayName': 'Pass'}","{'value': 1, 'displayName': 'Successful'}","[{'type': {'value': 213, 'displayName': 'Angle'}, 'value': '4.65'}, {'type': {'value': 141, 'displayName': 'PassEndY'}, 'value': '25.3'}, {'type': {'value': 212, 'displayName': 'Length'}, 'value': '44.2'}, {'type': {'value': 56, 'displayName': 'Zone'}, 'value': 'Back'}, {'type': {'value': 178, 'displayName': 'StandingSave'}}, {'type': {'value': 140, 'displayName': 'PassEndX'}, 'value': '39.4'}, {'type': {'value': 1, 'displayName': 'Longball'}}]","[91, 117, 127, 35, 38, 216, 218]",True,322696.0,39.4,25.3,,,,,,,,,
2610362567.0,231,20,30.0,29,40.0,23.3,20,"{'value': 1, 'displayName': 'FirstHalf'}","{'value': 1, 'displayName': 'Pass'}","{'value': 1, 'displayName': 'Successful'}","[{'type': {'value': 213, 'displayName': 'Angle'}, 'value': '5.76'}, {'type': {'value': 178, 'displayName': 'StandingSave'}}, {'type': {'value': 56, 'displayName': 'Zone'}, 'value': 'Right'}, {'type': {'value': 140, 'displayName': 'PassEndX'}, 'value': '60.7'}, {'type': {'value': 212, 'displayName': 'Length'}, 'value': '25.1'}, {'type': {'value': 141, 'displayName': 'PassEndY'}, 'value': '4.9'}]","[91, 119, 117, 30, 36, 38, 216, 218]",True,106086.0,60.7,4.9,,,,,,,,,
2610362591.0,232,20,33.0,29,63.5,7.4,20,"{'value': 1, 'displayName': 'FirstHalf'}","{'value': 1, 'displayName': 'Pass'}","{'value': 1, 'displayName': 'Successful'}","[{'type': {'value': 178, 'displayName': 'StandingSave'}}, {'type': {'value': 141, 'displayName': 'PassEndY'}, 'value': '29.4'}, {'type': {'value': 213, 'displayName': 'Angle'}, 'value': '2.08'}, {'type': {'value': 212, 'displayName': 'Length'}, 'value': '17.1'}, {'type': {'value': 140, 'displayName': 'PassEndX'}, 'value': '55.6'}, {'type': {'value': 56, 'displayName': 'Zone'}, 'value': 'Center'}]","[91, 119, 117, 30, 35, 37, 216, 218]",True,111372.0,55.6,29.4,,,,,,,,,
2610362629.0,233,20,34.0,29,55.3,30.6,20,"{'value': 1, 'displayName': 'FirstHalf'}","{'value': 1, 'displayName': 'Pass'}","{'value': 1, 'displayName': 'Successful'}","[{'type': {'value': 140, 'displayName': 'PassEndX'}, 'value': '62.3'}, {'type': {'value': 213, 'displayName': 'Angle'}, 'value': '0.83'}, {'type': {'value': 56, 'displayName': 'Zone'}, 'value': 'Center'}, {'type': {'value': 178, 'displayName': 'StandingSave'}}, {'type': {'value': 212, 'displayName': 'Length'}, 'value': '10.9'}, {'type': {'value': 141, 'displayName': 'PassEndY'}, 'value': '42.5'}]","[91, 119, 117, 30, 36, 37, 216, 218]",True,105172.0,62.3,42.5,,,,,,,,,
2610362657.0,234,20,36.0,29,63.6,46.9,20,"{'value': 1, 'displayName': 'FirstHalf'}","{'value': 1, 'displayName': 'Pass'}","{'value': 1, 'displayName': 'Successful'}","[{'type': {'value': 213, 'displayName': 'Angle'}, 'value': '1.72'}, {'type': {'value': 212, 'displayName': 'Length'}, 'value': '21.3'}, {'type': {'value': 56, 'displayName': 'Zone'}, 'value': 'Center'}, {'type': {'value': 141, 'displayName': 'PassEndY'}, 'value': '77.9'}, {'type': {'value': 178, 'displayName': 'StandingSave'}}, {'type': {'value': 140, 'displayName': 'PassEndX'}, 'value': '60.5'}]","[91, 119, 117, 30, 35, 37, 216, 218]",True,69517.0,60.5,77.9,,,,,,,,,
2610362707.0,235,20,39.0,29,60.6,78.4,20,"{'value': 1, 'displayName': 'FirstHalf'}","{'value': 1, 'displayName': 'Pass'}","{'value': 1, 'displayName': 'Successful'}","[{'type': {'value': 212, 'displayName': 'Length'}, 'value': '13.9'}, {'type': {'value': 213, 'displayName': 'Angle'}, 'value': '1.03'}, {'type': {'value': 56, 'displayName': 'Zone'}, 'value': 'Left'}, {'type': {'value': 178, 'displayName': 'StandingSave'}}, {'type': {'value': 141, 'displayName': 'PassEndY'}, 'value': '96.0'}, {'type': {'value': 140, 'displayName': 'PassEndX'}, 'value': '67.4'}]","[91, 119, 117, 30, 205, 36, 37, 217, 218]",True,322696.0,67.4,96.0,,,,,,,,,
2610362725.0,236,20,42.0,29,67.6,95.7,20,"{'value': 1, 'displayName': 'FirstHalf'}","{'value': 1, 'displayName': 'Pass'}","{'value': 0, 'displayName': 'Unsuccessful'}","[{'type': {'value': 213, 'displayName': 'Angle'}, 'value': '0.29'}, {'type': {'value': 178, 'displayName': 'StandingSave'}}, {'type': {'value': 56, 'displayName': 'Zone'}, 'value': 'Left'}, {'type': {'value': 140, 'displayName': 'PassEndX'}, 'value': '80.7'}, {'type': {'value': 141, 'displayName': 'PassEndY'}, 'value': '100.0'}, {'type': {'value': 212, 'displayName': 'Length'}, 'value': '14.3'}]","[91, 120, 29, 36, 37, 217, 218]",True,68049.0,80.7,100.0,,,,,,,,,
2610363061.0,202,20,58.0,31,21.8,0.0,20,"{'value': 1, 'displayName': 'FirstHalf'}","{'value': 1, 'displayName': 'Pass'}","{'value': 1, 'displayName': 'Successful'}","[{'type': {'value': 213, 'displayName': 'Angle'}, 'value': '0.31'}, {'type': {'value': 212, 'displayName': 'Length'}, 'value': '13.4'}, {'type': {'value': 140, 'displayName': 'PassEndX'}, 'value': '34.0'}, {'type': {'value': 56, 'displayName': 'Zone'}, 'value': 'Back'}, {'type': {'value': 107, 'displayName': 'ThrowIn'}}, {'type': {'value': 141, 'displayName': 'PassEndY'}, 'value': '4.7'}]","[91, 212, 36, 37, 216]",True,396975.0,34.0,4.7,,,,,,,,,
2610363081.0,203,20,59.0,31,34.0,4.7,20,"{'value': 1, 'displayName': 'FirstHalf'}","{'value': 1, 'displayName': 'Pass'}","{'value': 1, 'displayName': 'Successful'}","[{'type': {'value': 213, 'displayName': 'Angle'}, 'value': '3.19'}, {'type': {'value': 141, 'displayName': 'PassEndY'}, 'value': '4.0'}, {'type': {'value': 212, 'displayName': 'Length'}, 'value': '9.4'}, {'type': {'value': 56, 'displayName': 'Zone'}, 'value': 'Back'}, {'type': {'value': 140, 'displayName': 'PassEndX'}, 'value': '25.1'}]","[91, 117, 30, 35, 38, 215, 218]",True,317896.0,25.1,4.0,,,,,,,,,
2610363109.0,204,21,0.0,31,25.1,4.0,21,"{'value': 1, 'displayName': 'FirstHalf'}","{'value': 1, 'displayName': 'Pass'}","{'value': 0, 'displayName': 'Unsuccessful'}","[{'type': {'value': 212, 'displayName': 'Length'}, 'value': '31.4'}, {'type': {'value': 56, 'displayName': 'Zone'}, 'value': 'Right'}, {'type': {'value': 140, 'displayName': 'PassEndX'}, 'value': '54.6'}, {'type': {'value': 141, 'displayName': 'PassEndY'}, 'value': '11.4'}, {'type': {'value': 155, 'displayName': 'Chipped'}}, {'type': {'value': 178, 'displayName': 'StandingSave'}}, {'type': {'value': 213, 'displayName': 'Angle'}, 'value': '0.16'}]","[91, 120, 29, 124, 36, 37, 216, 218]",True,396975.0,54.6,11.4,,,,,,,,,
2610363099.0,238,21,3.0,29,43.2,87.1,21,"{'value': 1, 'displayName': 'FirstHalf'}","{'value': 44, 'displayName': 'Aerial'}","{'value': 1, 'displayName': 'Successful'}","[{'type': {'value': 233, 'displayName': 'OppositeRelatedEvent'}, 'value': '205'}, {'type': {'value': 285, 'displayName': 'Defensive'}}, {'type': {'value': 56, 'displayName': 'Zone'}, 'value': 'Back'}]","[197, 200]",False,362434.0,,,,,,,,,,,
2610363115.0,205,21,3.0,31,56.8,12.9,21,"{'value': 1, 'displayName': 'FirstHalf'}","{'value': 44, 'displayName': 'Aerial'}","{'value': 0, 'displayName': 'Unsuccessful'}","[{'type': {'value': 233, 'displayName': 'OppositeRelatedEvent'}, 'value': '238'}, {'type': {'value': 56, 'displayName': 'Zone'}, 'value': 'Right'}, {'type': {'value': 286, 'displayName': 'Offensive'}}]","[198, 199]",False,141469.0,,,,,,,,,,,
2610363143.0,239,21,4.0,29,41.5,84.5,21,"{'value': 1, 'displayName': 'FirstHalf'}","{'value': 1, 'displayName': 'Pass'}","{'value': 1, 'displayName': 'Successful'}","[{'type': {'value': 212, 'displayName': 'Length'}, 'value': '19.4'}, {'type': {'value': 141, 'displayName': 'PassEndY'}, 'value': '74.2'}, {'type': {'value': 213, 'displayName': 'Angle'}, 'value': '5.91'}, {'type': {'value': 56, 'displayName': 'Zone'}, 'value': 'Center'}, {'type': {'value': 3, 'displayName': 'HeadPass'}}, {'type': {'value': 140, 'displayName': 'PassEndX'}, 'value': '58.7'}]","[91, 119, 117, 30, 139, 36, 38, 216, 218]",True,362434.0,58.7,74.2,,,,,,,,,
2610363165.0,240,21,5.0,29,56.4,79.6,21,"{'value': 1, 'displayName': 'FirstHalf'}","{'value': 49, 'displayName': 'BallRecovery'}","{'value': 1, 'displayName': 'Successful'}",[],[93],False,400166.0,,,,,,,,,,,
2610363225.0,241,21,6.0,29,53.5,83.8,21,"{'value': 1, 'displayName': 'FirstHalf'}","{'value': 1, 'displayName': 'Pass'}","{'value': 1, 'displayName': 'Successful'}","[{'type': {'value': 141, 'displayName': 'PassEndY'}, 'value': '94.8'}, {'type': {'value': 56, 'displayName': 'Zone'}, 'value': 'Back'}, {'type': {'value': 178, 'displayName': 'StandingSave'}}, {'type': {'value': 213, 'displayName': 'Angle'}, 'value': '2.31'}, {'type': {'value': 140, 'displayName': 'PassEndX'}, 'value': '47.0'}, {'type': {'value': 212, 'displayName': 'Length'}, 'value': '10.1'}]","[91, 117, 30, 35, 37, 216, 218]",True,400166.0,47.0,94.8,,,,,,,,,
2610363271.0,242,21,9.0,29,44.3,92.4,21,"{'value': 1, 'displayName': 'FirstHalf'}","{'value': 1, 'displayName': 'Pass'}","{'value': 1, 'displayName': 'Successful'}","[{'type': {'value': 178, 'displayName': 'StandingSave'}}, {'type': {'value': 213, 'displayName': 'Angle'}, 'value': '4.25'}, {'type': {'value': 141, 'displayName': 'PassEndY'}, 'value': '57.2'}, {'type': {'value': 56, 'displayName': 'Zone'}, 'value': 'Back'}, {'type': {'value': 140, 'displayName': 'PassEndX'}, 'value': '32.9'}, {'type': {'value': 212, 'displayName': 'Length'}, 'value': '26.8'}]","[91, 117, 30, 35, 38, 215, 218]",True,68049.0,32.9,57.2,,,,,,,,,
2610363323.0,243,21,12.0,29,32.6,54.0,21,"{'value': 1, 'displayName': 'FirstHalf'}","{'value': 1, 'displayName': 'Pass'}","{'value': 1, 'displayName': 'Successful'}","[{'type': {'value': 212, 'displayName': 'Length'}, 'value': '16.9'}, {'type': {'value': 141, 'displayName': 'PassEndY'}, 'value': '32.5'}, {'type': {'value': 56, 'displayName': 'Zone'}, 'value': 'Back'}, {'type': {'value': 178, 'displayName': 'StandingSave'}}, {'type': {'value': 213, 'displayName': 'Angle'}, 'value': '5.24'}, {'type': {'value': 140, 'displayName': 'PassEndX'}, 'value': '40.7'}]","[91, 117, 30, 36, 38, 216, 218]",True,106086.0,40.7,32.5,,,,,,,,,
2610363425.0,244,21,15.0,29,42.8,27.0,21,"{'value': 1, 'displayName': 'FirstHalf'}","{'value': 1, 'displayName': 'Pass'}","{'value': 1, 'displayName': 'Successful'}","[{'type': {'value': 140, 'displayName': 'PassEndX'}, 'value': '47.0'}, {'type': {'value': 213, 'displayName': 'Angle'}, 'value': '5.03'}, {'type': {'value': 56, 'displayName': 'Zone'}, 'value': 'Back'}, {'type': {'value': 141, 'displayName': 'PassEndY'}, 'value': '7.1'}, {'type': {'value': 178, 'displayName': 'StandingSave'}}, {'type': {'value': 212, 'displayName': 'Length'}, 'value': '14.2'}]","[91, 117, 30, 36, 38, 216, 218]",True,105172.0,47.0,7.1,,,,,,,,,
2610363513.0,245,21,20.0,29,54.6,7.9,21,"{'value': 1, 'displayName': 'FirstHalf'}","{'value': 1, 'displayName': 'Pass'}","{'value': 1, 'displayName': 'Successful'}","[{'type': {'value': 141, 'displayName': 'PassEndY'}, 'value': '17.7'}, {'type': {'value': 178, 'displayName': 'StandingSave'}}, {'type': {'value': 56, 'displayName': 'Zone'}, 'value': 'Back'}, {'type': {'value': 140, 'displayName': 'PassEndX'}, 'value': '37.2'}, {'type': {'value': 212, 'displayName': 'Length'}, 'value': '19.4'}, {'type': {'value': 213, 'displayName': 'Angle'}, 'value': '2.79'}]","[91, 117, 30, 35, 37, 216, 218]",True,111372.0,37.2,17.7,,,,,,,,,
2610363599.0,246,21,24.0,29,38.6,20.9,21,"{'value': 1, 'displayName': 'FirstHalf'}","{'value': 1, 'displayName': 'Pass'}","{'value': 1, 'displayName': 'Successful'}","[{'type': {'value': 212, 'displayName': 'Length'}, 'value': '29.1'}, {'type': {'value': 56, 'displayName': 'Zone'}, 'value': 'Back'}, {'type': {'value': 141, 'displayName': 'PassEndY'}, 'value': '62.7'}, {'type': {'value': 178, 'displayName': 'StandingSave'}}, {'type': {'value': 140, 'displayName': 'PassEndX'}, 'value': '32.8'}, {'type': {'value': 213, 'displayName': 'Angle'}, 'value': '1.78'}]","[91, 117, 30, 35, 37, 215, 218]",True,106086.0,32.8,62.7,,,,,,,,,
2610363647.0,247,21,28.0,29,38.5,66.3,21,"{'value': 1, 'displayName': 'FirstHalf'}","{'value': 1, 'displayName': 'Pass'}","{'value': 0, 'displayName': 'Unsuccessful'}","[{'type': {'value': 155, 'displayName': 'Chipped'}}, {'type': {'value': 1, 'displayName': 'Longball'}}, {'type': {'value': 178, 'displayName': 'StandingSave'}}, {'type': {'value': 140, 'displayName': 'PassEndX'}, 'value': '80.0'}, {'type': {'value': 141, 'displayName': 'PassEndY'}, 'value': '18.3'}, {'type': {'value': 213, 'displayName': 'Angle'}, 'value': '5.64'}, {'type': {'value': 212, 'displayName': 'Length'}, 'value': '54.4'}, {'type': {'value': 56, 'displayName': 'Zone'}, 'value': 'Right'}]","[91, 120, 124, 128, 36, 38, 217, 218]",True,362434.0,80.0,18.3,,,,,,,,,
2610363687.0,207,21,31.0,31,21.6,78.1,21,"{'value': 1, 'displayName': 'FirstHalf'}","{'value': 12, 'displayName': 'Clearance'}","{'value': 1, 'displayName': 'Successful'}","[{'type': {'value': 213, 'displayName': 'Angle'}, 'value': '2.46'}, {'type': {'value': 212, 'displayName': 'Length'}, 'value': '25.6'}, {'type': {'value': 56, 'displayName': 'Zone'}, 'value': 'Back'}, {'type': {'value': 15, 'displayName': 'Head'}}, {'type': {'value': 140, 'displayName': 'PassEndX'}, 'value': '2.7'}, {'type': {'value': 141, 'displayName': 'PassEndY'}, 'value': '100.0'}]","[91, 94, 95, 57, 215]",True,345516.0,2.7,100.0,,,,,,,,,
2610363785.0,249,21,38.0,29,92.0,0.0,21,"{'value': 1, 'displayName': 'FirstHalf'}","{'value': 1, 'displayName': 'Pass'}","{'value': 1, 'displayName': 'Successful'}","[{'type': {'value': 107, 'displayName': 'ThrowIn'}}, {'type': {'value': 212, 'displayName': 'Length'}, 'value': '12.3'}, {'type': {'value': 213, 'displayName': 'Angle'}, 'value': '2.47'}, {'type': {'value': 141, 'displayName': 'PassEndY'}, 'value': '9.2'}, {'type': {'value': 56, 'displayName': 'Zone'}, 'value': 'Right'}, {'type': {'value': 140, 'displayName': 'PassEndX'}, 'value': '82.8'}]","[91, 212, 35, 37, 217]",True,111372.0,82.8,9.2,,,,,,,,,
2610363799.0,250,21,39.0,29,82.8,9.2,21,"{'value': 1, 'displayName': 'FirstHalf'}","{'value': 1, 'displayName': 'Pass'}","{'value': 1, 'displayName': 'Successful'}","[{'type': {'value': 178, 'displayName': 'StandingSave'}}, {'type': {'value': 140, 'displayName': 'PassEndX'}, 'value': '92.0'}, {'type': {'value': 141, 'displayName': 'PassEndY'}, 'value': '4.7'}, {'type': {'value': 212, 'displayName': 'Length'}, 'value': '10.1'}, {'type': {'value': 56, 'displayName': 'Zone'}, 'value': 'Right'}, {'type': {'value': 213, 'displayName': 'Angle'}, 'value': '5.98'}]","[91, 119, 117, 30, 205, 36, 38, 217, 218]",True,105172.0,92.0,4.7,,,,,,,,,
2610363831.0,251,21,41.0,29,92.3,4.7,21,"{'value': 1, 'displayName': 'FirstHalf'}","{'value': 1, 'displayName': 'Pass'}","{'value': 0, 'displayName': 'Unsuccessful'}","[{'type': {'value': 2, 'displayName': 'Cross'}}, {'type': {'value': 141, 'displayName': 'PassEndY'}, 'value': '58.1'}, {'type': {'value': 212, 'displayName': 'Length'}, 'value': '36.3'}, {'type': {'value': 1, 'displayName': 'Longball'}}, {'type': {'value': 155, 'displayName': 'Chipped'}}, {'type': {'value': 20, 'displayName': 'RightFoot'}}, {'type': {'value': 213, 'displayName': 'Angle'}, 'value': '1.57'}, {'type': {'value': 56, 'displayName': 'Zone'}, 'value': 'Center'}, {'type': {'value': 178, 'displayName': 'StandingSave'}}, {'type': {'value': 140, 'displayName': 'PassEndX'}, 'value': '92.2'}]","[91, 137, 124, 126, 35, 37, 217, 218]",True,111372.0,92.2,58.1,,,,,,,,,
2610363847.0,209,21,43.0,31,7.3,43.9,21,"{'value': 1, 'displayName': 'FirstHalf'}","{'value': 49, 'displayName': 'BallRecovery'}","{'value': 1, 'displayName': 'Successful'}",[],[93],False,396975.0,,,,,,,,,,,
2610363919.0,210,21,44.0,31,8.5,44.5,21,"{'value': 1, 'displayName': 'FirstHalf'}","{'value': 1, 'displayName': 'Pass'}","{'value': 0, 'displayName': 'Unsuccessful'}","[{'type': {'value': 213, 'displayName': 'Angle'}, 'value': '6.14'}, {'type': {'value': 212, 'displayName': 'Length'}, 'value': '48.6'}, {'type': {'value': 56, 'displayName': 'Zone'}, 'value': 'Center'}, {'type': {'value': 140, 'displayName': 'PassEndX'}, 'value': '54.3'}, {'type': {'value': 178, 'displayName': 'StandingSave'}}, {'type': {'value': 155, 'displayName': 'Chipped'}}, {'type': {'value': 1, 'displayName': 'Longball'}}, {'type': {'value': 141, 'displayName': 'PassEndY'}, 'value': '34.5'}]","[91, 120, 124, 128, 36, 38, 216, 218]",True,396975.0,54.3,34.5,,,,,,,,,
2610363925.0,252,21,49.0,29,43.9,65.2,21,"{'value': 1, 'displayName': 'FirstHalf'}","{'value': 49, 'displayName': 'BallRecovery'}","{'value': 1, 'displayName': 'Successful'}",[],[93],False,362434.0,,,,,,,,,,,
2610363993.0,253,21,49.0,29,42.1,64.2,21,"{'value': 1, 'displayName': 'FirstHalf'}","{'value': 1, 'displayName': 'Pass'}","{'value': 1, 'displayName': 'Successful'}","[{'type': {'value': 56, 'displayName': 'Zone'}, 'value': 'Back'}, {'type': {'value': 213, 'displayName': 'Angle'}, 'value': '3.31'}, {'type': {'value': 212, 'displayName': 'Length'}, 'value': '25.7'}, {'type': {'value': 140, 'displayName': 'PassEndX'}, 'value': '18.0'}, {'type': {'value': 141, 'displayName': 'PassEndY'}, 'value': '57.9'}, {'type': {'value': 178, 'displayName': 'StandingSave'}}]","[91, 117, 30, 35, 38, 215, 218]",True,362434.0,18.0,57.9,,,,,,,,,
2610364019.0,254,21,53.0,29,22.4,62.0,21,"{'value': 1, 'displayName': 'FirstHalf'}","{'value': 1, 'displayName': 'Pass'}","{'value': 1, 'displayName': 'Successful'}","[{'type': {'value': 178, 'displayName': 'StandingSave'}}, {'type': {'value': 213, 'displayName': 'Angle'}, 'value': '1.13'}, {'type': {'value': 56, 'displayName': 'Zone'}, 'value': 'Back'}, {'type': {'value': 212, 'displayName': 'Length'}, 'value': '16.4'}, {'type': {'value': 141, 'displayName': 'PassEndY'}, 'value': '83.8'}, {'type': {'value': 140, 'displayName': 'PassEndX'}, 'value': '29.0'}]","[91, 117, 30, 36, 37, 215, 218]",True,92516.0,29.0,83.8,,,,,,,,,
2610364071.0,255,21,57.0,29,32.6,86.3,21,"{'value': 1, 'displayName': 'FirstHalf'}","{'value': 1, 'displayName': 'Pass'}","{'value': 1, 'displayName': 'Successful'}","[{'type': {'value': 141, 'displayName': 'PassEndY'}, 'value': '95.0'}, {'type': {'value': 178, 'displayName': 'StandingSave'}}, {'type': {'value': 213, 'displayName': 'Angle'}, 'value': '0.77'}, {'type': {'value': 140, 'displayName': 'PassEndX'}, 'value': '38.4'}, {'type': {'value': 212, 'displayName': 'Length'}, 'value': '8.5'}, {'type': {'value': 56, 'displayName': 'Zone'}, 'value': 'Back'}]","[91, 117, 30, 36, 37, 216, 218]",True,362434.0,38.4,95.0,,,,,,,,,
2610364103.0,256,21,58.0,29,38.4,94.8,21,"{'value': 1, 'displayName': 'FirstHalf'}","{'value': 1, 'displayName': 'Pass'}","{'value': 1, 'displayName': 'Successful'}","[{'type': {'value': 140, 'displayName': 'PassEndX'}, 'value': '30.8'}, {'type': {'value': 56, 'displayName': 'Zone'}, 'value': 'Back'}, {'type': {'value': 213, 'displayName': 'Angle'}, 'value': '3.85'}, {'type': {'value': 178, 'displayName': 'StandingSave'}}, {'type': {'value': 141, 'displayName': 'PassEndY'}, 'value': '84.8'}, {'type': {'value': 212, 'displayName': 'Length'}, 'value': '10.5'}]","[91, 117, 30, 35, 38, 215, 218]",True,68049.0,30.8,84.8,,,,,,,,,
2610364173.0,257,22,0.0,29,32.7,83.0,22,"{'value': 1, 'displayName': 'FirstHalf'}","{'value': 1, 'displayName': 'Pass'}","{'value': 1, 'displayName': 'Successful'}","[{'type': {'value': 141, 'displayName': 'PassEndY'}, 'value': '54.0'}, {'type': {'value': 140, 'displayName': 'PassEndX'}, 'value': '31.6'}, {'type': {'value': 212, 'displayName': 'Length'}, 'value': '19.8'}, {'type': {'value': 213, 'displayName': 'Angle'}, 'value': '4.65'}, {'type': {'value': 56, 'displayName': 'Zone'}, 'value': 'Back'}, {'type': {'value': 178, 'displayName': 'StandingSave'}}]","[91, 117, 30, 35, 38, 215, 218]",True,362434.0,31.6,54.0,,,,,,,,,
2610364241.0,258,22,3.0,29,31.7,43.6,22,"{'value': 1, 'displayName': 'FirstHalf'}","{'value': 1, 'displayName': 'Pass'}","{'value': 1, 'displayName': 'Successful'}","[{'type': {'value': 141, 'displayName': 'PassEndY'}, 'value': '12.5'}, {'type': {'value': 140, 'displayName': 'PassEndX'}, 'value': '43.3'}, {'type': {'value': 212, 'displayName': 'Length'}, 'value': '24.4'}, {'type': {'value': 56, 'displayName': 'Zone'}, 'value': 'Back'}, {'type': {'value': 213, 'displayName': 'Angle'}, 'value': '5.23'}, {'type': {'value': 178, 'displayName': 'StandingSave'}}]","[91, 117, 30, 36, 38, 216, 218]",True,322696.0,43.3,12.5,,,,,,,,,
2610364293.0,259,22,7.0,29,44.9,11.3,22,"{'value': 1, 'displayName': 'FirstHalf'}","{'value': 1, 'displayName': 'Pass'}","{'value': 1, 'displayName': 'Successful'}","[{'type': {'value': 213, 'displayName': 'Angle'}, 'value': '6.00'}, {'type': {'value': 56, 'displayName': 'Zone'}, 'value': 'Right'}, {'type': {'value': 140, 'displayName': 'PassEndX'}, 'value': '56.3'}, {'type': {'value': 178, 'displayName': 'StandingSave'}}, {'type': {'value': 212, 'displayName': 'Length'}, 'value': '12.5'}, {'type': {'value': 141, 'displayName': 'PassEndY'}, 'value': '6.1'}]","[91, 119, 117, 30, 36, 38, 216, 218]",True,106086.0,56.3,6.1,,,,,,,,,
2610364319.0,260,22,10.0,29,47.8,11.9,22,"{'value': 1, 'displayName': 'FirstHalf'}","{'value': 1, 'displayName': 'Pass'}","{'value': 1, 'displayName': 'Successful'}","[{'type': {'value': 213, 'displayName': 'Angle'}, 'value': '3.62'}, {'type': {'value': 56, 'displayName': 'Zone'}, 'value': 'Back'}, {'type': {'value': 178, 'displayName': 'StandingSave'}}, {'type': {'value': 212, 'displayName': 'Length'}, 'value': '11.9'}, {'type': {'value': 140, 'displayName': 'PassEndX'}, 'value': '37.8'}, {'type': {'value': 141, 'displayName': 'PassEndY'}, 'value': '3.8'}]","[91, 117, 30, 35, 38, 216, 218]",True,111372.0,37.8,3.8,,,,,,,,,
2610364333.0,261,22,11.0,29,38.3,5.0,22,"{'value': 1, 'displayName': 'FirstHalf'}","{'value': 1, 'displayName': 'Pass'}","{'value': 1, 'displayName': 'Successful'}","[{'type': {'value': 213, 'displayName': 'Angle'}, 'value': '0.19'}, {'type': {'value': 212, 'displayName': 'Length'}, 'value': '15.4'}, {'type': {'value': 140, 'displayName': 'PassEndX'}, 'value': '52.7'}, {'type': {'value': 178, 'displayName': 'StandingSave'}}, {'type': {'value': 56, 'displayName': 'Zone'}, 'value': 'Right'}, {'type': {'value': 141, 'displayName': 'PassEndY'}, 'value': '9.2'}]","[91, 119, 117, 30, 36, 37, 216, 218]",True,106086.0,52.7,9.2,,,,,,,,,
2610364343.0,262,22,12.0,29,52.7,9.2,22,"{'value': 1, 'displayName': 'FirstHalf'}","{'value': 1, 'displayName': 'Pass'}","{'value': 1, 'displayName': 'Successful'}","[{'type': {'value': 140, 'displayName': 'PassEndX'}, 'value': '46.3'}, {'type': {'value': 56, 'displayName': 'Zone'}, 'value': 'Back'}, {'type': {'value': 141, 'displayName': 'PassEndY'}, 'value': '12.8'}, {'type': {'value': 213, 'displayName': 'Angle'}, 'value': '2.79'}, {'type': {'value': 212, 'displayName': 'Length'}, 'value': '7.2'}, {'type': {'value': 156, 'displayName': 'LayOff'}}, {'type': {'value': 178, 'displayName': 'StandingSave'}}]","[91, 117, 30, 35, 37, 216, 218]",True,322596.0,46.3,12.8,,,,,,,,,
2610364421.0,263,22,14.0,29,57.0,17.8,22,"{'value': 1, 'displayName': 'FirstHalf'}","{'value': 4, 'displayName': 'Foul'}","{'value': 1, 'displayName': 'Successful'}","[{'type': {'value': 56, 'displayName': 'Zone'}, 'value': 'Right'}, {'type': {'value': 286, 'displayName': 'Offensive'}}, {'type': {'value': 233, 'displayName': 'OppositeRelatedEvent'}, 'value': '211'}, {'type': {'value': 13, 'displayName': 'Foul'}}]","[91, 63]",True,111372.0,,,,,,,,,,,
2610364401.0,211,22,14.0,31,43.0,82.2,22,"{'value': 1, 'displayName': 'FirstHalf'}","{'value': 4, 'displayName': 'Foul'}","{'value': 0, 'displayName': 'Unsuccessful'}","[{'type': {'value': 178, 'displayName': 'StandingSave'}}, {'type': {'value': 56, 'displayName': 'Zone'}, 'value': 'Back'}, {'type': {'value': 233, 'displayName': 'OppositeRelatedEvent'}, 'value': '263'}, {'type': {'value': 13, 'displayName': 'Foul'}}, {'type': {'value': 285, 'displayName': 'Defensive'}}]",[64],False,116317.0,,,,,,,,,,,
2610364709.0,264,22,31.0,29,55.5,18.9,22,"{'value': 1, 'displayName': 'FirstHalf'}","{'value': 1, 'displayName': 'Pass'}","{'value': 1, 'displayName': 'Successful'}","[{'type': {'value': 140, 'displayName': 'PassEndX'}, 'value': '84.5'}, {'type': {'value': 1, 'displayName': 'Longball'}}, {'type': {'value': 5, 'displayName': 'FreekickTaken'}}, {'type': {'value': 155, 'displayName': 'Chipped'}}, {'type': {'value': 212, 'displayName': 'Length'}, 'value': '57.1'}, {'type': {'value': 141, 'displayName': 'PassEndY'}, 'value': '89.9'}, {'type': {'value': 56, 'displayName': 'Zone'}, 'value': 'Left'}, {'type': {'value': 178, 'displayName': 'StandingSave'}}, {'type': {'value': 213, 'displayName': 'Angle'}, 'value': '1.01'}]","[91, 119, 117, 124, 127, 132, 205, 36, 37, 217, 218]",True,105172.0,84.5,89.9,,,,,,,,,
2610364725.0,212,22,35.0,31,13.6,13.8,22,"{'value': 1, 'displayName': 'FirstHalf'}","{'value': 45, 'displayName': 'Challenge'}","{'value': 0, 'displayName': 'Unsuccessful'}","[{'type': {'value': 285, 'displayName': 'Defensive'}}, {'type': {'value': 233, 'displayName': 'OppositeRelatedEvent'}, 'value': '265'}, {'type': {'value': 56, 'displayName': 'Zone'}, 'value': 'Back'}]",[55],False,396975.0,,,,,,,,,,,
2610364753.0,265,22,35.0,29,86.4,86.2,22,"{'value': 1, 'displayName': 'FirstHalf'}","{'value': 3, 'displayName': 'TakeOn'}","{'value': 1, 'displayName': 'Successful'}","[{'type': {'value': 178, 'displayName': 'StandingSave'}}, {'type': {'value': 56, 'displayName': 'Zone'}, 'value': 'Left'}, {'type': {'value': 286, 'displayName': 'Offensive'}}, {'type': {'value': 233, 'displayName': 'OppositeRelatedEvent'}, 'value': '212'}]","[91, 54]",True,319756.0,,,,,,,,,,,
2610364845.0,266,22,37.0,29,93.8,73.9,22,"{'value': 1, 'displayName': 'FirstHalf'}","{'value': 1, 'displayName': 'Pass'}","{'value': 1, 'displayName': 'Successful'}","[{'type': {'value': 212, 'displayName': 'Length'}, 'value': '22.2'}, {'type': {'value': 141, 'displayName': 'PassEndY'}, 'value': '43.0'}, {'type': {'value': 213, 'displayName': 'Angle'}, 'value': '4.38'}, {'type': {'value': 210, 'displayName': 'ShotAssist'}, 'value': '13'}, {'type': {'value': 154, 'displayName': 'IntentionalAssist'}}, {'type': {'value': 178, 'displayName': 'StandingSave'}}, {'type': {'value': 140, 'displayName': 'PassEndX'}, 'value': '86.9'}, {'type': {'value': 56, 'displayName': 'Zone'}, 'value': 'Center'}, {'type': {'value': 11113, 'displayName': 'KeyPass'}}]","[91, 119, 117, 30, 123, 205, 40, 46, 35, 38, 217, 218]",True,319756.0,86.9,43.0,,,,,,,,,
2610364851.0,267,22,39.0,29,88.9,39.2,22,"{'value': 1, 'displayName': 'FirstHalf'}","{'value': 13, 'displayName': 'MissedShots'}","{'value': 1, 'displayName': 'Successful'}","[{'type': {'value': 56, 'displayName': 'Zone'}, 'value': 'Center'}, {'type': {'value': 75, 'displayName': 'MissRight'}}, {'type': {'value': 154, 'displayName': 'IntentionalAssist'}}, {'type': {'value': 103, 'displayName': 'GoalMouthZ'}, 'value': '11.1'}, {'type': {'value': 22, 'displayName': 'RegularPlay'}}, {'type': {'value': 102, 'displayName': 'GoalMouthY'}, 'value': '37.1'}, {'type': {'value': 29, 'displayName': 'Assisted'}}, {'type': {'value': 178, 'displayName': 'StandingSave'}}, {'type': {'value': 72, 'displayName': 'LeftFoot'}}, {'type': {'value': 55, 'displayName': 'RelatedEventId'}, 'value': '266'}, {'type': {'value': 328, 'displayName': 'FirstTouch'}}, {'type': {'value': 17, 'displayName': 'BoxCentre'}}]","[91, 7, 90, 10, 1, 3, 13]",True,322596.0,,,266.0,319756.0,,,11.1,37.1,True,,
2610365385.0,214,23,7.0,31,3.9,47.6,23,"{'value': 1, 'displayName': 'FirstHalf'}","{'value': 1, 'displayName': 'Pass'}","{'value': 1, 'displayName': 'Successful'}","[{'type': {'value': 212, 'displayName': 'Length'}, 'value': '12.5'}, {'type': {'value': 124, 'displayName': 'GoalKick'}}, {'type': {'value': 140, 'displayName': 'PassEndX'}, 'value': '9.7'}, {'type': {'value': 213, 'displayName': 'Angle'}, 'value': '5.22'}, {'type': {'value': 141, 'displayName': 'PassEndY'}, 'value': '31.5'}, {'type': {'value': 56, 'displayName': 'Zone'}, 'value': 'Back'}]","[91, 117, 30, 36, 38, 215, 218]",True,110189.0,9.7,31.5,,,,,,,,,
2610365403.0,215,23,9.0,31,9.7,31.5,23,"{'value': 1, 'displayName': 'FirstHalf'}","{'value': 1, 'displayName': 'Pass'}","{'value': 1, 'displayName': 'Successful'}","[{'type': {'value': 141, 'displayName': 'PassEndY'}, 'value': '43.7'}, {'type': {'value': 56, 'displayName': 'Zone'}, 'value': 'Back'}, {'type': {'value': 140, 'displayName': 'PassEndX'}, 'value': '25.6'}, {'type': {'value': 178, 'displayName': 'StandingSave'}}, {'type': {'value': 213, 'displayName': 'Angle'}, 'value': '0.46'}, {'type': {'value': 212, 'displayName': 'Length'}, 'value': '18.6'}]","[91, 117, 30, 36, 37, 215, 218]",True,131464.0,25.6,43.7,,,,,,,,,
2610365431.0,216,23,11.0,31,21.8,34.2,23,"{'value': 1, 'displayName': 'FirstHalf'}","{'value': 1, 'displayName': 'Pass'}","{'value': 1, 'displayName': 'Successful'}","[{'type': {'value': 141, 'displayName': 'PassEndY'}, 'value': '73.4'}, {'type': {'value': 140, 'displayName': 'PassEndX'}, 'value': '19.2'}, {'type': {'value': 178, 'displayName': 'StandingSave'}}, {'type': {'value': 213, 'displayName': 'Angle'}, 'value': '1.67'}, {'type': {'value': 212, 'displayName': 'Length'}, 'value': '26.8'}, {'type': {'value': 56, 'displayName': 'Zone'}, 'value': 'Back'}]","[91, 117, 30, 35, 37, 215, 218]",True,367781.0,19.2,73.4,,,,,,,,,
2610365471.0,217,23,14.0,31,21.5,78.5,23,"{'value': 1, 'displayName': 'FirstHalf'}","{'value': 1, 'displayName': 'Pass'}","{'value': 1, 'displayName': 'Successful'}","[{'type': {'value': 56, 'displayName': 'Zone'}, 'value': 'Back'}, {'type': {'value': 213, 'displayName': 'Angle'}, 'value': '1.32'}, {'type': {'value': 212, 'displayName': 'Length'}, 'value': '12.1'}, {'type': {'value': 141, 'displayName': 'PassEndY'}, 'value': '95.7'}, {'type': {'value': 140, 'displayName': 'PassEndX'}, 'value': '24.3'}, {'type': {'value': 178, 'displayName': 'StandingSave'}}]","[91, 117, 30, 36, 37, 215, 218]",True,381045.0,24.3,95.7,,,,,,,,,
2610365519.0,218,23,16.0,31,26.1,96.2,23,"{'value': 1, 'displayName': 'FirstHalf'}","{'value': 1, 'displayName': 'Pass'}","{'value': 0, 'displayName': 'Unsuccessful'}","[{'type': {'value': 213, 'displayName': 'Angle'}, 'value': '6.08'}, {'type': {'value': 155, 'displayName': 'Chipped'}}, {'type': {'value': 56, 'displayName': 'Zone'}, 'value': 'Left'}, {'type': {'value': 212, 'displayName': 'Length'}, 'value': '29.0'}, {'type': {'value': 141, 'displayName': 'PassEndY'}, 'value': '87.4'}, {'type': {'value': 178, 'displayName': 'StandingSave'}}, {'type': {'value': 140, 'displayName': 'PassEndX'}, 'value': '53.1'}]","[91, 120, 29, 124, 36, 38, 216, 218]",True,345516.0,53.1,87.4,,,,,,,,,
2610365541.0,269,23,19.0,29,47.3,15.3,23,"{'value': 1, 'displayName': 'FirstHalf'}","{'value': 1, 'displayName': 'Pass'}","{'value': 0, 'displayName': 'Unsuccessful'}","[{'type': {'value': 141, 'displayName': 'PassEndY'}, 'value': '0.0'}, {'type': {'value': 56, 'displayName': 'Zone'}, 'value': 'Right'}, {'type': {'value': 140, 'displayName': 'PassEndX'}, 'value': '55.8'}, {'type': {'value': 178, 'displayName': 'StandingSave'}}, {'type': {'value': 3, 'displayName': 'HeadPass'}}, {'type': {'value': 213, 'displayName': 'Angle'}, 'value': '5.36'}, {'type': {'value': 212, 'displayName': 'Length'}, 'value': '14.8'}]","[91, 120, 29, 139, 36, 38, 216, 218]",True,106086.0,55.8,0.0,,,,,,,,,
2610365771.0,222,23,28.0,31,40.5,100.0,23,"{'value': 1, 'displayName': 'FirstHalf'}","{'value': 1, 'displayName': 'Pass'}","{'value': 1, 'displayName': 'Successful'}","[{'type': {'value': 141, 'displayName': 'PassEndY'}, 'value': '88.4'}, {'type': {'value': 212, 'displayName': 'Length'}, 'value': '9.1'}, {'type': {'value': 140, 'displayName': 'PassEndX'}, 'value': '42.0'}, {'type': {'value': 213, 'displayName': 'Angle'}, 'value': '4.89'}, {'type': {'value': 56, 'displayName': 'Zone'}, 'value': 'Back'}, {'type': {'value': 107, 'displayName': 'ThrowIn'}}]","[91, 212, 36, 38, 216]",True,345516.0,42.0,88.4,,,,,,,,,
2610366697.0,230,23,30.0,31,43.0,89.3,23,"{'value': 1, 'displayName': 'FirstHalf'}","{'value': 1, 'displayName': 'Pass'}","{'value': 1, 'displayName': 'Successful'}","[{'type': {'value': 140, 'displayName': 'PassEndX'}, 'value': '35.3'}, {'type': {'value': 56, 'displayName': 'Zone'}, 'value': 'Back'}, {'type': {'value': 213, 'displayName': 'Angle'}, 'value': '2.65'}, {'type': {'value': 178, 'displayName': 'StandingSave'}}, {'type': {'value': 141, 'displayName': 'PassEndY'}, 'value': '95.7'}, {'type': {'value': 212, 'displayName': 'Length'}, 'value': '9.2'}]","[91, 117, 30, 35, 37, 216, 218]",True,357427.0,35.3,95.7,,,,,,,,,
2610366811.0,231,23,31.0,31,35.3,95.7,23,"{'value': 1, 'displayName': 'FirstHalf'}","{'value': 1, 'displayName': 'Pass'}","{'value': 1, 'displayName': 'Successful'}","[{'type': {'value': 178, 'displayName': 'StandingSave'}}, {'type': {'value': 140, 'displayName': 'PassEndX'}, 'value': '42.6'}, {'type': {'value': 56, 'displayName': 'Zone'}, 'value': 'Back'}, {'type': {'value': 213, 'displayName': 'Angle'}, 'value': '5.85'}, {'type': {'value': 141, 'displayName': 'PassEndY'}, 'value': '90.5'}, {'type': {'value': 212, 'displayName': 'Length'}, 'value': '8.4'}]","[91, 117, 30, 36, 38, 216, 218]",True,381045.0,42.6,90.5,,,,,,,,,
2610365797.0,223,23,33.0,31,38.3,91.4,23,"{'value': 1, 'displayName': 'FirstHalf'}","{'value': 1, 'displayName': 'Pass'}","{'value': 1, 'displayName': 'Successful'}","[{'type': {'value': 140, 'displayName': 'PassEndX'}, 'value': '41.8'}, {'type': {'value': 213, 'displayName': 'Angle'}, 'value': '0.87'}, {'type': {'value': 212, 'displayName': 'Length'}, 'value': '5.7'}, {'type': {'value': 56, 'displayName': 'Zone'}, 'value': 'Back'}, {'type': {'value': 141, 'displayName': 'PassEndY'}, 'value': '97.8'}, {'type': {'value': 178, 'displayName': 'StandingSave'}}]","[91, 117, 30, 36, 37, 216, 218]",True,357427.0,41.8,97.8,,,,,,,,,
2610365853.0,224,23,35.0,31,41.8,97.8,23,"{'value': 1, 'displayName': 'FirstHalf'}","{'value': 1, 'displayName': 'Pass'}","{'value': 1, 'displayName': 'Successful'}","[{'type': {'value': 140, 'displayName': 'PassEndX'}, 'value': '28.4'}, {'type': {'value': 56, 'displayName': 'Zone'}, 'value': 'Back'}, {'type': {'value': 178, 'displayName': 'StandingSave'}}, {'type': {'value': 213, 'displayName': 'Angle'}, 'value': '3.30'}, {'type': {'value': 212, 'displayName': 'Length'}, 'value': '14.3'}, {'type': {'value': 141, 'displayName': 'PassEndY'}, 'value': '94.4'}]","[91, 117, 30, 35, 38, 215, 218]",True,345516.0,28.4,94.4,,,,,,,,,
2610365915.0,225,23,38.0,31,27.6,92.4,23,"{'value': 1, 'displayName': 'FirstHalf'}","{'value': 1, 'displayName': 'Pass'}","{'value': 1, 'displayName': 'Successful'}","[{'type': {'value': 141, 'displayName': 'PassEndY'}, 'value': '58.8'}, {'type': {'value': 140, 'displayName': 'PassEndX'}, 'value': '26.2'}, {'type': {'value': 212, 'displayName': 'Length'}, 'value': '22.9'}, {'type': {'value': 178, 'displayName': 'StandingSave'}}, {'type': {'value': 213, 'displayName': 'Angle'}, 'value': '4.65'}, {'type': {'value': 56, 'displayName': 'Zone'}, 'value': 'Back'}]","[91, 117, 30, 35, 38, 215, 218]",True,381045.0,26.2,58.8,,,,,,,,,
2610365977.0,226,23,41.0,31,27.1,45.5,23,"{'value': 1, 'displayName': 'FirstHalf'}","{'value': 1, 'displayName': 'Pass'}","{'value': 1, 'displayName': 'Successful'}","[{'type': {'value': 140, 'displayName': 'PassEndX'}, 'value': '35.8'}, {'type': {'value': 141, 'displayName': 'PassEndY'}, 'value': '58.4'}, {'type': {'value': 212, 'displayName': 'Length'}, 'value': '12.7'}, {'type': {'value': 56, 'displayName': 'Zone'}, 'value': 'Back'}, {'type': {'value': 178, 'displayName': 'StandingSave'}}, {'type': {'value': 213, 'displayName': 'Angle'}, 'value': '0.77'}]","[91, 117, 30, 36, 37, 216, 218]",True,131464.0,35.8,58.4,,,,,,,,,
2610366041.0,227,23,45.0,31,45.6,50.0,23,"{'value': 1, 'displayName': 'FirstHalf'}","{'value': 1, 'displayName': 'Pass'}","{'value': 1, 'displayName': 'Successful'}","[{'type': {'value': 213, 'displayName': 'Angle'}, 'value': '0.59'}, {'type': {'value': 140, 'displayName': 'PassEndX'}, 'value': '59.2'}, {'type': {'value': 178, 'displayName': 'StandingSave'}}, {'type': {'value': 56, 'displayName': 'Zone'}, 'value': 'Center'}, {'type': {'value': 212, 'displayName': 'Length'}, 'value': '17.2'}, {'type': {'value': 141, 'displayName': 'PassEndY'}, 'value': '64.2'}]","[91, 119, 117, 30, 36, 37, 216, 218]",True,400815.0,59.2,64.2,,,,,,,,,
2610366049.0,228,23,49.0,31,58.9,70.5,23,"{'value': 1, 'displayName': 'FirstHalf'}","{'value': 1, 'displayName': 'Pass'}","{'value': 0, 'displayName': 'Unsuccessful'}","[{'type': {'value': 155, 'displayName': 'Chipped'}}, {'type': {'value': 56, 'displayName': 'Zone'}, 'value': 'Left'}, {'type': {'value': 213, 'displayName': 'Angle'}, 'value': '1.03'}, {'type': {'value': 212, 'displayName': 'Length'}, 'value': '9.1'}, {'type': {'value': 140, 'displayName': 'PassEndX'}, 'value': '63.4'}, {'type': {'value': 178, 'displayName': 'StandingSave'}}, {'type': {'value': 141, 'displayName': 'PassEndY'}, 'value': '82.0'}]","[91, 120, 29, 124, 36, 37, 216, 218]",True,357427.0,63.4,82.0,,,,,,,,,
2610366069.0,271,23,49.0,29,39.6,22.7,23,"{'value': 1, 'displayName': 'FirstHalf'}","{'value': 8, 'displayName': 'Interception'}","{'value': 1, 'displayName': 'Successful'}","[{'type': {'value': 15, 'displayName': 'Head'}}, {'type': {'value': 56, 'displayName': 'Zone'}, 'value': 'Back'}, {'type': {'value': 178, 'displayName': 'StandingSave'}}]","[91, 101, 56]",True,322596.0,,,,,,,,,,,
2610366093.0,229,23,51.0,31,67.1,92.4,23,"{'value': 1, 'displayName': 'FirstHalf'}","{'value': 61, 'displayName': 'BallTouch'}","{'value': 0, 'displayName': 'Unsuccessful'}","[{'type': {'value': 56, 'displayName': 'Zone'}, 'value': 'Left'}, {'type': {'value': 178, 'displayName': 'StandingSave'}}]","[91, 69]",True,345516.0,,,,,,,,,,,
2610366099.0,272,23,53.0,29,26.7,23.0,23,"{'value': 1, 'displayName': 'FirstHalf'}","{'value': 49, 'displayName': 'BallRecovery'}","{'value': 1, 'displayName': 'Successful'}",[],[93],False,105172.0,,,,,,,,,,,
2610366121.0,273,23,53.0,29,25.1,23.0,23,"{'value': 1, 'displayName': 'FirstHalf'}","{'value': 1, 'displayName': 'Pass'}","{'value': 1, 'displayName': 'Successful'}","[{'type': {'value': 56, 'displayName': 'Zone'}, 'value': 'Back'}, {'type': {'value': 212, 'displayName': 'Length'}, 'value': '10.9'}, {'type': {'value': 178, 'displayName': 'StandingSave'}}, {'type': {'value': 213, 'displayName': 'Angle'}, 'value': '4.42'}, {'type': {'value': 140, 'displayName': 'PassEndX'}, 'value': '22.1'}, {'type': {'value': 141, 'displayName': 'PassEndY'}, 'value': '7.7'}]","[91, 117, 30, 35, 38, 215, 218]",True,105172.0,22.1,7.7,,,,,,,,,
2610366147.0,274,23,55.0,29,25.6,7.7,23,"{'value': 1, 'displayName': 'FirstHalf'}","{'value': 1, 'displayName': 'Pass'}","{'value': 1, 'displayName': 'Successful'}","[{'type': {'value': 141, 'displayName': 'PassEndY'}, 'value': '12.8'}, {'type': {'value': 213, 'displayName': 'Angle'}, 'value': '2.71'}, {'type': {'value': 212, 'displayName': 'Length'}, 'value': '8.2'}, {'type': {'value': 56, 'displayName': 'Zone'}, 'value': 'Back'}, {'type': {'value': 140, 'displayName': 'PassEndX'}, 'value': '18.5'}, {'type': {'value': 178, 'displayName': 'StandingSave'}}]","[91, 117, 30, 35, 37, 215, 218]",True,111372.0,18.5,12.8,,,,,,,,,
2610366189.0,275,23,56.0,29,18.5,12.8,23,"{'value': 1, 'displayName': 'FirstHalf'}","{'value': 1, 'displayName': 'Pass'}","{'value': 1, 'displayName': 'Successful'}","[{'type': {'value': 140, 'displayName': 'PassEndX'}, 'value': '27.7'}, {'type': {'value': 141, 'displayName': 'PassEndY'}, 'value': '23.0'}, {'type': {'value': 213, 'displayName': 'Angle'}, 'value': '0.62'}, {'type': {'value': 56, 'displayName': 'Zone'}, 'value': 'Back'}, {'type': {'value': 178, 'displayName': 'StandingSave'}}, {'type': {'value': 212, 'displayName': 'Length'}, 'value': '11.9'}]","[91, 117, 30, 36, 37, 215, 218]",True,105172.0,27.7,23.0,,,,,,,,,
2610366229.0,276,23,58.0,29,28.1,22.8,23,"{'value': 1, 'displayName': 'FirstHalf'}","{'value': 1, 'displayName': 'Pass'}","{'value': 1, 'displayName': 'Successful'}","[{'type': {'value': 141, 'displayName': 'PassEndY'}, 'value': '17.9'}, {'type': {'value': 140, 'displayName': 'PassEndX'}, 'value': '22.3'}, {'type': {'value': 178, 'displayName': 'StandingSave'}}, {'type': {'value': 56, 'displayName': 'Zone'}, 'value': 'Back'}, {'type': {'value': 213, 'displayName': 'Angle'}, 'value': '3.64'}, {'type': {'value': 212, 'displayName': 'Length'}, 'value': '6.9'}]","[91, 117, 30, 35, 38, 215, 218]",True,322696.0,22.3,17.9,,,,,,,,,
2610366269.0,277,24,0.0,29,24.0,18.9,24,"{'value': 1, 'displayName': 'FirstHalf'}","{'value': 1, 'displayName': 'Pass'}","{'value': 1, 'displayName': 'Successful'}","[{'type': {'value': 56, 'displayName': 'Zone'}, 'value': 'Back'}, {'type': {'value': 212, 'displayName': 'Length'}, 'value': '25.1'}, {'type': {'value': 213, 'displayName': 'Angle'}, 'value': '2.26'}, {'type': {'value': 141, 'displayName': 'PassEndY'}, 'value': '47.3'}, {'type': {'value': 178, 'displayName': 'StandingSave'}}, {'type': {'value': 140, 'displayName': 'PassEndX'}, 'value': '8.7'}]","[91, 117, 30, 35, 37, 215, 218]",True,105172.0,8.7,47.3,,,,,,,,,
2610366327.0,278,24,4.0,29,8.7,49.1,24,"{'value': 1, 'displayName': 'FirstHalf'}","{'value': 1, 'displayName': 'Pass'}","{'value': 1, 'displayName': 'Successful'}","[{'type': {'value': 56, 'displayName': 'Zone'}, 'value': 'Back'}, {'type': {'value': 212, 'displayName': 'Length'}, 'value': '11.5'}, {'type': {'value': 178, 'displayName': 'StandingSave'}}, {'type': {'value': 213, 'displayName': 'Angle'}, 'value': '1.19'}, {'type': {'value': 140, 'displayName': 'PassEndX'}, 'value': '12.8'}, {'type': {'value': 141, 'displayName': 'PassEndY'}, 'value': '64.8'}]","[91, 117, 30, 36, 37, 215, 218]",True,92516.0,12.8,64.8,,,,,,,,,
2610366421.0,279,24,7.0,29,20.6,69.9,24,"{'value': 1, 'displayName': 'FirstHalf'}","{'value': 1, 'displayName': 'Pass'}","{'value': 1, 'displayName': 'Successful'}","[{'type': {'value': 141, 'displayName': 'PassEndY'}, 'value': '64.6'}, {'type': {'value': 212, 'displayName': 'Length'}, 'value': '9.1'}, {'type': {'value': 140, 'displayName': 'PassEndX'}, 'value': '28.6'}, {'type': {'value': 56, 'displayName': 'Zone'}, 'value': 'Back'}, {'type': {'value': 178, 'displayName': 'StandingSave'}}, {'type': {'value': 213, 'displayName': 'Angle'}, 'value': '5.88'}]","[91, 117, 30, 36, 38, 215, 218]",True,362434.0,28.6,64.6,,,,,,,,,
2610366455.0,280,24,11.0,29,23.5,56.3,24,"{'value': 1, 'displayName': 'FirstHalf'}","{'value': 1, 'displayName': 'Pass'}","{'value': 1, 'displayName': 'Successful'}","[{'type': {'value': 140, 'displayName': 'PassEndX'}, 'value': '26.7'}, {'type': {'value': 56, 'displayName': 'Zone'}, 'value': 'Back'}, {'type': {'value': 178, 'displayName': 'StandingSave'}}, {'type': {'value': 141, 'displayName': 'PassEndY'}, 'value': '33.7'}, {'type': {'value': 212, 'displayName': 'Length'}, 'value': '15.7'}, {'type': {'value': 213, 'displayName': 'Angle'}, 'value': '4.93'}]","[91, 117, 30, 36, 38, 215, 218]",True,322696.0,26.7,33.7,,,,,,,,,
2610366493.0,281,24,13.0,29,28.0,31.9,24,"{'value': 1, 'displayName': 'FirstHalf'}","{'value': 1, 'displayName': 'Pass'}","{'value': 1, 'displayName': 'Successful'}","[{'type': {'value': 213, 'displayName': 'Angle'}, 'value': '5.55'}, {'type': {'value': 56, 'displayName': 'Zone'}, 'value': 'Back'}, {'type': {'value': 140, 'displayName': 'PassEndX'}, 'value': '32.6'}, {'type': {'value': 212, 'displayName': 'Length'}, 'value': '6.5'}, {'type': {'value': 141, 'displayName': 'PassEndY'}, 'value': '25.5'}, {'type': {'value': 178, 'displayName': 'StandingSave'}}]","[91, 117, 30, 36, 38, 215, 218]",True,106086.0,32.6,25.5,,,,,,,,,
2610366523.0,282,24,14.0,29,32.6,25.5,24,"{'value': 1, 'displayName': 'FirstHalf'}","{'value': 1, 'displayName': 'Pass'}","{'value': 1, 'displayName': 'Successful'}","[{'type': {'value': 56, 'displayName': 'Zone'}, 'value': 'Back'}, {'type': {'value': 213, 'displayName': 'Angle'}, 'value': '2.48'}, {'type': {'value': 140, 'displayName': 'PassEndX'}, 'value': '26.1'}, {'type': {'value': 212, 'displayName': 'Length'}, 'value': '8.6'}, {'type': {'value': 141, 'displayName': 'PassEndY'}, 'value': '33.3'}, {'type': {'value': 178, 'displayName': 'StandingSave'}}]","[91, 117, 30, 35, 37, 215, 218]",True,105172.0,26.1,33.3,,,,,,,,,
2610366599.0,283,24,16.0,29,26.0,36.3,24,"{'value': 1, 'displayName': 'FirstHalf'}","{'value': 1, 'displayName': 'Pass'}","{'value': 1, 'displayName': 'Successful'}","[{'type': {'value': 178, 'displayName': 'StandingSave'}}, {'type': {'value': 141, 'displayName': 'PassEndY'}, 'value': '70.0'}, {'type': {'value': 140, 'displayName': 'PassEndX'}, 'value': '29.2'}, {'type': {'value': 212, 'displayName': 'Length'}, 'value': '23.2'}, {'type': {'value': 213, 'displayName': 'Angle'}, 'value': '1.43'}, {'type': {'value': 56, 'displayName': 'Zone'}, 'value': 'Back'}]","[91, 117, 30, 36, 37, 215, 218]",True,106086.0,29.2,70.0,,,,,,,,,
2610366665.0,284,24,20.0,29,35.8,80.9,24,"{'value': 1, 'displayName': 'FirstHalf'}","{'value': 1, 'displayName': 'Pass'}","{'value': 1, 'displayName': 'Successful'}","[{'type': {'value': 212, 'displayName': 'Length'}, 'value': '61.7'}, {'type': {'value': 56, 'displayName': 'Zone'}, 'value': 'Right'}, {'type': {'value': 178, 'displayName': 'StandingSave'}}, {'type': {'value': 140, 'displayName': 'PassEndX'}, 'value': '69.1'}, {'type': {'value': 1, 'displayName': 'Longball'}}, {'type': {'value': 141, 'displayName': 'PassEndY'}, 'value': '6.1'}, {'type': {'value': 155, 'displayName': 'Chipped'}}, {'type': {'value': 213, 'displayName': 'Angle'}, 'value': '5.31'}]","[91, 119, 117, 124, 127, 205, 36, 38, 217, 218]",True,362434.0,69.1,6.1,,,,,,,,,
2610366703.0,285,24,26.0,29,69.1,7.6,24,"{'value': 1, 'displayName': 'FirstHalf'}","{'value': 1, 'displayName': 'Pass'}","{'value': 1, 'displayName': 'Successful'}","[{'type': {'value': 140, 'displayName': 'PassEndX'}, 'value': '63.9'}, {'type': {'value': 178, 'displayName': 'StandingSave'}}, {'type': {'value': 141, 'displayName': 'PassEndY'}, 'value': '13.7'}, {'type': {'value': 212, 'displayName': 'Length'}, 'value': '6.9'}, {'type': {'value': 56, 'displayName': 'Zone'}, 'value': 'Right'}, {'type': {'value': 213, 'displayName': 'Angle'}, 'value': '2.49'}]","[91, 119, 117, 30, 35, 37, 216, 218]",True,322596.0,63.9,13.7,,,,,,,,,
2610366745.0,286,24,28.0,29,66.0,15.3,24,"{'value': 1, 'displayName': 'FirstHalf'}","{'value': 1, 'displayName': 'Pass'}","{'value': 1, 'displayName': 'Successful'}","[{'type': {'value': 56, 'displayName': 'Zone'}, 'value': 'Center'}, {'type': {'value': 213, 'displayName': 'Angle'}, 'value': '1.28'}, {'type': {'value': 178, 'displayName': 'StandingSave'}}, {'type': {'value': 212, 'displayName': 'Length'}, 'value': '14.5'}, {'type': {'value': 140, 'displayName': 'PassEndX'}, 'value': '70.0'}, {'type': {'value': 141, 'displayName': 'PassEndY'}, 'value': '35.7'}]","[91, 119, 117, 30, 205, 36, 37, 217, 218]",True,105172.0,70.0,35.7,,,,,,,,,
2610366827.0,287,24,30.0,29,66.0,37.1,24,"{'value': 1, 'displayName': 'FirstHalf'}","{'value': 1, 'displayName': 'Pass'}","{'value': 1, 'displayName': 'Successful'}","[{'type': {'value': 178, 'displayName': 'StandingSave'}}, {'type': {'value': 213, 'displayName': 'Angle'}, 'value': '2.64'}, {'type': {'value': 140, 'displayName': 'PassEndX'}, 'value': '55.7'}, {'type': {'value': 212, 'displayName': 'Length'}, 'value': '12.3'}, {'type': {'value': 141, 'displayName': 'PassEndY'}, 'value': '45.8'}, {'type': {'value': 56, 'displayName': 'Zone'}, 'value': 'Center'}]","[91, 119, 117, 30, 35, 37, 216, 218]",True,400166.0,55.7,45.8,,,,,,,,,
2610366903.0,288,24,34.0,29,62.4,51.5,24,"{'value': 1, 'displayName': 'FirstHalf'}","{'value': 1, 'displayName': 'Pass'}","{'value': 1, 'displayName': 'Successful'}","[{'type': {'value': 213, 'displayName': 'Angle'}, 'value': '1.36'}, {'type': {'value': 212, 'displayName': 'Length'}, 'value': '17.9'}, {'type': {'value': 141, 'displayName': 'PassEndY'}, 'value': '77.3'}, {'type': {'value': 178, 'displayName': 'StandingSave'}}, {'type': {'value': 56, 'displayName': 'Zone'}, 'value': 'Center'}, {'type': {'value': 140, 'displayName': 'PassEndX'}, 'value': '66.0'}]","[91, 119, 117, 30, 36, 37, 216, 218]",True,322696.0,66.0,77.3,,,,,,,,,
2610366917.0,289,24,39.0,29,62.4,79.6,24,"{'value': 1, 'displayName': 'FirstHalf'}","{'value': 1, 'displayName': 'Pass'}","{'value': 1, 'displayName': 'Successful'}","[{'type': {'value': 213, 'displayName': 'Angle'}, 'value': '2.85'}, {'type': {'value': 178, 'displayName': 'StandingSave'}}, {'type': {'value': 212, 'displayName': 'Length'}, 'value': '16.3'}, {'type': {'value': 56, 'displayName': 'Zone'}, 'value': 'Back'}, {'type': {'value': 140, 'displayName': 'PassEndX'}, 'value': '47.5'}, {'type': {'value': 141, 'displayName': 'PassEndY'}, 'value': '86.5'}]","[91, 117, 30, 35, 37, 216, 218]",True,319756.0,47.5,86.5,,,,,,,,,
2610367001.0,290,24,42.0,29,47.9,86.5,24,"{'value': 1, 'displayName': 'FirstHalf'}","{'value': 1, 'displayName': 'Pass'}","{'value': 1, 'displayName': 'Successful'}","[{'type': {'value': 141, 'displayName': 'PassEndY'}, 'value': '94.5'}, {'type': {'value': 212, 'displayName': 'Length'}, 'value': '9.5'}, {'type': {'value': 178, 'displayName': 'StandingSave'}}, {'type': {'value': 140, 'displayName': 'PassEndX'}, 'value': '55.3'}, {'type': {'value': 56, 'displayName': 'Zone'}, 'value': 'Left'}, {'type': {'value': 213, 'displayName': 'Angle'}, 'value': '0.61'}]","[91, 119, 117, 30, 36, 37, 216, 218]",True,362434.0,55.3,94.5,,,,,,,,,
2610367007.0,291,24,47.0,29,46.7,73.2,24,"{'value': 1, 'displayName': 'FirstHalf'}","{'value': 50, 'displayName': 'Dispossessed'}","{'value': 1, 'displayName': 'Successful'}","[{'type': {'value': 286, 'displayName': 'Offensive'}}, {'type': {'value': 233, 'displayName': 'OppositeRelatedEvent'}, 'value': '232'}, {'type': {'value': 56, 'displayName': 'Zone'}, 'value': 'Back'}]","[91, 70]",True,319756.0,,,,,,,,,,,
2610367015.0,232,24,47.0,31,53.3,26.8,24,"{'value': 1, 'displayName': 'FirstHalf'}","{'value': 7, 'displayName': 'Tackle'}","{'value': 1, 'displayName': 'Successful'}","[{'type': {'value': 233, 'displayName': 'OppositeRelatedEvent'}, 'value': '291'}, {'type': {'value': 56, 'displayName': 'Zone'}, 'value': 'Center'}, {'type': {'value': 178, 'displayName': 'StandingSave'}}, {'type': {'value': 285, 'displayName': 'Defensive'}}]","[91, 143]",True,317896.0,,,,,,,,,,,
2610367233.0,294,24,48.0,29,5.4,50.6,24,"{'value': 1, 'displayName': 'FirstHalf'}","{'value': 51, 'displayName': 'Error'}","{'value': 1, 'displayName': 'Successful'}","[{'type': {'value': 169, 'displayName': 'LeadingToAttempt'}, 'value': '234'}]",[99],False,319756.0,,,,,,,,,,,
2610367047.0,233,24,50.0,31,58.2,18.8,24,"{'value': 1, 'displayName': 'FirstHalf'}","{'value': 49, 'displayName': 'BallRecovery'}","{'value': 1, 'displayName': 'Successful'}",[],[93],False,317896.0,,,,,,,,,,,
2610367121.0,234,24,55.0,31,84.1,45.9,24,"{'value': 1, 'displayName': 'FirstHalf'}","{'value': 15, 'displayName': 'SavedShot'}","{'value': 1, 'displayName': 'Successful'}","[{'type': {'value': 17, 'displayName': 'BoxCentre'}}, {'type': {'value': 56, 'displayName': 'Zone'}, 'value': 'Center'}, {'type': {'value': 103, 'displayName': 'GoalMouthZ'}, 'value': '4.4'}, {'type': {'value': 72, 'displayName': 'LeftFoot'}}, {'type': {'value': 78, 'displayName': 'LowCentre'}}, {'type': {'value': 102, 'displayName': 'GoalMouthY'}, 'value': '51.0'}, {'type': {'value': 233, 'displayName': 'OppositeRelatedEvent'}, 'value': '293'}, {'type': {'value': 146, 'displayName': 'BlockedX'}, 'value': '95.6'}, {'type': {'value': 147, 'displayName': 'BlockedY'}, 'value': '48.7'}, {'type': {'value': 178, 'displayName': 'StandingSave'}}, {'type': {'value': 215, 'displayName': 'IndividualPlay'}}, {'type': {'value': 22, 'displayName': 'RegularPlay'}}]","[91, 9, 10, 1, 3, 13]",True,317896.0,,,,,95.6,48.7,4.4,51.0,True,,
2610367181.0,293,24,55.0,29,5.4,50.6,24,"{'value': 1, 'displayName': 'FirstHalf'}","{'value': 10, 'displayName': 'Save'}","{'value': 1, 'displayName': 'Successful'}","[{'type': {'value': 56, 'displayName': 'Zone'}, 'value': 'Back'}, {'type': {'value': 177, 'displayName': 'Collected'}}, {'type': {'value': 179, 'displayName': 'DivingSave'}}, {'type': {'value': 182, 'displayName': 'Hands'}}, {'type': {'value': 233, 'displayName': 'OppositeRelatedEvent'}, 'value': '234'}, {'type': {'value': 11115, 'displayName': 'KeeperSaveInTheBox'}}]","[91, 110, 113, 112, 83, 77, 79, 81]",True,92516.0,,,,,,,,,,,
2610367173.0,292,24,55.0,29,5.4,50.6,24,"{'value': 1, 'displayName': 'FirstHalf'}","{'value': 52, 'displayName': 'KeeperPickup'}","{'value': 1, 'displayName': 'Successful'}",[],[93],False,92516.0,,,,,,,,,,,
2610367517.0,295,25,2.0,29,15.2,49.9,25,"{'value': 1, 'displayName': 'FirstHalf'}","{'value': 1, 'displayName': 'Pass'}","{'value': 1, 'displayName': 'Successful'}","[{'type': {'value': 212, 'displayName': 'Length'}, 'value': '20.5'}, {'type': {'value': 213, 'displayName': 'Angle'}, 'value': '5.24'}, {'type': {'value': 140, 'displayName': 'PassEndX'}, 'value': '25.1'}, {'type': {'value': 56, 'displayName': 'Zone'}, 'value': 'Back'}, {'type': {'value': 123, 'displayName': 'KeeperThrow'}}, {'type': {'value': 141, 'displayName': 'PassEndY'}, 'value': '23.9'}, {'type': {'value': 178, 'displayName': 'StandingSave'}}]","[91, 36, 38, 215, 218]",True,92516.0,25.1,23.9,,,,,,,,,
2610569843.0,1086,25,7.0,29,40.8,20.5,25,"{'value': 1, 'displayName': 'FirstHalf'}","{'value': 1, 'displayName': 'Pass'}","{'value': 1, 'displayName': 'Successful'}","[{'type': {'value': 178, 'displayName': 'StandingSave'}}, {'type': {'value': 141, 'displayName': 'PassEndY'}, 'value': '23.6'}, {'type': {'value': 56, 'displayName': 'Zone'}, 'value': 'Center'}, {'type': {'value': 140, 'displayName': 'PassEndX'}, 'value': '54.8'}, {'type': {'value': 213, 'displayName': 'Angle'}, 'value': '0.14'}, {'type': {'value': 212, 'displayName': 'Length'}, 'value': '14.9'}]","[91, 119, 117, 30, 36, 37, 216, 218]",True,105172.0,54.8,23.6,,,,,,,,,
2610570221.0,831,25,9.0,31,45.2,76.4,25,"{'value': 1, 'displayName': 'FirstHalf'}","{'value': 45, 'displayName': 'Challenge'}","{'value': 0, 'displayName': 'Unsuccessful'}","[{'type': {'value': 285, 'displayName': 'Defensive'}}, {'type': {'value': 56, 'displayName': 'Zone'}, 'value': 'Back'}, {'type': {'value': 233, 'displayName': 'OppositeRelatedEvent'}, 'value': '1087'}]",[55],False,357427.0,,,,,,,,,,,
2610570213.0,1087,25,9.0,29,54.8,23.6,25,"{'value': 1, 'displayName': 'FirstHalf'}","{'value': 3, 'displayName': 'TakeOn'}","{'value': 1, 'displayName': 'Successful'}","[{'type': {'value': 178, 'displayName': 'StandingSave'}}, {'type': {'value': 56, 'displayName': 'Zone'}, 'value': 'Center'}, {'type': {'value': 233, 'displayName': 'OppositeRelatedEvent'}, 'value': '831'}, {'type': {'value': 286, 'displayName': 'Offensive'}}]","[91, 54]",True,69517.0,,,,,,,,,,,
2610570493.0,1088,25,10.0,29,61.6,13.8,25,"{'value': 1, 'displayName': 'FirstHalf'}","{'value': 1, 'displayName': 'Pass'}","{'value': 1, 'displayName': 'Successful'}","[{'type': {'value': 178, 'displayName': 'StandingSave'}}, {'type': {'value': 140, 'displayName': 'PassEndX'}, 'value': '68.3'}, {'type': {'value': 141, 'displayName': 'PassEndY'}, 'value': '5.8'}, {'type': {'value': 213, 'displayName': 'Angle'}, 'value': '5.62'}, {'type': {'value': 212, 'displayName': 'Length'}, 'value': '8.9'}, {'type': {'value': 56, 'displayName': 'Zone'}, 'value': 'Right'}]","[91, 119, 117, 30, 205, 36, 38, 217, 218]",True,69517.0,68.3,5.8,,,,,,,,,
2610570773.0,1089,25,12.0,29,68.3,5.8,25,"{'value': 1, 'displayName': 'FirstHalf'}","{'value': 1, 'displayName': 'Pass'}","{'value': 1, 'displayName': 'Successful'}","[{'type': {'value': 213, 'displayName': 'Angle'}, 'value': '2.74'}, {'type': {'value': 212, 'displayName': 'Length'}, 'value': '16.1'}, {'type': {'value': 141, 'displayName': 'PassEndY'}, 'value': '15.0'}, {'type': {'value': 178, 'displayName': 'StandingSave'}}, {'type': {'value': 140, 'displayName': 'PassEndX'}, 'value': '54.2'}, {'type': {'value': 56, 'displayName': 'Zone'}, 'value': 'Right'}]","[91, 119, 117, 30, 35, 37, 216, 218]",True,111372.0,54.2,15.0,,,,,,,,,
2610570843.0,1090,25,14.0,29,54.2,15.0,25,"{'value': 1, 'displayName': 'FirstHalf'}","{'value': 1, 'displayName': 'Pass'}","{'value': 1, 'displayName': 'Successful'}","[{'type': {'value': 212, 'displayName': 'Length'}, 'value': '16.1'}, {'type': {'value': 213, 'displayName': 'Angle'}, 'value': '1.15'}, {'type': {'value': 141, 'displayName': 'PassEndY'}, 'value': '36.6'}, {'type': {'value': 178, 'displayName': 'StandingSave'}}, {'type': {'value': 56, 'displayName': 'Zone'}, 'value': 'Center'}, {'type': {'value': 140, 'displayName': 'PassEndX'}, 'value': '60.4'}]","[91, 119, 117, 30, 36, 37, 216, 218]",True,105172.0,60.4,36.6,,,,,,,,,
2610367565.0,296,25,15.0,29,59.1,32.8,25,"{'value': 1, 'displayName': 'FirstHalf'}","{'value': 1, 'displayName': 'Pass'}","{'value': 1, 'displayName': 'Successful'}","[{'type': {'value': 140, 'displayName': 'PassEndX'}, 'value': '53.4'}, {'type': {'value': 141, 'displayName': 'PassEndY'}, 'value': '41.2'}, {'type': {'value': 56, 'displayName': 'Zone'}, 'value': 'Center'}, {'type': {'value': 213, 'displayName': 'Angle'}, 'value': '2.38'}, {'type': {'value': 212, 'displayName': 'Length'}, 'value': '8.3'}, {'type': {'value': 178, 'displayName': 'StandingSave'}}]","[91, 119, 117, 30, 35, 37, 216, 218]",True,400166.0,53.4,41.2,,,,,,,,,
2610367587.0,297,25,17.0,29,53.4,45.0,25,"{'value': 1, 'displayName': 'FirstHalf'}","{'value': 1, 'displayName': 'Pass'}","{'value': 1, 'displayName': 'Successful'}","[{'type': {'value': 178, 'displayName': 'StandingSave'}}, {'type': {'value': 213, 'displayName': 'Angle'}, 'value': '1.53'}, {'type': {'value': 212, 'displayName': 'Length'}, 'value': '8.6'}, {'type': {'value': 141, 'displayName': 'PassEndY'}, 'value': '57.7'}, {'type': {'value': 56, 'displayName': 'Zone'}, 'value': 'Center'}, {'type': {'value': 140, 'displayName': 'PassEndX'}, 'value': '53.7'}]","[91, 119, 117, 30, 36, 37, 216, 218]",True,322696.0,53.7,57.7,,,,,,,,,
2610375441.0,350,25,19.0,29,55.0,56.6,25,"{'value': 1, 'displayName': 'FirstHalf'}","{'value': 1, 'displayName': 'Pass'}","{'value': 1, 'displayName': 'Successful'}","[{'type': {'value': 141, 'displayName': 'PassEndY'}, 'value': '67.0'}, {'type': {'value': 212, 'displayName': 'Length'}, 'value': '16.3'}, {'type': {'value': 213, 'displayName': 'Angle'}, 'value': '2.69'}, {'type': {'value': 56, 'displayName': 'Zone'}, 'value': 'Back'}, {'type': {'value': 140, 'displayName': 'PassEndX'}, 'value': '41.0'}, {'type': {'value': 178, 'displayName': 'StandingSave'}}]","[91, 117, 30, 35, 37, 216, 218]",True,319756.0,41.0,67.0,,,,,,,,,
2610367673.0,298,25,20.0,29,43.6,77.7,25,"{'value': 1, 'displayName': 'FirstHalf'}","{'value': 1, 'displayName': 'Pass'}","{'value': 1, 'displayName': 'Successful'}","[{'type': {'value': 213, 'displayName': 'Angle'}, 'value': '6.15'}, {'type': {'value': 212, 'displayName': 'Length'}, 'value': '23.9'}, {'type': {'value': 178, 'displayName': 'StandingSave'}}, {'type': {'value': 140, 'displayName': 'PassEndX'}, 'value': '66.2'}, {'type': {'value': 56, 'displayName': 'Zone'}, 'value': 'Center'}, {'type': {'value': 141, 'displayName': 'PassEndY'}, 'value': '73.2'}]","[91, 119, 117, 30, 36, 38, 216, 218]",True,362434.0,66.2,73.2,,,,,,,,,
2610367681.0,236,25,27.0,31,33.0,11.6,25,"{'value': 1, 'displayName': 'FirstHalf'}","{'value': 45, 'displayName': 'Challenge'}","{'value': 0, 'displayName': 'Unsuccessful'}","[{'type': {'value': 56, 'displayName': 'Zone'}, 'value': 'Back'}, {'type': {'value': 285, 'displayName': 'Defensive'}}, {'type': {'value': 233, 'displayName': 'OppositeRelatedEvent'}, 'value': '299'}]",[55],False,116317.0,,,,,,,,,,,
2610367749.0,299,25,27.0,29,67.0,88.4,25,"{'value': 1, 'displayName': 'FirstHalf'}","{'value': 3, 'displayName': 'TakeOn'}","{'value': 1, 'displayName': 'Successful'}","[{'type': {'value': 233, 'displayName': 'OppositeRelatedEvent'}, 'value': '236'}, {'type': {'value': 178, 'displayName': 'StandingSave'}}, {'type': {'value': 56, 'displayName': 'Zone'}, 'value': 'Left'}, {'type': {'value': 286, 'displayName': 'Offensive'}}]","[91, 54]",True,400166.0,,,,,,,,,,,
2610367781.0,300,25,31.0,29,59.9,67.6,25,"{'value': 1, 'displayName': 'FirstHalf'}","{'value': 1, 'displayName': 'Pass'}","{'value': 1, 'displayName': 'Successful'}","[{'type': {'value': 141, 'displayName': 'PassEndY'}, 'value': '45.1'}, {'type': {'value': 178, 'displayName': 'StandingSave'}}, {'type': {'value': 140, 'displayName': 'PassEndX'}, 'value': '61.1'}, {'type': {'value': 212, 'displayName': 'Length'}, 'value': '15.4'}, {'type': {'value': 213, 'displayName': 'Angle'}, 'value': '4.79'}, {'type': {'value': 56, 'displayName': 'Zone'}, 'value': 'Center'}]","[91, 119, 117, 30, 36, 38, 216, 218]",True,400166.0,61.1,45.1,,,,,,,,,
2610367793.0,301,25,33.0,29,61.7,47.0,25,"{'value': 1, 'displayName': 'FirstHalf'}","{'value': 1, 'displayName': 'Pass'}","{'value': 1, 'displayName': 'Successful'}","[{'type': {'value': 141, 'displayName': 'PassEndY'}, 'value': '52.4'}, {'type': {'value': 140, 'displayName': 'PassEndX'}, 'value': '66.8'}, {'type': {'value': 178, 'displayName': 'StandingSave'}}, {'type': {'value': 56, 'displayName': 'Zone'}, 'value': 'Center'}, {'type': {'value': 213, 'displayName': 'Angle'}, 'value': '0.60'}, {'type': {'value': 212, 'displayName': 'Length'}, 'value': '6.5'}]","[91, 119, 117, 30, 205, 36, 37, 217, 218]",True,105172.0,66.8,52.4,,,,,,,,,
2610367801.0,302,25,34.0,29,67.2,52.5,25,"{'value': 1, 'displayName': 'FirstHalf'}","{'value': 1, 'displayName': 'Pass'}","{'value': 1, 'displayName': 'Successful'}","[{'type': {'value': 178, 'displayName': 'StandingSave'}}, {'type': {'value': 212, 'displayName': 'Length'}, 'value': '5.0'}, {'type': {'value': 156, 'displayName': 'LayOff'}}, {'type': {'value': 56, 'displayName': 'Zone'}, 'value': 'Center'}, {'type': {'value': 213, 'displayName': 'Angle'}, 'value': '2.89'}, {'type': {'value': 141, 'displayName': 'PassEndY'}, 'value': '54.3'}, {'type': {'value': 140, 'displayName': 'PassEndX'}, 'value': '62.6'}]","[91, 119, 117, 30, 35, 37, 216, 218]",True,400166.0,62.6,54.3,,,,,,,,,
2610367837.0,303,25,35.0,29,63.1,57.5,25,"{'value': 1, 'displayName': 'FirstHalf'}","{'value': 1, 'displayName': 'Pass'}","{'value': 1, 'displayName': 'Successful'}","[{'type': {'value': 141, 'displayName': 'PassEndY'}, 'value': '61.8'}, {'type': {'value': 212, 'displayName': 'Length'}, 'value': '8.5'}, {'type': {'value': 56, 'displayName': 'Zone'}, 'value': 'Center'}, {'type': {'value': 213, 'displayName': 'Angle'}, 'value': '0.35'}, {'type': {'value': 140, 'displayName': 'PassEndX'}, 'value': '70.7'}, {'type': {'value': 178, 'displayName': 'StandingSave'}}]","[91, 119, 117, 30, 205, 36, 37, 217, 218]",True,105172.0,70.7,61.8,,,,,,,,,
2610367855.0,304,25,36.0,29,71.4,61.4,25,"{'value': 1, 'displayName': 'FirstHalf'}","{'value': 1, 'displayName': 'Pass'}","{'value': 0, 'displayName': 'Unsuccessful'}","[{'type': {'value': 141, 'displayName': 'PassEndY'}, 'value': '57.9'}, {'type': {'value': 178, 'displayName': 'StandingSave'}}, {'type': {'value': 212, 'displayName': 'Length'}, 'value': '3.9'}, {'type': {'value': 56, 'displayName': 'Zone'}, 'value': 'Center'}, {'type': {'value': 140, 'displayName': 'PassEndX'}, 'value': '74.4'}, {'type': {'value': 213, 'displayName': 'Angle'}, 'value': '5.64'}]","[91, 120, 29, 36, 38, 217, 218]",True,319756.0,74.4,57.9,,,,,,,,,
2610367851.0,238,25,37.0,31,28.5,43.6,25,"{'value': 1, 'displayName': 'FirstHalf'}","{'value': 8, 'displayName': 'Interception'}","{'value': 1, 'displayName': 'Successful'}","[{'type': {'value': 56, 'displayName': 'Zone'}, 'value': 'Back'}, {'type': {'value': 178, 'displayName': 'StandingSave'}}]","[91, 101, 56]",True,367781.0,,,,,,,,,,,
2610371455.0,325,25,38.0,29,67.2,52.8,25,"{'value': 1, 'displayName': 'FirstHalf'}","{'value': 3, 'displayName': 'TakeOn'}","{'value': 0, 'displayName': 'Unsuccessful'}","[{'type': {'value': 286, 'displayName': 'Offensive'}}, {'type': {'value': 56, 'displayName': 'Zone'}, 'value': 'Center'}, {'type': {'value': 178, 'displayName': 'StandingSave'}}, {'type': {'value': 211, 'displayName': 'OverRun'}}]","[91, 204]",True,400166.0,,,,,,,,,,,
2610368277.0,239,25,39.0,31,29.1,42.0,25,"{'value': 1, 'displayName': 'FirstHalf'}","{'value': 4, 'displayName': 'Foul'}","{'value': 1, 'displayName': 'Successful'}","[{'type': {'value': 233, 'displayName': 'OppositeRelatedEvent'}, 'value': '308'}, {'type': {'value': 285, 'displayName': 'Defensive'}}, {'type': {'value': 56, 'displayName': 'Zone'}, 'value': 'Back'}, {'type': {'value': 13, 'displayName': 'Foul'}}]","[91, 63]",True,131464.0,,,,,,,,,,,
2610370259.0,308,25,39.0,29,70.9,58.0,25,"{'value': 1, 'displayName': 'FirstHalf'}","{'value': 4, 'displayName': 'Foul'}","{'value': 0, 'displayName': 'Unsuccessful'}","[{'type': {'value': 56, 'displayName': 'Zone'}, 'value': 'Center'}, {'type': {'value': 286, 'displayName': 'Offensive'}}, {'type': {'value': 233, 'displayName': 'OppositeRelatedEvent'}, 'value': '239'}, {'type': {'value': 13, 'displayName': 'Foul'}}, {'type': {'value': 178, 'displayName': 'StandingSave'}}]",[64],False,400166.0,,,,,,,,,,,
2610369289.0,242,27,8.0,31,0.0,0.0,27,"{'value': 1, 'displayName': 'FirstHalf'}","{'value': 17, 'displayName': 'Card'}","{'value': 1, 'displayName': 'Successful'}","[{'type': {'value': 31, 'displayName': 'Yellow'}}]",[65],False,110189.0,,,,,,,,,,"{'value': 31, 'displayName': 'Yellow'}",
2610369599.0,307,27,25.0,29,0.0,0.0,27,"{'value': 1, 'displayName': 'FirstHalf'}","{'value': 17, 'displayName': 'Card'}","{'value': 1, 'displayName': 'Successful'}","[{'type': {'value': 31, 'displayName': 'Yellow'}}]",[65],False,400166.0,,,,,,,,,,"{'value': 31, 'displayName': 'Yellow'}",
2610370435.0,243,28,15.0,31,21.7,30.3,28,"{'value': 1, 'displayName': 'FirstHalf'}","{'value': 1, 'displayName': 'Pass'}","{'value': 0, 'displayName': 'Unsuccessful'}","[{'type': {'value': 140, 'displayName': 'PassEndX'}, 'value': '62.4'}, {'type': {'value': 1, 'displayName': 'Longball'}}, {'type': {'value': 178, 'displayName': 'StandingSave'}}, {'type': {'value': 213, 'displayName': 'Angle'}, 'value': '0.62'}, {'type': {'value': 5, 'displayName': 'FreekickTaken'}}, {'type': {'value': 155, 'displayName': 'Chipped'}}, {'type': {'value': 56, 'displayName': 'Zone'}, 'value': 'Center'}, {'type': {'value': 212, 'displayName': 'Length'}, 'value': '52.6'}, {'type': {'value': 141, 'displayName': 'PassEndY'}, 'value': '75.4'}]","[91, 120, 124, 128, 133, 36, 37, 216, 218]",True,110189.0,62.4,75.4,,,,,,,,,
2610370429.0,309,28,18.0,29,34.1,26.3,28,"{'value': 1, 'displayName': 'FirstHalf'}","{'value': 44, 'displayName': 'Aerial'}","{'value': 1, 'displayName': 'Successful'}","[{'type': {'value': 285, 'displayName': 'Defensive'}}, {'type': {'value': 56, 'displayName': 'Zone'}, 'value': 'Back'}, {'type': {'value': 233, 'displayName': 'OppositeRelatedEvent'}, 'value': '244'}]","[197, 200]",False,106086.0,,,,,,,,,,,
2610370439.0,244,28,18.0,31,65.9,73.7,28,"{'value': 1, 'displayName': 'FirstHalf'}","{'value': 44, 'displayName': 'Aerial'}","{'value': 0, 'displayName': 'Unsuccessful'}","[{'type': {'value': 56, 'displayName': 'Zone'}, 'value': 'Center'}, {'type': {'value': 233, 'displayName': 'OppositeRelatedEvent'}, 'value': '309'}, {'type': {'value': 286, 'displayName': 'Offensive'}}]","[198, 199]",False,141469.0,,,,,,,,,,,
2610370457.0,310,28,18.0,29,30.6,28.0,28,"{'value': 1, 'displayName': 'FirstHalf'}","{'value': 1, 'displayName': 'Pass'}","{'value': 0, 'displayName': 'Unsuccessful'}","[{'type': {'value': 3, 'displayName': 'HeadPass'}}, {'type': {'value': 56, 'displayName': 'Zone'}, 'value': 'Back'}, {'type': {'value': 141, 'displayName': 'PassEndY'}, 'value': '7.9'}, {'type': {'value': 212, 'displayName': 'Length'}, 'value': '15.8'}, {'type': {'value': 140, 'displayName': 'PassEndX'}, 'value': '38.1'}, {'type': {'value': 213, 'displayName': 'Angle'}, 'value': '5.24'}]","[91, 118, 120, 29, 139, 36, 38, 216, 218]",True,106086.0,38.1,7.9,,,,,,,,,
2610370523.0,245,28,21.0,31,56.6,95.4,28,"{'value': 1, 'displayName': 'FirstHalf'}","{'value': 1, 'displayName': 'Pass'}","{'value': 1, 'displayName': 'Successful'}","[{'type': {'value': 178, 'displayName': 'StandingSave'}}, {'type': {'value': 212, 'displayName': 'Length'}, 'value': '11.4'}, {'type': {'value': 56, 'displayName': 'Zone'}, 'value': 'Left'}, {'type': {'value': 141, 'displayName': 'PassEndY'}, 'value': '84.7'}, {'type': {'value': 213, 'displayName': 'Angle'}, 'value': '5.59'}, {'type': {'value': 140, 'displayName': 'PassEndX'}, 'value': '65.0'}, {'type': {'value': 155, 'displayName': 'Chipped'}}]","[91, 119, 117, 30, 124, 36, 38, 216, 218]",True,345516.0,65.0,84.7,,,,,,,,,
2610370539.0,246,28,24.0,31,62.9,85.1,28,"{'value': 1, 'displayName': 'FirstHalf'}","{'value': 1, 'displayName': 'Pass'}","{'value': 1, 'displayName': 'Successful'}","[{'type': {'value': 213, 'displayName': 'Angle'}, 'value': '1.49'}, {'type': {'value': 178, 'displayName': 'StandingSave'}}, {'type': {'value': 212, 'displayName': 'Length'}, 'value': '7.4'}, {'type': {'value': 141, 'displayName': 'PassEndY'}, 'value': '96.0'}, {'type': {'value': 140, 'displayName': 'PassEndX'}, 'value': '63.5'}, {'type': {'value': 56, 'displayName': 'Zone'}, 'value': 'Left'}]","[91, 119, 117, 30, 36, 37, 216, 218]",True,357427.0,63.5,96.0,,,,,,,,,
2610370559.0,247,28,25.0,31,63.5,96.0,28,"{'value': 1, 'displayName': 'FirstHalf'}","{'value': 1, 'displayName': 'Pass'}","{'value': 1, 'displayName': 'Successful'}","[{'type': {'value': 141, 'displayName': 'PassEndY'}, 'value': '92.4'}, {'type': {'value': 212, 'displayName': 'Length'}, 'value': '6.0'}, {'type': {'value': 56, 'displayName': 'Zone'}, 'value': 'Left'}, {'type': {'value': 213, 'displayName': 'Angle'}, 'value': '3.56'}, {'type': {'value': 178, 'displayName': 'StandingSave'}}, {'type': {'value': 140, 'displayName': 'PassEndX'}, 'value': '58.3'}]","[91, 119, 117, 30, 35, 38, 216, 218]",True,345516.0,58.3,92.4,,,,,,,,,
2610370627.0,248,28,27.0,31,58.4,92.4,28,"{'value': 1, 'displayName': 'FirstHalf'}","{'value': 1, 'displayName': 'Pass'}","{'value': 1, 'displayName': 'Successful'}","[{'type': {'value': 140, 'displayName': 'PassEndX'}, 'value': '46.2'}, {'type': {'value': 141, 'displayName': 'PassEndY'}, 'value': '89.4'}, {'type': {'value': 178, 'displayName': 'StandingSave'}}, {'type': {'value': 212, 'displayName': 'Length'}, 'value': '13.0'}, {'type': {'value': 56, 'displayName': 'Zone'}, 'value': 'Back'}, {'type': {'value': 213, 'displayName': 'Angle'}, 'value': '3.30'}]","[91, 117, 30, 35, 38, 216, 218]",True,357427.0,46.2,89.4,,,,,,,,,
2610370637.0,249,28,28.0,31,46.2,89.4,28,"{'value': 1, 'displayName': 'FirstHalf'}","{'value': 1, 'displayName': 'Pass'}","{'value': 1, 'displayName': 'Successful'}","[{'type': {'value': 56, 'displayName': 'Zone'}, 'value': 'Left'}, {'type': {'value': 178, 'displayName': 'StandingSave'}}, {'type': {'value': 213, 'displayName': 'Angle'}, 'value': '5.69'}, {'type': {'value': 212, 'displayName': 'Length'}, 'value': '8.1'}, {'type': {'value': 140, 'displayName': 'PassEndX'}, 'value': '52.6'}, {'type': {'value': 141, 'displayName': 'PassEndY'}, 'value': '82.7'}]","[91, 119, 117, 30, 36, 38, 216, 218]",True,381045.0,52.6,82.7,,,,,,,,,
2610370689.0,250,28,29.0,31,52.6,82.7,28,"{'value': 1, 'displayName': 'FirstHalf'}","{'value': 1, 'displayName': 'Pass'}","{'value': 1, 'displayName': 'Successful'}","[{'type': {'value': 212, 'displayName': 'Length'}, 'value': '36.3'}, {'type': {'value': 141, 'displayName': 'PassEndY'}, 'value': '50.3'}, {'type': {'value': 178, 'displayName': 'StandingSave'}}, {'type': {'value': 213, 'displayName': 'Angle'}, 'value': '3.79'}, {'type': {'value': 56, 'displayName': 'Zone'}, 'value': 'Back'}, {'type': {'value': 1, 'displayName': 'Longball'}}, {'type': {'value': 140, 'displayName': 'PassEndX'}, 'value': '25.1'}]","[91, 117, 127, 35, 38, 215, 218]",True,400815.0,25.1,50.3,,,,,,,,,
2610370721.0,251,28,33.0,31,25.1,49.4,28,"{'value': 1, 'displayName': 'FirstHalf'}","{'value': 1, 'displayName': 'Pass'}","{'value': 1, 'displayName': 'Successful'}","[{'type': {'value': 213, 'displayName': 'Angle'}, 'value': '5.73'}, {'type': {'value': 140, 'displayName': 'PassEndX'}, 'value': '32.4'}, {'type': {'value': 56, 'displayName': 'Zone'}, 'value': 'Back'}, {'type': {'value': 141, 'displayName': 'PassEndY'}, 'value': '42.5'}, {'type': {'value': 178, 'displayName': 'StandingSave'}}, {'type': {'value': 212, 'displayName': 'Length'}, 'value': '9.0'}]","[91, 117, 30, 36, 38, 215, 218]",True,110189.0,32.4,42.5,,,,,,,,,
2610370779.0,252,28,37.0,31,42.3,31.3,28,"{'value': 1, 'displayName': 'FirstHalf'}","{'value': 1, 'displayName': 'Pass'}","{'value': 1, 'displayName': 'Successful'}","[{'type': {'value': 178, 'displayName': 'StandingSave'}}, {'type': {'value': 140, 'displayName': 'PassEndX'}, 'value': '46.5'}, {'type': {'value': 141, 'displayName': 'PassEndY'}, 'value': '3.7'}, {'type': {'value': 56, 'displayName': 'Zone'}, 'value': 'Back'}, {'type': {'value': 213, 'displayName': 'Angle'}, 'value': '4.94'}, {'type': {'value': 212, 'displayName': 'Length'}, 'value': '19.3'}]","[91, 117, 30, 36, 38, 216, 218]",True,131464.0,46.5,3.7,,,,,,,,,
2610370789.0,253,28,40.0,31,48.6,2.8,28,"{'value': 1, 'displayName': 'FirstHalf'}","{'value': 1, 'displayName': 'Pass'}","{'value': 0, 'displayName': 'Unsuccessful'}","[{'type': {'value': 212, 'displayName': 'Length'}, 'value': '26.8'}, {'type': {'value': 141, 'displayName': 'PassEndY'}, 'value': '18.3'}, {'type': {'value': 140, 'displayName': 'PassEndX'}, 'value': '72.1'}, {'type': {'value': 155, 'displayName': 'Chipped'}}, {'type': {'value': 178, 'displayName': 'StandingSave'}}, {'type': {'value': 213, 'displayName': 'Angle'}, 'value': '0.40'}, {'type': {'value': 56, 'displayName': 'Zone'}, 'value': 'Right'}]","[91, 120, 29, 124, 36, 37, 217, 218]",True,396975.0,72.1,18.3,,,,,,,,,
2610370803.0,311,28,41.0,29,25.9,87.4,28,"{'value': 1, 'displayName': 'FirstHalf'}","{'value': 49, 'displayName': 'BallRecovery'}","{'value': 1, 'displayName': 'Successful'}",[],[93],False,362434.0,,,,,,,,,,,
2610370821.0,312,28,43.0,29,25.5,87.7,28,"{'value': 1, 'displayName': 'FirstHalf'}","{'value': 1, 'displayName': 'Pass'}","{'value': 0, 'displayName': 'Unsuccessful'}","[{'type': {'value': 178, 'displayName': 'StandingSave'}}, {'type': {'value': 212, 'displayName': 'Length'}, 'value': '2.9'}, {'type': {'value': 56, 'displayName': 'Zone'}, 'value': 'Back'}, {'type': {'value': 141, 'displayName': 'PassEndY'}, 'value': '91.2'}, {'type': {'value': 140, 'displayName': 'PassEndX'}, 'value': '27.1'}, {'type': {'value': 213, 'displayName': 'Angle'}, 'value': '0.96'}]","[91, 118, 120, 29, 36, 37, 215, 218]",True,362434.0,27.1,91.2,,,,,,,,,
2610370835.0,254,28,44.0,31,69.4,10.0,28,"{'value': 1, 'displayName': 'FirstHalf'}","{'value': 8, 'displayName': 'Interception'}","{'value': 1, 'displayName': 'Successful'}","[{'type': {'value': 178, 'displayName': 'StandingSave'}}, {'type': {'value': 56, 'displayName': 'Zone'}, 'value': 'Right'}]","[91, 101, 56]",True,367781.0,,,,,,,,,,,
2610370863.0,313,28,45.0,29,27.7,96.9,28,"{'value': 1, 'displayName': 'FirstHalf'}","{'value': 1, 'displayName': 'Pass'}","{'value': 0, 'displayName': 'Unsuccessful'}","[{'type': {'value': 212, 'displayName': 'Length'}, 'value': '13.0'}, {'type': {'value': 141, 'displayName': 'PassEndY'}, 'value': '95.9'}, {'type': {'value': 178, 'displayName': 'StandingSave'}}, {'type': {'value': 140, 'displayName': 'PassEndX'}, 'value': '40.1'}, {'type': {'value': 56, 'displayName': 'Zone'}, 'value': 'Back'}, {'type': {'value': 213, 'displayName': 'Angle'}, 'value': '6.23'}]","[91, 118, 120, 29, 36, 38, 216, 218]",True,68049.0,40.1,95.9,,,,,,,,,
2610370871.0,256,28,46.0,31,61.2,7.0,28,"{'value': 1, 'displayName': 'FirstHalf'}","{'value': 8, 'displayName': 'Interception'}","{'value': 1, 'displayName': 'Successful'}","[{'type': {'value': 178, 'displayName': 'StandingSave'}}, {'type': {'value': 56, 'displayName': 'Zone'}, 'value': 'Right'}]","[91, 101, 56]",True,396975.0,,,,,,,,,,,
2610370891.0,257,28,47.0,31,67.1,6.5,28,"{'value': 1, 'displayName': 'FirstHalf'}","{'value': 49, 'displayName': 'BallRecovery'}","{'value': 1, 'displayName': 'Successful'}",[],[93],False,317896.0,,,,,,,,,,,
2610370929.0,258,28,50.0,31,69.1,5.4,28,"{'value': 1, 'displayName': 'FirstHalf'}","{'value': 3, 'displayName': 'TakeOn'}","{'value': 0, 'displayName': 'Unsuccessful'}","[{'type': {'value': 56, 'displayName': 'Zone'}, 'value': 'Right'}, {'type': {'value': 286, 'displayName': 'Offensive'}}, {'type': {'value': 178, 'displayName': 'StandingSave'}}, {'type': {'value': 233, 'displayName': 'OppositeRelatedEvent'}, 'value': '314'}]","[91, 53]",True,317896.0,,,,,,,,,,,
2610370957.0,314,28,50.0,29,30.9,94.6,28,"{'value': 1, 'displayName': 'FirstHalf'}","{'value': 7, 'displayName': 'Tackle'}","{'value': 0, 'displayName': 'Unsuccessful'}","[{'type': {'value': 285, 'displayName': 'Defensive'}}, {'type': {'value': 233, 'displayName': 'OppositeRelatedEvent'}, 'value': '258'}, {'type': {'value': 56, 'displayName': 'Zone'}, 'value': 'Back'}, {'type': {'value': 178, 'displayName': 'StandingSave'}}]","[91, 142]",True,68049.0,,,,,,,,,,,
2610371843.0,263,28,50.0,31,75.8,2.5,28,"{'value': 1, 'displayName': 'FirstHalf'}","{'value': 61, 'displayName': 'BallTouch'}","{'value': 1, 'displayName': 'Successful'}","[{'type': {'value': 178, 'displayName': 'StandingSave'}}, {'type': {'value': 56, 'displayName': 'Zone'}, 'value': 'Right'}]",[91],True,317896.0,,,,,,,,,,,
2610370981.0,315,28,51.0,29,30.2,96.0,28,"{'value': 1, 'displayName': 'FirstHalf'}","{'value': 49, 'displayName': 'BallRecovery'}","{'value': 1, 'displayName': 'Successful'}",[],[93],False,319756.0,,,,,,,,,,,
2610371043.0,316,28,54.0,29,31.0,93.8,28,"{'value': 1, 'displayName': 'FirstHalf'}","{'value': 1, 'displayName': 'Pass'}","{'value': 1, 'displayName': 'Successful'}","[{'type': {'value': 140, 'displayName': 'PassEndX'}, 'value': '40.9'}, {'type': {'value': 141, 'displayName': 'PassEndY'}, 'value': '85.3'}, {'type': {'value': 56, 'displayName': 'Zone'}, 'value': 'Back'}, {'type': {'value': 178, 'displayName': 'StandingSave'}}, {'type': {'value': 213, 'displayName': 'Angle'}, 'value': '5.78'}, {'type': {'value': 212, 'displayName': 'Length'}, 'value': '11.9'}]","[91, 117, 30, 36, 38, 216, 218]",True,319756.0,40.9,85.3,,,,,,,,,
2610371157.0,317,28,57.0,29,39.0,77.8,28,"{'value': 1, 'displayName': 'FirstHalf'}","{'value': 1, 'displayName': 'Pass'}","{'value': 1, 'displayName': 'Successful'}","[{'type': {'value': 140, 'displayName': 'PassEndX'}, 'value': '40.1'}, {'type': {'value': 141, 'displayName': 'PassEndY'}, 'value': '18.0'}, {'type': {'value': 178, 'displayName': 'StandingSave'}}, {'type': {'value': 212, 'displayName': 'Length'}, 'value': '40.7'}, {'type': {'value': 1, 'displayName': 'Longball'}}, {'type': {'value': 56, 'displayName': 'Zone'}, 'value': 'Back'}, {'type': {'value': 213, 'displayName': 'Angle'}, 'value': '4.74'}]","[91, 117, 127, 36, 38, 216, 218]",True,400166.0,40.1,18.0,,,,,,,,,
2610371195.0,318,29,3.0,29,53.1,7.7,29,"{'value': 1, 'displayName': 'FirstHalf'}","{'value': 1, 'displayName': 'Pass'}","{'value': 1, 'displayName': 'Successful'}","[{'type': {'value': 213, 'displayName': 'Angle'}, 'value': '6.07'}, {'type': {'value': 56, 'displayName': 'Zone'}, 'value': 'Right'}, {'type': {'value': 140, 'displayName': 'PassEndX'}, 'value': '63.2'}, {'type': {'value': 178, 'displayName': 'StandingSave'}}, {'type': {'value': 141, 'displayName': 'PassEndY'}, 'value': '4.3'}, {'type': {'value': 212, 'displayName': 'Length'}, 'value': '10.9'}]","[91, 119, 117, 30, 36, 38, 216, 218]",True,111372.0,63.2,4.3,,,,,,,,,
2610371203.0,319,29,4.0,29,63.2,4.3,29,"{'value': 1, 'displayName': 'FirstHalf'}","{'value': 1, 'displayName': 'Pass'}","{'value': 1, 'displayName': 'Successful'}","[{'type': {'value': 213, 'displayName': 'Angle'}, 'value': '2.97'}, {'type': {'value': 56, 'displayName': 'Zone'}, 'value': 'Right'}, {'type': {'value': 212, 'displayName': 'Length'}, 'value': '8.2'}, {'type': {'value': 141, 'displayName': 'PassEndY'}, 'value': '6.4'}, {'type': {'value': 178, 'displayName': 'StandingSave'}}, {'type': {'value': 140, 'displayName': 'PassEndX'}, 'value': '55.5'}]","[91, 119, 117, 30, 35, 37, 216, 218]",True,322596.0,55.5,6.4,,,,,,,,,
2610371265.0,320,29,6.0,29,54.9,7.1,29,"{'value': 1, 'displayName': 'FirstHalf'}","{'value': 1, 'displayName': 'Pass'}","{'value': 1, 'displayName': 'Successful'}","[{'type': {'value': 212, 'displayName': 'Length'}, 'value': '8.9'}, {'type': {'value': 213, 'displayName': 'Angle'}, 'value': '1.90'}, {'type': {'value': 56, 'displayName': 'Zone'}, 'value': 'Right'}, {'type': {'value': 140, 'displayName': 'PassEndX'}, 'value': '52.2'}, {'type': {'value': 141, 'displayName': 'PassEndY'}, 'value': '19.5'}, {'type': {'value': 178, 'displayName': 'StandingSave'}}]","[91, 119, 117, 30, 35, 37, 216, 218]",True,111372.0,52.2,19.5,,,,,,,,,
2610371283.0,321,29,9.0,29,47.7,23.3,29,"{'value': 1, 'displayName': 'FirstHalf'}","{'value': 1, 'displayName': 'Pass'}","{'value': 1, 'displayName': 'Successful'}","[{'type': {'value': 212, 'displayName': 'Length'}, 'value': '7.0'}, {'type': {'value': 140, 'displayName': 'PassEndX'}, 'value': '41.8'}, {'type': {'value': 178, 'displayName': 'StandingSave'}}, {'type': {'value': 141, 'displayName': 'PassEndY'}, 'value': '28.2'}, {'type': {'value': 56, 'displayName': 'Zone'}, 'value': 'Back'}, {'type': {'value': 213, 'displayName': 'Angle'}, 'value': '2.65'}]","[91, 117, 30, 35, 37, 216, 218]",True,105172.0,41.8,28.2,,,,,,,,,
2610371349.0,322,29,11.0,29,40.9,34.9,29,"{'value': 1, 'displayName': 'FirstHalf'}","{'value': 1, 'displayName': 'Pass'}","{'value': 1, 'displayName': 'Successful'}","[{'type': {'value': 178, 'displayName': 'StandingSave'}}, {'type': {'value': 56, 'displayName': 'Zone'}, 'value': 'Back'}, {'type': {'value': 212, 'displayName': 'Length'}, 'value': '19.6'}, {'type': {'value': 140, 'displayName': 'PassEndX'}, 'value': '40.6'}, {'type': {'value': 213, 'displayName': 'Angle'}, 'value': '1.59'}, {'type': {'value': 141, 'displayName': 'PassEndY'}, 'value': '63.7'}]","[91, 117, 30, 35, 37, 216, 218]",True,106086.0,40.6,63.7,,,,,,,,,
2610371377.0,323,29,14.0,29,41.9,68.4,29,"{'value': 1, 'displayName': 'FirstHalf'}","{'value': 1, 'displayName': 'Pass'}","{'value': 1, 'displayName': 'Successful'}","[{'type': {'value': 212, 'displayName': 'Length'}, 'value': '24.0'}, {'type': {'value': 213, 'displayName': 'Angle'}, 'value': '0.82'}, {'type': {'value': 140, 'displayName': 'PassEndX'}, 'value': '57.5'}, {'type': {'value': 178, 'displayName': 'StandingSave'}}, {'type': {'value': 141, 'displayName': 'PassEndY'}, 'value': '94.2'}, {'type': {'value': 56, 'displayName': 'Zone'}, 'value': 'Left'}]","[91, 119, 117, 30, 36, 37, 216, 218]",True,362434.0,57.5,94.2,,,,,,,,,
2610371427.0,324,29,15.0,29,57.5,93.8,29,"{'value': 1, 'displayName': 'FirstHalf'}","{'value': 1, 'displayName': 'Pass'}","{'value': 0, 'displayName': 'Unsuccessful'}","[{'type': {'value': 212, 'displayName': 'Length'}, 'value': '42.2'}, {'type': {'value': 140, 'displayName': 'PassEndX'}, 'value': '87.3'}, {'type': {'value': 56, 'displayName': 'Zone'}, 'value': 'Center'}, {'type': {'value': 213, 'displayName': 'Angle'}, 'value': '5.55'}, {'type': {'value': 1, 'displayName': 'Longball'}}, {'type': {'value': 178, 'displayName': 'StandingSave'}}, {'type': {'value': 141, 'displayName': 'PassEndY'}, 'value': '52.2'}, {'type': {'value': 155, 'displayName': 'Chipped'}}]","[91, 120, 124, 128, 36, 38, 217, 218]",True,319756.0,87.3,52.2,,,,,,,,,
2610371469.0,260,29,19.0,31,12.5,46.3,29,"{'value': 1, 'displayName': 'FirstHalf'}","{'value': 52, 'displayName': 'KeeperPickup'}","{'value': 1, 'displayName': 'Successful'}","[{'type': {'value': 178, 'displayName': 'StandingSave'}}]",[93],False,110189.0,,,,,,,,,,,
2610371553.0,261,29,20.0,31,14.7,44.3,29,"{'value': 1, 'displayName': 'FirstHalf'}","{'value': 1, 'displayName': 'Pass'}","{'value': 0, 'displayName': 'Unsuccessful'}","[{'type': {'value': 141, 'displayName': 'PassEndY'}, 'value': '0.0'}, {'type': {'value': 212, 'displayName': 'Length'}, 'value': '66.1'}, {'type': {'value': 140, 'displayName': 'PassEndX'}, 'value': '70.3'}, {'type': {'value': 1, 'displayName': 'Longball'}}, {'type': {'value': 213, 'displayName': 'Angle'}, 'value': '5.79'}, {'type': {'value': 56, 'displayName': 'Zone'}, 'value': 'Right'}]","[91, 120, 128, 36, 38, 217, 218]",True,110189.0,70.3,0.0,,,,,,,,,
2610371935.0,327,29,45.0,29,29.8,100.0,29,"{'value': 1, 'displayName': 'FirstHalf'}","{'value': 1, 'displayName': 'Pass'}","{'value': 1, 'displayName': 'Successful'}","[{'type': {'value': 107, 'displayName': 'ThrowIn'}}, {'type': {'value': 212, 'displayName': 'Length'}, 'value': '13.0'}, {'type': {'value': 213, 'displayName': 'Angle'}, 'value': '3.69'}, {'type': {'value': 141, 'displayName': 'PassEndY'}, 'value': '92.1'}, {'type': {'value': 56, 'displayName': 'Zone'}, 'value': 'Back'}, {'type': {'value': 140, 'displayName': 'PassEndX'}, 'value': '19.2'}]","[91, 212, 35, 38, 215]",True,68049.0,19.2,92.1,,,,,,,,,
2610372009.0,328,29,47.0,29,19.1,92.0,29,"{'value': 1, 'displayName': 'FirstHalf'}","{'value': 1, 'displayName': 'Pass'}","{'value': 0, 'displayName': 'Unsuccessful'}","[{'type': {'value': 56, 'displayName': 'Zone'}, 'value': 'Center'}, {'type': {'value': 141, 'displayName': 'PassEndY'}, 'value': '43.4'}, {'type': {'value': 213, 'displayName': 'Angle'}, 'value': '5.67'}, {'type': {'value': 1, 'displayName': 'Longball'}}, {'type': {'value': 212, 'displayName': 'Length'}, 'value': '57.8'}, {'type': {'value': 178, 'displayName': 'StandingSave'}}, {'type': {'value': 140, 'displayName': 'PassEndX'}, 'value': '64.3'}]","[91, 120, 128, 36, 38, 216, 218]",True,322696.0,64.3,43.4,,,,,,,,,
2610372041.0,264,29,52.0,31,32.3,49.7,29,"{'value': 1, 'displayName': 'FirstHalf'}","{'value': 1, 'displayName': 'Pass'}","{'value': 0, 'displayName': 'Unsuccessful'}","[{'type': {'value': 56, 'displayName': 'Zone'}, 'value': 'Back'}, {'type': {'value': 213, 'displayName': 'Angle'}, 'value': '0.02'}, {'type': {'value': 212, 'displayName': 'Length'}, 'value': '6.6'}, {'type': {'value': 141, 'displayName': 'PassEndY'}, 'value': '49.9'}, {'type': {'value': 3, 'displayName': 'HeadPass'}}, {'type': {'value': 140, 'displayName': 'PassEndX'}, 'value': '38.6'}]","[91, 118, 120, 29, 139, 36, 37, 216, 218]",True,381045.0,38.6,49.9,,,,,,,,,
2610372091.0,329,29,55.0,29,64.4,52.1,29,"{'value': 1, 'displayName': 'FirstHalf'}","{'value': 4, 'displayName': 'Foul'}","{'value': 1, 'displayName': 'Successful'}","[{'type': {'value': 286, 'displayName': 'Offensive'}}, {'type': {'value': 13, 'displayName': 'Foul'}}, {'type': {'value': 56, 'displayName': 'Zone'}, 'value': 'Center'}, {'type': {'value': 233, 'displayName': 'OppositeRelatedEvent'}, 'value': '265'}]","[91, 63]",True,322596.0,,,,,,,,,,,
2610372099.0,265,29,55.0,31,35.6,47.9,29,"{'value': 1, 'displayName': 'FirstHalf'}","{'value': 4, 'displayName': 'Foul'}","{'value': 0, 'displayName': 'Unsuccessful'}","[{'type': {'value': 178, 'displayName': 'StandingSave'}}, {'type': {'value': 56, 'displayName': 'Zone'}, 'value': 'Back'}, {'type': {'value': 233, 'displayName': 'OppositeRelatedEvent'}, 'value': '329'}, {'type': {'value': 285, 'displayName': 'Defensive'}}, {'type': {'value': 13, 'displayName': 'Foul'}}]",[64],False,400815.0,,,,,,,,,,,
2610372709.0,330,30,29.0,29,58.9,57.2,30,"{'value': 1, 'displayName': 'FirstHalf'}","{'value': 1, 'displayName': 'Pass'}","{'value': 0, 'displayName': 'Unsuccessful'}","[{'type': {'value': 212, 'displayName': 'Length'}, 'value': '21.8'}, {'type': {'value': 141, 'displayName': 'PassEndY'}, 'value': '64.9'}, {'type': {'value': 5, 'displayName': 'FreekickTaken'}}, {'type': {'value': 140, 'displayName': 'PassEndX'}, 'value': '79.1'}, {'type': {'value': 178, 'displayName': 'StandingSave'}}, {'type': {'value': 155, 'displayName': 'Chipped'}}, {'type': {'value': 213, 'displayName': 'Angle'}, 'value': '0.24'}, {'type': {'value': 56, 'displayName': 'Zone'}, 'value': 'Center'}]","[91, 120, 29, 124, 133, 36, 37, 217, 218]",True,322696.0,79.1,64.9,,,,,,,,,
2610372767.0,266,30,30.0,31,20.4,43.1,30,"{'value': 1, 'displayName': 'FirstHalf'}","{'value': 1, 'displayName': 'Pass'}","{'value': 1, 'displayName': 'Successful'}","[{'type': {'value': 3, 'displayName': 'HeadPass'}}, {'type': {'value': 213, 'displayName': 'Angle'}, 'value': '6.03'}, {'type': {'value': 212, 'displayName': 'Length'}, 'value': '18.4'}, {'type': {'value': 56, 'displayName': 'Zone'}, 'value': 'Back'}, {'type': {'value': 141, 'displayName': 'PassEndY'}, 'value': '36.3'}, {'type': {'value': 140, 'displayName': 'PassEndX'}, 'value': '37.4'}, {'type': {'value': 178, 'displayName': 'StandingSave'}}]","[91, 117, 30, 139, 36, 38, 216, 218]",True,131464.0,37.4,36.3,,,,,,,,,
2610372773.0,267,30,32.0,31,37.5,36.3,30,"{'value': 1, 'displayName': 'FirstHalf'}","{'value': 49, 'displayName': 'BallRecovery'}","{'value': 1, 'displayName': 'Successful'}",[],[93],False,367781.0,,,,,,,,,,,
2610372877.0,268,30,34.0,31,44.9,26.8,30,"{'value': 1, 'displayName': 'FirstHalf'}","{'value': 1, 'displayName': 'Pass'}","{'value': 1, 'displayName': 'Successful'}","[{'type': {'value': 213, 'displayName': 'Angle'}, 'value': '5.63'}, {'type': {'value': 56, 'displayName': 'Zone'}, 'value': 'Right'}, {'type': {'value': 212, 'displayName': 'Length'}, 'value': '19.0'}, {'type': {'value': 141, 'displayName': 'PassEndY'}, 'value': '9.8'}, {'type': {'value': 178, 'displayName': 'StandingSave'}}, {'type': {'value': 140, 'displayName': 'PassEndX'}, 'value': '59.3'}]","[91, 119, 117, 30, 36, 38, 216, 218]",True,367781.0,59.3,9.8,,,,,,,,,
2610372951.0,269,30,39.0,31,67.9,4.4,30,"{'value': 1, 'displayName': 'FirstHalf'}","{'value': 1, 'displayName': 'Pass'}","{'value': 1, 'displayName': 'Successful'}","[{'type': {'value': 141, 'displayName': 'PassEndY'}, 'value': '5.2'}, {'type': {'value': 140, 'displayName': 'PassEndX'}, 'value': '60.6'}, {'type': {'value': 56, 'displayName': 'Zone'}, 'value': 'Right'}, {'type': {'value': 212, 'displayName': 'Length'}, 'value': '7.7'}, {'type': {'value': 213, 'displayName': 'Angle'}, 'value': '3.07'}, {'type': {'value': 178, 'displayName': 'StandingSave'}}]","[91, 119, 117, 30, 35, 37, 216, 218]",True,141469.0,60.6,5.2,,,,,,,,,
2610372973.0,270,30,42.0,31,65.9,9.2,30,"{'value': 1, 'displayName': 'FirstHalf'}","{'value': 1, 'displayName': 'Pass'}","{'value': 1, 'displayName': 'Successful'}","[{'type': {'value': 56, 'displayName': 'Zone'}, 'value': 'Right'}, {'type': {'value': 178, 'displayName': 'StandingSave'}}, {'type': {'value': 213, 'displayName': 'Angle'}, 'value': '1.49'}, {'type': {'value': 140, 'displayName': 'PassEndX'}, 'value': '66.4'}, {'type': {'value': 212, 'displayName': 'Length'}, 'value': '6.3'}, {'type': {'value': 141, 'displayName': 'PassEndY'}, 'value': '18.5'}]","[91, 119, 117, 30, 36, 37, 216, 218]",True,317896.0,66.4,18.5,,,,,,,,,
2610373019.0,271,30,45.0,31,63.4,17.1,30,"{'value': 1, 'displayName': 'FirstHalf'}","{'value': 1, 'displayName': 'Pass'}","{'value': 1, 'displayName': 'Successful'}","[{'type': {'value': 178, 'displayName': 'StandingSave'}}, {'type': {'value': 212, 'displayName': 'Length'}, 'value': '10.3'}, {'type': {'value': 141, 'displayName': 'PassEndY'}, 'value': '4.7'}, {'type': {'value': 213, 'displayName': 'Angle'}, 'value': '4.10'}, {'type': {'value': 56, 'displayName': 'Zone'}, 'value': 'Right'}, {'type': {'value': 140, 'displayName': 'PassEndX'}, 'value': '57.7'}]","[91, 119, 117, 30, 35, 38, 216, 218]",True,141469.0,57.7,4.7,,,,,,,,,
2610373087.0,272,30,46.0,31,57.7,4.7,30,"{'value': 1, 'displayName': 'FirstHalf'}","{'value': 1, 'displayName': 'Pass'}","{'value': 1, 'displayName': 'Successful'}","[{'type': {'value': 212, 'displayName': 'Length'}, 'value': '8.2'}, {'type': {'value': 141, 'displayName': 'PassEndY'}, 'value': '16.1'}, {'type': {'value': 178, 'displayName': 'StandingSave'}}, {'type': {'value': 213, 'displayName': 'Angle'}, 'value': '1.91'}, {'type': {'value': 56, 'displayName': 'Zone'}, 'value': 'Right'}, {'type': {'value': 140, 'displayName': 'PassEndX'}, 'value': '55.1'}]","[91, 119, 117, 30, 35, 37, 216, 218]",True,396975.0,55.1,16.1,,,,,,,,,
2610373151.0,273,30,50.0,31,53.4,29.4,30,"{'value': 1, 'displayName': 'FirstHalf'}","{'value': 1, 'displayName': 'Pass'}","{'value': 1, 'displayName': 'Successful'}","[{'type': {'value': 178, 'displayName': 'StandingSave'}}, {'type': {'value': 141, 'displayName': 'PassEndY'}, 'value': '55.4'}, {'type': {'value': 56, 'displayName': 'Zone'}, 'value': 'Back'}, {'type': {'value': 212, 'displayName': 'Length'}, 'value': '18.9'}, {'type': {'value': 213, 'displayName': 'Angle'}, 'value': '1.93'}, {'type': {'value': 140, 'displayName': 'PassEndX'}, 'value': '47.1'}]","[91, 117, 30, 35, 37, 216, 218]",True,400815.0,47.1,55.4,,,,,,,,,
2610373207.0,274,30,53.0,31,53.9,65.7,30,"{'value': 1, 'displayName': 'FirstHalf'}","{'value': 1, 'displayName': 'Pass'}","{'value': 1, 'displayName': 'Successful'}","[{'type': {'value': 213, 'displayName': 'Angle'}, 'value': '1.01'}, {'type': {'value': 140, 'displayName': 'PassEndX'}, 'value': '64.8'}, {'type': {'value': 212, 'displayName': 'Length'}, 'value': '21.6'}, {'type': {'value': 56, 'displayName': 'Zone'}, 'value': 'Left'}, {'type': {'value': 141, 'displayName': 'PassEndY'}, 'value': '92.7'}, {'type': {'value': 178, 'displayName': 'StandingSave'}}]","[91, 119, 117, 30, 36, 37, 216, 218]",True,381045.0,64.8,92.7,,,,,,,,,
2610373211.0,275,30,55.0,31,64.7,91.2,30,"{'value': 1, 'displayName': 'FirstHalf'}","{'value': 61, 'displayName': 'BallTouch'}","{'value': 0, 'displayName': 'Unsuccessful'}","[{'type': {'value': 56, 'displayName': 'Zone'}, 'value': 'Left'}, {'type': {'value': 178, 'displayName': 'StandingSave'}}]","[91, 69]",True,357427.0,,,,,,,,,,,
2610373221.0,331,30,56.0,29,31.4,19.8,30,"{'value': 1, 'displayName': 'FirstHalf'}","{'value': 49, 'displayName': 'BallRecovery'}","{'value': 1, 'displayName': 'Successful'}",[],[93],False,322596.0,,,,,,,,,,,
2610373275.0,332,30,57.0,29,32.0,21.6,30,"{'value': 1, 'displayName': 'FirstHalf'}","{'value': 1, 'displayName': 'Pass'}","{'value': 1, 'displayName': 'Successful'}","[{'type': {'value': 140, 'displayName': 'PassEndX'}, 'value': '23.3'}, {'type': {'value': 56, 'displayName': 'Zone'}, 'value': 'Back'}, {'type': {'value': 213, 'displayName': 'Angle'}, 'value': '3.40'}, {'type': {'value': 178, 'displayName': 'StandingSave'}}, {'type': {'value': 212, 'displayName': 'Length'}, 'value': '9.5'}, {'type': {'value': 141, 'displayName': 'PassEndY'}, 'value': '18.0'}]","[91, 117, 30, 35, 38, 215, 218]",True,322596.0,23.3,18.0,,,,,,,,,
2610373331.0,333,30,59.0,29,23.3,17.9,30,"{'value': 1, 'displayName': 'FirstHalf'}","{'value': 1, 'displayName': 'Pass'}","{'value': 1, 'displayName': 'Successful'}","[{'type': {'value': 56, 'displayName': 'Zone'}, 'value': 'Back'}, {'type': {'value': 212, 'displayName': 'Length'}, 'value': '7.2'}, {'type': {'value': 213, 'displayName': 'Angle'}, 'value': '0.93'}, {'type': {'value': 140, 'displayName': 'PassEndX'}, 'value': '27.4'}, {'type': {'value': 178, 'displayName': 'StandingSave'}}, {'type': {'value': 141, 'displayName': 'PassEndY'}, 'value': '26.4'}]","[91, 117, 30, 36, 37, 215, 218]",True,111372.0,27.4,26.4,,,,,,,,,
2610373373.0,334,31,1.0,29,22.5,22.1,31,"{'value': 1, 'displayName': 'FirstHalf'}","{'value': 1, 'displayName': 'Pass'}","{'value': 1, 'displayName': 'Successful'}","[{'type': {'value': 140, 'displayName': 'PassEndX'}, 'value': '5.6'}, {'type': {'value': 141, 'displayName': 'PassEndY'}, 'value': '31.2'}, {'type': {'value': 213, 'displayName': 'Angle'}, 'value': '2.81'}, {'type': {'value': 212, 'displayName': 'Length'}, 'value': '18.8'}, {'type': {'value': 56, 'displayName': 'Zone'}, 'value': 'Back'}, {'type': {'value': 178, 'displayName': 'StandingSave'}}]","[91, 117, 30, 35, 37, 215, 218]",True,105172.0,5.6,31.2,,,,,,,,,
2610373441.0,335,31,2.0,29,6.1,30.7,31,"{'value': 1, 'displayName': 'FirstHalf'}","{'value': 1, 'displayName': 'Pass'}","{'value': 0, 'displayName': 'Unsuccessful'}","[{'type': {'value': 178, 'displayName': 'StandingSave'}}, {'type': {'value': 212, 'displayName': 'Length'}, 'value': '36.9'}, {'type': {'value': 140, 'displayName': 'PassEndX'}, 'value': '39.3'}, {'type': {'value': 141, 'displayName': 'PassEndY'}, 'value': '12.8'}, {'type': {'value': 56, 'displayName': 'Zone'}, 'value': 'Back'}, {'type': {'value': 213, 'displayName': 'Angle'}, 'value': '5.95'}, {'type': {'value': 1, 'displayName': 'Longball'}}]","[91, 118, 120, 128, 36, 38, 216, 218]",True,92516.0,39.3,12.8,,,,,,,,,
2610373459.0,276,31,6.0,31,60.0,89.5,31,"{'value': 1, 'displayName': 'FirstHalf'}","{'value': 44, 'displayName': 'Aerial'}","{'value': 1, 'displayName': 'Successful'}","[{'type': {'value': 233, 'displayName': 'OppositeRelatedEvent'}, 'value': '336'}, {'type': {'value': 56, 'displayName': 'Zone'}, 'value': 'Left'}, {'type': {'value': 286, 'displayName': 'Offensive'}}]","[197, 199]",False,345516.0,,,,,,,,,,,
2610373451.0,336,31,6.0,29,40.0,10.5,31,"{'value': 1, 'displayName': 'FirstHalf'}","{'value': 44, 'displayName': 'Aerial'}","{'value': 0, 'displayName': 'Unsuccessful'}","[{'type': {'value': 285, 'displayName': 'Defensive'}}, {'type': {'value': 233, 'displayName': 'OppositeRelatedEvent'}, 'value': '276'}, {'type': {'value': 56, 'displayName': 'Zone'}, 'value': 'Back'}]","[198, 200]",False,322596.0,,,,,,,,,,,
2610373475.0,277,31,6.0,31,59.7,91.3,31,"{'value': 1, 'displayName': 'FirstHalf'}","{'value': 1, 'displayName': 'Pass'}","{'value': 1, 'displayName': 'Successful'}","[{'type': {'value': 56, 'displayName': 'Zone'}, 'value': 'Left'}, {'type': {'value': 213, 'displayName': 'Angle'}, 'value': '5.57'}, {'type': {'value': 140, 'displayName': 'PassEndX'}, 'value': '62.0'}, {'type': {'value': 3, 'displayName': 'HeadPass'}}, {'type': {'value': 178, 'displayName': 'StandingSave'}}, {'type': {'value': 141, 'displayName': 'PassEndY'}, 'value': '88.2'}, {'type': {'value': 212, 'displayName': 'Length'}, 'value': '3.2'}]","[91, 119, 117, 30, 139, 36, 38, 216, 218]",True,345516.0,62.0,88.2,,,,,,,,,
2610373529.0,278,31,8.0,31,64.1,88.0,31,"{'value': 1, 'displayName': 'FirstHalf'}","{'value': 1, 'displayName': 'Pass'}","{'value': 1, 'displayName': 'Successful'}","[{'type': {'value': 141, 'displayName': 'PassEndY'}, 'value': '98.6'}, {'type': {'value': 140, 'displayName': 'PassEndX'}, 'value': '64.7'}, {'type': {'value': 3, 'displayName': 'HeadPass'}}, {'type': {'value': 212, 'displayName': 'Length'}, 'value': '7.2'}, {'type': {'value': 56, 'displayName': 'Zone'}, 'value': 'Left'}, {'type': {'value': 213, 'displayName': 'Angle'}, 'value': '1.48'}]","[91, 119, 117, 30, 139, 36, 37, 216, 218]",True,400815.0,64.7,98.6,,,,,,,,,
2610373539.0,279,31,9.0,31,64.1,98.0,31,"{'value': 1, 'displayName': 'FirstHalf'}","{'value': 49, 'displayName': 'BallRecovery'}","{'value': 1, 'displayName': 'Successful'}",[],[93],False,357427.0,,,,,,,,,,,
2610373681.0,280,31,15.0,31,44.3,84.4,31,"{'value': 1, 'displayName': 'FirstHalf'}","{'value': 1, 'displayName': 'Pass'}","{'value': 1, 'displayName': 'Successful'}","[{'type': {'value': 212, 'displayName': 'Length'}, 'value': '12.3'}, {'type': {'value': 141, 'displayName': 'PassEndY'}, 'value': '66.3'}, {'type': {'value': 178, 'displayName': 'StandingSave'}}, {'type': {'value': 213, 'displayName': 'Angle'}, 'value': '4.66'}, {'type': {'value': 56, 'displayName': 'Zone'}, 'value': 'Back'}, {'type': {'value': 140, 'displayName': 'PassEndX'}, 'value': '43.7'}]","[91, 117, 30, 35, 38, 216, 218]",True,357427.0,43.7,66.3,,,,,,,,,
2610373743.0,281,31,17.0,31,45.3,66.6,31,"{'value': 1, 'displayName': 'FirstHalf'}","{'value': 1, 'displayName': 'Pass'}","{'value': 1, 'displayName': 'Successful'}","[{'type': {'value': 141, 'displayName': 'PassEndY'}, 'value': '97.8'}, {'type': {'value': 140, 'displayName': 'PassEndX'}, 'value': '66.4'}, {'type': {'value': 212, 'displayName': 'Length'}, 'value': '30.7'}, {'type': {'value': 213, 'displayName': 'Angle'}, 'value': '0.76'}, {'type': {'value': 56, 'displayName': 'Zone'}, 'value': 'Left'}, {'type': {'value': 155, 'displayName': 'Chipped'}}, {'type': {'value': 178, 'displayName': 'StandingSave'}}]","[91, 119, 117, 30, 124, 36, 37, 216, 218]",True,131464.0,66.4,97.8,,,,,,,,,
2610373789.0,282,31,22.0,31,72.4,93.4,31,"{'value': 1, 'displayName': 'FirstHalf'}","{'value': 1, 'displayName': 'Pass'}","{'value': 0, 'displayName': 'Unsuccessful'}","[{'type': {'value': 140, 'displayName': 'PassEndX'}, 'value': '85.3'}, {'type': {'value': 2, 'displayName': 'Cross'}}, {'type': {'value': 155, 'displayName': 'Chipped'}}, {'type': {'value': 141, 'displayName': 'PassEndY'}, 'value': '60.4'}, {'type': {'value': 178, 'displayName': 'StandingSave'}}, {'type': {'value': 212, 'displayName': 'Length'}, 'value': '26.2'}, {'type': {'value': 213, 'displayName': 'Angle'}, 'value': '5.26'}, {'type': {'value': 56, 'displayName': 'Zone'}, 'value': 'Center'}, {'type': {'value': 72, 'displayName': 'LeftFoot'}}]","[91, 138, 124, 126, 36, 38, 217, 218]",True,345516.0,85.3,60.4,,,,,,,,,
2610373783.0,337,31,23.0,29,11.2,44.0,31,"{'value': 1, 'displayName': 'FirstHalf'}","{'value': 61, 'displayName': 'BallTouch'}","{'value': 1, 'displayName': 'Successful'}","[{'type': {'value': 178, 'displayName': 'StandingSave'}}, {'type': {'value': 56, 'displayName': 'Zone'}, 'value': 'Back'}]",[91],True,362434.0,,,,,,,,,,,
2610373801.0,338,31,25.0,29,12.2,39.1,31,"{'value': 1, 'displayName': 'FirstHalf'}","{'value': 49, 'displayName': 'BallRecovery'}","{'value': 1, 'displayName': 'Successful'}",[],[93],False,106086.0,,,,,,,,,,,
2610373845.0,339,31,26.0,29,12.7,36.7,31,"{'value': 1, 'displayName': 'FirstHalf'}","{'value': 1, 'displayName': 'Pass'}","{'value': 1, 'displayName': 'Successful'}","[{'type': {'value': 212, 'displayName': 'Length'}, 'value': '21.4'}, {'type': {'value': 213, 'displayName': 'Angle'}, 'value': '5.23'}, {'type': {'value': 56, 'displayName': 'Zone'}, 'value': 'Back'}, {'type': {'value': 140, 'displayName': 'PassEndX'}, 'value': '22.8'}, {'type': {'value': 178, 'displayName': 'StandingSave'}}, {'type': {'value': 141, 'displayName': 'PassEndY'}, 'value': '9.4'}]","[91, 117, 30, 36, 38, 215, 218]",True,106086.0,22.8,9.4,,,,,,,,,
2610373873.0,340,31,28.0,29,24.4,6.0,31,"{'value': 1, 'displayName': 'FirstHalf'}","{'value': 1, 'displayName': 'Pass'}","{'value': 0, 'displayName': 'Unsuccessful'}","[{'type': {'value': 213, 'displayName': 'Angle'}, 'value': '0.13'}, {'type': {'value': 56, 'displayName': 'Zone'}, 'value': 'Right'}, {'type': {'value': 155, 'displayName': 'Chipped'}}, {'type': {'value': 140, 'displayName': 'PassEndX'}, 'value': '51.7'}, {'type': {'value': 178, 'displayName': 'StandingSave'}}, {'type': {'value': 212, 'displayName': 'Length'}, 'value': '28.9'}, {'type': {'value': 141, 'displayName': 'PassEndY'}, 'value': '11.4'}]","[91, 120, 29, 124, 36, 37, 216, 218]",True,111372.0,51.7,11.4,,,,,,,,,
2610373891.0,284,31,30.0,31,49.2,87.1,31,"{'value': 1, 'displayName': 'FirstHalf'}","{'value': 44, 'displayName': 'Aerial'}","{'value': 1, 'displayName': 'Successful'}","[{'type': {'value': 233, 'displayName': 'OppositeRelatedEvent'}, 'value': '341'}, {'type': {'value': 56, 'displayName': 'Zone'}, 'value': 'Back'}, {'type': {'value': 285, 'displayName': 'Defensive'}}]","[197, 200]",False,381045.0,,,,,,,,,,,
2610373877.0,341,31,30.0,29,50.8,12.9,31,"{'value': 1, 'displayName': 'FirstHalf'}","{'value': 44, 'displayName': 'Aerial'}","{'value': 0, 'displayName': 'Unsuccessful'}","[{'type': {'value': 286, 'displayName': 'Offensive'}}, {'type': {'value': 56, 'displayName': 'Zone'}, 'value': 'Right'}, {'type': {'value': 233, 'displayName': 'OppositeRelatedEvent'}, 'value': '284'}]","[198, 199]",False,69517.0,,,,,,,,,,,
2610373911.0,285,31,30.0,31,47.9,87.2,31,"{'value': 1, 'displayName': 'FirstHalf'}","{'value': 1, 'displayName': 'Pass'}","{'value': 1, 'displayName': 'Successful'}","[{'type': {'value': 140, 'displayName': 'PassEndX'}, 'value': '54.5'}, {'type': {'value': 56, 'displayName': 'Zone'}, 'value': 'Left'}, {'type': {'value': 3, 'displayName': 'HeadPass'}}, {'type': {'value': 212, 'displayName': 'Length'}, 'value': '6.9'}, {'type': {'value': 213, 'displayName': 'Angle'}, 'value': '0.05'}, {'type': {'value': 141, 'displayName': 'PassEndY'}, 'value': '87.7'}]","[91, 119, 117, 30, 139, 36, 37, 216, 218]",True,381045.0,54.5,87.7,,,,,,,,,
2610373913.0,286,31,32.0,31,53.9,87.1,31,"{'value': 1, 'displayName': 'FirstHalf'}","{'value': 49, 'displayName': 'BallRecovery'}","{'value': 1, 'displayName': 'Successful'}",[],[93],False,400815.0,,,,,,,,,,,
2610373977.0,287,31,33.0,31,50.9,86.8,31,"{'value': 1, 'displayName': 'FirstHalf'}","{'value': 1, 'displayName': 'Pass'}","{'value': 1, 'displayName': 'Successful'}","[{'type': {'value': 140, 'displayName': 'PassEndX'}, 'value': '36.3'}, {'type': {'value': 213, 'displayName': 'Angle'}, 'value': '3.85'}, {'type': {'value': 178, 'displayName': 'StandingSave'}}, {'type': {'value': 56, 'displayName': 'Zone'}, 'value': 'Back'}, {'type': {'value': 212, 'displayName': 'Length'}, 'value': '20.1'}, {'type': {'value': 141, 'displayName': 'PassEndY'}, 'value': '67.6'}]","[91, 117, 30, 35, 38, 216, 218]",True,400815.0,36.3,67.6,,,,,,,,,
2610374081.0,288,31,36.0,31,33.0,62.0,31,"{'value': 1, 'displayName': 'FirstHalf'}","{'value': 1, 'displayName': 'Pass'}","{'value': 1, 'displayName': 'Successful'}","[{'type': {'value': 140, 'displayName': 'PassEndX'}, 'value': '43.9'}, {'type': {'value': 213, 'displayName': 'Angle'}, 'value': '5.03'}, {'type': {'value': 56, 'displayName': 'Zone'}, 'value': 'Back'}, {'type': {'value': 178, 'displayName': 'StandingSave'}}, {'type': {'value': 1, 'displayName': 'Longball'}}, {'type': {'value': 212, 'displayName': 'Length'}, 'value': '37.0'}, {'type': {'value': 141, 'displayName': 'PassEndY'}, 'value': '10.3'}]","[91, 117, 127, 36, 38, 216, 218]",True,131464.0,43.9,10.3,,,,,,,,,
2610374189.0,289,31,42.0,31,39.9,4.1,31,"{'value': 1, 'displayName': 'FirstHalf'}","{'value': 1, 'displayName': 'Pass'}","{'value': 0, 'displayName': 'Unsuccessful'}","[{'type': {'value': 140, 'displayName': 'PassEndX'}, 'value': '81.3'}, {'type': {'value': 178, 'displayName': 'StandingSave'}}, {'type': {'value': 213, 'displayName': 'Angle'}, 'value': '0.10'}, {'type': {'value': 56, 'displayName': 'Zone'}, 'value': 'Right'}, {'type': {'value': 155, 'displayName': 'Chipped'}}, {'type': {'value': 212, 'displayName': 'Length'}, 'value': '43.7'}, {'type': {'value': 141, 'displayName': 'PassEndY'}, 'value': '10.7'}, {'type': {'value': 1, 'displayName': 'Longball'}}]","[91, 120, 124, 128, 36, 37, 217, 218]",True,396975.0,81.3,10.7,,,,,,,,,
2610374193.0,342,31,47.0,29,20.9,88.6,31,"{'value': 1, 'displayName': 'FirstHalf'}","{'value': 49, 'displayName': 'BallRecovery'}","{'value': 1, 'displayName': 'Successful'}",[],[93],False,68049.0,,,,,,,,,,,
2610374217.0,343,31,47.0,29,20.0,88.3,31,"{'value': 1, 'displayName': 'FirstHalf'}","{'value': 1, 'displayName': 'Pass'}","{'value': 1, 'displayName': 'Successful'}","[{'type': {'value': 178, 'displayName': 'StandingSave'}}, {'type': {'value': 140, 'displayName': 'PassEndX'}, 'value': '6.7'}, {'type': {'value': 141, 'displayName': 'PassEndY'}, 'value': '63.6'}, {'type': {'value': 212, 'displayName': 'Length'}, 'value': '21.8'}, {'type': {'value': 56, 'displayName': 'Zone'}, 'value': 'Back'}, {'type': {'value': 213, 'displayName': 'Angle'}, 'value': '4.02'}]","[91, 117, 30, 35, 38, 215, 218]",True,68049.0,6.7,63.6,,,,,,,,,
2610374267.0,344,31,48.0,29,8.5,63.1,31,"{'value': 1, 'displayName': 'FirstHalf'}","{'value': 1, 'displayName': 'Pass'}","{'value': 0, 'displayName': 'Unsuccessful'}","[{'type': {'value': 1, 'displayName': 'Longball'}}, {'type': {'value': 140, 'displayName': 'PassEndX'}, 'value': '37.5'}, {'type': {'value': 56, 'displayName': 'Zone'}, 'value': 'Back'}, {'type': {'value': 141, 'displayName': 'PassEndY'}, 'value': '47.0'}, {'type': {'value': 213, 'displayName': 'Angle'}, 'value': '5.94'}, {'type': {'value': 212, 'displayName': 'Length'}, 'value': '32.4'}, {'type': {'value': 178, 'displayName': 'StandingSave'}}]","[91, 118, 120, 128, 36, 38, 216, 218]",True,92516.0,37.5,47.0,,,,,,,,,
2610374321.0,290,31,52.0,31,61.5,63.1,31,"{'value': 1, 'displayName': 'FirstHalf'}","{'value': 61, 'displayName': 'BallTouch'}","{'value': 0, 'displayName': 'Unsuccessful'}","[{'type': {'value': 178, 'displayName': 'StandingSave'}}, {'type': {'value': 56, 'displayName': 'Zone'}, 'value': 'Center'}]","[91, 69]",True,400815.0,,,,,,,,,,,
2610374341.0,345,31,53.0,29,33.4,30.3,31,"{'value': 1, 'displayName': 'FirstHalf'}","{'value': 1, 'displayName': 'Pass'}","{'value': 1, 'displayName': 'Successful'}","[{'type': {'value': 178, 'displayName': 'StandingSave'}}, {'type': {'value': 1, 'displayName': 'Longball'}}, {'type': {'value': 213, 'displayName': 'Angle'}, 'value': '0.85'}, {'type': {'value': 56, 'displayName': 'Zone'}, 'value': 'Center'}, {'type': {'value': 141, 'displayName': 'PassEndY'}, 'value': '65.7'}, {'type': {'value': 140, 'displayName': 'PassEndX'}, 'value': '53.4'}, {'type': {'value': 212, 'displayName': 'Length'}, 'value': '31.9'}]","[91, 119, 117, 127, 36, 37, 216, 218]",True,111372.0,53.4,65.7,,,,,,,,,
2610374349.0,346,31,55.0,29,53.4,69.1,31,"{'value': 1, 'displayName': 'FirstHalf'}","{'value': 44, 'displayName': 'Aerial'}","{'value': 1, 'displayName': 'Successful'}","[{'type': {'value': 286, 'displayName': 'Offensive'}}, {'type': {'value': 233, 'displayName': 'OppositeRelatedEvent'}, 'value': '291'}, {'type': {'value': 56, 'displayName': 'Zone'}, 'value': 'Center'}]","[197, 199]",False,69517.0,,,,,,,,,,,
2610374355.0,291,31,55.0,31,46.6,30.9,31,"{'value': 1, 'displayName': 'FirstHalf'}","{'value': 44, 'displayName': 'Aerial'}","{'value': 0, 'displayName': 'Unsuccessful'}","[{'type': {'value': 285, 'displayName': 'Defensive'}}, {'type': {'value': 233, 'displayName': 'OppositeRelatedEvent'}, 'value': '346'}, {'type': {'value': 56, 'displayName': 'Zone'}, 'value': 'Back'}]","[198, 200]",False,131464.0,,,,,,,,,,,
2610374367.0,347,31,55.0,29,54.2,65.8,31,"{'value': 1, 'displayName': 'FirstHalf'}","{'value': 1, 'displayName': 'Pass'}","{'value': 0, 'displayName': 'Unsuccessful'}","[{'type': {'value': 213, 'displayName': 'Angle'}, 'value': '0.89'}, {'type': {'value': 212, 'displayName': 'Length'}, 'value': '20.0'}, {'type': {'value': 3, 'displayName': 'HeadPass'}}, {'type': {'value': 141, 'displayName': 'PassEndY'}, 'value': '88.7'}, {'type': {'value': 140, 'displayName': 'PassEndX'}, 'value': '66.1'}, {'type': {'value': 56, 'displayName': 'Zone'}, 'value': 'Left'}]","[91, 120, 29, 139, 36, 37, 216, 218]",True,69517.0,66.1,88.7,,,,,,,,,
2610374397.0,292,31,57.0,31,36.4,21.2,31,"{'value': 1, 'displayName': 'FirstHalf'}","{'value': 49, 'displayName': 'BallRecovery'}","{'value': 1, 'displayName': 'Successful'}",[],[93],False,396975.0,,,,,,,,,,,
2610374503.0,293,31,58.0,31,38.1,24.0,31,"{'value': 1, 'displayName': 'FirstHalf'}","{'value': 1, 'displayName': 'Pass'}","{'value': 1, 'displayName': 'Successful'}","[{'type': {'value': 141, 'displayName': 'PassEndY'}, 'value': '50.9'}, {'type': {'value': 56, 'displayName': 'Zone'}, 'value': 'Back'}, {'type': {'value': 178, 'displayName': 'StandingSave'}}, {'type': {'value': 140, 'displayName': 'PassEndX'}, 'value': '37.3'}, {'type': {'value': 213, 'displayName': 'Angle'}, 'value': '1.62'}, {'type': {'value': 212, 'displayName': 'Length'}, 'value': '18.3'}]","[91, 117, 30, 35, 37, 216, 218]",True,396975.0,37.3,50.9,,,,,,,,,
2610374525.0,294,32,2.0,31,43.3,53.3,32,"{'value': 1, 'displayName': 'FirstHalf'}","{'value': 1, 'displayName': 'Pass'}","{'value': 1, 'displayName': 'Successful'}","[{'type': {'value': 140, 'displayName': 'PassEndX'}, 'value': '47.1'}, {'type': {'value': 56, 'displayName': 'Zone'}, 'value': 'Back'}, {'type': {'value': 178, 'displayName': 'StandingSave'}}, {'type': {'value': 212, 'displayName': 'Length'}, 'value': '5.2'}, {'type': {'value': 141, 'displayName': 'PassEndY'}, 'value': '48.5'}, {'type': {'value': 213, 'displayName': 'Angle'}, 'value': '5.60'}]","[91, 117, 30, 36, 38, 216, 218]",True,381045.0,47.1,48.5,,,,,,,,,
2610374553.0,295,32,3.0,31,46.2,47.9,32,"{'value': 1, 'displayName': 'FirstHalf'}","{'value': 1, 'displayName': 'Pass'}","{'value': 1, 'displayName': 'Successful'}","[{'type': {'value': 178, 'displayName': 'StandingSave'}}, {'type': {'value': 141, 'displayName': 'PassEndY'}, 'value': '56.3'}, {'type': {'value': 56, 'displayName': 'Zone'}, 'value': 'Back'}, {'type': {'value': 140, 'displayName': 'PassEndX'}, 'value': '38.6'}, {'type': {'value': 213, 'displayName': 'Angle'}, 'value': '2.52'}, {'type': {'value': 212, 'displayName': 'Length'}, 'value': '9.8'}]","[91, 117, 30, 35, 37, 216, 218]",True,367781.0,38.6,56.3,,,,,,,,,
2610374581.0,296,32,5.0,31,38.5,56.3,32,"{'value': 1, 'displayName': 'FirstHalf'}","{'value': 1, 'displayName': 'Pass'}","{'value': 1, 'displayName': 'Successful'}","[{'type': {'value': 212, 'displayName': 'Length'}, 'value': '17.4'}, {'type': {'value': 140, 'displayName': 'PassEndX'}, 'value': '36.2'}, {'type': {'value': 141, 'displayName': 'PassEndY'}, 'value': '31.0'}, {'type': {'value': 56, 'displayName': 'Zone'}, 'value': 'Back'}, {'type': {'value': 178, 'displayName': 'StandingSave'}}, {'type': {'value': 213, 'displayName': 'Angle'}, 'value': '4.57'}]","[91, 117, 30, 35, 38, 216, 218]",True,381045.0,36.2,31.0,,,,,,,,,
2610374635.0,297,32,7.0,31,36.2,31.0,32,"{'value': 1, 'displayName': 'FirstHalf'}","{'value': 1, 'displayName': 'Pass'}","{'value': 1, 'displayName': 'Successful'}","[{'type': {'value': 141, 'displayName': 'PassEndY'}, 'value': '8.0'}, {'type': {'value': 212, 'displayName': 'Length'}, 'value': '17.3'}, {'type': {'value': 178, 'displayName': 'StandingSave'}}, {'type': {'value': 56, 'displayName': 'Zone'}, 'value': 'Back'}, {'type': {'value': 213, 'displayName': 'Angle'}, 'value': '5.16'}, {'type': {'value': 140, 'displayName': 'PassEndX'}, 'value': '43.3'}]","[91, 117, 30, 36, 38, 216, 218]",True,131464.0,43.3,8.0,,,,,,,,,
2610374825.0,298,32,9.0,31,43.4,3.2,32,"{'value': 1, 'displayName': 'FirstHalf'}","{'value': 1, 'displayName': 'Pass'}","{'value': 1, 'displayName': 'Successful'}","[{'type': {'value': 178, 'displayName': 'StandingSave'}}, {'type': {'value': 212, 'displayName': 'Length'}, 'value': '39.4'}, {'type': {'value': 141, 'displayName': 'PassEndY'}, 'value': '10.6'}, {'type': {'value': 1, 'displayName': 'Longball'}}, {'type': {'value': 155, 'displayName': 'Chipped'}}, {'type': {'value': 140, 'displayName': 'PassEndX'}, 'value': '80.6'}, {'type': {'value': 56, 'displayName': 'Zone'}, 'value': 'Right'}, {'type': {'value': 213, 'displayName': 'Angle'}, 'value': '0.13'}]","[91, 119, 117, 124, 127, 205, 36, 37, 217, 218]",True,396975.0,80.6,10.6,,,,,,,,,
2610374949.0,299,32,17.0,31,93.8,13.4,32,"{'value': 1, 'displayName': 'FirstHalf'}","{'value': 1, 'displayName': 'Pass'}","{'value': 1, 'displayName': 'Successful'}","[{'type': {'value': 212, 'displayName': 'Length'}, 'value': '17.1'}, {'type': {'value': 213, 'displayName': 'Angle'}, 'value': '2.02'}, {'type': {'value': 141, 'displayName': 'PassEndY'}, 'value': '36.0'}, {'type': {'value': 178, 'displayName': 'StandingSave'}}, {'type': {'value': 140, 'displayName': 'PassEndX'}, 'value': '86.7'}, {'type': {'value': 56, 'displayName': 'Zone'}, 'value': 'Center'}]","[91, 119, 117, 30, 205, 35, 37, 217, 218]",True,141469.0,86.7,36.0,,,,,,,,,
2610374955.0,300,32,22.0,31,98.0,31.8,32,"{'value': 1, 'displayName': 'FirstHalf'}","{'value': 1, 'displayName': 'Pass'}","{'value': 0, 'displayName': 'Unsuccessful'}","[{'type': {'value': 178, 'displayName': 'StandingSave'}}, {'type': {'value': 286, 'displayName': 'Offensive'}}, {'type': {'value': 213, 'displayName': 'Angle'}, 'value': '2.19'}, {'type': {'value': 212, 'displayName': 'Length'}, 'value': '4.0'}, {'type': {'value': 56, 'displayName': 'Zone'}, 'value': 'Center'}, {'type': {'value': 141, 'displayName': 'PassEndY'}, 'value': '36.6'}, {'type': {'value': 233, 'displayName': 'OppositeRelatedEvent'}, 'value': '348'}, {'type': {'value': 140, 'displayName': 'PassEndX'}, 'value': '95.8'}]","[91, 120, 29, 35, 37, 217, 218]",True,116317.0,95.8,36.6,,,,,,,,,
2610374963.0,348,32,22.0,29,3.8,67.0,32,"{'value': 1, 'displayName': 'FirstHalf'}","{'value': 74, 'displayName': 'BlockedPass'}","{'value': 1, 'displayName': 'Successful'}","[{'type': {'value': 233, 'displayName': 'OppositeRelatedEvent'}, 'value': '300'}, {'type': {'value': 178, 'displayName': 'StandingSave'}}, {'type': {'value': 285, 'displayName': 'Defensive'}}, {'type': {'value': 56, 'displayName': 'Zone'}, 'value': 'Back'}]","[91, 60]",True,106086.0,,,,,,,,,,,
2610375803.0,304,32,22.0,31,98.4,24.6,32,"{'value': 1, 'displayName': 'FirstHalf'}","{'value': 6, 'displayName': 'CornerAwarded'}","{'value': 1, 'displayName': 'Successful'}","[{'type': {'value': 233, 'displayName': 'OppositeRelatedEvent'}, 'value': '349'}, {'type': {'value': 56, 'displayName': 'Zone'}, 'value': 'Center'}, {'type': {'value': 75, 'displayName': 'MissRight'}}]",[122],False,116317.0,,,,,,,,,,,
2610374979.0,349,32,22.0,29,1.6,75.4,32,"{'value': 1, 'displayName': 'FirstHalf'}","{'value': 6, 'displayName': 'CornerAwarded'}","{'value': 0, 'displayName': 'Unsuccessful'}","[{'type': {'value': 233, 'displayName': 'OppositeRelatedEvent'}, 'value': '304'}, {'type': {'value': 56, 'displayName': 'Zone'}, 'value': 'Back'}, {'type': {'value': 73, 'displayName': 'MissLeft'}}]",[122],False,106086.0,,,,,,,,,,,
2610375837.0,305,32,56.0,31,99.5,0.5,32,"{'value': 1, 'displayName': 'FirstHalf'}","{'value': 1, 'displayName': 'Pass'}","{'value': 1, 'displayName': 'Successful'}","[{'type': {'value': 72, 'displayName': 'LeftFoot'}}, {'type': {'value': 212, 'displayName': 'Length'}, 'value': '44.0'}, {'type': {'value': 6, 'displayName': 'CornerTaken'}}, {'type': {'value': 140, 'displayName': 'PassEndX'}, 'value': '94.1'}, {'type': {'value': 56, 'displayName': 'Zone'}, 'value': 'Center'}, {'type': {'value': 141, 'displayName': 'PassEndY'}, 'value': '64.6'}, {'type': {'value': 210, 'displayName': 'ShotAssist'}, 'value': '15'}, {'type': {'value': 155, 'displayName': 'Chipped'}}, {'type': {'value': 2, 'displayName': 'Cross'}}, {'type': {'value': 154, 'displayName': 'IntentionalAssist'}}, {'type': {'value': 1, 'displayName': 'Longball'}}, {'type': {'value': 178, 'displayName': 'StandingSave'}}, {'type': {'value': 213, 'displayName': 'Angle'}, 'value': '1.70'}, {'type': {'value': 11113, 'displayName': 'KeyPass'}}]","[91, 119, 123, 138, 124, 125, 31, 32, 34, 39, 41, 42, 35, 37, 217, 218]",True,357427.0,94.1,64.6,,,,,,,,,
2610377971.0,325,32,58.0,31,94.0,58.8,32,"{'value': 1, 'displayName': 'FirstHalf'}","{'value': 44, 'displayName': 'Aerial'}","{'value': 1, 'displayName': 'Successful'}","[{'type': {'value': 286, 'displayName': 'Offensive'}}, {'type': {'value': 233, 'displayName': 'OppositeRelatedEvent'}, 'value': '351'}, {'type': {'value': 56, 'displayName': 'Zone'}, 'value': 'Center'}]","[197, 199]",False,131464.0,,,,,,,,,,,
2610375735.0,351,32,58.0,29,6.0,41.2,32,"{'value': 1, 'displayName': 'FirstHalf'}","{'value': 44, 'displayName': 'Aerial'}","{'value': 0, 'displayName': 'Unsuccessful'}","[{'type': {'value': 233, 'displayName': 'OppositeRelatedEvent'}, 'value': '325'}, {'type': {'value': 285, 'displayName': 'Defensive'}}, {'type': {'value': 56, 'displayName': 'Zone'}, 'value': 'Back'}]","[198, 200]",False,111372.0,,,,,,,,,,,
2610376973.0,317,32,58.0,31,95.2,61.4,32,"{'value': 1, 'displayName': 'FirstHalf'}","{'value': 15, 'displayName': 'SavedShot'}","{'value': 1, 'displayName': 'Successful'}","[{'type': {'value': 147, 'displayName': 'BlockedY'}, 'value': '56.0'}, {'type': {'value': 328, 'displayName': 'FirstTouch'}}, {'type': {'value': 56, 'displayName': 'Zone'}, 'value': 'Center'}, {'type': {'value': 61, 'displayName': 'SmallBoxLeft'}}, {'type': {'value': 102, 'displayName': 'GoalMouthY'}, 'value': '51.8'}, {'type': {'value': 25, 'displayName': 'FromCorner'}}, {'type': {'value': 15, 'displayName': 'Head'}}, {'type': {'value': 103, 'displayName': 'GoalMouthZ'}, 'value': '6.9'}, {'type': {'value': 78, 'displayName': 'LowCentre'}}, {'type': {'value': 100, 'displayName': 'SixYardBlock'}}, {'type': {'value': 233, 'displayName': 'OppositeRelatedEvent'}, 'value': '352'}, {'type': {'value': 29, 'displayName': 'Assisted'}}, {'type': {'value': 55, 'displayName': 'RelatedEventId'}, 'value': '305'}, {'type': {'value': 82, 'displayName': 'Blocked'}}, {'type': {'value': 146, 'displayName': 'BlockedX'}, 'value': '97.7'}, {'type': {'value': 154, 'displayName': 'IntentionalAssist'}}]","[91, 10, 140, 0, 5, 11, 14]",True,131464.0,,,305.0,357427.0,97.7,56.0,6.9,51.8,True,,
2610375775.0,352,32,59.0,29,1.8,44.0,32,"{'value': 1, 'displayName': 'FirstHalf'}","{'value': 10, 'displayName': 'Save'}","{'value': 1, 'displayName': 'Successful'}","[{'type': {'value': 94, 'displayName': 'OutfielderBlock'}}, {'type': {'value': 56, 'displayName': 'Zone'}, 'value': 'Back'}, {'type': {'value': 178, 'displayName': 'StandingSave'}}, {'type': {'value': 233, 'displayName': 'OppositeRelatedEvent'}, 'value': '317'}]","[91, 58]",True,322596.0,,,,,,,,,,,
2610377791.0,371,32,59.0,29,2.3,38.2,32,"{'value': 1, 'displayName': 'FirstHalf'}","{'value': 61, 'displayName': 'BallTouch'}","{'value': 1, 'displayName': 'Successful'}","[{'type': {'value': 178, 'displayName': 'StandingSave'}}, {'type': {'value': 56, 'displayName': 'Zone'}, 'value': 'Back'}]",[91],True,322696.0,,,,,,,,,,,
2610375811.0,353,33,2.0,29,3.8,27.3,33,"{'value': 1, 'displayName': 'FirstHalf'}","{'value': 49, 'displayName': 'BallRecovery'}","{'value': 1, 'displayName': 'Successful'}",[],[93],False,111372.0,,,,,,,,,,,
2610375883.0,354,33,4.0,29,7.4,6.6,33,"{'value': 1, 'displayName': 'FirstHalf'}","{'value': 1, 'displayName': 'Pass'}","{'value': 0, 'displayName': 'Unsuccessful'}","[{'type': {'value': 141, 'displayName': 'PassEndY'}, 'value': '1.9'}, {'type': {'value': 56, 'displayName': 'Zone'}, 'value': 'Back'}, {'type': {'value': 155, 'displayName': 'Chipped'}}, {'type': {'value': 212, 'displayName': 'Length'}, 'value': '27.4'}, {'type': {'value': 178, 'displayName': 'StandingSave'}}, {'type': {'value': 213, 'displayName': 'Angle'}, 'value': '6.17'}, {'type': {'value': 140, 'displayName': 'PassEndX'}, 'value': '33.3'}]","[91, 118, 120, 29, 124, 36, 38, 215, 218]",True,111372.0,33.3,1.9,,,,,,,,,
2610375911.0,306,33,6.0,31,59.5,98.9,33,"{'value': 1, 'displayName': 'FirstHalf'}","{'value': 12, 'displayName': 'Clearance'}","{'value': 1, 'displayName': 'Successful'}","[{'type': {'value': 212, 'displayName': 'Length'}, 'value': '2.5'}, {'type': {'value': 141, 'displayName': 'PassEndY'}, 'value': '100.0'}, {'type': {'value': 213, 'displayName': 'Angle'}, 'value': '1.00'}, {'type': {'value': 56, 'displayName': 'Zone'}, 'value': 'Left'}, {'type': {'value': 178, 'displayName': 'StandingSave'}}, {'type': {'value': 140, 'displayName': 'PassEndX'}, 'value': '60.8'}]","[91, 94, 95, 216]",True,345516.0,60.8,100.0,,,,,,,,,
2610376115.0,308,33,14.0,31,60.8,100.0,33,"{'value': 1, 'displayName': 'FirstHalf'}","{'value': 1, 'displayName': 'Pass'}","{'value': 1, 'displayName': 'Successful'}","[{'type': {'value': 212, 'displayName': 'Length'}, 'value': '6.0'}, {'type': {'value': 56, 'displayName': 'Zone'}, 'value': 'Left'}, {'type': {'value': 107, 'displayName': 'ThrowIn'}}, {'type': {'value': 141, 'displayName': 'PassEndY'}, 'value': '94.2'}, {'type': {'value': 213, 'displayName': 'Angle'}, 'value': '4.24'}, {'type': {'value': 140, 'displayName': 'PassEndX'}, 'value': '58.2'}]","[91, 212, 35, 38, 216]",True,345516.0,58.2,94.2,,,,,,,,,
2610376129.0,309,33,16.0,31,58.2,94.2,33,"{'value': 1, 'displayName': 'FirstHalf'}","{'value': 1, 'displayName': 'Pass'}","{'value': 1, 'displayName': 'Successful'}","[{'type': {'value': 141, 'displayName': 'PassEndY'}, 'value': '97.2'}, {'type': {'value': 213, 'displayName': 'Angle'}, 'value': '0.62'}, {'type': {'value': 212, 'displayName': 'Length'}, 'value': '3.5'}, {'type': {'value': 178, 'displayName': 'StandingSave'}}, {'type': {'value': 140, 'displayName': 'PassEndX'}, 'value': '60.9'}, {'type': {'value': 56, 'displayName': 'Zone'}, 'value': 'Left'}]","[91, 119, 117, 30, 36, 37, 216, 218]",True,400815.0,60.9,97.2,,,,,,,,,
2610376145.0,310,33,17.0,31,60.9,97.2,33,"{'value': 1, 'displayName': 'FirstHalf'}","{'value': 1, 'displayName': 'Pass'}","{'value': 0, 'displayName': 'Unsuccessful'}","[{'type': {'value': 56, 'displayName': 'Zone'}, 'value': 'Left'}, {'type': {'value': 286, 'displayName': 'Offensive'}}, {'type': {'value': 213, 'displayName': 'Angle'}, 'value': '5.17'}, {'type': {'value': 140, 'displayName': 'PassEndX'}, 'value': '63.1'}, {'type': {'value': 212, 'displayName': 'Length'}, 'value': '5.2'}, {'type': {'value': 141, 'displayName': 'PassEndY'}, 'value': '90.3'}, {'type': {'value': 178, 'displayName': 'StandingSave'}}, {'type': {'value': 233, 'displayName': 'OppositeRelatedEvent'}, 'value': '356'}]","[91, 120, 29, 36, 38, 216, 218]",True,345516.0,63.1,90.3,,,,,,,,,
2610376077.0,356,33,17.0,29,32.9,7.0,33,"{'value': 1, 'displayName': 'FirstHalf'}","{'value': 74, 'displayName': 'BlockedPass'}","{'value': 1, 'displayName': 'Successful'}","[{'type': {'value': 56, 'displayName': 'Zone'}, 'value': 'Back'}, {'type': {'value': 285, 'displayName': 'Defensive'}}, {'type': {'value': 233, 'displayName': 'OppositeRelatedEvent'}, 'value': '310'}, {'type': {'value': 178, 'displayName': 'StandingSave'}}]","[91, 60]",True,322696.0,,,,,,,,,,,
2610376109.0,357,33,18.0,29,34.4,20.7,33,"{'value': 1, 'displayName': 'FirstHalf'}","{'value': 49, 'displayName': 'BallRecovery'}","{'value': 1, 'displayName': 'Successful'}",[],[93],False,105172.0,,,,,,,,,,,
2610376169.0,358,33,18.0,29,34.4,20.7,33,"{'value': 1, 'displayName': 'FirstHalf'}","{'value': 1, 'displayName': 'Pass'}","{'value': 1, 'displayName': 'Successful'}","[{'type': {'value': 140, 'displayName': 'PassEndX'}, 'value': '41.2'}, {'type': {'value': 56, 'displayName': 'Zone'}, 'value': 'Back'}, {'type': {'value': 141, 'displayName': 'PassEndY'}, 'value': '18.8'}, {'type': {'value': 178, 'displayName': 'StandingSave'}}, {'type': {'value': 213, 'displayName': 'Angle'}, 'value': '6.10'}, {'type': {'value': 212, 'displayName': 'Length'}, 'value': '7.3'}]","[91, 117, 30, 36, 38, 216, 218]",True,105172.0,41.2,18.8,,,,,,,,,
2610376205.0,359,33,22.0,29,37.5,18.3,33,"{'value': 1, 'displayName': 'FirstHalf'}","{'value': 1, 'displayName': 'Pass'}","{'value': 1, 'displayName': 'Successful'}","[{'type': {'value': 213, 'displayName': 'Angle'}, 'value': '2.67'}, {'type': {'value': 212, 'displayName': 'Length'}, 'value': '16.1'}, {'type': {'value': 141, 'displayName': 'PassEndY'}, 'value': '29.1'}, {'type': {'value': 178, 'displayName': 'StandingSave'}}, {'type': {'value': 140, 'displayName': 'PassEndX'}, 'value': '23.9'}, {'type': {'value': 56, 'displayName': 'Zone'}, 'value': 'Back'}]","[91, 117, 30, 35, 37, 215, 218]",True,400166.0,23.9,29.1,,,,,,,,,
2610376229.0,360,33,23.0,29,24.1,29.1,33,"{'value': 1, 'displayName': 'FirstHalf'}","{'value': 1, 'displayName': 'Pass'}","{'value': 1, 'displayName': 'Successful'}","[{'type': {'value': 56, 'displayName': 'Zone'}, 'value': 'Back'}, {'type': {'value': 212, 'displayName': 'Length'}, 'value': '15.8'}, {'type': {'value': 141, 'displayName': 'PassEndY'}, 'value': '7.3'}, {'type': {'value': 213, 'displayName': 'Angle'}, 'value': '5.07'}, {'type': {'value': 178, 'displayName': 'StandingSave'}}, {'type': {'value': 140, 'displayName': 'PassEndX'}, 'value': '29.4'}]","[91, 117, 30, 36, 38, 215, 218]",True,106086.0,29.4,7.3,,,,,,,,,
2610376351.0,361,33,25.0,29,29.4,6.8,33,"{'value': 1, 'displayName': 'FirstHalf'}","{'value': 1, 'displayName': 'Pass'}","{'value': 1, 'displayName': 'Successful'}","[{'type': {'value': 213, 'displayName': 'Angle'}, 'value': '6.10'}, {'type': {'value': 140, 'displayName': 'PassEndX'}, 'value': '41.4'}, {'type': {'value': 141, 'displayName': 'PassEndY'}, 'value': '3.4'}, {'type': {'value': 212, 'displayName': 'Length'}, 'value': '12.8'}, {'type': {'value': 56, 'displayName': 'Zone'}, 'value': 'Back'}, {'type': {'value': 178, 'displayName': 'StandingSave'}}]","[91, 117, 30, 36, 38, 216, 218]",True,111372.0,41.4,3.4,,,,,,,,,
2610376359.0,362,33,29.0,29,42.4,18.2,33,"{'value': 1, 'displayName': 'FirstHalf'}","{'value': 50, 'displayName': 'Dispossessed'}","{'value': 1, 'displayName': 'Successful'}","[{'type': {'value': 286, 'displayName': 'Offensive'}}, {'type': {'value': 56, 'displayName': 'Zone'}, 'value': 'Back'}, {'type': {'value': 233, 'displayName': 'OppositeRelatedEvent'}, 'value': '311'}]","[91, 70]",True,322696.0,,,,,,,,,,,
2610376381.0,311,33,29.0,31,57.6,81.8,33,"{'value': 1, 'displayName': 'FirstHalf'}","{'value': 7, 'displayName': 'Tackle'}","{'value': 1, 'displayName': 'Successful'}","[{'type': {'value': 178, 'displayName': 'StandingSave'}}, {'type': {'value': 56, 'displayName': 'Zone'}, 'value': 'Left'}, {'type': {'value': 285, 'displayName': 'Defensive'}}, {'type': {'value': 233, 'displayName': 'OppositeRelatedEvent'}, 'value': '362'}]","[91, 143]",True,116317.0,,,,,,,,,,,
2610376411.0,312,33,31.0,31,56.2,81.4,33,"{'value': 1, 'displayName': 'FirstHalf'}","{'value': 49, 'displayName': 'BallRecovery'}","{'value': 1, 'displayName': 'Successful'}",[],[93],False,400815.0,,,,,,,,,,,
2610376483.0,313,33,33.0,31,59.1,77.2,33,"{'value': 1, 'displayName': 'FirstHalf'}","{'value': 1, 'displayName': 'Pass'}","{'value': 1, 'displayName': 'Successful'}","[{'type': {'value': 212, 'displayName': 'Length'}, 'value': '19.2'}, {'type': {'value': 140, 'displayName': 'PassEndX'}, 'value': '77.4'}, {'type': {'value': 141, 'displayName': 'PassEndY'}, 'value': '78.1'}, {'type': {'value': 178, 'displayName': 'StandingSave'}}, {'type': {'value': 56, 'displayName': 'Zone'}, 'value': 'Center'}, {'type': {'value': 213, 'displayName': 'Angle'}, 'value': '0.03'}]","[91, 119, 117, 30, 205, 36, 37, 217, 218]",True,400815.0,77.4,78.1,,,,,,,,,
2610376513.0,314,33,36.0,31,86.7,73.0,33,"{'value': 1, 'displayName': 'FirstHalf'}","{'value': 1, 'displayName': 'Pass'}","{'value': 0, 'displayName': 'Unsuccessful'}","[{'type': {'value': 213, 'displayName': 'Angle'}, 'value': '4.75'}, {'type': {'value': 140, 'displayName': 'PassEndX'}, 'value': '87.3'}, {'type': {'value': 178, 'displayName': 'StandingSave'}}, {'type': {'value': 141, 'displayName': 'PassEndY'}, 'value': '48.4'}, {'type': {'value': 56, 'displayName': 'Zone'}, 'value': 'Center'}, {'type': {'value': 212, 'displayName': 'Length'}, 'value': '16.7'}]","[91, 120, 29, 36, 38, 217, 218]",True,116317.0,87.3,48.4,,,,,,,,,
2610376517.0,363,33,36.0,29,12.9,51.6,33,"{'value': 1, 'displayName': 'FirstHalf'}","{'value': 8, 'displayName': 'Interception'}","{'value': 1, 'displayName': 'Successful'}","[{'type': {'value': 178, 'displayName': 'StandingSave'}}, {'type': {'value': 56, 'displayName': 'Zone'}, 'value': 'Back'}]","[91, 101, 102, 56]",True,362434.0,,,,,,,,,,,
2610376589.0,315,33,40.0,31,82.2,55.5,33,"{'value': 1, 'displayName': 'FirstHalf'}","{'value': 13, 'displayName': 'MissedShots'}","{'value': 1, 'displayName': 'Successful'}","[{'type': {'value': 18, 'displayName': 'OutOfBoxCentre'}}, {'type': {'value': 77, 'displayName': 'HighLeft'}}, {'type': {'value': 178, 'displayName': 'StandingSave'}}, {'type': {'value': 102, 'displayName': 'GoalMouthY'}, 'value': '59.7'}, {'type': {'value': 103, 'displayName': 'GoalMouthZ'}, 'value': '79.2'}, {'type': {'value': 56, 'displayName': 'Zone'}, 'value': 'Center'}, {'type': {'value': 215, 'displayName': 'IndividualPlay'}}, {'type': {'value': 72, 'displayName': 'LeftFoot'}}, {'type': {'value': 22, 'displayName': 'RegularPlay'}}]","[91, 7, 10, 2, 3, 13]",True,317896.0,,,,,,,79.2,59.7,True,,
2610377317.0,365,34,6.0,29,5.1,61.4,34,"{'value': 1, 'displayName': 'FirstHalf'}","{'value': 1, 'displayName': 'Pass'}","{'value': 1, 'displayName': 'Successful'}","[{'type': {'value': 141, 'displayName': 'PassEndY'}, 'value': '49.1'}, {'type': {'value': 140, 'displayName': 'PassEndX'}, 'value': '4.0'}, {'type': {'value': 124, 'displayName': 'GoalKick'}}, {'type': {'value': 212, 'displayName': 'Length'}, 'value': '8.4'}, {'type': {'value': 213, 'displayName': 'Angle'}, 'value': '4.58'}, {'type': {'value': 56, 'displayName': 'Zone'}, 'value': 'Back'}]","[91, 117, 30, 35, 38, 215, 218]",True,362434.0,4.0,49.1,,,,,,,,,
2610377371.0,367,34,10.0,29,9.4,50.9,34,"{'value': 1, 'displayName': 'FirstHalf'}","{'value': 1, 'displayName': 'Pass'}","{'value': 1, 'displayName': 'Successful'}","[{'type': {'value': 155, 'displayName': 'Chipped'}}, {'type': {'value': 1, 'displayName': 'Longball'}}, {'type': {'value': 141, 'displayName': 'PassEndY'}, 'value': '89.7'}, {'type': {'value': 213, 'displayName': 'Angle'}, 'value': '0.67'}, {'type': {'value': 178, 'displayName': 'StandingSave'}}, {'type': {'value': 140, 'displayName': 'PassEndX'}, 'value': '41.2'}, {'type': {'value': 56, 'displayName': 'Zone'}, 'value': 'Back'}, {'type': {'value': 212, 'displayName': 'Length'}, 'value': '42.6'}]","[91, 117, 124, 127, 36, 37, 216, 218]",True,92516.0,41.2,89.7,,,,,,,,,
2610377383.0,368,34,12.0,29,45.0,87.7,34,"{'value': 1, 'displayName': 'FirstHalf'}","{'value': 44, 'displayName': 'Aerial'}","{'value': 1, 'displayName': 'Successful'}","[{'type': {'value': 285, 'displayName': 'Defensive'}}, {'type': {'value': 56, 'displayName': 'Zone'}, 'value': 'Back'}, {'type': {'value': 233, 'displayName': 'OppositeRelatedEvent'}, 'value': '318'}]","[197, 200]",False,319756.0,,,,,,,,,,,
2610377375.0,318,34,12.0,31,55.0,12.3,34,"{'value': 1, 'displayName': 'FirstHalf'}","{'value': 44, 'displayName': 'Aerial'}","{'value': 0, 'displayName': 'Unsuccessful'}","[{'type': {'value': 286, 'displayName': 'Offensive'}}, {'type': {'value': 233, 'displayName': 'OppositeRelatedEvent'}, 'value': '368'}, {'type': {'value': 56, 'displayName': 'Zone'}, 'value': 'Right'}]","[198, 199]",False,396975.0,,,,,,,,,,,
2610377421.0,369,34,12.0,29,43.0,89.4,34,"{'value': 1, 'displayName': 'FirstHalf'}","{'value': 1, 'displayName': 'Pass'}","{'value': 0, 'displayName': 'Unsuccessful'}","[{'type': {'value': 213, 'displayName': 'Angle'}, 'value': '0.46'}, {'type': {'value': 3, 'displayName': 'HeadPass'}}, {'type': {'value': 141, 'displayName': 'PassEndY'}, 'value': '100.0'}, {'type': {'value': 56, 'displayName': 'Zone'}, 'value': 'Left'}, {'type': {'value': 212, 'displayName': 'Length'}, 'value': '17.6'}, {'type': {'value': 140, 'displayName': 'PassEndX'}, 'value': '58.0'}]","[91, 120, 29, 139, 36, 37, 216, 218]",True,319756.0,58.0,100.0,,,,,,,,,
2610377705.0,320,34,25.0,31,34.4,0.0,34,"{'value': 1, 'displayName': 'FirstHalf'}","{'value': 1, 'displayName': 'Pass'}","{'value': 1, 'displayName': 'Successful'}","[{'type': {'value': 213, 'displayName': 'Angle'}, 'value': '1.25'}, {'type': {'value': 107, 'displayName': 'ThrowIn'}}, {'type': {'value': 56, 'displayName': 'Zone'}, 'value': 'Back'}, {'type': {'value': 212, 'displayName': 'Length'}, 'value': '10.3'}, {'type': {'value': 141, 'displayName': 'PassEndY'}, 'value': '13.1'}, {'type': {'value': 140, 'displayName': 'PassEndX'}, 'value': '37.5'}]","[91, 212, 36, 37, 216]",True,396975.0,37.5,13.1,,,,,,,,,
2610377739.0,321,34,25.0,31,37.5,13.1,34,"{'value': 1, 'displayName': 'FirstHalf'}","{'value': 1, 'displayName': 'Pass'}","{'value': 1, 'displayName': 'Successful'}","[{'type': {'value': 141, 'displayName': 'PassEndY'}, 'value': '4.1'}, {'type': {'value': 213, 'displayName': 'Angle'}, 'value': '3.76'}, {'type': {'value': 212, 'displayName': 'Length'}, 'value': '10.6'}, {'type': {'value': 56, 'displayName': 'Zone'}, 'value': 'Back'}, {'type': {'value': 140, 'displayName': 'PassEndX'}, 'value': '29.3'}]","[91, 117, 30, 35, 38, 215, 218]",True,367781.0,29.3,4.1,,,,,,,,,
2610377777.0,322,34,27.0,31,29.3,4.1,34,"{'value': 1, 'displayName': 'FirstHalf'}","{'value': 1, 'displayName': 'Pass'}","{'value': 1, 'displayName': 'Successful'}","[{'type': {'value': 140, 'displayName': 'PassEndX'}, 'value': '21.5'}, {'type': {'value': 141, 'displayName': 'PassEndY'}, 'value': '4.6'}, {'type': {'value': 178, 'displayName': 'StandingSave'}}, {'type': {'value': 212, 'displayName': 'Length'}, 'value': '8.2'}, {'type': {'value': 213, 'displayName': 'Angle'}, 'value': '3.10'}, {'type': {'value': 56, 'displayName': 'Zone'}, 'value': 'Back'}]","[91, 117, 30, 35, 37, 215, 218]",True,396975.0,21.5,4.6,,,,,,,,,
2610377833.0,323,34,29.0,31,21.5,4.6,34,"{'value': 1, 'displayName': 'FirstHalf'}","{'value': 1, 'displayName': 'Pass'}","{'value': 1, 'displayName': 'Successful'}","[{'type': {'value': 141, 'displayName': 'PassEndY'}, 'value': '10.4'}, {'type': {'value': 212, 'displayName': 'Length'}, 'value': '12.4'}, {'type': {'value': 140, 'displayName': 'PassEndX'}, 'value': '32.7'}, {'type': {'value': 56, 'displayName': 'Zone'}, 'value': 'Back'}, {'type': {'value': 178, 'displayName': 'StandingSave'}}, {'type': {'value': 213, 'displayName': 'Angle'}, 'value': '0.32'}]","[91, 117, 30, 36, 37, 215, 218]",True,131464.0,32.7,10.4,,,,,,,,,
2610377965.0,324,34,31.0,31,34.7,12.5,34,"{'value': 1, 'displayName': 'FirstHalf'}","{'value': 1, 'displayName': 'Pass'}","{'value': 1, 'displayName': 'Successful'}","[{'type': {'value': 212, 'displayName': 'Length'}, 'value': '53.8'}, {'type': {'value': 140, 'displayName': 'PassEndX'}, 'value': '85.9'}, {'type': {'value': 155, 'displayName': 'Chipped'}}, {'type': {'value': 141, 'displayName': 'PassEndY'}, 'value': '17.0'}, {'type': {'value': 56, 'displayName': 'Zone'}, 'value': 'Right'}, {'type': {'value': 213, 'displayName': 'Angle'}, 'value': '0.06'}, {'type': {'value': 1, 'displayName': 'Longball'}}, {'type': {'value': 178, 'displayName': 'StandingSave'}}]","[91, 119, 117, 124, 127, 205, 36, 37, 217, 218]",True,367781.0,85.9,17.0,,,,,,,,,
2610378079.0,326,34,39.0,31,84.9,13.4,34,"{'value': 1, 'displayName': 'FirstHalf'}","{'value': 1, 'displayName': 'Pass'}","{'value': 0, 'displayName': 'Unsuccessful'}","[{'type': {'value': 212, 'displayName': 'Length'}, 'value': '24.7'}, {'type': {'value': 178, 'displayName': 'StandingSave'}}, {'type': {'value': 72, 'displayName': 'LeftFoot'}}, {'type': {'value': 155, 'displayName': 'Chipped'}}, {'type': {'value': 213, 'displayName': 'Angle'}, 'value': '1.40'}, {'type': {'value': 2, 'displayName': 'Cross'}}, {'type': {'value': 141, 'displayName': 'PassEndY'}, 'value': '49.1'}, {'type': {'value': 140, 'displayName': 'PassEndX'}, 'value': '89.0'}, {'type': {'value': 56, 'displayName': 'Zone'}, 'value': 'Center'}]","[91, 138, 124, 126, 36, 37, 217, 218]",True,357427.0,89.0,49.1,,,,,,,,,
2610378103.0,372,34,40.0,29,8.5,51.1,34,"{'value': 1, 'displayName': 'FirstHalf'}","{'value': 12, 'displayName': 'Clearance'}","{'value': 1, 'displayName': 'Successful'}","[{'type': {'value': 56, 'displayName': 'Zone'}, 'value': 'Back'}, {'type': {'value': 212, 'displayName': 'Length'}, 'value': '14.9'}, {'type': {'value': 15, 'displayName': 'Head'}}, {'type': {'value': 140, 'displayName': 'PassEndX'}, 'value': '21.6'}, {'type': {'value': 141, 'displayName': 'PassEndY'}, 'value': '59.6'}, {'type': {'value': 213, 'displayName': 'Angle'}, 'value': '0.40'}]","[91, 94, 95, 57, 215]",True,362434.0,21.6,59.6,,,,,,,,,
2610378325.0,373,34,42.0,29,22.1,61.2,34,"{'value': 1, 'displayName': 'FirstHalf'}","{'value': 12, 'displayName': 'Clearance'}","{'value': 1, 'displayName': 'Successful'}","[{'type': {'value': 212, 'displayName': 'Length'}, 'value': '8.8'}, {'type': {'value': 140, 'displayName': 'PassEndX'}, 'value': '30.2'}, {'type': {'value': 213, 'displayName': 'Angle'}, 'value': '0.27'}, {'type': {'value': 141, 'displayName': 'PassEndY'}, 'value': '64.6'}, {'type': {'value': 56, 'displayName': 'Zone'}, 'value': 'Back'}]","[91, 94, 95, 215]",True,322696.0,30.2,64.6,,,,,,,,,
2610378297.0,327,34,44.0,31,71.5,37.1,34,"{'value': 1, 'displayName': 'FirstHalf'}","{'value': 1, 'displayName': 'Pass'}","{'value': 1, 'displayName': 'Successful'}","[{'type': {'value': 140, 'displayName': 'PassEndX'}, 'value': '69.6'}, {'type': {'value': 178, 'displayName': 'StandingSave'}}, {'type': {'value': 141, 'displayName': 'PassEndY'}, 'value': '77.8'}, {'type': {'value': 56, 'displayName': 'Zone'}, 'value': 'Center'}, {'type': {'value': 213, 'displayName': 'Angle'}, 'value': '1.64'}, {'type': {'value': 212, 'displayName': 'Length'}, 'value': '27.7'}, {'type': {'value': 155, 'displayName': 'Chipped'}}]","[91, 119, 117, 30, 124, 205, 35, 37, 217, 218]",True,396975.0,69.6,77.8,,,,,,,,,
2610378317.0,328,34,47.0,31,70.0,78.7,34,"{'value': 1, 'displayName': 'FirstHalf'}","{'value': 1, 'displayName': 'Pass'}","{'value': 0, 'displayName': 'Unsuccessful'}","[{'type': {'value': 141, 'displayName': 'PassEndY'}, 'value': '69.9'}, {'type': {'value': 178, 'displayName': 'StandingSave'}}, {'type': {'value': 213, 'displayName': 'Angle'}, 'value': '5.77'}, {'type': {'value': 212, 'displayName': 'Length'}, 'value': '12.1'}, {'type': {'value': 56, 'displayName': 'Zone'}, 'value': 'Center'}, {'type': {'value': 140, 'displayName': 'PassEndX'}, 'value': '80.0'}]","[91, 120, 29, 36, 38, 217, 218]",True,345516.0,80.0,69.9,,,,,,,,,
2610378335.0,374,34,48.0,29,22.5,29.2,34,"{'value': 1, 'displayName': 'FirstHalf'}","{'value': 8, 'displayName': 'Interception'}","{'value': 1, 'displayName': 'Successful'}","[{'type': {'value': 178, 'displayName': 'StandingSave'}}, {'type': {'value': 56, 'displayName': 'Zone'}, 'value': 'Back'}]","[91, 101, 56]",True,111372.0,,,,,,,,,,,
2610378349.0,375,34,49.0,29,32.5,24.4,34,"{'value': 1, 'displayName': 'FirstHalf'}","{'value': 49, 'displayName': 'BallRecovery'}","{'value': 1, 'displayName': 'Successful'}",[],[93],False,322596.0,,,,,,,,,,,
2610378497.0,376,34,54.0,29,46.5,5.6,34,"{'value': 1, 'displayName': 'FirstHalf'}","{'value': 3, 'displayName': 'TakeOn'}","{'value': 0, 'displayName': 'Unsuccessful'}","[{'type': {'value': 56, 'displayName': 'Zone'}, 'value': 'Back'}, {'type': {'value': 286, 'displayName': 'Offensive'}}, {'type': {'value': 178, 'displayName': 'StandingSave'}}, {'type': {'value': 233, 'displayName': 'OppositeRelatedEvent'}, 'value': '329'}]","[91, 53]",True,322596.0,,,,,,,,,,,
2610378527.0,329,34,54.0,31,53.5,94.4,34,"{'value': 1, 'displayName': 'FirstHalf'}","{'value': 7, 'displayName': 'Tackle'}","{'value': 1, 'displayName': 'Successful'}","[{'type': {'value': 285, 'displayName': 'Defensive'}}, {'type': {'value': 56, 'displayName': 'Zone'}, 'value': 'Left'}, {'type': {'value': 233, 'displayName': 'OppositeRelatedEvent'}, 'value': '376'}]","[91, 143]",True,345516.0,,,,,,,,,,,
2610378813.0,378,34,59.0,29,61.5,0.0,34,"{'value': 1, 'displayName': 'FirstHalf'}","{'value': 1, 'displayName': 'Pass'}","{'value': 1, 'displayName': 'Successful'}","[{'type': {'value': 56, 'displayName': 'Zone'}, 'value': 'Back'}, {'type': {'value': 212, 'displayName': 'Length'}, 'value': '17.1'}, {'type': {'value': 107, 'displayName': 'ThrowIn'}}, {'type': {'value': 213, 'displayName': 'Angle'}, 'value': '2.80'}, {'type': {'value': 141, 'displayName': 'PassEndY'}, 'value': '6.4'}, {'type': {'value': 140, 'displayName': 'PassEndX'}, 'value': '46.2'}]","[91, 212, 35, 37, 216]",True,322596.0,46.2,6.4,,,,,,,,,
2610378887.0,379,35,8.0,29,64.8,6.4,35,"{'value': 1, 'displayName': 'FirstHalf'}","{'value': 1, 'displayName': 'Pass'}","{'value': 1, 'displayName': 'Successful'}","[{'type': {'value': 178, 'displayName': 'StandingSave'}}, {'type': {'value': 155, 'displayName': 'Chipped'}}, {'type': {'value': 141, 'displayName': 'PassEndY'}, 'value': '22.8'}, {'type': {'value': 212, 'displayName': 'Length'}, 'value': '28.5'}, {'type': {'value': 213, 'displayName': 'Angle'}, 'value': '0.40'}, {'type': {'value': 56, 'displayName': 'Zone'}, 'value': 'Center'}, {'type': {'value': 140, 'displayName': 'PassEndX'}, 'value': '89.8'}]","[91, 119, 117, 30, 124, 205, 36, 37, 217, 218]",True,111372.0,89.8,22.8,,,,,,,,,
2610378897.0,380,35,11.0,29,89.8,23.6,35,"{'value': 1, 'displayName': 'FirstHalf'}","{'value': 61, 'displayName': 'BallTouch'}","{'value': 0, 'displayName': 'Unsuccessful'}","[{'type': {'value': 15, 'displayName': 'Head'}}, {'type': {'value': 56, 'displayName': 'Zone'}, 'value': 'Center'}, {'type': {'value': 178, 'displayName': 'StandingSave'}}]","[91, 69]",True,322596.0,,,,,,,,,,,
2610379095.0,332,35,12.0,31,9.4,70.5,35,"{'value': 1, 'displayName': 'FirstHalf'}","{'value': 52, 'displayName': 'KeeperPickup'}","{'value': 1, 'displayName': 'Successful'}","[{'type': {'value': 178, 'displayName': 'StandingSave'}}]",[93],False,110189.0,,,,,,,,,,,
2610379319.0,333,35,24.0,31,12.8,44.1,35,"{'value': 1, 'displayName': 'FirstHalf'}","{'value': 1, 'displayName': 'Pass'}","{'value': 1, 'displayName': 'Successful'}","[{'type': {'value': 141, 'displayName': 'PassEndY'}, 'value': '29.1'}, {'type': {'value': 140, 'displayName': 'PassEndX'}, 'value': '19.4'}, {'type': {'value': 213, 'displayName': 'Angle'}, 'value': '5.31'}, {'type': {'value': 123, 'displayName': 'KeeperThrow'}}, {'type': {'value': 56, 'displayName': 'Zone'}, 'value': 'Back'}, {'type': {'value': 212, 'displayName': 'Length'}, 'value': '12.3'}, {'type': {'value': 178, 'displayName': 'StandingSave'}}]","[91, 36, 38, 215, 218]",True,110189.0,19.4,29.1,,,,,,,,,
2610379405.0,334,35,28.0,31,19.3,30.0,35,"{'value': 1, 'displayName': 'FirstHalf'}","{'value': 1, 'displayName': 'Pass'}","{'value': 1, 'displayName': 'Successful'}","[{'type': {'value': 213, 'displayName': 'Angle'}, 'value': '1.79'}, {'type': {'value': 140, 'displayName': 'PassEndX'}, 'value': '13.1'}, {'type': {'value': 141, 'displayName': 'PassEndY'}, 'value': '72.3'}, {'type': {'value': 56, 'displayName': 'Zone'}, 'value': 'Back'}, {'type': {'value': 212, 'displayName': 'Length'}, 'value': '29.5'}, {'type': {'value': 178, 'displayName': 'StandingSave'}}]","[91, 117, 30, 35, 37, 215, 218]",True,131464.0,13.1,72.3,,,,,,,,,
2610379553.0,335,35,32.0,31,13.5,67.6,35,"{'value': 1, 'displayName': 'FirstHalf'}","{'value': 1, 'displayName': 'Pass'}","{'value': 1, 'displayName': 'Successful'}","[{'type': {'value': 56, 'displayName': 'Zone'}, 'value': 'Back'}, {'type': {'value': 213, 'displayName': 'Angle'}, 'value': '4.33'}, {'type': {'value': 212, 'displayName': 'Length'}, 'value': '16.2'}, {'type': {'value': 141, 'displayName': 'PassEndY'}, 'value': '45.4'}, {'type': {'value': 140, 'displayName': 'PassEndX'}, 'value': '7.8'}, {'type': {'value': 178, 'displayName': 'StandingSave'}}]","[91, 117, 30, 35, 38, 215, 218]",True,381045.0,7.8,45.4,,,,,,,,,
2610379669.0,336,35,37.0,31,10.8,45.8,35,"{'value': 1, 'displayName': 'FirstHalf'}","{'value': 1, 'displayName': 'Pass'}","{'value': 1, 'displayName': 'Successful'}","[{'type': {'value': 141, 'displayName': 'PassEndY'}, 'value': '48.8'}, {'type': {'value': 56, 'displayName': 'Zone'}, 'value': 'Back'}, {'type': {'value': 140, 'displayName': 'PassEndX'}, 'value': '24.3'}, {'type': {'value': 178, 'displayName': 'StandingSave'}}, {'type': {'value': 213, 'displayName': 'Angle'}, 'value': '0.14'}, {'type': {'value': 212, 'displayName': 'Length'}, 'value': '14.3'}]","[91, 117, 30, 36, 37, 215, 218]",True,110189.0,24.3,48.8,,,,,,,,,
2610379813.0,337,35,42.0,31,33.8,48.5,35,"{'value': 1, 'displayName': 'FirstHalf'}","{'value': 1, 'displayName': 'Pass'}","{'value': 1, 'displayName': 'Successful'}","[{'type': {'value': 140, 'displayName': 'PassEndX'}, 'value': '48.1'}, {'type': {'value': 56, 'displayName': 'Zone'}, 'value': 'Back'}, {'type': {'value': 178, 'displayName': 'StandingSave'}}, {'type': {'value': 212, 'displayName': 'Length'}, 'value': '16.7'}, {'type': {'value': 141, 'displayName': 'PassEndY'}, 'value': '59.3'}, {'type': {'value': 213, 'displayName': 'Angle'}, 'value': '0.45'}]","[91, 117, 30, 36, 37, 216, 218]",True,400815.0,48.1,59.3,,,,,,,,,
2610379885.0,338,35,46.0,31,34.9,46.4,35,"{'value': 1, 'displayName': 'FirstHalf'}","{'value': 1, 'displayName': 'Pass'}","{'value': 1, 'displayName': 'Successful'}","[{'type': {'value': 56, 'displayName': 'Zone'}, 'value': 'Back'}, {'type': {'value': 212, 'displayName': 'Length'}, 'value': '25.5'}, {'type': {'value': 178, 'displayName': 'StandingSave'}}, {'type': {'value': 213, 'displayName': 'Angle'}, 'value': '4.58'}, {'type': {'value': 140, 'displayName': 'PassEndX'}, 'value': '31.7'}, {'type': {'value': 141, 'displayName': 'PassEndY'}, 'value': '9.2'}]","[91, 117, 30, 35, 38, 215, 218]",True,141469.0,31.7,9.2,,,,,,,,,
2610379941.0,339,35,50.0,31,30.8,8.3,35,"{'value': 1, 'displayName': 'FirstHalf'}","{'value': 1, 'displayName': 'Pass'}","{'value': 1, 'displayName': 'Successful'}","[{'type': {'value': 140, 'displayName': 'PassEndX'}, 'value': '35.9'}, {'type': {'value': 212, 'displayName': 'Length'}, 'value': '6.3'}, {'type': {'value': 56, 'displayName': 'Zone'}, 'value': 'Back'}, {'type': {'value': 178, 'displayName': 'StandingSave'}}, {'type': {'value': 213, 'displayName': 'Angle'}, 'value': '5.74'}, {'type': {'value': 141, 'displayName': 'PassEndY'}, 'value': '3.5'}]","[91, 117, 30, 36, 38, 216, 218]",True,131464.0,35.9,3.5,,,,,,,,,
2610380021.0,340,35,52.0,31,36.2,3.5,35,"{'value': 1, 'displayName': 'FirstHalf'}","{'value': 1, 'displayName': 'Pass'}","{'value': 1, 'displayName': 'Successful'}","[{'type': {'value': 56, 'displayName': 'Zone'}, 'value': 'Back'}, {'type': {'value': 212, 'displayName': 'Length'}, 'value': '8.6'}, {'type': {'value': 141, 'displayName': 'PassEndY'}, 'value': '10.9'}, {'type': {'value': 213, 'displayName': 'Angle'}, 'value': '2.52'}, {'type': {'value': 178, 'displayName': 'StandingSave'}}, {'type': {'value': 140, 'displayName': 'PassEndX'}, 'value': '29.5'}]","[91, 117, 30, 35, 37, 215, 218]",True,396975.0,29.5,10.9,,,,,,,,,
2610380085.0,341,35,55.0,31,32.5,8.6,35,"{'value': 1, 'displayName': 'FirstHalf'}","{'value': 1, 'displayName': 'Pass'}","{'value': 0, 'displayName': 'Unsuccessful'}","[{'type': {'value': 155, 'displayName': 'Chipped'}}, {'type': {'value': 1, 'displayName': 'Longball'}}, {'type': {'value': 212, 'displayName': 'Length'}, 'value': '35.7'}, {'type': {'value': 178, 'displayName': 'StandingSave'}}, {'type': {'value': 56, 'displayName': 'Zone'}, 'value': 'Center'}, {'type': {'value': 213, 'displayName': 'Angle'}, 'value': '0.32'}, {'type': {'value': 140, 'displayName': 'PassEndX'}, 'value': '64.8'}, {'type': {'value': 141, 'displayName': 'PassEndY'}, 'value': '25.0'}]","[91, 120, 124, 128, 36, 37, 216, 218]",True,131464.0,64.8,25.0,,,,,,,,,
2610380113.0,381,35,58.0,29,26.1,76.0,35,"{'value': 1, 'displayName': 'FirstHalf'}","{'value': 1, 'displayName': 'Pass'}","{'value': 1, 'displayName': 'Successful'}","[{'type': {'value': 141, 'displayName': 'PassEndY'}, 'value': '92.4'}, {'type': {'value': 56, 'displayName': 'Zone'}, 'value': 'Back'}, {'type': {'value': 140, 'displayName': 'PassEndX'}, 'value': '32.4'}, {'type': {'value': 3, 'displayName': 'HeadPass'}}, {'type': {'value': 178, 'displayName': 'StandingSave'}}, {'type': {'value': 213, 'displayName': 'Angle'}, 'value': '1.04'}, {'type': {'value': 212, 'displayName': 'Length'}, 'value': '13.0'}]","[91, 117, 30, 139, 36, 37, 215, 218]",True,362434.0,32.4,92.4,,,,,,,,,
2610380127.0,382,35,58.0,29,32.4,92.4,35,"{'value': 1, 'displayName': 'FirstHalf'}","{'value': 49, 'displayName': 'BallRecovery'}","{'value': 1, 'displayName': 'Successful'}",[],[93],False,68049.0,,,,,,,,,,,
2610380181.0,383,36,0.0,29,33.3,94.4,36,"{'value': 1, 'displayName': 'FirstHalf'}","{'value': 1, 'displayName': 'Pass'}","{'value': 0, 'displayName': 'Unsuccessful'}","[{'type': {'value': 213, 'displayName': 'Angle'}, 'value': '6.16'}, {'type': {'value': 178, 'displayName': 'StandingSave'}}, {'type': {'value': 212, 'displayName': 'Length'}, 'value': '23.5'}, {'type': {'value': 141, 'displayName': 'PassEndY'}, 'value': '90.3'}, {'type': {'value': 140, 'displayName': 'PassEndX'}, 'value': '55.5'}, {'type': {'value': 56, 'displayName': 'Zone'}, 'value': 'Left'}, {'type': {'value': 155, 'displayName': 'Chipped'}}]","[91, 120, 29, 124, 36, 38, 216, 218]",True,68049.0,55.5,90.3,,,,,,,,,
2610380253.0,342,36,1.0,31,48.3,17.1,36,"{'value': 1, 'displayName': 'FirstHalf'}","{'value': 1, 'displayName': 'Pass'}","{'value': 0, 'displayName': 'Unsuccessful'}","[{'type': {'value': 178, 'displayName': 'StandingSave'}}, {'type': {'value': 56, 'displayName': 'Zone'}, 'value': 'Right'}, {'type': {'value': 140, 'displayName': 'PassEndX'}, 'value': '69.4'}, {'type': {'value': 212, 'displayName': 'Length'}, 'value': '22.3'}, {'type': {'value': 213, 'displayName': 'Angle'}, 'value': '6.15'}, {'type': {'value': 141, 'displayName': 'PassEndY'}, 'value': '12.8'}, {'type': {'value': 3, 'displayName': 'HeadPass'}}]","[91, 120, 29, 139, 36, 38, 217, 218]",True,131464.0,69.4,12.8,,,,,,,,,
2610380333.0,384,36,5.0,29,25.2,89.6,36,"{'value': 1, 'displayName': 'FirstHalf'}","{'value': 1, 'displayName': 'Pass'}","{'value': 1, 'displayName': 'Successful'}","[{'type': {'value': 213, 'displayName': 'Angle'}, 'value': '3.82'}, {'type': {'value': 212, 'displayName': 'Length'}, 'value': '14.4'}, {'type': {'value': 56, 'displayName': 'Zone'}, 'value': 'Back'}, {'type': {'value': 141, 'displayName': 'PassEndY'}, 'value': '76.3'}, {'type': {'value': 140, 'displayName': 'PassEndX'}, 'value': '14.5'}, {'type': {'value': 178, 'displayName': 'StandingSave'}}]","[91, 117, 30, 35, 38, 215, 218]",True,68049.0,14.5,76.3,,,,,,,,,
2610380411.0,385,36,8.0,29,11.7,73.6,36,"{'value': 1, 'displayName': 'FirstHalf'}","{'value': 1, 'displayName': 'Pass'}","{'value': 1, 'displayName': 'Successful'}","[{'type': {'value': 212, 'displayName': 'Length'}, 'value': '21.9'}, {'type': {'value': 141, 'displayName': 'PassEndY'}, 'value': '41.8'}, {'type': {'value': 140, 'displayName': 'PassEndX'}, 'value': '8.3'}, {'type': {'value': 213, 'displayName': 'Angle'}, 'value': '4.55'}, {'type': {'value': 56, 'displayName': 'Zone'}, 'value': 'Back'}, {'type': {'value': 178, 'displayName': 'StandingSave'}}]","[91, 117, 30, 35, 38, 215, 218]",True,362434.0,8.3,41.8,,,,,,,,,
2610380551.0,386,36,11.0,29,10.3,41.0,36,"{'value': 1, 'displayName': 'FirstHalf'}","{'value': 1, 'displayName': 'Pass'}","{'value': 1, 'displayName': 'Successful'}","[{'type': {'value': 178, 'displayName': 'StandingSave'}}, {'type': {'value': 213, 'displayName': 'Angle'}, 'value': '5.95'}, {'type': {'value': 212, 'displayName': 'Length'}, 'value': '15.0'}, {'type': {'value': 56, 'displayName': 'Zone'}, 'value': 'Back'}, {'type': {'value': 140, 'displayName': 'PassEndX'}, 'value': '23.8'}, {'type': {'value': 141, 'displayName': 'PassEndY'}, 'value': '33.7'}]","[91, 117, 30, 36, 38, 215, 218]",True,92516.0,23.8,33.7,,,,,,,,,
2610380629.0,387,36,16.0,29,23.6,29.4,36,"{'value': 1, 'displayName': 'FirstHalf'}","{'value': 1, 'displayName': 'Pass'}","{'value': 1, 'displayName': 'Successful'}","[{'type': {'value': 213, 'displayName': 'Angle'}, 'value': '5.30'}, {'type': {'value': 212, 'displayName': 'Length'}, 'value': '18.3'}, {'type': {'value': 56, 'displayName': 'Zone'}, 'value': 'Back'}, {'type': {'value': 140, 'displayName': 'PassEndX'}, 'value': '33.3'}, {'type': {'value': 178, 'displayName': 'StandingSave'}}, {'type': {'value': 141, 'displayName': 'PassEndY'}, 'value': '7.1'}]","[91, 117, 30, 36, 38, 215, 218]",True,106086.0,33.3,7.1,,,,,,,,,
2610380709.0,388,36,19.0,29,33.5,5.5,36,"{'value': 1, 'displayName': 'FirstHalf'}","{'value': 1, 'displayName': 'Pass'}","{'value': 1, 'displayName': 'Successful'}","[{'type': {'value': 141, 'displayName': 'PassEndY'}, 'value': '8.5'}, {'type': {'value': 178, 'displayName': 'StandingSave'}}, {'type': {'value': 140, 'displayName': 'PassEndX'}, 'value': '43.3'}, {'type': {'value': 56, 'displayName': 'Zone'}, 'value': 'Back'}, {'type': {'value': 213, 'displayName': 'Angle'}, 'value': '0.20'}, {'type': {'value': 212, 'displayName': 'Length'}, 'value': '10.5'}]","[91, 117, 30, 36, 37, 216, 218]",True,111372.0,43.3,8.5,,,,,,,,,
2610380813.0,389,36,21.0,29,42.9,9.2,36,"{'value': 1, 'displayName': 'FirstHalf'}","{'value': 1, 'displayName': 'Pass'}","{'value': 1, 'displayName': 'Successful'}","[{'type': {'value': 56, 'displayName': 'Zone'}, 'value': 'Back'}, {'type': {'value': 213, 'displayName': 'Angle'}, 'value': '2.83'}, {'type': {'value': 212, 'displayName': 'Length'}, 'value': '20.0'}, {'type': {'value': 140, 'displayName': 'PassEndX'}, 'value': '24.8'}, {'type': {'value': 178, 'displayName': 'StandingSave'}}, {'type': {'value': 141, 'displayName': 'PassEndY'}, 'value': '18.2'}]","[91, 117, 30, 35, 37, 215, 218]",True,322596.0,24.8,18.2,,,,,,,,,
2610380851.0,390,36,26.0,29,30.5,27.6,36,"{'value': 1, 'displayName': 'FirstHalf'}","{'value': 1, 'displayName': 'Pass'}","{'value': 1, 'displayName': 'Successful'}","[{'type': {'value': 178, 'displayName': 'StandingSave'}}, {'type': {'value': 212, 'displayName': 'Length'}, 'value': '11.2'}, {'type': {'value': 141, 'displayName': 'PassEndY'}, 'value': '40.0'}, {'type': {'value': 140, 'displayName': 'PassEndX'}, 'value': '37.5'}, {'type': {'value': 213, 'displayName': 'Angle'}, 'value': '0.85'}, {'type': {'value': 56, 'displayName': 'Zone'}, 'value': 'Back'}]","[91, 117, 30, 36, 37, 216, 218]",True,106086.0,37.5,40.0,,,,,,,,,
2610380887.0,391,36,27.0,29,38.5,40.3,36,"{'value': 1, 'displayName': 'FirstHalf'}","{'value': 1, 'displayName': 'Pass'}","{'value': 1, 'displayName': 'Successful'}","[{'type': {'value': 213, 'displayName': 'Angle'}, 'value': '4.30'}, {'type': {'value': 212, 'displayName': 'Length'}, 'value': '11.2'}, {'type': {'value': 178, 'displayName': 'StandingSave'}}, {'type': {'value': 56, 'displayName': 'Zone'}, 'value': 'Back'}, {'type': {'value': 140, 'displayName': 'PassEndX'}, 'value': '34.2'}, {'type': {'value': 141, 'displayName': 'PassEndY'}, 'value': '25.2'}]","[91, 117, 30, 35, 38, 216, 218]",True,105172.0,34.2,25.2,,,,,,,,,
2610380919.0,392,36,30.0,29,36.5,29.5,36,"{'value': 1, 'displayName': 'FirstHalf'}","{'value': 1, 'displayName': 'Pass'}","{'value': 0, 'displayName': 'Unsuccessful'}","[{'type': {'value': 56, 'displayName': 'Zone'}, 'value': 'Left'}, {'type': {'value': 1, 'displayName': 'Longball'}}, {'type': {'value': 141, 'displayName': 'PassEndY'}, 'value': '88.1'}, {'type': {'value': 212, 'displayName': 'Length'}, 'value': '47.0'}, {'type': {'value': 213, 'displayName': 'Angle'}, 'value': '1.01'}, {'type': {'value': 155, 'displayName': 'Chipped'}}, {'type': {'value': 178, 'displayName': 'StandingSave'}}, {'type': {'value': 140, 'displayName': 'PassEndX'}, 'value': '60.2'}]","[91, 120, 124, 128, 36, 37, 216, 218]",True,106086.0,60.2,88.1,,,,,,,,,
2610380953.0,343,36,33.0,31,43.8,19.8,36,"{'value': 1, 'displayName': 'FirstHalf'}","{'value': 49, 'displayName': 'BallRecovery'}","{'value': 1, 'displayName': 'Successful'}",[],[93],False,396975.0,,,,,,,,,,,
2610381013.0,344,36,35.0,31,46.6,16.8,36,"{'value': 1, 'displayName': 'FirstHalf'}","{'value': 1, 'displayName': 'Pass'}","{'value': 1, 'displayName': 'Successful'}","[{'type': {'value': 212, 'displayName': 'Length'}, 'value': '16.0'}, {'type': {'value': 140, 'displayName': 'PassEndX'}, 'value': '59.5'}, {'type': {'value': 141, 'displayName': 'PassEndY'}, 'value': '29.4'}, {'type': {'value': 213, 'displayName': 'Angle'}, 'value': '0.56'}, {'type': {'value': 56, 'displayName': 'Zone'}, 'value': 'Center'}, {'type': {'value': 178, 'displayName': 'StandingSave'}}]","[91, 119, 117, 30, 36, 37, 216, 218]",True,396975.0,59.5,29.4,,,,,,,,,
2610381027.0,345,36,36.0,31,59.5,29.4,36,"{'value': 1, 'displayName': 'FirstHalf'}","{'value': 1, 'displayName': 'Pass'}","{'value': 1, 'displayName': 'Successful'}","[{'type': {'value': 140, 'displayName': 'PassEndX'}, 'value': '53.3'}, {'type': {'value': 56, 'displayName': 'Zone'}, 'value': 'Center'}, {'type': {'value': 141, 'displayName': 'PassEndY'}, 'value': '27.1'}, {'type': {'value': 212, 'displayName': 'Length'}, 'value': '6.7'}, {'type': {'value': 213, 'displayName': 'Angle'}, 'value': '3.38'}, {'type': {'value': 178, 'displayName': 'StandingSave'}}]","[91, 119, 117, 30, 35, 38, 216, 218]",True,317896.0,53.3,27.1,,,,,,,,,
2610381101.0,346,36,38.0,31,53.5,25.8,36,"{'value': 1, 'displayName': 'FirstHalf'}","{'value': 1, 'displayName': 'Pass'}","{'value': 1, 'displayName': 'Successful'}","[{'type': {'value': 140, 'displayName': 'PassEndX'}, 'value': '60.4'}, {'type': {'value': 56, 'displayName': 'Zone'}, 'value': 'Right'}, {'type': {'value': 178, 'displayName': 'StandingSave'}}, {'type': {'value': 213, 'displayName': 'Angle'}, 'value': '5.17'}, {'type': {'value': 212, 'displayName': 'Length'}, 'value': '16.5'}, {'type': {'value': 141, 'displayName': 'PassEndY'}, 'value': '4.0'}]","[91, 119, 117, 30, 36, 38, 216, 218]",True,367781.0,60.4,4.0,,,,,,,,,
2610381133.0,347,36,41.0,31,63.8,5.0,36,"{'value': 1, 'displayName': 'FirstHalf'}","{'value': 1, 'displayName': 'Pass'}","{'value': 0, 'displayName': 'Unsuccessful'}","[{'type': {'value': 141, 'displayName': 'PassEndY'}, 'value': '30.6'}, {'type': {'value': 212, 'displayName': 'Length'}, 'value': '29.6'}, {'type': {'value': 178, 'displayName': 'StandingSave'}}, {'type': {'value': 213, 'displayName': 'Angle'}, 'value': '0.63'}, {'type': {'value': 56, 'displayName': 'Zone'}, 'value': 'Center'}, {'type': {'value': 155, 'displayName': 'Chipped'}}, {'type': {'value': 140, 'displayName': 'PassEndX'}, 'value': '86.6'}]","[91, 120, 29, 124, 36, 37, 217, 218]",True,396975.0,86.6,30.6,,,,,,,,,
2610381161.0,394,36,44.0,29,10.7,76.3,36,"{'value': 1, 'displayName': 'FirstHalf'}","{'value': 12, 'displayName': 'Clearance'}","{'value': 1, 'displayName': 'Successful'}","[{'type': {'value': 56, 'displayName': 'Zone'}, 'value': 'Back'}, {'type': {'value': 213, 'displayName': 'Angle'}, 'value': '1.21'}, {'type': {'value': 212, 'displayName': 'Length'}, 'value': '18.2'}, {'type': {'value': 141, 'displayName': 'PassEndY'}, 'value': '100.0'}, {'type': {'value': 178, 'displayName': 'StandingSave'}}, {'type': {'value': 140, 'displayName': 'PassEndX'}, 'value': '16.8'}]","[91, 94, 95, 215]",True,362434.0,16.8,100.0,,,,,,,,,
2610381341.0,349,36,49.0,31,83.5,0.0,36,"{'value': 1, 'displayName': 'FirstHalf'}","{'value': 1, 'displayName': 'Pass'}","{'value': 1, 'displayName': 'Successful'}","[{'type': {'value': 56, 'displayName': 'Zone'}, 'value': 'Right'}, {'type': {'value': 140, 'displayName': 'PassEndX'}, 'value': '84.5'}, {'type': {'value': 141, 'displayName': 'PassEndY'}, 'value': '7.0'}, {'type': {'value': 107, 'displayName': 'ThrowIn'}}, {'type': {'value': 212, 'displayName': 'Length'}, 'value': '6.0'}, {'type': {'value': 213, 'displayName': 'Angle'}, 'value': '1.40'}]","[91, 212, 36, 37, 217]",True,396975.0,84.5,7.0,,,,,,,,,
2610381389.0,350,36,52.0,31,92.3,5.9,36,"{'value': 1, 'displayName': 'FirstHalf'}","{'value': 1, 'displayName': 'Pass'}","{'value': 1, 'displayName': 'Successful'}","[{'type': {'value': 2, 'displayName': 'Cross'}}, {'type': {'value': 178, 'displayName': 'StandingSave'}}, {'type': {'value': 20, 'displayName': 'RightFoot'}}, {'type': {'value': 212, 'displayName': 'Length'}, 'value': '23.7'}, {'type': {'value': 141, 'displayName': 'PassEndY'}, 'value': '40.0'}, {'type': {'value': 140, 'displayName': 'PassEndX'}, 'value': '87.8'}, {'type': {'value': 213, 'displayName': 'Angle'}, 'value': '1.77'}, {'type': {'value': 56, 'displayName': 'Zone'}, 'value': 'Center'}]","[91, 119, 137, 125, 35, 37, 217, 218]",True,367781.0,87.8,40.0,,,,,,,,,
2610381415.0,351,36,54.0,31,87.8,40.0,36,"{'value': 1, 'displayName': 'FirstHalf'}","{'value': 61, 'displayName': 'BallTouch'}","{'value': 0, 'displayName': 'Unsuccessful'}","[{'type': {'value': 56, 'displayName': 'Zone'}, 'value': 'Center'}, {'type': {'value': 178, 'displayName': 'StandingSave'}}]","[91, 69]",True,141469.0,,,,,,,,,,,
2610381405.0,396,36,55.0,29,12.3,67.2,36,"{'value': 1, 'displayName': 'FirstHalf'}","{'value': 49, 'displayName': 'BallRecovery'}","{'value': 1, 'displayName': 'Successful'}",[],[93],False,322696.0,,,,,,,,,,,
2610381477.0,397,36,56.0,29,11.6,70.3,36,"{'value': 1, 'displayName': 'FirstHalf'}","{'value': 1, 'displayName': 'Pass'}","{'value': 1, 'displayName': 'Successful'}","[{'type': {'value': 178, 'displayName': 'StandingSave'}}, {'type': {'value': 212, 'displayName': 'Length'}, 'value': '11.0'}, {'type': {'value': 141, 'displayName': 'PassEndY'}, 'value': '80.0'}, {'type': {'value': 140, 'displayName': 'PassEndX'}, 'value': '3.2'}, {'type': {'value': 213, 'displayName': 'Angle'}, 'value': '2.50'}, {'type': {'value': 56, 'displayName': 'Zone'}, 'value': 'Back'}]","[91, 117, 30, 35, 37, 215, 218]",True,322696.0,3.2,80.0,,,,,,,,,
2610381547.0,398,36,58.0,29,3.6,80.9,36,"{'value': 1, 'displayName': 'FirstHalf'}","{'value': 1, 'displayName': 'Pass'}","{'value': 1, 'displayName': 'Successful'}","[{'type': {'value': 140, 'displayName': 'PassEndX'}, 'value': '26.7'}, {'type': {'value': 56, 'displayName': 'Zone'}, 'value': 'Back'}, {'type': {'value': 141, 'displayName': 'PassEndY'}, 'value': '88.3'}, {'type': {'value': 212, 'displayName': 'Length'}, 'value': '24.8'}, {'type': {'value': 213, 'displayName': 'Angle'}, 'value': '0.20'}, {'type': {'value': 178, 'displayName': 'StandingSave'}}, {'type': {'value': 155, 'displayName': 'Chipped'}}]","[91, 117, 30, 124, 36, 37, 215, 218]",True,68049.0,26.7,88.3,,,,,,,,,
2610381623.0,399,37,1.0,29,26.9,93.2,37,"{'value': 1, 'displayName': 'FirstHalf'}","{'value': 1, 'displayName': 'Pass'}","{'value': 1, 'displayName': 'Successful'}","[{'type': {'value': 141, 'displayName': 'PassEndY'}, 'value': '91.8'}, {'type': {'value': 213, 'displayName': 'Angle'}, 'value': '6.19'}, {'type': {'value': 212, 'displayName': 'Length'}, 'value': '10.5'}, {'type': {'value': 178, 'displayName': 'StandingSave'}}, {'type': {'value': 56, 'displayName': 'Zone'}, 'value': 'Back'}, {'type': {'value': 140, 'displayName': 'PassEndX'}, 'value': '36.9'}]","[91, 117, 30, 36, 38, 216, 218]",True,400166.0,36.9,91.8,,,,,,,,,
2610381637.0,400,37,2.0,29,36.9,91.8,37,"{'value': 1, 'displayName': 'FirstHalf'}","{'value': 1, 'displayName': 'Pass'}","{'value': 0, 'displayName': 'Unsuccessful'}","[{'type': {'value': 56, 'displayName': 'Zone'}, 'value': 'Left'}, {'type': {'value': 213, 'displayName': 'Angle'}, 'value': '6.06'}, {'type': {'value': 178, 'displayName': 'StandingSave'}}, {'type': {'value': 140, 'displayName': 'PassEndX'}, 'value': '51.4'}, {'type': {'value': 141, 'displayName': 'PassEndY'}, 'value': '86.8'}, {'type': {'value': 212, 'displayName': 'Length'}, 'value': '15.6'}]","[91, 120, 29, 36, 38, 216, 218]",True,69517.0,51.4,86.8,,,,,,,,,
2610381645.0,352,37,4.0,31,47.4,16.5,37,"{'value': 1, 'displayName': 'FirstHalf'}","{'value': 49, 'displayName': 'BallRecovery'}","{'value': 1, 'displayName': 'Successful'}",[],[93],False,381045.0,,,,,,,,,,,
2610381781.0,353,37,5.0,31,47.8,19.2,37,"{'value': 1, 'displayName': 'FirstHalf'}","{'value': 1, 'displayName': 'Pass'}","{'value': 1, 'displayName': 'Successful'}","[{'type': {'value': 178, 'displayName': 'StandingSave'}}, {'type': {'value': 141, 'displayName': 'PassEndY'}, 'value': '17.7'}, {'type': {'value': 212, 'displayName': 'Length'}, 'value': '15.8'}, {'type': {'value': 213, 'displayName': 'Angle'}, 'value': '6.22'}, {'type': {'value': 56, 'displayName': 'Zone'}, 'value': 'Right'}, {'type': {'value': 140, 'displayName': 'PassEndX'}, 'value': '62.8'}]","[91, 119, 117, 30, 36, 38, 216, 218]",True,381045.0,62.8,17.7,,,,,,,,,
2610381789.0,354,37,9.0,31,60.2,12.2,37,"{'value': 1, 'displayName': 'FirstHalf'}","{'value': 50, 'displayName': 'Dispossessed'}","{'value': 1, 'displayName': 'Successful'}","[{'type': {'value': 56, 'displayName': 'Zone'}, 'value': 'Right'}, {'type': {'value': 233, 'displayName': 'OppositeRelatedEvent'}, 'value': '402'}, {'type': {'value': 286, 'displayName': 'Offensive'}}]","[91, 70]",True,367781.0,,,,,,,,,,,
2610381803.0,402,37,9.0,29,39.8,87.8,37,"{'value': 1, 'displayName': 'FirstHalf'}","{'value': 7, 'displayName': 'Tackle'}","{'value': 1, 'displayName': 'Successful'}","[{'type': {'value': 233, 'displayName': 'OppositeRelatedEvent'}, 'value': '354'}, {'type': {'value': 285, 'displayName': 'Defensive'}}, {'type': {'value': 56, 'displayName': 'Zone'}, 'value': 'Back'}, {'type': {'value': 178, 'displayName': 'StandingSave'}}]","[91, 143]",True,69517.0,,,,,,,,,,,
2610381807.0,403,37,10.0,29,34.9,93.3,37,"{'value': 1, 'displayName': 'FirstHalf'}","{'value': 49, 'displayName': 'BallRecovery'}","{'value': 1, 'displayName': 'Successful'}",[],[93],False,400166.0,,,,,,,,,,,
2610381875.0,404,37,10.0,29,34.9,93.3,37,"{'value': 1, 'displayName': 'FirstHalf'}","{'value': 1, 'displayName': 'Pass'}","{'value': 1, 'displayName': 'Successful'}","[{'type': {'value': 213, 'displayName': 'Angle'}, 'value': '5.36'}, {'type': {'value': 56, 'displayName': 'Zone'}, 'value': 'Back'}, {'type': {'value': 178, 'displayName': 'StandingSave'}}, {'type': {'value': 212, 'displayName': 'Length'}, 'value': '4.7'}, {'type': {'value': 141, 'displayName': 'PassEndY'}, 'value': '87.8'}, {'type': {'value': 140, 'displayName': 'PassEndX'}, 'value': '37.6'}]","[91, 117, 30, 36, 38, 216, 218]",True,400166.0,37.6,87.8,,,,,,,,,
2610381993.0,405,37,13.0,29,38.1,77.5,37,"{'value': 1, 'displayName': 'FirstHalf'}","{'value': 1, 'displayName': 'Pass'}","{'value': 1, 'displayName': 'Successful'}","[{'type': {'value': 140, 'displayName': 'PassEndX'}, 'value': '37.5'}, {'type': {'value': 212, 'displayName': 'Length'}, 'value': '17.8'}, {'type': {'value': 56, 'displayName': 'Zone'}, 'value': 'Back'}, {'type': {'value': 178, 'displayName': 'StandingSave'}}, {'type': {'value': 213, 'displayName': 'Angle'}, 'value': '4.68'}, {'type': {'value': 141, 'displayName': 'PassEndY'}, 'value': '51.3'}]","[91, 117, 30, 35, 38, 216, 218]",True,322696.0,37.5,51.3,,,,,,,,,
2610382071.0,406,37,18.0,29,40.7,34.3,37,"{'value': 1, 'displayName': 'FirstHalf'}","{'value': 1, 'displayName': 'Pass'}","{'value': 1, 'displayName': 'Successful'}","[{'type': {'value': 140, 'displayName': 'PassEndX'}, 'value': '61.0'}, {'type': {'value': 56, 'displayName': 'Zone'}, 'value': 'Right'}, {'type': {'value': 141, 'displayName': 'PassEndY'}, 'value': '8.8'}, {'type': {'value': 213, 'displayName': 'Angle'}, 'value': '5.60'}, {'type': {'value': 178, 'displayName': 'StandingSave'}}, {'type': {'value': 212, 'displayName': 'Length'}, 'value': '27.5'}]","[91, 119, 117, 30, 36, 38, 216, 218]",True,105172.0,61.0,8.8,,,,,,,,,
2610382097.0,407,37,22.0,29,62.9,17.0,37,"{'value': 1, 'displayName': 'FirstHalf'}","{'value': 1, 'displayName': 'Pass'}","{'value': 1, 'displayName': 'Successful'}","[{'type': {'value': 212, 'displayName': 'Length'}, 'value': '13.6'}, {'type': {'value': 141, 'displayName': 'PassEndY'}, 'value': '31.9'}, {'type': {'value': 178, 'displayName': 'StandingSave'}}, {'type': {'value': 56, 'displayName': 'Zone'}, 'value': 'Center'}, {'type': {'value': 213, 'displayName': 'Angle'}, 'value': '0.84'}, {'type': {'value': 140, 'displayName': 'PassEndX'}, 'value': '71.5'}]","[91, 119, 117, 30, 205, 36, 37, 217, 218]",True,111372.0,71.5,31.9,,,,,,,,,
2610382133.0,408,37,24.0,29,71.5,33.4,37,"{'value': 1, 'displayName': 'FirstHalf'}","{'value': 1, 'displayName': 'Pass'}","{'value': 1, 'displayName': 'Successful'}","[{'type': {'value': 178, 'displayName': 'StandingSave'}}, {'type': {'value': 140, 'displayName': 'PassEndX'}, 'value': '68.1'}, {'type': {'value': 56, 'displayName': 'Zone'}, 'value': 'Center'}, {'type': {'value': 212, 'displayName': 'Length'}, 'value': '11.4'}, {'type': {'value': 141, 'displayName': 'PassEndY'}, 'value': '49.3'}, {'type': {'value': 213, 'displayName': 'Angle'}, 'value': '1.89'}]","[91, 119, 117, 30, 205, 35, 37, 217, 218]",True,69517.0,68.1,49.3,,,,,,,,,
2610382199.0,409,37,25.0,29,67.8,52.5,37,"{'value': 1, 'displayName': 'FirstHalf'}","{'value': 1, 'displayName': 'Pass'}","{'value': 1, 'displayName': 'Successful'}","[{'type': {'value': 213, 'displayName': 'Angle'}, 'value': '1.18'}, {'type': {'value': 141, 'displayName': 'PassEndY'}, 'value': '77.6'}, {'type': {'value': 140, 'displayName': 'PassEndX'}, 'value': '74.5'}, {'type': {'value': 212, 'displayName': 'Length'}, 'value': '18.5'}, {'type': {'value': 178, 'displayName': 'StandingSave'}}, {'type': {'value': 56, 'displayName': 'Zone'}, 'value': 'Center'}]","[91, 119, 117, 30, 205, 36, 37, 217, 218]",True,400166.0,74.5,77.6,,,,,,,,,
2610382229.0,410,37,29.0,29,75.7,82.0,37,"{'value': 1, 'displayName': 'FirstHalf'}","{'value': 1, 'displayName': 'Pass'}","{'value': 0, 'displayName': 'Unsuccessful'}","[{'type': {'value': 212, 'displayName': 'Length'}, 'value': '17.6'}, {'type': {'value': 56, 'displayName': 'Zone'}, 'value': 'Left'}, {'type': {'value': 140, 'displayName': 'PassEndX'}, 'value': '92.3'}, {'type': {'value': 141, 'displayName': 'PassEndY'}, 'value': '85.3'}, {'type': {'value': 213, 'displayName': 'Angle'}, 'value': '0.13'}, {'type': {'value': 178, 'displayName': 'StandingSave'}}]","[91, 120, 29, 36, 37, 217, 218]",True,319756.0,92.3,85.3,,,,,,,,,
2610382259.0,355,37,30.0,31,3.8,13.5,37,"{'value': 1, 'displayName': 'FirstHalf'}","{'value': 12, 'displayName': 'Clearance'}","{'value': 1, 'displayName': 'Successful'}","[{'type': {'value': 212, 'displayName': 'Length'}, 'value': '10.2'}, {'type': {'value': 141, 'displayName': 'PassEndY'}, 'value': '0.0'}, {'type': {'value': 56, 'displayName': 'Zone'}, 'value': 'Back'}, {'type': {'value': 178, 'displayName': 'StandingSave'}}, {'type': {'value': 213, 'displayName': 'Angle'}, 'value': '4.93'}, {'type': {'value': 140, 'displayName': 'PassEndX'}, 'value': '5.9'}]","[91, 94, 95, 215]",True,396975.0,5.9,0.0,,,,,,,,,
2610382617.0,412,37,38.0,29,91.3,100.0,37,"{'value': 1, 'displayName': 'FirstHalf'}","{'value': 1, 'displayName': 'Pass'}","{'value': 1, 'displayName': 'Successful'}","[{'type': {'value': 141, 'displayName': 'PassEndY'}, 'value': '93.6'}, {'type': {'value': 140, 'displayName': 'PassEndX'}, 'value': '79.1'}, {'type': {'value': 212, 'displayName': 'Length'}, 'value': '13.7'}, {'type': {'value': 107, 'displayName': 'ThrowIn'}}, {'type': {'value': 213, 'displayName': 'Angle'}, 'value': '3.51'}, {'type': {'value': 56, 'displayName': 'Zone'}, 'value': 'Left'}]","[91, 212, 35, 38, 217]",True,68049.0,79.1,93.6,,,,,,,,,
2610591561.0,1091,37,40.0,29,77.1,94.8,37,"{'value': 1, 'displayName': 'FirstHalf'}","{'value': 1, 'displayName': 'Pass'}","{'value': 1, 'displayName': 'Successful'}","[{'type': {'value': 178, 'displayName': 'StandingSave'}}, {'type': {'value': 213, 'displayName': 'Angle'}, 'value': '6.24'}, {'type': {'value': 56, 'displayName': 'Zone'}, 'value': 'Left'}, {'type': {'value': 212, 'displayName': 'Length'}, 'value': '10.5'}, {'type': {'value': 141, 'displayName': 'PassEndY'}, 'value': '94.2'}, {'type': {'value': 140, 'displayName': 'PassEndX'}, 'value': '87.1'}]","[91, 119, 117, 30, 205, 36, 38, 217, 218]",True,319756.0,87.1,94.2,,,,,,,,,
2610382635.0,413,37,44.0,29,79.1,95.4,37,"{'value': 1, 'displayName': 'FirstHalf'}","{'value': 1, 'displayName': 'Pass'}","{'value': 1, 'displayName': 'Successful'}","[{'type': {'value': 213, 'displayName': 'Angle'}, 'value': '3.14'}, {'type': {'value': 56, 'displayName': 'Zone'}, 'value': 'Left'}, {'type': {'value': 178, 'displayName': 'StandingSave'}}, {'type': {'value': 141, 'displayName': 'PassEndY'}, 'value': '95.4'}, {'type': {'value': 140, 'displayName': 'PassEndX'}, 'value': '73.5'}, {'type': {'value': 212, 'displayName': 'Length'}, 'value': '5.9'}]","[91, 119, 117, 30, 205, 35, 217, 218]",True,68049.0,73.5,95.4,,,,,,,,,
2610382661.0,414,37,46.0,29,80.1,95.0,37,"{'value': 1, 'displayName': 'FirstHalf'}","{'value': 1, 'displayName': 'Pass'}","{'value': 1, 'displayName': 'Successful'}","[{'type': {'value': 212, 'displayName': 'Length'}, 'value': '11.3'}, {'type': {'value': 213, 'displayName': 'Angle'}, 'value': '3.57'}, {'type': {'value': 56, 'displayName': 'Zone'}, 'value': 'Left'}, {'type': {'value': 140, 'displayName': 'PassEndX'}, 'value': '70.3'}, {'type': {'value': 141, 'displayName': 'PassEndY'}, 'value': '88.1'}, {'type': {'value': 178, 'displayName': 'StandingSave'}}]","[91, 119, 117, 30, 205, 35, 38, 217, 218]",True,319756.0,70.3,88.1,,,,,,,,,
2610382713.0,415,37,49.0,29,68.2,84.4,37,"{'value': 1, 'displayName': 'FirstHalf'}","{'value': 1, 'displayName': 'Pass'}","{'value': 1, 'displayName': 'Successful'}","[{'type': {'value': 140, 'displayName': 'PassEndX'}, 'value': '55.8'}, {'type': {'value': 178, 'displayName': 'StandingSave'}}, {'type': {'value': 213, 'displayName': 'Angle'}, 'value': '4.26'}, {'type': {'value': 56, 'displayName': 'Zone'}, 'value': 'Center'}, {'type': {'value': 212, 'displayName': 'Length'}, 'value': '29.7'}, {'type': {'value': 141, 'displayName': 'PassEndY'}, 'value': '45.2'}]","[91, 119, 117, 30, 35, 38, 216, 218]",True,322696.0,55.8,45.2,,,,,,,,,
2610382779.0,416,37,53.0,29,58.0,39.2,37,"{'value': 1, 'displayName': 'FirstHalf'}","{'value': 1, 'displayName': 'Pass'}","{'value': 1, 'displayName': 'Successful'}","[{'type': {'value': 213, 'displayName': 'Angle'}, 'value': '5.18'}, {'type': {'value': 140, 'displayName': 'PassEndX'}, 'value': '69.0'}, {'type': {'value': 56, 'displayName': 'Zone'}, 'value': 'Right'}, {'type': {'value': 212, 'displayName': 'Length'}, 'value': '25.4'}, {'type': {'value': 178, 'displayName': 'StandingSave'}}, {'type': {'value': 141, 'displayName': 'PassEndY'}, 'value': '5.9'}]","[91, 119, 117, 30, 205, 36, 38, 217, 218]",True,106086.0,69.0,5.9,,,,,,,,,
2610382831.0,417,37,55.0,29,68.1,7.0,37,"{'value': 1, 'displayName': 'FirstHalf'}","{'value': 1, 'displayName': 'Pass'}","{'value': 1, 'displayName': 'Successful'}","[{'type': {'value': 178, 'displayName': 'StandingSave'}}, {'type': {'value': 141, 'displayName': 'PassEndY'}, 'value': '14.0'}, {'type': {'value': 212, 'displayName': 'Length'}, 'value': '4.8'}, {'type': {'value': 213, 'displayName': 'Angle'}, 'value': '1.50'}, {'type': {'value': 56, 'displayName': 'Zone'}, 'value': 'Right'}, {'type': {'value': 140, 'displayName': 'PassEndX'}, 'value': '68.4'}]","[91, 119, 117, 30, 205, 36, 37, 217, 218]",True,111372.0,68.4,14.0,,,,,,,,,
2610382863.0,418,37,57.0,29,69.5,12.6,37,"{'value': 1, 'displayName': 'FirstHalf'}","{'value': 1, 'displayName': 'Pass'}","{'value': 1, 'displayName': 'Successful'}","[{'type': {'value': 178, 'displayName': 'StandingSave'}}, {'type': {'value': 141, 'displayName': 'PassEndY'}, 'value': '4.7'}, {'type': {'value': 140, 'displayName': 'PassEndX'}, 'value': '67.2'}, {'type': {'value': 56, 'displayName': 'Zone'}, 'value': 'Right'}, {'type': {'value': 213, 'displayName': 'Angle'}, 'value': '4.29'}, {'type': {'value': 212, 'displayName': 'Length'}, 'value': '5.9'}]","[91, 119, 117, 30, 205, 35, 38, 217, 218]",True,322596.0,67.2,4.7,,,,,,,,,
2610382915.0,419,37,59.0,29,66.6,5.5,37,"{'value': 1, 'displayName': 'FirstHalf'}","{'value': 1, 'displayName': 'Pass'}","{'value': 1, 'displayName': 'Successful'}","[{'type': {'value': 213, 'displayName': 'Angle'}, 'value': '2.93'}, {'type': {'value': 212, 'displayName': 'Length'}, 'value': '19.3'}, {'type': {'value': 141, 'displayName': 'PassEndY'}, 'value': '11.6'}, {'type': {'value': 56, 'displayName': 'Zone'}, 'value': 'Back'}, {'type': {'value': 140, 'displayName': 'PassEndX'}, 'value': '48.6'}, {'type': {'value': 178, 'displayName': 'StandingSave'}}]","[91, 117, 30, 35, 37, 216, 218]",True,111372.0,48.6,11.6,,,,,,,,,
2610382995.0,420,38,2.0,29,49.5,17.9,38,"{'value': 1, 'displayName': 'FirstHalf'}","{'value': 1, 'displayName': 'Pass'}","{'value': 1, 'displayName': 'Successful'}","[{'type': {'value': 213, 'displayName': 'Angle'}, 'value': '1.72'}, {'type': {'value': 140, 'displayName': 'PassEndX'}, 'value': '45.3'}, {'type': {'value': 212, 'displayName': 'Length'}, 'value': '28.8'}, {'type': {'value': 178, 'displayName': 'StandingSave'}}, {'type': {'value': 141, 'displayName': 'PassEndY'}, 'value': '59.7'}, {'type': {'value': 56, 'displayName': 'Zone'}, 'value': 'Back'}]","[91, 117, 30, 35, 37, 216, 218]",True,106086.0,45.3,59.7,,,,,,,,,
2610383031.0,421,38,6.0,29,43.7,69.9,38,"{'value': 1, 'displayName': 'FirstHalf'}","{'value': 1, 'displayName': 'Pass'}","{'value': 1, 'displayName': 'Successful'}","[{'type': {'value': 213, 'displayName': 'Angle'}, 'value': '1.77'}, {'type': {'value': 212, 'displayName': 'Length'}, 'value': '15.6'}, {'type': {'value': 56, 'displayName': 'Zone'}, 'value': 'Back'}, {'type': {'value': 141, 'displayName': 'PassEndY'}, 'value': '92.4'}, {'type': {'value': 140, 'displayName': 'PassEndX'}, 'value': '40.8'}, {'type': {'value': 178, 'displayName': 'StandingSave'}}]","[91, 117, 30, 35, 37, 216, 218]",True,362434.0,40.8,92.4,,,,,,,,,
2610383185.0,422,38,9.0,29,39.0,84.2,38,"{'value': 1, 'displayName': 'FirstHalf'}","{'value': 1, 'displayName': 'Pass'}","{'value': 1, 'displayName': 'Successful'}","[{'type': {'value': 178, 'displayName': 'StandingSave'}}, {'type': {'value': 140, 'displayName': 'PassEndX'}, 'value': '23.9'}, {'type': {'value': 141, 'displayName': 'PassEndY'}, 'value': '55.1'}, {'type': {'value': 56, 'displayName': 'Zone'}, 'value': 'Back'}, {'type': {'value': 213, 'displayName': 'Angle'}, 'value': '4.04'}, {'type': {'value': 212, 'displayName': 'Length'}, 'value': '25.4'}]","[91, 117, 30, 35, 38, 215, 218]",True,68049.0,23.9,55.1,,,,,,,,,
2610383215.0,423,38,14.0,29,24.4,50.7,38,"{'value': 1, 'displayName': 'FirstHalf'}","{'value': 1, 'displayName': 'Pass'}","{'value': 1, 'displayName': 'Successful'}","[{'type': {'value': 56, 'displayName': 'Zone'}, 'value': 'Back'}, {'type': {'value': 140, 'displayName': 'PassEndX'}, 'value': '30.4'}, {'type': {'value': 213, 'displayName': 'Angle'}, 'value': '5.01'}, {'type': {'value': 141, 'displayName': 'PassEndY'}, 'value': '20.0'}, {'type': {'value': 212, 'displayName': 'Length'}, 'value': '21.8'}, {'type': {'value': 178, 'displayName': 'StandingSave'}}]","[91, 117, 30, 36, 38, 215, 218]",True,92516.0,30.4,20.0,,,,,,,,,
2610383331.0,424,38,19.0,29,36.4,17.6,38,"{'value': 1, 'displayName': 'FirstHalf'}","{'value': 1, 'displayName': 'Pass'}","{'value': 1, 'displayName': 'Successful'}","[{'type': {'value': 141, 'displayName': 'PassEndY'}, 'value': '37.9'}, {'type': {'value': 140, 'displayName': 'PassEndX'}, 'value': '33.5'}, {'type': {'value': 212, 'displayName': 'Length'}, 'value': '14.1'}, {'type': {'value': 213, 'displayName': 'Angle'}, 'value': '1.79'}, {'type': {'value': 56, 'displayName': 'Zone'}, 'value': 'Back'}, {'type': {'value': 178, 'displayName': 'StandingSave'}}]","[91, 117, 30, 35, 37, 216, 218]",True,106086.0,33.5,37.9,,,,,,,,,
2610383403.0,425,38,21.0,29,35.8,42.4,38,"{'value': 1, 'displayName': 'FirstHalf'}","{'value': 1, 'displayName': 'Pass'}","{'value': 1, 'displayName': 'Successful'}","[{'type': {'value': 212, 'displayName': 'Length'}, 'value': '27.1'}, {'type': {'value': 141, 'displayName': 'PassEndY'}, 'value': '81.2'}, {'type': {'value': 178, 'displayName': 'StandingSave'}}, {'type': {'value': 140, 'displayName': 'PassEndX'}, 'value': '41.6'}, {'type': {'value': 56, 'displayName': 'Zone'}, 'value': 'Back'}, {'type': {'value': 213, 'displayName': 'Angle'}, 'value': '1.34'}]","[91, 117, 30, 36, 37, 216, 218]",True,322696.0,41.6,81.2,,,,,,,,,
2610383435.0,426,38,25.0,29,43.2,84.5,38,"{'value': 1, 'displayName': 'FirstHalf'}","{'value': 1, 'displayName': 'Pass'}","{'value': 1, 'displayName': 'Successful'}","[{'type': {'value': 213, 'displayName': 'Angle'}, 'value': '0.64'}, {'type': {'value': 212, 'displayName': 'Length'}, 'value': '12.2'}, {'type': {'value': 178, 'displayName': 'StandingSave'}}, {'type': {'value': 141, 'displayName': 'PassEndY'}, 'value': '95.3'}, {'type': {'value': 140, 'displayName': 'PassEndX'}, 'value': '52.5'}, {'type': {'value': 56, 'displayName': 'Zone'}, 'value': 'Left'}]","[91, 119, 117, 30, 36, 37, 216, 218]",True,362434.0,52.5,95.3,,,,,,,,,
2610383519.0,427,38,27.0,29,44.2,91.2,38,"{'value': 1, 'displayName': 'FirstHalf'}","{'value': 1, 'displayName': 'Pass'}","{'value': 1, 'displayName': 'Successful'}","[{'type': {'value': 213, 'displayName': 'Angle'}, 'value': '3.68'}, {'type': {'value': 212, 'displayName': 'Length'}, 'value': '15.5'}, {'type': {'value': 178, 'displayName': 'StandingSave'}}, {'type': {'value': 140, 'displayName': 'PassEndX'}, 'value': '31.5'}, {'type': {'value': 56, 'displayName': 'Zone'}, 'value': 'Back'}, {'type': {'value': 141, 'displayName': 'PassEndY'}, 'value': '79.6'}]","[91, 117, 30, 35, 38, 215, 218]",True,319756.0,31.5,79.6,,,,,,,,,
2610383635.0,428,38,31.0,29,33.4,78.4,38,"{'value': 1, 'displayName': 'FirstHalf'}","{'value': 1, 'displayName': 'Pass'}","{'value': 0, 'displayName': 'Unsuccessful'}","[{'type': {'value': 56, 'displayName': 'Zone'}, 'value': 'Center'}, {'type': {'value': 140, 'displayName': 'PassEndX'}, 'value': '85.0'}, {'type': {'value': 1, 'displayName': 'Longball'}}, {'type': {'value': 178, 'displayName': 'StandingSave'}}, {'type': {'value': 141, 'displayName': 'PassEndY'}, 'value': '45.5'}, {'type': {'value': 213, 'displayName': 'Angle'}, 'value': '5.89'}, {'type': {'value': 212, 'displayName': 'Length'}, 'value': '58.6'}, {'type': {'value': 155, 'displayName': 'Chipped'}}]","[91, 120, 124, 128, 36, 38, 217, 218]",True,362434.0,85.0,45.5,,,,,,,,,
2610383705.0,357,38,37.0,31,13.5,50.1,38,"{'value': 1, 'displayName': 'FirstHalf'}","{'value': 52, 'displayName': 'KeeperPickup'}","{'value': 1, 'displayName': 'Successful'}","[{'type': {'value': 178, 'displayName': 'StandingSave'}}]",[93],False,110189.0,,,,,,,,,,,
2610383903.0,358,38,42.0,31,12.5,48.8,38,"{'value': 1, 'displayName': 'FirstHalf'}","{'value': 1, 'displayName': 'Pass'}","{'value': 1, 'displayName': 'Successful'}","[{'type': {'value': 123, 'displayName': 'KeeperThrow'}}, {'type': {'value': 213, 'displayName': 'Angle'}, 'value': '0.04'}, {'type': {'value': 212, 'displayName': 'Length'}, 'value': '17.8'}, {'type': {'value': 56, 'displayName': 'Zone'}, 'value': 'Back'}, {'type': {'value': 141, 'displayName': 'PassEndY'}, 'value': '49.9'}, {'type': {'value': 178, 'displayName': 'StandingSave'}}, {'type': {'value': 140, 'displayName': 'PassEndX'}, 'value': '29.4'}]","[91, 36, 37, 215, 218]",True,110189.0,29.4,49.9,,,,,,,,,
2610383945.0,359,38,43.0,31,29.4,49.9,38,"{'value': 1, 'displayName': 'FirstHalf'}","{'value': 1, 'displayName': 'Pass'}","{'value': 1, 'displayName': 'Successful'}","[{'type': {'value': 213, 'displayName': 'Angle'}, 'value': '3.19'}, {'type': {'value': 178, 'displayName': 'StandingSave'}}, {'type': {'value': 56, 'displayName': 'Zone'}, 'value': 'Back'}, {'type': {'value': 141, 'displayName': 'PassEndY'}, 'value': '49.1'}, {'type': {'value': 212, 'displayName': 'Length'}, 'value': '11.0'}, {'type': {'value': 140, 'displayName': 'PassEndX'}, 'value': '18.9'}]","[91, 117, 30, 35, 38, 215, 218]",True,400815.0,18.9,49.1,,,,,,,,,
2610383967.0,360,38,45.0,31,18.9,49.1,38,"{'value': 1, 'displayName': 'FirstHalf'}","{'value': 1, 'displayName': 'Pass'}","{'value': 1, 'displayName': 'Successful'}","[{'type': {'value': 140, 'displayName': 'PassEndX'}, 'value': '17.2'}, {'type': {'value': 178, 'displayName': 'StandingSave'}}, {'type': {'value': 213, 'displayName': 'Angle'}, 'value': '4.58'}, {'type': {'value': 212, 'displayName': 'Length'}, 'value': '13.5'}, {'type': {'value': 56, 'displayName': 'Zone'}, 'value': 'Back'}, {'type': {'value': 141, 'displayName': 'PassEndY'}, 'value': '29.4'}]","[91, 117, 30, 35, 38, 215, 218]",True,381045.0,17.2,29.4,,,,,,,,,
2610384001.0,361,38,47.0,31,17.2,29.4,38,"{'value': 1, 'displayName': 'FirstHalf'}","{'value': 1, 'displayName': 'Pass'}","{'value': 1, 'displayName': 'Successful'}","[{'type': {'value': 140, 'displayName': 'PassEndX'}, 'value': '23.5'}, {'type': {'value': 141, 'displayName': 'PassEndY'}, 'value': '4.4'}, {'type': {'value': 212, 'displayName': 'Length'}, 'value': '18.2'}, {'type': {'value': 178, 'displayName': 'StandingSave'}}, {'type': {'value': 56, 'displayName': 'Zone'}, 'value': 'Back'}, {'type': {'value': 213, 'displayName': 'Angle'}, 'value': '5.08'}]","[91, 117, 30, 36, 38, 215, 218]",True,131464.0,23.5,4.4,,,,,,,,,
2610384065.0,362,38,49.0,31,23.6,4.4,38,"{'value': 1, 'displayName': 'FirstHalf'}","{'value': 1, 'displayName': 'Pass'}","{'value': 1, 'displayName': 'Successful'}","[{'type': {'value': 141, 'displayName': 'PassEndY'}, 'value': '24.7'}, {'type': {'value': 140, 'displayName': 'PassEndX'}, 'value': '40.6'}, {'type': {'value': 213, 'displayName': 'Angle'}, 'value': '0.66'}, {'type': {'value': 178, 'displayName': 'StandingSave'}}, {'type': {'value': 212, 'displayName': 'Length'}, 'value': '22.6'}, {'type': {'value': 155, 'displayName': 'Chipped'}}, {'type': {'value': 56, 'displayName': 'Zone'}, 'value': 'Back'}]","[91, 117, 30, 124, 36, 37, 216, 218]",True,396975.0,40.6,24.7,,,,,,,,,
2610384079.0,363,38,50.0,31,40.6,24.7,38,"{'value': 1, 'displayName': 'FirstHalf'}","{'value': 61, 'displayName': 'BallTouch'}","{'value': 0, 'displayName': 'Unsuccessful'}","[{'type': {'value': 56, 'displayName': 'Zone'}, 'value': 'Back'}]","[91, 69]",True,116317.0,,,,,,,,,,,
2610384101.0,429,38,51.0,29,61.5,64.3,38,"{'value': 1, 'displayName': 'FirstHalf'}","{'value': 49, 'displayName': 'BallRecovery'}","{'value': 1, 'displayName': 'Successful'}",[],[93],False,105172.0,,,,,,,,,,,
2610384119.0,430,38,51.0,29,61.5,64.3,38,"{'value': 1, 'displayName': 'FirstHalf'}","{'value': 1, 'displayName': 'Pass'}","{'value': 1, 'displayName': 'Successful'}","[{'type': {'value': 141, 'displayName': 'PassEndY'}, 'value': '70.8'}, {'type': {'value': 140, 'displayName': 'PassEndX'}, 'value': '54.7'}, {'type': {'value': 56, 'displayName': 'Zone'}, 'value': 'Center'}, {'type': {'value': 213, 'displayName': 'Angle'}, 'value': '2.59'}, {'type': {'value': 212, 'displayName': 'Length'}, 'value': '8.4'}]","[91, 119, 117, 30, 35, 37, 216, 218]",True,105172.0,54.7,70.8,,,,,,,,,
2610384139.0,431,38,53.0,29,56.5,67.3,38,"{'value': 1, 'displayName': 'FirstHalf'}","{'value': 1, 'displayName': 'Pass'}","{'value': 1, 'displayName': 'Successful'}","[{'type': {'value': 213, 'displayName': 'Angle'}, 'value': '4.14'}, {'type': {'value': 212, 'displayName': 'Length'}, 'value': '19.9'}, {'type': {'value': 178, 'displayName': 'StandingSave'}}, {'type': {'value': 141, 'displayName': 'PassEndY'}, 'value': '42.7'}, {'type': {'value': 56, 'displayName': 'Zone'}, 'value': 'Back'}, {'type': {'value': 140, 'displayName': 'PassEndX'}, 'value': '46.2'}]","[91, 117, 30, 35, 38, 216, 218]",True,362434.0,46.2,42.7,,,,,,,,,
2610384149.0,432,38,54.0,29,46.2,42.7,38,"{'value': 1, 'displayName': 'FirstHalf'}","{'value': 1, 'displayName': 'Pass'}","{'value': 1, 'displayName': 'Successful'}","[{'type': {'value': 141, 'displayName': 'PassEndY'}, 'value': '43.3'}, {'type': {'value': 213, 'displayName': 'Angle'}, 'value': '0.04'}, {'type': {'value': 178, 'displayName': 'StandingSave'}}, {'type': {'value': 140, 'displayName': 'PassEndX'}, 'value': '55.3'}, {'type': {'value': 56, 'displayName': 'Zone'}, 'value': 'Center'}, {'type': {'value': 212, 'displayName': 'Length'}, 'value': '9.6'}]","[91, 119, 117, 30, 36, 37, 216, 218]",True,111372.0,55.3,43.3,,,,,,,,,
2610384219.0,433,38,55.0,29,55.3,43.3,38,"{'value': 1, 'displayName': 'FirstHalf'}","{'value': 1, 'displayName': 'Pass'}","{'value': 1, 'displayName': 'Successful'}","[{'type': {'value': 213, 'displayName': 'Angle'}, 'value': '5.78'}, {'type': {'value': 212, 'displayName': 'Length'}, 'value': '9.8'}, {'type': {'value': 178, 'displayName': 'StandingSave'}}, {'type': {'value': 141, 'displayName': 'PassEndY'}, 'value': '36.3'}, {'type': {'value': 56, 'displayName': 'Zone'}, 'value': 'Center'}, {'type': {'value': 140, 'displayName': 'PassEndX'}, 'value': '63.5'}]","[91, 119, 117, 30, 36, 38, 216, 218]",True,105172.0,63.5,36.3,,,,,,,,,
2610384251.0,434,38,58.0,29,61.0,33.9,38,"{'value': 1, 'displayName': 'FirstHalf'}","{'value': 1, 'displayName': 'Pass'}","{'value': 1, 'displayName': 'Successful'}","[{'type': {'value': 213, 'displayName': 'Angle'}, 'value': '4.36'}, {'type': {'value': 141, 'displayName': 'PassEndY'}, 'value': '10.9'}, {'type': {'value': 140, 'displayName': 'PassEndX'}, 'value': '55.5'}, {'type': {'value': 178, 'displayName': 'StandingSave'}}, {'type': {'value': 56, 'displayName': 'Zone'}, 'value': 'Right'}, {'type': {'value': 212, 'displayName': 'Length'}, 'value': '16.7'}]","[91, 119, 117, 30, 35, 38, 216, 218]",True,322596.0,55.5,10.9,,,,,,,,,
2610384385.0,435,39,0.0,29,56.6,10.7,39,"{'value': 1, 'displayName': 'FirstHalf'}","{'value': 1, 'displayName': 'Pass'}","{'value': 1, 'displayName': 'Successful'}","[{'type': {'value': 178, 'displayName': 'StandingSave'}}, {'type': {'value': 140, 'displayName': 'PassEndX'}, 'value': '78.3'}, {'type': {'value': 212, 'displayName': 'Length'}, 'value': '22.9'}, {'type': {'value': 141, 'displayName': 'PassEndY'}, 'value': '6.8'}, {'type': {'value': 56, 'displayName': 'Zone'}, 'value': 'Right'}, {'type': {'value': 213, 'displayName': 'Angle'}, 'value': '6.17'}]","[91, 119, 117, 30, 205, 36, 38, 217, 218]",True,111372.0,78.3,6.8,,,,,,,,,
2610384445.0,436,39,4.0,29,73.8,18.3,39,"{'value': 1, 'displayName': 'FirstHalf'}","{'value': 1, 'displayName': 'Pass'}","{'value': 1, 'displayName': 'Successful'}","[{'type': {'value': 213, 'displayName': 'Angle'}, 'value': '1.50'}, {'type': {'value': 140, 'displayName': 'PassEndX'}, 'value': '76.2'}, {'type': {'value': 141, 'displayName': 'PassEndY'}, 'value': '74.5'}, {'type': {'value': 155, 'displayName': 'Chipped'}}, {'type': {'value': 1, 'displayName': 'Longball'}}, {'type': {'value': 56, 'displayName': 'Zone'}, 'value': 'Center'}, {'type': {'value': 212, 'displayName': 'Length'}, 'value': '38.3'}, {'type': {'value': 178, 'displayName': 'StandingSave'}}]","[91, 119, 117, 124, 127, 205, 36, 37, 217, 218]",True,69517.0,76.2,74.5,,,,,,,,,
2610384517.0,437,39,7.0,29,76.2,74.5,39,"{'value': 1, 'displayName': 'FirstHalf'}","{'value': 1, 'displayName': 'Pass'}","{'value': 1, 'displayName': 'Successful'}","[{'type': {'value': 212, 'displayName': 'Length'}, 'value': '16.8'}, {'type': {'value': 141, 'displayName': 'PassEndY'}, 'value': '94.1'}, {'type': {'value': 140, 'displayName': 'PassEndX'}, 'value': '66.5'}, {'type': {'value': 213, 'displayName': 'Angle'}, 'value': '2.22'}, {'type': {'value': 3, 'displayName': 'HeadPass'}}, {'type': {'value': 56, 'displayName': 'Zone'}, 'value': 'Left'}]","[91, 119, 117, 30, 139, 35, 37, 216, 218]",True,319756.0,66.5,94.1,,,,,,,,,
2610384657.0,438,39,10.0,29,66.4,92.6,39,"{'value': 1, 'displayName': 'FirstHalf'}","{'value': 1, 'displayName': 'Pass'}","{'value': 1, 'displayName': 'Successful'}","[{'type': {'value': 178, 'displayName': 'StandingSave'}}, {'type': {'value': 140, 'displayName': 'PassEndX'}, 'value': '79.4'}, {'type': {'value': 213, 'displayName': 'Angle'}, 'value': '0.10'}, {'type': {'value': 212, 'displayName': 'Length'}, 'value': '13.7'}, {'type': {'value': 141, 'displayName': 'PassEndY'}, 'value': '94.7'}, {'type': {'value': 56, 'displayName': 'Zone'}, 'value': 'Left'}]","[91, 119, 117, 30, 205, 36, 37, 217, 218]",True,68049.0,79.4,94.7,,,,,,,,,
2610384711.0,439,39,15.0,29,74.4,96.0,39,"{'value': 1, 'displayName': 'FirstHalf'}","{'value': 1, 'displayName': 'Pass'}","{'value': 1, 'displayName': 'Successful'}","[{'type': {'value': 56, 'displayName': 'Zone'}, 'value': 'Left'}, {'type': {'value': 213, 'displayName': 'Angle'}, 'value': '5.28'}, {'type': {'value': 178, 'displayName': 'StandingSave'}}, {'type': {'value': 140, 'displayName': 'PassEndX'}, 'value': '77.0'}, {'type': {'value': 141, 'displayName': 'PassEndY'}, 'value': '89.7'}, {'type': {'value': 212, 'displayName': 'Length'}, 'value': '5.1'}]","[91, 119, 117, 30, 205, 36, 38, 217, 218]",True,319756.0,77.0,89.7,,,,,,,,,
2610594017.0,1092,39,15.0,29,75.5,89.3,39,"{'value': 1, 'displayName': 'FirstHalf'}","{'value': 1, 'displayName': 'Pass'}","{'value': 0, 'displayName': 'Unsuccessful'}","[{'type': {'value': 140, 'displayName': 'PassEndX'}, 'value': '86.1'}, {'type': {'value': 178, 'displayName': 'StandingSave'}}, {'type': {'value': 56, 'displayName': 'Zone'}, 'value': 'Left'}, {'type': {'value': 212, 'displayName': 'Length'}, 'value': '11.2'}, {'type': {'value': 141, 'displayName': 'PassEndY'}, 'value': '90.8'}, {'type': {'value': 213, 'displayName': 'Angle'}, 'value': '0.09'}]","[91, 120, 29, 36, 37, 217, 218]",True,68049.0,86.1,90.8,,,,,,,,,
2610384749.0,365,39,17.0,31,19.8,12.5,39,"{'value': 1, 'displayName': 'FirstHalf'}","{'value': 49, 'displayName': 'BallRecovery'}","{'value': 1, 'displayName': 'Successful'}",[],[93],False,317896.0,,,,,,,,,,,
2610384909.0,366,39,23.0,31,34.2,13.2,39,"{'value': 1, 'displayName': 'FirstHalf'}","{'value': 1, 'displayName': 'Pass'}","{'value': 1, 'displayName': 'Successful'}","[{'type': {'value': 213, 'displayName': 'Angle'}, 'value': '4.47'}, {'type': {'value': 141, 'displayName': 'PassEndY'}, 'value': '2.5'}, {'type': {'value': 140, 'displayName': 'PassEndX'}, 'value': '32.5'}, {'type': {'value': 212, 'displayName': 'Length'}, 'value': '7.5'}, {'type': {'value': 178, 'displayName': 'StandingSave'}}, {'type': {'value': 56, 'displayName': 'Zone'}, 'value': 'Back'}]","[91, 117, 30, 35, 38, 215, 218]",True,317896.0,32.5,2.5,,,,,,,,,
2610384955.0,367,39,25.0,31,32.5,2.5,39,"{'value': 1, 'displayName': 'FirstHalf'}","{'value': 1, 'displayName': 'Pass'}","{'value': 1, 'displayName': 'Successful'}","[{'type': {'value': 141, 'displayName': 'PassEndY'}, 'value': '14.3'}, {'type': {'value': 212, 'displayName': 'Length'}, 'value': '9.6'}, {'type': {'value': 178, 'displayName': 'StandingSave'}}, {'type': {'value': 213, 'displayName': 'Angle'}, 'value': '2.15'}, {'type': {'value': 56, 'displayName': 'Zone'}, 'value': 'Back'}, {'type': {'value': 140, 'displayName': 'PassEndX'}, 'value': '27.5'}]","[91, 117, 30, 35, 37, 215, 218]",True,396975.0,27.5,14.3,,,,,,,,,
2610385187.0,368,39,26.0,31,27.5,14.3,39,"{'value': 1, 'displayName': 'FirstHalf'}","{'value': 1, 'displayName': 'Pass'}","{'value': 1, 'displayName': 'Successful'}","[{'type': {'value': 178, 'displayName': 'StandingSave'}}, {'type': {'value': 155, 'displayName': 'Chipped'}}, {'type': {'value': 212, 'displayName': 'Length'}, 'value': '41.5'}, {'type': {'value': 56, 'displayName': 'Zone'}, 'value': 'Center'}, {'type': {'value': 140, 'displayName': 'PassEndX'}, 'value': '66.4'}, {'type': {'value': 141, 'displayName': 'PassEndY'}, 'value': '25.2'}, {'type': {'value': 213, 'displayName': 'Angle'}, 'value': '0.18'}, {'type': {'value': 1, 'displayName': 'Longball'}}]","[91, 119, 117, 124, 127, 36, 37, 216, 218]",True,367781.0,66.4,25.2,,,,,,,,,
2610385287.0,369,39,35.0,31,68.8,31.8,39,"{'value': 1, 'displayName': 'FirstHalf'}","{'value': 1, 'displayName': 'Pass'}","{'value': 1, 'displayName': 'Successful'}","[{'type': {'value': 140, 'displayName': 'PassEndX'}, 'value': '67.9'}, {'type': {'value': 178, 'displayName': 'StandingSave'}}, {'type': {'value': 212, 'displayName': 'Length'}, 'value': '15.3'}, {'type': {'value': 141, 'displayName': 'PassEndY'}, 'value': '54.3'}, {'type': {'value': 56, 'displayName': 'Zone'}, 'value': 'Center'}, {'type': {'value': 213, 'displayName': 'Angle'}, 'value': '1.63'}]","[91, 119, 117, 30, 205, 35, 37, 217, 218]",True,141469.0,67.9,54.3,,,,,,,,,
2610385299.0,370,39,38.0,31,66.6,51.0,39,"{'value': 1, 'displayName': 'FirstHalf'}","{'value': 1, 'displayName': 'Pass'}","{'value': 1, 'displayName': 'Successful'}","[{'type': {'value': 213, 'displayName': 'Angle'}, 'value': '3.79'}, {'type': {'value': 141, 'displayName': 'PassEndY'}, 'value': '46.9'}, {'type': {'value': 56, 'displayName': 'Zone'}, 'value': 'Center'}, {'type': {'value': 212, 'displayName': 'Length'}, 'value': '4.6'}, {'type': {'value': 140, 'displayName': 'PassEndX'}, 'value': '63.1'}]","[91, 119, 117, 30, 35, 38, 216, 218]",True,367781.0,63.1,46.9,,,,,,,,,
2610385365.0,371,39,40.0,31,63.1,46.9,39,"{'value': 1, 'displayName': 'FirstHalf'}","{'value': 1, 'displayName': 'Pass'}","{'value': 1, 'displayName': 'Successful'}","[{'type': {'value': 212, 'displayName': 'Length'}, 'value': '30.0'}, {'type': {'value': 141, 'displayName': 'PassEndY'}, 'value': '90.9'}, {'type': {'value': 140, 'displayName': 'PassEndX'}, 'value': '64.8'}, {'type': {'value': 178, 'displayName': 'StandingSave'}}, {'type': {'value': 56, 'displayName': 'Zone'}, 'value': 'Left'}, {'type': {'value': 213, 'displayName': 'Angle'}, 'value': '1.51'}]","[91, 119, 117, 30, 36, 37, 216, 218]",True,400815.0,64.8,90.9,,,,,,,,,
2610385433.0,372,39,44.0,31,66.7,90.0,39,"{'value': 1, 'displayName': 'FirstHalf'}","{'value': 1, 'displayName': 'Pass'}","{'value': 1, 'displayName': 'Successful'}","[{'type': {'value': 72, 'displayName': 'LeftFoot'}}, {'type': {'value': 2, 'displayName': 'Cross'}}, {'type': {'value': 1, 'displayName': 'Longball'}}, {'type': {'value': 213, 'displayName': 'Angle'}, 'value': '5.32'}, {'type': {'value': 210, 'displayName': 'ShotAssist'}, 'value': '13'}, {'type': {'value': 155, 'displayName': 'Chipped'}}, {'type': {'value': 141, 'displayName': 'PassEndY'}, 'value': '49.0'}, {'type': {'value': 56, 'displayName': 'Zone'}, 'value': 'Center'}, {'type': {'value': 154, 'displayName': 'IntentionalAssist'}}, {'type': {'value': 178, 'displayName': 'StandingSave'}}, {'type': {'value': 140, 'displayName': 'PassEndX'}, 'value': '85.0'}, {'type': {'value': 212, 'displayName': 'Length'}, 'value': '33.9'}, {'type': {'value': 11113, 'displayName': 'KeyPass'}}]","[91, 119, 123, 138, 124, 125, 39, 41, 36, 38, 217, 218]",True,345516.0,85.0,49.0,,,,,,,,,
2610385441.0,373,39,45.0,31,84.9,49.8,39,"{'value': 1, 'displayName': 'FirstHalf'}","{'value': 13, 'displayName': 'MissedShots'}","{'value': 1, 'displayName': 'Successful'}","[{'type': {'value': 103, 'displayName': 'GoalMouthZ'}, 'value': '79.2'}, {'type': {'value': 328, 'displayName': 'FirstTouch'}}, {'type': {'value': 178, 'displayName': 'StandingSave'}}, {'type': {'value': 154, 'displayName': 'IntentionalAssist'}}, {'type': {'value': 55, 'displayName': 'RelatedEventId'}, 'value': '372'}, {'type': {'value': 56, 'displayName': 'Zone'}, 'value': 'Center'}, {'type': {'value': 15, 'displayName': 'Head'}}, {'type': {'value': 17, 'displayName': 'BoxCentre'}}, {'type': {'value': 22, 'displayName': 'RegularPlay'}}, {'type': {'value': 29, 'displayName': 'Assisted'}}, {'type': {'value': 102, 'displayName': 'GoalMouthY'}, 'value': '48.6'}, {'type': {'value': 74, 'displayName': 'MissHigh'}}]","[91, 7, 90, 10, 1, 3, 14]",True,141469.0,,,372.0,345516.0,,,79.2,48.6,True,,
2610385931.0,441,40,5.0,29,3.7,50.3,40,"{'value': 1, 'displayName': 'FirstHalf'}","{'value': 1, 'displayName': 'Pass'}","{'value': 1, 'displayName': 'Successful'}","[{'type': {'value': 124, 'displayName': 'GoalKick'}}, {'type': {'value': 140, 'displayName': 'PassEndX'}, 'value': '9.7'}, {'type': {'value': 56, 'displayName': 'Zone'}, 'value': 'Back'}, {'type': {'value': 213, 'displayName': 'Angle'}, 'value': '5.05'}, {'type': {'value': 141, 'displayName': 'PassEndY'}, 'value': '24.2'}, {'type': {'value': 212, 'displayName': 'Length'}, 'value': '18.8'}]","[91, 117, 30, 36, 38, 215, 218]",True,92516.0,9.7,24.2,,,,,,,,,
2610386023.0,443,40,9.0,29,11.7,23.3,40,"{'value': 1, 'displayName': 'FirstHalf'}","{'value': 1, 'displayName': 'Pass'}","{'value': 1, 'displayName': 'Successful'}","[{'type': {'value': 178, 'displayName': 'StandingSave'}}, {'type': {'value': 141, 'displayName': 'PassEndY'}, 'value': '40.0'}, {'type': {'value': 140, 'displayName': 'PassEndX'}, 'value': '4.0'}, {'type': {'value': 56, 'displayName': 'Zone'}, 'value': 'Back'}, {'type': {'value': 213, 'displayName': 'Angle'}, 'value': '2.19'}, {'type': {'value': 212, 'displayName': 'Length'}, 'value': '13.9'}]","[91, 117, 30, 35, 37, 215, 218]",True,106086.0,4.0,40.0,,,,,,,,,
2610386147.0,444,40,12.0,29,5.9,46.7,40,"{'value': 1, 'displayName': 'FirstHalf'}","{'value': 1, 'displayName': 'Pass'}","{'value': 1, 'displayName': 'Successful'}","[{'type': {'value': 213, 'displayName': 'Angle'}, 'value': '1.21'}, {'type': {'value': 56, 'displayName': 'Zone'}, 'value': 'Back'}, {'type': {'value': 178, 'displayName': 'StandingSave'}}, {'type': {'value': 140, 'displayName': 'PassEndX'}, 'value': '14.3'}, {'type': {'value': 212, 'displayName': 'Length'}, 'value': '24.8'}, {'type': {'value': 141, 'displayName': 'PassEndY'}, 'value': '80.8'}]","[91, 117, 30, 36, 37, 215, 218]",True,92516.0,14.3,80.8,,,,,,,,,
2610386187.0,445,40,18.0,29,28.7,90.2,40,"{'value': 1, 'displayName': 'FirstHalf'}","{'value': 1, 'displayName': 'Pass'}","{'value': 1, 'displayName': 'Successful'}","[{'type': {'value': 213, 'displayName': 'Angle'}, 'value': '0.38'}, {'type': {'value': 178, 'displayName': 'StandingSave'}}, {'type': {'value': 56, 'displayName': 'Zone'}, 'value': 'Back'}, {'type': {'value': 141, 'displayName': 'PassEndY'}, 'value': '96.0'}, {'type': {'value': 212, 'displayName': 'Length'}, 'value': '10.6'}, {'type': {'value': 140, 'displayName': 'PassEndX'}, 'value': '38.1'}]","[91, 117, 30, 36, 37, 216, 218]",True,362434.0,38.1,96.0,,,,,,,,,
2610386251.0,446,40,19.0,29,37.7,96.2,40,"{'value': 1, 'displayName': 'FirstHalf'}","{'value': 1, 'displayName': 'Pass'}","{'value': 1, 'displayName': 'Successful'}","[{'type': {'value': 178, 'displayName': 'StandingSave'}}, {'type': {'value': 212, 'displayName': 'Length'}, 'value': '9.7'}, {'type': {'value': 56, 'displayName': 'Zone'}, 'value': 'Back'}, {'type': {'value': 141, 'displayName': 'PassEndY'}, 'value': '96.3'}, {'type': {'value': 213, 'displayName': 'Angle'}, 'value': '0.01'}, {'type': {'value': 140, 'displayName': 'PassEndX'}, 'value': '46.9'}]","[91, 117, 30, 36, 37, 216, 218]",True,68049.0,46.9,96.3,,,,,,,,,
2610386259.0,447,40,21.0,29,46.9,96.2,40,"{'value': 1, 'displayName': 'FirstHalf'}","{'value': 1, 'displayName': 'Pass'}","{'value': 1, 'displayName': 'Successful'}","[{'type': {'value': 178, 'displayName': 'StandingSave'}}, {'type': {'value': 213, 'displayName': 'Angle'}, 'value': '5.60'}, {'type': {'value': 140, 'displayName': 'PassEndX'}, 'value': '52.1'}, {'type': {'value': 56, 'displayName': 'Zone'}, 'value': 'Left'}, {'type': {'value': 212, 'displayName': 'Length'}, 'value': '7.0'}, {'type': {'value': 141, 'displayName': 'PassEndY'}, 'value': '89.7'}]","[91, 119, 117, 30, 36, 38, 216, 218]",True,319756.0,52.1,89.7,,,,,,,,,
2610386311.0,448,40,23.0,29,59.1,83.2,40,"{'value': 1, 'displayName': 'FirstHalf'}","{'value': 50, 'displayName': 'Dispossessed'}","{'value': 1, 'displayName': 'Successful'}","[{'type': {'value': 233, 'displayName': 'OppositeRelatedEvent'}, 'value': '375'}, {'type': {'value': 286, 'displayName': 'Offensive'}}, {'type': {'value': 56, 'displayName': 'Zone'}, 'value': 'Left'}]","[91, 70]",True,400166.0,,,,,,,,,,,
2610386329.0,375,40,23.0,31,40.9,16.8,40,"{'value': 1, 'displayName': 'FirstHalf'}","{'value': 7, 'displayName': 'Tackle'}","{'value': 0, 'displayName': 'Unsuccessful'}","[{'type': {'value': 56, 'displayName': 'Zone'}, 'value': 'Back'}, {'type': {'value': 178, 'displayName': 'StandingSave'}}, {'type': {'value': 285, 'displayName': 'Defensive'}}, {'type': {'value': 233, 'displayName': 'OppositeRelatedEvent'}, 'value': '448'}]","[91, 142]",True,400815.0,,,,,,,,,,,
2610386317.0,449,40,24.0,29,55.4,87.4,40,"{'value': 1, 'displayName': 'FirstHalf'}","{'value': 61, 'displayName': 'BallTouch'}","{'value': 1, 'displayName': 'Successful'}","[{'type': {'value': 178, 'displayName': 'StandingSave'}}, {'type': {'value': 56, 'displayName': 'Zone'}, 'value': 'Left'}]",[91],True,400166.0,,,,,,,,,,,
2610386377.0,376,40,26.0,31,41.6,21.5,40,"{'value': 1, 'displayName': 'FirstHalf'}","{'value': 1, 'displayName': 'Pass'}","{'value': 0, 'displayName': 'Unsuccessful'}","[{'type': {'value': 141, 'displayName': 'PassEndY'}, 'value': '18.8'}, {'type': {'value': 140, 'displayName': 'PassEndX'}, 'value': '45.7'}, {'type': {'value': 213, 'displayName': 'Angle'}, 'value': '5.88'}, {'type': {'value': 212, 'displayName': 'Length'}, 'value': '4.7'}, {'type': {'value': 56, 'displayName': 'Zone'}, 'value': 'Back'}]","[91, 118, 120, 29, 36, 38, 216, 218]",True,400815.0,45.7,18.8,,,,,,,,,
2610386475.0,450,40,28.0,29,52.6,81.2,40,"{'value': 1, 'displayName': 'FirstHalf'}","{'value': 1, 'displayName': 'Pass'}","{'value': 1, 'displayName': 'Successful'}","[{'type': {'value': 140, 'displayName': 'PassEndX'}, 'value': '61.3'}, {'type': {'value': 56, 'displayName': 'Zone'}, 'value': 'Left'}, {'type': {'value': 178, 'displayName': 'StandingSave'}}, {'type': {'value': 213, 'displayName': 'Angle'}, 'value': '0.69'}, {'type': {'value': 212, 'displayName': 'Length'}, 'value': '11.8'}, {'type': {'value': 141, 'displayName': 'PassEndY'}, 'value': '92.3'}]","[91, 119, 117, 30, 36, 37, 216, 218]",True,400166.0,61.3,92.3,,,,,,,,,
2610386537.0,451,40,30.0,29,63.4,85.1,40,"{'value': 1, 'displayName': 'FirstHalf'}","{'value': 1, 'displayName': 'Pass'}","{'value': 1, 'displayName': 'Successful'}","[{'type': {'value': 141, 'displayName': 'PassEndY'}, 'value': '65.8'}, {'type': {'value': 140, 'displayName': 'PassEndX'}, 'value': '67.6'}, {'type': {'value': 213, 'displayName': 'Angle'}, 'value': '5.04'}, {'type': {'value': 56, 'displayName': 'Zone'}, 'value': 'Center'}, {'type': {'value': 178, 'displayName': 'StandingSave'}}, {'type': {'value': 212, 'displayName': 'Length'}, 'value': '13.8'}]","[91, 119, 117, 30, 205, 36, 38, 217, 218]",True,319756.0,67.6,65.8,,,,,,,,,
2610386541.0,452,40,33.0,29,72.8,79.7,40,"{'value': 1, 'displayName': 'FirstHalf'}","{'value': 50, 'displayName': 'Dispossessed'}","{'value': 1, 'displayName': 'Successful'}","[{'type': {'value': 233, 'displayName': 'OppositeRelatedEvent'}, 'value': '377'}, {'type': {'value': 56, 'displayName': 'Zone'}, 'value': 'Left'}, {'type': {'value': 286, 'displayName': 'Offensive'}}]","[91, 70]",True,105172.0,,,,,,,,,,,
2610386707.0,377,40,34.0,31,27.2,20.3,40,"{'value': 1, 'displayName': 'FirstHalf'}","{'value': 7, 'displayName': 'Tackle'}","{'value': 1, 'displayName': 'Successful'}","[{'type': {'value': 56, 'displayName': 'Zone'}, 'value': 'Back'}, {'type': {'value': 285, 'displayName': 'Defensive'}}, {'type': {'value': 178, 'displayName': 'StandingSave'}}, {'type': {'value': 233, 'displayName': 'OppositeRelatedEvent'}, 'value': '452'}]","[91, 143]",True,357427.0,,,,,,,,,,,
2610389773.0,456,42,58.0,29,76.2,100.0,42,"{'value': 1, 'displayName': 'FirstHalf'}","{'value': 1, 'displayName': 'Pass'}","{'value': 1, 'displayName': 'Successful'}","[{'type': {'value': 141, 'displayName': 'PassEndY'}, 'value': '87.2'}, {'type': {'value': 140, 'displayName': 'PassEndX'}, 'value': '54.7'}, {'type': {'value': 56, 'displayName': 'Zone'}, 'value': 'Left'}, {'type': {'value': 1, 'displayName': 'Longball'}}, {'type': {'value': 107, 'displayName': 'ThrowIn'}}, {'type': {'value': 212, 'displayName': 'Length'}, 'value': '24.6'}, {'type': {'value': 213, 'displayName': 'Angle'}, 'value': '3.55'}]","[91, 212, 35, 38, 216]",True,68049.0,54.7,87.2,,,,,,,,,
2610389865.0,457,43,2.0,29,56.4,83.6,43,"{'value': 1, 'displayName': 'FirstHalf'}","{'value': 1, 'displayName': 'Pass'}","{'value': 1, 'displayName': 'Successful'}","[{'type': {'value': 141, 'displayName': 'PassEndY'}, 'value': '55.5'}, {'type': {'value': 140, 'displayName': 'PassEndX'}, 'value': '58.4'}, {'type': {'value': 212, 'displayName': 'Length'}, 'value': '19.2'}, {'type': {'value': 213, 'displayName': 'Angle'}, 'value': '4.82'}, {'type': {'value': 56, 'displayName': 'Zone'}, 'value': 'Center'}, {'type': {'value': 178, 'displayName': 'StandingSave'}}]","[91, 119, 117, 30, 36, 38, 216, 218]",True,362434.0,58.4,55.5,,,,,,,,,
2610389915.0,458,43,6.0,29,58.5,45.4,43,"{'value': 1, 'displayName': 'FirstHalf'}","{'value': 1, 'displayName': 'Pass'}","{'value': 1, 'displayName': 'Successful'}","[{'type': {'value': 178, 'displayName': 'StandingSave'}}, {'type': {'value': 212, 'displayName': 'Length'}, 'value': '18.3'}, {'type': {'value': 213, 'displayName': 'Angle'}, 'value': '4.38'}, {'type': {'value': 56, 'displayName': 'Zone'}, 'value': 'Right'}, {'type': {'value': 140, 'displayName': 'PassEndX'}, 'value': '52.8'}, {'type': {'value': 141, 'displayName': 'PassEndY'}, 'value': '20.0'}]","[91, 119, 117, 30, 35, 38, 216, 218]",True,105172.0,52.8,20.0,,,,,,,,,
2610389991.0,459,43,8.0,29,52.8,20.0,43,"{'value': 1, 'displayName': 'FirstHalf'}","{'value': 1, 'displayName': 'Pass'}","{'value': 1, 'displayName': 'Successful'}","[{'type': {'value': 140, 'displayName': 'PassEndX'}, 'value': '59.0'}, {'type': {'value': 178, 'displayName': 'StandingSave'}}, {'type': {'value': 141, 'displayName': 'PassEndY'}, 'value': '4.6'}, {'type': {'value': 212, 'displayName': 'Length'}, 'value': '12.3'}, {'type': {'value': 56, 'displayName': 'Zone'}, 'value': 'Right'}, {'type': {'value': 213, 'displayName': 'Angle'}, 'value': '5.27'}]","[91, 119, 117, 30, 36, 38, 216, 218]",True,106086.0,59.0,4.6,,,,,,,,,
2610390037.0,460,43,11.0,29,57.2,6.2,43,"{'value': 1, 'displayName': 'FirstHalf'}","{'value': 1, 'displayName': 'Pass'}","{'value': 1, 'displayName': 'Successful'}","[{'type': {'value': 212, 'displayName': 'Length'}, 'value': '5.3'}, {'type': {'value': 140, 'displayName': 'PassEndX'}, 'value': '59.6'}, {'type': {'value': 178, 'displayName': 'StandingSave'}}, {'type': {'value': 56, 'displayName': 'Zone'}, 'value': 'Right'}, {'type': {'value': 213, 'displayName': 'Angle'}, 'value': '1.08'}, {'type': {'value': 141, 'displayName': 'PassEndY'}, 'value': '13.1'}]","[91, 119, 117, 30, 36, 37, 216, 218]",True,111372.0,59.6,13.1,,,,,,,,,
2610390043.0,461,43,12.0,29,60.4,12.5,43,"{'value': 1, 'displayName': 'FirstHalf'}","{'value': 1, 'displayName': 'Pass'}","{'value': 0, 'displayName': 'Unsuccessful'}","[{'type': {'value': 56, 'displayName': 'Zone'}, 'value': 'Right'}, {'type': {'value': 140, 'displayName': 'PassEndX'}, 'value': '72.9'}, {'type': {'value': 141, 'displayName': 'PassEndY'}, 'value': '11.1'}, {'type': {'value': 155, 'displayName': 'Chipped'}}, {'type': {'value': 213, 'displayName': 'Angle'}, 'value': '6.21'}, {'type': {'value': 212, 'displayName': 'Length'}, 'value': '13.2'}, {'type': {'value': 178, 'displayName': 'StandingSave'}}]","[91, 120, 29, 124, 36, 38, 217, 218]",True,105172.0,72.9,11.1,,,,,,,,,
2610390087.0,381,43,12.0,31,26.1,86.8,43,"{'value': 1, 'displayName': 'FirstHalf'}","{'value': 1, 'displayName': 'Pass'}","{'value': 0, 'displayName': 'Unsuccessful'}","[{'type': {'value': 212, 'displayName': 'Length'}, 'value': '19.5'}, {'type': {'value': 141, 'displayName': 'PassEndY'}, 'value': '100.0'}, {'type': {'value': 213, 'displayName': 'Angle'}, 'value': '0.56'}, {'type': {'value': 56, 'displayName': 'Zone'}, 'value': 'Back'}, {'type': {'value': 140, 'displayName': 'PassEndX'}, 'value': '41.8'}, {'type': {'value': 3, 'displayName': 'HeadPass'}}]","[91, 118, 120, 29, 139, 36, 37, 216, 218]",True,381045.0,41.8,100.0,,,,,,,,,
2610390239.0,463,43,18.0,29,61.5,0.0,43,"{'value': 1, 'displayName': 'FirstHalf'}","{'value': 1, 'displayName': 'Pass'}","{'value': 1, 'displayName': 'Successful'}","[{'type': {'value': 56, 'displayName': 'Zone'}, 'value': 'Right'}, {'type': {'value': 141, 'displayName': 'PassEndY'}, 'value': '7.1'}, {'type': {'value': 213, 'displayName': 'Angle'}, 'value': '1.57'}, {'type': {'value': 212, 'displayName': 'Length'}, 'value': '6.0'}, {'type': {'value': 140, 'displayName': 'PassEndX'}, 'value': '61.5'}, {'type': {'value': 107, 'displayName': 'ThrowIn'}}]","[91, 212, 37, 216]",True,111372.0,61.5,7.1,,,,,,,,,
2610390293.0,464,43,22.0,29,67.2,15.0,43,"{'value': 1, 'displayName': 'FirstHalf'}","{'value': 1, 'displayName': 'Pass'}","{'value': 1, 'displayName': 'Successful'}","[{'type': {'value': 140, 'displayName': 'PassEndX'}, 'value': '61.3'}, {'type': {'value': 56, 'displayName': 'Zone'}, 'value': 'Center'}, {'type': {'value': 178, 'displayName': 'StandingSave'}}, {'type': {'value': 213, 'displayName': 'Angle'}, 'value': '1.89'}, {'type': {'value': 141, 'displayName': 'PassEndY'}, 'value': '42.8'}, {'type': {'value': 212, 'displayName': 'Length'}, 'value': '19.9'}]","[91, 119, 117, 30, 35, 37, 216, 218]",True,105172.0,61.3,42.8,,,,,,,,,
2610390345.0,465,43,25.0,29,62.8,56.1,43,"{'value': 1, 'displayName': 'FirstHalf'}","{'value': 1, 'displayName': 'Pass'}","{'value': 1, 'displayName': 'Successful'}","[{'type': {'value': 141, 'displayName': 'PassEndY'}, 'value': '82.1'}, {'type': {'value': 212, 'displayName': 'Length'}, 'value': '17.9'}, {'type': {'value': 140, 'displayName': 'PassEndX'}, 'value': '65.2'}, {'type': {'value': 178, 'displayName': 'StandingSave'}}, {'type': {'value': 56, 'displayName': 'Zone'}, 'value': 'Left'}, {'type': {'value': 213, 'displayName': 'Angle'}, 'value': '1.43'}]","[91, 119, 117, 30, 36, 37, 216, 218]",True,322696.0,65.2,82.1,,,,,,,,,
2610390377.0,466,43,28.0,29,64.8,84.2,43,"{'value': 1, 'displayName': 'FirstHalf'}","{'value': 1, 'displayName': 'Pass'}","{'value': 1, 'displayName': 'Successful'}","[{'type': {'value': 178, 'displayName': 'StandingSave'}}, {'type': {'value': 140, 'displayName': 'PassEndX'}, 'value': '70.3'}, {'type': {'value': 213, 'displayName': 'Angle'}, 'value': '0.95'}, {'type': {'value': 56, 'displayName': 'Zone'}, 'value': 'Left'}, {'type': {'value': 212, 'displayName': 'Length'}, 'value': '10.0'}, {'type': {'value': 141, 'displayName': 'PassEndY'}, 'value': '96.2'}]","[91, 119, 117, 30, 205, 36, 37, 217, 218]",True,362434.0,70.3,96.2,,,,,,,,,
2610390421.0,467,43,30.0,29,69.7,94.4,43,"{'value': 1, 'displayName': 'FirstHalf'}","{'value': 1, 'displayName': 'Pass'}","{'value': 1, 'displayName': 'Successful'}","[{'type': {'value': 213, 'displayName': 'Angle'}, 'value': '4.17'}, {'type': {'value': 141, 'displayName': 'PassEndY'}, 'value': '72.4'}, {'type': {'value': 140, 'displayName': 'PassEndX'}, 'value': '61.2'}, {'type': {'value': 56, 'displayName': 'Zone'}, 'value': 'Center'}, {'type': {'value': 178, 'displayName': 'StandingSave'}}, {'type': {'value': 212, 'displayName': 'Length'}, 'value': '17.4'}]","[91, 119, 117, 30, 35, 38, 216, 218]",True,68049.0,61.2,72.4,,,,,,,,,
2610390485.0,468,43,33.0,29,61.4,70.2,43,"{'value': 1, 'displayName': 'FirstHalf'}","{'value': 1, 'displayName': 'Pass'}","{'value': 1, 'displayName': 'Successful'}","[{'type': {'value': 56, 'displayName': 'Zone'}, 'value': 'Center'}, {'type': {'value': 141, 'displayName': 'PassEndY'}, 'value': '21.5'}, {'type': {'value': 1, 'displayName': 'Longball'}}, {'type': {'value': 140, 'displayName': 'PassEndX'}, 'value': '92.5'}, {'type': {'value': 155, 'displayName': 'Chipped'}}, {'type': {'value': 178, 'displayName': 'StandingSave'}}, {'type': {'value': 213, 'displayName': 'Angle'}, 'value': '5.49'}, {'type': {'value': 212, 'displayName': 'Length'}, 'value': '46.5'}]","[91, 119, 117, 124, 127, 205, 36, 38, 217, 218]",True,322696.0,92.5,21.5,,,,,,,,,
2610390499.0,469,43,36.0,29,92.5,21.5,43,"{'value': 1, 'displayName': 'FirstHalf'}","{'value': 1, 'displayName': 'Pass'}","{'value': 0, 'displayName': 'Unsuccessful'}","[{'type': {'value': 213, 'displayName': 'Angle'}, 'value': '1.30'}, {'type': {'value': 212, 'displayName': 'Length'}, 'value': '16.7'}, {'type': {'value': 56, 'displayName': 'Zone'}, 'value': 'Center'}, {'type': {'value': 141, 'displayName': 'PassEndY'}, 'value': '45.2'}, {'type': {'value': 140, 'displayName': 'PassEndX'}, 'value': '96.7'}]","[91, 120, 29, 36, 37, 217, 218]",True,111372.0,96.7,45.2,,,,,,,,,
2610390519.0,383,43,38.0,31,1.4,54.3,43,"{'value': 1, 'displayName': 'FirstHalf'}","{'value': 52, 'displayName': 'KeeperPickup'}","{'value': 1, 'displayName': 'Successful'}","[{'type': {'value': 178, 'displayName': 'StandingSave'}}]",[93],False,110189.0,,,,,,,,,,,
2610390975.0,384,43,54.0,31,14.3,51.3,43,"{'value': 1, 'displayName': 'FirstHalf'}","{'value': 1, 'displayName': 'Pass'}","{'value': 0, 'displayName': 'Unsuccessful'}","[{'type': {'value': 1, 'displayName': 'Longball'}}, {'type': {'value': 141, 'displayName': 'PassEndY'}, 'value': '40.4'}, {'type': {'value': 140, 'displayName': 'PassEndX'}, 'value': '61.4'}, {'type': {'value': 212, 'displayName': 'Length'}, 'value': '50.0'}, {'type': {'value': 56, 'displayName': 'Zone'}, 'value': 'Center'}, {'type': {'value': 213, 'displayName': 'Angle'}, 'value': '6.13'}]","[91, 120, 128, 36, 38, 216, 218]",True,110189.0,61.4,40.4,,,,,,,,,
2610390989.0,470,43,59.0,29,39.2,58.2,43,"{'value': 1, 'displayName': 'FirstHalf'}","{'value': 1, 'displayName': 'Pass'}","{'value': 0, 'displayName': 'Unsuccessful'}","[{'type': {'value': 56, 'displayName': 'Zone'}, 'value': 'Back'}, {'type': {'value': 3, 'displayName': 'HeadPass'}}, {'type': {'value': 141, 'displayName': 'PassEndY'}, 'value': '65.1'}, {'type': {'value': 213, 'displayName': 'Angle'}, 'value': '0.66'}, {'type': {'value': 140, 'displayName': 'PassEndX'}, 'value': '45.0'}, {'type': {'value': 212, 'displayName': 'Length'}, 'value': '7.7'}, {'type': {'value': 178, 'displayName': 'StandingSave'}}]","[91, 118, 120, 29, 139, 36, 37, 216, 218]",True,362434.0,45.0,65.1,,,,,,,,,
2610391099.0,385,44,0.0,31,53.3,37.0,44,"{'value': 1, 'displayName': 'FirstHalf'}","{'value': 1, 'displayName': 'Pass'}","{'value': 1, 'displayName': 'Successful'}","[{'type': {'value': 213, 'displayName': 'Angle'}, 'value': '2.15'}, {'type': {'value': 212, 'displayName': 'Length'}, 'value': '11.8'}, {'type': {'value': 141, 'displayName': 'PassEndY'}, 'value': '51.5'}, {'type': {'value': 178, 'displayName': 'StandingSave'}}, {'type': {'value': 56, 'displayName': 'Zone'}, 'value': 'Back'}, {'type': {'value': 140, 'displayName': 'PassEndX'}, 'value': '47.2'}]","[91, 117, 30, 35, 37, 216, 218]",True,367781.0,47.2,51.5,,,,,,,,,
2610391159.0,386,44,1.0,31,47.2,51.5,44,"{'value': 1, 'displayName': 'FirstHalf'}","{'value': 1, 'displayName': 'Pass'}","{'value': 1, 'displayName': 'Successful'}","[{'type': {'value': 213, 'displayName': 'Angle'}, 'value': '3.96'}, {'type': {'value': 212, 'displayName': 'Length'}, 'value': '13.6'}, {'type': {'value': 178, 'displayName': 'StandingSave'}}, {'type': {'value': 56, 'displayName': 'Zone'}, 'value': 'Back'}, {'type': {'value': 141, 'displayName': 'PassEndY'}, 'value': '36.9'}, {'type': {'value': 140, 'displayName': 'PassEndX'}, 'value': '38.3'}]","[91, 117, 30, 35, 38, 216, 218]",True,400815.0,38.3,36.9,,,,,,,,,
2610391257.0,387,44,5.0,31,38.3,36.9,44,"{'value': 1, 'displayName': 'FirstHalf'}","{'value': 1, 'displayName': 'Pass'}","{'value': 1, 'displayName': 'Successful'}","[{'type': {'value': 178, 'displayName': 'StandingSave'}}, {'type': {'value': 140, 'displayName': 'PassEndX'}, 'value': '33.7'}, {'type': {'value': 56, 'displayName': 'Zone'}, 'value': 'Back'}, {'type': {'value': 212, 'displayName': 'Length'}, 'value': '12.3'}, {'type': {'value': 213, 'displayName': 'Angle'}, 'value': '1.97'}, {'type': {'value': 141, 'displayName': 'PassEndY'}, 'value': '53.6'}]","[91, 117, 30, 35, 37, 216, 218]",True,131464.0,33.7,53.6,,,,,,,,,
2610391341.0,388,44,8.0,31,31.2,53.6,44,"{'value': 1, 'displayName': 'FirstHalf'}","{'value': 1, 'displayName': 'Pass'}","{'value': 1, 'displayName': 'Successful'}","[{'type': {'value': 56, 'displayName': 'Zone'}, 'value': 'Back'}, {'type': {'value': 213, 'displayName': 'Angle'}, 'value': '3.21'}, {'type': {'value': 178, 'displayName': 'StandingSave'}}, {'type': {'value': 141, 'displayName': 'PassEndY'}, 'value': '51.5'}, {'type': {'value': 212, 'displayName': 'Length'}, 'value': '19.6'}, {'type': {'value': 140, 'displayName': 'PassEndX'}, 'value': '12.6'}]","[91, 117, 30, 35, 38, 215, 218]",True,381045.0,12.6,51.5,,,,,,,,,
2610391493.0,389,44,14.0,31,14.3,49.7,44,"{'value': 1, 'displayName': 'FirstHalf'}","{'value': 1, 'displayName': 'Pass'}","{'value': 1, 'displayName': 'Successful'}","[{'type': {'value': 1, 'displayName': 'Longball'}}, {'type': {'value': 140, 'displayName': 'PassEndX'}, 'value': '46.5'}, {'type': {'value': 56, 'displayName': 'Zone'}, 'value': 'Back'}, {'type': {'value': 178, 'displayName': 'StandingSave'}}, {'type': {'value': 212, 'displayName': 'Length'}, 'value': '34.5'}, {'type': {'value': 155, 'displayName': 'Chipped'}}, {'type': {'value': 141, 'displayName': 'PassEndY'}, 'value': '39.8'}, {'type': {'value': 213, 'displayName': 'Angle'}, 'value': '6.09'}]","[91, 117, 124, 127, 36, 38, 216, 218]",True,110189.0,46.5,39.8,,,,,,,,,
2610391507.0,390,44,16.0,31,46.3,40.0,44,"{'value': 1, 'displayName': 'FirstHalf'}","{'value': 61, 'displayName': 'BallTouch'}","{'value': 1, 'displayName': 'Successful'}","[{'type': {'value': 178, 'displayName': 'StandingSave'}}, {'type': {'value': 56, 'displayName': 'Zone'}, 'value': 'Back'}]",[91],True,141469.0,,,,,,,,,,,
2610391555.0,391,44,19.0,31,42.3,65.4,44,"{'value': 1, 'displayName': 'FirstHalf'}","{'value': 1, 'displayName': 'Pass'}","{'value': 1, 'displayName': 'Successful'}","[{'type': {'value': 155, 'displayName': 'Chipped'}}, {'type': {'value': 212, 'displayName': 'Length'}, 'value': '12.0'}, {'type': {'value': 178, 'displayName': 'StandingSave'}}, {'type': {'value': 213, 'displayName': 'Angle'}, 'value': '1.55'}, {'type': {'value': 56, 'displayName': 'Zone'}, 'value': 'Back'}, {'type': {'value': 141, 'displayName': 'PassEndY'}, 'value': '83.0'}, {'type': {'value': 140, 'displayName': 'PassEndX'}, 'value': '42.5'}]","[91, 117, 30, 124, 36, 37, 216, 218]",True,357427.0,42.5,83.0,,,,,,,,,
2610391683.0,392,44,21.0,31,42.5,83.0,44,"{'value': 1, 'displayName': 'FirstHalf'}","{'value': 1, 'displayName': 'Pass'}","{'value': 1, 'displayName': 'Successful'}","[{'type': {'value': 213, 'displayName': 'Angle'}, 'value': '6.00'}, {'type': {'value': 56, 'displayName': 'Zone'}, 'value': 'Center'}, {'type': {'value': 178, 'displayName': 'StandingSave'}}, {'type': {'value': 212, 'displayName': 'Length'}, 'value': '14.9'}, {'type': {'value': 141, 'displayName': 'PassEndY'}, 'value': '77.0'}, {'type': {'value': 140, 'displayName': 'PassEndX'}, 'value': '56.1'}]","[91, 119, 117, 30, 36, 38, 216, 218]",True,345516.0,56.1,77.0,,,,,,,,,
2610391715.0,393,44,27.0,31,72.3,92.6,44,"{'value': 1, 'displayName': 'FirstHalf'}","{'value': 1, 'displayName': 'Pass'}","{'value': 1, 'displayName': 'Successful'}","[{'type': {'value': 141, 'displayName': 'PassEndY'}, 'value': '92.0'}, {'type': {'value': 56, 'displayName': 'Zone'}, 'value': 'Left'}, {'type': {'value': 140, 'displayName': 'PassEndX'}, 'value': '91.4'}, {'type': {'value': 178, 'displayName': 'StandingSave'}}, {'type': {'value': 212, 'displayName': 'Length'}, 'value': '20.1'}, {'type': {'value': 213, 'displayName': 'Angle'}, 'value': '6.26'}]","[91, 119, 117, 30, 205, 36, 38, 217, 218]",True,357427.0,91.4,92.0,,,,,,,,,
2610391763.0,394,44,29.0,31,91.9,91.7,44,"{'value': 1, 'displayName': 'FirstHalf'}","{'value': 1, 'displayName': 'Pass'}","{'value': 0, 'displayName': 'Unsuccessful'}","[{'type': {'value': 56, 'displayName': 'Zone'}, 'value': 'Center'}, {'type': {'value': 213, 'displayName': 'Angle'}, 'value': '4.66'}, {'type': {'value': 212, 'displayName': 'Length'}, 'value': '27.7'}, {'type': {'value': 155, 'displayName': 'Chipped'}}, {'type': {'value': 2, 'displayName': 'Cross'}}, {'type': {'value': 140, 'displayName': 'PassEndX'}, 'value': '90.5'}, {'type': {'value': 141, 'displayName': 'PassEndY'}, 'value': '51.0'}, {'type': {'value': 72, 'displayName': 'LeftFoot'}}, {'type': {'value': 178, 'displayName': 'StandingSave'}}]","[91, 138, 124, 126, 35, 38, 217, 218]",True,345516.0,90.5,51.0,,,,,,,,,
2610391767.0,473,44,30.0,29,10.5,49.5,44,"{'value': 1, 'displayName': 'FirstHalf'}","{'value': 12, 'displayName': 'Clearance'}","{'value': 1, 'displayName': 'Successful'}","[{'type': {'value': 141, 'displayName': 'PassEndY'}, 'value': '72.1'}, {'type': {'value': 212, 'displayName': 'Length'}, 'value': '18.0'}, {'type': {'value': 213, 'displayName': 'Angle'}, 'value': '1.02'}, {'type': {'value': 56, 'displayName': 'Zone'}, 'value': 'Back'}, {'type': {'value': 15, 'displayName': 'Head'}}, {'type': {'value': 140, 'displayName': 'PassEndX'}, 'value': '19.5'}]","[91, 94, 95, 57, 215]",True,362434.0,19.5,72.1,,,,,,,,,
2610391841.0,474,44,32.0,29,20.7,69.0,44,"{'value': 1, 'displayName': 'FirstHalf'}","{'value': 61, 'displayName': 'BallTouch'}","{'value': 1, 'displayName': 'Successful'}","[{'type': {'value': 178, 'displayName': 'StandingSave'}}, {'type': {'value': 56, 'displayName': 'Zone'}, 'value': 'Back'}]",[91],True,319756.0,,,,,,,,,,,
2610391879.0,475,44,32.0,29,24.2,81.0,44,"{'value': 1, 'displayName': 'FirstHalf'}","{'value': 4, 'displayName': 'Foul'}","{'value': 1, 'displayName': 'Successful'}","[{'type': {'value': 56, 'displayName': 'Zone'}, 'value': 'Back'}, {'type': {'value': 233, 'displayName': 'OppositeRelatedEvent'}, 'value': '395'}, {'type': {'value': 285, 'displayName': 'Defensive'}}]","[91, 63]",True,,,,,,,,,,,,
2610391861.0,395,44,32.0,31,75.8,19.0,44,"{'value': 1, 'displayName': 'FirstHalf'}","{'value': 4, 'displayName': 'Foul'}","{'value': 0, 'displayName': 'Unsuccessful'}","[{'type': {'value': 286, 'displayName': 'Offensive'}}, {'type': {'value': 233, 'displayName': 'OppositeRelatedEvent'}, 'value': '475'}, {'type': {'value': 56, 'displayName': 'Zone'}, 'value': 'Right'}]",[64],False,396975.0,,,,,,,,,,,
2610392359.0,476,44,53.0,29,19.1,73.6,44,"{'value': 1, 'displayName': 'FirstHalf'}","{'value': 1, 'displayName': 'Pass'}","{'value': 1, 'displayName': 'Successful'}","[{'type': {'value': 212, 'displayName': 'Length'}, 'value': '21.2'}, {'type': {'value': 56, 'displayName': 'Zone'}, 'value': 'Back'}, {'type': {'value': 141, 'displayName': 'PassEndY'}, 'value': '46.8'}, {'type': {'value': 178, 'displayName': 'StandingSave'}}, {'type': {'value': 5, 'displayName': 'FreekickTaken'}}, {'type': {'value': 213, 'displayName': 'Angle'}, 'value': '4.18'}, {'type': {'value': 140, 'displayName': 'PassEndX'}, 'value': '8.8'}]","[91, 117, 30, 132, 35, 38, 215, 218]",True,362434.0,8.8,46.8,,,,,,,,,
2610392445.0,477,45,0.0,29,11.0,48.7,45,"{'value': 1, 'displayName': 'FirstHalf'}","{'value': 1, 'displayName': 'Pass'}","{'value': 1, 'displayName': 'Successful'}","[{'type': {'value': 141, 'displayName': 'PassEndY'}, 'value': '71.3'}, {'type': {'value': 56, 'displayName': 'Zone'}, 'value': 'Back'}, {'type': {'value': 140, 'displayName': 'PassEndX'}, 'value': '14.5'}, {'type': {'value': 178, 'displayName': 'StandingSave'}}, {'type': {'value': 212, 'displayName': 'Length'}, 'value': '15.8'}, {'type': {'value': 213, 'displayName': 'Angle'}, 'value': '1.34'}]","[91, 117, 30, 36, 37, 215, 218]",True,92516.0,14.5,71.3,,,,,,,,,
2610392495.0,478,45,2.0,29,15.7,76.1,45,"{'value': 1, 'displayName': 'FirstHalf'}","{'value': 1, 'displayName': 'Pass'}","{'value': 1, 'displayName': 'Successful'}","[{'type': {'value': 141, 'displayName': 'PassEndY'}, 'value': '94.4'}, {'type': {'value': 140, 'displayName': 'PassEndX'}, 'value': '22.4'}, {'type': {'value': 212, 'displayName': 'Length'}, 'value': '14.3'}, {'type': {'value': 56, 'displayName': 'Zone'}, 'value': 'Back'}, {'type': {'value': 178, 'displayName': 'StandingSave'}}, {'type': {'value': 213, 'displayName': 'Angle'}, 'value': '1.06'}]","[91, 117, 30, 36, 37, 215, 218]",True,362434.0,22.4,94.4,,,,,,,,,
2610392527.0,479,45,4.0,29,22.0,91.4,45,"{'value': 1, 'displayName': 'FirstHalf'}","{'value': 1, 'displayName': 'Pass'}","{'value': 1, 'displayName': 'Successful'}","[{'type': {'value': 56, 'displayName': 'Zone'}, 'value': 'Back'}, {'type': {'value': 178, 'displayName': 'StandingSave'}}, {'type': {'value': 213, 'displayName': 'Angle'}, 'value': '5.59'}, {'type': {'value': 140, 'displayName': 'PassEndX'}, 'value': '29.2'}, {'type': {'value': 212, 'displayName': 'Length'}, 'value': '9.9'}, {'type': {'value': 141, 'displayName': 'PassEndY'}, 'value': '82.1'}]","[91, 117, 30, 36, 38, 215, 218]",True,68049.0,29.2,82.1,,,,,,,,,
2610392593.0,480,45,6.0,29,29.8,84.2,45,"{'value': 1, 'displayName': 'FirstHalf'}","{'value': 1, 'displayName': 'Pass'}","{'value': 1, 'displayName': 'Successful'}","[{'type': {'value': 56, 'displayName': 'Zone'}, 'value': 'Back'}, {'type': {'value': 213, 'displayName': 'Angle'}, 'value': '0.46'}, {'type': {'value': 178, 'displayName': 'StandingSave'}}, {'type': {'value': 140, 'displayName': 'PassEndX'}, 'value': '45.1'}, {'type': {'value': 141, 'displayName': 'PassEndY'}, 'value': '96.0'}, {'type': {'value': 212, 'displayName': 'Length'}, 'value': '18.0'}]","[91, 117, 30, 36, 37, 216, 218]",True,322696.0,45.1,96.0,,,,,,,,,
2610392609.0,481,45,9.0,29,45.1,96.0,45,"{'value': 1, 'displayName': 'FirstHalf'}","{'value': 1, 'displayName': 'Pass'}","{'value': 0, 'displayName': 'Unsuccessful'}","[{'type': {'value': 178, 'displayName': 'StandingSave'}}, {'type': {'value': 56, 'displayName': 'Zone'}, 'value': 'Left'}, {'type': {'value': 213, 'displayName': 'Angle'}, 'value': '5.82'}, {'type': {'value': 212, 'displayName': 'Length'}, 'value': '13.9'}, {'type': {'value': 140, 'displayName': 'PassEndX'}, 'value': '56.9'}, {'type': {'value': 141, 'displayName': 'PassEndY'}, 'value': '86.8'}]","[91, 120, 29, 36, 38, 216, 218]",True,68049.0,56.9,86.8,,,,,,,,,
2610392665.0,397,45,9.0,31,43.4,17.9,45,"{'value': 1, 'displayName': 'FirstHalf'}","{'value': 8, 'displayName': 'Interception'}","{'value': 1, 'displayName': 'Successful'}","[{'type': {'value': 56, 'displayName': 'Zone'}, 'value': 'Back'}]","[91, 101, 56]",True,367781.0,,,,,,,,,,,
2610392693.0,398,45,11.0,31,40.4,9.4,45,"{'value': 1, 'displayName': 'FirstHalf'}","{'value': 49, 'displayName': 'BallRecovery'}","{'value': 1, 'displayName': 'Successful'}",[],[93],False,317896.0,,,,,,,,,,,
2610392785.0,399,45,14.0,31,47.9,5.3,45,"{'value': 1, 'displayName': 'FirstHalf'}","{'value': 1, 'displayName': 'Pass'}","{'value': 1, 'displayName': 'Successful'}","[{'type': {'value': 56, 'displayName': 'Zone'}, 'value': 'Right'}, {'type': {'value': 141, 'displayName': 'PassEndY'}, 'value': '4.1'}, {'type': {'value': 213, 'displayName': 'Angle'}, 'value': '6.24'}, {'type': {'value': 212, 'displayName': 'Length'}, 'value': '17.7'}, {'type': {'value': 140, 'displayName': 'PassEndX'}, 'value': '64.7'}, {'type': {'value': 178, 'displayName': 'StandingSave'}}]","[91, 119, 117, 30, 36, 38, 216, 218]",True,317896.0,64.7,4.1,,,,,,,,,
2610392887.0,400,45,19.0,31,64.8,4.1,45,"{'value': 1, 'displayName': 'FirstHalf'}","{'value': 1, 'displayName': 'Pass'}","{'value': 1, 'displayName': 'Successful'}","[{'type': {'value': 178, 'displayName': 'StandingSave'}}, {'type': {'value': 141, 'displayName': 'PassEndY'}, 'value': '36.6'}, {'type': {'value': 140, 'displayName': 'PassEndX'}, 'value': '65.5'}, {'type': {'value': 56, 'displayName': 'Zone'}, 'value': 'Center'}, {'type': {'value': 212, 'displayName': 'Length'}, 'value': '22.1'}, {'type': {'value': 213, 'displayName': 'Angle'}, 'value': '1.54'}]","[91, 119, 117, 30, 36, 37, 216, 218]",True,116317.0,65.5,36.6,,,,,,,,,
2610392941.0,401,45,23.0,31,66.0,50.9,45,"{'value': 1, 'displayName': 'FirstHalf'}","{'value': 1, 'displayName': 'Pass'}","{'value': 1, 'displayName': 'Successful'}","[{'type': {'value': 212, 'displayName': 'Length'}, 'value': '5.2'}, {'type': {'value': 213, 'displayName': 'Angle'}, 'value': '3.26'}, {'type': {'value': 56, 'displayName': 'Zone'}, 'value': 'Center'}, {'type': {'value': 140, 'displayName': 'PassEndX'}, 'value': '61.1'}, {'type': {'value': 141, 'displayName': 'PassEndY'}, 'value': '50.0'}, {'type': {'value': 178, 'displayName': 'StandingSave'}}]","[91, 119, 117, 30, 35, 38, 216, 218]",True,357427.0,61.1,50.0,,,,,,,,,
2610393019.0,402,45,25.0,31,61.1,50.0,45,"{'value': 1, 'displayName': 'FirstHalf'}","{'value': 1, 'displayName': 'Pass'}","{'value': 1, 'displayName': 'Successful'}","[{'type': {'value': 56, 'displayName': 'Zone'}, 'value': 'Center'}, {'type': {'value': 213, 'displayName': 'Angle'}, 'value': '4.62'}, {'type': {'value': 178, 'displayName': 'StandingSave'}}, {'type': {'value': 140, 'displayName': 'PassEndX'}, 'value': '60.6'}, {'type': {'value': 141, 'displayName': 'PassEndY'}, 'value': '41.3'}, {'type': {'value': 212, 'displayName': 'Length'}, 'value': '5.9'}]","[91, 119, 117, 30, 35, 38, 216, 218]",True,400815.0,60.6,41.3,,,,,,,,,
2610393093.0,403,45,29.0,31,58.0,68.1,45,"{'value': 1, 'displayName': 'FirstHalf'}","{'value': 1, 'displayName': 'Pass'}","{'value': 1, 'displayName': 'Successful'}","[{'type': {'value': 212, 'displayName': 'Length'}, 'value': '18.0'}, {'type': {'value': 141, 'displayName': 'PassEndY'}, 'value': '94.2'}, {'type': {'value': 140, 'displayName': 'PassEndX'}, 'value': '61.0'}, {'type': {'value': 56, 'displayName': 'Zone'}, 'value': 'Left'}, {'type': {'value': 178, 'displayName': 'StandingSave'}}, {'type': {'value': 213, 'displayName': 'Angle'}, 'value': '1.40'}]","[91, 119, 117, 30, 36, 37, 216, 218]",True,367781.0,61.0,94.2,,,,,,,,,
2610393113.0,404,45,32.0,31,61.0,94.2,45,"{'value': 1, 'displayName': 'FirstHalf'}","{'value': 1, 'displayName': 'Pass'}","{'value': 1, 'displayName': 'Successful'}","[{'type': {'value': 56, 'displayName': 'Zone'}, 'value': 'Left'}, {'type': {'value': 212, 'displayName': 'Length'}, 'value': '6.8'}, {'type': {'value': 213, 'displayName': 'Angle'}, 'value': '5.30'}, {'type': {'value': 140, 'displayName': 'PassEndX'}, 'value': '64.6'}, {'type': {'value': 178, 'displayName': 'StandingSave'}}, {'type': {'value': 141, 'displayName': 'PassEndY'}, 'value': '85.9'}]","[91, 119, 117, 30, 36, 38, 216, 218]",True,345516.0,64.6,85.9,,,,,,,,,
2610393167.0,405,45,33.0,31,64.6,85.9,45,"{'value': 1, 'displayName': 'FirstHalf'}","{'value': 1, 'displayName': 'Pass'}","{'value': 1, 'displayName': 'Successful'}","[{'type': {'value': 212, 'displayName': 'Length'}, 'value': '12.4'}, {'type': {'value': 141, 'displayName': 'PassEndY'}, 'value': '95.6'}, {'type': {'value': 178, 'displayName': 'StandingSave'}}, {'type': {'value': 140, 'displayName': 'PassEndX'}, 'value': '54.6'}, {'type': {'value': 213, 'displayName': 'Angle'}, 'value': '2.58'}, {'type': {'value': 56, 'displayName': 'Zone'}, 'value': 'Left'}]","[91, 119, 117, 30, 35, 37, 216, 218]",True,357427.0,54.6,95.6,,,,,,,,,
2610393237.0,406,45,35.0,31,55.1,95.6,45,"{'value': 1, 'displayName': 'FirstHalf'}","{'value': 1, 'displayName': 'Pass'}","{'value': 1, 'displayName': 'Successful'}","[{'type': {'value': 141, 'displayName': 'PassEndY'}, 'value': '70.6'}, {'type': {'value': 140, 'displayName': 'PassEndX'}, 'value': '38.7'}, {'type': {'value': 178, 'displayName': 'StandingSave'}}, {'type': {'value': 213, 'displayName': 'Angle'}, 'value': '3.92'}, {'type': {'value': 212, 'displayName': 'Length'}, 'value': '24.2'}, {'type': {'value': 56, 'displayName': 'Zone'}, 'value': 'Back'}]","[91, 117, 30, 35, 38, 216, 218]",True,345516.0,38.7,70.6,,,,,,,,,
2610393301.0,407,45,38.0,31,38.7,70.6,45,"{'value': 1, 'displayName': 'FirstHalf'}","{'value': 1, 'displayName': 'Pass'}","{'value': 1, 'displayName': 'Successful'}","[{'type': {'value': 141, 'displayName': 'PassEndY'}, 'value': '39.4'}, {'type': {'value': 178, 'displayName': 'StandingSave'}}, {'type': {'value': 140, 'displayName': 'PassEndX'}, 'value': '39.0'}, {'type': {'value': 212, 'displayName': 'Length'}, 'value': '21.2'}, {'type': {'value': 213, 'displayName': 'Angle'}, 'value': '4.73'}, {'type': {'value': 56, 'displayName': 'Zone'}, 'value': 'Back'}]","[91, 117, 30, 36, 38, 216, 218]",True,381045.0,39.0,39.4,,,,,,,,,
2610393391.0,408,45,41.0,31,39.0,34.9,45,"{'value': 1, 'displayName': 'FirstHalf'}","{'value': 1, 'displayName': 'Pass'}","{'value': 1, 'displayName': 'Successful'}","[{'type': {'value': 141, 'displayName': 'PassEndY'}, 'value': '22.8'}, {'type': {'value': 178, 'displayName': 'StandingSave'}}, {'type': {'value': 56, 'displayName': 'Zone'}, 'value': 'Center'}, {'type': {'value': 212, 'displayName': 'Length'}, 'value': '19.5'}, {'type': {'value': 140, 'displayName': 'PassEndX'}, 'value': '55.8'}, {'type': {'value': 213, 'displayName': 'Angle'}, 'value': '5.85'}]","[91, 119, 117, 30, 36, 38, 216, 218]",True,131464.0,55.8,22.8,,,,,,,,,
2610393495.0,409,45,46.0,31,72.4,27.1,45,"{'value': 1, 'displayName': 'FirstHalf'}","{'value': 1, 'displayName': 'Pass'}","{'value': 1, 'displayName': 'Successful'}","[{'type': {'value': 213, 'displayName': 'Angle'}, 'value': '1.61'}, {'type': {'value': 178, 'displayName': 'StandingSave'}}, {'type': {'value': 141, 'displayName': 'PassEndY'}, 'value': '75.6'}, {'type': {'value': 140, 'displayName': 'PassEndX'}, 'value': '71.3'}, {'type': {'value': 1, 'displayName': 'Longball'}}, {'type': {'value': 212, 'displayName': 'Length'}, 'value': '33.0'}, {'type': {'value': 56, 'displayName': 'Zone'}, 'value': 'Center'}]","[91, 119, 117, 127, 205, 35, 37, 217, 218]",True,400815.0,71.3,75.6,,,,,,,,,
2610393505.0,410,45,51.0,31,70.5,80.2,45,"{'value': 1, 'displayName': 'FirstHalf'}","{'value': 3, 'displayName': 'TakeOn'}","{'value': 1, 'displayName': 'Successful'}","[{'type': {'value': 56, 'displayName': 'Zone'}, 'value': 'Left'}, {'type': {'value': 178, 'displayName': 'StandingSave'}}, {'type': {'value': 286, 'displayName': 'Offensive'}}, {'type': {'value': 233, 'displayName': 'OppositeRelatedEvent'}, 'value': '483'}]","[91, 54]",True,357427.0,,,,,,,,,,,
2610393515.0,483,45,51.0,29,29.5,19.8,45,"{'value': 1, 'displayName': 'FirstHalf'}","{'value': 45, 'displayName': 'Challenge'}","{'value': 0, 'displayName': 'Unsuccessful'}","[{'type': {'value': 285, 'displayName': 'Defensive'}}, {'type': {'value': 233, 'displayName': 'OppositeRelatedEvent'}, 'value': '410'}, {'type': {'value': 56, 'displayName': 'Zone'}, 'value': 'Back'}]",[55],False,322596.0,,,,,,,,,,,
2610393629.0,411,45,52.0,31,68.0,83.9,45,"{'value': 1, 'displayName': 'FirstHalf'}","{'value': 1, 'displayName': 'Pass'}","{'value': 1, 'displayName': 'Successful'}","[{'type': {'value': 140, 'displayName': 'PassEndX'}, 'value': '74.6'}, {'type': {'value': 141, 'displayName': 'PassEndY'}, 'value': '95.3'}, {'type': {'value': 213, 'displayName': 'Angle'}, 'value': '0.84'}, {'type': {'value': 212, 'displayName': 'Length'}, 'value': '10.4'}, {'type': {'value': 56, 'displayName': 'Zone'}, 'value': 'Left'}, {'type': {'value': 178, 'displayName': 'StandingSave'}}]","[91, 119, 117, 30, 205, 36, 37, 217, 218]",True,357427.0,74.6,95.3,,,,,,,,,
2610393665.0,412,45,59.0,31,81.2,76.6,45,"{'value': 1, 'displayName': 'FirstHalf'}","{'value': 1, 'displayName': 'Pass'}","{'value': 1, 'displayName': 'Successful'}","[{'type': {'value': 140, 'displayName': 'PassEndX'}, 'value': '75.0'}, {'type': {'value': 56, 'displayName': 'Zone'}, 'value': 'Left'}, {'type': {'value': 178, 'displayName': 'StandingSave'}}, {'type': {'value': 212, 'displayName': 'Length'}, 'value': '8.7'}, {'type': {'value': 213, 'displayName': 'Angle'}, 'value': '2.42'}, {'type': {'value': 141, 'displayName': 'PassEndY'}, 'value': '85.1'}]","[91, 119, 117, 30, 205, 35, 37, 217, 218]",True,345516.0,75.0,85.1,,,,,,,,,
2610393733.0,413,46,1.0,31,75.1,85.1,46,"{'value': 1, 'displayName': 'FirstHalf'}","{'value': 1, 'displayName': 'Pass'}","{'value': 1, 'displayName': 'Successful'}","[{'type': {'value': 155, 'displayName': 'Chipped'}}, {'type': {'value': 56, 'displayName': 'Zone'}, 'value': 'Center'}, {'type': {'value': 140, 'displayName': 'PassEndX'}, 'value': '91.7'}, {'type': {'value': 141, 'displayName': 'PassEndY'}, 'value': '45.2'}, {'type': {'value': 212, 'displayName': 'Length'}, 'value': '32.2'}, {'type': {'value': 213, 'displayName': 'Angle'}, 'value': '5.28'}, {'type': {'value': 154, 'displayName': 'IntentionalAssist'}}, {'type': {'value': 178, 'displayName': 'StandingSave'}}, {'type': {'value': 1, 'displayName': 'Longball'}}, {'type': {'value': 72, 'displayName': 'LeftFoot'}}, {'type': {'value': 210, 'displayName': 'ShotAssist'}, 'value': '13'}, {'type': {'value': 2, 'displayName': 'Cross'}}, {'type': {'value': 11113, 'displayName': 'KeyPass'}}]","[91, 119, 123, 138, 124, 125, 39, 41, 36, 38, 217, 218]",True,357427.0,91.7,45.2,,,,,,,,,
2610393745.0,414,46,3.0,31,91.5,46.0,46,"{'value': 1, 'displayName': 'FirstHalf'}","{'value': 44, 'displayName': 'Aerial'}","{'value': 1, 'displayName': 'Successful'}","[{'type': {'value': 56, 'displayName': 'Zone'}, 'value': 'Center'}, {'type': {'value': 233, 'displayName': 'OppositeRelatedEvent'}, 'value': '485'}, {'type': {'value': 286, 'displayName': 'Offensive'}}]","[197, 199]",False,400815.0,,,,,,,,,,,
2610393705.0,485,46,3.0,29,8.5,54.0,46,"{'value': 1, 'displayName': 'FirstHalf'}","{'value': 44, 'displayName': 'Aerial'}","{'value': 0, 'displayName': 'Unsuccessful'}","[{'type': {'value': 56, 'displayName': 'Zone'}, 'value': 'Back'}, {'type': {'value': 285, 'displayName': 'Defensive'}}, {'type': {'value': 233, 'displayName': 'OppositeRelatedEvent'}, 'value': '414'}]","[198, 200]",False,68049.0,,,,,,,,,,,
2610393751.0,415,46,3.0,31,91.7,45.2,46,"{'value': 1, 'displayName': 'FirstHalf'}","{'value': 13, 'displayName': 'MissedShots'}","{'value': 1, 'displayName': 'Successful'}","[{'type': {'value': 103, 'displayName': 'GoalMouthZ'}, 'value': '23.6'}, {'type': {'value': 154, 'displayName': 'IntentionalAssist'}}, {'type': {'value': 22, 'displayName': 'RegularPlay'}}, {'type': {'value': 15, 'displayName': 'Head'}}, {'type': {'value': 56, 'displayName': 'Zone'}, 'value': 'Center'}, {'type': {'value': 328, 'displayName': 'FirstTouch'}}, {'type': {'value': 102, 'displayName': 'GoalMouthY'}, 'value': '62.9'}, {'type': {'value': 17, 'displayName': 'BoxCentre'}}, {'type': {'value': 29, 'displayName': 'Assisted'}}, {'type': {'value': 55, 'displayName': 'RelatedEventId'}, 'value': '413'}, {'type': {'value': 73, 'displayName': 'MissLeft'}}]","[91, 7, 90, 10, 1, 3, 14]",True,400815.0,,,413.0,357427.0,,,23.6,62.9,True,,
2610394189.0,487,46,22.0,29,4.1,49.5,46,"{'value': 1, 'displayName': 'FirstHalf'}","{'value': 1, 'displayName': 'Pass'}","{'value': 1, 'displayName': 'Successful'}","[{'type': {'value': 212, 'displayName': 'Length'}, 'value': '23.7'}, {'type': {'value': 141, 'displayName': 'PassEndY'}, 'value': '16.5'}, {'type': {'value': 140, 'displayName': 'PassEndX'}, 'value': '11.4'}, {'type': {'value': 56, 'displayName': 'Zone'}, 'value': 'Back'}, {'type': {'value': 213, 'displayName': 'Angle'}, 'value': '5.04'}, {'type': {'value': 124, 'displayName': 'GoalKick'}}]","[91, 117, 30, 36, 38, 215, 218]",True,92516.0,11.4,16.5,,,,,,,,,
2610394227.0,488,46,26.0,29,18.3,11.4,46,"{'value': 1, 'displayName': 'FirstHalf'}","{'value': 1, 'displayName': 'Pass'}","{'value': 0, 'displayName': 'Unsuccessful'}","[{'type': {'value': 178, 'displayName': 'StandingSave'}}, {'type': {'value': 1, 'displayName': 'Longball'}}, {'type': {'value': 140, 'displayName': 'PassEndX'}, 'value': '59.5'}, {'type': {'value': 141, 'displayName': 'PassEndY'}, 'value': '23.9'}, {'type': {'value': 56, 'displayName': 'Zone'}, 'value': 'Center'}, {'type': {'value': 212, 'displayName': 'Length'}, 'value': '44.1'}, {'type': {'value': 213, 'displayName': 'Angle'}, 'value': '0.19'}, {'type': {'value': 155, 'displayName': 'Chipped'}}]","[91, 120, 124, 128, 36, 37, 216, 218]",True,106086.0,59.5,23.9,,,,,,,,,
2610394239.0,417,46,29.0,31,39.6,76.9,46,"{'value': 1, 'displayName': 'FirstHalf'}","{'value': 8, 'displayName': 'Interception'}","{'value': 1, 'displayName': 'Successful'}","[{'type': {'value': 56, 'displayName': 'Zone'}, 'value': 'Back'}, {'type': {'value': 15, 'displayName': 'Head'}}]","[91, 101, 56]",True,131464.0,,,,,,,,,,,
2610394295.0,418,46,32.0,31,51.3,93.8,46,"{'value': 1, 'displayName': 'FirstHalf'}","{'value': 49, 'displayName': 'BallRecovery'}","{'value': 1, 'displayName': 'Successful'}",[],[93],False,357427.0,,,,,,,,,,,
2610394355.0,419,46,34.0,31,38.9,98.1,46,"{'value': 1, 'displayName': 'FirstHalf'}","{'value': 1, 'displayName': 'Pass'}","{'value': 0, 'displayName': 'Unsuccessful'}","[{'type': {'value': 286, 'displayName': 'Offensive'}}, {'type': {'value': 213, 'displayName': 'Angle'}, 'value': '3.26'}, {'type': {'value': 212, 'displayName': 'Length'}, 'value': '5.7'}, {'type': {'value': 56, 'displayName': 'Zone'}, 'value': 'Back'}, {'type': {'value': 140, 'displayName': 'PassEndX'}, 'value': '33.5'}, {'type': {'value': 141, 'displayName': 'PassEndY'}, 'value': '97.1'}, {'type': {'value': 233, 'displayName': 'OppositeRelatedEvent'}, 'value': '489'}, {'type': {'value': 178, 'displayName': 'StandingSave'}}]","[91, 118, 120, 29, 35, 38, 216, 218]",True,357427.0,33.5,97.1,,,,,,,,,
2610394351.0,489,46,34.0,29,61.7,3.1,46,"{'value': 1, 'displayName': 'FirstHalf'}","{'value': 74, 'displayName': 'BlockedPass'}","{'value': 1, 'displayName': 'Successful'}","[{'type': {'value': 285, 'displayName': 'Defensive'}}, {'type': {'value': 233, 'displayName': 'OppositeRelatedEvent'}, 'value': '419'}, {'type': {'value': 56, 'displayName': 'Zone'}, 'value': 'Right'}]","[91, 60]",True,69517.0,,,,,,,,,,,
2610394441.0,420,46,36.0,31,29.5,97.4,46,"{'value': 1, 'displayName': 'FirstHalf'}","{'value': 1, 'displayName': 'Pass'}","{'value': 1, 'displayName': 'Successful'}","[{'type': {'value': 178, 'displayName': 'StandingSave'}}, {'type': {'value': 140, 'displayName': 'PassEndX'}, 'value': '54.7'}, {'type': {'value': 56, 'displayName': 'Zone'}, 'value': 'Left'}, {'type': {'value': 212, 'displayName': 'Length'}, 'value': '28.6'}, {'type': {'value': 155, 'displayName': 'Chipped'}}, {'type': {'value': 213, 'displayName': 'Angle'}, 'value': '5.90'}, {'type': {'value': 141, 'displayName': 'PassEndY'}, 'value': '81.5'}]","[91, 119, 117, 30, 124, 36, 38, 216, 218]",True,345516.0,54.7,81.5,,,,,,,,,
2610394447.0,421,46,38.0,31,54.5,81.1,46,"{'value': 1, 'displayName': 'FirstHalf'}","{'value': 61, 'displayName': 'BallTouch'}","{'value': 0, 'displayName': 'Unsuccessful'}","[{'type': {'value': 56, 'displayName': 'Zone'}, 'value': 'Left'}, {'type': {'value': 15, 'displayName': 'Head'}}]","[91, 69]",True,116317.0,,,,,,,,,,,
2610394461.0,490,46,39.0,29,45.7,29.9,46,"{'value': 1, 'displayName': 'FirstHalf'}","{'value': 1, 'displayName': 'Pass'}","{'value': 0, 'displayName': 'Unsuccessful'}","[{'type': {'value': 141, 'displayName': 'PassEndY'}, 'value': '30.3'}, {'type': {'value': 213, 'displayName': 'Angle'}, 'value': '2.94'}, {'type': {'value': 140, 'displayName': 'PassEndX'}, 'value': '44.4'}, {'type': {'value': 212, 'displayName': 'Length'}, 'value': '1.4'}, {'type': {'value': 56, 'displayName': 'Zone'}, 'value': 'Back'}, {'type': {'value': 178, 'displayName': 'StandingSave'}}]","[91, 118, 120, 29, 35, 37, 216, 218]",True,105172.0,44.4,30.3,,,,,,,,,
2610394485.0,423,46,40.0,31,57.6,73.6,46,"{'value': 1, 'displayName': 'FirstHalf'}","{'value': 1, 'displayName': 'Pass'}","{'value': 0, 'displayName': 'Unsuccessful'}","[{'type': {'value': 56, 'displayName': 'Zone'}, 'value': 'Center'}, {'type': {'value': 140, 'displayName': 'PassEndX'}, 'value': '69.5'}, {'type': {'value': 141, 'displayName': 'PassEndY'}, 'value': '73.9'}, {'type': {'value': 155, 'displayName': 'Chipped'}}, {'type': {'value': 212, 'displayName': 'Length'}, 'value': '12.5'}, {'type': {'value': 213, 'displayName': 'Angle'}, 'value': '0.02'}]","[91, 120, 29, 124, 36, 37, 217, 218]",True,116317.0,69.5,73.9,,,,,,,,,
2610394527.0,492,46,42.0,29,38.2,33.0,46,"{'value': 1, 'displayName': 'FirstHalf'}","{'value': 49, 'displayName': 'BallRecovery'}","{'value': 1, 'displayName': 'Successful'}",[],[93],False,362434.0,,,,,,,,,,,
2610394553.0,493,46,42.0,29,39.1,31.6,46,"{'value': 1, 'displayName': 'FirstHalf'}","{'value': 1, 'displayName': 'Pass'}","{'value': 0, 'displayName': 'Unsuccessful'}","[{'type': {'value': 178, 'displayName': 'StandingSave'}}, {'type': {'value': 1, 'displayName': 'Longball'}}, {'type': {'value': 56, 'displayName': 'Zone'}, 'value': 'Center'}, {'type': {'value': 141, 'displayName': 'PassEndY'}, 'value': '30.3'}, {'type': {'value': 212, 'displayName': 'Length'}, 'value': '20.2'}, {'type': {'value': 213, 'displayName': 'Angle'}, 'value': '6.24'}, {'type': {'value': 140, 'displayName': 'PassEndX'}, 'value': '58.3'}]","[91, 120, 128, 36, 38, 216, 218]",True,362434.0,58.3,30.3,,,,,,,,,
2610394617.0,424,46,44.0,31,43.2,68.2,46,"{'value': 1, 'displayName': 'FirstHalf'}","{'value': 1, 'displayName': 'Pass'}","{'value': 0, 'displayName': 'Unsuccessful'}","[{'type': {'value': 178, 'displayName': 'StandingSave'}}, {'type': {'value': 56, 'displayName': 'Zone'}, 'value': 'Left'}, {'type': {'value': 3, 'displayName': 'HeadPass'}}, {'type': {'value': 213, 'displayName': 'Angle'}, 'value': '0.51'}, {'type': {'value': 212, 'displayName': 'Length'}, 'value': '28.2'}, {'type': {'value': 140, 'displayName': 'PassEndX'}, 'value': '66.7'}, {'type': {'value': 141, 'displayName': 'PassEndY'}, 'value': '88.4'}]","[91, 120, 29, 139, 36, 37, 217, 218]",True,381045.0,66.7,88.4,,,,,,,,,
2610394669.0,494,46,48.0,29,29.0,11.0,46,"{'value': 1, 'displayName': 'FirstHalf'}","{'value': 1, 'displayName': 'Pass'}","{'value': 1, 'displayName': 'Successful'}","[{'type': {'value': 3, 'displayName': 'HeadPass'}}, {'type': {'value': 141, 'displayName': 'PassEndY'}, 'value': '4.1'}, {'type': {'value': 213, 'displayName': 'Angle'}, 'value': '5.50'}, {'type': {'value': 140, 'displayName': 'PassEndX'}, 'value': '33.5'}, {'type': {'value': 56, 'displayName': 'Zone'}, 'value': 'Back'}, {'type': {'value': 212, 'displayName': 'Length'}, 'value': '6.7'}]","[91, 117, 30, 139, 36, 38, 216, 218]",True,106086.0,33.5,4.1,,,,,,,,,
2610394769.0,495,46,51.0,29,33.4,4.1,46,"{'value': 1, 'displayName': 'FirstHalf'}","{'value': 1, 'displayName': 'Pass'}","{'value': 1, 'displayName': 'Successful'}","[{'type': {'value': 212, 'displayName': 'Length'}, 'value': '11.9'}, {'type': {'value': 56, 'displayName': 'Zone'}, 'value': 'Back'}, {'type': {'value': 178, 'displayName': 'StandingSave'}}, {'type': {'value': 213, 'displayName': 'Angle'}, 'value': '0.22'}, {'type': {'value': 141, 'displayName': 'PassEndY'}, 'value': '7.9'}, {'type': {'value': 140, 'displayName': 'PassEndX'}, 'value': '44.5'}]","[91, 117, 30, 36, 37, 216, 218]",True,111372.0,44.5,7.9,,,,,,,,,
2610394773.0,496,46,52.0,29,45.2,11.3,46,"{'value': 1, 'displayName': 'FirstHalf'}","{'value': 4, 'displayName': 'Foul'}","{'value': 1, 'displayName': 'Successful'}","[{'type': {'value': 286, 'displayName': 'Offensive'}}, {'type': {'value': 56, 'displayName': 'Zone'}, 'value': 'Back'}, {'type': {'value': 233, 'displayName': 'OppositeRelatedEvent'}, 'value': '425'}, {'type': {'value': 13, 'displayName': 'Foul'}}]","[91, 63]",True,322596.0,,,,,,,,,,,
2610394759.0,425,46,52.0,31,54.8,88.7,46,"{'value': 1, 'displayName': 'FirstHalf'}","{'value': 4, 'displayName': 'Foul'}","{'value': 0, 'displayName': 'Unsuccessful'}","[{'type': {'value': 13, 'displayName': 'Foul'}}, {'type': {'value': 178, 'displayName': 'StandingSave'}}, {'type': {'value': 233, 'displayName': 'OppositeRelatedEvent'}, 'value': '496'}, {'type': {'value': 56, 'displayName': 'Zone'}, 'value': 'Left'}, {'type': {'value': 285, 'displayName': 'Defensive'}}]",[64],False,345516.0,,,,,,,,,,,
2610395011.0,497,47,6.0,29,44.7,16.7,47,"{'value': 1, 'displayName': 'FirstHalf'}","{'value': 1, 'displayName': 'Pass'}","{'value': 1, 'displayName': 'Successful'}","[{'type': {'value': 56, 'displayName': 'Zone'}, 'value': 'Back'}, {'type': {'value': 212, 'displayName': 'Length'}, 'value': '31.2'}, {'type': {'value': 141, 'displayName': 'PassEndY'}, 'value': '62.1'}, {'type': {'value': 178, 'displayName': 'StandingSave'}}, {'type': {'value': 5, 'displayName': 'FreekickTaken'}}, {'type': {'value': 213, 'displayName': 'Angle'}, 'value': '1.71'}, {'type': {'value': 140, 'displayName': 'PassEndX'}, 'value': '40.6'}]","[91, 117, 30, 132, 35, 37, 216, 218]",True,105172.0,40.6,62.1,,,,,,,,,
2610395033.0,498,47,11.0,29,54.3,72.6,47,"{'value': 1, 'displayName': 'FirstHalf'}","{'value': 1, 'displayName': 'Pass'}","{'value': 0, 'displayName': 'Unsuccessful'}","[{'type': {'value': 141, 'displayName': 'PassEndY'}, 'value': '75.0'}, {'type': {'value': 140, 'displayName': 'PassEndX'}, 'value': '73.7'}, {'type': {'value': 212, 'displayName': 'Length'}, 'value': '20.4'}, {'type': {'value': 178, 'displayName': 'StandingSave'}}, {'type': {'value': 213, 'displayName': 'Angle'}, 'value': '0.08'}, {'type': {'value': 155, 'displayName': 'Chipped'}}, {'type': {'value': 56, 'displayName': 'Zone'}, 'value': 'Center'}]","[91, 120, 29, 124, 36, 37, 217, 218]",True,362434.0,73.7,75.0,,,,,,,,,
2610395071.0,426,47,13.0,31,26.2,18.2,47,"{'value': 1, 'displayName': 'FirstHalf'}","{'value': 1, 'displayName': 'Pass'}","{'value': 1, 'displayName': 'Successful'}","[{'type': {'value': 3, 'displayName': 'HeadPass'}}, {'type': {'value': 140, 'displayName': 'PassEndX'}, 'value': '35.4'}, {'type': {'value': 141, 'displayName': 'PassEndY'}, 'value': '18.9'}, {'type': {'value': 213, 'displayName': 'Angle'}, 'value': '0.05'}, {'type': {'value': 56, 'displayName': 'Zone'}, 'value': 'Back'}, {'type': {'value': 212, 'displayName': 'Length'}, 'value': '9.7'}]","[91, 117, 30, 139, 36, 37, 216, 218]",True,396975.0,35.4,18.9,,,,,,,,,
2610395077.0,427,47,15.0,31,34.9,18.5,47,"{'value': 1, 'displayName': 'FirstHalf'}","{'value': 49, 'displayName': 'BallRecovery'}","{'value': 1, 'displayName': 'Successful'}",[],[93],False,317896.0,,,,,,,,,,,
2610395155.0,428,47,17.0,31,35.0,10.1,47,"{'value': 1, 'displayName': 'FirstHalf'}","{'value': 1, 'displayName': 'Pass'}","{'value': 1, 'displayName': 'Successful'}","[{'type': {'value': 212, 'displayName': 'Length'}, 'value': '7.4'}, {'type': {'value': 141, 'displayName': 'PassEndY'}, 'value': '5.8'}, {'type': {'value': 56, 'displayName': 'Zone'}, 'value': 'Back'}, {'type': {'value': 213, 'displayName': 'Angle'}, 'value': '3.55'}, {'type': {'value': 178, 'displayName': 'StandingSave'}}, {'type': {'value': 140, 'displayName': 'PassEndX'}, 'value': '28.5'}]","[91, 117, 30, 35, 38, 215, 218]",True,317896.0,28.5,5.8,,,,,,,,,
2610395215.0,429,47,18.0,31,28.5,5.8,47,"{'value': 1, 'displayName': 'FirstHalf'}","{'value': 1, 'displayName': 'Pass'}","{'value': 1, 'displayName': 'Successful'}","[{'type': {'value': 213, 'displayName': 'Angle'}, 'value': '1.33'}, {'type': {'value': 212, 'displayName': 'Length'}, 'value': '10.6'}, {'type': {'value': 140, 'displayName': 'PassEndX'}, 'value': '30.9'}, {'type': {'value': 141, 'displayName': 'PassEndY'}, 'value': '21.0'}, {'type': {'value': 178, 'displayName': 'StandingSave'}}, {'type': {'value': 56, 'displayName': 'Zone'}, 'value': 'Back'}]","[91, 117, 30, 36, 37, 215, 218]",True,396975.0,30.9,21.0,,,,,,,,,
2610395245.0,430,47,22.0,31,34.8,24.9,47,"{'value': 1, 'displayName': 'FirstHalf'}","{'value': 1, 'displayName': 'Pass'}","{'value': 1, 'displayName': 'Successful'}","[{'type': {'value': 56, 'displayName': 'Zone'}, 'value': 'Back'}, {'type': {'value': 212, 'displayName': 'Length'}, 'value': '25.2'}, {'type': {'value': 141, 'displayName': 'PassEndY'}, 'value': '57.5'}, {'type': {'value': 213, 'displayName': 'Angle'}, 'value': '1.08'}, {'type': {'value': 140, 'displayName': 'PassEndX'}, 'value': '46.2'}, {'type': {'value': 178, 'displayName': 'StandingSave'}}]","[91, 117, 30, 36, 37, 216, 218]",True,400815.0,46.2,57.5,,,,,,,,,
2610395279.0,431,47,23.0,31,46.2,57.5,47,"{'value': 1, 'displayName': 'FirstHalf'}","{'value': 1, 'displayName': 'Pass'}","{'value': 0, 'displayName': 'Unsuccessful'}","[{'type': {'value': 213, 'displayName': 'Angle'}, 'value': '2.05'}, {'type': {'value': 212, 'displayName': 'Length'}, 'value': '17.1'}, {'type': {'value': 178, 'displayName': 'StandingSave'}}, {'type': {'value': 56, 'displayName': 'Zone'}, 'value': 'Back'}, {'type': {'value': 140, 'displayName': 'PassEndX'}, 'value': '38.7'}, {'type': {'value': 141, 'displayName': 'PassEndY'}, 'value': '79.9'}]","[91, 118, 120, 29, 35, 37, 216, 218]",True,357427.0,38.7,79.9,,,,,,,,,
2610395285.0,499,47,25.0,29,61.9,21.5,47,"{'value': 1, 'displayName': 'FirstHalf'}","{'value': 49, 'displayName': 'BallRecovery'}","{'value': 1, 'displayName': 'Successful'}",[],[93],False,322596.0,,,,,,,,,,,
2610395381.0,500,47,29.0,29,79.0,6.4,47,"{'value': 1, 'displayName': 'FirstHalf'}","{'value': 50, 'displayName': 'Dispossessed'}","{'value': 1, 'displayName': 'Successful'}","[{'type': {'value': 286, 'displayName': 'Offensive'}}, {'type': {'value': 56, 'displayName': 'Zone'}, 'value': 'Right'}, {'type': {'value': 233, 'displayName': 'OppositeRelatedEvent'}, 'value': '432'}]","[91, 70]",True,322596.0,,,,,,,,,,,
2610395397.0,432,47,29.0,31,21.0,93.6,47,"{'value': 1, 'displayName': 'FirstHalf'}","{'value': 7, 'displayName': 'Tackle'}","{'value': 1, 'displayName': 'Successful'}","[{'type': {'value': 285, 'displayName': 'Defensive'}}, {'type': {'value': 56, 'displayName': 'Zone'}, 'value': 'Back'}, {'type': {'value': 233, 'displayName': 'OppositeRelatedEvent'}, 'value': '500'}]","[91, 143]",True,367781.0,,,,,,,,,,,
2610395607.0,502,47,41.0,29,84.0,0.0,47,"{'value': 1, 'displayName': 'FirstHalf'}","{'value': 1, 'displayName': 'Pass'}","{'value': 1, 'displayName': 'Successful'}","[{'type': {'value': 212, 'displayName': 'Length'}, 'value': '14.2'}, {'type': {'value': 56, 'displayName': 'Zone'}, 'value': 'Right'}, {'type': {'value': 140, 'displayName': 'PassEndX'}, 'value': '72.9'}, {'type': {'value': 107, 'displayName': 'ThrowIn'}}, {'type': {'value': 141, 'displayName': 'PassEndY'}, 'value': '10.0'}, {'type': {'value': 213, 'displayName': 'Angle'}, 'value': '2.53'}]","[91, 212, 35, 37, 217]",True,111372.0,72.9,10.0,,,,,,,,,
2610395633.0,503,47,44.0,29,74.4,8.6,47,"{'value': 1, 'displayName': 'FirstHalf'}","{'value': 1, 'displayName': 'Pass'}","{'value': 1, 'displayName': 'Successful'}","[{'type': {'value': 178, 'displayName': 'StandingSave'}}, {'type': {'value': 140, 'displayName': 'PassEndX'}, 'value': '85.1'}, {'type': {'value': 213, 'displayName': 'Angle'}, 'value': '0.24'}, {'type': {'value': 141, 'displayName': 'PassEndY'}, 'value': '12.6'}, {'type': {'value': 212, 'displayName': 'Length'}, 'value': '11.6'}, {'type': {'value': 56, 'displayName': 'Zone'}, 'value': 'Right'}]","[91, 119, 117, 30, 205, 36, 37, 217, 218]",True,105172.0,85.1,12.6,,,,,,,,,
2610395669.0,504,47,45.0,29,84.2,11.4,47,"{'value': 1, 'displayName': 'FirstHalf'}","{'value': 1, 'displayName': 'Pass'}","{'value': 1, 'displayName': 'Successful'}","[{'type': {'value': 213, 'displayName': 'Angle'}, 'value': '3.37'}, {'type': {'value': 140, 'displayName': 'PassEndX'}, 'value': '73.8'}, {'type': {'value': 56, 'displayName': 'Zone'}, 'value': 'Right'}, {'type': {'value': 212, 'displayName': 'Length'}, 'value': '11.2'}, {'type': {'value': 141, 'displayName': 'PassEndY'}, 'value': '7.6'}, {'type': {'value': 178, 'displayName': 'StandingSave'}}]","[91, 119, 117, 30, 205, 35, 38, 217, 218]",True,322596.0,73.8,7.6,,,,,,,,,
2610395713.0,505,47,46.0,29,73.9,7.1,47,"{'value': 1, 'displayName': 'FirstHalf'}","{'value': 1, 'displayName': 'Pass'}","{'value': 1, 'displayName': 'Successful'}","[{'type': {'value': 140, 'displayName': 'PassEndX'}, 'value': '82.5'}, {'type': {'value': 141, 'displayName': 'PassEndY'}, 'value': '5.3'}, {'type': {'value': 212, 'displayName': 'Length'}, 'value': '9.1'}, {'type': {'value': 213, 'displayName': 'Angle'}, 'value': '6.15'}, {'type': {'value': 56, 'displayName': 'Zone'}, 'value': 'Right'}, {'type': {'value': 178, 'displayName': 'StandingSave'}}]","[91, 119, 117, 30, 205, 36, 38, 217, 218]",True,105172.0,82.5,5.3,,,,,,,,,
2610395757.0,506,47,49.0,29,76.3,5.2,47,"{'value': 1, 'displayName': 'FirstHalf'}","{'value': 1, 'displayName': 'Pass'}","{'value': 1, 'displayName': 'Successful'}","[{'type': {'value': 140, 'displayName': 'PassEndX'}, 'value': '67.6'}, {'type': {'value': 212, 'displayName': 'Length'}, 'value': '9.1'}, {'type': {'value': 178, 'displayName': 'StandingSave'}}, {'type': {'value': 141, 'displayName': 'PassEndY'}, 'value': '5.8'}, {'type': {'value': 56, 'displayName': 'Zone'}, 'value': 'Right'}, {'type': {'value': 213, 'displayName': 'Angle'}, 'value': '3.10'}]","[91, 119, 117, 30, 205, 35, 37, 217, 218]",True,111372.0,67.6,5.8,,,,,,,,,
2610395839.0,507,47,51.0,29,65.1,6.4,47,"{'value': 1, 'displayName': 'FirstHalf'}","{'value': 1, 'displayName': 'Pass'}","{'value': 1, 'displayName': 'Successful'}","[{'type': {'value': 213, 'displayName': 'Angle'}, 'value': '2.43'}, {'type': {'value': 212, 'displayName': 'Length'}, 'value': '30.3'}, {'type': {'value': 141, 'displayName': 'PassEndY'}, 'value': '35.5'}, {'type': {'value': 178, 'displayName': 'StandingSave'}}, {'type': {'value': 140, 'displayName': 'PassEndX'}, 'value': '43.3'}, {'type': {'value': 56, 'displayName': 'Zone'}, 'value': 'Back'}]","[91, 117, 30, 35, 37, 216, 218]",True,105172.0,43.3,35.5,,,,,,,,,
2610395901.0,508,47,56.0,29,36.5,44.6,47,"{'value': 1, 'displayName': 'FirstHalf'}","{'value': 1, 'displayName': 'Pass'}","{'value': 1, 'displayName': 'Successful'}","[{'type': {'value': 213, 'displayName': 'Angle'}, 'value': '1.37'}, {'type': {'value': 212, 'displayName': 'Length'}, 'value': '30.3'}, {'type': {'value': 140, 'displayName': 'PassEndX'}, 'value': '42.2'}, {'type': {'value': 178, 'displayName': 'StandingSave'}}, {'type': {'value': 56, 'displayName': 'Zone'}, 'value': 'Back'}, {'type': {'value': 141, 'displayName': 'PassEndY'}, 'value': '88.3'}]","[91, 117, 30, 36, 37, 216, 218]",True,362434.0,42.2,88.3,,,,,,,,,
2610395947.0,509,47,59.0,29,38.3,81.7,47,"{'value': 1, 'displayName': 'FirstHalf'}","{'value': 1, 'displayName': 'Pass'}","{'value': 1, 'displayName': 'Successful'}","[{'type': {'value': 213, 'displayName': 'Angle'}, 'value': '3.95'}, {'type': {'value': 141, 'displayName': 'PassEndY'}, 'value': '62.1'}, {'type': {'value': 212, 'displayName': 'Length'}, 'value': '18.4'}, {'type': {'value': 140, 'displayName': 'PassEndX'}, 'value': '26.2'}, {'type': {'value': 56, 'displayName': 'Zone'}, 'value': 'Back'}, {'type': {'value': 178, 'displayName': 'StandingSave'}}]","[91, 117, 30, 35, 38, 215, 218]",True,68049.0,26.2,62.1,,,,,,,,,
2610395959.0,510,48,2.0,29,26.4,70.0,48,"{'value': 1, 'displayName': 'FirstHalf'}","{'value': 1, 'displayName': 'Pass'}","{'value': 0, 'displayName': 'Unsuccessful'}","[{'type': {'value': 140, 'displayName': 'PassEndX'}, 'value': '41.1'}, {'type': {'value': 212, 'displayName': 'Length'}, 'value': '15.4'}, {'type': {'value': 56, 'displayName': 'Zone'}, 'value': 'Back'}, {'type': {'value': 141, 'displayName': 'PassEndY'}, 'value': '69.4'}, {'type': {'value': 213, 'displayName': 'Angle'}, 'value': '6.26'}, {'type': {'value': 178, 'displayName': 'StandingSave'}}]","[91, 118, 120, 29, 36, 38, 216, 218]",True,362434.0,41.1,69.4,,,,,,,,,
2610396019.0,434,48,3.0,31,56.0,27.3,48,"{'value': 1, 'displayName': 'FirstHalf'}","{'value': 1, 'displayName': 'Pass'}","{'value': 0, 'displayName': 'Unsuccessful'}","[{'type': {'value': 140, 'displayName': 'PassEndX'}, 'value': '61.6'}, {'type': {'value': 141, 'displayName': 'PassEndY'}, 'value': '12.2'}, {'type': {'value': 212, 'displayName': 'Length'}, 'value': '11.8'}, {'type': {'value': 178, 'displayName': 'StandingSave'}}, {'type': {'value': 56, 'displayName': 'Zone'}, 'value': 'Right'}, {'type': {'value': 213, 'displayName': 'Angle'}, 'value': '5.23'}]","[91, 120, 29, 36, 38, 216, 218]",True,400815.0,61.6,12.2,,,,,,,,,
2610396089.0,511,48,5.0,29,33.0,86.8,48,"{'value': 1, 'displayName': 'FirstHalf'}","{'value': 1, 'displayName': 'Pass'}","{'value': 1, 'displayName': 'Successful'}","[{'type': {'value': 178, 'displayName': 'StandingSave'}}, {'type': {'value': 141, 'displayName': 'PassEndY'}, 'value': '96.8'}, {'type': {'value': 212, 'displayName': 'Length'}, 'value': '14.1'}, {'type': {'value': 213, 'displayName': 'Angle'}, 'value': '0.50'}, {'type': {'value': 140, 'displayName': 'PassEndX'}, 'value': '44.8'}, {'type': {'value': 56, 'displayName': 'Zone'}, 'value': 'Back'}]","[91, 117, 30, 36, 37, 216, 218]",True,68049.0,44.8,96.8,,,,,,,,,
2610396147.0,512,48,10.0,29,35.9,98.3,48,"{'value': 1, 'displayName': 'FirstHalf'}","{'value': 1, 'displayName': 'Pass'}","{'value': 1, 'displayName': 'Successful'}","[{'type': {'value': 178, 'displayName': 'StandingSave'}}, {'type': {'value': 56, 'displayName': 'Zone'}, 'value': 'Back'}, {'type': {'value': 213, 'displayName': 'Angle'}, 'value': '3.38'}, {'type': {'value': 140, 'displayName': 'PassEndX'}, 'value': '24.5'}, {'type': {'value': 141, 'displayName': 'PassEndY'}, 'value': '94.1'}, {'type': {'value': 212, 'displayName': 'Length'}, 'value': '12.3'}]","[91, 117, 30, 35, 38, 215, 218]",True,319756.0,24.5,94.1,,,,,,,,,
2610396217.0,513,48,13.0,29,24.3,92.0,48,"{'value': 1, 'displayName': 'FirstHalf'}","{'value': 1, 'displayName': 'Pass'}","{'value': 1, 'displayName': 'Successful'}","[{'type': {'value': 56, 'displayName': 'Zone'}, 'value': 'Back'}, {'type': {'value': 212, 'displayName': 'Length'}, 'value': '27.7'}, {'type': {'value': 213, 'displayName': 'Angle'}, 'value': '4.05'}, {'type': {'value': 141, 'displayName': 'PassEndY'}, 'value': '60.0'}, {'type': {'value': 140, 'displayName': 'PassEndX'}, 'value': '8.0'}, {'type': {'value': 178, 'displayName': 'StandingSave'}}]","[91, 117, 30, 35, 38, 215, 218]",True,68049.0,8.0,60.0,,,,,,,,,
2610396283.0,514,48,17.0,29,8.1,54.6,48,"{'value': 1, 'displayName': 'FirstHalf'}","{'value': 1, 'displayName': 'Pass'}","{'value': 1, 'displayName': 'Successful'}","[{'type': {'value': 213, 'displayName': 'Angle'}, 'value': '5.20'}, {'type': {'value': 212, 'displayName': 'Length'}, 'value': '30.6'}, {'type': {'value': 141, 'displayName': 'PassEndY'}, 'value': '14.9'}, {'type': {'value': 56, 'displayName': 'Zone'}, 'value': 'Back'}, {'type': {'value': 140, 'displayName': 'PassEndX'}, 'value': '21.8'}, {'type': {'value': 178, 'displayName': 'StandingSave'}}]","[91, 117, 30, 36, 38, 215, 218]",True,92516.0,21.8,14.9,,,,,,,,,
2610396309.0,515,48,20.0,29,21.2,11.9,48,"{'value': 1, 'displayName': 'FirstHalf'}","{'value': 1, 'displayName': 'Pass'}","{'value': 1, 'displayName': 'Successful'}","[{'type': {'value': 56, 'displayName': 'Zone'}, 'value': 'Back'}, {'type': {'value': 140, 'displayName': 'PassEndX'}, 'value': '28.7'}, {'type': {'value': 213, 'displayName': 'Angle'}, 'value': '5.68'}, {'type': {'value': 141, 'displayName': 'PassEndY'}, 'value': '4.0'}, {'type': {'value': 178, 'displayName': 'StandingSave'}}, {'type': {'value': 212, 'displayName': 'Length'}, 'value': '9.5'}]","[91, 117, 30, 36, 38, 215, 218]",True,106086.0,28.7,4.0,,,,,,,,,
2610396351.0,516,48,22.0,29,28.7,4.0,48,"{'value': 1, 'displayName': 'FirstHalf'}","{'value': 1, 'displayName': 'Pass'}","{'value': 1, 'displayName': 'Successful'}","[{'type': {'value': 212, 'displayName': 'Length'}, 'value': '14.8'}, {'type': {'value': 140, 'displayName': 'PassEndX'}, 'value': '42.8'}, {'type': {'value': 56, 'displayName': 'Zone'}, 'value': 'Back'}, {'type': {'value': 213, 'displayName': 'Angle'}, 'value': '0.03'}, {'type': {'value': 141, 'displayName': 'PassEndY'}, 'value': '4.7'}, {'type': {'value': 178, 'displayName': 'StandingSave'}}]","[91, 117, 30, 36, 37, 216, 218]",True,111372.0,42.8,4.7,,,,,,,,,
2610396355.0,517,48,23.0,29,41.6,3.3,48,"{'value': 1, 'displayName': 'FirstHalf'}","{'value': 50, 'displayName': 'Dispossessed'}","{'value': 1, 'displayName': 'Successful'}","[{'type': {'value': 286, 'displayName': 'Offensive'}}, {'type': {'value': 233, 'displayName': 'OppositeRelatedEvent'}, 'value': '437'}, {'type': {'value': 56, 'displayName': 'Zone'}, 'value': 'Back'}]","[91, 70]",True,400166.0,,,,,,,,,,,
2610396423.0,437,48,24.0,31,58.4,96.7,48,"{'value': 1, 'displayName': 'FirstHalf'}","{'value': 7, 'displayName': 'Tackle'}","{'value': 0, 'displayName': 'Unsuccessful'}","[{'type': {'value': 178, 'displayName': 'StandingSave'}}, {'type': {'value': 233, 'displayName': 'OppositeRelatedEvent'}, 'value': '517'}, {'type': {'value': 285, 'displayName': 'Defensive'}}, {'type': {'value': 56, 'displayName': 'Zone'}, 'value': 'Left'}]","[91, 142]",True,381045.0,,,,,,,,,,,
2610396395.0,518,48,25.0,29,39.4,2.5,48,"{'value': 1, 'displayName': 'FirstHalf'}","{'value': 61, 'displayName': 'BallTouch'}","{'value': 0, 'displayName': 'Unsuccessful'}","[{'type': {'value': 178, 'displayName': 'StandingSave'}}, {'type': {'value': 56, 'displayName': 'Zone'}, 'value': 'Back'}]","[91, 69]",True,400166.0,,,,,,,,,,,
2610396757.0,439,48,40.0,31,57.4,100.0,48,"{'value': 1, 'displayName': 'FirstHalf'}","{'value': 1, 'displayName': 'Pass'}","{'value': 1, 'displayName': 'Successful'}","[{'type': {'value': 141, 'displayName': 'PassEndY'}, 'value': '96.2'}, {'type': {'value': 140, 'displayName': 'PassEndX'}, 'value': '53.9'}, {'type': {'value': 56, 'displayName': 'Zone'}, 'value': 'Left'}, {'type': {'value': 212, 'displayName': 'Length'}, 'value': '5.0'}, {'type': {'value': 107, 'displayName': 'ThrowIn'}}, {'type': {'value': 213, 'displayName': 'Angle'}, 'value': '3.88'}]","[91, 212, 35, 38, 216]",True,345516.0,53.9,96.2,,,,,,,,,
2610396759.0,440,48,42.0,31,55.6,97.7,48,"{'value': 1, 'displayName': 'FirstHalf'}","{'value': 1, 'displayName': 'Pass'}","{'value': 0, 'displayName': 'Unsuccessful'}","[{'type': {'value': 213, 'displayName': 'Angle'}, 'value': '4.20'}, {'type': {'value': 178, 'displayName': 'StandingSave'}}, {'type': {'value': 141, 'displayName': 'PassEndY'}, 'value': '92.5'}, {'type': {'value': 56, 'displayName': 'Zone'}, 'value': 'Left'}, {'type': {'value': 286, 'displayName': 'Offensive'}}, {'type': {'value': 212, 'displayName': 'Length'}, 'value': '4.1'}, {'type': {'value': 233, 'displayName': 'OppositeRelatedEvent'}, 'value': '520'}, {'type': {'value': 140, 'displayName': 'PassEndX'}, 'value': '53.7'}]","[91, 120, 29, 35, 38, 216, 218]",True,357427.0,53.7,92.5,,,,,,,,,
2610396849.0,520,48,42.0,29,38.9,9.5,48,"{'value': 1, 'displayName': 'FirstHalf'}","{'value': 74, 'displayName': 'BlockedPass'}","{'value': 1, 'displayName': 'Successful'}","[{'type': {'value': 56, 'displayName': 'Zone'}, 'value': 'Back'}, {'type': {'value': 285, 'displayName': 'Defensive'}}, {'type': {'value': 233, 'displayName': 'OppositeRelatedEvent'}, 'value': '440'}, {'type': {'value': 178, 'displayName': 'StandingSave'}}]","[91, 60]",True,400166.0,,,,,,,,,,,
2610396897.0,442,48,53.0,31,55.6,100.0,48,"{'value': 1, 'displayName': 'FirstHalf'}","{'value': 1, 'displayName': 'Pass'}","{'value': 1, 'displayName': 'Successful'}","[{'type': {'value': 212, 'displayName': 'Length'}, 'value': '14.4'}, {'type': {'value': 141, 'displayName': 'PassEndY'}, 'value': '83.2'}, {'type': {'value': 213, 'displayName': 'Angle'}, 'value': '5.28'}, {'type': {'value': 107, 'displayName': 'ThrowIn'}}, {'type': {'value': 56, 'displayName': 'Zone'}, 'value': 'Left'}, {'type': {'value': 140, 'displayName': 'PassEndX'}, 'value': '63.0'}]","[91, 212, 36, 38, 216]",True,345516.0,63.0,83.2,,,,,,,,,
2610396945.0,443,48,55.0,31,56.2,72.0,48,"{'value': 1, 'displayName': 'FirstHalf'}","{'value': 1, 'displayName': 'Pass'}","{'value': 1, 'displayName': 'Successful'}","[{'type': {'value': 212, 'displayName': 'Length'}, 'value': '10.1'}, {'type': {'value': 56, 'displayName': 'Zone'}, 'value': 'Center'}, {'type': {'value': 140, 'displayName': 'PassEndX'}, 'value': '51.6'}, {'type': {'value': 213, 'displayName': 'Angle'}, 'value': '4.21'}, {'type': {'value': 141, 'displayName': 'PassEndY'}, 'value': '59.0'}]","[91, 119, 117, 30, 35, 38, 216, 218]",True,141469.0,51.6,59.0,,,,,,,,,
2610397001.0,444,48,58.0,31,52.9,50.1,48,"{'value': 1, 'displayName': 'FirstHalf'}","{'value': 1, 'displayName': 'Pass'}","{'value': 1, 'displayName': 'Successful'}","[{'type': {'value': 140, 'displayName': 'PassEndX'}, 'value': '58.8'}, {'type': {'value': 141, 'displayName': 'PassEndY'}, 'value': '15.6'}, {'type': {'value': 178, 'displayName': 'StandingSave'}}, {'type': {'value': 56, 'displayName': 'Zone'}, 'value': 'Right'}, {'type': {'value': 213, 'displayName': 'Angle'}, 'value': '4.97'}, {'type': {'value': 212, 'displayName': 'Length'}, 'value': '24.3'}]","[91, 119, 117, 30, 36, 38, 216, 218]",True,400815.0,58.8,15.6,,,,,,,,,
2610397043.0,445,49,2.0,31,61.4,10.7,49,"{'value': 1, 'displayName': 'FirstHalf'}","{'value': 1, 'displayName': 'Pass'}","{'value': 1, 'displayName': 'Successful'}","[{'type': {'value': 178, 'displayName': 'StandingSave'}}, {'type': {'value': 212, 'displayName': 'Length'}, 'value': '13.8'}, {'type': {'value': 140, 'displayName': 'PassEndX'}, 'value': '59.0'}, {'type': {'value': 141, 'displayName': 'PassEndY'}, 'value': '30.7'}, {'type': {'value': 213, 'displayName': 'Angle'}, 'value': '1.75'}, {'type': {'value': 56, 'displayName': 'Zone'}, 'value': 'Center'}]","[91, 119, 117, 30, 35, 37, 216, 218]",True,396975.0,59.0,30.7,,,,,,,,,
2610397113.0,446,49,6.0,31,63.6,31.6,49,"{'value': 1, 'displayName': 'FirstHalf'}","{'value': 1, 'displayName': 'Pass'}","{'value': 0, 'displayName': 'Unsuccessful'}","[{'type': {'value': 212, 'displayName': 'Length'}, 'value': '56.3'}, {'type': {'value': 140, 'displayName': 'PassEndX'}, 'value': '92.7'}, {'type': {'value': 141, 'displayName': 'PassEndY'}, 'value': '100.0'}, {'type': {'value': 155, 'displayName': 'Chipped'}}, {'type': {'value': 178, 'displayName': 'StandingSave'}}, {'type': {'value': 56, 'displayName': 'Zone'}, 'value': 'Left'}, {'type': {'value': 213, 'displayName': 'Angle'}, 'value': '1.00'}, {'type': {'value': 1, 'displayName': 'Longball'}}]","[91, 120, 124, 128, 36, 37, 217, 218]",True,400815.0,92.7,100.0,,,,,,,,,
2610397327.0,523,49,25.0,29,8.7,0.0,49,"{'value': 1, 'displayName': 'FirstHalf'}","{'value': 1, 'displayName': 'Pass'}","{'value': 0, 'displayName': 'Unsuccessful'}","[{'type': {'value': 1, 'displayName': 'Longball'}}, {'type': {'value': 140, 'displayName': 'PassEndX'}, 'value': '31.5'}, {'type': {'value': 141, 'displayName': 'PassEndY'}, 'value': '21.3'}, {'type': {'value': 56, 'displayName': 'Zone'}, 'value': 'Back'}, {'type': {'value': 213, 'displayName': 'Angle'}, 'value': '0.58'}, {'type': {'value': 212, 'displayName': 'Length'}, 'value': '28.7'}, {'type': {'value': 107, 'displayName': 'ThrowIn'}}]","[91, 212, 36, 37, 215]",True,111372.0,31.5,21.3,,,,,,,,,
2610397367.0,448,49,27.0,31,60.6,75.0,49,"{'value': 1, 'displayName': 'FirstHalf'}","{'value': 1, 'displayName': 'Pass'}","{'value': 1, 'displayName': 'Successful'}","[{'type': {'value': 212, 'displayName': 'Length'}, 'value': '5.1'}, {'type': {'value': 141, 'displayName': 'PassEndY'}, 'value': '80.3'}, {'type': {'value': 140, 'displayName': 'PassEndX'}, 'value': '64.0'}, {'type': {'value': 213, 'displayName': 'Angle'}, 'value': '0.79'}, {'type': {'value': 56, 'displayName': 'Zone'}, 'value': 'Left'}, {'type': {'value': 3, 'displayName': 'HeadPass'}}]","[91, 119, 117, 30, 139, 36, 37, 216, 218]",True,400815.0,64.0,80.3,,,,,,,,,
2610397369.0,449,49,28.0,31,64.3,80.3,49,"{'value': 1, 'displayName': 'FirstHalf'}","{'value': 49, 'displayName': 'BallRecovery'}","{'value': 1, 'displayName': 'Successful'}",[],[93],False,367781.0,,,,,,,,,,,
2610397415.0,450,49,32.0,31,80.0,84.5,49,"{'value': 1, 'displayName': 'FirstHalf'}","{'value': 1, 'displayName': 'Pass'}","{'value': 0, 'displayName': 'Unsuccessful'}","[{'type': {'value': 212, 'displayName': 'Length'}, 'value': '12.1'}, {'type': {'value': 141, 'displayName': 'PassEndY'}, 'value': '100.0'}, {'type': {'value': 56, 'displayName': 'Zone'}, 'value': 'Left'}, {'type': {'value': 213, 'displayName': 'Angle'}, 'value': '1.21'}, {'type': {'value': 178, 'displayName': 'StandingSave'}}, {'type': {'value': 140, 'displayName': 'PassEndX'}, 'value': '84.1'}]","[91, 120, 29, 36, 37, 217, 218]",True,367781.0,84.1,100.0,,,,,,,,,
2610397641.0,525,49,49.0,29,24.2,0.0,49,"{'value': 1, 'displayName': 'FirstHalf'}","{'value': 1, 'displayName': 'Pass'}","{'value': 1, 'displayName': 'Successful'}","[{'type': {'value': 56, 'displayName': 'Zone'}, 'value': 'Back'}, {'type': {'value': 213, 'displayName': 'Angle'}, 'value': '0.36'}, {'type': {'value': 141, 'displayName': 'PassEndY'}, 'value': '8.6'}, {'type': {'value': 107, 'displayName': 'ThrowIn'}}, {'type': {'value': 212, 'displayName': 'Length'}, 'value': '20.4'}, {'type': {'value': 140, 'displayName': 'PassEndX'}, 'value': '42.4'}]","[91, 212, 36, 37, 216]",True,111372.0,42.4,8.6,,,,,,,,,
2610397647.0,526,49,51.0,29,43.0,9.1,49,"{'value': 1, 'displayName': 'FirstHalf'}","{'value': 1, 'displayName': 'Pass'}","{'value': 0, 'displayName': 'Unsuccessful'}","[{'type': {'value': 56, 'displayName': 'Zone'}, 'value': 'Center'}, {'type': {'value': 3, 'displayName': 'HeadPass'}}, {'type': {'value': 212, 'displayName': 'Length'}, 'value': '22.7'}, {'type': {'value': 178, 'displayName': 'StandingSave'}}, {'type': {'value': 213, 'displayName': 'Angle'}, 'value': '0.47'}, {'type': {'value': 141, 'displayName': 'PassEndY'}, 'value': '24.3'}, {'type': {'value': 140, 'displayName': 'PassEndX'}, 'value': '62.3'}]","[91, 120, 29, 139, 36, 37, 216, 218]",True,69517.0,62.3,24.3,,,,,,,,,
2610397667.0,452,49,54.0,31,39.3,70.3,49,"{'value': 1, 'displayName': 'FirstHalf'}","{'value': 49, 'displayName': 'BallRecovery'}","{'value': 1, 'displayName': 'Successful'}",[],[93],False,131464.0,,,,,,,,,,,
2610397787.0,453,49,54.0,31,38.0,68.4,49,"{'value': 1, 'displayName': 'FirstHalf'}","{'value': 1, 'displayName': 'Pass'}","{'value': 1, 'displayName': 'Successful'}","[{'type': {'value': 140, 'displayName': 'PassEndX'}, 'value': '14.2'}, {'type': {'value': 212, 'displayName': 'Length'}, 'value': '26.4'}, {'type': {'value': 178, 'displayName': 'StandingSave'}}, {'type': {'value': 141, 'displayName': 'PassEndY'}, 'value': '55.7'}, {'type': {'value': 56, 'displayName': 'Zone'}, 'value': 'Back'}, {'type': {'value': 213, 'displayName': 'Angle'}, 'value': '3.47'}]","[91, 117, 30, 35, 38, 215, 218]",True,131464.0,14.2,55.7,,,,,,,,,
2610397789.0,454,50,2.0,31,0.0,0.0,50,"{'value': 1, 'displayName': 'FirstHalf'}","{'value': 30, 'displayName': 'End'}","{'value': 1, 'displayName': 'Successful'}",[],[],False,,,,,,,,,,,,
2610397785.0,527,50,2.0,29,0.0,0.0,50,"{'value': 1, 'displayName': 'FirstHalf'}","{'value': 30, 'displayName': 'End'}","{'value': 1, 'displayName': 'Successful'}",[],[],False,,,,,,,,,,,,
2610413719.0,455,45,0.0,31,0.0,0.0,51,"{'value': 2, 'displayName': 'SecondHalf'}","{'value': 32, 'displayName': 'Start'}","{'value': 1, 'displayName': 'Successful'}",[],[],False,,,,,,,,,,,,
2610413767.0,528,45,0.0,29,0.0,0.0,51,"{'value': 2, 'displayName': 'SecondHalf'}","{'value': 32, 'displayName': 'Start'}","{'value': 1, 'displayName': 'Successful'}",[],[],False,,,,,,,,,,,,
2610413811.0,456,45,0.0,31,50.1,50.0,51,"{'value': 2, 'displayName': 'SecondHalf'}","{'value': 1, 'displayName': 'Pass'}","{'value': 1, 'displayName': 'Successful'}","[{'type': {'value': 140, 'displayName': 'PassEndX'}, 'value': '34.9'}, {'type': {'value': 141, 'displayName': 'PassEndY'}, 'value': '50.0'}, {'type': {'value': 212, 'displayName': 'Length'}, 'value': '16.0'}, {'type': {'value': 178, 'displayName': 'StandingSave'}}, {'type': {'value': 213, 'displayName': 'Angle'}, 'value': '3.14'}, {'type': {'value': 56, 'displayName': 'Zone'}, 'value': 'Back'}]","[91, 117, 30, 35, 216, 218]",True,367781.0,34.9,50.0,,,,,,,,,
2610413881.0,457,45,2.0,31,35.2,50.3,51,"{'value': 2, 'displayName': 'SecondHalf'}","{'value': 1, 'displayName': 'Pass'}","{'value': 0, 'displayName': 'Unsuccessful'}","[{'type': {'value': 141, 'displayName': 'PassEndY'}, 'value': '25.0'}, {'type': {'value': 212, 'displayName': 'Length'}, 'value': '40.9'}, {'type': {'value': 155, 'displayName': 'Chipped'}}, {'type': {'value': 213, 'displayName': 'Angle'}, 'value': '5.85'}, {'type': {'value': 178, 'displayName': 'StandingSave'}}, {'type': {'value': 56, 'displayName': 'Zone'}, 'value': 'Center'}, {'type': {'value': 140, 'displayName': 'PassEndX'}, 'value': '70.5'}, {'type': {'value': 1, 'displayName': 'Longball'}}]","[91, 120, 124, 128, 36, 38, 217, 218]",True,381045.0,70.5,25.0,,,,,,,,,
2610413885.0,529,45,5.0,29,28.4,72.1,51,"{'value': 2, 'displayName': 'SecondHalf'}","{'value': 49, 'displayName': 'BallRecovery'}","{'value': 1, 'displayName': 'Successful'}",[],[93],False,362434.0,,,,,,,,,,,
2610414009.0,530,45,7.0,29,29.7,68.5,51,"{'value': 2, 'displayName': 'SecondHalf'}","{'value': 1, 'displayName': 'Pass'}","{'value': 1, 'displayName': 'Successful'}","[{'type': {'value': 178, 'displayName': 'StandingSave'}}, {'type': {'value': 212, 'displayName': 'Length'}, 'value': '42.3'}, {'type': {'value': 56, 'displayName': 'Zone'}, 'value': 'Back'}, {'type': {'value': 141, 'displayName': 'PassEndY'}, 'value': '10.1'}, {'type': {'value': 140, 'displayName': 'PassEndX'}, 'value': '15.7'}, {'type': {'value': 213, 'displayName': 'Angle'}, 'value': '4.36'}, {'type': {'value': 1, 'displayName': 'Longball'}}]","[91, 117, 127, 35, 38, 215, 218]",True,362434.0,15.7,10.1,,,,,,,,,
2610414063.0,531,45,11.0,29,15.7,10.1,51,"{'value': 2, 'displayName': 'SecondHalf'}","{'value': 1, 'displayName': 'Pass'}","{'value': 0, 'displayName': 'Unsuccessful'}","[{'type': {'value': 141, 'displayName': 'PassEndY'}, 'value': '12.6'}, {'type': {'value': 140, 'displayName': 'PassEndX'}, 'value': '55.7'}, {'type': {'value': 213, 'displayName': 'Angle'}, 'value': '0.04'}, {'type': {'value': 212, 'displayName': 'Length'}, 'value': '42.0'}, {'type': {'value': 1, 'displayName': 'Longball'}}, {'type': {'value': 178, 'displayName': 'StandingSave'}}, {'type': {'value': 56, 'displayName': 'Zone'}, 'value': 'Right'}]","[91, 120, 128, 36, 37, 216, 218]",True,111372.0,55.7,12.6,,,,,,,,,
2610414115.0,458,45,14.0,31,44.1,80.3,51,"{'value': 2, 'displayName': 'SecondHalf'}","{'value': 1, 'displayName': 'Pass'}","{'value': 0, 'displayName': 'Unsuccessful'}","[{'type': {'value': 141, 'displayName': 'PassEndY'}, 'value': '77.0'}, {'type': {'value': 3, 'displayName': 'HeadPass'}}, {'type': {'value': 140, 'displayName': 'PassEndX'}, 'value': '63.2'}, {'type': {'value': 212, 'displayName': 'Length'}, 'value': '20.2'}, {'type': {'value': 213, 'displayName': 'Angle'}, 'value': '6.17'}, {'type': {'value': 56, 'displayName': 'Zone'}, 'value': 'Center'}]","[91, 120, 29, 139, 36, 38, 216, 218]",True,381045.0,63.2,77.0,,,,,,,,,
2610414165.0,532,45,16.0,29,38.6,17.3,51,"{'value': 2, 'displayName': 'SecondHalf'}","{'value': 1, 'displayName': 'Pass'}","{'value': 1, 'displayName': 'Successful'}","[{'type': {'value': 141, 'displayName': 'PassEndY'}, 'value': '13.1'}, {'type': {'value': 140, 'displayName': 'PassEndX'}, 'value': '44.0'}, {'type': {'value': 56, 'displayName': 'Zone'}, 'value': 'Back'}, {'type': {'value': 3, 'displayName': 'HeadPass'}}, {'type': {'value': 213, 'displayName': 'Angle'}, 'value': '5.82'}, {'type': {'value': 212, 'displayName': 'Length'}, 'value': '6.3'}]","[91, 117, 30, 139, 36, 38, 216, 218]",True,105172.0,44.0,13.1,,,,,,,,,
2610414223.0,533,45,17.0,29,42.8,13.1,51,"{'value': 2, 'displayName': 'SecondHalf'}","{'value': 1, 'displayName': 'Pass'}","{'value': 1, 'displayName': 'Successful'}","[{'type': {'value': 178, 'displayName': 'StandingSave'}}, {'type': {'value': 213, 'displayName': 'Angle'}, 'value': '3.24'}, {'type': {'value': 56, 'displayName': 'Zone'}, 'value': 'Back'}, {'type': {'value': 141, 'displayName': 'PassEndY'}, 'value': '10.9'}, {'type': {'value': 140, 'displayName': 'PassEndX'}, 'value': '28.3'}, {'type': {'value': 212, 'displayName': 'Length'}, 'value': '15.3'}]","[91, 117, 30, 35, 38, 215, 218]",True,400166.0,28.3,10.9,,,,,,,,,
2610414297.0,534,45,19.0,29,27.0,12.2,51,"{'value': 2, 'displayName': 'SecondHalf'}","{'value': 1, 'displayName': 'Pass'}","{'value': 1, 'displayName': 'Successful'}","[{'type': {'value': 141, 'displayName': 'PassEndY'}, 'value': '36.4'}, {'type': {'value': 212, 'displayName': 'Length'}, 'value': '24.5'}, {'type': {'value': 140, 'displayName': 'PassEndX'}, 'value': '9.7'}, {'type': {'value': 178, 'displayName': 'StandingSave'}}, {'type': {'value': 213, 'displayName': 'Angle'}, 'value': '2.41'}, {'type': {'value': 56, 'displayName': 'Zone'}, 'value': 'Back'}]","[91, 117, 30, 35, 37, 215, 218]",True,111372.0,9.7,36.4,,,,,,,,,
2610414331.0,535,45,22.0,29,10.3,37.7,51,"{'value': 2, 'displayName': 'SecondHalf'}","{'value': 1, 'displayName': 'Pass'}","{'value': 1, 'displayName': 'Successful'}","[{'type': {'value': 141, 'displayName': 'PassEndY'}, 'value': '71.4'}, {'type': {'value': 178, 'displayName': 'StandingSave'}}, {'type': {'value': 213, 'displayName': 'Angle'}, 'value': '1.08'}, {'type': {'value': 56, 'displayName': 'Zone'}, 'value': 'Back'}, {'type': {'value': 140, 'displayName': 'PassEndX'}, 'value': '21.9'}, {'type': {'value': 212, 'displayName': 'Length'}, 'value': '26.0'}]","[91, 117, 30, 36, 37, 215, 218]",True,92516.0,21.9,71.4,,,,,,,,,
2610414385.0,536,45,24.0,29,21.9,71.4,51,"{'value': 2, 'displayName': 'SecondHalf'}","{'value': 1, 'displayName': 'Pass'}","{'value': 1, 'displayName': 'Successful'}","[{'type': {'value': 213, 'displayName': 'Angle'}, 'value': '1.07'}, {'type': {'value': 212, 'displayName': 'Length'}, 'value': '17.3'}, {'type': {'value': 140, 'displayName': 'PassEndX'}, 'value': '29.8'}, {'type': {'value': 178, 'displayName': 'StandingSave'}}, {'type': {'value': 56, 'displayName': 'Zone'}, 'value': 'Back'}, {'type': {'value': 141, 'displayName': 'PassEndY'}, 'value': '93.8'}]","[91, 117, 30, 36, 37, 215, 218]",True,362434.0,29.8,93.8,,,,,,,,,
2610414507.0,537,45,27.0,29,30.3,93.2,51,"{'value': 2, 'displayName': 'SecondHalf'}","{'value': 1, 'displayName': 'Pass'}","{'value': 1, 'displayName': 'Successful'}","[{'type': {'value': 155, 'displayName': 'Chipped'}}, {'type': {'value': 141, 'displayName': 'PassEndY'}, 'value': '80.9'}, {'type': {'value': 1, 'displayName': 'Longball'}}, {'type': {'value': 213, 'displayName': 'Angle'}, 'value': '6.10'}, {'type': {'value': 178, 'displayName': 'StandingSave'}}, {'type': {'value': 56, 'displayName': 'Zone'}, 'value': 'Left'}, {'type': {'value': 140, 'displayName': 'PassEndX'}, 'value': '73.5'}, {'type': {'value': 212, 'displayName': 'Length'}, 'value': '46.1'}]","[91, 119, 117, 124, 127, 205, 36, 38, 217, 218]",True,68049.0,73.5,80.9,,,,,,,,,
2610414525.0,538,45,32.0,29,79.5,88.6,51,"{'value': 2, 'displayName': 'SecondHalf'}","{'value': 1, 'displayName': 'Pass'}","{'value': 0, 'displayName': 'Unsuccessful'}","[{'type': {'value': 213, 'displayName': 'Angle'}, 'value': '5.03'}, {'type': {'value': 178, 'displayName': 'StandingSave'}}, {'type': {'value': 140, 'displayName': 'PassEndX'}, 'value': '87.2'}, {'type': {'value': 2, 'displayName': 'Cross'}}, {'type': {'value': 212, 'displayName': 'Length'}, 'value': '25.7'}, {'type': {'value': 56, 'displayName': 'Zone'}, 'value': 'Center'}, {'type': {'value': 72, 'displayName': 'LeftFoot'}}, {'type': {'value': 155, 'displayName': 'Chipped'}}, {'type': {'value': 141, 'displayName': 'PassEndY'}, 'value': '52.8'}]","[91, 138, 124, 126, 36, 38, 217, 218]",True,319756.0,87.2,52.8,,,,,,,,,
2610414559.0,459,45,34.0,31,12.9,48.4,51,"{'value': 2, 'displayName': 'SecondHalf'}","{'value': 12, 'displayName': 'Clearance'}","{'value': 1, 'displayName': 'Successful'}","[{'type': {'value': 56, 'displayName': 'Zone'}, 'value': 'Back'}, {'type': {'value': 213, 'displayName': 'Angle'}, 'value': '1.02'}, {'type': {'value': 140, 'displayName': 'PassEndX'}, 'value': '19.5'}, {'type': {'value': 212, 'displayName': 'Length'}, 'value': '13.3'}, {'type': {'value': 141, 'displayName': 'PassEndY'}, 'value': '65.1'}, {'type': {'value': 15, 'displayName': 'Head'}}]","[91, 94, 95, 57, 215]",True,381045.0,19.5,65.1,,,,,,,,,
2610414609.0,539,45,37.0,29,79.3,39.4,51,"{'value': 2, 'displayName': 'SecondHalf'}","{'value': 1, 'displayName': 'Pass'}","{'value': 1, 'displayName': 'Successful'}","[{'type': {'value': 56, 'displayName': 'Zone'}, 'value': 'Center'}, {'type': {'value': 213, 'displayName': 'Angle'}, 'value': '3.10'}, {'type': {'value': 212, 'displayName': 'Length'}, 'value': '5.5'}, {'type': {'value': 140, 'displayName': 'PassEndX'}, 'value': '74.1'}, {'type': {'value': 178, 'displayName': 'StandingSave'}}, {'type': {'value': 141, 'displayName': 'PassEndY'}, 'value': '39.7'}]","[91, 119, 117, 30, 205, 35, 37, 217, 218]",True,400166.0,74.1,39.7,,,,,,,,,
2610414681.0,540,45,38.0,29,74.1,39.5,51,"{'value': 2, 'displayName': 'SecondHalf'}","{'value': 1, 'displayName': 'Pass'}","{'value': 1, 'displayName': 'Successful'}","[{'type': {'value': 178, 'displayName': 'StandingSave'}}, {'type': {'value': 56, 'displayName': 'Zone'}, 'value': 'Center'}, {'type': {'value': 212, 'displayName': 'Length'}, 'value': '17.8'}, {'type': {'value': 210, 'displayName': 'ShotAssist'}, 'value': '15'}, {'type': {'value': 140, 'displayName': 'PassEndX'}, 'value': '88.0'}, {'type': {'value': 141, 'displayName': 'PassEndY'}, 'value': '24.6'}, {'type': {'value': 213, 'displayName': 'Angle'}, 'value': '5.68'}, {'type': {'value': 11113, 'displayName': 'KeyPass'}}]","[91, 119, 117, 30, 123, 205, 40, 46, 36, 38, 217, 218]",True,105172.0,88.0,24.6,,,,,,,,,
2610414689.0,541,45,41.0,29,86.0,33.2,51,"{'value': 2, 'displayName': 'SecondHalf'}","{'value': 15, 'displayName': 'SavedShot'}","{'value': 1, 'displayName': 'Successful'}","[{'type': {'value': 22, 'displayName': 'RegularPlay'}}, {'type': {'value': 103, 'displayName': 'GoalMouthZ'}, 'value': '19'}, {'type': {'value': 102, 'displayName': 'GoalMouthY'}, 'value': '54.6'}, {'type': {'value': 82, 'displayName': 'Blocked'}}, {'type': {'value': 72, 'displayName': 'LeftFoot'}}, {'type': {'value': 146, 'displayName': 'BlockedX'}, 'value': '93.7'}, {'type': {'value': 215, 'displayName': 'IndividualPlay'}}, {'type': {'value': 76, 'displayName': 'LowLeft'}}, {'type': {'value': 233, 'displayName': 'OppositeRelatedEvent'}, 'value': '460'}, {'type': {'value': 55, 'displayName': 'RelatedEventId'}, 'value': '540'}, {'type': {'value': 147, 'displayName': 'BlockedY'}, 'value': '44.9'}, {'type': {'value': 56, 'displayName': 'Zone'}, 'value': 'Center'}, {'type': {'value': 63, 'displayName': 'BoxRight'}}, {'type': {'value': 29, 'displayName': 'Assisted'}}, {'type': {'value': 178, 'displayName': 'StandingSave'}}]","[91, 10, 1, 3, 11, 13]",True,322596.0,,,540.0,105172.0,93.7,44.9,19.0,54.6,True,,
2610414703.0,460,45,42.0,31,7.7,55.3,51,"{'value': 2, 'displayName': 'SecondHalf'}","{'value': 10, 'displayName': 'Save'}","{'value': 1, 'displayName': 'Successful'}","[{'type': {'value': 56, 'displayName': 'Zone'}, 'value': 'Back'}, {'type': {'value': 233, 'displayName': 'OppositeRelatedEvent'}, 'value': '541'}, {'type': {'value': 94, 'displayName': 'OutfielderBlock'}}, {'type': {'value': 178, 'displayName': 'StandingSave'}}]","[91, 58]",True,381045.0,,,,,,,,,,,
2610414847.0,542,45,45.0,29,64.4,62.7,51,"{'value': 2, 'displayName': 'SecondHalf'}","{'value': 1, 'displayName': 'Pass'}","{'value': 1, 'displayName': 'Successful'}","[{'type': {'value': 212, 'displayName': 'Length'}, 'value': '18.3'}, {'type': {'value': 56, 'displayName': 'Zone'}, 'value': 'Back'}, {'type': {'value': 140, 'displayName': 'PassEndX'}, 'value': '47.4'}, {'type': {'value': 213, 'displayName': 'Angle'}, 'value': '3.37'}, {'type': {'value': 141, 'displayName': 'PassEndY'}, 'value': '56.6'}]","[91, 117, 30, 35, 38, 216, 218]",True,322696.0,47.4,56.6,,,,,,,,,
2610414881.0,543,45,48.0,29,47.4,56.6,51,"{'value': 2, 'displayName': 'SecondHalf'}","{'value': 1, 'displayName': 'Pass'}","{'value': 1, 'displayName': 'Successful'}","[{'type': {'value': 56, 'displayName': 'Zone'}, 'value': 'Back'}, {'type': {'value': 140, 'displayName': 'PassEndX'}, 'value': '46.4'}, {'type': {'value': 141, 'displayName': 'PassEndY'}, 'value': '44.0'}, {'type': {'value': 212, 'displayName': 'Length'}, 'value': '8.6'}, {'type': {'value': 213, 'displayName': 'Angle'}, 'value': '4.59'}, {'type': {'value': 178, 'displayName': 'StandingSave'}}]","[91, 117, 30, 35, 38, 216, 218]",True,362434.0,46.4,44.0,,,,,,,,,
2610414943.0,544,45,50.0,29,46.4,43.6,51,"{'value': 2, 'displayName': 'SecondHalf'}","{'value': 1, 'displayName': 'Pass'}","{'value': 1, 'displayName': 'Successful'}","[{'type': {'value': 141, 'displayName': 'PassEndY'}, 'value': '22.7'}, {'type': {'value': 140, 'displayName': 'PassEndX'}, 'value': '55.4'}, {'type': {'value': 56, 'displayName': 'Zone'}, 'value': 'Center'}, {'type': {'value': 178, 'displayName': 'StandingSave'}}, {'type': {'value': 212, 'displayName': 'Length'}, 'value': '17.1'}, {'type': {'value': 213, 'displayName': 'Angle'}, 'value': '5.30'}]","[91, 119, 117, 30, 36, 38, 216, 218]",True,106086.0,55.4,22.7,,,,,,,,,
2610414995.0,545,45,53.0,29,57.1,21.9,51,"{'value': 2, 'displayName': 'SecondHalf'}","{'value': 1, 'displayName': 'Pass'}","{'value': 1, 'displayName': 'Successful'}","[{'type': {'value': 212, 'displayName': 'Length'}, 'value': '8.3'}, {'type': {'value': 213, 'displayName': 'Angle'}, 'value': '0.22'}, {'type': {'value': 56, 'displayName': 'Zone'}, 'value': 'Center'}, {'type': {'value': 141, 'displayName': 'PassEndY'}, 'value': '24.6'}, {'type': {'value': 178, 'displayName': 'StandingSave'}}, {'type': {'value': 140, 'displayName': 'PassEndX'}, 'value': '64.8'}]","[91, 119, 117, 30, 36, 37, 216, 218]",True,105172.0,64.8,24.6,,,,,,,,,
2610415001.0,546,45,55.0,29,61.0,17.2,51,"{'value': 2, 'displayName': 'SecondHalf'}","{'value': 50, 'displayName': 'Dispossessed'}","{'value': 1, 'displayName': 'Successful'}","[{'type': {'value': 56, 'displayName': 'Zone'}, 'value': 'Right'}, {'type': {'value': 233, 'displayName': 'OppositeRelatedEvent'}, 'value': '466'}, {'type': {'value': 286, 'displayName': 'Offensive'}}]","[91, 70]",True,322596.0,,,,,,,,,,,
2610415821.0,466,45,55.0,31,39.0,82.8,51,"{'value': 2, 'displayName': 'SecondHalf'}","{'value': 7, 'displayName': 'Tackle'}","{'value': 0, 'displayName': 'Unsuccessful'}","[{'type': {'value': 285, 'displayName': 'Defensive'}}, {'type': {'value': 178, 'displayName': 'StandingSave'}}, {'type': {'value': 233, 'displayName': 'OppositeRelatedEvent'}, 'value': '546'}, {'type': {'value': 56, 'displayName': 'Zone'}, 'value': 'Back'}]","[91, 142]",True,345516.0,,,,,,,,,,,
2610416469.0,562,45,55.0,29,58.7,14.0,51,"{'value': 2, 'displayName': 'SecondHalf'}","{'value': 61, 'displayName': 'BallTouch'}","{'value': 1, 'displayName': 'Successful'}","[{'type': {'value': 178, 'displayName': 'StandingSave'}}, {'type': {'value': 56, 'displayName': 'Zone'}, 'value': 'Right'}]",[91],True,322596.0,,,,,,,,,,,
2610415019.0,461,45,56.0,31,42.6,87.8,51,"{'value': 2, 'displayName': 'SecondHalf'}","{'value': 49, 'displayName': 'BallRecovery'}","{'value': 1, 'displayName': 'Successful'}",[],[93],False,116317.0,,,,,,,,,,,
2610415059.0,462,45,56.0,31,42.6,87.8,51,"{'value': 2, 'displayName': 'SecondHalf'}","{'value': 1, 'displayName': 'Pass'}","{'value': 1, 'displayName': 'Successful'}","[{'type': {'value': 56, 'displayName': 'Zone'}, 'value': 'Back'}, {'type': {'value': 212, 'displayName': 'Length'}, 'value': '8.2'}, {'type': {'value': 213, 'displayName': 'Angle'}, 'value': '2.88'}, {'type': {'value': 141, 'displayName': 'PassEndY'}, 'value': '90.9'}, {'type': {'value': 140, 'displayName': 'PassEndX'}, 'value': '35.1'}, {'type': {'value': 178, 'displayName': 'StandingSave'}}]","[91, 117, 30, 35, 37, 216, 218]",True,116317.0,35.1,90.9,,,,,,,,,
2610415101.0,463,45,57.0,31,35.4,90.9,51,"{'value': 2, 'displayName': 'SecondHalf'}","{'value': 1, 'displayName': 'Pass'}","{'value': 0, 'displayName': 'Unsuccessful'}","[{'type': {'value': 212, 'displayName': 'Length'}, 'value': '38.6'}, {'type': {'value': 141, 'displayName': 'PassEndY'}, 'value': '77.5'}, {'type': {'value': 155, 'displayName': 'Chipped'}}, {'type': {'value': 178, 'displayName': 'StandingSave'}}, {'type': {'value': 56, 'displayName': 'Zone'}, 'value': 'Center'}, {'type': {'value': 213, 'displayName': 'Angle'}, 'value': '6.04'}, {'type': {'value': 1, 'displayName': 'Longball'}}, {'type': {'value': 140, 'displayName': 'PassEndX'}, 'value': '71.1'}]","[91, 120, 124, 128, 36, 38, 217, 218]",True,357427.0,71.1,77.5,,,,,,,,,
2610415123.0,547,46,1.0,29,24.3,20.4,52,"{'value': 2, 'displayName': 'SecondHalf'}","{'value': 49, 'displayName': 'BallRecovery'}","{'value': 1, 'displayName': 'Successful'}",[],[93],False,106086.0,,,,,,,,,,,
2610415163.0,548,46,1.0,29,24.3,20.4,52,"{'value': 2, 'displayName': 'SecondHalf'}","{'value': 1, 'displayName': 'Pass'}","{'value': 0, 'displayName': 'Unsuccessful'}","[{'type': {'value': 212, 'displayName': 'Length'}, 'value': '15.3'}, {'type': {'value': 56, 'displayName': 'Zone'}, 'value': 'Back'}, {'type': {'value': 140, 'displayName': 'PassEndX'}, 'value': '34.7'}, {'type': {'value': 213, 'displayName': 'Angle'}, 'value': '5.51'}, {'type': {'value': 1, 'displayName': 'Longball'}}, {'type': {'value': 141, 'displayName': 'PassEndY'}, 'value': '4.7'}, {'type': {'value': 178, 'displayName': 'StandingSave'}}]","[91, 118, 120, 128, 36, 38, 216, 218]",True,106086.0,34.7,4.7,,,,,,,,,
2610415201.0,464,46,3.0,31,68.0,93.6,52,"{'value': 2, 'displayName': 'SecondHalf'}","{'value': 61, 'displayName': 'BallTouch'}","{'value': 0, 'displayName': 'Unsuccessful'}","[{'type': {'value': 56, 'displayName': 'Zone'}, 'value': 'Left'}, {'type': {'value': 178, 'displayName': 'StandingSave'}}]","[91, 69]",True,116317.0,,,,,,,,,,,
2610415257.0,549,46,4.0,29,37.1,5.8,52,"{'value': 2, 'displayName': 'SecondHalf'}","{'value': 1, 'displayName': 'Pass'}","{'value': 1, 'displayName': 'Successful'}","[{'type': {'value': 213, 'displayName': 'Angle'}, 'value': '2.11'}, {'type': {'value': 140, 'displayName': 'PassEndX'}, 'value': '33.2'}, {'type': {'value': 141, 'displayName': 'PassEndY'}, 'value': '15.8'}, {'type': {'value': 212, 'displayName': 'Length'}, 'value': '7.9'}, {'type': {'value': 178, 'displayName': 'StandingSave'}}, {'type': {'value': 56, 'displayName': 'Zone'}, 'value': 'Back'}]","[91, 117, 30, 35, 37, 215, 218]",True,111372.0,33.2,15.8,,,,,,,,,
2610415297.0,550,46,6.0,29,33.2,15.8,52,"{'value': 2, 'displayName': 'SecondHalf'}","{'value': 1, 'displayName': 'Pass'}","{'value': 1, 'displayName': 'Successful'}","[{'type': {'value': 141, 'displayName': 'PassEndY'}, 'value': '29.8'}, {'type': {'value': 212, 'displayName': 'Length'}, 'value': '10.2'}, {'type': {'value': 140, 'displayName': 'PassEndX'}, 'value': '36.6'}, {'type': {'value': 56, 'displayName': 'Zone'}, 'value': 'Back'}, {'type': {'value': 213, 'displayName': 'Angle'}, 'value': '1.21'}, {'type': {'value': 178, 'displayName': 'StandingSave'}}]","[91, 117, 30, 36, 37, 216, 218]",True,105172.0,36.6,29.8,,,,,,,,,
2610415367.0,551,46,9.0,29,37.6,32.2,52,"{'value': 2, 'displayName': 'SecondHalf'}","{'value': 1, 'displayName': 'Pass'}","{'value': 1, 'displayName': 'Successful'}","[{'type': {'value': 1, 'displayName': 'Longball'}}, {'type': {'value': 212, 'displayName': 'Length'}, 'value': '41.4'}, {'type': {'value': 141, 'displayName': 'PassEndY'}, 'value': '91.7'}, {'type': {'value': 178, 'displayName': 'StandingSave'}}, {'type': {'value': 155, 'displayName': 'Chipped'}}, {'type': {'value': 213, 'displayName': 'Angle'}, 'value': '1.36'}, {'type': {'value': 140, 'displayName': 'PassEndX'}, 'value': '45.8'}, {'type': {'value': 56, 'displayName': 'Zone'}, 'value': 'Back'}]","[91, 117, 124, 127, 36, 37, 216, 218]",True,322696.0,45.8,91.7,,,,,,,,,
2610415441.0,552,46,12.0,29,44.3,92.6,52,"{'value': 2, 'displayName': 'SecondHalf'}","{'value': 1, 'displayName': 'Pass'}","{'value': 1, 'displayName': 'Successful'}","[{'type': {'value': 213, 'displayName': 'Angle'}, 'value': '3.86'}, {'type': {'value': 56, 'displayName': 'Zone'}, 'value': 'Back'}, {'type': {'value': 140, 'displayName': 'PassEndX'}, 'value': '34.3'}, {'type': {'value': 212, 'displayName': 'Length'}, 'value': '13.9'}, {'type': {'value': 141, 'displayName': 'PassEndY'}, 'value': '79.1'}, {'type': {'value': 178, 'displayName': 'StandingSave'}}]","[91, 117, 30, 35, 38, 216, 218]",True,68049.0,34.3,79.1,,,,,,,,,
2610415525.0,553,46,16.0,29,32.4,76.3,52,"{'value': 2, 'displayName': 'SecondHalf'}","{'value': 1, 'displayName': 'Pass'}","{'value': 1, 'displayName': 'Successful'}","[{'type': {'value': 178, 'displayName': 'StandingSave'}}, {'type': {'value': 56, 'displayName': 'Zone'}, 'value': 'Back'}, {'type': {'value': 140, 'displayName': 'PassEndX'}, 'value': '36.1'}, {'type': {'value': 212, 'displayName': 'Length'}, 'value': '14.3'}, {'type': {'value': 141, 'displayName': 'PassEndY'}, 'value': '56.0'}, {'type': {'value': 213, 'displayName': 'Angle'}, 'value': '4.99'}]","[91, 117, 30, 36, 38, 216, 218]",True,362434.0,36.1,56.0,,,,,,,,,
2610415607.0,554,46,22.0,29,38.0,42.8,52,"{'value': 2, 'displayName': 'SecondHalf'}","{'value': 1, 'displayName': 'Pass'}","{'value': 1, 'displayName': 'Successful'}","[{'type': {'value': 213, 'displayName': 'Angle'}, 'value': '4.94'}, {'type': {'value': 212, 'displayName': 'Length'}, 'value': '22.6'}, {'type': {'value': 56, 'displayName': 'Zone'}, 'value': 'Back'}, {'type': {'value': 140, 'displayName': 'PassEndX'}, 'value': '42.8'}, {'type': {'value': 178, 'displayName': 'StandingSave'}}, {'type': {'value': 141, 'displayName': 'PassEndY'}, 'value': '10.4'}]","[91, 117, 30, 36, 38, 216, 218]",True,322696.0,42.8,10.4,,,,,,,,,
2610415673.0,555,46,24.0,29,42.5,10.1,52,"{'value': 2, 'displayName': 'SecondHalf'}","{'value': 1, 'displayName': 'Pass'}","{'value': 1, 'displayName': 'Successful'}","[{'type': {'value': 140, 'displayName': 'PassEndX'}, 'value': '56.7'}, {'type': {'value': 56, 'displayName': 'Zone'}, 'value': 'Right'}, {'type': {'value': 212, 'displayName': 'Length'}, 'value': '15.4'}, {'type': {'value': 213, 'displayName': 'Angle'}, 'value': '0.26'}, {'type': {'value': 141, 'displayName': 'PassEndY'}, 'value': '15.9'}, {'type': {'value': 178, 'displayName': 'StandingSave'}}]","[91, 119, 117, 30, 36, 37, 216, 218]",True,111372.0,56.7,15.9,,,,,,,,,
2610415767.0,556,46,27.0,29,56.2,9.5,52,"{'value': 2, 'displayName': 'SecondHalf'}","{'value': 1, 'displayName': 'Pass'}","{'value': 1, 'displayName': 'Successful'}","[{'type': {'value': 213, 'displayName': 'Angle'}, 'value': '4.41'}, {'type': {'value': 56, 'displayName': 'Zone'}, 'value': 'Right'}, {'type': {'value': 178, 'displayName': 'StandingSave'}}, {'type': {'value': 141, 'displayName': 'PassEndY'}, 'value': '3.5'}, {'type': {'value': 140, 'displayName': 'PassEndX'}, 'value': '55.0'}, {'type': {'value': 212, 'displayName': 'Length'}, 'value': '4.3'}]","[91, 119, 117, 30, 35, 38, 216, 218]",True,400166.0,55.0,3.5,,,,,,,,,
2610415825.0,557,46,32.0,29,64.9,4.9,52,"{'value': 2, 'displayName': 'SecondHalf'}","{'value': 1, 'displayName': 'Pass'}","{'value': 1, 'displayName': 'Successful'}","[{'type': {'value': 141, 'displayName': 'PassEndY'}, 'value': '13.4'}, {'type': {'value': 56, 'displayName': 'Zone'}, 'value': 'Right'}, {'type': {'value': 140, 'displayName': 'PassEndX'}, 'value': '73.1'}, {'type': {'value': 178, 'displayName': 'StandingSave'}}, {'type': {'value': 212, 'displayName': 'Length'}, 'value': '10.4'}, {'type': {'value': 213, 'displayName': 'Angle'}, 'value': '0.59'}]","[91, 119, 117, 30, 205, 36, 37, 217, 218]",True,111372.0,73.1,13.4,,,,,,,,,
2610415873.0,558,46,34.0,29,72.1,13.1,52,"{'value': 2, 'displayName': 'SecondHalf'}","{'value': 1, 'displayName': 'Pass'}","{'value': 1, 'displayName': 'Successful'}","[{'type': {'value': 212, 'displayName': 'Length'}, 'value': '10.7'}, {'type': {'value': 140, 'displayName': 'PassEndX'}, 'value': '62.2'}, {'type': {'value': 141, 'displayName': 'PassEndY'}, 'value': '9.4'}, {'type': {'value': 56, 'displayName': 'Zone'}, 'value': 'Right'}, {'type': {'value': 178, 'displayName': 'StandingSave'}}, {'type': {'value': 213, 'displayName': 'Angle'}, 'value': '3.38'}]","[91, 119, 117, 30, 35, 38, 216, 218]",True,69517.0,62.2,9.4,,,,,,,,,
2610415987.0,559,46,36.0,29,63.2,11.9,52,"{'value': 2, 'displayName': 'SecondHalf'}","{'value': 1, 'displayName': 'Pass'}","{'value': 1, 'displayName': 'Successful'}","[{'type': {'value': 56, 'displayName': 'Zone'}, 'value': 'Center'}, {'type': {'value': 140, 'displayName': 'PassEndX'}, 'value': '57.5'}, {'type': {'value': 141, 'displayName': 'PassEndY'}, 'value': '32.7'}, {'type': {'value': 178, 'displayName': 'StandingSave'}}, {'type': {'value': 213, 'displayName': 'Angle'}, 'value': '1.97'}, {'type': {'value': 212, 'displayName': 'Length'}, 'value': '15.4'}]","[91, 119, 117, 30, 35, 37, 216, 218]",True,400166.0,57.5,32.7,,,,,,,,,
2610416155.0,560,46,39.0,29,57.5,35.7,52,"{'value': 2, 'displayName': 'SecondHalf'}","{'value': 1, 'displayName': 'Pass'}","{'value': 1, 'displayName': 'Successful'}","[{'type': {'value': 213, 'displayName': 'Angle'}, 'value': '1.21'}, {'type': {'value': 178, 'displayName': 'StandingSave'}}, {'type': {'value': 56, 'displayName': 'Zone'}, 'value': 'Left'}, {'type': {'value': 140, 'displayName': 'PassEndX'}, 'value': '70.9'}, {'type': {'value': 212, 'displayName': 'Length'}, 'value': '39.5'}, {'type': {'value': 155, 'displayName': 'Chipped'}}, {'type': {'value': 141, 'displayName': 'PassEndY'}, 'value': '89.9'}, {'type': {'value': 1, 'displayName': 'Longball'}}]","[91, 119, 117, 124, 127, 205, 36, 37, 217, 218]",True,322696.0,70.9,89.9,,,,,,,,,
2610416171.0,561,46,43.0,29,70.1,88.8,52,"{'value': 2, 'displayName': 'SecondHalf'}","{'value': 4, 'displayName': 'Foul'}","{'value': 1, 'displayName': 'Successful'}","[{'type': {'value': 56, 'displayName': 'Zone'}, 'value': 'Left'}, {'type': {'value': 286, 'displayName': 'Offensive'}}, {'type': {'value': 13, 'displayName': 'Foul'}}, {'type': {'value': 233, 'displayName': 'OppositeRelatedEvent'}, 'value': '467'}]","[91, 63]",True,68049.0,,,,,,,,,,,
2610416139.0,467,46,43.0,31,29.9,11.2,52,"{'value': 2, 'displayName': 'SecondHalf'}","{'value': 4, 'displayName': 'Foul'}","{'value': 0, 'displayName': 'Unsuccessful'}","[{'type': {'value': 178, 'displayName': 'StandingSave'}}, {'type': {'value': 233, 'displayName': 'OppositeRelatedEvent'}, 'value': '561'}, {'type': {'value': 13, 'displayName': 'Foul'}}, {'type': {'value': 285, 'displayName': 'Defensive'}}, {'type': {'value': 56, 'displayName': 'Zone'}, 'value': 'Back'}]",[64],False,396975.0,,,,,,,,,,,
2610417199.0,563,47,28.0,29,72.4,85.3,53,"{'value': 2, 'displayName': 'SecondHalf'}","{'value': 1, 'displayName': 'Pass'}","{'value': 1, 'displayName': 'Successful'}","[{'type': {'value': 154, 'displayName': 'IntentionalAssist'}}, {'type': {'value': 1, 'displayName': 'Longball'}}, {'type': {'value': 5, 'displayName': 'FreekickTaken'}}, {'type': {'value': 155, 'displayName': 'Chipped'}}, {'type': {'value': 72, 'displayName': 'LeftFoot'}}, {'type': {'value': 56, 'displayName': 'Zone'}, 'value': 'Center'}, {'type': {'value': 178, 'displayName': 'StandingSave'}}, {'type': {'value': 213, 'displayName': 'Angle'}, 'value': '5.33'}, {'type': {'value': 140, 'displayName': 'PassEndX'}, 'value': '91.9'}, {'type': {'value': 141, 'displayName': 'PassEndY'}, 'value': '42.8'}, {'type': {'value': 212, 'displayName': 'Length'}, 'value': '35.4'}, {'type': {'value': 2, 'displayName': 'Cross'}}, {'type': {'value': 210, 'displayName': 'ShotAssist'}, 'value': '13'}, {'type': {'value': 11112, 'displayName': 'BigChanceCreated'}}, {'type': {'value': 11113, 'displayName': 'KeyPass'}}]","[91, 119, 123, 138, 124, 125, 203, 39, 41, 44, 36, 38, 217, 218]",True,68049.0,91.9,42.8,,,,,,,,,
2610417209.0,564,47,30.0,29,91.9,42.6,53,"{'value': 2, 'displayName': 'SecondHalf'}","{'value': 13, 'displayName': 'MissedShots'}","{'value': 1, 'displayName': 'Successful'}","[{'type': {'value': 17, 'displayName': 'BoxCentre'}}, {'type': {'value': 24, 'displayName': 'SetPiece'}}, {'type': {'value': 214, 'displayName': 'BigChance'}}, {'type': {'value': 55, 'displayName': 'RelatedEventId'}, 'value': '563'}, {'type': {'value': 178, 'displayName': 'StandingSave'}}, {'type': {'value': 56, 'displayName': 'Zone'}, 'value': 'Center'}, {'type': {'value': 74, 'displayName': 'MissHigh'}}, {'type': {'value': 102, 'displayName': 'GoalMouthY'}, 'value': '49.2'}, {'type': {'value': 29, 'displayName': 'Assisted'}}, {'type': {'value': 15, 'displayName': 'Head'}}, {'type': {'value': 103, 'displayName': 'GoalMouthZ'}, 'value': '73.6'}, {'type': {'value': 154, 'displayName': 'IntentionalAssist'}}, {'type': {'value': 328, 'displayName': 'FirstTouch'}}]","[91, 7, 90, 10, 201, 1, 5, 14]",True,322596.0,,,563.0,68049.0,,,73.6,49.2,True,,
2610417767.0,469,47,56.0,31,4.7,44.7,53,"{'value': 2, 'displayName': 'SecondHalf'}","{'value': 1, 'displayName': 'Pass'}","{'value': 0, 'displayName': 'Unsuccessful'}","[{'type': {'value': 1, 'displayName': 'Longball'}}, {'type': {'value': 140, 'displayName': 'PassEndX'}, 'value': '76.1'}, {'type': {'value': 141, 'displayName': 'PassEndY'}, 'value': '22.9'}, {'type': {'value': 74, 'displayName': 'MissHigh'}}, {'type': {'value': 124, 'displayName': 'GoalKick'}}, {'type': {'value': 155, 'displayName': 'Chipped'}}, {'type': {'value': 212, 'displayName': 'Length'}, 'value': '76.4'}, {'type': {'value': 56, 'displayName': 'Zone'}, 'value': 'Center'}, {'type': {'value': 213, 'displayName': 'Angle'}, 'value': '6.09'}]","[91, 120, 124, 128, 36, 38, 217, 218]",True,110189.0,76.1,22.9,,,,,,,,,
2610417793.0,566,48,1.0,29,27.3,75.2,54,"{'value': 2, 'displayName': 'SecondHalf'}","{'value': 1, 'displayName': 'Pass'}","{'value': 0, 'displayName': 'Unsuccessful'}","[{'type': {'value': 140, 'displayName': 'PassEndX'}, 'value': '53.0'}, {'type': {'value': 1, 'displayName': 'Longball'}}, {'type': {'value': 141, 'displayName': 'PassEndY'}, 'value': '58.5'}, {'type': {'value': 213, 'displayName': 'Angle'}, 'value': '5.88'}, {'type': {'value': 212, 'displayName': 'Length'}, 'value': '29.3'}, {'type': {'value': 178, 'displayName': 'StandingSave'}}, {'type': {'value': 56, 'displayName': 'Zone'}, 'value': 'Center'}]","[91, 120, 128, 36, 38, 216, 218]",True,362434.0,53.0,58.5,,,,,,,,,
2610417825.0,470,48,3.0,31,46.0,40.8,54,"{'value': 2, 'displayName': 'SecondHalf'}","{'value': 1, 'displayName': 'Pass'}","{'value': 0, 'displayName': 'Unsuccessful'}","[{'type': {'value': 141, 'displayName': 'PassEndY'}, 'value': '54.0'}, {'type': {'value': 140, 'displayName': 'PassEndX'}, 'value': '70.1'}, {'type': {'value': 212, 'displayName': 'Length'}, 'value': '26.8'}, {'type': {'value': 3, 'displayName': 'HeadPass'}}, {'type': {'value': 56, 'displayName': 'Zone'}, 'value': 'Center'}, {'type': {'value': 213, 'displayName': 'Angle'}, 'value': '0.34'}]","[91, 120, 29, 139, 36, 37, 217, 218]",True,381045.0,70.1,54.0,,,,,,,,,
2610417885.0,567,48,5.0,29,27.9,44.7,54,"{'value': 2, 'displayName': 'SecondHalf'}","{'value': 1, 'displayName': 'Pass'}","{'value': 1, 'displayName': 'Successful'}","[{'type': {'value': 141, 'displayName': 'PassEndY'}, 'value': '52.6'}, {'type': {'value': 3, 'displayName': 'HeadPass'}}, {'type': {'value': 213, 'displayName': 'Angle'}, 'value': '0.30'}, {'type': {'value': 140, 'displayName': 'PassEndX'}, 'value': '44.6'}, {'type': {'value': 56, 'displayName': 'Zone'}, 'value': 'Back'}, {'type': {'value': 212, 'displayName': 'Length'}, 'value': '18.3'}]","[91, 117, 30, 139, 36, 37, 216, 218]",True,106086.0,44.6,52.6,,,,,,,,,
2610417891.0,568,48,6.0,29,38.2,50.6,54,"{'value': 2, 'displayName': 'SecondHalf'}","{'value': 49, 'displayName': 'BallRecovery'}","{'value': 1, 'displayName': 'Successful'}",[],[93],False,400166.0,,,,,,,,,,,
2610417923.0,569,48,7.0,29,38.5,55.4,54,"{'value': 2, 'displayName': 'SecondHalf'}","{'value': 3, 'displayName': 'TakeOn'}","{'value': 0, 'displayName': 'Unsuccessful'}","[{'type': {'value': 211, 'displayName': 'OverRun'}}, {'type': {'value': 286, 'displayName': 'Offensive'}}, {'type': {'value': 178, 'displayName': 'StandingSave'}}, {'type': {'value': 56, 'displayName': 'Zone'}, 'value': 'Back'}]","[91, 204]",True,400166.0,,,,,,,,,,,
2610417933.0,471,48,8.0,31,58.4,36.6,54,"{'value': 2, 'displayName': 'SecondHalf'}","{'value': 61, 'displayName': 'BallTouch'}","{'value': 0, 'displayName': 'Unsuccessful'}","[{'type': {'value': 56, 'displayName': 'Zone'}, 'value': 'Center'}, {'type': {'value': 178, 'displayName': 'StandingSave'}}, {'type': {'value': 21, 'displayName': 'OtherBodyPart'}}]","[91, 69]",True,400815.0,,,,,,,,,,,
2610417953.0,570,48,9.0,29,45.7,58.3,54,"{'value': 2, 'displayName': 'SecondHalf'}","{'value': 61, 'displayName': 'BallTouch'}","{'value': 0, 'displayName': 'Unsuccessful'}","[{'type': {'value': 56, 'displayName': 'Zone'}, 'value': 'Back'}, {'type': {'value': 178, 'displayName': 'StandingSave'}}]","[91, 69]",True,400166.0,,,,,,,,,,,
2610417965.0,472,48,11.0,31,62.7,30.9,54,"{'value': 2, 'displayName': 'SecondHalf'}","{'value': 49, 'displayName': 'BallRecovery'}","{'value': 1, 'displayName': 'Successful'}",[],[93],False,116317.0,,,,,,,,,,,
2610418037.0,473,48,12.0,31,63.1,34.8,54,"{'value': 2, 'displayName': 'SecondHalf'}","{'value': 1, 'displayName': 'Pass'}","{'value': 1, 'displayName': 'Successful'}","[{'type': {'value': 141, 'displayName': 'PassEndY'}, 'value': '39.2'}, {'type': {'value': 140, 'displayName': 'PassEndX'}, 'value': '69.6'}, {'type': {'value': 178, 'displayName': 'StandingSave'}}, {'type': {'value': 56, 'displayName': 'Zone'}, 'value': 'Center'}, {'type': {'value': 213, 'displayName': 'Angle'}, 'value': '0.41'}, {'type': {'value': 212, 'displayName': 'Length'}, 'value': '7.5'}]","[91, 119, 117, 30, 205, 36, 37, 217, 218]",True,116317.0,69.6,39.2,,,,,,,,,
2610418049.0,474,48,13.0,31,67.2,42.6,54,"{'value': 2, 'displayName': 'SecondHalf'}","{'value': 4, 'displayName': 'Foul'}","{'value': 1, 'displayName': 'Successful'}","[{'type': {'value': 56, 'displayName': 'Zone'}, 'value': 'Center'}, {'type': {'value': 13, 'displayName': 'Foul'}}, {'type': {'value': 286, 'displayName': 'Offensive'}}, {'type': {'value': 233, 'displayName': 'OppositeRelatedEvent'}, 'value': '571'}]","[91, 63]",True,141469.0,,,,,,,,,,,
2610418043.0,571,48,13.0,29,32.8,57.4,54,"{'value': 2, 'displayName': 'SecondHalf'}","{'value': 4, 'displayName': 'Foul'}","{'value': 0, 'displayName': 'Unsuccessful'}","[{'type': {'value': 233, 'displayName': 'OppositeRelatedEvent'}, 'value': '474'}, {'type': {'value': 13, 'displayName': 'Foul'}}, {'type': {'value': 178, 'displayName': 'StandingSave'}}, {'type': {'value': 285, 'displayName': 'Defensive'}}, {'type': {'value': 56, 'displayName': 'Zone'}, 'value': 'Back'}]",[64],False,105172.0,,,,,,,,,,,
2610419055.0,475,48,49.0,31,65.7,40.7,54,"{'value': 2, 'displayName': 'SecondHalf'}","{'value': 1, 'displayName': 'Pass'}","{'value': 0, 'displayName': 'Unsuccessful'}","[{'type': {'value': 56, 'displayName': 'Zone'}, 'value': 'Center'}, {'type': {'value': 213, 'displayName': 'Angle'}, 'value': '0.48'}, {'type': {'value': 212, 'displayName': 'Length'}, 'value': '26.9'}, {'type': {'value': 140, 'displayName': 'PassEndX'}, 'value': '88.4'}, {'type': {'value': 5, 'displayName': 'FreekickTaken'}}, {'type': {'value': 178, 'displayName': 'StandingSave'}}, {'type': {'value': 141, 'displayName': 'PassEndY'}, 'value': '59.1'}, {'type': {'value': 155, 'displayName': 'Chipped'}}]","[91, 120, 29, 124, 133, 36, 37, 217, 218]",True,367781.0,88.4,59.1,,,,,,,,,
2610419059.0,572,48,51.0,29,10.1,38.6,54,"{'value': 2, 'displayName': 'SecondHalf'}","{'value': 44, 'displayName': 'Aerial'}","{'value': 1, 'displayName': 'Successful'}","[{'type': {'value': 285, 'displayName': 'Defensive'}}, {'type': {'value': 56, 'displayName': 'Zone'}, 'value': 'Back'}, {'type': {'value': 233, 'displayName': 'OppositeRelatedEvent'}, 'value': '476'}]","[197, 200]",False,106086.0,,,,,,,,,,,
2610419061.0,476,48,51.0,31,89.9,61.4,54,"{'value': 2, 'displayName': 'SecondHalf'}","{'value': 44, 'displayName': 'Aerial'}","{'value': 0, 'displayName': 'Unsuccessful'}","[{'type': {'value': 233, 'displayName': 'OppositeRelatedEvent'}, 'value': '572'}, {'type': {'value': 286, 'displayName': 'Offensive'}}, {'type': {'value': 56, 'displayName': 'Zone'}, 'value': 'Center'}]","[198, 199]",False,131464.0,,,,,,,,,,,
2610419065.0,573,48,51.0,29,9.5,36.5,54,"{'value': 2, 'displayName': 'SecondHalf'}","{'value': 12, 'displayName': 'Clearance'}","{'value': 1, 'displayName': 'Successful'}","[{'type': {'value': 141, 'displayName': 'PassEndY'}, 'value': '35.3'}, {'type': {'value': 212, 'displayName': 'Length'}, 'value': '1.6'}, {'type': {'value': 213, 'displayName': 'Angle'}, 'value': '5.74'}, {'type': {'value': 56, 'displayName': 'Zone'}, 'value': 'Back'}, {'type': {'value': 140, 'displayName': 'PassEndX'}, 'value': '10.8'}, {'type': {'value': 15, 'displayName': 'Head'}}]","[91, 94, 95, 57, 215]",True,106086.0,10.8,35.3,,,,,,,,,
2610611219.0,832,48,51.0,31,87.1,65.4,54,"{'value': 2, 'displayName': 'SecondHalf'}","{'value': 61, 'displayName': 'BallTouch'}","{'value': 1, 'displayName': 'Successful'}","[{'type': {'value': 178, 'displayName': 'StandingSave'}}, {'type': {'value': 56, 'displayName': 'Zone'}, 'value': 'Center'}, {'type': {'value': 21, 'displayName': 'OtherBodyPart'}}]",[91],True,400815.0,,,,,,,,,,,
2610419097.0,477,48,53.0,31,89.3,62.4,54,"{'value': 2, 'displayName': 'SecondHalf'}","{'value': 3, 'displayName': 'TakeOn'}","{'value': 1, 'displayName': 'Successful'}","[{'type': {'value': 56, 'displayName': 'Zone'}, 'value': 'Center'}, {'type': {'value': 233, 'displayName': 'OppositeRelatedEvent'}, 'value': '574'}, {'type': {'value': 286, 'displayName': 'Offensive'}}, {'type': {'value': 178, 'displayName': 'StandingSave'}}]","[91, 54]",True,131464.0,,,,,,,,,,,
2610419125.0,574,48,53.0,29,10.7,37.6,54,"{'value': 2, 'displayName': 'SecondHalf'}","{'value': 45, 'displayName': 'Challenge'}","{'value': 0, 'displayName': 'Unsuccessful'}","[{'type': {'value': 233, 'displayName': 'OppositeRelatedEvent'}, 'value': '477'}, {'type': {'value': 56, 'displayName': 'Zone'}, 'value': 'Back'}, {'type': {'value': 285, 'displayName': 'Defensive'}}]",[55],False,106086.0,,,,,,,,,,,
2610419117.0,478,48,53.0,31,92.0,60.2,54,"{'value': 2, 'displayName': 'SecondHalf'}","{'value': 1, 'displayName': 'Pass'}","{'value': 0, 'displayName': 'Unsuccessful'}","[{'type': {'value': 178, 'displayName': 'StandingSave'}}, {'type': {'value': 212, 'displayName': 'Length'}, 'value': '4.7'}, {'type': {'value': 213, 'displayName': 'Angle'}, 'value': '4.42'}, {'type': {'value': 140, 'displayName': 'PassEndX'}, 'value': '90.7'}, {'type': {'value': 141, 'displayName': 'PassEndY'}, 'value': '53.6'}, {'type': {'value': 56, 'displayName': 'Zone'}, 'value': 'Center'}]","[91, 120, 29, 35, 38, 217, 218]",True,131464.0,90.7,53.6,,,,,,,,,
2610419239.0,576,48,54.0,29,8.7,46.4,54,"{'value': 2, 'displayName': 'SecondHalf'}","{'value': 12, 'displayName': 'Clearance'}","{'value': 1, 'displayName': 'Successful'}","[{'type': {'value': 140, 'displayName': 'PassEndX'}, 'value': '14.7'}, {'type': {'value': 56, 'displayName': 'Zone'}, 'value': 'Back'}, {'type': {'value': 178, 'displayName': 'StandingSave'}}, {'type': {'value': 141, 'displayName': 'PassEndY'}, 'value': '15.1'}, {'type': {'value': 213, 'displayName': 'Angle'}, 'value': '5.00'}, {'type': {'value': 212, 'displayName': 'Length'}, 'value': '22.2'}]","[91, 94, 95, 215]",True,105172.0,14.7,15.1,,,,,,,,,
2610419301.0,479,48,59.0,31,87.8,93.3,54,"{'value': 2, 'displayName': 'SecondHalf'}","{'value': 1, 'displayName': 'Pass'}","{'value': 1, 'displayName': 'Successful'}","[{'type': {'value': 140, 'displayName': 'PassEndX'}, 'value': '72.9'}, {'type': {'value': 56, 'displayName': 'Zone'}, 'value': 'Left'}, {'type': {'value': 213, 'displayName': 'Angle'}, 'value': '3.19'}, {'type': {'value': 178, 'displayName': 'StandingSave'}}, {'type': {'value': 141, 'displayName': 'PassEndY'}, 'value': '92.1'}, {'type': {'value': 212, 'displayName': 'Length'}, 'value': '15.7'}]","[91, 119, 117, 30, 205, 35, 38, 217, 218]",True,345516.0,72.9,92.1,,,,,,,,,
2610419339.0,480,49,1.0,31,75.8,92.9,55,"{'value': 2, 'displayName': 'SecondHalf'}","{'value': 3, 'displayName': 'TakeOn'}","{'value': 1, 'displayName': 'Successful'}","[{'type': {'value': 286, 'displayName': 'Offensive'}}, {'type': {'value': 233, 'displayName': 'OppositeRelatedEvent'}, 'value': '577'}, {'type': {'value': 178, 'displayName': 'StandingSave'}}, {'type': {'value': 56, 'displayName': 'Zone'}, 'value': 'Left'}]","[91, 54]",True,357427.0,,,,,,,,,,,
2610419347.0,577,49,1.0,29,24.2,7.1,55,"{'value': 2, 'displayName': 'SecondHalf'}","{'value': 45, 'displayName': 'Challenge'}","{'value': 0, 'displayName': 'Unsuccessful'}","[{'type': {'value': 233, 'displayName': 'OppositeRelatedEvent'}, 'value': '480'}, {'type': {'value': 285, 'displayName': 'Defensive'}}, {'type': {'value': 56, 'displayName': 'Zone'}, 'value': 'Back'}]",[55],False,400166.0,,,,,,,,,,,
2610419429.0,481,49,3.0,31,79.1,95.6,55,"{'value': 2, 'displayName': 'SecondHalf'}","{'value': 1, 'displayName': 'Pass'}","{'value': 0, 'displayName': 'Unsuccessful'}","[{'type': {'value': 155, 'displayName': 'Chipped'}}, {'type': {'value': 2, 'displayName': 'Cross'}}, {'type': {'value': 178, 'displayName': 'StandingSave'}}, {'type': {'value': 56, 'displayName': 'Zone'}, 'value': 'Center'}, {'type': {'value': 1, 'displayName': 'Longball'}}, {'type': {'value': 140, 'displayName': 'PassEndX'}, 'value': '90.6'}, {'type': {'value': 72, 'displayName': 'LeftFoot'}}, {'type': {'value': 212, 'displayName': 'Length'}, 'value': '38.3'}, {'type': {'value': 213, 'displayName': 'Angle'}, 'value': '5.03'}, {'type': {'value': 141, 'displayName': 'PassEndY'}, 'value': '42.2'}]","[91, 138, 124, 126, 36, 38, 217, 218]",True,357427.0,90.6,42.2,,,,,,,,,
2610419521.0,578,49,5.0,29,12.2,57.9,55,"{'value': 2, 'displayName': 'SecondHalf'}","{'value': 12, 'displayName': 'Clearance'}","{'value': 1, 'displayName': 'Successful'}","[{'type': {'value': 213, 'displayName': 'Angle'}, 'value': '5.87'}, {'type': {'value': 141, 'displayName': 'PassEndY'}, 'value': '48.8'}, {'type': {'value': 140, 'displayName': 'PassEndX'}, 'value': '25.7'}, {'type': {'value': 178, 'displayName': 'StandingSave'}}, {'type': {'value': 212, 'displayName': 'Length'}, 'value': '15.5'}, {'type': {'value': 56, 'displayName': 'Zone'}, 'value': 'Back'}]","[91, 94, 95, 215]",True,68049.0,25.7,48.8,,,,,,,,,
2610419487.0,482,49,7.0,31,75.9,53.3,55,"{'value': 2, 'displayName': 'SecondHalf'}","{'value': 1, 'displayName': 'Pass'}","{'value': 1, 'displayName': 'Successful'}","[{'type': {'value': 56, 'displayName': 'Zone'}, 'value': 'Center'}, {'type': {'value': 213, 'displayName': 'Angle'}, 'value': '4.47'}, {'type': {'value': 178, 'displayName': 'StandingSave'}}, {'type': {'value': 140, 'displayName': 'PassEndX'}, 'value': '75.0'}, {'type': {'value': 141, 'displayName': 'PassEndY'}, 'value': '47.6'}, {'type': {'value': 212, 'displayName': 'Length'}, 'value': '4.0'}]","[91, 119, 117, 30, 205, 35, 38, 217, 218]",True,381045.0,75.0,47.6,,,,,,,,,
2610419621.0,483,49,7.0,31,75.0,47.6,55,"{'value': 2, 'displayName': 'SecondHalf'}","{'value': 1, 'displayName': 'Pass'}","{'value': 1, 'displayName': 'Successful'}","[{'type': {'value': 56, 'displayName': 'Zone'}, 'value': 'Center'}, {'type': {'value': 212, 'displayName': 'Length'}, 'value': '10.6'}, {'type': {'value': 178, 'displayName': 'StandingSave'}}, {'type': {'value': 213, 'displayName': 'Angle'}, 'value': '2.12'}, {'type': {'value': 140, 'displayName': 'PassEndX'}, 'value': '69.7'}, {'type': {'value': 141, 'displayName': 'PassEndY'}, 'value': '60.9'}]","[91, 119, 117, 30, 205, 35, 37, 217, 218]",True,116317.0,69.7,60.9,,,,,,,,,
2610419725.0,484,49,12.0,31,76.0,73.8,55,"{'value': 2, 'displayName': 'SecondHalf'}","{'value': 1, 'displayName': 'Pass'}","{'value': 1, 'displayName': 'Successful'}","[{'type': {'value': 141, 'displayName': 'PassEndY'}, 'value': '95.3'}, {'type': {'value': 212, 'displayName': 'Length'}, 'value': '14.7'}, {'type': {'value': 140, 'displayName': 'PassEndX'}, 'value': '77.4'}, {'type': {'value': 213, 'displayName': 'Angle'}, 'value': '1.47'}, {'type': {'value': 178, 'displayName': 'StandingSave'}}, {'type': {'value': 56, 'displayName': 'Zone'}, 'value': 'Left'}]","[91, 119, 117, 30, 205, 36, 37, 217, 218]",True,367781.0,77.4,95.3,,,,,,,,,
2610419745.0,485,49,17.0,31,87.3,96.6,55,"{'value': 2, 'displayName': 'SecondHalf'}","{'value': 1, 'displayName': 'Pass'}","{'value': 0, 'displayName': 'Unsuccessful'}","[{'type': {'value': 56, 'displayName': 'Zone'}, 'value': 'Left'}, {'type': {'value': 140, 'displayName': 'PassEndX'}, 'value': '89.3'}, {'type': {'value': 72, 'displayName': 'LeftFoot'}}, {'type': {'value': 213, 'displayName': 'Angle'}, 'value': '5.21'}, {'type': {'value': 212, 'displayName': 'Length'}, 'value': '4.4'}, {'type': {'value': 178, 'displayName': 'StandingSave'}}, {'type': {'value': 2, 'displayName': 'Cross'}}, {'type': {'value': 141, 'displayName': 'PassEndY'}, 'value': '90.9'}]","[91, 138, 126, 36, 38, 217, 218]",True,357427.0,89.3,90.9,,,,,,,,,
2610419761.0,579,49,17.0,29,9.4,6.1,55,"{'value': 2, 'displayName': 'SecondHalf'}","{'value': 61, 'displayName': 'BallTouch'}","{'value': 1, 'displayName': 'Successful'}","[{'type': {'value': 178, 'displayName': 'StandingSave'}}, {'type': {'value': 56, 'displayName': 'Zone'}, 'value': 'Back'}]",[91],True,111372.0,,,,,,,,,,,
2610419867.0,580,49,18.0,29,3.8,40.6,55,"{'value': 2, 'displayName': 'SecondHalf'}","{'value': 12, 'displayName': 'Clearance'}","{'value': 1, 'displayName': 'Successful'}","[{'type': {'value': 213, 'displayName': 'Angle'}, 'value': '5.33'}, {'type': {'value': 56, 'displayName': 'Zone'}, 'value': 'Back'}, {'type': {'value': 140, 'displayName': 'PassEndX'}, 'value': '23.4'}, {'type': {'value': 141, 'displayName': 'PassEndY'}, 'value': '0.0'}, {'type': {'value': 178, 'displayName': 'StandingSave'}}, {'type': {'value': 212, 'displayName': 'Length'}, 'value': '35.4'}]","[91, 94, 95, 215]",True,106086.0,23.4,0.0,,,,,,,,,
2610420127.0,487,49,24.0,31,75.2,100.0,55,"{'value': 2, 'displayName': 'SecondHalf'}","{'value': 1, 'displayName': 'Pass'}","{'value': 1, 'displayName': 'Successful'}","[{'type': {'value': 140, 'displayName': 'PassEndX'}, 'value': '76.1'}, {'type': {'value': 213, 'displayName': 'Angle'}, 'value': '4.85'}, {'type': {'value': 107, 'displayName': 'ThrowIn'}}, {'type': {'value': 56, 'displayName': 'Zone'}, 'value': 'Left'}, {'type': {'value': 141, 'displayName': 'PassEndY'}, 'value': '91.5'}, {'type': {'value': 212, 'displayName': 'Length'}, 'value': '6.8'}]","[91, 212, 36, 38, 217]",True,367781.0,76.1,91.5,,,,,,,,,
2610614071.0,833,49,25.0,31,74.9,88.5,55,"{'value': 2, 'displayName': 'SecondHalf'}","{'value': 1, 'displayName': 'Pass'}","{'value': 1, 'displayName': 'Successful'}","[{'type': {'value': 56, 'displayName': 'Zone'}, 'value': 'Left'}, {'type': {'value': 140, 'displayName': 'PassEndX'}, 'value': '73.3'}, {'type': {'value': 212, 'displayName': 'Length'}, 'value': '5.0'}, {'type': {'value': 141, 'displayName': 'PassEndY'}, 'value': '95.4'}, {'type': {'value': 178, 'displayName': 'StandingSave'}}, {'type': {'value': 213, 'displayName': 'Angle'}, 'value': '1.91'}]","[91, 119, 117, 30, 205, 35, 37, 217, 218]",True,116317.0,73.3,95.4,,,,,,,,,
2610420221.0,488,49,27.0,31,67.0,91.1,55,"{'value': 2, 'displayName': 'SecondHalf'}","{'value': 1, 'displayName': 'Pass'}","{'value': 1, 'displayName': 'Successful'}","[{'type': {'value': 1, 'displayName': 'Longball'}}, {'type': {'value': 140, 'displayName': 'PassEndX'}, 'value': '43.7'}, {'type': {'value': 178, 'displayName': 'StandingSave'}}, {'type': {'value': 155, 'displayName': 'Chipped'}}, {'type': {'value': 141, 'displayName': 'PassEndY'}, 'value': '29.9'}, {'type': {'value': 56, 'displayName': 'Zone'}, 'value': 'Back'}, {'type': {'value': 213, 'displayName': 'Angle'}, 'value': '4.18'}, {'type': {'value': 212, 'displayName': 'Length'}, 'value': '48.3'}]","[91, 117, 124, 127, 35, 38, 216, 218]",True,367781.0,43.7,29.9,,,,,,,,,
2610420343.0,489,49,32.0,31,43.3,31.0,55,"{'value': 2, 'displayName': 'SecondHalf'}","{'value': 1, 'displayName': 'Pass'}","{'value': 1, 'displayName': 'Successful'}","[{'type': {'value': 1, 'displayName': 'Longball'}}, {'type': {'value': 141, 'displayName': 'PassEndY'}, 'value': '69.1'}, {'type': {'value': 213, 'displayName': 'Angle'}, 'value': '2.45'}, {'type': {'value': 140, 'displayName': 'PassEndX'}, 'value': '13.2'}, {'type': {'value': 212, 'displayName': 'Length'}, 'value': '40.9'}, {'type': {'value': 56, 'displayName': 'Zone'}, 'value': 'Back'}, {'type': {'value': 178, 'displayName': 'StandingSave'}}]","[91, 117, 127, 35, 37, 215, 218]",True,131464.0,13.2,69.1,,,,,,,,,
2610420433.0,490,49,38.0,31,20.4,83.0,55,"{'value': 2, 'displayName': 'SecondHalf'}","{'value': 1, 'displayName': 'Pass'}","{'value': 0, 'displayName': 'Unsuccessful'}","[{'type': {'value': 141, 'displayName': 'PassEndY'}, 'value': '75.7'}, {'type': {'value': 178, 'displayName': 'StandingSave'}}, {'type': {'value': 140, 'displayName': 'PassEndX'}, 'value': '66.6'}, {'type': {'value': 1, 'displayName': 'Longball'}}, {'type': {'value': 155, 'displayName': 'Chipped'}}, {'type': {'value': 56, 'displayName': 'Zone'}, 'value': 'Center'}, {'type': {'value': 212, 'displayName': 'Length'}, 'value': '48.8'}, {'type': {'value': 213, 'displayName': 'Angle'}, 'value': '6.18'}]","[91, 120, 124, 128, 36, 38, 216, 218]",True,110189.0,66.6,75.7,,,,,,,,,
2610420445.0,582,49,41.0,29,32.6,19.2,55,"{'value': 2, 'displayName': 'SecondHalf'}","{'value': 44, 'displayName': 'Aerial'}","{'value': 1, 'displayName': 'Successful'}","[{'type': {'value': 233, 'displayName': 'OppositeRelatedEvent'}, 'value': '491'}, {'type': {'value': 56, 'displayName': 'Zone'}, 'value': 'Back'}, {'type': {'value': 285, 'displayName': 'Defensive'}}]","[197, 200]",False,111372.0,,,,,,,,,,,
2610420439.0,491,49,41.0,31,67.4,80.8,55,"{'value': 2, 'displayName': 'SecondHalf'}","{'value': 44, 'displayName': 'Aerial'}","{'value': 0, 'displayName': 'Unsuccessful'}","[{'type': {'value': 233, 'displayName': 'OppositeRelatedEvent'}, 'value': '582'}, {'type': {'value': 286, 'displayName': 'Offensive'}}, {'type': {'value': 56, 'displayName': 'Zone'}, 'value': 'Left'}]","[198, 199]",False,345516.0,,,,,,,,,,,
2610420457.0,583,49,41.0,29,31.9,14.0,55,"{'value': 2, 'displayName': 'SecondHalf'}","{'value': 1, 'displayName': 'Pass'}","{'value': 0, 'displayName': 'Unsuccessful'}","[{'type': {'value': 212, 'displayName': 'Length'}, 'value': '13.3'}, {'type': {'value': 141, 'displayName': 'PassEndY'}, 'value': '0.0'}, {'type': {'value': 213, 'displayName': 'Angle'}, 'value': '5.39'}, {'type': {'value': 3, 'displayName': 'HeadPass'}}, {'type': {'value': 56, 'displayName': 'Zone'}, 'value': 'Back'}, {'type': {'value': 140, 'displayName': 'PassEndX'}, 'value': '39.8'}]","[91, 118, 120, 29, 139, 36, 38, 216, 218]",True,111372.0,39.8,0.0,,,,,,,,,
2610420785.0,493,49,53.0,31,61.3,100.0,55,"{'value': 2, 'displayName': 'SecondHalf'}","{'value': 1, 'displayName': 'Pass'}","{'value': 1, 'displayName': 'Successful'}","[{'type': {'value': 212, 'displayName': 'Length'}, 'value': '9.8'}, {'type': {'value': 140, 'displayName': 'PassEndX'}, 'value': '69.6'}, {'type': {'value': 141, 'displayName': 'PassEndY'}, 'value': '94.4'}, {'type': {'value': 56, 'displayName': 'Zone'}, 'value': 'Left'}, {'type': {'value': 107, 'displayName': 'ThrowIn'}}, {'type': {'value': 213, 'displayName': 'Angle'}, 'value': '5.81'}]","[91, 212, 36, 38, 217]",True,345516.0,69.6,94.4,,,,,,,,,
2610420847.0,494,49,54.0,31,69.6,94.4,55,"{'value': 2, 'displayName': 'SecondHalf'}","{'value': 1, 'displayName': 'Pass'}","{'value': 1, 'displayName': 'Successful'}","[{'type': {'value': 156, 'displayName': 'LayOff'}}, {'type': {'value': 178, 'displayName': 'StandingSave'}}, {'type': {'value': 141, 'displayName': 'PassEndY'}, 'value': '95.6'}, {'type': {'value': 213, 'displayName': 'Angle'}, 'value': '3.07'}, {'type': {'value': 212, 'displayName': 'Length'}, 'value': '11.7'}, {'type': {'value': 140, 'displayName': 'PassEndX'}, 'value': '58.5'}, {'type': {'value': 56, 'displayName': 'Zone'}, 'value': 'Left'}]","[91, 119, 117, 30, 35, 37, 216, 218]",True,141469.0,58.5,95.6,,,,,,,,,
2610420899.0,495,49,57.0,31,59.4,95.6,55,"{'value': 2, 'displayName': 'SecondHalf'}","{'value': 50, 'displayName': 'Dispossessed'}","{'value': 1, 'displayName': 'Successful'}","[{'type': {'value': 233, 'displayName': 'OppositeRelatedEvent'}, 'value': '585'}, {'type': {'value': 56, 'displayName': 'Zone'}, 'value': 'Left'}, {'type': {'value': 286, 'displayName': 'Offensive'}}]","[91, 70]",True,345516.0,,,,,,,,,,,
2610420907.0,585,49,58.0,29,40.6,4.4,55,"{'value': 2, 'displayName': 'SecondHalf'}","{'value': 7, 'displayName': 'Tackle'}","{'value': 0, 'displayName': 'Unsuccessful'}","[{'type': {'value': 285, 'displayName': 'Defensive'}}, {'type': {'value': 56, 'displayName': 'Zone'}, 'value': 'Back'}, {'type': {'value': 233, 'displayName': 'OppositeRelatedEvent'}, 'value': '495'}, {'type': {'value': 178, 'displayName': 'StandingSave'}}]","[91, 142]",True,322596.0,,,,,,,,,,,
2610420917.0,496,49,58.0,31,58.5,95.6,55,"{'value': 2, 'displayName': 'SecondHalf'}","{'value': 61, 'displayName': 'BallTouch'}","{'value': 1, 'displayName': 'Successful'}","[{'type': {'value': 178, 'displayName': 'StandingSave'}}, {'type': {'value': 56, 'displayName': 'Zone'}, 'value': 'Left'}]",[91],True,345516.0,,,,,,,,,,,
2610420947.0,586,49,59.0,29,39.8,6.8,55,"{'value': 2, 'displayName': 'SecondHalf'}","{'value': 50, 'displayName': 'Dispossessed'}","{'value': 1, 'displayName': 'Successful'}","[{'type': {'value': 233, 'displayName': 'OppositeRelatedEvent'}, 'value': '497'}, {'type': {'value': 286, 'displayName': 'Offensive'}}, {'type': {'value': 56, 'displayName': 'Zone'}, 'value': 'Back'}]","[91, 70]",True,322596.0,,,,,,,,,,,
2610420973.0,497,49,59.0,31,60.2,93.2,55,"{'value': 2, 'displayName': 'SecondHalf'}","{'value': 7, 'displayName': 'Tackle'}","{'value': 0, 'displayName': 'Unsuccessful'}","[{'type': {'value': 285, 'displayName': 'Defensive'}}, {'type': {'value': 56, 'displayName': 'Zone'}, 'value': 'Left'}, {'type': {'value': 233, 'displayName': 'OppositeRelatedEvent'}, 'value': '586'}]","[91, 142]",True,345516.0,,,,,,,,,,,
2610424735.0,600,49,59.0,29,35.3,4.3,55,"{'value': 2, 'displayName': 'SecondHalf'}","{'value': 61, 'displayName': 'BallTouch'}","{'value': 1, 'displayName': 'Successful'}","[{'type': {'value': 56, 'displayName': 'Zone'}, 'value': 'Back'}]",[91],True,322596.0,,,,,,,,,,,
2610420967.0,587,50,0.0,29,38.0,7.9,56,"{'value': 2, 'displayName': 'SecondHalf'}","{'value': 49, 'displayName': 'BallRecovery'}","{'value': 1, 'displayName': 'Successful'}",[],[93],False,400166.0,,,,,,,,,,,
2610421037.0,588,50,0.0,29,37.4,10.7,56,"{'value': 2, 'displayName': 'SecondHalf'}","{'value': 1, 'displayName': 'Pass'}","{'value': 1, 'displayName': 'Successful'}","[{'type': {'value': 140, 'displayName': 'PassEndX'}, 'value': '23.7'}, {'type': {'value': 212, 'displayName': 'Length'}, 'value': '36.4'}, {'type': {'value': 178, 'displayName': 'StandingSave'}}, {'type': {'value': 213, 'displayName': 'Angle'}, 'value': '1.98'}, {'type': {'value': 56, 'displayName': 'Zone'}, 'value': 'Back'}, {'type': {'value': 1, 'displayName': 'Longball'}}, {'type': {'value': 141, 'displayName': 'PassEndY'}, 'value': '59.9'}, {'type': {'value': 155, 'displayName': 'Chipped'}}]","[91, 117, 124, 127, 35, 37, 215, 218]",True,400166.0,23.7,59.9,,,,,,,,,
2610421121.0,589,50,3.0,29,23.8,61.4,56,"{'value': 2, 'displayName': 'SecondHalf'}","{'value': 1, 'displayName': 'Pass'}","{'value': 1, 'displayName': 'Successful'}","[{'type': {'value': 140, 'displayName': 'PassEndX'}, 'value': '5.3'}, {'type': {'value': 56, 'displayName': 'Zone'}, 'value': 'Back'}, {'type': {'value': 141, 'displayName': 'PassEndY'}, 'value': '48.5'}, {'type': {'value': 213, 'displayName': 'Angle'}, 'value': '3.57'}, {'type': {'value': 212, 'displayName': 'Length'}, 'value': '21.3'}]","[91, 117, 30, 35, 38, 215, 218]",True,68049.0,5.3,48.5,,,,,,,,,
2610421167.0,590,50,7.0,29,3.3,45.8,56,"{'value': 2, 'displayName': 'SecondHalf'}","{'value': 1, 'displayName': 'Pass'}","{'value': 0, 'displayName': 'Unsuccessful'}","[{'type': {'value': 1, 'displayName': 'Longball'}}, {'type': {'value': 141, 'displayName': 'PassEndY'}, 'value': '12.8'}, {'type': {'value': 213, 'displayName': 'Angle'}, 'value': '5.62'}, {'type': {'value': 178, 'displayName': 'StandingSave'}}, {'type': {'value': 212, 'displayName': 'Length'}, 'value': '36.6'}, {'type': {'value': 140, 'displayName': 'PassEndX'}, 'value': '30.8'}, {'type': {'value': 56, 'displayName': 'Zone'}, 'value': 'Back'}]","[91, 118, 120, 128, 36, 38, 215, 218]",True,92516.0,30.8,12.8,,,,,,,,,
2610421225.0,498,50,9.0,31,66.3,85.0,56,"{'value': 2, 'displayName': 'SecondHalf'}","{'value': 1, 'displayName': 'Pass'}","{'value': 1, 'displayName': 'Successful'}","[{'type': {'value': 56, 'displayName': 'Zone'}, 'value': 'Center'}, {'type': {'value': 3, 'displayName': 'HeadPass'}}, {'type': {'value': 212, 'displayName': 'Length'}, 'value': '17.9'}, {'type': {'value': 213, 'displayName': 'Angle'}, 'value': '5.51'}, {'type': {'value': 141, 'displayName': 'PassEndY'}, 'value': '66.6'}, {'type': {'value': 140, 'displayName': 'PassEndX'}, 'value': '78.5'}]","[91, 119, 117, 30, 139, 205, 36, 38, 217, 218]",True,357427.0,78.5,66.6,,,,,,,,,
2610421229.0,499,50,10.0,31,79.1,66.6,56,"{'value': 2, 'displayName': 'SecondHalf'}","{'value': 49, 'displayName': 'BallRecovery'}","{'value': 1, 'displayName': 'Successful'}",[],[93],False,116317.0,,,,,,,,,,,
2610421267.0,500,50,11.0,31,80.9,66.0,56,"{'value': 2, 'displayName': 'SecondHalf'}","{'value': 3, 'displayName': 'TakeOn'}","{'value': 0, 'displayName': 'Unsuccessful'}","[{'type': {'value': 56, 'displayName': 'Zone'}, 'value': 'Center'}, {'type': {'value': 178, 'displayName': 'StandingSave'}}, {'type': {'value': 211, 'displayName': 'OverRun'}}, {'type': {'value': 286, 'displayName': 'Offensive'}}]","[91, 204]",True,116317.0,,,,,,,,,,,
2610421357.0,591,50,12.0,29,19.7,44.2,56,"{'value': 2, 'displayName': 'SecondHalf'}","{'value': 12, 'displayName': 'Clearance'}","{'value': 1, 'displayName': 'Successful'}","[{'type': {'value': 178, 'displayName': 'StandingSave'}}, {'type': {'value': 213, 'displayName': 'Angle'}, 'value': '5.33'}, {'type': {'value': 141, 'displayName': 'PassEndY'}, 'value': '7.1'}, {'type': {'value': 56, 'displayName': 'Zone'}, 'value': 'Back'}, {'type': {'value': 140, 'displayName': 'PassEndX'}, 'value': '36.6'}, {'type': {'value': 212, 'displayName': 'Length'}, 'value': '30.8'}]","[91, 94, 95, 216]",True,105172.0,36.6,7.1,,,,,,,,,
2610421365.0,592,50,15.0,29,36.2,7.0,56,"{'value': 2, 'displayName': 'SecondHalf'}","{'value': 49, 'displayName': 'BallRecovery'}","{'value': 1, 'displayName': 'Successful'}",[],[93],False,400166.0,,,,,,,,,,,
2610421405.0,593,50,15.0,29,36.2,7.0,56,"{'value': 2, 'displayName': 'SecondHalf'}","{'value': 1, 'displayName': 'Pass'}","{'value': 1, 'displayName': 'Successful'}","[{'type': {'value': 212, 'displayName': 'Length'}, 'value': '14.6'}, {'type': {'value': 178, 'displayName': 'StandingSave'}}, {'type': {'value': 213, 'displayName': 'Angle'}, 'value': '3.17'}, {'type': {'value': 141, 'displayName': 'PassEndY'}, 'value': '6.4'}, {'type': {'value': 56, 'displayName': 'Zone'}, 'value': 'Back'}, {'type': {'value': 140, 'displayName': 'PassEndX'}, 'value': '22.3'}]","[91, 117, 30, 35, 38, 215, 218]",True,400166.0,22.3,6.4,,,,,,,,,
2610421451.0,594,50,17.0,29,22.0,7.0,56,"{'value': 2, 'displayName': 'SecondHalf'}","{'value': 1, 'displayName': 'Pass'}","{'value': 1, 'displayName': 'Successful'}","[{'type': {'value': 56, 'displayName': 'Zone'}, 'value': 'Back'}, {'type': {'value': 212, 'displayName': 'Length'}, 'value': '25.9'}, {'type': {'value': 155, 'displayName': 'Chipped'}}, {'type': {'value': 141, 'displayName': 'PassEndY'}, 'value': '26.5'}, {'type': {'value': 140, 'displayName': 'PassEndX'}, 'value': '43.2'}, {'type': {'value': 178, 'displayName': 'StandingSave'}}, {'type': {'value': 213, 'displayName': 'Angle'}, 'value': '0.54'}]","[91, 117, 30, 124, 36, 37, 216, 218]",True,111372.0,43.2,26.5,,,,,,,,,
2610421495.0,595,50,18.0,29,43.2,26.5,56,"{'value': 2, 'displayName': 'SecondHalf'}","{'value': 61, 'displayName': 'BallTouch'}","{'value': 1, 'displayName': 'Successful'}","[{'type': {'value': 56, 'displayName': 'Zone'}, 'value': 'Back'}, {'type': {'value': 178, 'displayName': 'StandingSave'}}]",[91],True,69517.0,,,,,,,,,,,
2610421505.0,501,50,19.0,31,64.1,66.0,56,"{'value': 2, 'displayName': 'SecondHalf'}","{'value': 49, 'displayName': 'BallRecovery'}","{'value': 1, 'displayName': 'Successful'}",[],[93],False,381045.0,,,,,,,,,,,
2610421541.0,502,50,21.0,31,66.2,63.1,56,"{'value': 2, 'displayName': 'SecondHalf'}","{'value': 1, 'displayName': 'Pass'}","{'value': 1, 'displayName': 'Successful'}","[{'type': {'value': 141, 'displayName': 'PassEndY'}, 'value': '53.1'}, {'type': {'value': 212, 'displayName': 'Length'}, 'value': '11.1'}, {'type': {'value': 56, 'displayName': 'Zone'}, 'value': 'Center'}, {'type': {'value': 213, 'displayName': 'Angle'}, 'value': '5.62'}, {'type': {'value': 140, 'displayName': 'PassEndX'}, 'value': '74.5'}, {'type': {'value': 178, 'displayName': 'StandingSave'}}]","[91, 119, 117, 30, 205, 36, 38, 217, 218]",True,381045.0,74.5,53.1,,,,,,,,,
2610421591.0,503,50,21.0,31,74.5,53.1,56,"{'value': 2, 'displayName': 'SecondHalf'}","{'value': 1, 'displayName': 'Pass'}","{'value': 1, 'displayName': 'Successful'}","[{'type': {'value': 56, 'displayName': 'Zone'}, 'value': 'Center'}, {'type': {'value': 213, 'displayName': 'Angle'}, 'value': '4.93'}, {'type': {'value': 212, 'displayName': 'Length'}, 'value': '9.5'}, {'type': {'value': 140, 'displayName': 'PassEndX'}, 'value': '76.5'}, {'type': {'value': 141, 'displayName': 'PassEndY'}, 'value': '39.4'}, {'type': {'value': 178, 'displayName': 'StandingSave'}}]","[91, 119, 117, 30, 205, 36, 38, 217, 218]",True,141469.0,76.5,39.4,,,,,,,,,
2610421707.0,504,50,24.0,31,76.4,44.9,56,"{'value': 2, 'displayName': 'SecondHalf'}","{'value': 1, 'displayName': 'Pass'}","{'value': 1, 'displayName': 'Successful'}","[{'type': {'value': 56, 'displayName': 'Zone'}, 'value': 'Center'}, {'type': {'value': 22, 'displayName': 'RegularPlay'}}, {'type': {'value': 141, 'displayName': 'PassEndY'}, 'value': '49.7'}, {'type': {'value': 140, 'displayName': 'PassEndX'}, 'value': '81.6'}, {'type': {'value': 210, 'displayName': 'ShotAssist'}, 'value': '16'}, {'type': {'value': 178, 'displayName': 'StandingSave'}}, {'type': {'value': 213, 'displayName': 'Angle'}, 'value': '0.54'}, {'type': {'value': 212, 'displayName': 'Length'}, 'value': '6.4'}, {'type': {'value': 11113, 'displayName': 'KeyPass'}}]","[91, 92, 119, 117, 30, 123, 205, 40, 46, 52, 36, 37, 217, 218]",True,317896.0,81.6,49.7,,,,,,,,,
2610421729.0,505,50,26.0,31,84.8,46.4,56,"{'value': 2, 'displayName': 'SecondHalf'}","{'value': 16, 'displayName': 'Goal'}","{'value': 1, 'displayName': 'Successful'}","[{'type': {'value': 103, 'displayName': 'GoalMouthZ'}, 'value': '5.7'}, {'type': {'value': 29, 'displayName': 'Assisted'}}, {'type': {'value': 20, 'displayName': 'RightFoot'}}, {'type': {'value': 76, 'displayName': 'LowLeft'}}, {'type': {'value': 215, 'displayName': 'IndividualPlay'}}, {'type': {'value': 17, 'displayName': 'BoxCentre'}}, {'type': {'value': 55, 'displayName': 'RelatedEventId'}, 'value': '504'}, {'type': {'value': 102, 'displayName': 'GoalMouthY'}, 'value': '54.1'}, {'type': {'value': 56, 'displayName': 'Zone'}, 'value': 'Center'}, {'type': {'value': 22, 'displayName': 'RegularPlay'}}, {'type': {'value': 178, 'displayName': 'StandingSave'}}]","[91, 24, 9, 10, 1, 3, 12, 17, 19, 25]",True,141469.0,,,504.0,317896.0,,,5.7,54.1,True,,True
2610424001.0,596,51,45.0,29,49.9,50.0,57,"{'value': 2, 'displayName': 'SecondHalf'}","{'value': 1, 'displayName': 'Pass'}","{'value': 1, 'displayName': 'Successful'}","[{'type': {'value': 141, 'displayName': 'PassEndY'}, 'value': '62.7'}, {'type': {'value': 213, 'displayName': 'Angle'}, 'value': '2.66'}, {'type': {'value': 140, 'displayName': 'PassEndX'}, 'value': '34.0'}, {'type': {'value': 178, 'displayName': 'StandingSave'}}, {'type': {'value': 212, 'displayName': 'Length'}, 'value': '18.8'}, {'type': {'value': 56, 'displayName': 'Zone'}, 'value': 'Back'}]","[91, 117, 30, 35, 37, 216, 218]",True,105172.0,34.0,62.7,,,,,,,,,
2610424047.0,597,51,48.0,29,34.3,63.4,57,"{'value': 2, 'displayName': 'SecondHalf'}","{'value': 1, 'displayName': 'Pass'}","{'value': 0, 'displayName': 'Unsuccessful'}","[{'type': {'value': 56, 'displayName': 'Zone'}, 'value': 'Left'}, {'type': {'value': 178, 'displayName': 'StandingSave'}}, {'type': {'value': 212, 'displayName': 'Length'}, 'value': '44.4'}, {'type': {'value': 155, 'displayName': 'Chipped'}}, {'type': {'value': 213, 'displayName': 'Angle'}, 'value': '0.45'}, {'type': {'value': 1, 'displayName': 'Longball'}}, {'type': {'value': 141, 'displayName': 'PassEndY'}, 'value': '92.1'}, {'type': {'value': 140, 'displayName': 'PassEndX'}, 'value': '72.3'}]","[91, 120, 124, 128, 36, 37, 217, 218]",True,362434.0,72.3,92.1,,,,,,,,,
2610424089.0,506,51,51.0,31,32.6,9.4,57,"{'value': 2, 'displayName': 'SecondHalf'}","{'value': 44, 'displayName': 'Aerial'}","{'value': 1, 'displayName': 'Successful'}","[{'type': {'value': 233, 'displayName': 'OppositeRelatedEvent'}, 'value': '598'}, {'type': {'value': 56, 'displayName': 'Zone'}, 'value': 'Back'}, {'type': {'value': 285, 'displayName': 'Defensive'}}]","[197, 200]",False,131464.0,,,,,,,,,,,
2610424065.0,598,51,51.0,29,67.4,90.6,57,"{'value': 2, 'displayName': 'SecondHalf'}","{'value': 44, 'displayName': 'Aerial'}","{'value': 0, 'displayName': 'Unsuccessful'}","[{'type': {'value': 286, 'displayName': 'Offensive'}}, {'type': {'value': 56, 'displayName': 'Zone'}, 'value': 'Left'}, {'type': {'value': 233, 'displayName': 'OppositeRelatedEvent'}, 'value': '506'}]","[198, 199]",False,319756.0,,,,,,,,,,,
2610424131.0,507,51,51.0,31,37.5,10.9,57,"{'value': 2, 'displayName': 'SecondHalf'}","{'value': 1, 'displayName': 'Pass'}","{'value': 0, 'displayName': 'Unsuccessful'}","[{'type': {'value': 213, 'displayName': 'Angle'}, 'value': '5.52'}, {'type': {'value': 56, 'displayName': 'Zone'}, 'value': 'Back'}, {'type': {'value': 140, 'displayName': 'PassEndX'}, 'value': '45.8'}, {'type': {'value': 212, 'displayName': 'Length'}, 'value': '12.0'}, {'type': {'value': 141, 'displayName': 'PassEndY'}, 'value': '0.0'}, {'type': {'value': 3, 'displayName': 'HeadPass'}}]","[91, 118, 120, 29, 139, 36, 38, 216, 218]",True,131464.0,45.8,0.0,,,,,,,,,
2610425297.0,601,52,38.0,29,61.7,100.0,58,"{'value': 2, 'displayName': 'SecondHalf'}","{'value': 1, 'displayName': 'Pass'}","{'value': 1, 'displayName': 'Successful'}","[{'type': {'value': 140, 'displayName': 'PassEndX'}, 'value': '62.2'}, {'type': {'value': 213, 'displayName': 'Angle'}, 'value': '4.82'}, {'type': {'value': 141, 'displayName': 'PassEndY'}, 'value': '93.9'}, {'type': {'value': 56, 'displayName': 'Zone'}, 'value': 'Left'}, {'type': {'value': 212, 'displayName': 'Length'}, 'value': '5.1'}, {'type': {'value': 107, 'displayName': 'ThrowIn'}}]","[91, 212, 36, 38, 216]",True,68049.0,62.2,93.9,,,,,,,,,
2610425349.0,602,52,39.0,29,62.2,93.9,58,"{'value': 2, 'displayName': 'SecondHalf'}","{'value': 1, 'displayName': 'Pass'}","{'value': 1, 'displayName': 'Successful'}","[{'type': {'value': 56, 'displayName': 'Zone'}, 'value': 'Left'}, {'type': {'value': 213, 'displayName': 'Angle'}, 'value': '2.19'}, {'type': {'value': 212, 'displayName': 'Length'}, 'value': '3.3'}, {'type': {'value': 140, 'displayName': 'PassEndX'}, 'value': '60.4'}, {'type': {'value': 141, 'displayName': 'PassEndY'}, 'value': '97.8'}]","[91, 119, 117, 30, 35, 37, 216, 218]",True,319756.0,60.4,97.8,,,,,,,,,
2610425375.0,603,52,40.0,29,60.4,97.8,58,"{'value': 2, 'displayName': 'SecondHalf'}","{'value': 1, 'displayName': 'Pass'}","{'value': 1, 'displayName': 'Successful'}","[{'type': {'value': 213, 'displayName': 'Angle'}, 'value': '3.50'}, {'type': {'value': 212, 'displayName': 'Length'}, 'value': '4.8'}, {'type': {'value': 141, 'displayName': 'PassEndY'}, 'value': '95.3'}, {'type': {'value': 140, 'displayName': 'PassEndX'}, 'value': '56.1'}, {'type': {'value': 56, 'displayName': 'Zone'}, 'value': 'Left'}, {'type': {'value': 178, 'displayName': 'StandingSave'}}]","[91, 119, 117, 30, 35, 38, 216, 218]",True,68049.0,56.1,95.3,,,,,,,,,
2610425455.0,604,52,41.0,29,56.0,93.9,58,"{'value': 2, 'displayName': 'SecondHalf'}","{'value': 1, 'displayName': 'Pass'}","{'value': 1, 'displayName': 'Successful'}","[{'type': {'value': 56, 'displayName': 'Zone'}, 'value': 'Back'}, {'type': {'value': 141, 'displayName': 'PassEndY'}, 'value': '51.2'}, {'type': {'value': 178, 'displayName': 'StandingSave'}}, {'type': {'value': 213, 'displayName': 'Angle'}, 'value': '4.33'}, {'type': {'value': 140, 'displayName': 'PassEndX'}, 'value': '44.9'}, {'type': {'value': 212, 'displayName': 'Length'}, 'value': '31.3'}]","[91, 117, 30, 35, 38, 216, 218]",True,319756.0,44.9,51.2,,,,,,,,,
2610425615.0,605,52,45.0,29,44.9,49.3,58,"{'value': 2, 'displayName': 'SecondHalf'}","{'value': 1, 'displayName': 'Pass'}","{'value': 1, 'displayName': 'Successful'}","[{'type': {'value': 56, 'displayName': 'Zone'}, 'value': 'Center'}, {'type': {'value': 213, 'displayName': 'Angle'}, 'value': '5.88'}, {'type': {'value': 212, 'displayName': 'Length'}, 'value': '19.5'}, {'type': {'value': 178, 'displayName': 'StandingSave'}}, {'type': {'value': 140, 'displayName': 'PassEndX'}, 'value': '62.0'}, {'type': {'value': 141, 'displayName': 'PassEndY'}, 'value': '38.0'}]","[91, 119, 117, 30, 36, 38, 216, 218]",True,322696.0,62.0,38.0,,,,,,,,,
2610425627.0,606,52,49.0,29,62.6,13.7,58,"{'value': 2, 'displayName': 'SecondHalf'}","{'value': 50, 'displayName': 'Dispossessed'}","{'value': 1, 'displayName': 'Successful'}","[{'type': {'value': 286, 'displayName': 'Offensive'}}, {'type': {'value': 233, 'displayName': 'OppositeRelatedEvent'}, 'value': '510'}, {'type': {'value': 56, 'displayName': 'Zone'}, 'value': 'Right'}]","[91, 70]",True,400166.0,,,,,,,,,,,
2610425633.0,510,52,49.0,31,37.4,86.3,58,"{'value': 2, 'displayName': 'SecondHalf'}","{'value': 7, 'displayName': 'Tackle'}","{'value': 0, 'displayName': 'Unsuccessful'}","[{'type': {'value': 233, 'displayName': 'OppositeRelatedEvent'}, 'value': '606'}, {'type': {'value': 178, 'displayName': 'StandingSave'}}, {'type': {'value': 285, 'displayName': 'Defensive'}}, {'type': {'value': 56, 'displayName': 'Zone'}, 'value': 'Back'}]","[91, 142]",True,357427.0,,,,,,,,,,,
2610425699.0,607,52,51.0,29,63.8,10.7,58,"{'value': 2, 'displayName': 'SecondHalf'}","{'value': 1, 'displayName': 'Pass'}","{'value': 1, 'displayName': 'Successful'}","[{'type': {'value': 213, 'displayName': 'Angle'}, 'value': '3.43'}, {'type': {'value': 212, 'displayName': 'Length'}, 'value': '9.2'}, {'type': {'value': 141, 'displayName': 'PassEndY'}, 'value': '6.8'}, {'type': {'value': 140, 'displayName': 'PassEndX'}, 'value': '55.4'}, {'type': {'value': 178, 'displayName': 'StandingSave'}}, {'type': {'value': 56, 'displayName': 'Zone'}, 'value': 'Right'}]","[91, 119, 117, 30, 35, 38, 216, 218]",True,400166.0,55.4,6.8,,,,,,,,,
2610425809.0,608,52,53.0,29,55.4,6.8,58,"{'value': 2, 'displayName': 'SecondHalf'}","{'value': 1, 'displayName': 'Pass'}","{'value': 1, 'displayName': 'Successful'}","[{'type': {'value': 213, 'displayName': 'Angle'}, 'value': '2.08'}, {'type': {'value': 212, 'displayName': 'Length'}, 'value': '7.7'}, {'type': {'value': 140, 'displayName': 'PassEndX'}, 'value': '51.8'}, {'type': {'value': 56, 'displayName': 'Zone'}, 'value': 'Right'}, {'type': {'value': 178, 'displayName': 'StandingSave'}}, {'type': {'value': 141, 'displayName': 'PassEndY'}, 'value': '16.7'}]","[91, 119, 117, 30, 35, 37, 216, 218]",True,111372.0,51.8,16.7,,,,,,,,,
2610425861.0,609,52,59.0,29,55.7,5.9,58,"{'value': 2, 'displayName': 'SecondHalf'}","{'value': 1, 'displayName': 'Pass'}","{'value': 0, 'displayName': 'Unsuccessful'}","[{'type': {'value': 212, 'displayName': 'Length'}, 'value': '4.8'}, {'type': {'value': 141, 'displayName': 'PassEndY'}, 'value': '2.2'}, {'type': {'value': 178, 'displayName': 'StandingSave'}}, {'type': {'value': 213, 'displayName': 'Angle'}, 'value': '3.69'}, {'type': {'value': 56, 'displayName': 'Zone'}, 'value': 'Right'}, {'type': {'value': 140, 'displayName': 'PassEndX'}, 'value': '51.8'}]","[91, 120, 29, 35, 38, 216, 218]",True,322696.0,51.8,2.2,,,,,,,,,
2610425869.0,512,53,0.0,31,47.2,94.6,59,"{'value': 2, 'displayName': 'SecondHalf'}","{'value': 3, 'displayName': 'TakeOn'}","{'value': 0, 'displayName': 'Unsuccessful'}","[{'type': {'value': 178, 'displayName': 'StandingSave'}}, {'type': {'value': 233, 'displayName': 'OppositeRelatedEvent'}, 'value': '610'}, {'type': {'value': 286, 'displayName': 'Offensive'}}, {'type': {'value': 56, 'displayName': 'Zone'}, 'value': 'Back'}]","[91, 53]",True,116317.0,,,,,,,,,,,
2610425901.0,610,53,0.0,29,52.8,5.4,59,"{'value': 2, 'displayName': 'SecondHalf'}","{'value': 7, 'displayName': 'Tackle'}","{'value': 1, 'displayName': 'Successful'}","[{'type': {'value': 178, 'displayName': 'StandingSave'}}, {'type': {'value': 233, 'displayName': 'OppositeRelatedEvent'}, 'value': '512'}, {'type': {'value': 285, 'displayName': 'Defensive'}}, {'type': {'value': 56, 'displayName': 'Zone'}, 'value': 'Right'}]","[91, 143]",True,111372.0,,,,,,,,,,,
2610425939.0,611,53,1.0,29,54.5,7.7,59,"{'value': 2, 'displayName': 'SecondHalf'}","{'value': 1, 'displayName': 'Pass'}","{'value': 1, 'displayName': 'Successful'}","[{'type': {'value': 56, 'displayName': 'Zone'}, 'value': 'Back'}, {'type': {'value': 213, 'displayName': 'Angle'}, 'value': '2.75'}, {'type': {'value': 140, 'displayName': 'PassEndX'}, 'value': '37.8'}, {'type': {'value': 212, 'displayName': 'Length'}, 'value': '19.0'}, {'type': {'value': 141, 'displayName': 'PassEndY'}, 'value': '18.3'}, {'type': {'value': 178, 'displayName': 'StandingSave'}}]","[91, 117, 30, 35, 37, 216, 218]",True,322696.0,37.8,18.3,,,,,,,,,
2610425961.0,612,53,4.0,29,34.9,18.6,59,"{'value': 2, 'displayName': 'SecondHalf'}","{'value': 1, 'displayName': 'Pass'}","{'value': 1, 'displayName': 'Successful'}","[{'type': {'value': 212, 'displayName': 'Length'}, 'value': '8.6'}, {'type': {'value': 141, 'displayName': 'PassEndY'}, 'value': '27.4'}, {'type': {'value': 213, 'displayName': 'Angle'}, 'value': '0.77'}, {'type': {'value': 56, 'displayName': 'Zone'}, 'value': 'Back'}, {'type': {'value': 140, 'displayName': 'PassEndX'}, 'value': '40.8'}, {'type': {'value': 178, 'displayName': 'StandingSave'}}]","[91, 117, 30, 36, 37, 216, 218]",True,106086.0,40.8,27.4,,,,,,,,,
2610426001.0,613,53,5.0,29,40.8,27.6,59,"{'value': 2, 'displayName': 'SecondHalf'}","{'value': 1, 'displayName': 'Pass'}","{'value': 1, 'displayName': 'Successful'}","[{'type': {'value': 140, 'displayName': 'PassEndX'}, 'value': '36.1'}, {'type': {'value': 178, 'displayName': 'StandingSave'}}, {'type': {'value': 56, 'displayName': 'Zone'}, 'value': 'Back'}, {'type': {'value': 212, 'displayName': 'Length'}, 'value': '9.4'}, {'type': {'value': 141, 'displayName': 'PassEndY'}, 'value': '15.9'}, {'type': {'value': 213, 'displayName': 'Angle'}, 'value': '4.16'}]","[91, 117, 30, 35, 38, 216, 218]",True,105172.0,36.1,15.9,,,,,,,,,
2610426055.0,614,53,7.0,29,37.5,15.2,59,"{'value': 2, 'displayName': 'SecondHalf'}","{'value': 1, 'displayName': 'Pass'}","{'value': 1, 'displayName': 'Successful'}","[{'type': {'value': 141, 'displayName': 'PassEndY'}, 'value': '5.2'}, {'type': {'value': 56, 'displayName': 'Zone'}, 'value': 'Right'}, {'type': {'value': 213, 'displayName': 'Angle'}, 'value': '5.89'}, {'type': {'value': 140, 'displayName': 'PassEndX'}, 'value': '53.3'}, {'type': {'value': 178, 'displayName': 'StandingSave'}}, {'type': {'value': 212, 'displayName': 'Length'}, 'value': '17.9'}]","[91, 119, 117, 30, 36, 38, 216, 218]",True,106086.0,53.3,5.2,,,,,,,,,
2610426087.0,615,53,9.0,29,55.0,4.4,59,"{'value': 2, 'displayName': 'SecondHalf'}","{'value': 1, 'displayName': 'Pass'}","{'value': 0, 'displayName': 'Unsuccessful'}","[{'type': {'value': 178, 'displayName': 'StandingSave'}}, {'type': {'value': 213, 'displayName': 'Angle'}, 'value': '0.49'}, {'type': {'value': 56, 'displayName': 'Zone'}, 'value': 'Center'}, {'type': {'value': 212, 'displayName': 'Length'}, 'value': '26.2'}, {'type': {'value': 141, 'displayName': 'PassEndY'}, 'value': '22.4'}, {'type': {'value': 155, 'displayName': 'Chipped'}}, {'type': {'value': 140, 'displayName': 'PassEndX'}, 'value': '77.1'}]","[91, 120, 29, 124, 36, 37, 217, 218]",True,111372.0,77.1,22.4,,,,,,,,,
2610426191.0,513,53,12.0,31,23.3,74.1,59,"{'value': 2, 'displayName': 'SecondHalf'}","{'value': 1, 'displayName': 'Pass'}","{'value': 1, 'displayName': 'Successful'}","[{'type': {'value': 212, 'displayName': 'Length'}, 'value': '13.5'}, {'type': {'value': 56, 'displayName': 'Zone'}, 'value': 'Back'}, {'type': {'value': 213, 'displayName': 'Angle'}, 'value': '2.26'}, {'type': {'value': 140, 'displayName': 'PassEndX'}, 'value': '15.1'}, {'type': {'value': 3, 'displayName': 'HeadPass'}}, {'type': {'value': 141, 'displayName': 'PassEndY'}, 'value': '89.4'}]","[91, 117, 30, 139, 35, 37, 215, 218]",True,381045.0,15.1,89.4,,,,,,,,,
2610426199.0,514,53,14.0,31,14.6,91.2,59,"{'value': 2, 'displayName': 'SecondHalf'}","{'value': 49, 'displayName': 'BallRecovery'}","{'value': 1, 'displayName': 'Successful'}",[],[93],False,345516.0,,,,,,,,,,,
2610426285.0,515,53,14.0,31,14.8,93.5,59,"{'value': 2, 'displayName': 'SecondHalf'}","{'value': 1, 'displayName': 'Pass'}","{'value': 1, 'displayName': 'Successful'}","[{'type': {'value': 141, 'displayName': 'PassEndY'}, 'value': '89.1'}, {'type': {'value': 178, 'displayName': 'StandingSave'}}, {'type': {'value': 212, 'displayName': 'Length'}, 'value': '33.4'}, {'type': {'value': 140, 'displayName': 'PassEndX'}, 'value': '46.5'}, {'type': {'value': 213, 'displayName': 'Angle'}, 'value': '6.19'}, {'type': {'value': 1, 'displayName': 'Longball'}}, {'type': {'value': 56, 'displayName': 'Zone'}, 'value': 'Back'}]","[91, 117, 127, 36, 38, 216, 218]",True,345516.0,46.5,89.1,,,,,,,,,
2610426289.0,516,53,17.0,31,46.5,89.1,59,"{'value': 2, 'displayName': 'SecondHalf'}","{'value': 61, 'displayName': 'BallTouch'}","{'value': 1, 'displayName': 'Successful'}","[{'type': {'value': 56, 'displayName': 'Zone'}, 'value': 'Back'}, {'type': {'value': 178, 'displayName': 'StandingSave'}}]",[91],True,116317.0,,,,,,,,,,,
2610426387.0,517,53,19.0,31,36.9,89.9,59,"{'value': 2, 'displayName': 'SecondHalf'}","{'value': 1, 'displayName': 'Pass'}","{'value': 0, 'displayName': 'Unsuccessful'}","[{'type': {'value': 56, 'displayName': 'Zone'}, 'value': 'Center'}, {'type': {'value': 212, 'displayName': 'Length'}, 'value': '30.7'}, {'type': {'value': 141, 'displayName': 'PassEndY'}, 'value': '77.3'}, {'type': {'value': 213, 'displayName': 'Angle'}, 'value': '6.00'}, {'type': {'value': 140, 'displayName': 'PassEndX'}, 'value': '65.0'}, {'type': {'value': 155, 'displayName': 'Chipped'}}, {'type': {'value': 178, 'displayName': 'StandingSave'}}]","[91, 120, 29, 124, 36, 38, 216, 218]",True,400815.0,65.0,77.3,,,,,,,,,
2610426391.0,616,53,21.0,29,34.2,23.2,59,"{'value': 2, 'displayName': 'SecondHalf'}","{'value': 44, 'displayName': 'Aerial'}","{'value': 1, 'displayName': 'Successful'}","[{'type': {'value': 285, 'displayName': 'Defensive'}}, {'type': {'value': 56, 'displayName': 'Zone'}, 'value': 'Back'}, {'type': {'value': 233, 'displayName': 'OppositeRelatedEvent'}, 'value': '518'}]","[197, 200]",False,362434.0,,,,,,,,,,,
2610426409.0,518,53,21.0,31,65.8,76.8,59,"{'value': 2, 'displayName': 'SecondHalf'}","{'value': 44, 'displayName': 'Aerial'}","{'value': 0, 'displayName': 'Unsuccessful'}","[{'type': {'value': 286, 'displayName': 'Offensive'}}, {'type': {'value': 56, 'displayName': 'Zone'}, 'value': 'Center'}, {'type': {'value': 233, 'displayName': 'OppositeRelatedEvent'}, 'value': '616'}]","[198, 199]",False,141469.0,,,,,,,,,,,
2610426421.0,617,53,21.0,29,33.3,23.6,59,"{'value': 2, 'displayName': 'SecondHalf'}","{'value': 61, 'displayName': 'BallTouch'}","{'value': 1, 'displayName': 'Successful'}","[{'type': {'value': 15, 'displayName': 'Head'}}, {'type': {'value': 56, 'displayName': 'Zone'}, 'value': 'Back'}]",[91],True,362434.0,,,,,,,,,,,
2610426463.0,618,53,25.0,29,36.0,4.9,59,"{'value': 2, 'displayName': 'SecondHalf'}","{'value': 49, 'displayName': 'BallRecovery'}","{'value': 1, 'displayName': 'Successful'}",[],[93],False,106086.0,,,,,,,,,,,
2610426499.0,619,53,25.0,29,35.8,4.9,59,"{'value': 2, 'displayName': 'SecondHalf'}","{'value': 1, 'displayName': 'Pass'}","{'value': 1, 'displayName': 'Successful'}","[{'type': {'value': 140, 'displayName': 'PassEndX'}, 'value': '41.8'}, {'type': {'value': 178, 'displayName': 'StandingSave'}}, {'type': {'value': 212, 'displayName': 'Length'}, 'value': '6.4'}, {'type': {'value': 56, 'displayName': 'Zone'}, 'value': 'Back'}, {'type': {'value': 213, 'displayName': 'Angle'}, 'value': '6.10'}, {'type': {'value': 141, 'displayName': 'PassEndY'}, 'value': '3.2'}]","[91, 117, 30, 36, 38, 216, 218]",True,106086.0,41.8,3.2,,,,,,,,,
2610426679.0,620,53,27.0,29,41.9,3.2,59,"{'value': 2, 'displayName': 'SecondHalf'}","{'value': 1, 'displayName': 'Pass'}","{'value': 1, 'displayName': 'Successful'}","[{'type': {'value': 213, 'displayName': 'Angle'}, 'value': '2.57'}, {'type': {'value': 56, 'displayName': 'Zone'}, 'value': 'Back'}, {'type': {'value': 178, 'displayName': 'StandingSave'}}, {'type': {'value': 141, 'displayName': 'PassEndY'}, 'value': '14.6'}, {'type': {'value': 140, 'displayName': 'PassEndX'}, 'value': '30.3'}, {'type': {'value': 212, 'displayName': 'Length'}, 'value': '14.4'}]","[91, 117, 30, 35, 37, 215, 218]",True,111372.0,30.3,14.6,,,,,,,,,
2610426713.0,621,53,32.0,29,33.3,34.2,59,"{'value': 2, 'displayName': 'SecondHalf'}","{'value': 1, 'displayName': 'Pass'}","{'value': 1, 'displayName': 'Successful'}","[{'type': {'value': 56, 'displayName': 'Zone'}, 'value': 'Back'}, {'type': {'value': 140, 'displayName': 'PassEndX'}, 'value': '27.3'}, {'type': {'value': 178, 'displayName': 'StandingSave'}}, {'type': {'value': 141, 'displayName': 'PassEndY'}, 'value': '73.3'}, {'type': {'value': 213, 'displayName': 'Angle'}, 'value': '1.80'}, {'type': {'value': 212, 'displayName': 'Length'}, 'value': '27.3'}]","[91, 117, 30, 35, 37, 215, 218]",True,322696.0,27.3,73.3,,,,,,,,,
2610426757.0,622,53,34.0,29,27.3,73.3,59,"{'value': 2, 'displayName': 'SecondHalf'}","{'value': 1, 'displayName': 'Pass'}","{'value': 1, 'displayName': 'Successful'}","[{'type': {'value': 141, 'displayName': 'PassEndY'}, 'value': '93.2'}, {'type': {'value': 56, 'displayName': 'Zone'}, 'value': 'Back'}, {'type': {'value': 212, 'displayName': 'Length'}, 'value': '19.1'}, {'type': {'value': 213, 'displayName': 'Angle'}, 'value': '0.78'}, {'type': {'value': 140, 'displayName': 'PassEndX'}, 'value': '40.2'}, {'type': {'value': 178, 'displayName': 'StandingSave'}}]","[91, 117, 30, 36, 37, 216, 218]",True,362434.0,40.2,93.2,,,,,,,,,
2610426801.0,623,53,37.0,29,40.2,93.2,59,"{'value': 2, 'displayName': 'SecondHalf'}","{'value': 1, 'displayName': 'Pass'}","{'value': 1, 'displayName': 'Successful'}","[{'type': {'value': 212, 'displayName': 'Length'}, 'value': '16.3'}, {'type': {'value': 178, 'displayName': 'StandingSave'}}, {'type': {'value': 140, 'displayName': 'PassEndX'}, 'value': '55.7'}, {'type': {'value': 141, 'displayName': 'PassEndY'}, 'value': '93.9'}, {'type': {'value': 56, 'displayName': 'Zone'}, 'value': 'Left'}, {'type': {'value': 213, 'displayName': 'Angle'}, 'value': '0.03'}]","[91, 119, 117, 30, 36, 37, 216, 218]",True,68049.0,55.7,93.9,,,,,,,,,
2610426831.0,624,53,38.0,29,55.7,93.9,59,"{'value': 2, 'displayName': 'SecondHalf'}","{'value': 1, 'displayName': 'Pass'}","{'value': 1, 'displayName': 'Successful'}","[{'type': {'value': 56, 'displayName': 'Zone'}, 'value': 'Left'}, {'type': {'value': 212, 'displayName': 'Length'}, 'value': '5.0'}, {'type': {'value': 178, 'displayName': 'StandingSave'}}, {'type': {'value': 213, 'displayName': 'Angle'}, 'value': '5.19'}, {'type': {'value': 140, 'displayName': 'PassEndX'}, 'value': '57.9'}, {'type': {'value': 141, 'displayName': 'PassEndY'}, 'value': '87.4'}]","[91, 119, 117, 30, 36, 38, 216, 218]",True,319756.0,57.9,87.4,,,,,,,,,
2610427017.0,625,53,40.0,29,60.1,85.1,59,"{'value': 2, 'displayName': 'SecondHalf'}","{'value': 1, 'displayName': 'Pass'}","{'value': 1, 'displayName': 'Successful'}","[{'type': {'value': 178, 'displayName': 'StandingSave'}}, {'type': {'value': 140, 'displayName': 'PassEndX'}, 'value': '84.0'}, {'type': {'value': 213, 'displayName': 'Angle'}, 'value': '0.25'}, {'type': {'value': 56, 'displayName': 'Zone'}, 'value': 'Left'}, {'type': {'value': 212, 'displayName': 'Length'}, 'value': '25.9'}, {'type': {'value': 141, 'displayName': 'PassEndY'}, 'value': '94.4'}]","[91, 119, 117, 30, 205, 36, 37, 217, 218]",True,68049.0,84.0,94.4,,,,,,,,,
2610427173.0,626,53,46.0,29,88.1,86.8,59,"{'value': 2, 'displayName': 'SecondHalf'}","{'value': 1, 'displayName': 'Pass'}","{'value': 1, 'displayName': 'Successful'}","[{'type': {'value': 178, 'displayName': 'StandingSave'}}, {'type': {'value': 140, 'displayName': 'PassEndX'}, 'value': '79.7'}, {'type': {'value': 141, 'displayName': 'PassEndY'}, 'value': '84.7'}, {'type': {'value': 212, 'displayName': 'Length'}, 'value': '8.9'}, {'type': {'value': 56, 'displayName': 'Zone'}, 'value': 'Left'}, {'type': {'value': 213, 'displayName': 'Angle'}, 'value': '3.30'}]","[91, 119, 117, 30, 205, 35, 38, 217, 218]",True,69517.0,79.7,84.7,,,,,,,,,
2610427213.0,519,53,49.0,31,19.2,15.4,59,"{'value': 2, 'displayName': 'SecondHalf'}","{'value': 45, 'displayName': 'Challenge'}","{'value': 0, 'displayName': 'Unsuccessful'}","[{'type': {'value': 285, 'displayName': 'Defensive'}}, {'type': {'value': 56, 'displayName': 'Zone'}, 'value': 'Back'}, {'type': {'value': 233, 'displayName': 'OppositeRelatedEvent'}, 'value': '635'}]",[55],False,396975.0,,,,,,,,,,,
2610428813.0,635,53,49.0,29,80.8,84.6,59,"{'value': 2, 'displayName': 'SecondHalf'}","{'value': 3, 'displayName': 'TakeOn'}","{'value': 1, 'displayName': 'Successful'}","[{'type': {'value': 178, 'displayName': 'StandingSave'}}, {'type': {'value': 56, 'displayName': 'Zone'}, 'value': 'Left'}, {'type': {'value': 286, 'displayName': 'Offensive'}}, {'type': {'value': 233, 'displayName': 'OppositeRelatedEvent'}, 'value': '519'}]","[91, 54]",True,319756.0,,,,,,,,,,,
2610427231.0,627,53,51.0,29,82.2,83.6,59,"{'value': 2, 'displayName': 'SecondHalf'}","{'value': 1, 'displayName': 'Pass'}","{'value': 0, 'displayName': 'Unsuccessful'}","[{'type': {'value': 140, 'displayName': 'PassEndX'}, 'value': '88.0'}, {'type': {'value': 212, 'displayName': 'Length'}, 'value': '21.1'}, {'type': {'value': 141, 'displayName': 'PassEndY'}, 'value': '53.9'}, {'type': {'value': 2, 'displayName': 'Cross'}}, {'type': {'value': 72, 'displayName': 'LeftFoot'}}, {'type': {'value': 56, 'displayName': 'Zone'}, 'value': 'Center'}, {'type': {'value': 213, 'displayName': 'Angle'}, 'value': '5.01'}, {'type': {'value': 155, 'displayName': 'Chipped'}}, {'type': {'value': 178, 'displayName': 'StandingSave'}}]","[91, 138, 124, 126, 36, 38, 217, 218]",True,319756.0,88.0,53.9,,,,,,,,,
2610427321.0,520,53,53.0,31,9.9,49.0,59,"{'value': 2, 'displayName': 'SecondHalf'}","{'value': 12, 'displayName': 'Clearance'}","{'value': 1, 'displayName': 'Successful'}","[{'type': {'value': 56, 'displayName': 'Zone'}, 'value': 'Back'}, {'type': {'value': 15, 'displayName': 'Head'}}, {'type': {'value': 141, 'displayName': 'PassEndY'}, 'value': '39.8'}, {'type': {'value': 213, 'displayName': 'Angle'}, 'value': '4.01'}, {'type': {'value': 212, 'displayName': 'Length'}, 'value': '8.2'}, {'type': {'value': 140, 'displayName': 'PassEndX'}, 'value': '4.9'}]","[91, 94, 95, 57, 215]",True,345516.0,4.9,39.8,,,,,,,,,
2610427345.0,628,53,55.0,29,94.8,59.7,59,"{'value': 2, 'displayName': 'SecondHalf'}","{'value': 13, 'displayName': 'MissedShots'}","{'value': 1, 'displayName': 'Successful'}","[{'type': {'value': 56, 'displayName': 'Zone'}, 'value': 'Center'}, {'type': {'value': 102, 'displayName': 'GoalMouthY'}, 'value': '48.4'}, {'type': {'value': 22, 'displayName': 'RegularPlay'}}, {'type': {'value': 103, 'displayName': 'GoalMouthZ'}, 'value': '73.6'}, {'type': {'value': 72, 'displayName': 'LeftFoot'}}, {'type': {'value': 108, 'displayName': 'Volley'}}, {'type': {'value': 74, 'displayName': 'MissHigh'}}, {'type': {'value': 328, 'displayName': 'FirstTouch'}}, {'type': {'value': 61, 'displayName': 'SmallBoxLeft'}}, {'type': {'value': 178, 'displayName': 'StandingSave'}}]","[91, 7, 90, 10, 0, 3, 13]",True,322596.0,,,,,,,73.6,48.4,True,,
2610428121.0,522,54,17.0,31,4.1,47.4,60,"{'value': 2, 'displayName': 'SecondHalf'}","{'value': 1, 'displayName': 'Pass'}","{'value': 1, 'displayName': 'Successful'}","[{'type': {'value': 56, 'displayName': 'Zone'}, 'value': 'Back'}, {'type': {'value': 213, 'displayName': 'Angle'}, 'value': '1.28'}, {'type': {'value': 140, 'displayName': 'PassEndX'}, 'value': '8.1'}, {'type': {'value': 141, 'displayName': 'PassEndY'}, 'value': '68.2'}, {'type': {'value': 124, 'displayName': 'GoalKick'}}, {'type': {'value': 212, 'displayName': 'Length'}, 'value': '14.8'}]","[91, 117, 30, 36, 37, 215, 218]",True,110189.0,8.1,68.2,,,,,,,,,
2610622921.0,834,54,23.0,31,25.7,76.4,60,"{'value': 2, 'displayName': 'SecondHalf'}","{'value': 1, 'displayName': 'Pass'}","{'value': 0, 'displayName': 'Unsuccessful'}","[{'type': {'value': 212, 'displayName': 'Length'}, 'value': '49.5'}, {'type': {'value': 213, 'displayName': 'Angle'}, 'value': '5.91'}, {'type': {'value': 56, 'displayName': 'Zone'}, 'value': 'Center'}, {'type': {'value': 140, 'displayName': 'PassEndX'}, 'value': '69.5'}, {'type': {'value': 1, 'displayName': 'Longball'}}, {'type': {'value': 178, 'displayName': 'StandingSave'}}, {'type': {'value': 155, 'displayName': 'Chipped'}}, {'type': {'value': 141, 'displayName': 'PassEndY'}, 'value': '49.6'}]","[91, 120, 124, 128, 36, 38, 217, 218]",True,381045.0,69.5,49.6,,,,,,,,,
2610428161.0,630,54,27.0,29,23.6,42.5,60,"{'value': 2, 'displayName': 'SecondHalf'}","{'value': 49, 'displayName': 'BallRecovery'}","{'value': 1, 'displayName': 'Successful'}",[],[93],False,362434.0,,,,,,,,,,,
2610428269.0,631,54,30.0,29,23.6,23.9,60,"{'value': 2, 'displayName': 'SecondHalf'}","{'value': 1, 'displayName': 'Pass'}","{'value': 1, 'displayName': 'Successful'}","[{'type': {'value': 140, 'displayName': 'PassEndX'}, 'value': '27.3'}, {'type': {'value': 213, 'displayName': 'Angle'}, 'value': '5.08'}, {'type': {'value': 56, 'displayName': 'Zone'}, 'value': 'Back'}, {'type': {'value': 178, 'displayName': 'StandingSave'}}, {'type': {'value': 141, 'displayName': 'PassEndY'}, 'value': '8.9'}, {'type': {'value': 212, 'displayName': 'Length'}, 'value': '10.9'}]","[91, 117, 30, 36, 38, 215, 218]",True,362434.0,27.3,8.9,,,,,,,,,
2610428475.0,632,54,32.0,29,27.3,7.9,60,"{'value': 2, 'displayName': 'SecondHalf'}","{'value': 1, 'displayName': 'Pass'}","{'value': 1, 'displayName': 'Successful'}","[{'type': {'value': 141, 'displayName': 'PassEndY'}, 'value': '8.9'}, {'type': {'value': 212, 'displayName': 'Length'}, 'value': '10.4'}, {'type': {'value': 140, 'displayName': 'PassEndX'}, 'value': '37.2'}, {'type': {'value': 56, 'displayName': 'Zone'}, 'value': 'Back'}, {'type': {'value': 178, 'displayName': 'StandingSave'}}, {'type': {'value': 213, 'displayName': 'Angle'}, 'value': '0.07'}]","[91, 117, 30, 36, 37, 216, 218]",True,111372.0,37.2,8.9,,,,,,,,,
2610428629.0,633,54,38.0,29,64.6,11.9,60,"{'value': 2, 'displayName': 'SecondHalf'}","{'value': 1, 'displayName': 'Pass'}","{'value': 1, 'displayName': 'Successful'}","[{'type': {'value': 56, 'displayName': 'Zone'}, 'value': 'Right'}, {'type': {'value': 178, 'displayName': 'StandingSave'}}, {'type': {'value': 213, 'displayName': 'Angle'}, 'value': '6.13'}, {'type': {'value': 212, 'displayName': 'Length'}, 'value': '11.0'}, {'type': {'value': 140, 'displayName': 'PassEndX'}, 'value': '75.0'}, {'type': {'value': 141, 'displayName': 'PassEndY'}, 'value': '9.5'}]","[91, 119, 117, 30, 205, 36, 38, 217, 218]",True,322696.0,75.0,9.5,,,,,,,,,
2610428637.0,634,54,43.0,29,91.2,3.8,60,"{'value': 2, 'displayName': 'SecondHalf'}","{'value': 4, 'displayName': 'Foul'}","{'value': 1, 'displayName': 'Successful'}","[{'type': {'value': 13, 'displayName': 'Foul'}}, {'type': {'value': 233, 'displayName': 'OppositeRelatedEvent'}, 'value': '524'}, {'type': {'value': 56, 'displayName': 'Zone'}, 'value': 'Right'}, {'type': {'value': 286, 'displayName': 'Offensive'}}]","[91, 63]",True,69517.0,,,,,,,,,,,
2610428649.0,524,54,43.0,31,8.8,96.2,60,"{'value': 2, 'displayName': 'SecondHalf'}","{'value': 4, 'displayName': 'Foul'}","{'value': 0, 'displayName': 'Unsuccessful'}","[{'type': {'value': 56, 'displayName': 'Zone'}, 'value': 'Back'}, {'type': {'value': 285, 'displayName': 'Defensive'}}, {'type': {'value': 233, 'displayName': 'OppositeRelatedEvent'}, 'value': '634'}, {'type': {'value': 13, 'displayName': 'Foul'}}]",[64],False,381045.0,,,,,,,,,,,
2610430253.0,636,55,44.0,29,90.8,3.8,61,"{'value': 2, 'displayName': 'SecondHalf'}","{'value': 1, 'displayName': 'Pass'}","{'value': 1, 'displayName': 'Successful'}","[{'type': {'value': 140, 'displayName': 'PassEndX'}, 'value': '92.9'}, {'type': {'value': 5, 'displayName': 'FreekickTaken'}}, {'type': {'value': 141, 'displayName': 'PassEndY'}, 'value': '61.8'}, {'type': {'value': 56, 'displayName': 'Zone'}, 'value': 'Center'}, {'type': {'value': 1, 'displayName': 'Longball'}}, {'type': {'value': 213, 'displayName': 'Angle'}, 'value': '1.51'}, {'type': {'value': 154, 'displayName': 'IntentionalAssist'}}, {'type': {'value': 212, 'displayName': 'Length'}, 'value': '39.5'}, {'type': {'value': 20, 'displayName': 'RightFoot'}}, {'type': {'value': 155, 'displayName': 'Chipped'}}, {'type': {'value': 2, 'displayName': 'Cross'}}, {'type': {'value': 210, 'displayName': 'ShotAssist'}, 'value': '13'}, {'type': {'value': 178, 'displayName': 'StandingSave'}}, {'type': {'value': 11113, 'displayName': 'KeyPass'}}]","[91, 119, 123, 137, 124, 125, 39, 41, 44, 36, 37, 217, 218]",True,105172.0,92.9,61.8,,,,,,,,,
2610430259.0,637,55,46.0,29,91.4,60.2,61,"{'value': 2, 'displayName': 'SecondHalf'}","{'value': 13, 'displayName': 'MissedShots'}","{'value': 1, 'displayName': 'Successful'}","[{'type': {'value': 328, 'displayName': 'FirstTouch'}}, {'type': {'value': 215, 'displayName': 'IndividualPlay'}}, {'type': {'value': 81, 'displayName': 'HighRight'}}, {'type': {'value': 146, 'displayName': 'BlockedX'}, 'value': '80.2'}, {'type': {'value': 20, 'displayName': 'RightFoot'}}, {'type': {'value': 29, 'displayName': 'Assisted'}}, {'type': {'value': 24, 'displayName': 'SetPiece'}}, {'type': {'value': 154, 'displayName': 'IntentionalAssist'}}, {'type': {'value': 17, 'displayName': 'BoxCentre'}}, {'type': {'value': 55, 'displayName': 'RelatedEventId'}, 'value': '636'}, {'type': {'value': 103, 'displayName': 'GoalMouthZ'}, 'value': '68.1'}, {'type': {'value': 102, 'displayName': 'GoalMouthY'}, 'value': '0.5'}, {'type': {'value': 147, 'displayName': 'BlockedY'}, 'value': '42.6'}, {'type': {'value': 56, 'displayName': 'Zone'}, 'value': 'Center'}, {'type': {'value': 108, 'displayName': 'Volley'}}]","[91, 7, 90, 10, 1, 5, 12]",True,319756.0,,,636.0,105172.0,80.2,42.6,68.1,0.5,True,,
2610430339.0,525,55,49.0,31,20.6,61.1,61,"{'value': 2, 'displayName': 'SecondHalf'}","{'value': 1, 'displayName': 'Pass'}","{'value': 0, 'displayName': 'Unsuccessful'}","[{'type': {'value': 212, 'displayName': 'Length'}, 'value': '16.4'}, {'type': {'value': 140, 'displayName': 'PassEndX'}, 'value': '36.2'}, {'type': {'value': 141, 'displayName': 'PassEndY'}, 'value': '59.3'}, {'type': {'value': 56, 'displayName': 'Zone'}, 'value': 'Back'}, {'type': {'value': 3, 'displayName': 'HeadPass'}}, {'type': {'value': 213, 'displayName': 'Angle'}, 'value': '6.21'}]","[91, 118, 120, 29, 139, 36, 38, 216, 218]",True,345516.0,36.2,59.3,,,,,,,,,
2610430391.0,638,55,51.0,29,67.3,44.3,61,"{'value': 2, 'displayName': 'SecondHalf'}","{'value': 1, 'displayName': 'Pass'}","{'value': 0, 'displayName': 'Unsuccessful'}","[{'type': {'value': 141, 'displayName': 'PassEndY'}, 'value': '28.0'}, {'type': {'value': 3, 'displayName': 'HeadPass'}}, {'type': {'value': 212, 'displayName': 'Length'}, 'value': '24.2'}, {'type': {'value': 56, 'displayName': 'Zone'}, 'value': 'Center'}, {'type': {'value': 213, 'displayName': 'Angle'}, 'value': '5.81'}, {'type': {'value': 140, 'displayName': 'PassEndX'}, 'value': '87.8'}]","[91, 120, 29, 139, 36, 38, 217, 218]",True,111372.0,87.8,28.0,,,,,,,,,
2610430471.0,526,55,53.0,31,13.6,71.1,61,"{'value': 2, 'displayName': 'SecondHalf'}","{'value': 12, 'displayName': 'Clearance'}","{'value': 1, 'displayName': 'Successful'}","[{'type': {'value': 213, 'displayName': 'Angle'}, 'value': '0.72'}, {'type': {'value': 56, 'displayName': 'Zone'}, 'value': 'Back'}, {'type': {'value': 140, 'displayName': 'PassEndX'}, 'value': '25.3'}, {'type': {'value': 15, 'displayName': 'Head'}}, {'type': {'value': 212, 'displayName': 'Length'}, 'value': '16.4'}, {'type': {'value': 141, 'displayName': 'PassEndY'}, 'value': '87.1'}]","[91, 94, 95, 57, 215]",True,396975.0,25.3,87.1,,,,,,,,,
2610430537.0,527,55,55.0,31,24.8,90.6,61,"{'value': 2, 'displayName': 'SecondHalf'}","{'value': 1, 'displayName': 'Pass'}","{'value': 0, 'displayName': 'Unsuccessful'}","[{'type': {'value': 56, 'displayName': 'Zone'}, 'value': 'Back'}, {'type': {'value': 141, 'displayName': 'PassEndY'}, 'value': '91.5'}, {'type': {'value': 233, 'displayName': 'OppositeRelatedEvent'}, 'value': '640'}, {'type': {'value': 212, 'displayName': 'Length'}, 'value': '4.0'}, {'type': {'value': 213, 'displayName': 'Angle'}, 'value': '0.15'}, {'type': {'value': 155, 'displayName': 'Chipped'}}, {'type': {'value': 286, 'displayName': 'Offensive'}}, {'type': {'value': 178, 'displayName': 'StandingSave'}}, {'type': {'value': 140, 'displayName': 'PassEndX'}, 'value': '28.6'}]","[91, 118, 120, 29, 124, 36, 37, 215, 218]",True,357427.0,28.6,91.5,,,,,,,,,
2610430735.0,640,55,55.0,29,75.6,8.2,61,"{'value': 2, 'displayName': 'SecondHalf'}","{'value': 74, 'displayName': 'BlockedPass'}","{'value': 1, 'displayName': 'Successful'}","[{'type': {'value': 285, 'displayName': 'Defensive'}}, {'type': {'value': 56, 'displayName': 'Zone'}, 'value': 'Right'}, {'type': {'value': 233, 'displayName': 'OppositeRelatedEvent'}, 'value': '527'}]","[91, 60]",True,400166.0,,,,,,,,,,,
2610431273.0,641,56,19.0,29,0.0,0.0,62,"{'value': 2, 'displayName': 'SecondHalf'}","{'value': 18, 'displayName': 'SubstitutionOff'}","{'value': 1, 'displayName': 'Successful'}","[{'type': {'value': 55, 'displayName': 'RelatedEventId'}, 'value': '642'}, {'type': {'value': 44, 'displayName': 'PlayerPosition'}, 'value': 'Forward'}, {'type': {'value': 59, 'displayName': 'JerseyNumber'}, 'value': '9'}]",[214],False,69517.0,,,642.0,137021.0,,,,,,,
2610431287.0,642,56,19.0,29,0.0,0.0,62,"{'value': 2, 'displayName': 'SecondHalf'}","{'value': 19, 'displayName': 'SubstitutionOn'}","{'value': 1, 'displayName': 'Successful'}","[{'type': {'value': 59, 'displayName': 'JerseyNumber'}, 'value': '22'}, {'type': {'value': 44, 'displayName': 'PlayerPosition'}, 'value': 'Forward'}, {'type': {'value': 55, 'displayName': 'RelatedEventId'}, 'value': '641'}, {'type': {'value': 145, 'displayName': 'FormationSlot'}, 'value': '9'}]",[213],False,137021.0,,,641.0,69517.0,,,,,,,
2610431553.0,529,56,37.0,31,30.1,100.0,62,"{'value': 2, 'displayName': 'SecondHalf'}","{'value': 1, 'displayName': 'Pass'}","{'value': 1, 'displayName': 'Successful'}","[{'type': {'value': 213, 'displayName': 'Angle'}, 'value': '5.85'}, {'type': {'value': 212, 'displayName': 'Length'}, 'value': '9.7'}, {'type': {'value': 107, 'displayName': 'ThrowIn'}}, {'type': {'value': 140, 'displayName': 'PassEndX'}, 'value': '38.5'}, {'type': {'value': 56, 'displayName': 'Zone'}, 'value': 'Back'}, {'type': {'value': 141, 'displayName': 'PassEndY'}, 'value': '95.2'}]","[91, 212, 36, 38, 216]",True,345516.0,38.5,95.2,,,,,,,,,
2610431557.0,530,56,38.0,31,44.6,95.4,62,"{'value': 2, 'displayName': 'SecondHalf'}","{'value': 44, 'displayName': 'Aerial'}","{'value': 1, 'displayName': 'Successful'}","[{'type': {'value': 56, 'displayName': 'Zone'}, 'value': 'Back'}, {'type': {'value': 285, 'displayName': 'Defensive'}}, {'type': {'value': 233, 'displayName': 'OppositeRelatedEvent'}, 'value': '643'}]","[197, 200]",False,141469.0,,,,,,,,,,,
2610431541.0,643,56,38.0,29,55.4,4.6,62,"{'value': 2, 'displayName': 'SecondHalf'}","{'value': 44, 'displayName': 'Aerial'}","{'value': 0, 'displayName': 'Unsuccessful'}","[{'type': {'value': 56, 'displayName': 'Zone'}, 'value': 'Right'}, {'type': {'value': 286, 'displayName': 'Offensive'}}, {'type': {'value': 233, 'displayName': 'OppositeRelatedEvent'}, 'value': '530'}]","[198, 199]",False,322596.0,,,,,,,,,,,
2610431581.0,531,56,38.0,31,45.3,95.0,62,"{'value': 2, 'displayName': 'SecondHalf'}","{'value': 1, 'displayName': 'Pass'}","{'value': 0, 'displayName': 'Unsuccessful'}","[{'type': {'value': 212, 'displayName': 'Length'}, 'value': '6.5'}, {'type': {'value': 56, 'displayName': 'Zone'}, 'value': 'Left'}, {'type': {'value': 213, 'displayName': 'Angle'}, 'value': '5.65'}, {'type': {'value': 141, 'displayName': 'PassEndY'}, 'value': '89.3'}, {'type': {'value': 3, 'displayName': 'HeadPass'}}, {'type': {'value': 140, 'displayName': 'PassEndX'}, 'value': '50.3'}]","[91, 120, 29, 139, 36, 38, 216, 218]",True,141469.0,50.3,89.3,,,,,,,,,
2610431601.0,644,56,39.0,29,49.6,7.5,62,"{'value': 2, 'displayName': 'SecondHalf'}","{'value': 1, 'displayName': 'Pass'}","{'value': 1, 'displayName': 'Successful'}","[{'type': {'value': 212, 'displayName': 'Length'}, 'value': '15.8'}, {'type': {'value': 3, 'displayName': 'HeadPass'}}, {'type': {'value': 141, 'displayName': 'PassEndY'}, 'value': '20.7'}, {'type': {'value': 213, 'displayName': 'Angle'}, 'value': '0.60'}, {'type': {'value': 178, 'displayName': 'StandingSave'}}, {'type': {'value': 140, 'displayName': 'PassEndX'}, 'value': '62.0'}, {'type': {'value': 56, 'displayName': 'Zone'}, 'value': 'Right'}]","[91, 119, 117, 30, 139, 36, 37, 216, 218]",True,322696.0,62.0,20.7,,,,,,,,,
2610431621.0,645,56,41.0,29,60.7,19.8,62,"{'value': 2, 'displayName': 'SecondHalf'}","{'value': 49, 'displayName': 'BallRecovery'}","{'value': 1, 'displayName': 'Successful'}",[],[93],False,319756.0,,,,,,,,,,,
2610431643.0,646,56,42.0,29,62.8,23.6,62,"{'value': 2, 'displayName': 'SecondHalf'}","{'value': 1, 'displayName': 'Pass'}","{'value': 0, 'displayName': 'Unsuccessful'}","[{'type': {'value': 140, 'displayName': 'PassEndX'}, 'value': '64.8'}, {'type': {'value': 141, 'displayName': 'PassEndY'}, 'value': '24.7'}, {'type': {'value': 212, 'displayName': 'Length'}, 'value': '2.2'}, {'type': {'value': 56, 'displayName': 'Zone'}, 'value': 'Center'}, {'type': {'value': 286, 'displayName': 'Offensive'}}, {'type': {'value': 213, 'displayName': 'Angle'}, 'value': '0.34'}, {'type': {'value': 233, 'displayName': 'OppositeRelatedEvent'}, 'value': '532'}, {'type': {'value': 178, 'displayName': 'StandingSave'}}]","[91, 120, 29, 36, 37, 216, 218]",True,319756.0,64.8,24.7,,,,,,,,,
2610431677.0,532,56,42.0,31,40.0,64.9,62,"{'value': 2, 'displayName': 'SecondHalf'}","{'value': 74, 'displayName': 'BlockedPass'}","{'value': 1, 'displayName': 'Successful'}","[{'type': {'value': 178, 'displayName': 'StandingSave'}}, {'type': {'value': 233, 'displayName': 'OppositeRelatedEvent'}, 'value': '646'}, {'type': {'value': 56, 'displayName': 'Zone'}, 'value': 'Back'}, {'type': {'value': 285, 'displayName': 'Defensive'}}]","[91, 60]",True,367781.0,,,,,,,,,,,
2610431699.0,533,56,43.0,31,34.0,70.3,62,"{'value': 2, 'displayName': 'SecondHalf'}","{'value': 49, 'displayName': 'BallRecovery'}","{'value': 1, 'displayName': 'Successful'}",[],[93],False,381045.0,,,,,,,,,,,
2610431777.0,534,56,44.0,31,34.0,70.3,62,"{'value': 2, 'displayName': 'SecondHalf'}","{'value': 1, 'displayName': 'Pass'}","{'value': 0, 'displayName': 'Unsuccessful'}","[{'type': {'value': 178, 'displayName': 'StandingSave'}}, {'type': {'value': 212, 'displayName': 'Length'}, 'value': '47.3'}, {'type': {'value': 56, 'displayName': 'Zone'}, 'value': 'Left'}, {'type': {'value': 141, 'displayName': 'PassEndY'}, 'value': '84.4'}, {'type': {'value': 140, 'displayName': 'PassEndX'}, 'value': '78.1'}, {'type': {'value': 213, 'displayName': 'Angle'}, 'value': '0.20'}, {'type': {'value': 1, 'displayName': 'Longball'}}]","[91, 120, 128, 36, 37, 217, 218]",True,381045.0,78.1,84.4,,,,,,,,,
2610431823.0,647,56,49.0,29,19.9,9.8,62,"{'value': 2, 'displayName': 'SecondHalf'}","{'value': 49, 'displayName': 'BallRecovery'}","{'value': 1, 'displayName': 'Successful'}",[],[93],False,92516.0,,,,,,,,,,,
2610431861.0,648,56,49.0,29,19.9,8.5,62,"{'value': 2, 'displayName': 'SecondHalf'}","{'value': 1, 'displayName': 'Pass'}","{'value': 1, 'displayName': 'Successful'}","[{'type': {'value': 141, 'displayName': 'PassEndY'}, 'value': '11.3'}, {'type': {'value': 213, 'displayName': 'Angle'}, 'value': '0.39'}, {'type': {'value': 178, 'displayName': 'StandingSave'}}, {'type': {'value': 212, 'displayName': 'Length'}, 'value': '5.0'}, {'type': {'value': 140, 'displayName': 'PassEndX'}, 'value': '24.3'}, {'type': {'value': 56, 'displayName': 'Zone'}, 'value': 'Back'}]","[91, 117, 30, 36, 37, 215, 218]",True,92516.0,24.3,11.3,,,,,,,,,
2610431943.0,649,56,52.0,29,25.2,11.7,62,"{'value': 2, 'displayName': 'SecondHalf'}","{'value': 1, 'displayName': 'Pass'}","{'value': 1, 'displayName': 'Successful'}","[{'type': {'value': 178, 'displayName': 'StandingSave'}}, {'type': {'value': 141, 'displayName': 'PassEndY'}, 'value': '21.6'}, {'type': {'value': 56, 'displayName': 'Zone'}, 'value': 'Back'}, {'type': {'value': 212, 'displayName': 'Length'}, 'value': '13.1'}, {'type': {'value': 213, 'displayName': 'Angle'}, 'value': '0.54'}, {'type': {'value': 140, 'displayName': 'PassEndX'}, 'value': '35.9'}]","[91, 117, 30, 36, 37, 216, 218]",True,106086.0,35.9,21.6,,,,,,,,,
2610431987.0,650,56,55.0,29,34.5,23.0,62,"{'value': 2, 'displayName': 'SecondHalf'}","{'value': 1, 'displayName': 'Pass'}","{'value': 1, 'displayName': 'Successful'}","[{'type': {'value': 140, 'displayName': 'PassEndX'}, 'value': '30.0'}, {'type': {'value': 212, 'displayName': 'Length'}, 'value': '8.7'}, {'type': {'value': 178, 'displayName': 'StandingSave'}}, {'type': {'value': 141, 'displayName': 'PassEndY'}, 'value': '12.3'}, {'type': {'value': 56, 'displayName': 'Zone'}, 'value': 'Back'}, {'type': {'value': 213, 'displayName': 'Angle'}, 'value': '4.14'}]","[91, 117, 30, 35, 38, 215, 218]",True,322696.0,30.0,12.3,,,,,,,,,
2610432069.0,651,56,57.0,29,31.0,15.6,62,"{'value': 2, 'displayName': 'SecondHalf'}","{'value': 1, 'displayName': 'Pass'}","{'value': 1, 'displayName': 'Successful'}","[{'type': {'value': 212, 'displayName': 'Length'}, 'value': '14.4'}, {'type': {'value': 141, 'displayName': 'PassEndY'}, 'value': '36.6'}, {'type': {'value': 178, 'displayName': 'StandingSave'}}, {'type': {'value': 213, 'displayName': 'Angle'}, 'value': '1.69'}, {'type': {'value': 56, 'displayName': 'Zone'}, 'value': 'Back'}, {'type': {'value': 140, 'displayName': 'PassEndX'}, 'value': '29.4'}]","[91, 117, 30, 35, 37, 215, 218]",True,106086.0,29.4,36.6,,,,,,,,,
2610432179.0,652,57,0.0,29,29.6,39.8,63,"{'value': 2, 'displayName': 'SecondHalf'}","{'value': 1, 'displayName': 'Pass'}","{'value': 1, 'displayName': 'Successful'}","[{'type': {'value': 56, 'displayName': 'Zone'}, 'value': 'Back'}, {'type': {'value': 178, 'displayName': 'StandingSave'}}, {'type': {'value': 213, 'displayName': 'Angle'}, 'value': '1.46'}, {'type': {'value': 141, 'displayName': 'PassEndY'}, 'value': '79.9'}, {'type': {'value': 140, 'displayName': 'PassEndX'}, 'value': '32.5'}, {'type': {'value': 212, 'displayName': 'Length'}, 'value': '27.4'}]","[91, 117, 30, 36, 37, 215, 218]",True,322696.0,32.5,79.9,,,,,,,,,
2610432219.0,653,57,4.0,29,33.0,82.0,63,"{'value': 2, 'displayName': 'SecondHalf'}","{'value': 1, 'displayName': 'Pass'}","{'value': 1, 'displayName': 'Successful'}","[{'type': {'value': 178, 'displayName': 'StandingSave'}}, {'type': {'value': 141, 'displayName': 'PassEndY'}, 'value': '65.2'}, {'type': {'value': 140, 'displayName': 'PassEndX'}, 'value': '35.3'}, {'type': {'value': 56, 'displayName': 'Zone'}, 'value': 'Back'}, {'type': {'value': 213, 'displayName': 'Angle'}, 'value': '4.92'}, {'type': {'value': 212, 'displayName': 'Length'}, 'value': '11.7'}]","[91, 117, 30, 36, 38, 216, 218]",True,362434.0,35.3,65.2,,,,,,,,,
2610432273.0,654,57,6.0,29,34.9,65.7,63,"{'value': 2, 'displayName': 'SecondHalf'}","{'value': 1, 'displayName': 'Pass'}","{'value': 1, 'displayName': 'Successful'}","[{'type': {'value': 178, 'displayName': 'StandingSave'}}, {'type': {'value': 141, 'displayName': 'PassEndY'}, 'value': '84.1'}, {'type': {'value': 212, 'displayName': 'Length'}, 'value': '14.4'}, {'type': {'value': 140, 'displayName': 'PassEndX'}, 'value': '28.1'}, {'type': {'value': 56, 'displayName': 'Zone'}, 'value': 'Back'}, {'type': {'value': 213, 'displayName': 'Angle'}, 'value': '2.09'}]","[91, 117, 30, 35, 37, 215, 218]",True,322696.0,28.1,84.1,,,,,,,,,
2610432343.0,655,57,9.0,29,24.4,82.6,63,"{'value': 2, 'displayName': 'SecondHalf'}","{'value': 1, 'displayName': 'Pass'}","{'value': 1, 'displayName': 'Successful'}","[{'type': {'value': 213, 'displayName': 'Angle'}, 'value': '4.25'}, {'type': {'value': 56, 'displayName': 'Zone'}, 'value': 'Back'}, {'type': {'value': 212, 'displayName': 'Length'}, 'value': '22.0'}, {'type': {'value': 178, 'displayName': 'StandingSave'}}, {'type': {'value': 141, 'displayName': 'PassEndY'}, 'value': '53.6'}, {'type': {'value': 140, 'displayName': 'PassEndX'}, 'value': '15.1'}]","[91, 117, 30, 35, 38, 215, 218]",True,362434.0,15.1,53.6,,,,,,,,,
2610432427.0,656,57,12.0,29,17.8,44.7,63,"{'value': 2, 'displayName': 'SecondHalf'}","{'value': 1, 'displayName': 'Pass'}","{'value': 1, 'displayName': 'Successful'}","[{'type': {'value': 141, 'displayName': 'PassEndY'}, 'value': '19.2'}, {'type': {'value': 178, 'displayName': 'StandingSave'}}, {'type': {'value': 56, 'displayName': 'Zone'}, 'value': 'Back'}, {'type': {'value': 213, 'displayName': 'Angle'}, 'value': '5.13'}, {'type': {'value': 212, 'displayName': 'Length'}, 'value': '19.0'}, {'type': {'value': 140, 'displayName': 'PassEndX'}, 'value': '25.2'}]","[91, 117, 30, 36, 38, 215, 218]",True,92516.0,25.2,19.2,,,,,,,,,
2610432481.0,657,57,15.0,29,24.9,15.0,63,"{'value': 2, 'displayName': 'SecondHalf'}","{'value': 1, 'displayName': 'Pass'}","{'value': 1, 'displayName': 'Successful'}","[{'type': {'value': 213, 'displayName': 'Angle'}, 'value': '5.20'}, {'type': {'value': 140, 'displayName': 'PassEndX'}, 'value': '28.4'}, {'type': {'value': 141, 'displayName': 'PassEndY'}, 'value': '4.9'}, {'type': {'value': 56, 'displayName': 'Zone'}, 'value': 'Back'}, {'type': {'value': 178, 'displayName': 'StandingSave'}}, {'type': {'value': 212, 'displayName': 'Length'}, 'value': '7.8'}]","[91, 117, 30, 36, 38, 215, 218]",True,106086.0,28.4,4.9,,,,,,,,,
2610432547.0,658,57,18.0,29,28.3,3.4,63,"{'value': 2, 'displayName': 'SecondHalf'}","{'value': 1, 'displayName': 'Pass'}","{'value': 1, 'displayName': 'Successful'}","[{'type': {'value': 141, 'displayName': 'PassEndY'}, 'value': '4.4'}, {'type': {'value': 212, 'displayName': 'Length'}, 'value': '9.6'}, {'type': {'value': 178, 'displayName': 'StandingSave'}}, {'type': {'value': 56, 'displayName': 'Zone'}, 'value': 'Back'}, {'type': {'value': 213, 'displayName': 'Angle'}, 'value': '0.07'}, {'type': {'value': 140, 'displayName': 'PassEndX'}, 'value': '37.4'}]","[91, 117, 30, 36, 37, 216, 218]",True,111372.0,37.4,4.4,,,,,,,,,
2610432553.0,659,57,19.0,29,39.6,5.0,63,"{'value': 2, 'displayName': 'SecondHalf'}","{'value': 50, 'displayName': 'Dispossessed'}","{'value': 1, 'displayName': 'Successful'}","[{'type': {'value': 286, 'displayName': 'Offensive'}}, {'type': {'value': 233, 'displayName': 'OppositeRelatedEvent'}, 'value': '535'}, {'type': {'value': 56, 'displayName': 'Zone'}, 'value': 'Back'}]","[91, 70]",True,400166.0,,,,,,,,,,,
2610432619.0,535,57,19.0,31,60.4,95.0,63,"{'value': 2, 'displayName': 'SecondHalf'}","{'value': 7, 'displayName': 'Tackle'}","{'value': 1, 'displayName': 'Successful'}","[{'type': {'value': 178, 'displayName': 'StandingSave'}}, {'type': {'value': 233, 'displayName': 'OppositeRelatedEvent'}, 'value': '659'}, {'type': {'value': 285, 'displayName': 'Defensive'}}, {'type': {'value': 56, 'displayName': 'Zone'}, 'value': 'Left'}]","[91, 143]",True,400815.0,,,,,,,,,,,
2610432801.0,661,57,29.0,29,42.0,0.0,63,"{'value': 2, 'displayName': 'SecondHalf'}","{'value': 1, 'displayName': 'Pass'}","{'value': 0, 'displayName': 'Unsuccessful'}","[{'type': {'value': 140, 'displayName': 'PassEndX'}, 'value': '67.5'}, {'type': {'value': 1, 'displayName': 'Longball'}}, {'type': {'value': 213, 'displayName': 'Angle'}, 'value': '0.61'}, {'type': {'value': 107, 'displayName': 'ThrowIn'}}, {'type': {'value': 56, 'displayName': 'Zone'}, 'value': 'Center'}, {'type': {'value': 141, 'displayName': 'PassEndY'}, 'value': '25.8'}, {'type': {'value': 212, 'displayName': 'Length'}, 'value': '32.7'}]","[91, 212, 36, 37, 217]",True,111372.0,67.5,25.8,,,,,,,,,
2610432839.0,537,57,32.0,31,30.2,75.9,63,"{'value': 2, 'displayName': 'SecondHalf'}","{'value': 49, 'displayName': 'BallRecovery'}","{'value': 1, 'displayName': 'Successful'}",[],[93],False,131464.0,,,,,,,,,,,
2610432939.0,538,57,33.0,31,30.2,75.9,63,"{'value': 2, 'displayName': 'SecondHalf'}","{'value': 1, 'displayName': 'Pass'}","{'value': 1, 'displayName': 'Successful'}","[{'type': {'value': 212, 'displayName': 'Length'}, 'value': '23.2'}, {'type': {'value': 213, 'displayName': 'Angle'}, 'value': '3.69'}, {'type': {'value': 141, 'displayName': 'PassEndY'}, 'value': '58.1'}, {'type': {'value': 178, 'displayName': 'StandingSave'}}, {'type': {'value': 56, 'displayName': 'Zone'}, 'value': 'Back'}, {'type': {'value': 140, 'displayName': 'PassEndX'}, 'value': '11.4'}]","[91, 117, 30, 35, 38, 215, 218]",True,131464.0,11.4,58.1,,,,,,,,,
2610433001.0,539,57,37.0,31,12.4,53.7,63,"{'value': 2, 'displayName': 'SecondHalf'}","{'value': 1, 'displayName': 'Pass'}","{'value': 1, 'displayName': 'Successful'}","[{'type': {'value': 140, 'displayName': 'PassEndX'}, 'value': '24.0'}, {'type': {'value': 141, 'displayName': 'PassEndY'}, 'value': '23.9'}, {'type': {'value': 212, 'displayName': 'Length'}, 'value': '23.6'}, {'type': {'value': 56, 'displayName': 'Zone'}, 'value': 'Back'}, {'type': {'value': 213, 'displayName': 'Angle'}, 'value': '5.25'}, {'type': {'value': 178, 'displayName': 'StandingSave'}}]","[91, 117, 30, 36, 38, 215, 218]",True,110189.0,24.0,23.9,,,,,,,,,
2610433063.0,540,57,43.0,31,24.4,24.0,63,"{'value': 2, 'displayName': 'SecondHalf'}","{'value': 1, 'displayName': 'Pass'}","{'value': 1, 'displayName': 'Successful'}","[{'type': {'value': 178, 'displayName': 'StandingSave'}}, {'type': {'value': 56, 'displayName': 'Zone'}, 'value': 'Back'}, {'type': {'value': 212, 'displayName': 'Length'}, 'value': '25.0'}, {'type': {'value': 213, 'displayName': 'Angle'}, 'value': '2.23'}, {'type': {'value': 141, 'displayName': 'PassEndY'}, 'value': '53.0'}, {'type': {'value': 140, 'displayName': 'PassEndX'}, 'value': '9.7'}]","[91, 117, 30, 35, 37, 215, 218]",True,131464.0,9.7,53.0,,,,,,,,,
2610433113.0,541,57,46.0,31,15.2,59.4,63,"{'value': 2, 'displayName': 'SecondHalf'}","{'value': 1, 'displayName': 'Pass'}","{'value': 1, 'displayName': 'Successful'}","[{'type': {'value': 1, 'displayName': 'Longball'}}, {'type': {'value': 212, 'displayName': 'Length'}, 'value': '35.3'}, {'type': {'value': 178, 'displayName': 'StandingSave'}}, {'type': {'value': 141, 'displayName': 'PassEndY'}, 'value': '71.4'}, {'type': {'value': 213, 'displayName': 'Angle'}, 'value': '0.23'}, {'type': {'value': 140, 'displayName': 'PassEndX'}, 'value': '47.9'}, {'type': {'value': 56, 'displayName': 'Zone'}, 'value': 'Back'}]","[91, 117, 127, 36, 37, 216, 218]",True,110189.0,47.9,71.4,,,,,,,,,
2610433177.0,542,57,49.0,31,47.9,71.4,63,"{'value': 2, 'displayName': 'SecondHalf'}","{'value': 1, 'displayName': 'Pass'}","{'value': 1, 'displayName': 'Successful'}","[{'type': {'value': 140, 'displayName': 'PassEndX'}, 'value': '34.2'}, {'type': {'value': 141, 'displayName': 'PassEndY'}, 'value': '75.6'}, {'type': {'value': 212, 'displayName': 'Length'}, 'value': '14.7'}, {'type': {'value': 178, 'displayName': 'StandingSave'}}, {'type': {'value': 56, 'displayName': 'Zone'}, 'value': 'Back'}, {'type': {'value': 213, 'displayName': 'Angle'}, 'value': '2.95'}]","[91, 117, 30, 35, 37, 216, 218]",True,116317.0,34.2,75.6,,,,,,,,,
2610433219.0,543,57,53.0,31,40.1,78.1,63,"{'value': 2, 'displayName': 'SecondHalf'}","{'value': 1, 'displayName': 'Pass'}","{'value': 1, 'displayName': 'Successful'}","[{'type': {'value': 213, 'displayName': 'Angle'}, 'value': '1.91'}, {'type': {'value': 56, 'displayName': 'Zone'}, 'value': 'Back'}, {'type': {'value': 212, 'displayName': 'Length'}, 'value': '11.6'}, {'type': {'value': 141, 'displayName': 'PassEndY'}, 'value': '94.1'}, {'type': {'value': 140, 'displayName': 'PassEndX'}, 'value': '36.4'}, {'type': {'value': 178, 'displayName': 'StandingSave'}}]","[91, 117, 30, 35, 37, 216, 218]",True,381045.0,36.4,94.1,,,,,,,,,
2610433287.0,544,57,54.0,31,36.4,94.1,63,"{'value': 2, 'displayName': 'SecondHalf'}","{'value': 1, 'displayName': 'Pass'}","{'value': 1, 'displayName': 'Successful'}","[{'type': {'value': 178, 'displayName': 'StandingSave'}}, {'type': {'value': 1, 'displayName': 'Longball'}}, {'type': {'value': 213, 'displayName': 'Angle'}, 'value': '4.09'}, {'type': {'value': 56, 'displayName': 'Zone'}, 'value': 'Back'}, {'type': {'value': 141, 'displayName': 'PassEndY'}, 'value': '54.3'}, {'type': {'value': 140, 'displayName': 'PassEndX'}, 'value': '18.1'}, {'type': {'value': 212, 'displayName': 'Length'}, 'value': '33.2'}]","[91, 117, 127, 35, 38, 215, 218]",True,345516.0,18.1,54.3,,,,,,,,,
2610433363.0,545,57,58.0,31,22.5,57.0,63,"{'value': 2, 'displayName': 'SecondHalf'}","{'value': 1, 'displayName': 'Pass'}","{'value': 0, 'displayName': 'Unsuccessful'}","[{'type': {'value': 178, 'displayName': 'StandingSave'}}, {'type': {'value': 213, 'displayName': 'Angle'}, 'value': '5.80'}, {'type': {'value': 56, 'displayName': 'Zone'}, 'value': 'Right'}, {'type': {'value': 140, 'displayName': 'PassEndX'}, 'value': '70.6'}, {'type': {'value': 155, 'displayName': 'Chipped'}}, {'type': {'value': 212, 'displayName': 'Length'}, 'value': '57.0'}, {'type': {'value': 1, 'displayName': 'Longball'}}, {'type': {'value': 141, 'displayName': 'PassEndY'}, 'value': '18.0'}]","[91, 120, 124, 128, 36, 38, 217, 218]",True,110189.0,70.6,18.0,,,,,,,,,
2610433355.0,662,58,2.0,29,23.8,85.7,64,"{'value': 2, 'displayName': 'SecondHalf'}","{'value': 44, 'displayName': 'Aerial'}","{'value': 1, 'displayName': 'Successful'}","[{'type': {'value': 233, 'displayName': 'OppositeRelatedEvent'}, 'value': '546'}, {'type': {'value': 285, 'displayName': 'Defensive'}}, {'type': {'value': 56, 'displayName': 'Zone'}, 'value': 'Back'}]","[197, 200]",False,68049.0,,,,,,,,,,,
2610433369.0,546,58,2.0,31,76.2,14.3,64,"{'value': 2, 'displayName': 'SecondHalf'}","{'value': 44, 'displayName': 'Aerial'}","{'value': 0, 'displayName': 'Unsuccessful'}","[{'type': {'value': 56, 'displayName': 'Zone'}, 'value': 'Right'}, {'type': {'value': 286, 'displayName': 'Offensive'}}, {'type': {'value': 233, 'displayName': 'OppositeRelatedEvent'}, 'value': '662'}]","[198, 199]",False,317896.0,,,,,,,,,,,
2610433361.0,663,58,2.0,29,18.3,89.4,64,"{'value': 2, 'displayName': 'SecondHalf'}","{'value': 1, 'displayName': 'Pass'}","{'value': 0, 'displayName': 'Unsuccessful'}","[{'type': {'value': 140, 'displayName': 'PassEndX'}, 'value': '25.2'}, {'type': {'value': 56, 'displayName': 'Zone'}, 'value': 'Back'}, {'type': {'value': 212, 'displayName': 'Length'}, 'value': '7.5'}, {'type': {'value': 3, 'displayName': 'HeadPass'}}, {'type': {'value': 213, 'displayName': 'Angle'}, 'value': '6.03'}, {'type': {'value': 141, 'displayName': 'PassEndY'}, 'value': '86.6'}]","[91, 118, 120, 29, 139, 36, 38, 215, 218]",True,68049.0,25.2,86.6,,,,,,,,,
2610433443.0,547,58,4.0,31,65.6,16.1,64,"{'value': 2, 'displayName': 'SecondHalf'}","{'value': 1, 'displayName': 'Pass'}","{'value': 1, 'displayName': 'Successful'}","[{'type': {'value': 56, 'displayName': 'Zone'}, 'value': 'Right'}, {'type': {'value': 140, 'displayName': 'PassEndX'}, 'value': '60.9'}, {'type': {'value': 213, 'displayName': 'Angle'}, 'value': '4.07'}, {'type': {'value': 141, 'displayName': 'PassEndY'}, 'value': '6.5'}, {'type': {'value': 178, 'displayName': 'StandingSave'}}, {'type': {'value': 212, 'displayName': 'Length'}, 'value': '8.2'}]","[91, 119, 117, 30, 35, 38, 216, 218]",True,367781.0,60.9,6.5,,,,,,,,,
2610433449.0,548,58,5.0,31,62.5,4.8,64,"{'value': 2, 'displayName': 'SecondHalf'}","{'value': 1, 'displayName': 'Pass'}","{'value': 0, 'displayName': 'Unsuccessful'}","[{'type': {'value': 178, 'displayName': 'StandingSave'}}, {'type': {'value': 286, 'displayName': 'Offensive'}}, {'type': {'value': 140, 'displayName': 'PassEndX'}, 'value': '70.4'}, {'type': {'value': 212, 'displayName': 'Length'}, 'value': '8.4'}, {'type': {'value': 213, 'displayName': 'Angle'}, 'value': '0.17'}, {'type': {'value': 56, 'displayName': 'Zone'}, 'value': 'Right'}, {'type': {'value': 141, 'displayName': 'PassEndY'}, 'value': '6.9'}, {'type': {'value': 233, 'displayName': 'OppositeRelatedEvent'}, 'value': '664'}]","[91, 120, 29, 36, 37, 217, 218]",True,396975.0,70.4,6.9,,,,,,,,,
2610433459.0,664,58,5.0,29,32.1,91.2,64,"{'value': 2, 'displayName': 'SecondHalf'}","{'value': 74, 'displayName': 'BlockedPass'}","{'value': 1, 'displayName': 'Successful'}","[{'type': {'value': 233, 'displayName': 'OppositeRelatedEvent'}, 'value': '548'}, {'type': {'value': 56, 'displayName': 'Zone'}, 'value': 'Back'}, {'type': {'value': 285, 'displayName': 'Defensive'}}, {'type': {'value': 178, 'displayName': 'StandingSave'}}]","[91, 60]",True,137021.0,,,,,,,,,,,
2610433483.0,665,58,7.0,29,40.1,97.8,64,"{'value': 2, 'displayName': 'SecondHalf'}","{'value': 49, 'displayName': 'BallRecovery'}","{'value': 1, 'displayName': 'Successful'}",[],[93],False,137021.0,,,,,,,,,,,
2610433495.0,666,58,7.0,29,42.2,96.4,64,"{'value': 2, 'displayName': 'SecondHalf'}","{'value': 50, 'displayName': 'Dispossessed'}","{'value': 1, 'displayName': 'Successful'}","[{'type': {'value': 56, 'displayName': 'Zone'}, 'value': 'Back'}, {'type': {'value': 233, 'displayName': 'OppositeRelatedEvent'}, 'value': '549'}, {'type': {'value': 286, 'displayName': 'Offensive'}}]","[91, 70]",True,137021.0,,,,,,,,,,,
2610433505.0,549,58,7.0,31,57.8,3.6,64,"{'value': 2, 'displayName': 'SecondHalf'}","{'value': 7, 'displayName': 'Tackle'}","{'value': 0, 'displayName': 'Unsuccessful'}","[{'type': {'value': 233, 'displayName': 'OppositeRelatedEvent'}, 'value': '666'}, {'type': {'value': 285, 'displayName': 'Defensive'}}, {'type': {'value': 56, 'displayName': 'Zone'}, 'value': 'Right'}]","[91, 142]",True,396975.0,,,,,,,,,,,
2610433537.0,667,58,7.0,29,42.1,96.8,64,"{'value': 2, 'displayName': 'SecondHalf'}","{'value': 61, 'displayName': 'BallTouch'}","{'value': 1, 'displayName': 'Successful'}","[{'type': {'value': 56, 'displayName': 'Zone'}, 'value': 'Back'}, {'type': {'value': 178, 'displayName': 'StandingSave'}}]",[91],True,137021.0,,,,,,,,,,,
2610433557.0,550,58,9.0,31,41.6,9.8,64,"{'value': 2, 'displayName': 'SecondHalf'}","{'value': 49, 'displayName': 'BallRecovery'}","{'value': 1, 'displayName': 'Successful'}",[],[93],False,367781.0,,,,,,,,,,,
2610433591.0,551,58,9.0,31,40.4,10.0,64,"{'value': 2, 'displayName': 'SecondHalf'}","{'value': 1, 'displayName': 'Pass'}","{'value': 1, 'displayName': 'Successful'}","[{'type': {'value': 212, 'displayName': 'Length'}, 'value': '11.8'}, {'type': {'value': 141, 'displayName': 'PassEndY'}, 'value': '13.1'}, {'type': {'value': 178, 'displayName': 'StandingSave'}}, {'type': {'value': 56, 'displayName': 'Zone'}, 'value': 'Back'}, {'type': {'value': 140, 'displayName': 'PassEndX'}, 'value': '29.3'}, {'type': {'value': 213, 'displayName': 'Angle'}, 'value': '2.96'}]","[91, 117, 30, 35, 37, 215, 218]",True,367781.0,29.3,13.1,,,,,,,,,
2610433715.0,552,58,11.0,31,29.3,13.1,64,"{'value': 2, 'displayName': 'SecondHalf'}","{'value': 1, 'displayName': 'Pass'}","{'value': 1, 'displayName': 'Successful'}","[{'type': {'value': 178, 'displayName': 'StandingSave'}}, {'type': {'value': 140, 'displayName': 'PassEndX'}, 'value': '10.8'}, {'type': {'value': 213, 'displayName': 'Angle'}, 'value': '2.42'}, {'type': {'value': 212, 'displayName': 'Length'}, 'value': '25.9'}, {'type': {'value': 56, 'displayName': 'Zone'}, 'value': 'Back'}, {'type': {'value': 141, 'displayName': 'PassEndY'}, 'value': '38.2'}]","[91, 117, 30, 35, 37, 215, 218]",True,131464.0,10.8,38.2,,,,,,,,,
2610433739.0,553,58,15.0,31,11.2,38.6,64,"{'value': 2, 'displayName': 'SecondHalf'}","{'value': 1, 'displayName': 'Pass'}","{'value': 0, 'displayName': 'Unsuccessful'}","[{'type': {'value': 155, 'displayName': 'Chipped'}}, {'type': {'value': 212, 'displayName': 'Length'}, 'value': '35.7'}, {'type': {'value': 141, 'displayName': 'PassEndY'}, 'value': '13.5'}, {'type': {'value': 178, 'displayName': 'StandingSave'}}, {'type': {'value': 56, 'displayName': 'Zone'}, 'value': 'Back'}, {'type': {'value': 1, 'displayName': 'Longball'}}, {'type': {'value': 140, 'displayName': 'PassEndX'}, 'value': '41.1'}, {'type': {'value': 213, 'displayName': 'Angle'}, 'value': '5.79'}]","[91, 118, 120, 124, 128, 36, 38, 216, 218]",True,110189.0,41.1,13.5,,,,,,,,,
2610433813.0,668,58,17.0,29,64.0,86.6,64,"{'value': 2, 'displayName': 'SecondHalf'}","{'value': 1, 'displayName': 'Pass'}","{'value': 1, 'displayName': 'Successful'}","[{'type': {'value': 56, 'displayName': 'Zone'}, 'value': 'Center'}, {'type': {'value': 140, 'displayName': 'PassEndX'}, 'value': '62.7'}, {'type': {'value': 213, 'displayName': 'Angle'}, 'value': '4.53'}, {'type': {'value': 141, 'displayName': 'PassEndY'}, 'value': '76.0'}, {'type': {'value': 212, 'displayName': 'Length'}, 'value': '7.3'}]","[91, 119, 117, 30, 35, 38, 216, 218]",True,105172.0,62.7,76.0,,,,,,,,,
2610433825.0,669,58,19.0,29,61.5,74.1,64,"{'value': 2, 'displayName': 'SecondHalf'}","{'value': 49, 'displayName': 'BallRecovery'}","{'value': 1, 'displayName': 'Successful'}",[],[93],False,400166.0,,,,,,,,,,,
2610433947.0,670,58,19.0,29,61.5,74.1,64,"{'value': 2, 'displayName': 'SecondHalf'}","{'value': 1, 'displayName': 'Pass'}","{'value': 1, 'displayName': 'Successful'}","[{'type': {'value': 212, 'displayName': 'Length'}, 'value': '8.9'}, {'type': {'value': 140, 'displayName': 'PassEndX'}, 'value': '58.3'}, {'type': {'value': 141, 'displayName': 'PassEndY'}, 'value': '62.0'}, {'type': {'value': 56, 'displayName': 'Zone'}, 'value': 'Center'}, {'type': {'value': 213, 'displayName': 'Angle'}, 'value': '4.32'}]","[91, 119, 117, 30, 35, 38, 216, 218]",True,400166.0,58.3,62.0,,,,,,,,,
2610433979.0,671,58,23.0,29,54.5,43.1,64,"{'value': 2, 'displayName': 'SecondHalf'}","{'value': 1, 'displayName': 'Pass'}","{'value': 1, 'displayName': 'Successful'}","[{'type': {'value': 213, 'displayName': 'Angle'}, 'value': '5.12'}, {'type': {'value': 56, 'displayName': 'Zone'}, 'value': 'Right'}, {'type': {'value': 140, 'displayName': 'PassEndX'}, 'value': '64.2'}, {'type': {'value': 178, 'displayName': 'StandingSave'}}, {'type': {'value': 141, 'displayName': 'PassEndY'}, 'value': '8.5'}, {'type': {'value': 212, 'displayName': 'Length'}, 'value': '25.6'}]","[91, 119, 117, 30, 36, 38, 216, 218]",True,322696.0,64.2,8.5,,,,,,,,,
2610434047.0,672,58,26.0,29,75.6,7.1,64,"{'value': 2, 'displayName': 'SecondHalf'}","{'value': 1, 'displayName': 'Pass'}","{'value': 1, 'displayName': 'Successful'}","[{'type': {'value': 141, 'displayName': 'PassEndY'}, 'value': '44.9'}, {'type': {'value': 140, 'displayName': 'PassEndX'}, 'value': '86.6'}, {'type': {'value': 213, 'displayName': 'Angle'}, 'value': '1.15'}, {'type': {'value': 212, 'displayName': 'Length'}, 'value': '28.2'}, {'type': {'value': 2, 'displayName': 'Cross'}}, {'type': {'value': 178, 'displayName': 'StandingSave'}}, {'type': {'value': 20, 'displayName': 'RightFoot'}}, {'type': {'value': 56, 'displayName': 'Zone'}, 'value': 'Center'}]","[91, 119, 137, 125, 36, 37, 217, 218]",True,111372.0,86.6,44.9,,,,,,,,,
2610434077.0,673,58,28.0,29,86.6,45.1,64,"{'value': 2, 'displayName': 'SecondHalf'}","{'value': 1, 'displayName': 'Pass'}","{'value': 1, 'displayName': 'Successful'}","[{'type': {'value': 212, 'displayName': 'Length'}, 'value': '3.9'}, {'type': {'value': 141, 'displayName': 'PassEndY'}, 'value': '39.8'}, {'type': {'value': 140, 'displayName': 'PassEndX'}, 'value': '85.1'}, {'type': {'value': 178, 'displayName': 'StandingSave'}}, {'type': {'value': 213, 'displayName': 'Angle'}, 'value': '4.30'}, {'type': {'value': 56, 'displayName': 'Zone'}, 'value': 'Center'}]","[91, 119, 117, 30, 205, 35, 38, 217, 218]",True,322596.0,85.1,39.8,,,,,,,,,
2610434101.0,675,58,29.0,29,86.2,41.7,64,"{'value': 2, 'displayName': 'SecondHalf'}","{'value': 3, 'displayName': 'TakeOn'}","{'value': 0, 'displayName': 'Unsuccessful'}","[{'type': {'value': 286, 'displayName': 'Offensive'}}, {'type': {'value': 178, 'displayName': 'StandingSave'}}, {'type': {'value': 56, 'displayName': 'Zone'}, 'value': 'Center'}, {'type': {'value': 233, 'displayName': 'OppositeRelatedEvent'}, 'value': '554'}]","[91, 53]",True,400166.0,,,,,,,,,,,
2610434097.0,554,58,29.0,31,13.8,58.3,64,"{'value': 2, 'displayName': 'SecondHalf'}","{'value': 7, 'displayName': 'Tackle'}","{'value': 0, 'displayName': 'Unsuccessful'}","[{'type': {'value': 178, 'displayName': 'StandingSave'}}, {'type': {'value': 285, 'displayName': 'Defensive'}}, {'type': {'value': 233, 'displayName': 'OppositeRelatedEvent'}, 'value': '675'}, {'type': {'value': 56, 'displayName': 'Zone'}, 'value': 'Back'}]","[91, 142]",True,367781.0,,,,,,,,,,,
2610434085.0,674,58,29.0,29,86.2,41.7,64,"{'value': 2, 'displayName': 'SecondHalf'}","{'value': 3, 'displayName': 'TakeOn'}","{'value': 0, 'displayName': 'Unsuccessful'}","[{'type': {'value': 233, 'displayName': 'OppositeRelatedEvent'}, 'value': '555'}, {'type': {'value': 178, 'displayName': 'StandingSave'}}, {'type': {'value': 56, 'displayName': 'Zone'}, 'value': 'Center'}, {'type': {'value': 286, 'displayName': 'Offensive'}}]","[91, 53]",True,400166.0,,,,,,,,,,,
2610434121.0,555,58,29.0,31,13.8,58.3,64,"{'value': 2, 'displayName': 'SecondHalf'}","{'value': 7, 'displayName': 'Tackle'}","{'value': 0, 'displayName': 'Unsuccessful'}","[{'type': {'value': 285, 'displayName': 'Defensive'}}, {'type': {'value': 233, 'displayName': 'OppositeRelatedEvent'}, 'value': '674'}, {'type': {'value': 56, 'displayName': 'Zone'}, 'value': 'Back'}]","[91, 142]",True,381045.0,,,,,,,,,,,
2610629135.0,1093,58,29.0,29,84.9,38.0,64,"{'value': 2, 'displayName': 'SecondHalf'}","{'value': 61, 'displayName': 'BallTouch'}","{'value': 1, 'displayName': 'Successful'}","[{'type': {'value': 178, 'displayName': 'StandingSave'}}, {'type': {'value': 56, 'displayName': 'Zone'}, 'value': 'Center'}]",[91],True,400166.0,,,,,,,,,,,
2610439453.0,577,58,30.0,31,11.1,54.0,64,"{'value': 2, 'displayName': 'SecondHalf'}","{'value': 12, 'displayName': 'Clearance'}","{'value': 1, 'displayName': 'Successful'}","[{'type': {'value': 141, 'displayName': 'PassEndY'}, 'value': '57.5'}, {'type': {'value': 212, 'displayName': 'Length'}, 'value': '2.4'}, {'type': {'value': 140, 'displayName': 'PassEndX'}, 'value': '11.5'}, {'type': {'value': 56, 'displayName': 'Zone'}, 'value': 'Back'}, {'type': {'value': 213, 'displayName': 'Angle'}, 'value': '1.40'}]","[91, 94, 95, 215]",True,381045.0,11.5,57.5,,,,,,,,,
2610439883.0,724,58,30.0,29,87.6,37.4,64,"{'value': 2, 'displayName': 'SecondHalf'}","{'value': 61, 'displayName': 'BallTouch'}","{'value': 1, 'displayName': 'Successful'}","[{'type': {'value': 56, 'displayName': 'Zone'}, 'value': 'Center'}, {'type': {'value': 178, 'displayName': 'StandingSave'}}]",[91],True,400166.0,,,,,,,,,,,
2610440271.0,578,58,31.0,31,11.7,54.5,64,"{'value': 2, 'displayName': 'SecondHalf'}","{'value': 12, 'displayName': 'Clearance'}","{'value': 1, 'displayName': 'Successful'}","[{'type': {'value': 213, 'displayName': 'Angle'}, 'value': '1.96'}, {'type': {'value': 212, 'displayName': 'Length'}, 'value': '6.9'}, {'type': {'value': 140, 'displayName': 'PassEndX'}, 'value': '9.2'}, {'type': {'value': 141, 'displayName': 'PassEndY'}, 'value': '63.9'}, {'type': {'value': 56, 'displayName': 'Zone'}, 'value': 'Back'}]","[91, 94, 95, 215]",True,381045.0,9.2,63.9,,,,,,,,,
2610434175.0,676,58,34.0,29,87.1,34.2,64,"{'value': 2, 'displayName': 'SecondHalf'}","{'value': 1, 'displayName': 'Pass'}","{'value': 1, 'displayName': 'Successful'}","[{'type': {'value': 212, 'displayName': 'Length'}, 'value': '14.5'}, {'type': {'value': 140, 'displayName': 'PassEndX'}, 'value': '73.3'}, {'type': {'value': 141, 'displayName': 'PassEndY'}, 'value': '36.1'}, {'type': {'value': 210, 'displayName': 'ShotAssist'}, 'value': '13'}, {'type': {'value': 56, 'displayName': 'Zone'}, 'value': 'Center'}, {'type': {'value': 178, 'displayName': 'StandingSave'}}, {'type': {'value': 213, 'displayName': 'Angle'}, 'value': '3.05'}, {'type': {'value': 11113, 'displayName': 'KeyPass'}}]","[91, 119, 117, 30, 123, 205, 40, 46, 35, 37, 217, 218]",True,322596.0,73.3,36.1,,,,,,,,,
2610434177.0,677,58,35.0,29,73.8,37.1,64,"{'value': 2, 'displayName': 'SecondHalf'}","{'value': 13, 'displayName': 'MissedShots'}","{'value': 1, 'displayName': 'Successful'}","[{'type': {'value': 328, 'displayName': 'FirstTouch'}}, {'type': {'value': 178, 'displayName': 'StandingSave'}}, {'type': {'value': 56, 'displayName': 'Zone'}, 'value': 'Center'}, {'type': {'value': 81, 'displayName': 'HighRight'}}, {'type': {'value': 29, 'displayName': 'Assisted'}}, {'type': {'value': 55, 'displayName': 'RelatedEventId'}, 'value': '676'}, {'type': {'value': 215, 'displayName': 'IndividualPlay'}}, {'type': {'value': 20, 'displayName': 'RightFoot'}}, {'type': {'value': 18, 'displayName': 'OutOfBoxCentre'}}, {'type': {'value': 103, 'displayName': 'GoalMouthZ'}, 'value': '73.6'}, {'type': {'value': 102, 'displayName': 'GoalMouthY'}, 'value': '41.7'}, {'type': {'value': 22, 'displayName': 'RegularPlay'}}]","[91, 7, 10, 2, 3, 12]",True,322696.0,,,676.0,322596.0,,,73.6,41.7,True,,
2610434839.0,557,59,0.0,31,3.3,54.4,65,"{'value': 2, 'displayName': 'SecondHalf'}","{'value': 1, 'displayName': 'Pass'}","{'value': 1, 'displayName': 'Successful'}","[{'type': {'value': 141, 'displayName': 'PassEndY'}, 'value': '70.5'}, {'type': {'value': 56, 'displayName': 'Zone'}, 'value': 'Back'}, {'type': {'value': 212, 'displayName': 'Length'}, 'value': '11.8'}, {'type': {'value': 124, 'displayName': 'GoalKick'}}, {'type': {'value': 140, 'displayName': 'PassEndX'}, 'value': '7.5'}, {'type': {'value': 213, 'displayName': 'Angle'}, 'value': '1.19'}]","[91, 117, 30, 36, 37, 215, 218]",True,110189.0,7.5,70.5,,,,,,,,,
2610435225.0,562,59,3.0,31,12.3,72.1,65,"{'value': 2, 'displayName': 'SecondHalf'}","{'value': 1, 'displayName': 'Pass'}","{'value': 1, 'displayName': 'Successful'}","[{'type': {'value': 1, 'displayName': 'Longball'}}, {'type': {'value': 140, 'displayName': 'PassEndX'}, 'value': '57.5'}, {'type': {'value': 56, 'displayName': 'Zone'}, 'value': 'Center'}, {'type': {'value': 213, 'displayName': 'Angle'}, 'value': '5.95'}, {'type': {'value': 178, 'displayName': 'StandingSave'}}, {'type': {'value': 212, 'displayName': 'Length'}, 'value': '50.2'}, {'type': {'value': 155, 'displayName': 'Chipped'}}, {'type': {'value': 141, 'displayName': 'PassEndY'}, 'value': '48.2'}]","[91, 119, 117, 124, 127, 36, 38, 216, 218]",True,381045.0,57.5,48.2,,,,,,,,,
2610434841.0,558,59,6.0,31,56.3,48.0,65,"{'value': 2, 'displayName': 'SecondHalf'}","{'value': 44, 'displayName': 'Aerial'}","{'value': 1, 'displayName': 'Successful'}","[{'type': {'value': 286, 'displayName': 'Offensive'}}, {'type': {'value': 56, 'displayName': 'Zone'}, 'value': 'Center'}, {'type': {'value': 233, 'displayName': 'OppositeRelatedEvent'}, 'value': '679'}]","[197, 199]",False,141469.0,,,,,,,,,,,
2610434827.0,679,59,6.0,29,43.7,52.0,65,"{'value': 2, 'displayName': 'SecondHalf'}","{'value': 44, 'displayName': 'Aerial'}","{'value': 0, 'displayName': 'Unsuccessful'}","[{'type': {'value': 233, 'displayName': 'OppositeRelatedEvent'}, 'value': '558'}, {'type': {'value': 56, 'displayName': 'Zone'}, 'value': 'Back'}, {'type': {'value': 285, 'displayName': 'Defensive'}}]","[198, 200]",False,106086.0,,,,,,,,,,,
2610434863.0,559,59,6.0,31,55.8,45.2,65,"{'value': 2, 'displayName': 'SecondHalf'}","{'value': 1, 'displayName': 'Pass'}","{'value': 1, 'displayName': 'Successful'}","[{'type': {'value': 141, 'displayName': 'PassEndY'}, 'value': '50.1'}, {'type': {'value': 3, 'displayName': 'HeadPass'}}, {'type': {'value': 56, 'displayName': 'Zone'}, 'value': 'Center'}, {'type': {'value': 140, 'displayName': 'PassEndX'}, 'value': '77.5'}, {'type': {'value': 213, 'displayName': 'Angle'}, 'value': '0.15'}, {'type': {'value': 154, 'displayName': 'IntentionalAssist'}}, {'type': {'value': 210, 'displayName': 'ShotAssist'}, 'value': '15'}, {'type': {'value': 212, 'displayName': 'Length'}, 'value': '23.0'}, {'type': {'value': 11112, 'displayName': 'BigChanceCreated'}}, {'type': {'value': 11113, 'displayName': 'KeyPass'}}]","[91, 119, 117, 30, 123, 139, 203, 205, 40, 46, 36, 37, 217, 218]",True,141469.0,77.5,50.1,,,,,,,,,
2610434869.0,560,59,9.0,31,78.4,50.9,65,"{'value': 2, 'displayName': 'SecondHalf'}","{'value': 15, 'displayName': 'SavedShot'}","{'value': 1, 'displayName': 'Successful'}","[{'type': {'value': 29, 'displayName': 'Assisted'}}, {'type': {'value': 20, 'displayName': 'RightFoot'}}, {'type': {'value': 147, 'displayName': 'BlockedY'}, 'value': '50.4'}, {'type': {'value': 80, 'displayName': 'LowRight'}}, {'type': {'value': 154, 'displayName': 'IntentionalAssist'}}, {'type': {'value': 233, 'displayName': 'OppositeRelatedEvent'}, 'value': '680'}, {'type': {'value': 18, 'displayName': 'OutOfBoxCentre'}}, {'type': {'value': 178, 'displayName': 'StandingSave'}}, {'type': {'value': 55, 'displayName': 'RelatedEventId'}, 'value': '559'}, {'type': {'value': 102, 'displayName': 'GoalMouthY'}, 'value': '48.0'}, {'type': {'value': 103, 'displayName': 'GoalMouthZ'}, 'value': '1.3'}, {'type': {'value': 328, 'displayName': 'FirstTouch'}}, {'type': {'value': 22, 'displayName': 'RegularPlay'}}, {'type': {'value': 56, 'displayName': 'Zone'}, 'value': 'Center'}, {'type': {'value': 146, 'displayName': 'BlockedX'}, 'value': '92.5'}, {'type': {'value': 214, 'displayName': 'BigChance'}}]","[91, 9, 10, 201, 2, 3, 12]",True,116317.0,,,559.0,141469.0,92.5,50.4,1.3,48.0,True,,
2610434911.0,680,59,9.0,29,8.1,50.0,65,"{'value': 2, 'displayName': 'SecondHalf'}","{'value': 10, 'displayName': 'Save'}","{'value': 1, 'displayName': 'Successful'}","[{'type': {'value': 56, 'displayName': 'Zone'}, 'value': 'Back'}, {'type': {'value': 173, 'displayName': 'ParriedSafe'}}, {'type': {'value': 182, 'displayName': 'Hands'}}, {'type': {'value': 233, 'displayName': 'OppositeRelatedEvent'}, 'value': '560'}, {'type': {'value': 179, 'displayName': 'DivingSave'}}, {'type': {'value': 11117, 'displayName': 'KeeperSaveObox'}}]","[91, 109, 113, 83, 77, 79, 82]",True,92516.0,,,,,,,,,,,
2610434889.0,561,59,10.0,31,92.6,45.6,65,"{'value': 2, 'displayName': 'SecondHalf'}","{'value': 6, 'displayName': 'CornerAwarded'}","{'value': 1, 'displayName': 'Successful'}","[{'type': {'value': 56, 'displayName': 'Zone'}, 'value': 'Center'}, {'type': {'value': 233, 'displayName': 'OppositeRelatedEvent'}, 'value': '681'}, {'type': {'value': 75, 'displayName': 'MissRight'}}]",[122],False,116317.0,,,,,,,,,,,
2610434937.0,681,59,10.0,29,7.4,54.4,65,"{'value': 2, 'displayName': 'SecondHalf'}","{'value': 6, 'displayName': 'CornerAwarded'}","{'value': 0, 'displayName': 'Unsuccessful'}","[{'type': {'value': 56, 'displayName': 'Zone'}, 'value': 'Back'}, {'type': {'value': 73, 'displayName': 'MissLeft'}}, {'type': {'value': 233, 'displayName': 'OppositeRelatedEvent'}, 'value': '561'}]",[122],False,92516.0,,,,,,,,,,,
2610435717.0,563,59,46.0,31,99.5,0.7,65,"{'value': 2, 'displayName': 'SecondHalf'}","{'value': 1, 'displayName': 'Pass'}","{'value': 1, 'displayName': 'Successful'}","[{'type': {'value': 178, 'displayName': 'StandingSave'}}, {'type': {'value': 6, 'displayName': 'CornerTaken'}}, {'type': {'value': 212, 'displayName': 'Length'}, 'value': '38.6'}, {'type': {'value': 213, 'displayName': 'Angle'}, 'value': '1.70'}, {'type': {'value': 2, 'displayName': 'Cross'}}, {'type': {'value': 154, 'displayName': 'IntentionalAssist'}}, {'type': {'value': 1, 'displayName': 'Longball'}}, {'type': {'value': 140, 'displayName': 'PassEndX'}, 'value': '94.8'}, {'type': {'value': 155, 'displayName': 'Chipped'}}, {'type': {'value': 56, 'displayName': 'Zone'}, 'value': 'Center'}, {'type': {'value': 210, 'displayName': 'ShotAssist'}, 'value': '13'}, {'type': {'value': 141, 'displayName': 'PassEndY'}, 'value': '57.0'}, {'type': {'value': 72, 'displayName': 'LeftFoot'}}, {'type': {'value': 11113, 'displayName': 'KeyPass'}}]","[91, 119, 123, 138, 124, 125, 31, 32, 34, 39, 41, 42, 35, 37, 217, 218]",True,357427.0,94.8,57.0,,,,,,,,,
2610435739.0,564,59,48.0,31,93.9,55.4,65,"{'value': 2, 'displayName': 'SecondHalf'}","{'value': 44, 'displayName': 'Aerial'}","{'value': 1, 'displayName': 'Successful'}","[{'type': {'value': 56, 'displayName': 'Zone'}, 'value': 'Center'}, {'type': {'value': 233, 'displayName': 'OppositeRelatedEvent'}, 'value': '682'}, {'type': {'value': 286, 'displayName': 'Offensive'}}]","[197, 199]",False,116317.0,,,,,,,,,,,
2610435675.0,682,59,48.0,29,6.1,44.6,65,"{'value': 2, 'displayName': 'SecondHalf'}","{'value': 44, 'displayName': 'Aerial'}","{'value': 0, 'displayName': 'Unsuccessful'}","[{'type': {'value': 233, 'displayName': 'OppositeRelatedEvent'}, 'value': '564'}, {'type': {'value': 285, 'displayName': 'Defensive'}}, {'type': {'value': 56, 'displayName': 'Zone'}, 'value': 'Back'}]","[198, 200]",False,322696.0,,,,,,,,,,,
2610435747.0,565,59,48.0,31,94.8,57.0,65,"{'value': 2, 'displayName': 'SecondHalf'}","{'value': 13, 'displayName': 'MissedShots'}","{'value': 1, 'displayName': 'Successful'}","[{'type': {'value': 61, 'displayName': 'SmallBoxLeft'}}, {'type': {'value': 328, 'displayName': 'FirstTouch'}}, {'type': {'value': 55, 'displayName': 'RelatedEventId'}, 'value': '563'}, {'type': {'value': 15, 'displayName': 'Head'}}, {'type': {'value': 56, 'displayName': 'Zone'}, 'value': 'Center'}, {'type': {'value': 154, 'displayName': 'IntentionalAssist'}}, {'type': {'value': 29, 'displayName': 'Assisted'}}, {'type': {'value': 74, 'displayName': 'MissHigh'}}, {'type': {'value': 25, 'displayName': 'FromCorner'}}, {'type': {'value': 102, 'displayName': 'GoalMouthY'}, 'value': '48.1'}, {'type': {'value': 103, 'displayName': 'GoalMouthZ'}, 'value': '81.9'}]","[91, 7, 90, 10, 0, 5, 14]",True,116317.0,,,563.0,357427.0,,,81.9,48.1,True,,
2610436083.0,684,60,3.0,29,4.3,50.1,66,"{'value': 2, 'displayName': 'SecondHalf'}","{'value': 1, 'displayName': 'Pass'}","{'value': 1, 'displayName': 'Successful'}","[{'type': {'value': 141, 'displayName': 'PassEndY'}, 'value': '32.6'}, {'type': {'value': 124, 'displayName': 'GoalKick'}}, {'type': {'value': 140, 'displayName': 'PassEndX'}, 'value': '7.4'}, {'type': {'value': 56, 'displayName': 'Zone'}, 'value': 'Back'}, {'type': {'value': 212, 'displayName': 'Length'}, 'value': '12.3'}, {'type': {'value': 213, 'displayName': 'Angle'}, 'value': '4.98'}]","[91, 117, 30, 36, 38, 215, 218]",True,92516.0,7.4,32.6,,,,,,,,,
2610436093.0,685,60,6.0,29,10.4,25.2,66,"{'value': 2, 'displayName': 'SecondHalf'}","{'value': 1, 'displayName': 'Pass'}","{'value': 1, 'displayName': 'Successful'}","[{'type': {'value': 140, 'displayName': 'PassEndX'}, 'value': '23.6'}, {'type': {'value': 213, 'displayName': 'Angle'}, 'value': '5.58'}, {'type': {'value': 178, 'displayName': 'StandingSave'}}, {'type': {'value': 56, 'displayName': 'Zone'}, 'value': 'Back'}, {'type': {'value': 141, 'displayName': 'PassEndY'}, 'value': '7.9'}, {'type': {'value': 212, 'displayName': 'Length'}, 'value': '18.2'}]","[91, 117, 30, 36, 38, 215, 218]",True,106086.0,23.6,7.9,,,,,,,,,
2610436127.0,686,60,9.0,29,22.0,6.5,66,"{'value': 2, 'displayName': 'SecondHalf'}","{'value': 1, 'displayName': 'Pass'}","{'value': 1, 'displayName': 'Successful'}","[{'type': {'value': 140, 'displayName': 'PassEndX'}, 'value': '26.3'}, {'type': {'value': 141, 'displayName': 'PassEndY'}, 'value': '3.7'}, {'type': {'value': 178, 'displayName': 'StandingSave'}}, {'type': {'value': 213, 'displayName': 'Angle'}, 'value': '5.88'}, {'type': {'value': 212, 'displayName': 'Length'}, 'value': '4.9'}, {'type': {'value': 56, 'displayName': 'Zone'}, 'value': 'Back'}]","[91, 117, 30, 36, 38, 215, 218]",True,111372.0,26.3,3.7,,,,,,,,,
2610436133.0,687,60,11.0,29,31.8,4.5,66,"{'value': 2, 'displayName': 'SecondHalf'}","{'value': 50, 'displayName': 'Dispossessed'}","{'value': 1, 'displayName': 'Successful'}","[{'type': {'value': 285, 'displayName': 'Defensive'}}, {'type': {'value': 56, 'displayName': 'Zone'}, 'value': 'Back'}, {'type': {'value': 233, 'displayName': 'OppositeRelatedEvent'}, 'value': '567'}]","[91, 70]",True,400166.0,,,,,,,,,,,
2610436147.0,567,60,12.0,31,68.2,95.5,66,"{'value': 2, 'displayName': 'SecondHalf'}","{'value': 7, 'displayName': 'Tackle'}","{'value': 1, 'displayName': 'Successful'}","[{'type': {'value': 286, 'displayName': 'Offensive'}}, {'type': {'value': 233, 'displayName': 'OppositeRelatedEvent'}, 'value': '687'}, {'type': {'value': 56, 'displayName': 'Zone'}, 'value': 'Left'}, {'type': {'value': 178, 'displayName': 'StandingSave'}}]","[91, 143]",True,400815.0,,,,,,,,,,,
2610436315.0,689,60,19.0,29,26.9,0.0,66,"{'value': 2, 'displayName': 'SecondHalf'}","{'value': 1, 'displayName': 'Pass'}","{'value': 1, 'displayName': 'Successful'}","[{'type': {'value': 213, 'displayName': 'Angle'}, 'value': '0.44'}, {'type': {'value': 56, 'displayName': 'Zone'}, 'value': 'Back'}, {'type': {'value': 212, 'displayName': 'Length'}, 'value': '12.0'}, {'type': {'value': 140, 'displayName': 'PassEndX'}, 'value': '37.2'}, {'type': {'value': 141, 'displayName': 'PassEndY'}, 'value': '5.6'}, {'type': {'value': 107, 'displayName': 'ThrowIn'}}]","[91, 212, 36, 37, 216]",True,111372.0,37.2,5.6,,,,,,,,,
2610436355.0,690,60,22.0,29,42.6,6.1,66,"{'value': 2, 'displayName': 'SecondHalf'}","{'value': 1, 'displayName': 'Pass'}","{'value': 1, 'displayName': 'Successful'}","[{'type': {'value': 56, 'displayName': 'Zone'}, 'value': 'Back'}, {'type': {'value': 140, 'displayName': 'PassEndX'}, 'value': '33.0'}, {'type': {'value': 141, 'displayName': 'PassEndY'}, 'value': '4.6'}, {'type': {'value': 213, 'displayName': 'Angle'}, 'value': '3.24'}, {'type': {'value': 212, 'displayName': 'Length'}, 'value': '10.1'}, {'type': {'value': 178, 'displayName': 'StandingSave'}}]","[91, 117, 30, 35, 38, 215, 218]",True,322696.0,33.0,4.6,,,,,,,,,
2610436429.0,691,60,24.0,29,31.5,6.5,66,"{'value': 2, 'displayName': 'SecondHalf'}","{'value': 1, 'displayName': 'Pass'}","{'value': 1, 'displayName': 'Successful'}","[{'type': {'value': 56, 'displayName': 'Zone'}, 'value': 'Back'}, {'type': {'value': 178, 'displayName': 'StandingSave'}}, {'type': {'value': 140, 'displayName': 'PassEndX'}, 'value': '20.0'}, {'type': {'value': 141, 'displayName': 'PassEndY'}, 'value': '11.1'}, {'type': {'value': 212, 'displayName': 'Length'}, 'value': '12.5'}, {'type': {'value': 213, 'displayName': 'Angle'}, 'value': '2.89'}]","[91, 117, 30, 35, 37, 215, 218]",True,111372.0,20.0,11.1,,,,,,,,,
2610436495.0,692,60,27.0,29,20.1,14.0,66,"{'value': 2, 'displayName': 'SecondHalf'}","{'value': 1, 'displayName': 'Pass'}","{'value': 1, 'displayName': 'Successful'}","[{'type': {'value': 178, 'displayName': 'StandingSave'}}, {'type': {'value': 56, 'displayName': 'Zone'}, 'value': 'Back'}, {'type': {'value': 140, 'displayName': 'PassEndX'}, 'value': '10.0'}, {'type': {'value': 213, 'displayName': 'Angle'}, 'value': '2.04'}, {'type': {'value': 212, 'displayName': 'Length'}, 'value': '23.7'}, {'type': {'value': 141, 'displayName': 'PassEndY'}, 'value': '45.1'}]","[91, 117, 30, 35, 37, 215, 218]",True,106086.0,10.0,45.1,,,,,,,,,
2610436545.0,693,60,31.0,29,10.6,47.2,66,"{'value': 2, 'displayName': 'SecondHalf'}","{'value': 1, 'displayName': 'Pass'}","{'value': 1, 'displayName': 'Successful'}","[{'type': {'value': 140, 'displayName': 'PassEndX'}, 'value': '26.3'}, {'type': {'value': 56, 'displayName': 'Zone'}, 'value': 'Back'}, {'type': {'value': 212, 'displayName': 'Length'}, 'value': '26.0'}, {'type': {'value': 178, 'displayName': 'StandingSave'}}, {'type': {'value': 141, 'displayName': 'PassEndY'}, 'value': '76.7'}, {'type': {'value': 213, 'displayName': 'Angle'}, 'value': '0.88'}]","[91, 117, 30, 36, 37, 215, 218]",True,92516.0,26.3,76.7,,,,,,,,,
2610436643.0,694,60,34.0,29,28.9,76.0,66,"{'value': 2, 'displayName': 'SecondHalf'}","{'value': 1, 'displayName': 'Pass'}","{'value': 1, 'displayName': 'Successful'}","[{'type': {'value': 140, 'displayName': 'PassEndX'}, 'value': '31.8'}, {'type': {'value': 213, 'displayName': 'Angle'}, 'value': '5.05'}, {'type': {'value': 141, 'displayName': 'PassEndY'}, 'value': '63.3'}, {'type': {'value': 56, 'displayName': 'Zone'}, 'value': 'Back'}, {'type': {'value': 178, 'displayName': 'StandingSave'}}, {'type': {'value': 212, 'displayName': 'Length'}, 'value': '9.2'}]","[91, 117, 30, 36, 38, 215, 218]",True,362434.0,31.8,63.3,,,,,,,,,
2610436713.0,695,60,39.0,29,36.4,47.6,66,"{'value': 2, 'displayName': 'SecondHalf'}","{'value': 1, 'displayName': 'Pass'}","{'value': 1, 'displayName': 'Successful'}","[{'type': {'value': 140, 'displayName': 'PassEndX'}, 'value': '40.5'}, {'type': {'value': 178, 'displayName': 'StandingSave'}}, {'type': {'value': 213, 'displayName': 'Angle'}, 'value': '4.91'}, {'type': {'value': 141, 'displayName': 'PassEndY'}, 'value': '15.5'}, {'type': {'value': 212, 'displayName': 'Length'}, 'value': '22.2'}, {'type': {'value': 56, 'displayName': 'Zone'}, 'value': 'Back'}]","[91, 117, 30, 36, 38, 216, 218]",True,105172.0,40.5,15.5,,,,,,,,,
2610436761.0,696,60,42.0,29,42.3,8.3,66,"{'value': 2, 'displayName': 'SecondHalf'}","{'value': 1, 'displayName': 'Pass'}","{'value': 0, 'displayName': 'Unsuccessful'}","[{'type': {'value': 155, 'displayName': 'Chipped'}}, {'type': {'value': 1, 'displayName': 'Longball'}}, {'type': {'value': 140, 'displayName': 'PassEndX'}, 'value': '71.4'}, {'type': {'value': 141, 'displayName': 'PassEndY'}, 'value': '24.7'}, {'type': {'value': 178, 'displayName': 'StandingSave'}}, {'type': {'value': 213, 'displayName': 'Angle'}, 'value': '0.35'}, {'type': {'value': 212, 'displayName': 'Length'}, 'value': '32.5'}, {'type': {'value': 56, 'displayName': 'Zone'}, 'value': 'Center'}]","[91, 120, 124, 128, 36, 37, 217, 218]",True,106086.0,71.4,24.7,,,,,,,,,
2610436787.0,569,60,45.0,31,27.2,73.6,66,"{'value': 2, 'displayName': 'SecondHalf'}","{'value': 44, 'displayName': 'Aerial'}","{'value': 1, 'displayName': 'Successful'}","[{'type': {'value': 285, 'displayName': 'Defensive'}}, {'type': {'value': 233, 'displayName': 'OppositeRelatedEvent'}, 'value': '697'}, {'type': {'value': 56, 'displayName': 'Zone'}, 'value': 'Back'}]","[197, 200]",False,381045.0,,,,,,,,,,,
2610436773.0,697,60,45.0,29,72.8,26.4,66,"{'value': 2, 'displayName': 'SecondHalf'}","{'value': 44, 'displayName': 'Aerial'}","{'value': 0, 'displayName': 'Unsuccessful'}","[{'type': {'value': 56, 'displayName': 'Zone'}, 'value': 'Center'}, {'type': {'value': 233, 'displayName': 'OppositeRelatedEvent'}, 'value': '569'}, {'type': {'value': 286, 'displayName': 'Offensive'}}]","[198, 199]",False,319756.0,,,,,,,,,,,
2610436813.0,570,60,45.0,31,25.4,71.5,66,"{'value': 2, 'displayName': 'SecondHalf'}","{'value': 1, 'displayName': 'Pass'}","{'value': 0, 'displayName': 'Unsuccessful'}","[{'type': {'value': 141, 'displayName': 'PassEndY'}, 'value': '88.1'}, {'type': {'value': 3, 'displayName': 'HeadPass'}}, {'type': {'value': 212, 'displayName': 'Length'}, 'value': '13.3'}, {'type': {'value': 213, 'displayName': 'Angle'}, 'value': '1.01'}, {'type': {'value': 140, 'displayName': 'PassEndX'}, 'value': '32.1'}, {'type': {'value': 56, 'displayName': 'Zone'}, 'value': 'Back'}]","[91, 118, 120, 29, 139, 36, 37, 215, 218]",True,381045.0,32.1,88.1,,,,,,,,,
2610436847.0,698,60,47.0,29,63.2,6.5,66,"{'value': 2, 'displayName': 'SecondHalf'}","{'value': 1, 'displayName': 'Pass'}","{'value': 1, 'displayName': 'Successful'}","[{'type': {'value': 141, 'displayName': 'PassEndY'}, 'value': '11.4'}, {'type': {'value': 213, 'displayName': 'Angle'}, 'value': '0.46'}, {'type': {'value': 212, 'displayName': 'Length'}, 'value': '7.5'}, {'type': {'value': 3, 'displayName': 'HeadPass'}}, {'type': {'value': 140, 'displayName': 'PassEndX'}, 'value': '69.6'}, {'type': {'value': 56, 'displayName': 'Zone'}, 'value': 'Right'}]","[91, 119, 117, 30, 139, 205, 36, 37, 217, 218]",True,111372.0,69.6,11.4,,,,,,,,,
2610436877.0,699,60,48.0,29,69.6,11.4,66,"{'value': 2, 'displayName': 'SecondHalf'}","{'value': 1, 'displayName': 'Pass'}","{'value': 1, 'displayName': 'Successful'}","[{'type': {'value': 213, 'displayName': 'Angle'}, 'value': '6.11'}, {'type': {'value': 141, 'displayName': 'PassEndY'}, 'value': '7.3'}, {'type': {'value': 140, 'displayName': 'PassEndX'}, 'value': '84.8'}, {'type': {'value': 56, 'displayName': 'Zone'}, 'value': 'Right'}, {'type': {'value': 212, 'displayName': 'Length'}, 'value': '16.2'}, {'type': {'value': 178, 'displayName': 'StandingSave'}}, {'type': {'value': 3, 'displayName': 'HeadPass'}}]","[91, 119, 117, 30, 139, 205, 36, 38, 217, 218]",True,322596.0,84.8,7.3,,,,,,,,,
2610436915.0,700,60,49.0,29,86.6,8.3,66,"{'value': 2, 'displayName': 'SecondHalf'}","{'value': 1, 'displayName': 'Pass'}","{'value': 0, 'displayName': 'Unsuccessful'}","[{'type': {'value': 155, 'displayName': 'Chipped'}}, {'type': {'value': 178, 'displayName': 'StandingSave'}}, {'type': {'value': 141, 'displayName': 'PassEndY'}, 'value': '41.0'}, {'type': {'value': 20, 'displayName': 'RightFoot'}}, {'type': {'value': 2, 'displayName': 'Cross'}}, {'type': {'value': 212, 'displayName': 'Length'}, 'value': '27.1'}, {'type': {'value': 213, 'displayName': 'Angle'}, 'value': '0.96'}, {'type': {'value': 140, 'displayName': 'PassEndX'}, 'value': '100.0'}, {'type': {'value': 56, 'displayName': 'Zone'}, 'value': 'Center'}]","[91, 137, 124, 126, 36, 37, 217, 218]",True,111372.0,100.0,41.0,,,,,,,,,
2610437517.0,572,61,8.0,31,4.3,44.3,67,"{'value': 2, 'displayName': 'SecondHalf'}","{'value': 1, 'displayName': 'Pass'}","{'value': 1, 'displayName': 'Successful'}","[{'type': {'value': 213, 'displayName': 'Angle'}, 'value': '1.33'}, {'type': {'value': 56, 'displayName': 'Zone'}, 'value': 'Back'}, {'type': {'value': 140, 'displayName': 'PassEndX'}, 'value': '11.4'}, {'type': {'value': 212, 'displayName': 'Length'}, 'value': '30.8'}, {'type': {'value': 141, 'displayName': 'PassEndY'}, 'value': '88.2'}, {'type': {'value': 124, 'displayName': 'GoalKick'}}]","[91, 117, 30, 36, 37, 215, 218]",True,110189.0,11.4,88.2,,,,,,,,,
2610634295.0,835,61,13.0,31,16.3,94.2,67,"{'value': 2, 'displayName': 'SecondHalf'}","{'value': 1, 'displayName': 'Pass'}","{'value': 0, 'displayName': 'Unsuccessful'}","[{'type': {'value': 1, 'displayName': 'Longball'}}, {'type': {'value': 155, 'displayName': 'Chipped'}}, {'type': {'value': 141, 'displayName': 'PassEndY'}, 'value': '92.8'}, {'type': {'value': 213, 'displayName': 'Angle'}, 'value': '6.26'}, {'type': {'value': 140, 'displayName': 'PassEndX'}, 'value': '59.2'}, {'type': {'value': 212, 'displayName': 'Length'}, 'value': '45.1'}, {'type': {'value': 178, 'displayName': 'StandingSave'}}, {'type': {'value': 56, 'displayName': 'Zone'}, 'value': 'Left'}]","[91, 120, 124, 128, 36, 38, 216, 218]",True,345516.0,59.2,92.8,,,,,,,,,
2610634543.0,1094,61,16.0,29,40.8,7.2,67,"{'value': 2, 'displayName': 'SecondHalf'}","{'value': 44, 'displayName': 'Aerial'}","{'value': 1, 'displayName': 'Successful'}","[{'type': {'value': 56, 'displayName': 'Zone'}, 'value': 'Back'}, {'type': {'value': 233, 'displayName': 'OppositeRelatedEvent'}, 'value': '836'}, {'type': {'value': 285, 'displayName': 'Defensive'}}]","[197, 200]",False,106086.0,,,,,,,,,,,
2610634547.0,836,61,16.0,31,59.2,92.8,67,"{'value': 2, 'displayName': 'SecondHalf'}","{'value': 44, 'displayName': 'Aerial'}","{'value': 0, 'displayName': 'Unsuccessful'}","[{'type': {'value': 233, 'displayName': 'OppositeRelatedEvent'}, 'value': '1094'}, {'type': {'value': 56, 'displayName': 'Zone'}, 'value': 'Left'}, {'type': {'value': 286, 'displayName': 'Offensive'}}]","[198, 199]",False,116317.0,,,,,,,,,,,
2610634685.0,1095,61,16.0,29,40.8,7.2,67,"{'value': 2, 'displayName': 'SecondHalf'}","{'value': 1, 'displayName': 'Pass'}","{'value': 0, 'displayName': 'Unsuccessful'}","[{'type': {'value': 140, 'displayName': 'PassEndX'}, 'value': '46.0'}, {'type': {'value': 213, 'displayName': 'Angle'}, 'value': '6.04'}, {'type': {'value': 56, 'displayName': 'Zone'}, 'value': 'Back'}, {'type': {'value': 212, 'displayName': 'Length'}, 'value': '5.6'}, {'type': {'value': 3, 'displayName': 'HeadPass'}}, {'type': {'value': 141, 'displayName': 'PassEndY'}, 'value': '5.2'}]","[91, 118, 120, 29, 139, 36, 38, 216, 218]",True,106086.0,46.0,5.2,,,,,,,,,
2610634839.0,837,61,17.0,31,54.0,94.8,67,"{'value': 2, 'displayName': 'SecondHalf'}","{'value': 1, 'displayName': 'Pass'}","{'value': 1, 'displayName': 'Successful'}","[{'type': {'value': 56, 'displayName': 'Zone'}, 'value': 'Left'}, {'type': {'value': 140, 'displayName': 'PassEndX'}, 'value': '63.7'}, {'type': {'value': 141, 'displayName': 'PassEndY'}, 'value': '94.5'}, {'type': {'value': 213, 'displayName': 'Angle'}, 'value': '6.26'}, {'type': {'value': 212, 'displayName': 'Length'}, 'value': '10.2'}, {'type': {'value': 178, 'displayName': 'StandingSave'}}]","[91, 119, 117, 30, 36, 38, 216, 218]",True,357427.0,63.7,94.5,,,,,,,,,
2610444011.0,604,61,19.0,31,65.2,96.2,67,"{'value': 2, 'displayName': 'SecondHalf'}","{'value': 1, 'displayName': 'Pass'}","{'value': 0, 'displayName': 'Unsuccessful'}","[{'type': {'value': 56, 'displayName': 'Zone'}, 'value': 'Left'}, {'type': {'value': 141, 'displayName': 'PassEndY'}, 'value': '95.8'}, {'type': {'value': 178, 'displayName': 'StandingSave'}}, {'type': {'value': 212, 'displayName': 'Length'}, 'value': '3.7'}, {'type': {'value': 140, 'displayName': 'PassEndX'}, 'value': '68.7'}, {'type': {'value': 213, 'displayName': 'Angle'}, 'value': '6.21'}]","[91, 120, 29, 36, 38, 217, 218]",True,116317.0,68.7,95.8,,,,,,,,,
2610437521.0,702,61,20.0,29,20.4,4.4,67,"{'value': 2, 'displayName': 'SecondHalf'}","{'value': 49, 'displayName': 'BallRecovery'}","{'value': 1, 'displayName': 'Successful'}",[],[93],False,111372.0,,,,,,,,,,,
2610437589.0,703,61,21.0,29,19.4,5.6,67,"{'value': 2, 'displayName': 'SecondHalf'}","{'value': 1, 'displayName': 'Pass'}","{'value': 1, 'displayName': 'Successful'}","[{'type': {'value': 141, 'displayName': 'PassEndY'}, 'value': '35.8'}, {'type': {'value': 178, 'displayName': 'StandingSave'}}, {'type': {'value': 213, 'displayName': 'Angle'}, 'value': '2.05'}, {'type': {'value': 56, 'displayName': 'Zone'}, 'value': 'Back'}, {'type': {'value': 212, 'displayName': 'Length'}, 'value': '23.2'}, {'type': {'value': 140, 'displayName': 'PassEndX'}, 'value': '9.2'}]","[91, 117, 30, 35, 37, 215, 218]",True,111372.0,9.2,35.8,,,,,,,,,
2610437659.0,704,61,24.0,29,9.7,36.6,67,"{'value': 2, 'displayName': 'SecondHalf'}","{'value': 1, 'displayName': 'Pass'}","{'value': 1, 'displayName': 'Successful'}","[{'type': {'value': 141, 'displayName': 'PassEndY'}, 'value': '95.3'}, {'type': {'value': 140, 'displayName': 'PassEndX'}, 'value': '31.1'}, {'type': {'value': 212, 'displayName': 'Length'}, 'value': '45.8'}, {'type': {'value': 178, 'displayName': 'StandingSave'}}, {'type': {'value': 213, 'displayName': 'Angle'}, 'value': '1.06'}, {'type': {'value': 1, 'displayName': 'Longball'}}, {'type': {'value': 155, 'displayName': 'Chipped'}}, {'type': {'value': 56, 'displayName': 'Zone'}, 'value': 'Back'}]","[91, 117, 124, 127, 36, 37, 215, 218]",True,92516.0,31.1,95.3,,,,,,,,,
2610437689.0,705,61,28.0,29,32.4,95.1,67,"{'value': 2, 'displayName': 'SecondHalf'}","{'value': 1, 'displayName': 'Pass'}","{'value': 1, 'displayName': 'Successful'}","[{'type': {'value': 213, 'displayName': 'Angle'}, 'value': '6.09'}, {'type': {'value': 141, 'displayName': 'PassEndY'}, 'value': '91.7'}, {'type': {'value': 178, 'displayName': 'StandingSave'}}, {'type': {'value': 212, 'displayName': 'Length'}, 'value': '12.0'}, {'type': {'value': 56, 'displayName': 'Zone'}, 'value': 'Back'}, {'type': {'value': 140, 'displayName': 'PassEndX'}, 'value': '43.6'}]","[91, 117, 30, 36, 38, 216, 218]",True,68049.0,43.6,91.7,,,,,,,,,
2610437693.0,706,61,30.0,29,44.4,90.9,67,"{'value': 2, 'displayName': 'SecondHalf'}","{'value': 1, 'displayName': 'Pass'}","{'value': 1, 'displayName': 'Successful'}","[{'type': {'value': 212, 'displayName': 'Length'}, 'value': '8.7'}, {'type': {'value': 141, 'displayName': 'PassEndY'}, 'value': '83.7'}, {'type': {'value': 140, 'displayName': 'PassEndX'}, 'value': '37.6'}, {'type': {'value': 178, 'displayName': 'StandingSave'}}, {'type': {'value': 213, 'displayName': 'Angle'}, 'value': '3.74'}, {'type': {'value': 156, 'displayName': 'LayOff'}}, {'type': {'value': 56, 'displayName': 'Zone'}, 'value': 'Back'}]","[91, 117, 30, 35, 38, 216, 218]",True,137021.0,37.6,83.7,,,,,,,,,
2610437789.0,707,61,32.0,29,35.2,83.5,67,"{'value': 2, 'displayName': 'SecondHalf'}","{'value': 1, 'displayName': 'Pass'}","{'value': 1, 'displayName': 'Successful'}","[{'type': {'value': 141, 'displayName': 'PassEndY'}, 'value': '77.5'}, {'type': {'value': 178, 'displayName': 'StandingSave'}}, {'type': {'value': 140, 'displayName': 'PassEndX'}, 'value': '24.6'}, {'type': {'value': 212, 'displayName': 'Length'}, 'value': '11.9'}, {'type': {'value': 213, 'displayName': 'Angle'}, 'value': '3.49'}, {'type': {'value': 56, 'displayName': 'Zone'}, 'value': 'Back'}]","[91, 117, 30, 35, 38, 215, 218]",True,68049.0,24.6,77.5,,,,,,,,,
2610437845.0,708,61,35.0,29,26.4,68.1,67,"{'value': 2, 'displayName': 'SecondHalf'}","{'value': 1, 'displayName': 'Pass'}","{'value': 1, 'displayName': 'Successful'}","[{'type': {'value': 212, 'displayName': 'Length'}, 'value': '25.9'}, {'type': {'value': 141, 'displayName': 'PassEndY'}, 'value': '30.1'}, {'type': {'value': 56, 'displayName': 'Zone'}, 'value': 'Back'}, {'type': {'value': 213, 'displayName': 'Angle'}, 'value': '4.74'}, {'type': {'value': 178, 'displayName': 'StandingSave'}}, {'type': {'value': 140, 'displayName': 'PassEndX'}, 'value': '27.2'}]","[91, 117, 30, 36, 38, 215, 218]",True,362434.0,27.2,30.1,,,,,,,,,
2610437893.0,709,61,37.0,29,27.6,27.9,67,"{'value': 2, 'displayName': 'SecondHalf'}","{'value': 1, 'displayName': 'Pass'}","{'value': 1, 'displayName': 'Successful'}","[{'type': {'value': 56, 'displayName': 'Zone'}, 'value': 'Back'}, {'type': {'value': 140, 'displayName': 'PassEndX'}, 'value': '32.2'}, {'type': {'value': 212, 'displayName': 'Length'}, 'value': '16.8'}, {'type': {'value': 141, 'displayName': 'PassEndY'}, 'value': '4.3'}, {'type': {'value': 178, 'displayName': 'StandingSave'}}, {'type': {'value': 213, 'displayName': 'Angle'}, 'value': '5.00'}]","[91, 117, 30, 36, 38, 215, 218]",True,106086.0,32.2,4.3,,,,,,,,,
2610437947.0,710,61,40.0,29,29.9,7.1,67,"{'value': 2, 'displayName': 'SecondHalf'}","{'value': 1, 'displayName': 'Pass'}","{'value': 1, 'displayName': 'Successful'}","[{'type': {'value': 178, 'displayName': 'StandingSave'}}, {'type': {'value': 141, 'displayName': 'PassEndY'}, 'value': '20.9'}, {'type': {'value': 140, 'displayName': 'PassEndX'}, 'value': '22.9'}, {'type': {'value': 56, 'displayName': 'Zone'}, 'value': 'Back'}, {'type': {'value': 213, 'displayName': 'Angle'}, 'value': '2.24'}, {'type': {'value': 212, 'displayName': 'Length'}, 'value': '11.9'}]","[91, 117, 30, 35, 37, 215, 218]",True,111372.0,22.9,20.9,,,,,,,,,
2610438023.0,711,61,42.0,29,22.9,20.9,67,"{'value': 2, 'displayName': 'SecondHalf'}","{'value': 1, 'displayName': 'Pass'}","{'value': 1, 'displayName': 'Successful'}","[{'type': {'value': 140, 'displayName': 'PassEndX'}, 'value': '30.3'}, {'type': {'value': 178, 'displayName': 'StandingSave'}}, {'type': {'value': 56, 'displayName': 'Zone'}, 'value': 'Back'}, {'type': {'value': 213, 'displayName': 'Angle'}, 'value': '0.84'}, {'type': {'value': 141, 'displayName': 'PassEndY'}, 'value': '33.6'}, {'type': {'value': 212, 'displayName': 'Length'}, 'value': '11.6'}]","[91, 117, 30, 36, 37, 215, 218]",True,106086.0,30.3,33.6,,,,,,,,,
2610438077.0,712,61,47.0,29,33.0,43.9,67,"{'value': 2, 'displayName': 'SecondHalf'}","{'value': 1, 'displayName': 'Pass'}","{'value': 1, 'displayName': 'Successful'}","[{'type': {'value': 212, 'displayName': 'Length'}, 'value': '20.7'}, {'type': {'value': 140, 'displayName': 'PassEndX'}, 'value': '28.5'}, {'type': {'value': 141, 'displayName': 'PassEndY'}, 'value': '73.5'}, {'type': {'value': 56, 'displayName': 'Zone'}, 'value': 'Back'}, {'type': {'value': 178, 'displayName': 'StandingSave'}}, {'type': {'value': 213, 'displayName': 'Angle'}, 'value': '1.80'}]","[91, 117, 30, 35, 37, 215, 218]",True,105172.0,28.5,73.5,,,,,,,,,
2610438115.0,713,61,50.0,29,28.3,74.4,67,"{'value': 2, 'displayName': 'SecondHalf'}","{'value': 1, 'displayName': 'Pass'}","{'value': 0, 'displayName': 'Unsuccessful'}","[{'type': {'value': 141, 'displayName': 'PassEndY'}, 'value': '94.7'}, {'type': {'value': 1, 'displayName': 'Longball'}}, {'type': {'value': 155, 'displayName': 'Chipped'}}, {'type': {'value': 140, 'displayName': 'PassEndX'}, 'value': '66.5'}, {'type': {'value': 178, 'displayName': 'StandingSave'}}, {'type': {'value': 213, 'displayName': 'Angle'}, 'value': '0.33'}, {'type': {'value': 56, 'displayName': 'Zone'}, 'value': 'Left'}, {'type': {'value': 212, 'displayName': 'Length'}, 'value': '42.4'}]","[91, 120, 124, 128, 36, 37, 216, 218]",True,362434.0,66.5,94.7,,,,,,,,,
2610438183.0,573,61,52.0,31,35.0,3.2,67,"{'value': 2, 'displayName': 'SecondHalf'}","{'value': 1, 'displayName': 'Pass'}","{'value': 1, 'displayName': 'Successful'}","[{'type': {'value': 3, 'displayName': 'HeadPass'}}, {'type': {'value': 212, 'displayName': 'Length'}, 'value': '12.2'}, {'type': {'value': 141, 'displayName': 'PassEndY'}, 'value': '3.1'}, {'type': {'value': 213, 'displayName': 'Angle'}, 'value': '6.28'}, {'type': {'value': 56, 'displayName': 'Zone'}, 'value': 'Back'}, {'type': {'value': 140, 'displayName': 'PassEndX'}, 'value': '46.6'}]","[91, 117, 30, 139, 36, 38, 216, 218]",True,396975.0,46.6,3.1,,,,,,,,,
2610438195.0,574,61,54.0,31,46.8,3.5,67,"{'value': 2, 'displayName': 'SecondHalf'}","{'value': 49, 'displayName': 'BallRecovery'}","{'value': 1, 'displayName': 'Successful'}",[],[93],False,317896.0,,,,,,,,,,,
2610438255.0,575,61,57.0,31,63.9,3.4,67,"{'value': 2, 'displayName': 'SecondHalf'}","{'value': 1, 'displayName': 'Pass'}","{'value': 0, 'displayName': 'Unsuccessful'}","[{'type': {'value': 155, 'displayName': 'Chipped'}}, {'type': {'value': 178, 'displayName': 'StandingSave'}}, {'type': {'value': 141, 'displayName': 'PassEndY'}, 'value': '28.2'}, {'type': {'value': 56, 'displayName': 'Zone'}, 'value': 'Center'}, {'type': {'value': 4, 'displayName': 'Throughball'}}, {'type': {'value': 212, 'displayName': 'Length'}, 'value': '30.3'}, {'type': {'value': 140, 'displayName': 'PassEndX'}, 'value': '87.9'}, {'type': {'value': 213, 'displayName': 'Angle'}, 'value': '0.59'}]","[91, 120, 29, 124, 130, 36, 37, 217, 218]",True,317896.0,87.9,28.2,,,,,,,,,
2610438271.0,714,62,0.0,29,12.8,71.2,68,"{'value': 2, 'displayName': 'SecondHalf'}","{'value': 52, 'displayName': 'KeeperPickup'}","{'value': 1, 'displayName': 'Successful'}","[{'type': {'value': 178, 'displayName': 'StandingSave'}}]",[93],False,92516.0,,,,,,,,,,,
2610438363.0,716,62,1.0,29,12.3,68.4,68,"{'value': 2, 'displayName': 'SecondHalf'}","{'value': 1, 'displayName': 'Pass'}","{'value': 1, 'displayName': 'Successful'}","[{'type': {'value': 213, 'displayName': 'Angle'}, 'value': '6.20'}, {'type': {'value': 56, 'displayName': 'Zone'}, 'value': 'Back'}, {'type': {'value': 178, 'displayName': 'StandingSave'}}, {'type': {'value': 140, 'displayName': 'PassEndX'}, 'value': '28.7'}, {'type': {'value': 123, 'displayName': 'KeeperThrow'}}, {'type': {'value': 212, 'displayName': 'Length'}, 'value': '17.3'}, {'type': {'value': 141, 'displayName': 'PassEndY'}, 'value': '66.3'}]","[91, 36, 38, 215, 218]",True,92516.0,28.7,66.3,,,,,,,,,
2610438421.0,717,62,5.0,29,34.8,64.6,68,"{'value': 2, 'displayName': 'SecondHalf'}","{'value': 1, 'displayName': 'Pass'}","{'value': 1, 'displayName': 'Successful'}","[{'type': {'value': 56, 'displayName': 'Zone'}, 'value': 'Left'}, {'type': {'value': 212, 'displayName': 'Length'}, 'value': '29.5'}, {'type': {'value': 213, 'displayName': 'Angle'}, 'value': '0.82'}, {'type': {'value': 140, 'displayName': 'PassEndX'}, 'value': '53.9'}, {'type': {'value': 178, 'displayName': 'StandingSave'}}, {'type': {'value': 141, 'displayName': 'PassEndY'}, 'value': '96.5'}]","[91, 119, 117, 30, 36, 37, 216, 218]",True,105172.0,53.9,96.5,,,,,,,,,
2610438471.0,718,62,7.0,29,53.9,96.5,68,"{'value': 2, 'displayName': 'SecondHalf'}","{'value': 1, 'displayName': 'Pass'}","{'value': 1, 'displayName': 'Successful'}","[{'type': {'value': 178, 'displayName': 'StandingSave'}}, {'type': {'value': 56, 'displayName': 'Zone'}, 'value': 'Back'}, {'type': {'value': 213, 'displayName': 'Angle'}, 'value': '3.17'}, {'type': {'value': 212, 'displayName': 'Length'}, 'value': '11.7'}, {'type': {'value': 140, 'displayName': 'PassEndX'}, 'value': '42.8'}, {'type': {'value': 141, 'displayName': 'PassEndY'}, 'value': '96.0'}]","[91, 117, 30, 35, 38, 216, 218]",True,137021.0,42.8,96.0,,,,,,,,,
2610438551.0,719,62,10.0,29,43.6,96.0,68,"{'value': 2, 'displayName': 'SecondHalf'}","{'value': 1, 'displayName': 'Pass'}","{'value': 1, 'displayName': 'Successful'}","[{'type': {'value': 141, 'displayName': 'PassEndY'}, 'value': '95.1'}, {'type': {'value': 56, 'displayName': 'Zone'}, 'value': 'Left'}, {'type': {'value': 212, 'displayName': 'Length'}, 'value': '12.0'}, {'type': {'value': 213, 'displayName': 'Angle'}, 'value': '6.23'}, {'type': {'value': 140, 'displayName': 'PassEndX'}, 'value': '55.0'}, {'type': {'value': 178, 'displayName': 'StandingSave'}}]","[91, 119, 117, 30, 36, 38, 216, 218]",True,68049.0,55.0,95.1,,,,,,,,,
2610438609.0,720,62,14.0,29,45.8,68.2,68,"{'value': 2, 'displayName': 'SecondHalf'}","{'value': 1, 'displayName': 'Pass'}","{'value': 1, 'displayName': 'Successful'}","[{'type': {'value': 140, 'displayName': 'PassEndX'}, 'value': '43.1'}, {'type': {'value': 141, 'displayName': 'PassEndY'}, 'value': '46.9'}, {'type': {'value': 178, 'displayName': 'StandingSave'}}, {'type': {'value': 212, 'displayName': 'Length'}, 'value': '14.8'}, {'type': {'value': 213, 'displayName': 'Angle'}, 'value': '4.52'}, {'type': {'value': 56, 'displayName': 'Zone'}, 'value': 'Back'}]","[91, 117, 30, 35, 38, 216, 218]",True,137021.0,43.1,46.9,,,,,,,,,
2610438707.0,721,62,17.0,29,47.9,35.7,68,"{'value': 2, 'displayName': 'SecondHalf'}","{'value': 1, 'displayName': 'Pass'}","{'value': 1, 'displayName': 'Successful'}","[{'type': {'value': 140, 'displayName': 'PassEndX'}, 'value': '62.3'}, {'type': {'value': 213, 'displayName': 'Angle'}, 'value': '6.02'}, {'type': {'value': 212, 'displayName': 'Length'}, 'value': '15.7'}, {'type': {'value': 56, 'displayName': 'Zone'}, 'value': 'Center'}, {'type': {'value': 178, 'displayName': 'StandingSave'}}, {'type': {'value': 141, 'displayName': 'PassEndY'}, 'value': '29.7'}]","[91, 119, 117, 30, 36, 38, 216, 218]",True,322696.0,62.3,29.7,,,,,,,,,
2610438709.0,722,62,19.0,29,65.6,24.0,68,"{'value': 2, 'displayName': 'SecondHalf'}","{'value': 61, 'displayName': 'BallTouch'}","{'value': 1, 'displayName': 'Successful'}","[{'type': {'value': 56, 'displayName': 'Zone'}, 'value': 'Center'}]",[91],True,400166.0,,,,,,,,,,,
2610438815.0,723,62,22.0,29,69.2,31.4,68,"{'value': 2, 'displayName': 'SecondHalf'}","{'value': 4, 'displayName': 'Foul'}","{'value': 1, 'displayName': 'Successful'}","[{'type': {'value': 56, 'displayName': 'Zone'}, 'value': 'Center'}, {'type': {'value': 286, 'displayName': 'Offensive'}}, {'type': {'value': 233, 'displayName': 'OppositeRelatedEvent'}, 'value': '576'}, {'type': {'value': 13, 'displayName': 'Foul'}}]","[91, 63]",True,322596.0,,,,,,,,,,,
2610438825.0,576,62,22.0,31,30.8,68.6,68,"{'value': 2, 'displayName': 'SecondHalf'}","{'value': 4, 'displayName': 'Foul'}","{'value': 0, 'displayName': 'Unsuccessful'}","[{'type': {'value': 178, 'displayName': 'StandingSave'}}, {'type': {'value': 56, 'displayName': 'Zone'}, 'value': 'Back'}, {'type': {'value': 233, 'displayName': 'OppositeRelatedEvent'}, 'value': '723'}, {'type': {'value': 13, 'displayName': 'Foul'}}, {'type': {'value': 285, 'displayName': 'Defensive'}}]",[64],False,400815.0,,,,,,,,,,,
2610440403.0,725,63,44.0,29,75.9,33.2,69,"{'value': 2, 'displayName': 'SecondHalf'}","{'value': 1, 'displayName': 'Pass'}","{'value': 0, 'displayName': 'Unsuccessful'}","[{'type': {'value': 56, 'displayName': 'Zone'}, 'value': 'Center'}, {'type': {'value': 140, 'displayName': 'PassEndX'}, 'value': '91.2'}, {'type': {'value': 5, 'displayName': 'FreekickTaken'}}, {'type': {'value': 141, 'displayName': 'PassEndY'}, 'value': '58.1'}, {'type': {'value': 178, 'displayName': 'StandingSave'}}, {'type': {'value': 155, 'displayName': 'Chipped'}}, {'type': {'value': 213, 'displayName': 'Angle'}, 'value': '0.81'}, {'type': {'value': 212, 'displayName': 'Length'}, 'value': '23.3'}]","[91, 120, 29, 124, 133, 36, 37, 217, 218]",True,105172.0,91.2,58.1,,,,,,,,,
2610440417.0,579,63,45.0,31,7.6,42.7,69,"{'value': 2, 'displayName': 'SecondHalf'}","{'value': 12, 'displayName': 'Clearance'}","{'value': 1, 'displayName': 'Successful'}","[{'type': {'value': 141, 'displayName': 'PassEndY'}, 'value': '25.8'}, {'type': {'value': 213, 'displayName': 'Angle'}, 'value': '4.28'}, {'type': {'value': 140, 'displayName': 'PassEndX'}, 'value': '2.6'}, {'type': {'value': 15, 'displayName': 'Head'}}, {'type': {'value': 212, 'displayName': 'Length'}, 'value': '12.6'}, {'type': {'value': 56, 'displayName': 'Zone'}, 'value': 'Back'}]","[91, 94, 95, 57, 215]",True,381045.0,2.6,25.8,,,,,,,,,
2610440437.0,726,63,46.0,29,97.7,70.7,69,"{'value': 2, 'displayName': 'SecondHalf'}","{'value': 1, 'displayName': 'Pass'}","{'value': 0, 'displayName': 'Unsuccessful'}","[{'type': {'value': 212, 'displayName': 'Length'}, 'value': '7.3'}, {'type': {'value': 213, 'displayName': 'Angle'}, 'value': '4.41'}, {'type': {'value': 178, 'displayName': 'StandingSave'}}, {'type': {'value': 140, 'displayName': 'PassEndX'}, 'value': '95.6'}, {'type': {'value': 141, 'displayName': 'PassEndY'}, 'value': '60.4'}, {'type': {'value': 56, 'displayName': 'Zone'}, 'value': 'Center'}]","[91, 120, 29, 35, 38, 217, 218]",True,137021.0,95.6,60.4,,,,,,,,,
2610440479.0,580,63,47.0,31,6.4,29.2,69,"{'value': 2, 'displayName': 'SecondHalf'}","{'value': 49, 'displayName': 'BallRecovery'}","{'value': 1, 'displayName': 'Successful'}",[],[93],False,357427.0,,,,,,,,,,,
2610440523.0,581,63,48.0,31,7.2,28.3,69,"{'value': 2, 'displayName': 'SecondHalf'}","{'value': 12, 'displayName': 'Clearance'}","{'value': 1, 'displayName': 'Successful'}","[{'type': {'value': 213, 'displayName': 'Angle'}, 'value': '5.47'}, {'type': {'value': 141, 'displayName': 'PassEndY'}, 'value': '0.0'}, {'type': {'value': 212, 'displayName': 'Length'}, 'value': '27.9'}, {'type': {'value': 140, 'displayName': 'PassEndX'}, 'value': '25.4'}, {'type': {'value': 56, 'displayName': 'Zone'}, 'value': 'Back'}, {'type': {'value': 178, 'displayName': 'StandingSave'}}]","[91, 94, 95, 215]",True,357427.0,25.4,0.0,,,,,,,,,
2610440943.0,728,64,5.0,29,71.4,100.0,70,"{'value': 2, 'displayName': 'SecondHalf'}","{'value': 1, 'displayName': 'Pass'}","{'value': 1, 'displayName': 'Successful'}","[{'type': {'value': 107, 'displayName': 'ThrowIn'}}, {'type': {'value': 141, 'displayName': 'PassEndY'}, 'value': '94.2'}, {'type': {'value': 140, 'displayName': 'PassEndX'}, 'value': '56.1'}, {'type': {'value': 213, 'displayName': 'Angle'}, 'value': '3.46'}, {'type': {'value': 212, 'displayName': 'Length'}, 'value': '16.9'}, {'type': {'value': 56, 'displayName': 'Zone'}, 'value': 'Left'}]","[91, 212, 35, 38, 216]",True,68049.0,56.1,94.2,,,,,,,,,
2610441015.0,729,64,9.0,29,57.2,86.8,70,"{'value': 2, 'displayName': 'SecondHalf'}","{'value': 1, 'displayName': 'Pass'}","{'value': 1, 'displayName': 'Successful'}","[{'type': {'value': 141, 'displayName': 'PassEndY'}, 'value': '45.4'}, {'type': {'value': 140, 'displayName': 'PassEndX'}, 'value': '53.2'}, {'type': {'value': 56, 'displayName': 'Zone'}, 'value': 'Center'}, {'type': {'value': 212, 'displayName': 'Length'}, 'value': '28.5'}, {'type': {'value': 178, 'displayName': 'StandingSave'}}, {'type': {'value': 213, 'displayName': 'Angle'}, 'value': '4.56'}]","[91, 119, 117, 30, 35, 38, 216, 218]",True,322696.0,53.2,45.4,,,,,,,,,
2610441059.0,730,64,12.0,29,47.4,44.7,70,"{'value': 2, 'displayName': 'SecondHalf'}","{'value': 1, 'displayName': 'Pass'}","{'value': 1, 'displayName': 'Successful'}","[{'type': {'value': 56, 'displayName': 'Zone'}, 'value': 'Right'}, {'type': {'value': 178, 'displayName': 'StandingSave'}}, {'type': {'value': 213, 'displayName': 'Angle'}, 'value': '5.04'}, {'type': {'value': 140, 'displayName': 'PassEndX'}, 'value': '54.0'}, {'type': {'value': 141, 'displayName': 'PassEndY'}, 'value': '14.5'}, {'type': {'value': 212, 'displayName': 'Length'}, 'value': '21.7'}]","[91, 119, 117, 30, 36, 38, 216, 218]",True,106086.0,54.0,14.5,,,,,,,,,
2610441109.0,731,64,15.0,29,56.2,6.2,70,"{'value': 2, 'displayName': 'SecondHalf'}","{'value': 1, 'displayName': 'Pass'}","{'value': 1, 'displayName': 'Successful'}","[{'type': {'value': 212, 'displayName': 'Length'}, 'value': '10.4'}, {'type': {'value': 213, 'displayName': 'Angle'}, 'value': '6.24'}, {'type': {'value': 56, 'displayName': 'Zone'}, 'value': 'Right'}, {'type': {'value': 140, 'displayName': 'PassEndX'}, 'value': '66.1'}, {'type': {'value': 178, 'displayName': 'StandingSave'}}, {'type': {'value': 141, 'displayName': 'PassEndY'}, 'value': '5.5'}]","[91, 119, 117, 30, 36, 38, 216, 218]",True,111372.0,66.1,5.5,,,,,,,,,
2610441119.0,732,64,17.0,29,64.4,10.8,70,"{'value': 2, 'displayName': 'SecondHalf'}","{'value': 61, 'displayName': 'BallTouch'}","{'value': 0, 'displayName': 'Unsuccessful'}","[{'type': {'value': 56, 'displayName': 'Zone'}, 'value': 'Right'}, {'type': {'value': 178, 'displayName': 'StandingSave'}}]","[91, 69]",True,322596.0,,,,,,,,,,,
2610441163.0,584,64,18.0,31,43.6,95.1,70,"{'value': 2, 'displayName': 'SecondHalf'}","{'value': 49, 'displayName': 'BallRecovery'}","{'value': 1, 'displayName': 'Successful'}",[],[93],False,116317.0,,,,,,,,,,,
2610441307.0,585,64,24.0,31,65.0,85.6,70,"{'value': 2, 'displayName': 'SecondHalf'}","{'value': 1, 'displayName': 'Pass'}","{'value': 1, 'displayName': 'Successful'}","[{'type': {'value': 178, 'displayName': 'StandingSave'}}, {'type': {'value': 213, 'displayName': 'Angle'}, 'value': '3.97'}, {'type': {'value': 212, 'displayName': 'Length'}, 'value': '16.4'}, {'type': {'value': 141, 'displayName': 'PassEndY'}, 'value': '67.8'}, {'type': {'value': 140, 'displayName': 'PassEndX'}, 'value': '54.4'}, {'type': {'value': 56, 'displayName': 'Zone'}, 'value': 'Center'}]","[91, 119, 117, 30, 35, 38, 216, 218]",True,116317.0,54.4,67.8,,,,,,,,,
2610441351.0,586,64,26.0,31,51.1,66.3,70,"{'value': 2, 'displayName': 'SecondHalf'}","{'value': 1, 'displayName': 'Pass'}","{'value': 1, 'displayName': 'Successful'}","[{'type': {'value': 140, 'displayName': 'PassEndX'}, 'value': '40.7'}, {'type': {'value': 213, 'displayName': 'Angle'}, 'value': '3.15'}, {'type': {'value': 56, 'displayName': 'Zone'}, 'value': 'Back'}, {'type': {'value': 178, 'displayName': 'StandingSave'}}, {'type': {'value': 212, 'displayName': 'Length'}, 'value': '10.9'}, {'type': {'value': 141, 'displayName': 'PassEndY'}, 'value': '66.1'}]","[91, 117, 30, 35, 38, 216, 218]",True,400815.0,40.7,66.1,,,,,,,,,
2610441423.0,587,64,28.0,31,39.8,66.7,70,"{'value': 2, 'displayName': 'SecondHalf'}","{'value': 1, 'displayName': 'Pass'}","{'value': 1, 'displayName': 'Successful'}","[{'type': {'value': 212, 'displayName': 'Length'}, 'value': '28.0'}, {'type': {'value': 141, 'displayName': 'PassEndY'}, 'value': '52.1'}, {'type': {'value': 56, 'displayName': 'Zone'}, 'value': 'Back'}, {'type': {'value': 178, 'displayName': 'StandingSave'}}, {'type': {'value': 213, 'displayName': 'Angle'}, 'value': '3.50'}, {'type': {'value': 140, 'displayName': 'PassEndX'}, 'value': '14.9'}]","[91, 117, 30, 35, 38, 215, 218]",True,381045.0,14.9,52.1,,,,,,,,,
2610441515.0,588,64,32.0,31,15.3,48.7,70,"{'value': 2, 'displayName': 'SecondHalf'}","{'value': 1, 'displayName': 'Pass'}","{'value': 1, 'displayName': 'Successful'}","[{'type': {'value': 141, 'displayName': 'PassEndY'}, 'value': '17.3'}, {'type': {'value': 212, 'displayName': 'Length'}, 'value': '30.2'}, {'type': {'value': 140, 'displayName': 'PassEndX'}, 'value': '35.6'}, {'type': {'value': 178, 'displayName': 'StandingSave'}}, {'type': {'value': 56, 'displayName': 'Zone'}, 'value': 'Back'}, {'type': {'value': 213, 'displayName': 'Angle'}, 'value': '5.50'}]","[91, 117, 30, 36, 38, 216, 218]",True,110189.0,35.6,17.3,,,,,,,,,
2610441609.0,589,64,37.0,31,41.3,14.9,70,"{'value': 2, 'displayName': 'SecondHalf'}","{'value': 1, 'displayName': 'Pass'}","{'value': 1, 'displayName': 'Successful'}","[{'type': {'value': 56, 'displayName': 'Zone'}, 'value': 'Center'}, {'type': {'value': 213, 'displayName': 'Angle'}, 'value': '0.34'}, {'type': {'value': 140, 'displayName': 'PassEndX'}, 'value': '72.3'}, {'type': {'value': 1, 'displayName': 'Longball'}}, {'type': {'value': 141, 'displayName': 'PassEndY'}, 'value': '31.9'}, {'type': {'value': 212, 'displayName': 'Length'}, 'value': '34.5'}, {'type': {'value': 178, 'displayName': 'StandingSave'}}]","[91, 119, 117, 127, 205, 36, 37, 217, 218]",True,131464.0,72.3,31.9,,,,,,,,,
2610441621.0,590,64,41.0,31,72.5,24.1,70,"{'value': 2, 'displayName': 'SecondHalf'}","{'value': 1, 'displayName': 'Pass'}","{'value': 1, 'displayName': 'Successful'}","[{'type': {'value': 140, 'displayName': 'PassEndX'}, 'value': '78.3'}, {'type': {'value': 56, 'displayName': 'Zone'}, 'value': 'Center'}, {'type': {'value': 141, 'displayName': 'PassEndY'}, 'value': '52.2'}, {'type': {'value': 212, 'displayName': 'Length'}, 'value': '20.1'}, {'type': {'value': 213, 'displayName': 'Angle'}, 'value': '1.26'}, {'type': {'value': 178, 'displayName': 'StandingSave'}}]","[91, 119, 117, 30, 205, 36, 37, 217, 218]",True,141469.0,78.3,52.2,,,,,,,,,
2610441673.0,591,64,42.0,31,78.3,52.2,70,"{'value': 2, 'displayName': 'SecondHalf'}","{'value': 1, 'displayName': 'Pass'}","{'value': 1, 'displayName': 'Successful'}","[{'type': {'value': 140, 'displayName': 'PassEndX'}, 'value': '71.4'}, {'type': {'value': 178, 'displayName': 'StandingSave'}}, {'type': {'value': 141, 'displayName': 'PassEndY'}, 'value': '56.0'}, {'type': {'value': 56, 'displayName': 'Zone'}, 'value': 'Center'}, {'type': {'value': 213, 'displayName': 'Angle'}, 'value': '2.80'}, {'type': {'value': 212, 'displayName': 'Length'}, 'value': '7.7'}, {'type': {'value': 210, 'displayName': 'ShotAssist'}, 'value': '15'}, {'type': {'value': 11113, 'displayName': 'KeyPass'}}]","[91, 119, 117, 30, 123, 205, 40, 46, 35, 37, 217, 218]",True,116317.0,71.4,56.0,,,,,,,,,
2610441685.0,592,64,44.0,31,72.4,54.8,70,"{'value': 2, 'displayName': 'SecondHalf'}","{'value': 15, 'displayName': 'SavedShot'}","{'value': 1, 'displayName': 'Successful'}","[{'type': {'value': 103, 'displayName': 'GoalMouthZ'}, 'value': '32.9'}, {'type': {'value': 215, 'displayName': 'IndividualPlay'}}, {'type': {'value': 146, 'displayName': 'BlockedX'}, 'value': '98.2'}, {'type': {'value': 18, 'displayName': 'OutOfBoxCentre'}}, {'type': {'value': 56, 'displayName': 'Zone'}, 'value': 'Center'}, {'type': {'value': 178, 'displayName': 'StandingSave'}}, {'type': {'value': 147, 'displayName': 'BlockedY'}, 'value': '51.3'}, {'type': {'value': 72, 'displayName': 'LeftFoot'}}, {'type': {'value': 79, 'displayName': 'HighCentre'}}, {'type': {'value': 29, 'displayName': 'Assisted'}}, {'type': {'value': 22, 'displayName': 'RegularPlay'}}, {'type': {'value': 55, 'displayName': 'RelatedEventId'}, 'value': '591'}, {'type': {'value': 102, 'displayName': 'GoalMouthY'}, 'value': '50.3'}, {'type': {'value': 233, 'displayName': 'OppositeRelatedEvent'}, 'value': '733'}]","[91, 9, 10, 2, 3, 13]",True,357427.0,,,591.0,116317.0,98.2,51.3,32.9,50.3,True,,
2610441725.0,733,64,45.0,29,1.5,49.7,70,"{'value': 2, 'displayName': 'SecondHalf'}","{'value': 10, 'displayName': 'Save'}","{'value': 1, 'displayName': 'Successful'}","[{'type': {'value': 233, 'displayName': 'OppositeRelatedEvent'}, 'value': '592'}, {'type': {'value': 173, 'displayName': 'ParriedSafe'}}, {'type': {'value': 56, 'displayName': 'Zone'}, 'value': 'Back'}, {'type': {'value': 182, 'displayName': 'Hands'}}, {'type': {'value': 11117, 'displayName': 'KeeperSaveObox'}}]","[91, 109, 113, 77, 79, 82]",True,92516.0,,,,,,,,,,,
2610441699.0,593,64,45.0,31,92.0,54.6,70,"{'value': 2, 'displayName': 'SecondHalf'}","{'value': 6, 'displayName': 'CornerAwarded'}","{'value': 1, 'displayName': 'Successful'}","[{'type': {'value': 233, 'displayName': 'OppositeRelatedEvent'}, 'value': '734'}, {'type': {'value': 75, 'displayName': 'MissRight'}}, {'type': {'value': 56, 'displayName': 'Zone'}, 'value': 'Center'}]",[122],False,357427.0,,,,,,,,,,,
2610441743.0,734,64,45.0,29,8.0,45.4,70,"{'value': 2, 'displayName': 'SecondHalf'}","{'value': 6, 'displayName': 'CornerAwarded'}","{'value': 0, 'displayName': 'Unsuccessful'}","[{'type': {'value': 73, 'displayName': 'MissLeft'}}, {'type': {'value': 56, 'displayName': 'Zone'}, 'value': 'Back'}, {'type': {'value': 233, 'displayName': 'OppositeRelatedEvent'}, 'value': '593'}]",[122],False,92516.0,,,,,,,,,,,
2610442511.0,594,65,22.0,31,99.7,0.4,71,"{'value': 2, 'displayName': 'SecondHalf'}","{'value': 1, 'displayName': 'Pass'}","{'value': 1, 'displayName': 'Successful'}","[{'type': {'value': 212, 'displayName': 'Length'}, 'value': '60.3'}, {'type': {'value': 141, 'displayName': 'PassEndY'}, 'value': '88.4'}, {'type': {'value': 155, 'displayName': 'Chipped'}}, {'type': {'value': 72, 'displayName': 'LeftFoot'}}, {'type': {'value': 1, 'displayName': 'Longball'}}, {'type': {'value': 140, 'displayName': 'PassEndX'}, 'value': '92.4'}, {'type': {'value': 56, 'displayName': 'Zone'}, 'value': 'Left'}, {'type': {'value': 213, 'displayName': 'Angle'}, 'value': '1.70'}, {'type': {'value': 178, 'displayName': 'StandingSave'}}, {'type': {'value': 2, 'displayName': 'Cross'}}, {'type': {'value': 6, 'displayName': 'CornerTaken'}}]","[91, 119, 138, 124, 125, 31, 32, 34, 35, 37, 217, 218]",True,357427.0,92.4,88.4,,,,,,,,,
2610442521.0,595,65,30.0,31,87.7,95.1,71,"{'value': 2, 'displayName': 'SecondHalf'}","{'value': 50, 'displayName': 'Dispossessed'}","{'value': 1, 'displayName': 'Successful'}","[{'type': {'value': 233, 'displayName': 'OppositeRelatedEvent'}, 'value': '735'}, {'type': {'value': 286, 'displayName': 'Offensive'}}, {'type': {'value': 56, 'displayName': 'Zone'}, 'value': 'Left'}]","[91, 70]",True,116317.0,,,,,,,,,,,
2610442533.0,735,65,30.0,29,12.3,4.9,71,"{'value': 2, 'displayName': 'SecondHalf'}","{'value': 7, 'displayName': 'Tackle'}","{'value': 0, 'displayName': 'Unsuccessful'}","[{'type': {'value': 56, 'displayName': 'Zone'}, 'value': 'Back'}, {'type': {'value': 285, 'displayName': 'Defensive'}}, {'type': {'value': 233, 'displayName': 'OppositeRelatedEvent'}, 'value': '595'}]","[91, 142]",True,322696.0,,,,,,,,,,,
2610442561.0,596,65,32.0,31,79.8,92.6,71,"{'value': 2, 'displayName': 'SecondHalf'}","{'value': 1, 'displayName': 'Pass'}","{'value': 1, 'displayName': 'Successful'}","[{'type': {'value': 178, 'displayName': 'StandingSave'}}, {'type': {'value': 141, 'displayName': 'PassEndY'}, 'value': '76.0'}, {'type': {'value': 140, 'displayName': 'PassEndX'}, 'value': '69.4'}, {'type': {'value': 213, 'displayName': 'Angle'}, 'value': '3.94'}, {'type': {'value': 56, 'displayName': 'Zone'}, 'value': 'Center'}, {'type': {'value': 212, 'displayName': 'Length'}, 'value': '15.7'}]","[91, 119, 117, 30, 205, 35, 38, 217, 218]",True,116317.0,69.4,76.0,,,,,,,,,
2610442647.0,597,65,34.0,31,69.4,76.0,71,"{'value': 2, 'displayName': 'SecondHalf'}","{'value': 1, 'displayName': 'Pass'}","{'value': 1, 'displayName': 'Successful'}","[{'type': {'value': 178, 'displayName': 'StandingSave'}}, {'type': {'value': 212, 'displayName': 'Length'}, 'value': '17.3'}, {'type': {'value': 141, 'displayName': 'PassEndY'}, 'value': '86.0'}, {'type': {'value': 213, 'displayName': 'Angle'}, 'value': '2.74'}, {'type': {'value': 56, 'displayName': 'Zone'}, 'value': 'Left'}, {'type': {'value': 140, 'displayName': 'PassEndX'}, 'value': '54.3'}]","[91, 119, 117, 30, 35, 37, 216, 218]",True,131464.0,54.3,86.0,,,,,,,,,
2610442705.0,598,65,39.0,31,54.2,66.4,71,"{'value': 2, 'displayName': 'SecondHalf'}","{'value': 1, 'displayName': 'Pass'}","{'value': 0, 'displayName': 'Unsuccessful'}","[{'type': {'value': 212, 'displayName': 'Length'}, 'value': '35.7'}, {'type': {'value': 141, 'displayName': 'PassEndY'}, 'value': '26.7'}, {'type': {'value': 56, 'displayName': 'Zone'}, 'value': 'Center'}, {'type': {'value': 178, 'displayName': 'StandingSave'}}, {'type': {'value': 155, 'displayName': 'Chipped'}}, {'type': {'value': 1, 'displayName': 'Longball'}}, {'type': {'value': 213, 'displayName': 'Angle'}, 'value': '5.43'}, {'type': {'value': 140, 'displayName': 'PassEndX'}, 'value': '76.5'}]","[91, 120, 124, 128, 36, 38, 217, 218]",True,396975.0,76.5,26.7,,,,,,,,,
2610442741.0,736,65,42.0,29,23.1,73.9,71,"{'value': 2, 'displayName': 'SecondHalf'}","{'value': 1, 'displayName': 'Pass'}","{'value': 1, 'displayName': 'Successful'}","[{'type': {'value': 56, 'displayName': 'Zone'}, 'value': 'Back'}, {'type': {'value': 140, 'displayName': 'PassEndX'}, 'value': '35.2'}, {'type': {'value': 3, 'displayName': 'HeadPass'}}, {'type': {'value': 212, 'displayName': 'Length'}, 'value': '16.1'}, {'type': {'value': 213, 'displayName': 'Angle'}, 'value': '5.62'}, {'type': {'value': 141, 'displayName': 'PassEndY'}, 'value': '59.4'}]","[91, 117, 30, 139, 36, 38, 216, 218]",True,68049.0,35.2,59.4,,,,,,,,,
2610442761.0,737,65,43.0,29,35.1,57.3,71,"{'value': 2, 'displayName': 'SecondHalf'}","{'value': 49, 'displayName': 'BallRecovery'}","{'value': 1, 'displayName': 'Successful'}",[],[93],False,319756.0,,,,,,,,,,,
2610442951.0,738,65,48.0,29,53.9,54.9,71,"{'value': 2, 'displayName': 'SecondHalf'}","{'value': 1, 'displayName': 'Pass'}","{'value': 1, 'displayName': 'Successful'}","[{'type': {'value': 212, 'displayName': 'Length'}, 'value': '29.6'}, {'type': {'value': 213, 'displayName': 'Angle'}, 'value': '0.87'}, {'type': {'value': 178, 'displayName': 'StandingSave'}}, {'type': {'value': 140, 'displayName': 'PassEndX'}, 'value': '72.2'}, {'type': {'value': 56, 'displayName': 'Zone'}, 'value': 'Left'}, {'type': {'value': 141, 'displayName': 'PassEndY'}, 'value': '88.1'}]","[91, 119, 117, 30, 205, 36, 37, 217, 218]",True,319756.0,72.2,88.1,,,,,,,,,
2610442963.0,599,65,55.0,31,28.2,14.6,71,"{'value': 2, 'displayName': 'SecondHalf'}","{'value': 45, 'displayName': 'Challenge'}","{'value': 0, 'displayName': 'Unsuccessful'}","[{'type': {'value': 285, 'displayName': 'Defensive'}}, {'type': {'value': 233, 'displayName': 'OppositeRelatedEvent'}, 'value': '739'}, {'type': {'value': 56, 'displayName': 'Zone'}, 'value': 'Back'}]",[55],False,367781.0,,,,,,,,,,,
2610443061.0,739,65,55.0,29,71.8,85.4,71,"{'value': 2, 'displayName': 'SecondHalf'}","{'value': 3, 'displayName': 'TakeOn'}","{'value': 1, 'displayName': 'Successful'}","[{'type': {'value': 56, 'displayName': 'Zone'}, 'value': 'Left'}, {'type': {'value': 286, 'displayName': 'Offensive'}}, {'type': {'value': 178, 'displayName': 'StandingSave'}}, {'type': {'value': 233, 'displayName': 'OppositeRelatedEvent'}, 'value': '599'}]","[91, 54]",True,137021.0,,,,,,,,,,,
2610443087.0,740,66,1.0,29,83.4,93.2,72,"{'value': 2, 'displayName': 'SecondHalf'}","{'value': 1, 'displayName': 'Pass'}","{'value': 1, 'displayName': 'Successful'}","[{'type': {'value': 178, 'displayName': 'StandingSave'}}, {'type': {'value': 140, 'displayName': 'PassEndX'}, 'value': '75.5'}, {'type': {'value': 141, 'displayName': 'PassEndY'}, 'value': '82.1'}, {'type': {'value': 56, 'displayName': 'Zone'}, 'value': 'Left'}, {'type': {'value': 212, 'displayName': 'Length'}, 'value': '11.2'}, {'type': {'value': 213, 'displayName': 'Angle'}, 'value': '3.88'}]","[91, 119, 117, 30, 205, 35, 38, 217, 218]",True,137021.0,75.5,82.1,,,,,,,,,
2610443183.0,741,66,3.0,29,73.0,88.6,72,"{'value': 2, 'displayName': 'SecondHalf'}","{'value': 1, 'displayName': 'Pass'}","{'value': 1, 'displayName': 'Successful'}","[{'type': {'value': 140, 'displayName': 'PassEndX'}, 'value': '79.9'}, {'type': {'value': 56, 'displayName': 'Zone'}, 'value': 'Left'}, {'type': {'value': 213, 'displayName': 'Angle'}, 'value': '0.68'}, {'type': {'value': 141, 'displayName': 'PassEndY'}, 'value': '97.2'}, {'type': {'value': 212, 'displayName': 'Length'}, 'value': '9.3'}, {'type': {'value': 178, 'displayName': 'StandingSave'}}]","[91, 119, 117, 30, 205, 36, 37, 217, 218]",True,68049.0,79.9,97.2,,,,,,,,,
2610443195.0,742,66,8.0,29,74.9,95.1,72,"{'value': 2, 'displayName': 'SecondHalf'}","{'value': 1, 'displayName': 'Pass'}","{'value': 1, 'displayName': 'Successful'}","[{'type': {'value': 212, 'displayName': 'Length'}, 'value': '12.0'}, {'type': {'value': 141, 'displayName': 'PassEndY'}, 'value': '79.3'}, {'type': {'value': 213, 'displayName': 'Angle'}, 'value': '4.26'}, {'type': {'value': 178, 'displayName': 'StandingSave'}}, {'type': {'value': 140, 'displayName': 'PassEndX'}, 'value': '69.9'}, {'type': {'value': 56, 'displayName': 'Zone'}, 'value': 'Left'}]","[91, 119, 117, 30, 205, 35, 38, 217, 218]",True,137021.0,69.9,79.3,,,,,,,,,
2610443213.0,743,66,9.0,29,69.9,79.3,72,"{'value': 2, 'displayName': 'SecondHalf'}","{'value': 1, 'displayName': 'Pass'}","{'value': 1, 'displayName': 'Successful'}","[{'type': {'value': 156, 'displayName': 'LayOff'}}, {'type': {'value': 140, 'displayName': 'PassEndX'}, 'value': '63.4'}, {'type': {'value': 56, 'displayName': 'Zone'}, 'value': 'Left'}, {'type': {'value': 212, 'displayName': 'Length'}, 'value': '7.8'}, {'type': {'value': 141, 'displayName': 'PassEndY'}, 'value': '84.7'}, {'type': {'value': 213, 'displayName': 'Angle'}, 'value': '2.65'}, {'type': {'value': 178, 'displayName': 'StandingSave'}}]","[91, 119, 117, 30, 35, 37, 216, 218]",True,319756.0,63.4,84.7,,,,,,,,,
2610443317.0,744,66,10.0,29,62.5,83.8,72,"{'value': 2, 'displayName': 'SecondHalf'}","{'value': 1, 'displayName': 'Pass'}","{'value': 1, 'displayName': 'Successful'}","[{'type': {'value': 141, 'displayName': 'PassEndY'}, 'value': '49.7'}, {'type': {'value': 213, 'displayName': 'Angle'}, 'value': '4.40'}, {'type': {'value': 56, 'displayName': 'Zone'}, 'value': 'Center'}, {'type': {'value': 140, 'displayName': 'PassEndX'}, 'value': '55.4'}, {'type': {'value': 178, 'displayName': 'StandingSave'}}, {'type': {'value': 212, 'displayName': 'Length'}, 'value': '24.4'}]","[91, 119, 117, 30, 35, 38, 216, 218]",True,137021.0,55.4,49.7,,,,,,,,,
2610443379.0,745,66,14.0,29,58.5,43.4,72,"{'value': 2, 'displayName': 'SecondHalf'}","{'value': 1, 'displayName': 'Pass'}","{'value': 1, 'displayName': 'Successful'}","[{'type': {'value': 56, 'displayName': 'Zone'}, 'value': 'Center'}, {'type': {'value': 140, 'displayName': 'PassEndX'}, 'value': '71.7'}, {'type': {'value': 213, 'displayName': 'Angle'}, 'value': '5.81'}, {'type': {'value': 178, 'displayName': 'StandingSave'}}, {'type': {'value': 141, 'displayName': 'PassEndY'}, 'value': '33.0'}, {'type': {'value': 212, 'displayName': 'Length'}, 'value': '15.6'}]","[91, 119, 117, 30, 205, 36, 38, 217, 218]",True,106086.0,71.7,33.0,,,,,,,,,
2610443483.0,746,66,16.0,29,68.8,29.2,72,"{'value': 2, 'displayName': 'SecondHalf'}","{'value': 1, 'displayName': 'Pass'}","{'value': 1, 'displayName': 'Successful'}","[{'type': {'value': 212, 'displayName': 'Length'}, 'value': '13.9'}, {'type': {'value': 56, 'displayName': 'Zone'}, 'value': 'Right'}, {'type': {'value': 213, 'displayName': 'Angle'}, 'value': '4.63'}, {'type': {'value': 141, 'displayName': 'PassEndY'}, 'value': '8.8'}, {'type': {'value': 140, 'displayName': 'PassEndX'}, 'value': '67.7'}, {'type': {'value': 178, 'displayName': 'StandingSave'}}]","[91, 119, 117, 30, 205, 35, 38, 217, 218]",True,400166.0,67.7,8.8,,,,,,,,,
2610443589.0,747,66,22.0,29,68.1,12.5,72,"{'value': 2, 'displayName': 'SecondHalf'}","{'value': 1, 'displayName': 'Pass'}","{'value': 1, 'displayName': 'Successful'}","[{'type': {'value': 141, 'displayName': 'PassEndY'}, 'value': '16.8'}, {'type': {'value': 56, 'displayName': 'Zone'}, 'value': 'Right'}, {'type': {'value': 212, 'displayName': 'Length'}, 'value': '5.7'}, {'type': {'value': 213, 'displayName': 'Angle'}, 'value': '0.53'}, {'type': {'value': 140, 'displayName': 'PassEndX'}, 'value': '72.8'}, {'type': {'value': 178, 'displayName': 'StandingSave'}}]","[91, 119, 117, 30, 205, 36, 37, 217, 218]",True,111372.0,72.8,16.8,,,,,,,,,
2610640587.0,838,66,23.0,31,23.7,78.4,72,"{'value': 2, 'displayName': 'SecondHalf'}","{'value': 45, 'displayName': 'Challenge'}","{'value': 0, 'displayName': 'Unsuccessful'}","[{'type': {'value': 56, 'displayName': 'Zone'}, 'value': 'Back'}, {'type': {'value': 233, 'displayName': 'OppositeRelatedEvent'}, 'value': '1096'}, {'type': {'value': 285, 'displayName': 'Defensive'}}]",[55],False,381045.0,,,,,,,,,,,
2610640581.0,1096,66,23.0,29,76.3,21.6,72,"{'value': 2, 'displayName': 'SecondHalf'}","{'value': 3, 'displayName': 'TakeOn'}","{'value': 1, 'displayName': 'Successful'}","[{'type': {'value': 56, 'displayName': 'Zone'}, 'value': 'Center'}, {'type': {'value': 233, 'displayName': 'OppositeRelatedEvent'}, 'value': '838'}, {'type': {'value': 286, 'displayName': 'Offensive'}}, {'type': {'value': 178, 'displayName': 'StandingSave'}}]","[91, 54]",True,322596.0,,,,,,,,,,,
2610443599.0,601,66,26.0,31,9.4,90.2,72,"{'value': 2, 'displayName': 'SecondHalf'}","{'value': 45, 'displayName': 'Challenge'}","{'value': 0, 'displayName': 'Unsuccessful'}","[{'type': {'value': 56, 'displayName': 'Zone'}, 'value': 'Back'}, {'type': {'value': 285, 'displayName': 'Defensive'}}, {'type': {'value': 233, 'displayName': 'OppositeRelatedEvent'}, 'value': '748'}]",[55],False,345516.0,,,,,,,,,,,
2610443635.0,748,66,26.0,29,90.6,9.8,72,"{'value': 2, 'displayName': 'SecondHalf'}","{'value': 3, 'displayName': 'TakeOn'}","{'value': 1, 'displayName': 'Successful'}","[{'type': {'value': 233, 'displayName': 'OppositeRelatedEvent'}, 'value': '601'}, {'type': {'value': 56, 'displayName': 'Zone'}, 'value': 'Right'}, {'type': {'value': 178, 'displayName': 'StandingSave'}}, {'type': {'value': 286, 'displayName': 'Offensive'}}]","[91, 54]",True,322596.0,,,,,,,,,,,
2610443647.0,749,66,30.0,29,98.7,20.0,72,"{'value': 2, 'displayName': 'SecondHalf'}","{'value': 1, 'displayName': 'Pass'}","{'value': 0, 'displayName': 'Unsuccessful'}","[{'type': {'value': 56, 'displayName': 'Zone'}, 'value': 'Center'}, {'type': {'value': 178, 'displayName': 'StandingSave'}}, {'type': {'value': 140, 'displayName': 'PassEndX'}, 'value': '97.4'}, {'type': {'value': 213, 'displayName': 'Angle'}, 'value': '2.18'}, {'type': {'value': 233, 'displayName': 'OppositeRelatedEvent'}, 'value': '602'}, {'type': {'value': 286, 'displayName': 'Offensive'}}, {'type': {'value': 141, 'displayName': 'PassEndY'}, 'value': '22.9'}, {'type': {'value': 212, 'displayName': 'Length'}, 'value': '2.4'}]","[91, 120, 29, 35, 37, 217, 218]",True,322596.0,97.4,22.9,,,,,,,,,
2610443703.0,602,66,30.0,31,1.8,77.5,72,"{'value': 2, 'displayName': 'SecondHalf'}","{'value': 74, 'displayName': 'BlockedPass'}","{'value': 1, 'displayName': 'Successful'}","[{'type': {'value': 178, 'displayName': 'StandingSave'}}, {'type': {'value': 56, 'displayName': 'Zone'}, 'value': 'Back'}, {'type': {'value': 233, 'displayName': 'OppositeRelatedEvent'}, 'value': '749'}, {'type': {'value': 285, 'displayName': 'Defensive'}}]","[91, 60]",True,381045.0,,,,,,,,,,,
2610443709.0,603,66,30.0,31,1.5,80.6,72,"{'value': 2, 'displayName': 'SecondHalf'}","{'value': 6, 'displayName': 'CornerAwarded'}","{'value': 0, 'displayName': 'Unsuccessful'}","[{'type': {'value': 73, 'displayName': 'MissLeft'}}, {'type': {'value': 56, 'displayName': 'Zone'}, 'value': 'Back'}, {'type': {'value': 233, 'displayName': 'OppositeRelatedEvent'}, 'value': '750'}]",[122],False,381045.0,,,,,,,,,,,
2610443691.0,750,66,30.0,29,98.5,19.4,72,"{'value': 2, 'displayName': 'SecondHalf'}","{'value': 6, 'displayName': 'CornerAwarded'}","{'value': 1, 'displayName': 'Successful'}","[{'type': {'value': 56, 'displayName': 'Zone'}, 'value': 'Right'}, {'type': {'value': 233, 'displayName': 'OppositeRelatedEvent'}, 'value': '603'}, {'type': {'value': 75, 'displayName': 'MissRight'}}]",[122],False,322596.0,,,,,,,,,,,
2610444161.0,751,67,0.0,29,99.5,0.5,73,"{'value': 2, 'displayName': 'SecondHalf'}","{'value': 1, 'displayName': 'Pass'}","{'value': 1, 'displayName': 'Successful'}","[{'type': {'value': 1, 'displayName': 'Longball'}}, {'type': {'value': 56, 'displayName': 'Zone'}, 'value': 'Center'}, {'type': {'value': 2, 'displayName': 'Cross'}}, {'type': {'value': 6, 'displayName': 'CornerTaken'}}, {'type': {'value': 178, 'displayName': 'StandingSave'}}, {'type': {'value': 141, 'displayName': 'PassEndY'}, 'value': '52.2'}, {'type': {'value': 212, 'displayName': 'Length'}, 'value': '36.3'}, {'type': {'value': 20, 'displayName': 'RightFoot'}}, {'type': {'value': 210, 'displayName': 'ShotAssist'}, 'value': '13'}, {'type': {'value': 213, 'displayName': 'Angle'}, 'value': '1.83'}, {'type': {'value': 140, 'displayName': 'PassEndX'}, 'value': '90.8'}, {'type': {'value': 154, 'displayName': 'IntentionalAssist'}}, {'type': {'value': 155, 'displayName': 'Chipped'}}, {'type': {'value': 11113, 'displayName': 'KeyPass'}}]","[91, 119, 123, 137, 124, 125, 31, 32, 34, 39, 41, 42, 35, 37, 217, 218]",True,105172.0,90.8,52.2,,,,,,,,,
2610444179.0,752,67,1.0,29,91.2,52.3,73,"{'value': 2, 'displayName': 'SecondHalf'}","{'value': 44, 'displayName': 'Aerial'}","{'value': 1, 'displayName': 'Successful'}","[{'type': {'value': 56, 'displayName': 'Zone'}, 'value': 'Center'}, {'type': {'value': 286, 'displayName': 'Offensive'}}, {'type': {'value': 233, 'displayName': 'OppositeRelatedEvent'}, 'value': '605'}]","[197, 199]",False,362434.0,,,,,,,,,,,
2610444175.0,605,67,1.0,31,8.8,47.7,73,"{'value': 2, 'displayName': 'SecondHalf'}","{'value': 44, 'displayName': 'Aerial'}","{'value': 0, 'displayName': 'Unsuccessful'}","[{'type': {'value': 285, 'displayName': 'Defensive'}}, {'type': {'value': 233, 'displayName': 'OppositeRelatedEvent'}, 'value': '752'}, {'type': {'value': 56, 'displayName': 'Zone'}, 'value': 'Back'}]","[198, 200]",False,381045.0,,,,,,,,,,,
2610444187.0,753,67,1.0,29,91.7,50.9,73,"{'value': 2, 'displayName': 'SecondHalf'}","{'value': 13, 'displayName': 'MissedShots'}","{'value': 1, 'displayName': 'Successful'}","[{'type': {'value': 56, 'displayName': 'Zone'}, 'value': 'Center'}, {'type': {'value': 29, 'displayName': 'Assisted'}}, {'type': {'value': 15, 'displayName': 'Head'}}, {'type': {'value': 17, 'displayName': 'BoxCentre'}}, {'type': {'value': 25, 'displayName': 'FromCorner'}}, {'type': {'value': 73, 'displayName': 'MissLeft'}}, {'type': {'value': 328, 'displayName': 'FirstTouch'}}, {'type': {'value': 147, 'displayName': 'BlockedY'}, 'value': '54.7'}, {'type': {'value': 146, 'displayName': 'BlockedX'}, 'value': '93.6'}, {'type': {'value': 103, 'displayName': 'GoalMouthZ'}, 'value': '2.8'}, {'type': {'value': 102, 'displayName': 'GoalMouthY'}, 'value': '73.6'}, {'type': {'value': 154, 'displayName': 'IntentionalAssist'}}, {'type': {'value': 55, 'displayName': 'RelatedEventId'}, 'value': '751'}]","[91, 7, 90, 10, 1, 5, 14]",True,362434.0,,,751.0,105172.0,93.6,54.7,2.8,73.6,True,,
2610444261.0,606,67,2.0,31,7.0,46.0,73,"{'value': 2, 'displayName': 'SecondHalf'}","{'value': 61, 'displayName': 'BallTouch'}","{'value': 1, 'displayName': 'Successful'}","[{'type': {'value': 56, 'displayName': 'Zone'}, 'value': 'Back'}, {'type': {'value': 21, 'displayName': 'OtherBodyPart'}}, {'type': {'value': 178, 'displayName': 'StandingSave'}}]",[91],True,400815.0,,,,,,,,,,,
2610445227.0,614,67,3.0,31,3.6,41.5,73,"{'value': 2, 'displayName': 'SecondHalf'}","{'value': 49, 'displayName': 'BallRecovery'}","{'value': 1, 'displayName': 'Successful'}",[],[93],False,396975.0,,,,,,,,,,,
2610444285.0,607,67,3.0,31,3.4,42.3,73,"{'value': 2, 'displayName': 'SecondHalf'}","{'value': 1, 'displayName': 'Pass'}","{'value': 0, 'displayName': 'Unsuccessful'}","[{'type': {'value': 140, 'displayName': 'PassEndX'}, 'value': '39.2'}, {'type': {'value': 141, 'displayName': 'PassEndY'}, 'value': '49.3'}, {'type': {'value': 1, 'displayName': 'Longball'}}, {'type': {'value': 212, 'displayName': 'Length'}, 'value': '37.9'}, {'type': {'value': 178, 'displayName': 'StandingSave'}}, {'type': {'value': 56, 'displayName': 'Zone'}, 'value': 'Back'}, {'type': {'value': 213, 'displayName': 'Angle'}, 'value': '0.13'}]","[91, 118, 120, 128, 36, 37, 216, 218]",True,396975.0,39.2,49.3,,,,,,,,,
2610444327.0,754,67,8.0,29,61.6,50.4,73,"{'value': 2, 'displayName': 'SecondHalf'}","{'value': 1, 'displayName': 'Pass'}","{'value': 0, 'displayName': 'Unsuccessful'}","[{'type': {'value': 141, 'displayName': 'PassEndY'}, 'value': '65.4'}, {'type': {'value': 3, 'displayName': 'HeadPass'}}, {'type': {'value': 140, 'displayName': 'PassEndX'}, 'value': '72.5'}, {'type': {'value': 56, 'displayName': 'Zone'}, 'value': 'Center'}, {'type': {'value': 212, 'displayName': 'Length'}, 'value': '15.3'}, {'type': {'value': 213, 'displayName': 'Angle'}, 'value': '0.73'}]","[91, 120, 29, 139, 36, 37, 217, 218]",True,111372.0,72.5,65.4,,,,,,,,,
2610444369.0,608,67,10.0,31,35.6,31.5,73,"{'value': 2, 'displayName': 'SecondHalf'}","{'value': 1, 'displayName': 'Pass'}","{'value': 0, 'displayName': 'Unsuccessful'}","[{'type': {'value': 141, 'displayName': 'PassEndY'}, 'value': '40.9'}, {'type': {'value': 3, 'displayName': 'HeadPass'}}, {'type': {'value': 140, 'displayName': 'PassEndX'}, 'value': '54.2'}, {'type': {'value': 56, 'displayName': 'Zone'}, 'value': 'Center'}, {'type': {'value': 212, 'displayName': 'Length'}, 'value': '20.5'}, {'type': {'value': 213, 'displayName': 'Angle'}, 'value': '0.32'}]","[91, 120, 29, 139, 36, 37, 216, 218]",True,131464.0,54.2,40.9,,,,,,,,,
2610444385.0,755,67,13.0,29,47.0,60.6,73,"{'value': 2, 'displayName': 'SecondHalf'}","{'value': 1, 'displayName': 'Pass'}","{'value': 0, 'displayName': 'Unsuccessful'}","[{'type': {'value': 141, 'displayName': 'PassEndY'}, 'value': '79.3'}, {'type': {'value': 56, 'displayName': 'Zone'}, 'value': 'Left'}, {'type': {'value': 140, 'displayName': 'PassEndX'}, 'value': '56.4'}, {'type': {'value': 3, 'displayName': 'HeadPass'}}, {'type': {'value': 213, 'displayName': 'Angle'}, 'value': '0.91'}, {'type': {'value': 212, 'displayName': 'Length'}, 'value': '16.1'}]","[91, 120, 29, 139, 36, 37, 216, 218]",True,111372.0,56.4,79.3,,,,,,,,,
2610444403.0,609,67,14.0,31,44.0,24.2,73,"{'value': 2, 'displayName': 'SecondHalf'}","{'value': 49, 'displayName': 'BallRecovery'}","{'value': 1, 'displayName': 'Successful'}",[],[93],False,317896.0,,,,,,,,,,,
2610444453.0,610,67,15.0,31,43.2,23.9,73,"{'value': 2, 'displayName': 'SecondHalf'}","{'value': 3, 'displayName': 'TakeOn'}","{'value': 0, 'displayName': 'Unsuccessful'}","[{'type': {'value': 178, 'displayName': 'StandingSave'}}, {'type': {'value': 233, 'displayName': 'OppositeRelatedEvent'}, 'value': '756'}, {'type': {'value': 286, 'displayName': 'Offensive'}}, {'type': {'value': 56, 'displayName': 'Zone'}, 'value': 'Back'}]","[91, 53]",True,317896.0,,,,,,,,,,,
2610444481.0,756,67,15.0,29,56.8,76.1,73,"{'value': 2, 'displayName': 'SecondHalf'}","{'value': 7, 'displayName': 'Tackle'}","{'value': 1, 'displayName': 'Successful'}","[{'type': {'value': 178, 'displayName': 'StandingSave'}}, {'type': {'value': 56, 'displayName': 'Zone'}, 'value': 'Center'}, {'type': {'value': 233, 'displayName': 'OppositeRelatedEvent'}, 'value': '610'}, {'type': {'value': 285, 'displayName': 'Defensive'}}]","[91, 143]",True,362434.0,,,,,,,,,,,
2610444485.0,757,67,17.0,29,56.9,75.9,73,"{'value': 2, 'displayName': 'SecondHalf'}","{'value': 49, 'displayName': 'BallRecovery'}","{'value': 1, 'displayName': 'Successful'}",[],[93],False,362434.0,,,,,,,,,,,
2610444507.0,758,67,17.0,29,56.9,75.9,73,"{'value': 2, 'displayName': 'SecondHalf'}","{'value': 1, 'displayName': 'Pass'}","{'value': 1, 'displayName': 'Successful'}","[{'type': {'value': 140, 'displayName': 'PassEndX'}, 'value': '43.6'}, {'type': {'value': 178, 'displayName': 'StandingSave'}}, {'type': {'value': 213, 'displayName': 'Angle'}, 'value': '2.49'}, {'type': {'value': 56, 'displayName': 'Zone'}, 'value': 'Back'}, {'type': {'value': 141, 'displayName': 'PassEndY'}, 'value': '91.5'}, {'type': {'value': 212, 'displayName': 'Length'}, 'value': '17.5'}]","[91, 117, 30, 35, 37, 216, 218]",True,362434.0,43.6,91.5,,,,,,,,,
2610444533.0,759,67,19.0,29,43.6,91.5,73,"{'value': 2, 'displayName': 'SecondHalf'}","{'value': 1, 'displayName': 'Pass'}","{'value': 1, 'displayName': 'Successful'}","[{'type': {'value': 140, 'displayName': 'PassEndX'}, 'value': '57.9'}, {'type': {'value': 178, 'displayName': 'StandingSave'}}, {'type': {'value': 213, 'displayName': 'Angle'}, 'value': '0.15'}, {'type': {'value': 56, 'displayName': 'Zone'}, 'value': 'Left'}, {'type': {'value': 212, 'displayName': 'Length'}, 'value': '15.2'}, {'type': {'value': 141, 'displayName': 'PassEndY'}, 'value': '94.8'}]","[91, 119, 117, 30, 36, 37, 216, 218]",True,68049.0,57.9,94.8,,,,,,,,,
2610444565.0,760,67,22.0,29,58.6,95.0,73,"{'value': 2, 'displayName': 'SecondHalf'}","{'value': 1, 'displayName': 'Pass'}","{'value': 1, 'displayName': 'Successful'}","[{'type': {'value': 213, 'displayName': 'Angle'}, 'value': '4.40'}, {'type': {'value': 140, 'displayName': 'PassEndX'}, 'value': '55.6'}, {'type': {'value': 141, 'displayName': 'PassEndY'}, 'value': '80.8'}, {'type': {'value': 178, 'displayName': 'StandingSave'}}, {'type': {'value': 212, 'displayName': 'Length'}, 'value': '10.2'}, {'type': {'value': 56, 'displayName': 'Zone'}, 'value': 'Left'}]","[91, 119, 117, 30, 35, 38, 216, 218]",True,137021.0,55.6,80.8,,,,,,,,,
2610444605.0,761,67,24.0,29,55.9,77.9,73,"{'value': 2, 'displayName': 'SecondHalf'}","{'value': 1, 'displayName': 'Pass'}","{'value': 1, 'displayName': 'Successful'}","[{'type': {'value': 212, 'displayName': 'Length'}, 'value': '11.5'}, {'type': {'value': 141, 'displayName': 'PassEndY'}, 'value': '70.2'}, {'type': {'value': 140, 'displayName': 'PassEndX'}, 'value': '46.1'}, {'type': {'value': 178, 'displayName': 'StandingSave'}}, {'type': {'value': 213, 'displayName': 'Angle'}, 'value': '3.61'}, {'type': {'value': 56, 'displayName': 'Zone'}, 'value': 'Back'}]","[91, 117, 30, 35, 38, 216, 218]",True,362434.0,46.1,70.2,,,,,,,,,
2610444661.0,762,67,27.0,29,43.9,55.0,73,"{'value': 2, 'displayName': 'SecondHalf'}","{'value': 1, 'displayName': 'Pass'}","{'value': 1, 'displayName': 'Successful'}","[{'type': {'value': 212, 'displayName': 'Length'}, 'value': '17.1'}, {'type': {'value': 141, 'displayName': 'PassEndY'}, 'value': '32.6'}, {'type': {'value': 56, 'displayName': 'Zone'}, 'value': 'Center'}, {'type': {'value': 213, 'displayName': 'Angle'}, 'value': '5.18'}, {'type': {'value': 178, 'displayName': 'StandingSave'}}, {'type': {'value': 140, 'displayName': 'PassEndX'}, 'value': '51.3'}]","[91, 119, 117, 30, 36, 38, 216, 218]",True,322696.0,51.3,32.6,,,,,,,,,
2610444687.0,763,67,30.0,29,52.5,28.0,73,"{'value': 2, 'displayName': 'SecondHalf'}","{'value': 1, 'displayName': 'Pass'}","{'value': 0, 'displayName': 'Unsuccessful'}","[{'type': {'value': 140, 'displayName': 'PassEndX'}, 'value': '67.3'}, {'type': {'value': 56, 'displayName': 'Zone'}, 'value': 'Right'}, {'type': {'value': 212, 'displayName': 'Length'}, 'value': '21.4'}, {'type': {'value': 213, 'displayName': 'Angle'}, 'value': '5.53'}, {'type': {'value': 178, 'displayName': 'StandingSave'}}, {'type': {'value': 141, 'displayName': 'PassEndY'}, 'value': '6.4'}]","[91, 120, 29, 36, 38, 217, 218]",True,105172.0,67.3,6.4,,,,,,,,,
2610444735.0,612,67,32.0,31,32.2,92.9,73,"{'value': 2, 'displayName': 'SecondHalf'}","{'value': 8, 'displayName': 'Interception'}","{'value': 1, 'displayName': 'Successful'}","[{'type': {'value': 56, 'displayName': 'Zone'}, 'value': 'Back'}]","[91, 101, 56]",True,345516.0,,,,,,,,,,,
2610445033.0,765,67,46.0,29,56.4,0.0,73,"{'value': 2, 'displayName': 'SecondHalf'}","{'value': 1, 'displayName': 'Pass'}","{'value': 1, 'displayName': 'Successful'}","[{'type': {'value': 141, 'displayName': 'PassEndY'}, 'value': '9.7'}, {'type': {'value': 56, 'displayName': 'Zone'}, 'value': 'Back'}, {'type': {'value': 212, 'displayName': 'Length'}, 'value': '14.1'}, {'type': {'value': 140, 'displayName': 'PassEndX'}, 'value': '45.2'}, {'type': {'value': 213, 'displayName': 'Angle'}, 'value': '2.55'}, {'type': {'value': 107, 'displayName': 'ThrowIn'}}]","[91, 212, 35, 37, 216]",True,111372.0,45.2,9.7,,,,,,,,,
2610445049.0,766,67,51.0,29,54.4,12.0,73,"{'value': 2, 'displayName': 'SecondHalf'}","{'value': 1, 'displayName': 'Pass'}","{'value': 1, 'displayName': 'Successful'}","[{'type': {'value': 178, 'displayName': 'StandingSave'}}, {'type': {'value': 212, 'displayName': 'Length'}, 'value': '5.3'}, {'type': {'value': 56, 'displayName': 'Zone'}, 'value': 'Right'}, {'type': {'value': 141, 'displayName': 'PassEndY'}, 'value': '5.5'}, {'type': {'value': 140, 'displayName': 'PassEndX'}, 'value': '57.2'}, {'type': {'value': 213, 'displayName': 'Angle'}, 'value': '5.30'}]","[91, 119, 117, 30, 36, 38, 216, 218]",True,105172.0,57.2,5.5,,,,,,,,,
2610445073.0,767,67,52.0,29,56.6,5.6,73,"{'value': 2, 'displayName': 'SecondHalf'}","{'value': 1, 'displayName': 'Pass'}","{'value': 1, 'displayName': 'Successful'}","[{'type': {'value': 140, 'displayName': 'PassEndX'}, 'value': '39.7'}, {'type': {'value': 178, 'displayName': 'StandingSave'}}, {'type': {'value': 141, 'displayName': 'PassEndY'}, 'value': '10.9'}, {'type': {'value': 213, 'displayName': 'Angle'}, 'value': '2.94'}, {'type': {'value': 212, 'displayName': 'Length'}, 'value': '18.1'}, {'type': {'value': 56, 'displayName': 'Zone'}, 'value': 'Back'}]","[91, 117, 30, 35, 37, 216, 218]",True,111372.0,39.7,10.9,,,,,,,,,
2610445107.0,768,67,55.0,29,41.8,20.7,73,"{'value': 2, 'displayName': 'SecondHalf'}","{'value': 1, 'displayName': 'Pass'}","{'value': 1, 'displayName': 'Successful'}","[{'type': {'value': 1, 'displayName': 'Longball'}}, {'type': {'value': 140, 'displayName': 'PassEndX'}, 'value': '38.6'}, {'type': {'value': 56, 'displayName': 'Zone'}, 'value': 'Back'}, {'type': {'value': 213, 'displayName': 'Angle'}, 'value': '1.67'}, {'type': {'value': 178, 'displayName': 'StandingSave'}}, {'type': {'value': 212, 'displayName': 'Length'}, 'value': '32.4'}, {'type': {'value': 141, 'displayName': 'PassEndY'}, 'value': '68.1'}]","[91, 117, 127, 35, 37, 216, 218]",True,106086.0,38.6,68.1,,,,,,,,,
2610445139.0,769,67,58.0,29,39.5,70.9,73,"{'value': 2, 'displayName': 'SecondHalf'}","{'value': 1, 'displayName': 'Pass'}","{'value': 1, 'displayName': 'Successful'}","[{'type': {'value': 56, 'displayName': 'Zone'}, 'value': 'Back'}, {'type': {'value': 213, 'displayName': 'Angle'}, 'value': '1.12'}, {'type': {'value': 212, 'displayName': 'Length'}, 'value': '18.3'}, {'type': {'value': 140, 'displayName': 'PassEndX'}, 'value': '47.1'}, {'type': {'value': 178, 'displayName': 'StandingSave'}}, {'type': {'value': 141, 'displayName': 'PassEndY'}, 'value': '95.1'}]","[91, 117, 30, 36, 37, 216, 218]",True,362434.0,47.1,95.1,,,,,,,,,
2610445213.0,770,68,1.0,29,43.3,88.1,74,"{'value': 2, 'displayName': 'SecondHalf'}","{'value': 1, 'displayName': 'Pass'}","{'value': 1, 'displayName': 'Successful'}","[{'type': {'value': 213, 'displayName': 'Angle'}, 'value': '4.03'}, {'type': {'value': 56, 'displayName': 'Zone'}, 'value': 'Back'}, {'type': {'value': 178, 'displayName': 'StandingSave'}}, {'type': {'value': 140, 'displayName': 'PassEndX'}, 'value': '35.4'}, {'type': {'value': 141, 'displayName': 'PassEndY'}, 'value': '73.0'}, {'type': {'value': 212, 'displayName': 'Length'}, 'value': '13.2'}]","[91, 117, 30, 35, 38, 216, 218]",True,68049.0,35.4,73.0,,,,,,,,,
2610445329.0,771,68,4.0,29,34.0,74.1,74,"{'value': 2, 'displayName': 'SecondHalf'}","{'value': 1, 'displayName': 'Pass'}","{'value': 1, 'displayName': 'Successful'}","[{'type': {'value': 140, 'displayName': 'PassEndX'}, 'value': '42.2'}, {'type': {'value': 141, 'displayName': 'PassEndY'}, 'value': '94.2'}, {'type': {'value': 213, 'displayName': 'Angle'}, 'value': '1.01'}, {'type': {'value': 56, 'displayName': 'Zone'}, 'value': 'Back'}, {'type': {'value': 212, 'displayName': 'Length'}, 'value': '16.2'}, {'type': {'value': 178, 'displayName': 'StandingSave'}}]","[91, 117, 30, 36, 37, 216, 218]",True,362434.0,42.2,94.2,,,,,,,,,
2610445399.0,772,68,8.0,29,38.1,86.3,74,"{'value': 2, 'displayName': 'SecondHalf'}","{'value': 1, 'displayName': 'Pass'}","{'value': 1, 'displayName': 'Successful'}","[{'type': {'value': 141, 'displayName': 'PassEndY'}, 'value': '67.5'}, {'type': {'value': 56, 'displayName': 'Zone'}, 'value': 'Back'}, {'type': {'value': 178, 'displayName': 'StandingSave'}}, {'type': {'value': 212, 'displayName': 'Length'}, 'value': '17.2'}, {'type': {'value': 213, 'displayName': 'Angle'}, 'value': '3.98'}, {'type': {'value': 140, 'displayName': 'PassEndX'}, 'value': '27.2'}]","[91, 117, 30, 35, 38, 215, 218]",True,137021.0,27.2,67.5,,,,,,,,,
2610445435.0,773,68,12.0,29,31.8,48.2,74,"{'value': 2, 'displayName': 'SecondHalf'}","{'value': 1, 'displayName': 'Pass'}","{'value': 1, 'displayName': 'Successful'}","[{'type': {'value': 212, 'displayName': 'Length'}, 'value': '25.3'}, {'type': {'value': 213, 'displayName': 'Angle'}, 'value': '4.86'}, {'type': {'value': 178, 'displayName': 'StandingSave'}}, {'type': {'value': 140, 'displayName': 'PassEndX'}, 'value': '35.4'}, {'type': {'value': 56, 'displayName': 'Zone'}, 'value': 'Back'}, {'type': {'value': 141, 'displayName': 'PassEndY'}, 'value': '11.4'}]","[91, 117, 30, 36, 38, 216, 218]",True,362434.0,35.4,11.4,,,,,,,,,
2610445441.0,774,68,14.0,29,34.4,11.9,74,"{'value': 2, 'displayName': 'SecondHalf'}","{'value': 1, 'displayName': 'Pass'}","{'value': 1, 'displayName': 'Successful'}","[{'type': {'value': 213, 'displayName': 'Angle'}, 'value': '2.24'}, {'type': {'value': 178, 'displayName': 'StandingSave'}}, {'type': {'value': 140, 'displayName': 'PassEndX'}, 'value': '24.0'}, {'type': {'value': 212, 'displayName': 'Length'}, 'value': '17.6'}, {'type': {'value': 56, 'displayName': 'Zone'}, 'value': 'Back'}, {'type': {'value': 141, 'displayName': 'PassEndY'}, 'value': '32.2'}]","[91, 117, 30, 35, 37, 215, 218]",True,111372.0,24.0,32.2,,,,,,,,,
2610445483.0,775,68,16.0,29,18.4,30.5,74,"{'value': 2, 'displayName': 'SecondHalf'}","{'value': 1, 'displayName': 'Pass'}","{'value': 1, 'displayName': 'Successful'}","[{'type': {'value': 178, 'displayName': 'StandingSave'}}, {'type': {'value': 213, 'displayName': 'Angle'}, 'value': '2.24'}, {'type': {'value': 140, 'displayName': 'PassEndX'}, 'value': '7.5'}, {'type': {'value': 141, 'displayName': 'PassEndY'}, 'value': '51.8'}, {'type': {'value': 56, 'displayName': 'Zone'}, 'value': 'Back'}, {'type': {'value': 212, 'displayName': 'Length'}, 'value': '18.5'}]","[91, 117, 30, 35, 37, 215, 218]",True,106086.0,7.5,51.8,,,,,,,,,
2610445569.0,776,68,19.0,29,9.2,53.9,74,"{'value': 2, 'displayName': 'SecondHalf'}","{'value': 1, 'displayName': 'Pass'}","{'value': 1, 'displayName': 'Successful'}","[{'type': {'value': 213, 'displayName': 'Angle'}, 'value': '1.29'}, {'type': {'value': 140, 'displayName': 'PassEndX'}, 'value': '14.8'}, {'type': {'value': 212, 'displayName': 'Length'}, 'value': '21.4'}, {'type': {'value': 141, 'displayName': 'PassEndY'}, 'value': '84.1'}, {'type': {'value': 178, 'displayName': 'StandingSave'}}, {'type': {'value': 56, 'displayName': 'Zone'}, 'value': 'Back'}]","[91, 117, 30, 36, 37, 215, 218]",True,92516.0,14.8,84.1,,,,,,,,,
2610445589.0,777,68,24.0,29,26.4,88.1,74,"{'value': 2, 'displayName': 'SecondHalf'}","{'value': 1, 'displayName': 'Pass'}","{'value': 1, 'displayName': 'Successful'}","[{'type': {'value': 140, 'displayName': 'PassEndX'}, 'value': '31.0'}, {'type': {'value': 213, 'displayName': 'Angle'}, 'value': '0.87'}, {'type': {'value': 56, 'displayName': 'Zone'}, 'value': 'Back'}, {'type': {'value': 178, 'displayName': 'StandingSave'}}, {'type': {'value': 141, 'displayName': 'PassEndY'}, 'value': '96.5'}, {'type': {'value': 212, 'displayName': 'Length'}, 'value': '7.5'}]","[91, 117, 30, 36, 37, 215, 218]",True,322696.0,31.0,96.5,,,,,,,,,
2610445659.0,778,68,25.0,29,31.1,96.5,74,"{'value': 2, 'displayName': 'SecondHalf'}","{'value': 1, 'displayName': 'Pass'}","{'value': 1, 'displayName': 'Successful'}","[{'type': {'value': 213, 'displayName': 'Angle'}, 'value': '4.44'}, {'type': {'value': 140, 'displayName': 'PassEndX'}, 'value': '23.8'}, {'type': {'value': 56, 'displayName': 'Zone'}, 'value': 'Back'}, {'type': {'value': 212, 'displayName': 'Length'}, 'value': '29.0'}, {'type': {'value': 141, 'displayName': 'PassEndY'}, 'value': '55.4'}, {'type': {'value': 178, 'displayName': 'StandingSave'}}]","[91, 117, 30, 35, 38, 215, 218]",True,68049.0,23.8,55.4,,,,,,,,,
2610445749.0,779,68,30.0,29,26.8,57.6,74,"{'value': 2, 'displayName': 'SecondHalf'}","{'value': 1, 'displayName': 'Pass'}","{'value': 1, 'displayName': 'Successful'}","[{'type': {'value': 56, 'displayName': 'Zone'}, 'value': 'Back'}, {'type': {'value': 141, 'displayName': 'PassEndY'}, 'value': '63.1'}, {'type': {'value': 213, 'displayName': 'Angle'}, 'value': '0.37'}, {'type': {'value': 212, 'displayName': 'Length'}, 'value': '10.5'}, {'type': {'value': 140, 'displayName': 'PassEndX'}, 'value': '36.1'}, {'type': {'value': 178, 'displayName': 'StandingSave'}}]","[91, 117, 30, 36, 37, 216, 218]",True,362434.0,36.1,63.1,,,,,,,,,
2610445841.0,780,68,35.0,29,33.2,48.7,74,"{'value': 2, 'displayName': 'SecondHalf'}","{'value': 1, 'displayName': 'Pass'}","{'value': 0, 'displayName': 'Unsuccessful'}","[{'type': {'value': 212, 'displayName': 'Length'}, 'value': '55.7'}, {'type': {'value': 141, 'displayName': 'PassEndY'}, 'value': '64.6'}, {'type': {'value': 213, 'displayName': 'Angle'}, 'value': '0.20'}, {'type': {'value': 155, 'displayName': 'Chipped'}}, {'type': {'value': 1, 'displayName': 'Longball'}}, {'type': {'value': 140, 'displayName': 'PassEndX'}, 'value': '85.2'}, {'type': {'value': 56, 'displayName': 'Zone'}, 'value': 'Center'}, {'type': {'value': 178, 'displayName': 'StandingSave'}}]","[91, 120, 124, 128, 36, 37, 217, 218]",True,322696.0,85.2,64.6,,,,,,,,,
2610445861.0,615,68,39.0,31,12.4,39.0,74,"{'value': 2, 'displayName': 'SecondHalf'}","{'value': 8, 'displayName': 'Interception'}","{'value': 1, 'displayName': 'Successful'}","[{'type': {'value': 178, 'displayName': 'StandingSave'}}, {'type': {'value': 56, 'displayName': 'Zone'}, 'value': 'Back'}]","[91, 101, 102, 56]",True,381045.0,,,,,,,,,,,
2610445953.0,781,68,43.0,29,96.1,83.0,74,"{'value': 2, 'displayName': 'SecondHalf'}","{'value': 61, 'displayName': 'BallTouch'}","{'value': 0, 'displayName': 'Unsuccessful'}","[{'type': {'value': 178, 'displayName': 'StandingSave'}}, {'type': {'value': 56, 'displayName': 'Zone'}, 'value': 'Left'}]","[91, 69]",True,319756.0,,,,,,,,,,,
2610446159.0,783,68,53.0,29,0.0,0.0,74,"{'value': 2, 'displayName': 'SecondHalf'}","{'value': 17, 'displayName': 'Card'}","{'value': 1, 'displayName': 'Successful'}","[{'type': {'value': 31, 'displayName': 'Yellow'}}]",[65],False,319756.0,,,,,,,,,,"{'value': 31, 'displayName': 'Yellow'}",
2610446907.0,617,69,29.0,31,4.3,40.2,75,"{'value': 2, 'displayName': 'SecondHalf'}","{'value': 1, 'displayName': 'Pass'}","{'value': 0, 'displayName': 'Unsuccessful'}","[{'type': {'value': 124, 'displayName': 'GoalKick'}}, {'type': {'value': 212, 'displayName': 'Length'}, 'value': '71.2'}, {'type': {'value': 1, 'displayName': 'Longball'}}, {'type': {'value': 213, 'displayName': 'Angle'}, 'value': '6.14'}, {'type': {'value': 56, 'displayName': 'Zone'}, 'value': 'Center'}, {'type': {'value': 155, 'displayName': 'Chipped'}}, {'type': {'value': 141, 'displayName': 'PassEndY'}, 'value': '25.4'}, {'type': {'value': 74, 'displayName': 'MissHigh'}}, {'type': {'value': 140, 'displayName': 'PassEndX'}, 'value': '71.4'}]","[91, 120, 124, 128, 36, 38, 217, 218]",True,110189.0,71.4,25.4,,,,,,,,,
2610446911.0,784,69,33.0,29,27.2,70.0,75,"{'value': 2, 'displayName': 'SecondHalf'}","{'value': 49, 'displayName': 'BallRecovery'}","{'value': 1, 'displayName': 'Successful'}",[],[93],False,68049.0,,,,,,,,,,,
2610446935.0,785,69,33.0,29,27.2,70.0,75,"{'value': 2, 'displayName': 'SecondHalf'}","{'value': 1, 'displayName': 'Pass'}","{'value': 0, 'displayName': 'Unsuccessful'}","[{'type': {'value': 213, 'displayName': 'Angle'}, 'value': '0.43'}, {'type': {'value': 212, 'displayName': 'Length'}, 'value': '21.6'}, {'type': {'value': 56, 'displayName': 'Zone'}, 'value': 'Back'}, {'type': {'value': 140, 'displayName': 'PassEndX'}, 'value': '45.9'}, {'type': {'value': 1, 'displayName': 'Longball'}}, {'type': {'value': 141, 'displayName': 'PassEndY'}, 'value': '83.3'}]","[91, 118, 120, 128, 36, 37, 216, 218]",True,68049.0,45.9,83.3,,,,,,,,,
2610446981.0,618,69,36.0,31,54.7,32.2,75,"{'value': 2, 'displayName': 'SecondHalf'}","{'value': 49, 'displayName': 'BallRecovery'}","{'value': 1, 'displayName': 'Successful'}",[],[93],False,396975.0,,,,,,,,,,,
2610447003.0,619,69,37.0,31,55.4,32.4,75,"{'value': 2, 'displayName': 'SecondHalf'}","{'value': 1, 'displayName': 'Pass'}","{'value': 1, 'displayName': 'Successful'}","[{'type': {'value': 141, 'displayName': 'PassEndY'}, 'value': '42.3'}, {'type': {'value': 140, 'displayName': 'PassEndX'}, 'value': '44.3'}, {'type': {'value': 212, 'displayName': 'Length'}, 'value': '13.5'}, {'type': {'value': 213, 'displayName': 'Angle'}, 'value': '2.62'}, {'type': {'value': 178, 'displayName': 'StandingSave'}}, {'type': {'value': 56, 'displayName': 'Zone'}, 'value': 'Back'}]","[91, 117, 30, 35, 37, 216, 218]",True,396975.0,44.3,42.3,,,,,,,,,
2610447033.0,620,69,39.0,31,44.3,42.7,75,"{'value': 2, 'displayName': 'SecondHalf'}","{'value': 1, 'displayName': 'Pass'}","{'value': 1, 'displayName': 'Successful'}","[{'type': {'value': 56, 'displayName': 'Zone'}, 'value': 'Back'}, {'type': {'value': 141, 'displayName': 'PassEndY'}, 'value': '34.2'}, {'type': {'value': 212, 'displayName': 'Length'}, 'value': '7.5'}, {'type': {'value': 178, 'displayName': 'StandingSave'}}, {'type': {'value': 140, 'displayName': 'PassEndX'}, 'value': '48.9'}, {'type': {'value': 213, 'displayName': 'Angle'}, 'value': '5.41'}]","[91, 117, 30, 36, 38, 216, 218]",True,381045.0,48.9,34.2,,,,,,,,,
2610447057.0,621,69,40.0,31,48.6,32.7,75,"{'value': 2, 'displayName': 'SecondHalf'}","{'value': 1, 'displayName': 'Pass'}","{'value': 1, 'displayName': 'Successful'}","[{'type': {'value': 213, 'displayName': 'Angle'}, 'value': '4.36'}, {'type': {'value': 56, 'displayName': 'Zone'}, 'value': 'Back'}, {'type': {'value': 141, 'displayName': 'PassEndY'}, 'value': '16.7'}, {'type': {'value': 140, 'displayName': 'PassEndX'}, 'value': '44.8'}, {'type': {'value': 212, 'displayName': 'Length'}, 'value': '11.6'}, {'type': {'value': 178, 'displayName': 'StandingSave'}}]","[91, 117, 30, 35, 38, 216, 218]",True,396975.0,44.8,16.7,,,,,,,,,
2610447135.0,622,69,41.0,31,44.8,16.7,75,"{'value': 2, 'displayName': 'SecondHalf'}","{'value': 1, 'displayName': 'Pass'}","{'value': 1, 'displayName': 'Successful'}","[{'type': {'value': 56, 'displayName': 'Zone'}, 'value': 'Right'}, {'type': {'value': 212, 'displayName': 'Length'}, 'value': '19.9'}, {'type': {'value': 213, 'displayName': 'Angle'}, 'value': '5.83'}, {'type': {'value': 141, 'displayName': 'PassEndY'}, 'value': '4.0'}, {'type': {'value': 178, 'displayName': 'StandingSave'}}, {'type': {'value': 140, 'displayName': 'PassEndX'}, 'value': '61.9'}]","[91, 119, 117, 30, 36, 38, 216, 218]",True,131464.0,61.9,4.0,,,,,,,,,
2610447153.0,623,69,44.0,31,62.9,5.3,75,"{'value': 2, 'displayName': 'SecondHalf'}","{'value': 1, 'displayName': 'Pass'}","{'value': 0, 'displayName': 'Unsuccessful'}","[{'type': {'value': 56, 'displayName': 'Zone'}, 'value': 'Center'}, {'type': {'value': 155, 'displayName': 'Chipped'}}, {'type': {'value': 213, 'displayName': 'Angle'}, 'value': '1.21'}, {'type': {'value': 1, 'displayName': 'Longball'}}, {'type': {'value': 140, 'displayName': 'PassEndX'}, 'value': '75.5'}, {'type': {'value': 212, 'displayName': 'Length'}, 'value': '37.8'}, {'type': {'value': 141, 'displayName': 'PassEndY'}, 'value': '57.3'}, {'type': {'value': 178, 'displayName': 'StandingSave'}}]","[91, 120, 124, 128, 36, 37, 217, 218]",True,367781.0,75.5,57.3,,,,,,,,,
2610447215.0,786,69,46.0,29,20.9,37.7,75,"{'value': 2, 'displayName': 'SecondHalf'}","{'value': 1, 'displayName': 'Pass'}","{'value': 1, 'displayName': 'Successful'}","[{'type': {'value': 212, 'displayName': 'Length'}, 'value': '14.4'}, {'type': {'value': 56, 'displayName': 'Zone'}, 'value': 'Back'}, {'type': {'value': 3, 'displayName': 'HeadPass'}}, {'type': {'value': 178, 'displayName': 'StandingSave'}}, {'type': {'value': 213, 'displayName': 'Angle'}, 'value': '0.27'}, {'type': {'value': 140, 'displayName': 'PassEndX'}, 'value': '34.1'}, {'type': {'value': 141, 'displayName': 'PassEndY'}, 'value': '43.3'}]","[91, 117, 30, 139, 36, 37, 216, 218]",True,111372.0,34.1,43.3,,,,,,,,,
2610447227.0,787,69,48.0,29,34.0,43.3,75,"{'value': 2, 'displayName': 'SecondHalf'}","{'value': 49, 'displayName': 'BallRecovery'}","{'value': 1, 'displayName': 'Successful'}",[],[93],False,400166.0,,,,,,,,,,,
2610447329.0,788,69,49.0,29,33.8,39.2,75,"{'value': 2, 'displayName': 'SecondHalf'}","{'value': 1, 'displayName': 'Pass'}","{'value': 1, 'displayName': 'Successful'}","[{'type': {'value': 141, 'displayName': 'PassEndY'}, 'value': '13.8'}, {'type': {'value': 56, 'displayName': 'Zone'}, 'value': 'Back'}, {'type': {'value': 140, 'displayName': 'PassEndX'}, 'value': '36.9'}, {'type': {'value': 178, 'displayName': 'StandingSave'}}, {'type': {'value': 213, 'displayName': 'Angle'}, 'value': '4.90'}, {'type': {'value': 212, 'displayName': 'Length'}, 'value': '17.6'}]","[91, 117, 30, 36, 38, 216, 218]",True,400166.0,36.9,13.8,,,,,,,,,
2610447383.0,789,69,53.0,29,38.0,8.6,75,"{'value': 2, 'displayName': 'SecondHalf'}","{'value': 1, 'displayName': 'Pass'}","{'value': 0, 'displayName': 'Unsuccessful'}","[{'type': {'value': 178, 'displayName': 'StandingSave'}}, {'type': {'value': 212, 'displayName': 'Length'}, 'value': '53.8'}, {'type': {'value': 141, 'displayName': 'PassEndY'}, 'value': '26.5'}, {'type': {'value': 56, 'displayName': 'Zone'}, 'value': 'Center'}, {'type': {'value': 1, 'displayName': 'Longball'}}, {'type': {'value': 213, 'displayName': 'Angle'}, 'value': '0.23'}, {'type': {'value': 140, 'displayName': 'PassEndX'}, 'value': '87.9'}]","[91, 120, 128, 36, 37, 217, 218]",True,111372.0,87.9,26.5,,,,,,,,,
2610447427.0,624,69,57.0,31,12.8,68.5,75,"{'value': 2, 'displayName': 'SecondHalf'}","{'value': 49, 'displayName': 'BallRecovery'}","{'value': 1, 'displayName': 'Successful'}",[],[93],False,110189.0,,,,,,,,,,,
2610447613.0,625,69,59.0,31,14.0,65.7,75,"{'value': 2, 'displayName': 'SecondHalf'}","{'value': 1, 'displayName': 'Pass'}","{'value': 1, 'displayName': 'Successful'}","[{'type': {'value': 212, 'displayName': 'Length'}, 'value': '20.3'}, {'type': {'value': 178, 'displayName': 'StandingSave'}}, {'type': {'value': 140, 'displayName': 'PassEndX'}, 'value': '32.8'}, {'type': {'value': 141, 'displayName': 'PassEndY'}, 'value': '58.7'}, {'type': {'value': 56, 'displayName': 'Zone'}, 'value': 'Back'}, {'type': {'value': 213, 'displayName': 'Angle'}, 'value': '6.05'}]","[91, 117, 30, 36, 38, 215, 218]",True,110189.0,32.8,58.7,,,,,,,,,
2610447691.0,626,70,6.0,31,38.5,48.1,76,"{'value': 2, 'displayName': 'SecondHalf'}","{'value': 1, 'displayName': 'Pass'}","{'value': 1, 'displayName': 'Successful'}","[{'type': {'value': 213, 'displayName': 'Angle'}, 'value': '2.46'}, {'type': {'value': 141, 'displayName': 'PassEndY'}, 'value': '59.0'}, {'type': {'value': 140, 'displayName': 'PassEndX'}, 'value': '29.8'}, {'type': {'value': 56, 'displayName': 'Zone'}, 'value': 'Back'}, {'type': {'value': 178, 'displayName': 'StandingSave'}}, {'type': {'value': 212, 'displayName': 'Length'}, 'value': '11.8'}]","[91, 117, 30, 35, 37, 215, 218]",True,400815.0,29.8,59.0,,,,,,,,,
2610447867.0,627,70,11.0,31,31.9,59.0,76,"{'value': 2, 'displayName': 'SecondHalf'}","{'value': 1, 'displayName': 'Pass'}","{'value': 1, 'displayName': 'Successful'}","[{'type': {'value': 56, 'displayName': 'Zone'}, 'value': 'Back'}, {'type': {'value': 213, 'displayName': 'Angle'}, 'value': '3.46'}, {'type': {'value': 140, 'displayName': 'PassEndX'}, 'value': '13.6'}, {'type': {'value': 212, 'displayName': 'Length'}, 'value': '20.3'}, {'type': {'value': 178, 'displayName': 'StandingSave'}}, {'type': {'value': 141, 'displayName': 'PassEndY'}, 'value': '49.6'}]","[91, 117, 30, 35, 38, 215, 218]",True,381045.0,13.6,49.6,,,,,,,,,
2610447957.0,628,70,18.0,31,14.6,53.3,76,"{'value': 2, 'displayName': 'SecondHalf'}","{'value': 1, 'displayName': 'Pass'}","{'value': 1, 'displayName': 'Successful'}","[{'type': {'value': 178, 'displayName': 'StandingSave'}}, {'type': {'value': 141, 'displayName': 'PassEndY'}, 'value': '79.3'}, {'type': {'value': 56, 'displayName': 'Zone'}, 'value': 'Back'}, {'type': {'value': 140, 'displayName': 'PassEndX'}, 'value': '18.9'}, {'type': {'value': 213, 'displayName': 'Angle'}, 'value': '1.32'}, {'type': {'value': 212, 'displayName': 'Length'}, 'value': '18.2'}]","[91, 117, 30, 36, 37, 215, 218]",True,110189.0,18.9,79.3,,,,,,,,,
2610447981.0,629,70,21.0,31,19.0,79.3,76,"{'value': 2, 'displayName': 'SecondHalf'}","{'value': 1, 'displayName': 'Pass'}","{'value': 1, 'displayName': 'Successful'}","[{'type': {'value': 140, 'displayName': 'PassEndX'}, 'value': '24.4'}, {'type': {'value': 178, 'displayName': 'StandingSave'}}, {'type': {'value': 212, 'displayName': 'Length'}, 'value': '12.5'}, {'type': {'value': 141, 'displayName': 'PassEndY'}, 'value': '95.7'}, {'type': {'value': 56, 'displayName': 'Zone'}, 'value': 'Back'}, {'type': {'value': 213, 'displayName': 'Angle'}, 'value': '1.10'}]","[91, 117, 30, 36, 37, 215, 218]",True,381045.0,24.4,95.7,,,,,,,,,
2610448061.0,630,70,23.0,31,24.5,95.9,76,"{'value': 2, 'displayName': 'SecondHalf'}","{'value': 1, 'displayName': 'Pass'}","{'value': 1, 'displayName': 'Successful'}","[{'type': {'value': 212, 'displayName': 'Length'}, 'value': '14.5'}, {'type': {'value': 178, 'displayName': 'StandingSave'}}, {'type': {'value': 56, 'displayName': 'Zone'}, 'value': 'Back'}, {'type': {'value': 213, 'displayName': 'Angle'}, 'value': '6.21'}, {'type': {'value': 141, 'displayName': 'PassEndY'}, 'value': '94.4'}, {'type': {'value': 140, 'displayName': 'PassEndX'}, 'value': '38.3'}]","[91, 117, 30, 36, 38, 216, 218]",True,345516.0,38.3,94.4,,,,,,,,,
2610448069.0,631,70,26.0,31,39.3,95.1,76,"{'value': 2, 'displayName': 'SecondHalf'}","{'value': 61, 'displayName': 'BallTouch'}","{'value': 0, 'displayName': 'Unsuccessful'}","[{'type': {'value': 178, 'displayName': 'StandingSave'}}, {'type': {'value': 56, 'displayName': 'Zone'}, 'value': 'Back'}]","[91, 69]",True,357427.0,,,,,,,,,,,
2610448311.0,792,70,36.0,29,54.7,0.0,76,"{'value': 2, 'displayName': 'SecondHalf'}","{'value': 1, 'displayName': 'Pass'}","{'value': 1, 'displayName': 'Successful'}","[{'type': {'value': 212, 'displayName': 'Length'}, 'value': '17.5'}, {'type': {'value': 56, 'displayName': 'Zone'}, 'value': 'Right'}, {'type': {'value': 107, 'displayName': 'ThrowIn'}}, {'type': {'value': 141, 'displayName': 'PassEndY'}, 'value': '19.7'}, {'type': {'value': 140, 'displayName': 'PassEndX'}, 'value': '63.6'}, {'type': {'value': 213, 'displayName': 'Angle'}, 'value': '1.01'}]","[91, 212, 36, 37, 216]",True,111372.0,63.6,19.7,,,,,,,,,
2610448391.0,793,70,40.0,29,61.6,33.6,76,"{'value': 2, 'displayName': 'SecondHalf'}","{'value': 1, 'displayName': 'Pass'}","{'value': 1, 'displayName': 'Successful'}","[{'type': {'value': 212, 'displayName': 'Length'}, 'value': '23.1'}, {'type': {'value': 178, 'displayName': 'StandingSave'}}, {'type': {'value': 213, 'displayName': 'Angle'}, 'value': '2.27'}, {'type': {'value': 56, 'displayName': 'Zone'}, 'value': 'Back'}, {'type': {'value': 140, 'displayName': 'PassEndX'}, 'value': '47.5'}, {'type': {'value': 141, 'displayName': 'PassEndY'}, 'value': '59.7'}]","[91, 117, 30, 35, 37, 216, 218]",True,400166.0,47.5,59.7,,,,,,,,,
2610448425.0,794,70,44.0,29,52.1,64.2,76,"{'value': 2, 'displayName': 'SecondHalf'}","{'value': 1, 'displayName': 'Pass'}","{'value': 1, 'displayName': 'Successful'}","[{'type': {'value': 212, 'displayName': 'Length'}, 'value': '22.9'}, {'type': {'value': 140, 'displayName': 'PassEndX'}, 'value': '59.8'}, {'type': {'value': 56, 'displayName': 'Zone'}, 'value': 'Left'}, {'type': {'value': 213, 'displayName': 'Angle'}, 'value': '1.21'}, {'type': {'value': 141, 'displayName': 'PassEndY'}, 'value': '95.7'}, {'type': {'value': 178, 'displayName': 'StandingSave'}}]","[91, 119, 117, 30, 36, 37, 216, 218]",True,362434.0,59.8,95.7,,,,,,,,,
2610448463.0,795,70,46.0,29,60.1,92.3,76,"{'value': 2, 'displayName': 'SecondHalf'}","{'value': 1, 'displayName': 'Pass'}","{'value': 1, 'displayName': 'Successful'}","[{'type': {'value': 141, 'displayName': 'PassEndY'}, 'value': '89.6'}, {'type': {'value': 213, 'displayName': 'Angle'}, 'value': '6.10'}, {'type': {'value': 178, 'displayName': 'StandingSave'}}, {'type': {'value': 212, 'displayName': 'Length'}, 'value': '10.2'}, {'type': {'value': 140, 'displayName': 'PassEndX'}, 'value': '69.7'}, {'type': {'value': 56, 'displayName': 'Zone'}, 'value': 'Left'}]","[91, 119, 117, 30, 205, 36, 38, 217, 218]",True,68049.0,69.7,89.6,,,,,,,,,
2610448485.0,796,70,47.0,29,67.4,92.0,76,"{'value': 2, 'displayName': 'SecondHalf'}","{'value': 1, 'displayName': 'Pass'}","{'value': 1, 'displayName': 'Successful'}","[{'type': {'value': 212, 'displayName': 'Length'}, 'value': '12.4'}, {'type': {'value': 141, 'displayName': 'PassEndY'}, 'value': '93.9'}, {'type': {'value': 213, 'displayName': 'Angle'}, 'value': '3.04'}, {'type': {'value': 56, 'displayName': 'Zone'}, 'value': 'Left'}, {'type': {'value': 140, 'displayName': 'PassEndX'}, 'value': '55.7'}, {'type': {'value': 178, 'displayName': 'StandingSave'}}]","[91, 119, 117, 30, 35, 37, 216, 218]",True,137021.0,55.7,93.9,,,,,,,,,
2610448541.0,797,70,48.0,29,55.7,93.9,76,"{'value': 2, 'displayName': 'SecondHalf'}","{'value': 1, 'displayName': 'Pass'}","{'value': 1, 'displayName': 'Successful'}","[{'type': {'value': 213, 'displayName': 'Angle'}, 'value': '0.01'}, {'type': {'value': 212, 'displayName': 'Length'}, 'value': '10.1'}, {'type': {'value': 141, 'displayName': 'PassEndY'}, 'value': '94.1'}, {'type': {'value': 140, 'displayName': 'PassEndX'}, 'value': '65.3'}, {'type': {'value': 178, 'displayName': 'StandingSave'}}, {'type': {'value': 56, 'displayName': 'Zone'}, 'value': 'Left'}]","[91, 119, 117, 30, 36, 37, 216, 218]",True,68049.0,65.3,94.1,,,,,,,,,
2610448569.0,798,70,50.0,29,63.6,94.7,76,"{'value': 2, 'displayName': 'SecondHalf'}","{'value': 1, 'displayName': 'Pass'}","{'value': 1, 'displayName': 'Successful'}","[{'type': {'value': 212, 'displayName': 'Length'}, 'value': '7.8'}, {'type': {'value': 213, 'displayName': 'Angle'}, 'value': '3.13'}, {'type': {'value': 140, 'displayName': 'PassEndX'}, 'value': '56.2'}, {'type': {'value': 56, 'displayName': 'Zone'}, 'value': 'Left'}, {'type': {'value': 178, 'displayName': 'StandingSave'}}, {'type': {'value': 141, 'displayName': 'PassEndY'}, 'value': '94.8'}]","[91, 119, 117, 30, 35, 37, 216, 218]",True,137021.0,56.2,94.8,,,,,,,,,
2610448625.0,799,70,52.0,29,57.4,94.5,76,"{'value': 2, 'displayName': 'SecondHalf'}","{'value': 1, 'displayName': 'Pass'}","{'value': 0, 'displayName': 'Unsuccessful'}","[{'type': {'value': 178, 'displayName': 'StandingSave'}}, {'type': {'value': 212, 'displayName': 'Length'}, 'value': '21.6'}, {'type': {'value': 56, 'displayName': 'Zone'}, 'value': 'Left'}, {'type': {'value': 140, 'displayName': 'PassEndX'}, 'value': '78.0'}, {'type': {'value': 141, 'displayName': 'PassEndY'}, 'value': '93.2'}, {'type': {'value': 213, 'displayName': 'Angle'}, 'value': '6.24'}]","[91, 120, 29, 36, 38, 217, 218]",True,68049.0,78.0,93.2,,,,,,,,,
2610448629.0,634,70,54.0,31,31.8,3.5,76,"{'value': 2, 'displayName': 'SecondHalf'}","{'value': 8, 'displayName': 'Interception'}","{'value': 1, 'displayName': 'Successful'}","[{'type': {'value': 56, 'displayName': 'Zone'}, 'value': 'Back'}]","[91, 101, 56]",True,396975.0,,,,,,,,,,,
2610448639.0,800,70,54.0,29,77.4,93.3,76,"{'value': 2, 'displayName': 'SecondHalf'}","{'value': 61, 'displayName': 'BallTouch'}","{'value': 1, 'displayName': 'Successful'}","[{'type': {'value': 178, 'displayName': 'StandingSave'}}, {'type': {'value': 56, 'displayName': 'Zone'}, 'value': 'Left'}]",[91],True,105172.0,,,,,,,,,,,
2610449085.0,636,71,14.0,31,29.9,0.0,77,"{'value': 2, 'displayName': 'SecondHalf'}","{'value': 1, 'displayName': 'Pass'}","{'value': 1, 'displayName': 'Successful'}","[{'type': {'value': 212, 'displayName': 'Length'}, 'value': '7.8'}, {'type': {'value': 141, 'displayName': 'PassEndY'}, 'value': '9.4'}, {'type': {'value': 107, 'displayName': 'ThrowIn'}}, {'type': {'value': 140, 'displayName': 'PassEndX'}, 'value': '31.8'}, {'type': {'value': 56, 'displayName': 'Zone'}, 'value': 'Back'}, {'type': {'value': 213, 'displayName': 'Angle'}, 'value': '1.31'}]","[91, 212, 36, 37, 215]",True,396975.0,31.8,9.4,,,,,,,,,
2610449121.0,637,71,15.0,31,31.8,9.4,77,"{'value': 2, 'displayName': 'SecondHalf'}","{'value': 1, 'displayName': 'Pass'}","{'value': 1, 'displayName': 'Successful'}","[{'type': {'value': 212, 'displayName': 'Length'}, 'value': '6.7'}, {'type': {'value': 213, 'displayName': 'Angle'}, 'value': '3.88'}, {'type': {'value': 56, 'displayName': 'Zone'}, 'value': 'Back'}, {'type': {'value': 140, 'displayName': 'PassEndX'}, 'value': '27.1'}, {'type': {'value': 141, 'displayName': 'PassEndY'}, 'value': '2.8'}, {'type': {'value': 156, 'displayName': 'LayOff'}}]","[91, 117, 30, 35, 38, 215, 218]",True,400815.0,27.1,2.8,,,,,,,,,
2610449153.0,638,71,17.0,31,27.1,2.8,77,"{'value': 2, 'displayName': 'SecondHalf'}","{'value': 1, 'displayName': 'Pass'}","{'value': 1, 'displayName': 'Successful'}","[{'type': {'value': 178, 'displayName': 'StandingSave'}}, {'type': {'value': 140, 'displayName': 'PassEndX'}, 'value': '15.2'}, {'type': {'value': 213, 'displayName': 'Angle'}, 'value': '2.92'}, {'type': {'value': 56, 'displayName': 'Zone'}, 'value': 'Back'}, {'type': {'value': 212, 'displayName': 'Length'}, 'value': '12.8'}, {'type': {'value': 141, 'displayName': 'PassEndY'}, 'value': '7.0'}]","[91, 117, 30, 35, 37, 215, 218]",True,396975.0,15.2,7.0,,,,,,,,,
2610449197.0,639,71,18.0,31,15.2,7.0,77,"{'value': 2, 'displayName': 'SecondHalf'}","{'value': 1, 'displayName': 'Pass'}","{'value': 0, 'displayName': 'Unsuccessful'}","[{'type': {'value': 213, 'displayName': 'Angle'}, 'value': '0.10'}, {'type': {'value': 141, 'displayName': 'PassEndY'}, 'value': '13.7'}, {'type': {'value': 140, 'displayName': 'PassEndX'}, 'value': '58.2'}, {'type': {'value': 1, 'displayName': 'Longball'}}, {'type': {'value': 212, 'displayName': 'Length'}, 'value': '45.4'}, {'type': {'value': 155, 'displayName': 'Chipped'}}, {'type': {'value': 178, 'displayName': 'StandingSave'}}, {'type': {'value': 56, 'displayName': 'Zone'}, 'value': 'Right'}]","[91, 120, 124, 128, 36, 37, 216, 218]",True,131464.0,58.2,13.7,,,,,,,,,
2610449247.0,802,71,21.0,29,42.5,85.4,77,"{'value': 2, 'displayName': 'SecondHalf'}","{'value': 1, 'displayName': 'Pass'}","{'value': 0, 'displayName': 'Unsuccessful'}","[{'type': {'value': 213, 'displayName': 'Angle'}, 'value': '0.07'}, {'type': {'value': 56, 'displayName': 'Zone'}, 'value': 'Left'}, {'type': {'value': 212, 'displayName': 'Length'}, 'value': '15.5'}, {'type': {'value': 140, 'displayName': 'PassEndX'}, 'value': '57.2'}, {'type': {'value': 141, 'displayName': 'PassEndY'}, 'value': '87.1'}, {'type': {'value': 3, 'displayName': 'HeadPass'}}]","[91, 120, 29, 139, 36, 37, 216, 218]",True,362434.0,57.2,87.1,,,,,,,,,
2610449353.0,640,71,22.0,31,44.0,21.5,77,"{'value': 2, 'displayName': 'SecondHalf'}","{'value': 1, 'displayName': 'Pass'}","{'value': 1, 'displayName': 'Successful'}","[{'type': {'value': 56, 'displayName': 'Zone'}, 'value': 'Center'}, {'type': {'value': 213, 'displayName': 'Angle'}, 'value': '1.17'}, {'type': {'value': 141, 'displayName': 'PassEndY'}, 'value': '46.6'}, {'type': {'value': 140, 'displayName': 'PassEndX'}, 'value': '50.9'}, {'type': {'value': 212, 'displayName': 'Length'}, 'value': '18.5'}, {'type': {'value': 3, 'displayName': 'HeadPass'}}]","[91, 119, 117, 30, 139, 36, 37, 216, 218]",True,317896.0,50.9,46.6,,,,,,,,,
2610449441.0,642,71,27.0,31,59.4,68.7,77,"{'value': 2, 'displayName': 'SecondHalf'}","{'value': 1, 'displayName': 'Pass'}","{'value': 1, 'displayName': 'Successful'}","[{'type': {'value': 212, 'displayName': 'Length'}, 'value': '26.9'}, {'type': {'value': 141, 'displayName': 'PassEndY'}, 'value': '92.1'}, {'type': {'value': 56, 'displayName': 'Zone'}, 'value': 'Left'}, {'type': {'value': 178, 'displayName': 'StandingSave'}}, {'type': {'value': 213, 'displayName': 'Angle'}, 'value': '0.63'}, {'type': {'value': 140, 'displayName': 'PassEndX'}, 'value': '80.0'}]","[91, 119, 117, 30, 205, 36, 37, 217, 218]",True,357427.0,80.0,92.1,,,,,,,,,
2610449559.0,643,71,35.0,31,74.5,84.8,77,"{'value': 2, 'displayName': 'SecondHalf'}","{'value': 1, 'displayName': 'Pass'}","{'value': 1, 'displayName': 'Successful'}","[{'type': {'value': 213, 'displayName': 'Angle'}, 'value': '4.60'}, {'type': {'value': 56, 'displayName': 'Zone'}, 'value': 'Center'}, {'type': {'value': 212, 'displayName': 'Length'}, 'value': '8.8'}, {'type': {'value': 140, 'displayName': 'PassEndX'}, 'value': '73.6'}, {'type': {'value': 141, 'displayName': 'PassEndY'}, 'value': '72.0'}, {'type': {'value': 178, 'displayName': 'StandingSave'}}]","[91, 119, 117, 30, 205, 35, 38, 217, 218]",True,141469.0,73.6,72.0,,,,,,,,,
2610449595.0,644,71,36.0,31,73.6,72.0,77,"{'value': 2, 'displayName': 'SecondHalf'}","{'value': 1, 'displayName': 'Pass'}","{'value': 1, 'displayName': 'Successful'}","[{'type': {'value': 56, 'displayName': 'Zone'}, 'value': 'Left'}, {'type': {'value': 212, 'displayName': 'Length'}, 'value': '17.0'}, {'type': {'value': 140, 'displayName': 'PassEndX'}, 'value': '88.8'}, {'type': {'value': 213, 'displayName': 'Angle'}, 'value': '0.36'}, {'type': {'value': 141, 'displayName': 'PassEndY'}, 'value': '80.8'}, {'type': {'value': 178, 'displayName': 'StandingSave'}}]","[91, 119, 117, 30, 205, 36, 37, 217, 218]",True,357427.0,88.8,80.8,,,,,,,,,
2610449631.0,645,71,39.0,31,92.9,72.7,77,"{'value': 2, 'displayName': 'SecondHalf'}","{'value': 1, 'displayName': 'Pass'}","{'value': 0, 'displayName': 'Unsuccessful'}","[{'type': {'value': 140, 'displayName': 'PassEndX'}, 'value': '92.5'}, {'type': {'value': 56, 'displayName': 'Zone'}, 'value': 'Center'}, {'type': {'value': 213, 'displayName': 'Angle'}, 'value': '4.68'}, {'type': {'value': 178, 'displayName': 'StandingSave'}}, {'type': {'value': 141, 'displayName': 'PassEndY'}, 'value': '54.8'}, {'type': {'value': 212, 'displayName': 'Length'}, 'value': '12.2'}]","[91, 120, 29, 35, 38, 217, 218]",True,367781.0,92.5,54.8,,,,,,,,,
2610449629.0,804,71,40.0,29,9.8,43.9,77,"{'value': 2, 'displayName': 'SecondHalf'}","{'value': 8, 'displayName': 'Interception'}","{'value': 1, 'displayName': 'Successful'}","[{'type': {'value': 56, 'displayName': 'Zone'}, 'value': 'Back'}]","[91, 101, 102, 56]",True,362434.0,,,,,,,,,,,
2610449793.0,646,71,44.0,31,92.0,74.8,77,"{'value': 2, 'displayName': 'SecondHalf'}","{'value': 1, 'displayName': 'Pass'}","{'value': 0, 'displayName': 'Unsuccessful'}","[{'type': {'value': 2, 'displayName': 'Cross'}}, {'type': {'value': 72, 'displayName': 'LeftFoot'}}, {'type': {'value': 212, 'displayName': 'Length'}, 'value': '16.6'}, {'type': {'value': 178, 'displayName': 'StandingSave'}}, {'type': {'value': 155, 'displayName': 'Chipped'}}, {'type': {'value': 141, 'displayName': 'PassEndY'}, 'value': '52.7'}, {'type': {'value': 56, 'displayName': 'Zone'}, 'value': 'Center'}, {'type': {'value': 140, 'displayName': 'PassEndX'}, 'value': '98.7'}, {'type': {'value': 213, 'displayName': 'Angle'}, 'value': '5.15'}]","[91, 138, 124, 126, 36, 38, 217, 218]",True,367781.0,98.7,52.7,,,,,,,,,
2610449783.0,805,71,45.0,29,0.9,46.9,77,"{'value': 2, 'displayName': 'SecondHalf'}","{'value': 52, 'displayName': 'KeeperPickup'}","{'value': 1, 'displayName': 'Successful'}",[],[93],False,92516.0,,,,,,,,,,,
2610450059.0,806,71,50.0,29,14.0,49.9,77,"{'value': 2, 'displayName': 'SecondHalf'}","{'value': 1, 'displayName': 'Pass'}","{'value': 1, 'displayName': 'Successful'}","[{'type': {'value': 141, 'displayName': 'PassEndY'}, 'value': '90.5'}, {'type': {'value': 123, 'displayName': 'KeeperThrow'}}, {'type': {'value': 178, 'displayName': 'StandingSave'}}, {'type': {'value': 56, 'displayName': 'Zone'}, 'value': 'Back'}, {'type': {'value': 212, 'displayName': 'Length'}, 'value': '33.5'}, {'type': {'value': 1, 'displayName': 'Longball'}}, {'type': {'value': 140, 'displayName': 'PassEndX'}, 'value': '32.0'}, {'type': {'value': 213, 'displayName': 'Angle'}, 'value': '0.97'}]","[91, 36, 37, 215, 218]",True,92516.0,32.0,90.5,,,,,,,,,
2610450065.0,807,71,59.0,29,44.5,85.5,77,"{'value': 2, 'displayName': 'SecondHalf'}","{'value': 4, 'displayName': 'Foul'}","{'value': 1, 'displayName': 'Successful'}","[{'type': {'value': 56, 'displayName': 'Zone'}, 'value': 'Back'}, {'type': {'value': 286, 'displayName': 'Offensive'}}, {'type': {'value': 13, 'displayName': 'Foul'}}, {'type': {'value': 233, 'displayName': 'OppositeRelatedEvent'}, 'value': '648'}]","[91, 63]",True,68049.0,,,,,,,,,,,
2610450043.0,648,71,59.0,31,55.5,14.5,77,"{'value': 2, 'displayName': 'SecondHalf'}","{'value': 4, 'displayName': 'Foul'}","{'value': 0, 'displayName': 'Unsuccessful'}","[{'type': {'value': 56, 'displayName': 'Zone'}, 'value': 'Right'}, {'type': {'value': 178, 'displayName': 'StandingSave'}}, {'type': {'value': 13, 'displayName': 'Foul'}}, {'type': {'value': 233, 'displayName': 'OppositeRelatedEvent'}, 'value': '807'}, {'type': {'value': 285, 'displayName': 'Defensive'}}]",[64],False,317896.0,,,,,,,,,,,
2610450711.0,808,72,24.0,29,0.0,0.0,78,"{'value': 2, 'displayName': 'SecondHalf'}","{'value': 18, 'displayName': 'SubstitutionOff'}","{'value': 1, 'displayName': 'Successful'}","[{'type': {'value': 44, 'displayName': 'PlayerPosition'}, 'value': 'Midfielder'}, {'type': {'value': 59, 'displayName': 'JerseyNumber'}, 'value': '7'}, {'type': {'value': 55, 'displayName': 'RelatedEventId'}, 'value': '809'}]",[214],False,105172.0,,,809.0,143595.0,,,,,,,
2610450717.0,809,72,24.0,29,0.0,0.0,78,"{'value': 2, 'displayName': 'SecondHalf'}","{'value': 19, 'displayName': 'SubstitutionOn'}","{'value': 1, 'displayName': 'Successful'}","[{'type': {'value': 59, 'displayName': 'JerseyNumber'}, 'value': '28'}, {'type': {'value': 44, 'displayName': 'PlayerPosition'}, 'value': 'Midfielder'}, {'type': {'value': 55, 'displayName': 'RelatedEventId'}, 'value': '808'}, {'type': {'value': 145, 'displayName': 'FormationSlot'}, 'value': '4'}]",[213],False,143595.0,,,808.0,105172.0,,,,,,,
2610451059.0,810,72,44.0,29,44.7,88.0,78,"{'value': 2, 'displayName': 'SecondHalf'}","{'value': 1, 'displayName': 'Pass'}","{'value': 0, 'displayName': 'Unsuccessful'}","[{'type': {'value': 178, 'displayName': 'StandingSave'}}, {'type': {'value': 213, 'displayName': 'Angle'}, 'value': '5.64'}, {'type': {'value': 5, 'displayName': 'FreekickTaken'}}, {'type': {'value': 140, 'displayName': 'PassEndX'}, 'value': '81.9'}, {'type': {'value': 155, 'displayName': 'Chipped'}}, {'type': {'value': 212, 'displayName': 'Length'}, 'value': '48.7'}, {'type': {'value': 1, 'displayName': 'Longball'}}, {'type': {'value': 141, 'displayName': 'PassEndY'}, 'value': '45.2'}, {'type': {'value': 56, 'displayName': 'Zone'}, 'value': 'Center'}]","[91, 120, 124, 128, 133, 36, 38, 217, 218]",True,362434.0,81.9,45.2,,,,,,,,,
2610451105.0,649,72,46.0,31,18.7,56.3,78,"{'value': 2, 'displayName': 'SecondHalf'}","{'value': 12, 'displayName': 'Clearance'}","{'value': 1, 'displayName': 'Successful'}","[{'type': {'value': 213, 'displayName': 'Angle'}, 'value': '0.24'}, {'type': {'value': 56, 'displayName': 'Zone'}, 'value': 'Back'}, {'type': {'value': 212, 'displayName': 'Length'}, 'value': '16.6'}, {'type': {'value': 141, 'displayName': 'PassEndY'}, 'value': '62.1'}, {'type': {'value': 15, 'displayName': 'Head'}}, {'type': {'value': 140, 'displayName': 'PassEndX'}, 'value': '34.1'}]","[91, 94, 95, 57, 216]",True,381045.0,34.1,62.1,,,,,,,,,
2610451151.0,811,72,48.0,29,70.3,34.2,78,"{'value': 2, 'displayName': 'SecondHalf'}","{'value': 1, 'displayName': 'Pass'}","{'value': 0, 'displayName': 'Unsuccessful'}","[{'type': {'value': 213, 'displayName': 'Angle'}, 'value': '5.92'}, {'type': {'value': 141, 'displayName': 'PassEndY'}, 'value': '30.0'}, {'type': {'value': 212, 'displayName': 'Length'}, 'value': '8.0'}, {'type': {'value': 56, 'displayName': 'Zone'}, 'value': 'Center'}, {'type': {'value': 3, 'displayName': 'HeadPass'}}, {'type': {'value': 140, 'displayName': 'PassEndX'}, 'value': '77.4'}]","[91, 120, 29, 139, 36, 38, 217, 218]",True,143595.0,77.4,30.0,,,,,,,,,
2610451223.0,812,72,51.0,29,75.9,20.3,78,"{'value': 2, 'displayName': 'SecondHalf'}","{'value': 1, 'displayName': 'Pass'}","{'value': 0, 'displayName': 'Unsuccessful'}","[{'type': {'value': 56, 'displayName': 'Zone'}, 'value': 'Right'}, {'type': {'value': 212, 'displayName': 'Length'}, 'value': '3.7'}, {'type': {'value': 141, 'displayName': 'PassEndY'}, 'value': '14.9'}, {'type': {'value': 140, 'displayName': 'PassEndX'}, 'value': '76.1'}, {'type': {'value': 213, 'displayName': 'Angle'}, 'value': '4.77'}]","[91, 120, 29, 36, 38, 217, 218]",True,322596.0,76.1,14.9,,,,,,,,,
2610451259.0,650,72,51.0,31,22.9,83.7,78,"{'value': 2, 'displayName': 'SecondHalf'}","{'value': 8, 'displayName': 'Interception'}","{'value': 1, 'displayName': 'Successful'}","[{'type': {'value': 178, 'displayName': 'StandingSave'}}, {'type': {'value': 56, 'displayName': 'Zone'}, 'value': 'Back'}]","[91, 101, 56]",True,357427.0,,,,,,,,,,,
2610451247.0,813,72,52.0,29,75.6,14.4,78,"{'value': 2, 'displayName': 'SecondHalf'}","{'value': 61, 'displayName': 'BallTouch'}","{'value': 1, 'displayName': 'Successful'}","[{'type': {'value': 178, 'displayName': 'StandingSave'}}, {'type': {'value': 56, 'displayName': 'Zone'}, 'value': 'Right'}]",[91],True,111372.0,,,,,,,,,,,
2610451373.0,814,72,57.0,29,92.3,5.6,78,"{'value': 2, 'displayName': 'SecondHalf'}","{'value': 1, 'displayName': 'Pass'}","{'value': 0, 'displayName': 'Unsuccessful'}","[{'type': {'value': 233, 'displayName': 'OppositeRelatedEvent'}, 'value': '651'}, {'type': {'value': 141, 'displayName': 'PassEndY'}, 'value': '7.9'}, {'type': {'value': 20, 'displayName': 'RightFoot'}}, {'type': {'value': 212, 'displayName': 'Length'}, 'value': '1.6'}, {'type': {'value': 213, 'displayName': 'Angle'}, 'value': '1.57'}, {'type': {'value': 286, 'displayName': 'Offensive'}}, {'type': {'value': 155, 'displayName': 'Chipped'}}, {'type': {'value': 2, 'displayName': 'Cross'}}, {'type': {'value': 178, 'displayName': 'StandingSave'}}, {'type': {'value': 140, 'displayName': 'PassEndX'}, 'value': '92.3'}, {'type': {'value': 56, 'displayName': 'Zone'}, 'value': 'Right'}]","[91, 137, 124, 126, 37, 217, 218]",True,322596.0,92.3,7.9,,,,,,,,,
2610451385.0,651,72,57.0,31,9.3,90.9,78,"{'value': 2, 'displayName': 'SecondHalf'}","{'value': 12, 'displayName': 'Clearance'}","{'value': 1, 'displayName': 'Successful'}","[{'type': {'value': 233, 'displayName': 'OppositeRelatedEvent'}, 'value': '814'}, {'type': {'value': 56, 'displayName': 'Zone'}, 'value': 'Back'}, {'type': {'value': 178, 'displayName': 'StandingSave'}}, {'type': {'value': 185, 'displayName': 'BlockedCross'}}]","[91, 59]",True,357427.0,,,,,,,,,,,
2610451413.0,652,72,58.0,31,4.8,90.1,78,"{'value': 2, 'displayName': 'SecondHalf'}","{'value': 6, 'displayName': 'CornerAwarded'}","{'value': 0, 'displayName': 'Unsuccessful'}","[{'type': {'value': 56, 'displayName': 'Zone'}, 'value': 'Back'}, {'type': {'value': 73, 'displayName': 'MissLeft'}}, {'type': {'value': 233, 'displayName': 'OppositeRelatedEvent'}, 'value': '815'}]",[122],False,357427.0,,,,,,,,,,,
2610451425.0,815,72,58.0,29,95.2,9.9,78,"{'value': 2, 'displayName': 'SecondHalf'}","{'value': 6, 'displayName': 'CornerAwarded'}","{'value': 1, 'displayName': 'Successful'}","[{'type': {'value': 56, 'displayName': 'Zone'}, 'value': 'Right'}, {'type': {'value': 233, 'displayName': 'OppositeRelatedEvent'}, 'value': '652'}, {'type': {'value': 75, 'displayName': 'MissRight'}}]",[122],False,322596.0,,,,,,,,,,,
2610451985.0,816,73,23.0,29,99.5,0.5,79,"{'value': 2, 'displayName': 'SecondHalf'}","{'value': 1, 'displayName': 'Pass'}","{'value': 0, 'displayName': 'Unsuccessful'}","[{'type': {'value': 155, 'displayName': 'Chipped'}}, {'type': {'value': 213, 'displayName': 'Angle'}, 'value': '1.86'}, {'type': {'value': 6, 'displayName': 'CornerTaken'}}, {'type': {'value': 178, 'displayName': 'StandingSave'}}, {'type': {'value': 2, 'displayName': 'Cross'}}, {'type': {'value': 140, 'displayName': 'PassEndX'}, 'value': '92.4'}, {'type': {'value': 212, 'displayName': 'Length'}, 'value': '26.2'}, {'type': {'value': 141, 'displayName': 'PassEndY'}, 'value': '37.4'}, {'type': {'value': 56, 'displayName': 'Zone'}, 'value': 'Center'}, {'type': {'value': 72, 'displayName': 'LeftFoot'}}]","[91, 138, 124, 126, 31, 33, 34, 35, 37, 217, 218]",True,322596.0,92.4,37.4,,,,,,,,,
2610452283.0,653,73,24.0,31,5.6,62.1,79,"{'value': 2, 'displayName': 'SecondHalf'}","{'value': 12, 'displayName': 'Clearance'}","{'value': 1, 'displayName': 'Successful'}","[{'type': {'value': 140, 'displayName': 'PassEndX'}, 'value': '27.1'}, {'type': {'value': 178, 'displayName': 'StandingSave'}}, {'type': {'value': 56, 'displayName': 'Zone'}, 'value': 'Back'}, {'type': {'value': 212, 'displayName': 'Length'}, 'value': '23.0'}, {'type': {'value': 141, 'displayName': 'PassEndY'}, 'value': '55.4'}, {'type': {'value': 213, 'displayName': 'Angle'}, 'value': '6.08'}]","[91, 94, 95, 215]",True,367781.0,27.1,55.4,,,,,,,,,
2610452073.0,817,73,25.0,29,77.9,39.8,79,"{'value': 2, 'displayName': 'SecondHalf'}","{'value': 1, 'displayName': 'Pass'}","{'value': 1, 'displayName': 'Successful'}","[{'type': {'value': 56, 'displayName': 'Zone'}, 'value': 'Center'}, {'type': {'value': 140, 'displayName': 'PassEndX'}, 'value': '72.0'}, {'type': {'value': 141, 'displayName': 'PassEndY'}, 'value': '55.1'}, {'type': {'value': 178, 'displayName': 'StandingSave'}}, {'type': {'value': 212, 'displayName': 'Length'}, 'value': '12.1'}, {'type': {'value': 213, 'displayName': 'Angle'}, 'value': '2.11'}]","[91, 119, 117, 30, 205, 35, 37, 217, 218]",True,400166.0,72.0,55.1,,,,,,,,,
2610452137.0,818,73,28.0,29,72.0,55.8,79,"{'value': 2, 'displayName': 'SecondHalf'}","{'value': 1, 'displayName': 'Pass'}","{'value': 1, 'displayName': 'Successful'}","[{'type': {'value': 140, 'displayName': 'PassEndX'}, 'value': '53.6'}, {'type': {'value': 212, 'displayName': 'Length'}, 'value': '20.3'}, {'type': {'value': 178, 'displayName': 'StandingSave'}}, {'type': {'value': 141, 'displayName': 'PassEndY'}, 'value': '46.7'}, {'type': {'value': 56, 'displayName': 'Zone'}, 'value': 'Center'}, {'type': {'value': 213, 'displayName': 'Angle'}, 'value': '3.45'}]","[91, 119, 117, 30, 35, 38, 216, 218]",True,137021.0,53.6,46.7,,,,,,,,,
2610452257.0,819,73,30.0,29,53.4,46.6,79,"{'value': 2, 'displayName': 'SecondHalf'}","{'value': 1, 'displayName': 'Pass'}","{'value': 1, 'displayName': 'Successful'}","[{'type': {'value': 178, 'displayName': 'StandingSave'}}, {'type': {'value': 213, 'displayName': 'Angle'}, 'value': '4.88'}, {'type': {'value': 140, 'displayName': 'PassEndX'}, 'value': '56.1'}, {'type': {'value': 212, 'displayName': 'Length'}, 'value': '17.0'}, {'type': {'value': 56, 'displayName': 'Zone'}, 'value': 'Center'}, {'type': {'value': 141, 'displayName': 'PassEndY'}, 'value': '21.9'}]","[91, 119, 117, 30, 36, 38, 216, 218]",True,322696.0,56.1,21.9,,,,,,,,,
2610653851.0,1097,73,34.0,29,75.7,10.4,79,"{'value': 2, 'displayName': 'SecondHalf'}","{'value': 3, 'displayName': 'TakeOn'}","{'value': 0, 'displayName': 'Unsuccessful'}","[{'type': {'value': 56, 'displayName': 'Zone'}, 'value': 'Right'}, {'type': {'value': 286, 'displayName': 'Offensive'}}, {'type': {'value': 178, 'displayName': 'StandingSave'}}]","[91, 53]",True,111372.0,,,,,,,,,,,
2610452265.0,820,73,35.0,29,65.5,8.7,79,"{'value': 2, 'displayName': 'SecondHalf'}","{'value': 4, 'displayName': 'Foul'}","{'value': 1, 'displayName': 'Successful'}","[{'type': {'value': 56, 'displayName': 'Zone'}, 'value': 'Right'}, {'type': {'value': 13, 'displayName': 'Foul'}}, {'type': {'value': 286, 'displayName': 'Offensive'}}, {'type': {'value': 233, 'displayName': 'OppositeRelatedEvent'}, 'value': '655'}]","[91, 63]",True,111372.0,,,,,,,,,,,
2610452367.0,655,73,35.0,31,34.5,91.3,79,"{'value': 2, 'displayName': 'SecondHalf'}","{'value': 4, 'displayName': 'Foul'}","{'value': 0, 'displayName': 'Unsuccessful'}","[{'type': {'value': 13, 'displayName': 'Foul'}}, {'type': {'value': 285, 'displayName': 'Defensive'}}, {'type': {'value': 56, 'displayName': 'Zone'}, 'value': 'Back'}, {'type': {'value': 178, 'displayName': 'StandingSave'}}, {'type': {'value': 233, 'displayName': 'OppositeRelatedEvent'}, 'value': '820'}]",[64],False,317896.0,,,,,,,,,,,
2610452783.0,821,73,53.0,29,65.4,12.4,79,"{'value': 2, 'displayName': 'SecondHalf'}","{'value': 1, 'displayName': 'Pass'}","{'value': 1, 'displayName': 'Successful'}","[{'type': {'value': 140, 'displayName': 'PassEndX'}, 'value': '77.2'}, {'type': {'value': 212, 'displayName': 'Length'}, 'value': '16.2'}, {'type': {'value': 178, 'displayName': 'StandingSave'}}, {'type': {'value': 141, 'displayName': 'PassEndY'}, 'value': '27.7'}, {'type': {'value': 5, 'displayName': 'FreekickTaken'}}, {'type': {'value': 56, 'displayName': 'Zone'}, 'value': 'Center'}, {'type': {'value': 213, 'displayName': 'Angle'}, 'value': '0.70'}]","[91, 119, 117, 30, 132, 205, 36, 37, 217, 218]",True,319756.0,77.2,27.7,,,,,,,,,
2610655087.0,1098,73,55.0,29,75.7,25.1,79,"{'value': 2, 'displayName': 'SecondHalf'}","{'value': 1, 'displayName': 'Pass'}","{'value': 1, 'displayName': 'Successful'}","[{'type': {'value': 56, 'displayName': 'Zone'}, 'value': 'Center'}, {'type': {'value': 213, 'displayName': 'Angle'}, 'value': '3.26'}, {'type': {'value': 212, 'displayName': 'Length'}, 'value': '11.4'}, {'type': {'value': 140, 'displayName': 'PassEndX'}, 'value': '64.9'}, {'type': {'value': 178, 'displayName': 'StandingSave'}}, {'type': {'value': 141, 'displayName': 'PassEndY'}, 'value': '23.1'}]","[91, 119, 117, 30, 35, 38, 216, 218]",True,400166.0,64.9,23.1,,,,,,,,,
2610452811.0,822,73,58.0,29,63.8,34.0,79,"{'value': 2, 'displayName': 'SecondHalf'}","{'value': 1, 'displayName': 'Pass'}","{'value': 1, 'displayName': 'Successful'}","[{'type': {'value': 141, 'displayName': 'PassEndY'}, 'value': '67.8'}, {'type': {'value': 56, 'displayName': 'Zone'}, 'value': 'Center'}, {'type': {'value': 212, 'displayName': 'Length'}, 'value': '23.1'}, {'type': {'value': 213, 'displayName': 'Angle'}, 'value': '1.67'}, {'type': {'value': 140, 'displayName': 'PassEndX'}, 'value': '61.6'}, {'type': {'value': 178, 'displayName': 'StandingSave'}}]","[91, 119, 117, 30, 35, 37, 216, 218]",True,319756.0,61.6,67.8,,,,,,,,,
2610464453.0,11662,74,,31,79.7,49.9,80,"{'value': 2, 'displayName': 'SecondHalf'}","{'value': 10000, 'displayName': 'OffsideGiven'}","{'value': 0, 'displayName': 'Unsuccessful'}",[],[61],False,141469.0,,,,,,,,,,,
2610452991.0,823,74,1.0,29,61.6,67.8,80,"{'value': 2, 'displayName': 'SecondHalf'}","{'value': 1, 'displayName': 'Pass'}","{'value': 1, 'displayName': 'Successful'}","[{'type': {'value': 56, 'displayName': 'Zone'}, 'value': 'Left'}, {'type': {'value': 213, 'displayName': 'Angle'}, 'value': '1.14'}, {'type': {'value': 178, 'displayName': 'StandingSave'}}, {'type': {'value': 212, 'displayName': 'Length'}, 'value': '20.2'}, {'type': {'value': 140, 'displayName': 'PassEndX'}, 'value': '69.7'}, {'type': {'value': 141, 'displayName': 'PassEndY'}, 'value': '94.8'}]","[91, 119, 117, 30, 205, 36, 37, 217, 218]",True,68049.0,69.7,94.8,,,,,,,,,
2610452997.0,656,74,8.0,31,9.5,15.8,80,"{'value': 2, 'displayName': 'SecondHalf'}","{'value': 45, 'displayName': 'Challenge'}","{'value': 0, 'displayName': 'Unsuccessful'}","[{'type': {'value': 285, 'displayName': 'Defensive'}}, {'type': {'value': 233, 'displayName': 'OppositeRelatedEvent'}, 'value': '824'}, {'type': {'value': 56, 'displayName': 'Zone'}, 'value': 'Back'}]",[55],False,317896.0,,,,,,,,,,,
2610453009.0,824,74,8.0,29,90.5,84.2,80,"{'value': 2, 'displayName': 'SecondHalf'}","{'value': 3, 'displayName': 'TakeOn'}","{'value': 1, 'displayName': 'Successful'}","[{'type': {'value': 178, 'displayName': 'StandingSave'}}, {'type': {'value': 56, 'displayName': 'Zone'}, 'value': 'Left'}, {'type': {'value': 286, 'displayName': 'Offensive'}}, {'type': {'value': 233, 'displayName': 'OppositeRelatedEvent'}, 'value': '656'}]","[91, 54]",True,137021.0,,,,,,,,,,,
2610453027.0,825,74,9.0,29,95.1,83.6,80,"{'value': 2, 'displayName': 'SecondHalf'}","{'value': 1, 'displayName': 'Pass'}","{'value': 0, 'displayName': 'Unsuccessful'}","[{'type': {'value': 72, 'displayName': 'LeftFoot'}}, {'type': {'value': 56, 'displayName': 'Zone'}, 'value': 'Left'}, {'type': {'value': 140, 'displayName': 'PassEndX'}, 'value': '94.0'}, {'type': {'value': 178, 'displayName': 'StandingSave'}}, {'type': {'value': 155, 'displayName': 'Chipped'}}, {'type': {'value': 212, 'displayName': 'Length'}, 'value': '1.7'}, {'type': {'value': 213, 'displayName': 'Angle'}, 'value': '3.98'}, {'type': {'value': 2, 'displayName': 'Cross'}}, {'type': {'value': 141, 'displayName': 'PassEndY'}, 'value': '81.7'}]","[91, 138, 124, 126, 35, 38, 217, 218]",True,137021.0,94.0,81.7,,,,,,,,,
2610453045.0,657,74,9.0,31,7.7,20.6,80,"{'value': 2, 'displayName': 'SecondHalf'}","{'value': 61, 'displayName': 'BallTouch'}","{'value': 1, 'displayName': 'Successful'}","[{'type': {'value': 178, 'displayName': 'StandingSave'}}, {'type': {'value': 56, 'displayName': 'Zone'}, 'value': 'Back'}]",[91],True,317896.0,,,,,,,,,,,
2610453065.0,658,74,11.0,31,2.1,47.0,80,"{'value': 2, 'displayName': 'SecondHalf'}","{'value': 52, 'displayName': 'KeeperPickup'}","{'value': 1, 'displayName': 'Successful'}","[{'type': {'value': 178, 'displayName': 'StandingSave'}}]",[93],False,110189.0,,,,,,,,,,,
2610453239.0,659,74,16.0,31,13.9,37.7,80,"{'value': 2, 'displayName': 'SecondHalf'}","{'value': 1, 'displayName': 'Pass'}","{'value': 1, 'displayName': 'Successful'}","[{'type': {'value': 178, 'displayName': 'StandingSave'}}, {'type': {'value': 56, 'displayName': 'Zone'}, 'value': 'Back'}, {'type': {'value': 140, 'displayName': 'PassEndX'}, 'value': '42.2'}, {'type': {'value': 212, 'displayName': 'Length'}, 'value': '37.0'}, {'type': {'value': 213, 'displayName': 'Angle'}, 'value': '5.65'}, {'type': {'value': 1, 'displayName': 'Longball'}}, {'type': {'value': 141, 'displayName': 'PassEndY'}, 'value': '5.3'}, {'type': {'value': 123, 'displayName': 'KeeperThrow'}}]","[91, 36, 38, 216, 218]",True,110189.0,42.2,5.3,,,,,,,,,
2610453357.0,660,74,22.0,31,46.7,8.5,80,"{'value': 2, 'displayName': 'SecondHalf'}","{'value': 1, 'displayName': 'Pass'}","{'value': 1, 'displayName': 'Successful'}","[{'type': {'value': 213, 'displayName': 'Angle'}, 'value': '1.87'}, {'type': {'value': 141, 'displayName': 'PassEndY'}, 'value': '23.7'}, {'type': {'value': 178, 'displayName': 'StandingSave'}}, {'type': {'value': 140, 'displayName': 'PassEndX'}, 'value': '43.7'}, {'type': {'value': 212, 'displayName': 'Length'}, 'value': '10.8'}, {'type': {'value': 56, 'displayName': 'Zone'}, 'value': 'Back'}]","[91, 117, 30, 35, 37, 216, 218]",True,116317.0,43.7,23.7,,,,,,,,,
2610453413.0,661,74,24.0,31,46.0,29.7,80,"{'value': 2, 'displayName': 'SecondHalf'}","{'value': 1, 'displayName': 'Pass'}","{'value': 1, 'displayName': 'Successful'}","[{'type': {'value': 213, 'displayName': 'Angle'}, 'value': '1.23'}, {'type': {'value': 56, 'displayName': 'Zone'}, 'value': 'Center'}, {'type': {'value': 141, 'displayName': 'PassEndY'}, 'value': '51.3'}, {'type': {'value': 140, 'displayName': 'PassEndX'}, 'value': '51.0'}, {'type': {'value': 212, 'displayName': 'Length'}, 'value': '15.6'}, {'type': {'value': 178, 'displayName': 'StandingSave'}}]","[91, 119, 117, 30, 36, 37, 216, 218]",True,317896.0,51.0,51.3,,,,,,,,,
2610453453.0,662,74,28.0,31,65.3,50.4,80,"{'value': 2, 'displayName': 'SecondHalf'}","{'value': 2, 'displayName': 'OffsidePass'}","{'value': 1, 'displayName': 'Successful'}","[{'type': {'value': 141, 'displayName': 'PassEndY'}, 'value': '49.9'}, {'type': {'value': 178, 'displayName': 'StandingSave'}}, {'type': {'value': 56, 'displayName': 'Zone'}, 'value': 'Center'}, {'type': {'value': 140, 'displayName': 'PassEndX'}, 'value': '79.7'}, {'type': {'value': 7, 'displayName': 'PlayerCaughtOffside'}, 'value': '141469'}]","[91, 217]",True,400815.0,79.7,49.9,,,,,,,,,
2610453593.0,826,74,28.0,29,29.6,46.0,80,"{'value': 2, 'displayName': 'SecondHalf'}","{'value': 55, 'displayName': 'OffsideProvoked'}","{'value': 1, 'displayName': 'Successful'}",[],[62],False,106086.0,,,,,,,,,,,
2610453993.0,827,74,44.0,29,13.8,49.7,80,"{'value': 2, 'displayName': 'SecondHalf'}","{'value': 1, 'displayName': 'Pass'}","{'value': 1, 'displayName': 'Successful'}","[{'type': {'value': 141, 'displayName': 'PassEndY'}, 'value': '53.8'}, {'type': {'value': 5, 'displayName': 'FreekickTaken'}}, {'type': {'value': 241, 'displayName': 'IndirectFreekickTaken'}}, {'type': {'value': 178, 'displayName': 'StandingSave'}}, {'type': {'value': 56, 'displayName': 'Zone'}, 'value': 'Back'}, {'type': {'value': 213, 'displayName': 'Angle'}, 'value': '1.15'}, {'type': {'value': 212, 'displayName': 'Length'}, 'value': '3.1'}, {'type': {'value': 140, 'displayName': 'PassEndX'}, 'value': '15.0'}]","[91, 117, 30, 132, 36, 37, 215, 218]",True,92516.0,15.0,53.8,,,,,,,,,
2610657051.0,1099,74,45.0,29,14.9,52.4,80,"{'value': 2, 'displayName': 'SecondHalf'}","{'value': 1, 'displayName': 'Pass'}","{'value': 1, 'displayName': 'Successful'}","[{'type': {'value': 141, 'displayName': 'PassEndY'}, 'value': '30.8'}, {'type': {'value': 140, 'displayName': 'PassEndX'}, 'value': '21.5'}, {'type': {'value': 212, 'displayName': 'Length'}, 'value': '16.2'}, {'type': {'value': 213, 'displayName': 'Angle'}, 'value': '5.15'}, {'type': {'value': 56, 'displayName': 'Zone'}, 'value': 'Back'}, {'type': {'value': 178, 'displayName': 'StandingSave'}}]","[91, 117, 30, 36, 38, 215, 218]",True,362434.0,21.5,30.8,,,,,,,,,
2610454017.0,828,74,49.0,29,28.8,28.9,80,"{'value': 2, 'displayName': 'SecondHalf'}","{'value': 1, 'displayName': 'Pass'}","{'value': 1, 'displayName': 'Successful'}","[{'type': {'value': 212, 'displayName': 'Length'}, 'value': '10.2'}, {'type': {'value': 141, 'displayName': 'PassEndY'}, 'value': '29.3'}, {'type': {'value': 178, 'displayName': 'StandingSave'}}, {'type': {'value': 140, 'displayName': 'PassEndX'}, 'value': '38.5'}, {'type': {'value': 213, 'displayName': 'Angle'}, 'value': '0.03'}, {'type': {'value': 56, 'displayName': 'Zone'}, 'value': 'Back'}]","[91, 117, 30, 36, 37, 216, 218]",True,106086.0,38.5,29.3,,,,,,,,,
2610657405.0,1100,74,55.0,29,40.0,12.7,80,"{'value': 2, 'displayName': 'SecondHalf'}","{'value': 1, 'displayName': 'Pass'}","{'value': 1, 'displayName': 'Successful'}","[{'type': {'value': 56, 'displayName': 'Zone'}, 'value': 'Back'}, {'type': {'value': 213, 'displayName': 'Angle'}, 'value': '5.42'}, {'type': {'value': 212, 'displayName': 'Length'}, 'value': '9.0'}, {'type': {'value': 178, 'displayName': 'StandingSave'}}, {'type': {'value': 140, 'displayName': 'PassEndX'}, 'value': '45.6'}, {'type': {'value': 141, 'displayName': 'PassEndY'}, 'value': '2.6'}]","[91, 117, 30, 36, 38, 216, 218]",True,319756.0,45.6,2.6,,,,,,,,,
2610454037.0,829,74,56.0,29,42.7,3.1,80,"{'value': 2, 'displayName': 'SecondHalf'}","{'value': 1, 'displayName': 'Pass'}","{'value': 1, 'displayName': 'Successful'}","[{'type': {'value': 140, 'displayName': 'PassEndX'}, 'value': '58.1'}, {'type': {'value': 178, 'displayName': 'StandingSave'}}, {'type': {'value': 56, 'displayName': 'Zone'}, 'value': 'Right'}, {'type': {'value': 213, 'displayName': 'Angle'}, 'value': '0.07'}, {'type': {'value': 212, 'displayName': 'Length'}, 'value': '16.2'}, {'type': {'value': 141, 'displayName': 'PassEndY'}, 'value': '4.8'}]","[91, 119, 117, 30, 36, 37, 216, 218]",True,111372.0,58.1,4.8,,,,,,,,,
2610454023.0,664,74,59.0,31,44.7,91.6,80,"{'value': 2, 'displayName': 'SecondHalf'}","{'value': 45, 'displayName': 'Challenge'}","{'value': 0, 'displayName': 'Unsuccessful'}","[{'type': {'value': 285, 'displayName': 'Defensive'}}, {'type': {'value': 56, 'displayName': 'Zone'}, 'value': 'Back'}, {'type': {'value': 233, 'displayName': 'OppositeRelatedEvent'}, 'value': '830'}]",[55],False,345516.0,,,,,,,,,,,
2610454055.0,830,74,59.0,29,55.3,8.4,80,"{'value': 2, 'displayName': 'SecondHalf'}","{'value': 3, 'displayName': 'TakeOn'}","{'value': 1, 'displayName': 'Successful'}","[{'type': {'value': 286, 'displayName': 'Offensive'}}, {'type': {'value': 233, 'displayName': 'OppositeRelatedEvent'}, 'value': '664'}, {'type': {'value': 56, 'displayName': 'Zone'}, 'value': 'Right'}, {'type': {'value': 178, 'displayName': 'StandingSave'}}]","[91, 54]",True,400166.0,,,,,,,,,,,
2610456137.0,848,75,0.0,29,55.8,10.8,81,"{'value': 2, 'displayName': 'SecondHalf'}","{'value': 50, 'displayName': 'Dispossessed'}","{'value': 1, 'displayName': 'Successful'}","[{'type': {'value': 233, 'displayName': 'OppositeRelatedEvent'}, 'value': '671'}, {'type': {'value': 56, 'displayName': 'Zone'}, 'value': 'Right'}, {'type': {'value': 286, 'displayName': 'Offensive'}}]","[91, 70]",True,400166.0,,,,,,,,,,,
2610456107.0,671,75,0.0,31,44.2,89.2,81,"{'value': 2, 'displayName': 'SecondHalf'}","{'value': 7, 'displayName': 'Tackle'}","{'value': 0, 'displayName': 'Unsuccessful'}","[{'type': {'value': 56, 'displayName': 'Zone'}, 'value': 'Back'}, {'type': {'value': 178, 'displayName': 'StandingSave'}}, {'type': {'value': 233, 'displayName': 'OppositeRelatedEvent'}, 'value': '848'}, {'type': {'value': 285, 'displayName': 'Defensive'}}]","[91, 142]",True,345516.0,,,,,,,,,,,
2610454153.0,831,75,1.0,29,59.5,9.8,81,"{'value': 2, 'displayName': 'SecondHalf'}","{'value': 1, 'displayName': 'Pass'}","{'value': 1, 'displayName': 'Successful'}","[{'type': {'value': 213, 'displayName': 'Angle'}, 'value': '1.75'}, {'type': {'value': 140, 'displayName': 'PassEndX'}, 'value': '58.5'}, {'type': {'value': 141, 'displayName': 'PassEndY'}, 'value': '18.2'}, {'type': {'value': 178, 'displayName': 'StandingSave'}}, {'type': {'value': 212, 'displayName': 'Length'}, 'value': '5.8'}, {'type': {'value': 56, 'displayName': 'Zone'}, 'value': 'Right'}]","[91, 119, 117, 30, 35, 37, 216, 218]",True,400166.0,58.5,18.2,,,,,,,,,
2610454191.0,832,75,4.0,29,58.6,20.0,81,"{'value': 2, 'displayName': 'SecondHalf'}","{'value': 1, 'displayName': 'Pass'}","{'value': 1, 'displayName': 'Successful'}","[{'type': {'value': 140, 'displayName': 'PassEndX'}, 'value': '53.2'}, {'type': {'value': 141, 'displayName': 'PassEndY'}, 'value': '53.1'}, {'type': {'value': 178, 'displayName': 'StandingSave'}}, {'type': {'value': 212, 'displayName': 'Length'}, 'value': '23.2'}, {'type': {'value': 56, 'displayName': 'Zone'}, 'value': 'Center'}, {'type': {'value': 213, 'displayName': 'Angle'}, 'value': '1.82'}]","[91, 119, 117, 30, 35, 37, 216, 218]",True,143595.0,53.2,53.1,,,,,,,,,
2610454299.0,833,75,7.0,29,54.1,55.5,81,"{'value': 2, 'displayName': 'SecondHalf'}","{'value': 1, 'displayName': 'Pass'}","{'value': 1, 'displayName': 'Successful'}","[{'type': {'value': 178, 'displayName': 'StandingSave'}}, {'type': {'value': 141, 'displayName': 'PassEndY'}, 'value': '94.1'}, {'type': {'value': 140, 'displayName': 'PassEndX'}, 'value': '73.3'}, {'type': {'value': 56, 'displayName': 'Zone'}, 'value': 'Left'}, {'type': {'value': 213, 'displayName': 'Angle'}, 'value': '0.92'}, {'type': {'value': 212, 'displayName': 'Length'}, 'value': '33.1'}, {'type': {'value': 1, 'displayName': 'Longball'}}]","[91, 119, 117, 127, 205, 36, 37, 217, 218]",True,322696.0,73.3,94.1,,,,,,,,,
2610454369.0,834,75,11.0,29,73.3,83.9,81,"{'value': 2, 'displayName': 'SecondHalf'}","{'value': 1, 'displayName': 'Pass'}","{'value': 1, 'displayName': 'Successful'}","[{'type': {'value': 56, 'displayName': 'Zone'}, 'value': 'Center'}, {'type': {'value': 212, 'displayName': 'Length'}, 'value': '12.3'}, {'type': {'value': 178, 'displayName': 'StandingSave'}}, {'type': {'value': 141, 'displayName': 'PassEndY'}, 'value': '74.7'}, {'type': {'value': 140, 'displayName': 'PassEndX'}, 'value': '63.2'}, {'type': {'value': 213, 'displayName': 'Angle'}, 'value': '3.67'}]","[91, 119, 117, 30, 35, 38, 216, 218]",True,137021.0,63.2,74.7,,,,,,,,,
2610454455.0,835,75,14.0,29,62.4,67.0,81,"{'value': 2, 'displayName': 'SecondHalf'}","{'value': 1, 'displayName': 'Pass'}","{'value': 1, 'displayName': 'Successful'}","[{'type': {'value': 212, 'displayName': 'Length'}, 'value': '43.6'}, {'type': {'value': 213, 'displayName': 'Angle'}, 'value': '4.95'}, {'type': {'value': 178, 'displayName': 'StandingSave'}}, {'type': {'value': 1, 'displayName': 'Longball'}}, {'type': {'value': 140, 'displayName': 'PassEndX'}, 'value': '72.2'}, {'type': {'value': 56, 'displayName': 'Zone'}, 'value': 'Right'}, {'type': {'value': 141, 'displayName': 'PassEndY'}, 'value': '4.7'}, {'type': {'value': 155, 'displayName': 'Chipped'}}]","[91, 119, 117, 124, 127, 205, 36, 38, 217, 218]",True,322696.0,72.2,4.7,,,,,,,,,
2610454515.0,836,75,18.0,29,69.4,5.9,81,"{'value': 2, 'displayName': 'SecondHalf'}","{'value': 1, 'displayName': 'Pass'}","{'value': 1, 'displayName': 'Successful'}","[{'type': {'value': 56, 'displayName': 'Zone'}, 'value': 'Right'}, {'type': {'value': 140, 'displayName': 'PassEndX'}, 'value': '63.7'}, {'type': {'value': 213, 'displayName': 'Angle'}, 'value': '2.54'}, {'type': {'value': 212, 'displayName': 'Length'}, 'value': '7.3'}, {'type': {'value': 178, 'displayName': 'StandingSave'}}, {'type': {'value': 141, 'displayName': 'PassEndY'}, 'value': '12.0'}]","[91, 119, 117, 30, 35, 37, 216, 218]",True,111372.0,63.7,12.0,,,,,,,,,
2610454569.0,837,75,22.0,29,63.9,7.6,81,"{'value': 2, 'displayName': 'SecondHalf'}","{'value': 1, 'displayName': 'Pass'}","{'value': 1, 'displayName': 'Successful'}","[{'type': {'value': 212, 'displayName': 'Length'}, 'value': '6.9'}, {'type': {'value': 178, 'displayName': 'StandingSave'}}, {'type': {'value': 141, 'displayName': 'PassEndY'}, 'value': '9.4'}, {'type': {'value': 213, 'displayName': 'Angle'}, 'value': '0.18'}, {'type': {'value': 140, 'displayName': 'PassEndX'}, 'value': '70.4'}, {'type': {'value': 56, 'displayName': 'Zone'}, 'value': 'Right'}]","[91, 119, 117, 30, 205, 36, 37, 217, 218]",True,319756.0,70.4,9.4,,,,,,,,,
2610454629.0,838,75,24.0,29,70.1,14.6,81,"{'value': 2, 'displayName': 'SecondHalf'}","{'value': 1, 'displayName': 'Pass'}","{'value': 1, 'displayName': 'Successful'}","[{'type': {'value': 213, 'displayName': 'Angle'}, 'value': '1.65'}, {'type': {'value': 140, 'displayName': 'PassEndX'}, 'value': '68.7'}, {'type': {'value': 212, 'displayName': 'Length'}, 'value': '19.4'}, {'type': {'value': 178, 'displayName': 'StandingSave'}}, {'type': {'value': 56, 'displayName': 'Zone'}, 'value': 'Center'}, {'type': {'value': 141, 'displayName': 'PassEndY'}, 'value': '43.1'}]","[91, 119, 117, 30, 205, 35, 37, 217, 218]",True,400166.0,68.7,43.1,,,,,,,,,
2610454691.0,839,75,27.0,29,68.5,39.8,81,"{'value': 2, 'displayName': 'SecondHalf'}","{'value': 1, 'displayName': 'Pass'}","{'value': 1, 'displayName': 'Successful'}","[{'type': {'value': 140, 'displayName': 'PassEndX'}, 'value': '69.7'}, {'type': {'value': 141, 'displayName': 'PassEndY'}, 'value': '15.5'}, {'type': {'value': 213, 'displayName': 'Angle'}, 'value': '4.79'}, {'type': {'value': 212, 'displayName': 'Length'}, 'value': '16.6'}, {'type': {'value': 56, 'displayName': 'Zone'}, 'value': 'Right'}, {'type': {'value': 178, 'displayName': 'StandingSave'}}]","[91, 119, 117, 30, 205, 36, 38, 217, 218]",True,322696.0,69.7,15.5,,,,,,,,,
2610454757.0,840,75,29.0,29,70.1,16.8,81,"{'value': 2, 'displayName': 'SecondHalf'}","{'value': 1, 'displayName': 'Pass'}","{'value': 0, 'displayName': 'Unsuccessful'}","[{'type': {'value': 155, 'displayName': 'Chipped'}}, {'type': {'value': 213, 'displayName': 'Angle'}, 'value': '0.25'}, {'type': {'value': 212, 'displayName': 'Length'}, 'value': '22.0'}, {'type': {'value': 178, 'displayName': 'StandingSave'}}, {'type': {'value': 56, 'displayName': 'Zone'}, 'value': 'Center'}, {'type': {'value': 141, 'displayName': 'PassEndY'}, 'value': '24.9'}, {'type': {'value': 140, 'displayName': 'PassEndX'}, 'value': '90.4'}]","[91, 120, 29, 124, 36, 37, 217, 218]",True,319756.0,90.4,24.9,,,,,,,,,
2610454741.0,666,75,31.0,31,9.2,72.6,81,"{'value': 2, 'displayName': 'SecondHalf'}","{'value': 8, 'displayName': 'Interception'}","{'value': 1, 'displayName': 'Successful'}","[{'type': {'value': 178, 'displayName': 'StandingSave'}}, {'type': {'value': 56, 'displayName': 'Zone'}, 'value': 'Back'}]","[91, 101, 102, 56]",True,381045.0,,,,,,,,,,,
2610454899.0,841,75,35.0,29,96.3,8.0,81,"{'value': 2, 'displayName': 'SecondHalf'}","{'value': 1, 'displayName': 'Pass'}","{'value': 1, 'displayName': 'Successful'}","[{'type': {'value': 140, 'displayName': 'PassEndX'}, 'value': '82.8'}, {'type': {'value': 178, 'displayName': 'StandingSave'}}, {'type': {'value': 141, 'displayName': 'PassEndY'}, 'value': '5.2'}, {'type': {'value': 56, 'displayName': 'Zone'}, 'value': 'Right'}, {'type': {'value': 213, 'displayName': 'Angle'}, 'value': '3.28'}, {'type': {'value': 212, 'displayName': 'Length'}, 'value': '14.3'}]","[91, 119, 117, 30, 205, 35, 38, 217, 218]",True,322596.0,82.8,5.2,,,,,,,,,
2610454949.0,842,75,38.0,29,78.7,12.8,81,"{'value': 2, 'displayName': 'SecondHalf'}","{'value': 1, 'displayName': 'Pass'}","{'value': 1, 'displayName': 'Successful'}","[{'type': {'value': 140, 'displayName': 'PassEndX'}, 'value': '72.2'}, {'type': {'value': 213, 'displayName': 'Angle'}, 'value': '2.47'}, {'type': {'value': 178, 'displayName': 'StandingSave'}}, {'type': {'value': 56, 'displayName': 'Zone'}, 'value': 'Right'}, {'type': {'value': 141, 'displayName': 'PassEndY'}, 'value': '20.7'}, {'type': {'value': 212, 'displayName': 'Length'}, 'value': '8.7'}]","[91, 119, 117, 30, 205, 35, 37, 217, 218]",True,111372.0,72.2,20.7,,,,,,,,,
2610454987.0,843,75,41.0,29,72.2,19.2,81,"{'value': 2, 'displayName': 'SecondHalf'}","{'value': 1, 'displayName': 'Pass'}","{'value': 1, 'displayName': 'Successful'}","[{'type': {'value': 140, 'displayName': 'PassEndX'}, 'value': '70.4'}, {'type': {'value': 213, 'displayName': 'Angle'}, 'value': '1.75'}, {'type': {'value': 178, 'displayName': 'StandingSave'}}, {'type': {'value': 56, 'displayName': 'Zone'}, 'value': 'Center'}, {'type': {'value': 212, 'displayName': 'Length'}, 'value': '10.8'}, {'type': {'value': 141, 'displayName': 'PassEndY'}, 'value': '34.9'}]","[91, 119, 117, 30, 205, 35, 37, 217, 218]",True,319756.0,70.4,34.9,,,,,,,,,
2610455057.0,844,75,43.0,29,70.4,35.2,81,"{'value': 2, 'displayName': 'SecondHalf'}","{'value': 1, 'displayName': 'Pass'}","{'value': 1, 'displayName': 'Successful'}","[{'type': {'value': 141, 'displayName': 'PassEndY'}, 'value': '50.1'}, {'type': {'value': 178, 'displayName': 'StandingSave'}}, {'type': {'value': 56, 'displayName': 'Zone'}, 'value': 'Center'}, {'type': {'value': 212, 'displayName': 'Length'}, 'value': '10.2'}, {'type': {'value': 213, 'displayName': 'Angle'}, 'value': '1.51'}, {'type': {'value': 140, 'displayName': 'PassEndX'}, 'value': '71.0'}]","[91, 119, 117, 30, 205, 36, 37, 217, 218]",True,322696.0,71.0,50.1,,,,,,,,,
2610455075.0,845,75,45.0,29,68.9,46.8,81,"{'value': 2, 'displayName': 'SecondHalf'}","{'value': 3, 'displayName': 'TakeOn'}","{'value': 0, 'displayName': 'Unsuccessful'}","[{'type': {'value': 56, 'displayName': 'Zone'}, 'value': 'Center'}, {'type': {'value': 178, 'displayName': 'StandingSave'}}, {'type': {'value': 286, 'displayName': 'Offensive'}}, {'type': {'value': 233, 'displayName': 'OppositeRelatedEvent'}, 'value': '668'}]","[91, 53]",True,137021.0,,,,,,,,,,,
2610455143.0,668,75,45.0,31,31.1,53.2,81,"{'value': 2, 'displayName': 'SecondHalf'}","{'value': 7, 'displayName': 'Tackle'}","{'value': 1, 'displayName': 'Successful'}","[{'type': {'value': 56, 'displayName': 'Zone'}, 'value': 'Back'}, {'type': {'value': 233, 'displayName': 'OppositeRelatedEvent'}, 'value': '845'}, {'type': {'value': 285, 'displayName': 'Defensive'}}, {'type': {'value': 178, 'displayName': 'StandingSave'}}]","[91, 143]",True,367781.0,,,,,,,,,,,
2610455159.0,669,75,46.0,31,37.0,51.6,81,"{'value': 2, 'displayName': 'SecondHalf'}","{'value': 49, 'displayName': 'BallRecovery'}","{'value': 1, 'displayName': 'Successful'}",[],[93],False,367781.0,,,,,,,,,,,
2610455207.0,670,75,49.0,31,45.4,67.0,81,"{'value': 2, 'displayName': 'SecondHalf'}","{'value': 4, 'displayName': 'Foul'}","{'value': 1, 'displayName': 'Successful'}","[{'type': {'value': 56, 'displayName': 'Zone'}, 'value': 'Back'}, {'type': {'value': 286, 'displayName': 'Offensive'}}, {'type': {'value': 13, 'displayName': 'Foul'}}, {'type': {'value': 233, 'displayName': 'OppositeRelatedEvent'}, 'value': '846'}]","[91, 63]",True,367781.0,,,,,,,,,,,
2610455413.0,846,75,49.0,29,54.6,33.0,81,"{'value': 2, 'displayName': 'SecondHalf'}","{'value': 4, 'displayName': 'Foul'}","{'value': 0, 'displayName': 'Unsuccessful'}","[{'type': {'value': 13, 'displayName': 'Foul'}}, {'type': {'value': 55, 'displayName': 'RelatedEventId'}, 'value': '847'}, {'type': {'value': 285, 'displayName': 'Defensive'}}, {'type': {'value': 233, 'displayName': 'OppositeRelatedEvent'}, 'value': '670'}, {'type': {'value': 56, 'displayName': 'Zone'}, 'value': 'Center'}, {'type': {'value': 178, 'displayName': 'StandingSave'}}]",[64],False,137021.0,,,847.0,137021.0,,,,,,,
2610455435.0,847,75,59.0,29,0.0,0.0,81,"{'value': 2, 'displayName': 'SecondHalf'}","{'value': 17, 'displayName': 'Card'}","{'value': 1, 'displayName': 'Successful'}","[{'type': {'value': 13, 'displayName': 'Foul'}, 'value': '243'}, {'type': {'value': 31, 'displayName': 'Yellow'}}, {'type': {'value': 55, 'displayName': 'RelatedEventId'}, 'value': '846'}]",[65],False,137021.0,,,846.0,137021.0,,,,,,"{'value': 31, 'displayName': 'Yellow'}",
2610456297.0,672,76,38.0,31,54.4,65.1,82,"{'value': 2, 'displayName': 'SecondHalf'}","{'value': 1, 'displayName': 'Pass'}","{'value': 0, 'displayName': 'Unsuccessful'}","[{'type': {'value': 213, 'displayName': 'Angle'}, 'value': '5.63'}, {'type': {'value': 56, 'displayName': 'Zone'}, 'value': 'Center'}, {'type': {'value': 1, 'displayName': 'Longball'}}, {'type': {'value': 140, 'displayName': 'PassEndX'}, 'value': '82.1'}, {'type': {'value': 5, 'displayName': 'FreekickTaken'}}, {'type': {'value': 141, 'displayName': 'PassEndY'}, 'value': '32.6'}, {'type': {'value': 212, 'displayName': 'Length'}, 'value': '36.5'}, {'type': {'value': 178, 'displayName': 'StandingSave'}}, {'type': {'value': 155, 'displayName': 'Chipped'}}]","[91, 120, 124, 128, 133, 36, 38, 217, 218]",True,131464.0,82.1,32.6,,,,,,,,,
2610456287.0,849,76,40.0,29,18.7,62.0,82,"{'value': 2, 'displayName': 'SecondHalf'}","{'value': 1, 'displayName': 'Pass'}","{'value': 1, 'displayName': 'Successful'}","[{'type': {'value': 213, 'displayName': 'Angle'}, 'value': '5.98'}, {'type': {'value': 56, 'displayName': 'Zone'}, 'value': 'Back'}, {'type': {'value': 3, 'displayName': 'HeadPass'}}, {'type': {'value': 141, 'displayName': 'PassEndY'}, 'value': '55.7'}, {'type': {'value': 140, 'displayName': 'PassEndX'}, 'value': '31.6'}, {'type': {'value': 212, 'displayName': 'Length'}, 'value': '14.2'}]","[91, 117, 30, 139, 36, 38, 215, 218]",True,362434.0,31.6,55.7,,,,,,,,,
2610456311.0,851,76,42.0,29,30.6,63.9,82,"{'value': 2, 'displayName': 'SecondHalf'}","{'value': 49, 'displayName': 'BallRecovery'}","{'value': 1, 'displayName': 'Successful'}",[],[93],False,143595.0,,,,,,,,,,,
2610456295.0,850,76,42.0,29,29.1,62.5,82,"{'value': 2, 'displayName': 'SecondHalf'}","{'value': 1, 'displayName': 'Pass'}","{'value': 1, 'displayName': 'Successful'}","[{'type': {'value': 212, 'displayName': 'Length'}, 'value': '18.4'}, {'type': {'value': 56, 'displayName': 'Zone'}, 'value': 'Back'}, {'type': {'value': 213, 'displayName': 'Angle'}, 'value': '2.57'}, {'type': {'value': 141, 'displayName': 'PassEndY'}, 'value': '77.1'}, {'type': {'value': 140, 'displayName': 'PassEndX'}, 'value': '14.4'}]","[91, 117, 30, 35, 37, 215, 218]",True,143595.0,14.4,77.1,,,,,,,,,
2610456387.0,852,76,44.0,29,15.5,74.8,82,"{'value': 2, 'displayName': 'SecondHalf'}","{'value': 1, 'displayName': 'Pass'}","{'value': 1, 'displayName': 'Successful'}","[{'type': {'value': 56, 'displayName': 'Zone'}, 'value': 'Back'}, {'type': {'value': 213, 'displayName': 'Angle'}, 'value': '6.16'}, {'type': {'value': 178, 'displayName': 'StandingSave'}}, {'type': {'value': 155, 'displayName': 'Chipped'}}, {'type': {'value': 140, 'displayName': 'PassEndX'}, 'value': '41.8'}, {'type': {'value': 141, 'displayName': 'PassEndY'}, 'value': '69.9'}, {'type': {'value': 212, 'displayName': 'Length'}, 'value': '27.8'}]","[91, 117, 30, 124, 36, 38, 216, 218]",True,68049.0,41.8,69.9,,,,,,,,,
2610456397.0,853,76,48.0,29,59.0,89.3,82,"{'value': 2, 'displayName': 'SecondHalf'}","{'value': 1, 'displayName': 'Pass'}","{'value': 0, 'displayName': 'Unsuccessful'}","[{'type': {'value': 213, 'displayName': 'Angle'}, 'value': '5.92'}, {'type': {'value': 212, 'displayName': 'Length'}, 'value': '14.9'}, {'type': {'value': 140, 'displayName': 'PassEndX'}, 'value': '72.3'}, {'type': {'value': 178, 'displayName': 'StandingSave'}}, {'type': {'value': 141, 'displayName': 'PassEndY'}, 'value': '81.5'}, {'type': {'value': 56, 'displayName': 'Zone'}, 'value': 'Left'}]","[91, 120, 29, 36, 38, 217, 218]",True,319756.0,72.3,81.5,,,,,,,,,
2610456445.0,674,76,50.0,31,36.3,16.8,82,"{'value': 2, 'displayName': 'SecondHalf'}","{'value': 12, 'displayName': 'Clearance'}","{'value': 1, 'displayName': 'Successful'}","[{'type': {'value': 212, 'displayName': 'Length'}, 'value': '12.3'}, {'type': {'value': 141, 'displayName': 'PassEndY'}, 'value': '0.0'}, {'type': {'value': 178, 'displayName': 'StandingSave'}}, {'type': {'value': 213, 'displayName': 'Angle'}, 'value': '4.78'}, {'type': {'value': 56, 'displayName': 'Zone'}, 'value': 'Back'}, {'type': {'value': 140, 'displayName': 'PassEndX'}, 'value': '37.1'}]","[91, 94, 95, 216]",True,381045.0,37.1,0.0,,,,,,,,,
2610456671.0,855,76,59.0,29,60.8,100.0,82,"{'value': 2, 'displayName': 'SecondHalf'}","{'value': 1, 'displayName': 'Pass'}","{'value': 1, 'displayName': 'Successful'}","[{'type': {'value': 107, 'displayName': 'ThrowIn'}}, {'type': {'value': 212, 'displayName': 'Length'}, 'value': '12.8'}, {'type': {'value': 213, 'displayName': 'Angle'}, 'value': '4.25'}, {'type': {'value': 56, 'displayName': 'Zone'}, 'value': 'Left'}, {'type': {'value': 140, 'displayName': 'PassEndX'}, 'value': '55.4'}, {'type': {'value': 141, 'displayName': 'PassEndY'}, 'value': '84.8'}]","[91, 212, 35, 38, 216]",True,68049.0,55.4,84.8,,,,,,,,,
2610468129.0,11863,77,,29,92.5,44.1,83,"{'value': 2, 'displayName': 'SecondHalf'}","{'value': 10000, 'displayName': 'OffsideGiven'}","{'value': 0, 'displayName': 'Unsuccessful'}",[],[61],False,400166.0,,,,,,,,,,,
2610456687.0,856,77,1.0,29,55.3,89.3,83,"{'value': 2, 'displayName': 'SecondHalf'}","{'value': 1, 'displayName': 'Pass'}","{'value': 1, 'displayName': 'Successful'}","[{'type': {'value': 140, 'displayName': 'PassEndX'}, 'value': '61.7'}, {'type': {'value': 56, 'displayName': 'Zone'}, 'value': 'Left'}, {'type': {'value': 213, 'displayName': 'Angle'}, 'value': '0.60'}, {'type': {'value': 141, 'displayName': 'PassEndY'}, 'value': '96.0'}, {'type': {'value': 212, 'displayName': 'Length'}, 'value': '8.1'}, {'type': {'value': 178, 'displayName': 'StandingSave'}}]","[91, 119, 117, 30, 36, 37, 216, 218]",True,322696.0,61.7,96.0,,,,,,,,,
2610456755.0,857,77,2.0,29,61.7,96.0,83,"{'value': 2, 'displayName': 'SecondHalf'}","{'value': 1, 'displayName': 'Pass'}","{'value': 1, 'displayName': 'Successful'}","[{'type': {'value': 212, 'displayName': 'Length'}, 'value': '26.6'}, {'type': {'value': 178, 'displayName': 'StandingSave'}}, {'type': {'value': 141, 'displayName': 'PassEndY'}, 'value': '90.3'}, {'type': {'value': 56, 'displayName': 'Zone'}, 'value': 'Back'}, {'type': {'value': 213, 'displayName': 'Angle'}, 'value': '3.29'}, {'type': {'value': 140, 'displayName': 'PassEndX'}, 'value': '36.6'}]","[91, 117, 30, 35, 38, 216, 218]",True,68049.0,36.6,90.3,,,,,,,,,
2610456889.0,858,77,4.0,29,36.8,83.5,83,"{'value': 2, 'displayName': 'SecondHalf'}","{'value': 1, 'displayName': 'Pass'}","{'value': 1, 'displayName': 'Successful'}","[{'type': {'value': 212, 'displayName': 'Length'}, 'value': '28.4'}, {'type': {'value': 213, 'displayName': 'Angle'}, 'value': '4.84'}, {'type': {'value': 56, 'displayName': 'Zone'}, 'value': 'Back'}, {'type': {'value': 178, 'displayName': 'StandingSave'}}, {'type': {'value': 140, 'displayName': 'PassEndX'}, 'value': '40.2'}, {'type': {'value': 141, 'displayName': 'PassEndY'}, 'value': '42.1'}]","[91, 117, 30, 36, 38, 216, 218]",True,362434.0,40.2,42.1,,,,,,,,,
2610457007.0,859,77,12.0,29,64.6,24.3,83,"{'value': 2, 'displayName': 'SecondHalf'}","{'value': 1, 'displayName': 'Pass'}","{'value': 1, 'displayName': 'Successful'}","[{'type': {'value': 212, 'displayName': 'Length'}, 'value': '15.5'}, {'type': {'value': 56, 'displayName': 'Zone'}, 'value': 'Right'}, {'type': {'value': 178, 'displayName': 'StandingSave'}}, {'type': {'value': 141, 'displayName': 'PassEndY'}, 'value': '6.7'}, {'type': {'value': 140, 'displayName': 'PassEndX'}, 'value': '74.0'}, {'type': {'value': 213, 'displayName': 'Angle'}, 'value': '5.40'}]","[91, 119, 117, 30, 205, 36, 38, 217, 218]",True,106086.0,74.0,6.7,,,,,,,,,
2610457041.0,860,77,18.0,29,78.9,12.6,83,"{'value': 2, 'displayName': 'SecondHalf'}","{'value': 1, 'displayName': 'Pass'}","{'value': 0, 'displayName': 'Unsuccessful'}","[{'type': {'value': 178, 'displayName': 'StandingSave'}}, {'type': {'value': 212, 'displayName': 'Length'}, 'value': '30.9'}, {'type': {'value': 72, 'displayName': 'LeftFoot'}}, {'type': {'value': 155, 'displayName': 'Chipped'}}, {'type': {'value': 140, 'displayName': 'PassEndX'}, 'value': '88.9'}, {'type': {'value': 141, 'displayName': 'PassEndY'}, 'value': '55.4'}, {'type': {'value': 56, 'displayName': 'Zone'}, 'value': 'Center'}, {'type': {'value': 2, 'displayName': 'Cross'}}, {'type': {'value': 213, 'displayName': 'Angle'}, 'value': '1.22'}]","[91, 138, 124, 126, 36, 37, 217, 218]",True,111372.0,88.9,55.4,,,,,,,,,
2610457071.0,676,77,20.0,31,11.2,42.1,83,"{'value': 2, 'displayName': 'SecondHalf'}","{'value': 44, 'displayName': 'Aerial'}","{'value': 1, 'displayName': 'Successful'}","[{'type': {'value': 56, 'displayName': 'Zone'}, 'value': 'Back'}, {'type': {'value': 285, 'displayName': 'Defensive'}}, {'type': {'value': 233, 'displayName': 'OppositeRelatedEvent'}, 'value': '861'}]","[197, 200]",False,396975.0,,,,,,,,,,,
2610457047.0,861,77,20.0,29,88.8,57.9,83,"{'value': 2, 'displayName': 'SecondHalf'}","{'value': 44, 'displayName': 'Aerial'}","{'value': 0, 'displayName': 'Unsuccessful'}","[{'type': {'value': 233, 'displayName': 'OppositeRelatedEvent'}, 'value': '676'}, {'type': {'value': 56, 'displayName': 'Zone'}, 'value': 'Center'}, {'type': {'value': 286, 'displayName': 'Offensive'}}]","[198, 199]",False,137021.0,,,,,,,,,,,
2610457089.0,677,77,20.0,31,10.5,40.0,83,"{'value': 2, 'displayName': 'SecondHalf'}","{'value': 12, 'displayName': 'Clearance'}","{'value': 1, 'displayName': 'Successful'}","[{'type': {'value': 56, 'displayName': 'Zone'}, 'value': 'Back'}, {'type': {'value': 15, 'displayName': 'Head'}}, {'type': {'value': 213, 'displayName': 'Angle'}, 'value': '0.03'}, {'type': {'value': 140, 'displayName': 'PassEndX'}, 'value': '28.6'}, {'type': {'value': 212, 'displayName': 'Length'}, 'value': '19.0'}, {'type': {'value': 141, 'displayName': 'PassEndY'}, 'value': '40.9'}]","[91, 94, 95, 57, 215]",True,396975.0,28.6,40.9,,,,,,,,,
2610457107.0,862,77,21.0,29,74.8,53.6,83,"{'value': 2, 'displayName': 'SecondHalf'}","{'value': 13, 'displayName': 'MissedShots'}","{'value': 1, 'displayName': 'Successful'}","[{'type': {'value': 215, 'displayName': 'IndividualPlay'}}, {'type': {'value': 102, 'displayName': 'GoalMouthY'}, 'value': '38.8'}, {'type': {'value': 178, 'displayName': 'StandingSave'}}, {'type': {'value': 72, 'displayName': 'LeftFoot'}}, {'type': {'value': 328, 'displayName': 'FirstTouch'}}, {'type': {'value': 146, 'displayName': 'BlockedX'}, 'value': '88.4'}, {'type': {'value': 18, 'displayName': 'OutOfBoxCentre'}}, {'type': {'value': 22, 'displayName': 'RegularPlay'}}, {'type': {'value': 75, 'displayName': 'MissRight'}}, {'type': {'value': 147, 'displayName': 'BlockedY'}, 'value': '48.6'}, {'type': {'value': 56, 'displayName': 'Zone'}, 'value': 'Center'}, {'type': {'value': 108, 'displayName': 'Volley'}}, {'type': {'value': 103, 'displayName': 'GoalMouthZ'}, 'value': '12.5'}]","[91, 7, 10, 2, 3, 13]",True,319756.0,,,,,88.4,48.6,12.5,38.8,True,,
2610457129.0,863,77,22.0,29,88.9,48.7,83,"{'value': 2, 'displayName': 'SecondHalf'}","{'value': 2, 'displayName': 'OffsidePass'}","{'value': 1, 'displayName': 'Successful'}","[{'type': {'value': 7, 'displayName': 'PlayerCaughtOffside'}, 'value': '400166'}, {'type': {'value': 141, 'displayName': 'PassEndY'}, 'value': '44.1'}, {'type': {'value': 56, 'displayName': 'Zone'}, 'value': 'Center'}, {'type': {'value': 140, 'displayName': 'PassEndX'}, 'value': '92.5'}, {'type': {'value': 178, 'displayName': 'StandingSave'}}]","[91, 217]",True,322596.0,92.5,44.1,,,,,,,,,
2610457767.0,680,77,22.0,31,6.1,58.7,83,"{'value': 2, 'displayName': 'SecondHalf'}","{'value': 55, 'displayName': 'OffsideProvoked'}","{'value': 1, 'displayName': 'Successful'}",[],[62],False,345516.0,,,,,,,,,,,
2610458147.0,681,78,11.0,31,12.0,47.2,84,"{'value': 2, 'displayName': 'SecondHalf'}","{'value': 1, 'displayName': 'Pass'}","{'value': 1, 'displayName': 'Successful'}","[{'type': {'value': 212, 'displayName': 'Length'}, 'value': '64.1'}, {'type': {'value': 241, 'displayName': 'IndirectFreekickTaken'}}, {'type': {'value': 1, 'displayName': 'Longball'}}, {'type': {'value': 5, 'displayName': 'FreekickTaken'}}, {'type': {'value': 141, 'displayName': 'PassEndY'}, 'value': '33.4'}, {'type': {'value': 56, 'displayName': 'Zone'}, 'value': 'Center'}, {'type': {'value': 155, 'displayName': 'Chipped'}}, {'type': {'value': 140, 'displayName': 'PassEndX'}, 'value': '72.4'}, {'type': {'value': 213, 'displayName': 'Angle'}, 'value': '6.14'}, {'type': {'value': 178, 'displayName': 'StandingSave'}}]","[91, 119, 117, 124, 127, 132, 205, 36, 38, 217, 218]",True,110189.0,72.4,33.4,,,,,,,,,
2610458155.0,682,78,14.0,31,69.0,36.6,84,"{'value': 2, 'displayName': 'SecondHalf'}","{'value': 44, 'displayName': 'Aerial'}","{'value': 1, 'displayName': 'Successful'}","[{'type': {'value': 233, 'displayName': 'OppositeRelatedEvent'}, 'value': '885'}, {'type': {'value': 56, 'displayName': 'Zone'}, 'value': 'Center'}, {'type': {'value': 286, 'displayName': 'Offensive'}}]","[197, 199]",False,141469.0,,,,,,,,,,,
2610460357.0,885,78,14.0,29,31.0,63.4,84,"{'value': 2, 'displayName': 'SecondHalf'}","{'value': 44, 'displayName': 'Aerial'}","{'value': 0, 'displayName': 'Unsuccessful'}","[{'type': {'value': 56, 'displayName': 'Zone'}, 'value': 'Back'}, {'type': {'value': 233, 'displayName': 'OppositeRelatedEvent'}, 'value': '682'}, {'type': {'value': 285, 'displayName': 'Defensive'}}]","[198, 200]",False,143595.0,,,,,,,,,,,
2610458195.0,683,78,14.0,31,72.4,33.4,84,"{'value': 2, 'displayName': 'SecondHalf'}","{'value': 1, 'displayName': 'Pass'}","{'value': 1, 'displayName': 'Successful'}","[{'type': {'value': 140, 'displayName': 'PassEndX'}, 'value': '78.8'}, {'type': {'value': 213, 'displayName': 'Angle'}, 'value': '6.01'}, {'type': {'value': 56, 'displayName': 'Zone'}, 'value': 'Center'}, {'type': {'value': 141, 'displayName': 'PassEndY'}, 'value': '30.6'}, {'type': {'value': 3, 'displayName': 'HeadPass'}}, {'type': {'value': 212, 'displayName': 'Length'}, 'value': '7.0'}]","[91, 119, 117, 30, 139, 205, 36, 38, 217, 218]",True,141469.0,78.8,30.6,,,,,,,,,
2610458209.0,684,78,16.0,31,76.1,35.3,84,"{'value': 2, 'displayName': 'SecondHalf'}","{'value': 50, 'displayName': 'Dispossessed'}","{'value': 1, 'displayName': 'Successful'}","[{'type': {'value': 233, 'displayName': 'OppositeRelatedEvent'}, 'value': '865'}, {'type': {'value': 286, 'displayName': 'Offensive'}}, {'type': {'value': 56, 'displayName': 'Zone'}, 'value': 'Center'}]","[91, 70]",True,317896.0,,,,,,,,,,,
2610458219.0,865,78,17.0,29,23.9,64.7,84,"{'value': 2, 'displayName': 'SecondHalf'}","{'value': 7, 'displayName': 'Tackle'}","{'value': 1, 'displayName': 'Successful'}","[{'type': {'value': 178, 'displayName': 'StandingSave'}}, {'type': {'value': 285, 'displayName': 'Defensive'}}, {'type': {'value': 233, 'displayName': 'OppositeRelatedEvent'}, 'value': '684'}, {'type': {'value': 56, 'displayName': 'Zone'}, 'value': 'Back'}]","[91, 143]",True,362434.0,,,,,,,,,,,
2610458225.0,866,78,19.0,29,32.0,60.5,84,"{'value': 2, 'displayName': 'SecondHalf'}","{'value': 49, 'displayName': 'BallRecovery'}","{'value': 1, 'displayName': 'Successful'}",[],[93],False,322696.0,,,,,,,,,,,
2610458301.0,867,78,20.0,29,34.7,56.6,84,"{'value': 2, 'displayName': 'SecondHalf'}","{'value': 1, 'displayName': 'Pass'}","{'value': 1, 'displayName': 'Successful'}","[{'type': {'value': 140, 'displayName': 'PassEndX'}, 'value': '51.3'}, {'type': {'value': 141, 'displayName': 'PassEndY'}, 'value': '49.4'}, {'type': {'value': 212, 'displayName': 'Length'}, 'value': '18.1'}, {'type': {'value': 56, 'displayName': 'Zone'}, 'value': 'Center'}, {'type': {'value': 213, 'displayName': 'Angle'}, 'value': '6.01'}, {'type': {'value': 178, 'displayName': 'StandingSave'}}]","[91, 119, 117, 30, 36, 38, 216, 218]",True,322696.0,51.3,49.4,,,,,,,,,
2610458465.0,868,78,22.0,29,51.6,47.6,84,"{'value': 2, 'displayName': 'SecondHalf'}","{'value': 1, 'displayName': 'Pass'}","{'value': 1, 'displayName': 'Successful'}","[{'type': {'value': 213, 'displayName': 'Angle'}, 'value': '5.39'}, {'type': {'value': 212, 'displayName': 'Length'}, 'value': '22.7'}, {'type': {'value': 141, 'displayName': 'PassEndY'}, 'value': '21.5'}, {'type': {'value': 178, 'displayName': 'StandingSave'}}, {'type': {'value': 56, 'displayName': 'Zone'}, 'value': 'Center'}, {'type': {'value': 140, 'displayName': 'PassEndX'}, 'value': '65.1'}]","[91, 119, 117, 30, 36, 38, 216, 218]",True,319756.0,65.1,21.5,,,,,,,,,
2610458475.0,869,78,29.0,29,75.8,42.7,84,"{'value': 2, 'displayName': 'SecondHalf'}","{'value': 1, 'displayName': 'Pass'}","{'value': 0, 'displayName': 'Unsuccessful'}","[{'type': {'value': 140, 'displayName': 'PassEndX'}, 'value': '77.8'}, {'type': {'value': 286, 'displayName': 'Offensive'}}, {'type': {'value': 233, 'displayName': 'OppositeRelatedEvent'}, 'value': '685'}, {'type': {'value': 56, 'displayName': 'Zone'}, 'value': 'Center'}, {'type': {'value': 213, 'displayName': 'Angle'}, 'value': '0.40'}, {'type': {'value': 178, 'displayName': 'StandingSave'}}, {'type': {'value': 141, 'displayName': 'PassEndY'}, 'value': '44.0'}, {'type': {'value': 212, 'displayName': 'Length'}, 'value': '2.3'}]","[91, 120, 29, 36, 37, 217, 218]",True,400166.0,77.8,44.0,,,,,,,,,
2610458479.0,685,78,29.0,31,26.0,51.2,84,"{'value': 2, 'displayName': 'SecondHalf'}","{'value': 74, 'displayName': 'BlockedPass'}","{'value': 1, 'displayName': 'Successful'}","[{'type': {'value': 178, 'displayName': 'StandingSave'}}, {'type': {'value': 233, 'displayName': 'OppositeRelatedEvent'}, 'value': '869'}, {'type': {'value': 56, 'displayName': 'Zone'}, 'value': 'Back'}, {'type': {'value': 285, 'displayName': 'Defensive'}}]","[91, 60]",True,400815.0,,,,,,,,,,,
2610458621.0,870,78,32.0,29,71.6,74.2,84,"{'value': 2, 'displayName': 'SecondHalf'}","{'value': 1, 'displayName': 'Pass'}","{'value': 1, 'displayName': 'Successful'}","[{'type': {'value': 178, 'displayName': 'StandingSave'}}, {'type': {'value': 141, 'displayName': 'PassEndY'}, 'value': '61.1'}, {'type': {'value': 213, 'displayName': 'Angle'}, 'value': '3.82'}, {'type': {'value': 56, 'displayName': 'Zone'}, 'value': 'Center'}, {'type': {'value': 140, 'displayName': 'PassEndX'}, 'value': '61.1'}, {'type': {'value': 212, 'displayName': 'Length'}, 'value': '14.2'}]","[91, 119, 117, 30, 35, 38, 216, 218]",True,68049.0,61.1,61.1,,,,,,,,,
2610458653.0,871,78,37.0,29,66.2,45.4,84,"{'value': 2, 'displayName': 'SecondHalf'}","{'value': 1, 'displayName': 'Pass'}","{'value': 0, 'displayName': 'Unsuccessful'}","[{'type': {'value': 56, 'displayName': 'Zone'}, 'value': 'Right'}, {'type': {'value': 141, 'displayName': 'PassEndY'}, 'value': '15.9'}, {'type': {'value': 178, 'displayName': 'StandingSave'}}, {'type': {'value': 213, 'displayName': 'Angle'}, 'value': '5.34'}, {'type': {'value': 212, 'displayName': 'Length'}, 'value': '24.8'}, {'type': {'value': 140, 'displayName': 'PassEndX'}, 'value': '80.1'}]","[91, 120, 29, 36, 38, 217, 218]",True,322696.0,80.1,15.9,,,,,,,,,
2610458671.0,686,78,38.0,31,20.8,79.1,84,"{'value': 2, 'displayName': 'SecondHalf'}","{'value': 49, 'displayName': 'BallRecovery'}","{'value': 1, 'displayName': 'Successful'}",[],[93],False,116317.0,,,,,,,,,,,
2610458781.0,687,78,40.0,31,22.3,78.2,84,"{'value': 2, 'displayName': 'SecondHalf'}","{'value': 1, 'displayName': 'Pass'}","{'value': 1, 'displayName': 'Successful'}","[{'type': {'value': 213, 'displayName': 'Angle'}, 'value': '0.40'}, {'type': {'value': 141, 'displayName': 'PassEndY'}, 'value': '94.5'}, {'type': {'value': 212, 'displayName': 'Length'}, 'value': '28.2'}, {'type': {'value': 178, 'displayName': 'StandingSave'}}, {'type': {'value': 140, 'displayName': 'PassEndX'}, 'value': '47.0'}, {'type': {'value': 56, 'displayName': 'Zone'}, 'value': 'Back'}]","[91, 117, 30, 36, 37, 216, 218]",True,116317.0,47.0,94.5,,,,,,,,,
2610458959.0,689,78,44.0,31,48.6,96.6,84,"{'value': 2, 'displayName': 'SecondHalf'}","{'value': 1, 'displayName': 'Pass'}","{'value': 0, 'displayName': 'Unsuccessful'}","[{'type': {'value': 140, 'displayName': 'PassEndX'}, 'value': '54.6'}, {'type': {'value': 178, 'displayName': 'StandingSave'}}, {'type': {'value': 141, 'displayName': 'PassEndY'}, 'value': '94.0'}, {'type': {'value': 212, 'displayName': 'Length'}, 'value': '6.5'}, {'type': {'value': 56, 'displayName': 'Zone'}, 'value': 'Left'}, {'type': {'value': 213, 'displayName': 'Angle'}, 'value': '6.01'}]","[91, 120, 29, 36, 38, 216, 218]",True,367781.0,54.6,94.0,,,,,,,,,
2610458793.0,872,78,44.0,29,45.5,6.2,84,"{'value': 2, 'displayName': 'SecondHalf'}","{'value': 61, 'displayName': 'BallTouch'}","{'value': 1, 'displayName': 'Successful'}","[{'type': {'value': 56, 'displayName': 'Zone'}, 'value': 'Back'}, {'type': {'value': 178, 'displayName': 'StandingSave'}}]",[91],True,322696.0,,,,,,,,,,,
2610459247.0,690,79,5.0,31,50.5,100.0,85,"{'value': 2, 'displayName': 'SecondHalf'}","{'value': 1, 'displayName': 'Pass'}","{'value': 1, 'displayName': 'Successful'}","[{'type': {'value': 107, 'displayName': 'ThrowIn'}}, {'type': {'value': 140, 'displayName': 'PassEndX'}, 'value': '60.9'}, {'type': {'value': 212, 'displayName': 'Length'}, 'value': '11.3'}, {'type': {'value': 213, 'displayName': 'Angle'}, 'value': '6.02'}, {'type': {'value': 141, 'displayName': 'PassEndY'}, 'value': '96.3'}, {'type': {'value': 56, 'displayName': 'Zone'}, 'value': 'Left'}]","[91, 212, 36, 38, 216]",True,345516.0,60.9,96.3,,,,,,,,,
2610459259.0,691,79,7.0,31,60.9,96.3,85,"{'value': 2, 'displayName': 'SecondHalf'}","{'value': 1, 'displayName': 'Pass'}","{'value': 0, 'displayName': 'Unsuccessful'}","[{'type': {'value': 178, 'displayName': 'StandingSave'}}, {'type': {'value': 56, 'displayName': 'Zone'}, 'value': 'Left'}, {'type': {'value': 213, 'displayName': 'Angle'}, 'value': '5.70'}, {'type': {'value': 140, 'displayName': 'PassEndX'}, 'value': '67.7'}, {'type': {'value': 141, 'displayName': 'PassEndY'}, 'value': '89.4'}, {'type': {'value': 3, 'displayName': 'HeadPass'}}, {'type': {'value': 212, 'displayName': 'Length'}, 'value': '8.5'}]","[91, 120, 29, 139, 36, 38, 217, 218]",True,141469.0,67.7,89.4,,,,,,,,,
2610459287.0,874,79,8.0,29,33.2,13.5,85,"{'value': 2, 'displayName': 'SecondHalf'}","{'value': 1, 'displayName': 'Pass'}","{'value': 1, 'displayName': 'Successful'}","[{'type': {'value': 3, 'displayName': 'HeadPass'}}, {'type': {'value': 140, 'displayName': 'PassEndX'}, 'value': '36.2'}, {'type': {'value': 141, 'displayName': 'PassEndY'}, 'value': '3.1'}, {'type': {'value': 212, 'displayName': 'Length'}, 'value': '7.7'}, {'type': {'value': 56, 'displayName': 'Zone'}, 'value': 'Back'}, {'type': {'value': 213, 'displayName': 'Angle'}, 'value': '5.13'}]","[91, 117, 30, 139, 36, 38, 216, 218]",True,322696.0,36.2,3.1,,,,,,,,,
2610459311.0,875,79,9.0,29,36.2,3.1,85,"{'value': 2, 'displayName': 'SecondHalf'}","{'value': 1, 'displayName': 'Pass'}","{'value': 1, 'displayName': 'Successful'}","[{'type': {'value': 141, 'displayName': 'PassEndY'}, 'value': '12.6'}, {'type': {'value': 212, 'displayName': 'Length'}, 'value': '7.3'}, {'type': {'value': 56, 'displayName': 'Zone'}, 'value': 'Back'}, {'type': {'value': 140, 'displayName': 'PassEndX'}, 'value': '32.9'}, {'type': {'value': 213, 'displayName': 'Angle'}, 'value': '2.06'}, {'type': {'value': 3, 'displayName': 'HeadPass'}}]","[91, 117, 30, 139, 35, 37, 215, 218]",True,111372.0,32.9,12.6,,,,,,,,,
2610459335.0,876,79,10.0,29,32.8,12.6,85,"{'value': 2, 'displayName': 'SecondHalf'}","{'value': 1, 'displayName': 'Pass'}","{'value': 1, 'displayName': 'Successful'}","[{'type': {'value': 56, 'displayName': 'Zone'}, 'value': 'Back'}, {'type': {'value': 212, 'displayName': 'Length'}, 'value': '8.1'}, {'type': {'value': 3, 'displayName': 'HeadPass'}}, {'type': {'value': 213, 'displayName': 'Angle'}, 'value': '3.36'}, {'type': {'value': 140, 'displayName': 'PassEndX'}, 'value': '25.3'}, {'type': {'value': 141, 'displayName': 'PassEndY'}, 'value': '10.0'}]","[91, 117, 30, 139, 35, 38, 215, 218]",True,322696.0,25.3,10.0,,,,,,,,,
2610459341.0,877,79,12.0,29,25.1,10.3,85,"{'value': 2, 'displayName': 'SecondHalf'}","{'value': 49, 'displayName': 'BallRecovery'}","{'value': 1, 'displayName': 'Successful'}",[],[93],False,106086.0,,,,,,,,,,,
2610459391.0,878,79,12.0,29,23.8,12.8,85,"{'value': 2, 'displayName': 'SecondHalf'}","{'value': 1, 'displayName': 'Pass'}","{'value': 1, 'displayName': 'Successful'}","[{'type': {'value': 141, 'displayName': 'PassEndY'}, 'value': '43.0'}, {'type': {'value': 140, 'displayName': 'PassEndX'}, 'value': '27.0'}, {'type': {'value': 213, 'displayName': 'Angle'}, 'value': '1.41'}, {'type': {'value': 178, 'displayName': 'StandingSave'}}, {'type': {'value': 212, 'displayName': 'Length'}, 'value': '20.8'}, {'type': {'value': 56, 'displayName': 'Zone'}, 'value': 'Back'}]","[91, 117, 30, 36, 37, 215, 218]",True,106086.0,27.0,43.0,,,,,,,,,
2610459449.0,879,79,14.0,29,27.0,43.0,85,"{'value': 2, 'displayName': 'SecondHalf'}","{'value': 1, 'displayName': 'Pass'}","{'value': 1, 'displayName': 'Successful'}","[{'type': {'value': 212, 'displayName': 'Length'}, 'value': '10.2'}, {'type': {'value': 178, 'displayName': 'StandingSave'}}, {'type': {'value': 141, 'displayName': 'PassEndY'}, 'value': '37.1'}, {'type': {'value': 140, 'displayName': 'PassEndX'}, 'value': '35.9'}, {'type': {'value': 213, 'displayName': 'Angle'}, 'value': '5.88'}, {'type': {'value': 56, 'displayName': 'Zone'}, 'value': 'Back'}]","[91, 117, 30, 36, 38, 216, 218]",True,362434.0,35.9,37.1,,,,,,,,,
2610459533.0,880,79,17.0,29,36.5,30.6,85,"{'value': 2, 'displayName': 'SecondHalf'}","{'value': 1, 'displayName': 'Pass'}","{'value': 1, 'displayName': 'Successful'}","[{'type': {'value': 141, 'displayName': 'PassEndY'}, 'value': '5.8'}, {'type': {'value': 178, 'displayName': 'StandingSave'}}, {'type': {'value': 213, 'displayName': 'Angle'}, 'value': '4.93'}, {'type': {'value': 56, 'displayName': 'Zone'}, 'value': 'Back'}, {'type': {'value': 212, 'displayName': 'Length'}, 'value': '17.3'}, {'type': {'value': 140, 'displayName': 'PassEndX'}, 'value': '40.0'}]","[91, 117, 30, 36, 38, 216, 218]",True,143595.0,40.0,5.8,,,,,,,,,
2610459585.0,881,79,20.0,29,40.4,5.8,85,"{'value': 2, 'displayName': 'SecondHalf'}","{'value': 1, 'displayName': 'Pass'}","{'value': 1, 'displayName': 'Successful'}","[{'type': {'value': 213, 'displayName': 'Angle'}, 'value': '6.10'}, {'type': {'value': 141, 'displayName': 'PassEndY'}, 'value': '3.7'}, {'type': {'value': 212, 'displayName': 'Length'}, 'value': '7.8'}, {'type': {'value': 56, 'displayName': 'Zone'}, 'value': 'Back'}, {'type': {'value': 140, 'displayName': 'PassEndX'}, 'value': '47.7'}, {'type': {'value': 178, 'displayName': 'StandingSave'}}]","[91, 117, 30, 36, 38, 216, 218]",True,111372.0,47.7,3.7,,,,,,,,,
2610459705.0,882,79,23.0,29,41.4,4.1,85,"{'value': 2, 'displayName': 'SecondHalf'}","{'value': 1, 'displayName': 'Pass'}","{'value': 1, 'displayName': 'Successful'}","[{'type': {'value': 141, 'displayName': 'PassEndY'}, 'value': '60.0'}, {'type': {'value': 140, 'displayName': 'PassEndX'}, 'value': '29.6'}, {'type': {'value': 56, 'displayName': 'Zone'}, 'value': 'Back'}, {'type': {'value': 178, 'displayName': 'StandingSave'}}, {'type': {'value': 213, 'displayName': 'Angle'}, 'value': '1.89'}, {'type': {'value': 212, 'displayName': 'Length'}, 'value': '40.0'}, {'type': {'value': 1, 'displayName': 'Longball'}}]","[91, 117, 127, 35, 37, 215, 218]",True,400166.0,29.6,60.0,,,,,,,,,
2610459743.0,883,79,30.0,29,43.0,71.5,85,"{'value': 2, 'displayName': 'SecondHalf'}","{'value': 1, 'displayName': 'Pass'}","{'value': 0, 'displayName': 'Unsuccessful'}","[{'type': {'value': 141, 'displayName': 'PassEndY'}, 'value': '43.6'}, {'type': {'value': 1, 'displayName': 'Longball'}}, {'type': {'value': 155, 'displayName': 'Chipped'}}, {'type': {'value': 140, 'displayName': 'PassEndX'}, 'value': '77.5'}, {'type': {'value': 56, 'displayName': 'Zone'}, 'value': 'Center'}, {'type': {'value': 212, 'displayName': 'Length'}, 'value': '40.9'}, {'type': {'value': 178, 'displayName': 'StandingSave'}}, {'type': {'value': 213, 'displayName': 'Angle'}, 'value': '5.80'}]","[91, 120, 124, 128, 36, 38, 217, 218]",True,362434.0,77.5,43.6,,,,,,,,,
2610459781.0,692,79,32.0,31,21.7,58.7,85,"{'value': 2, 'displayName': 'SecondHalf'}","{'value': 8, 'displayName': 'Interception'}","{'value': 1, 'displayName': 'Successful'}","[{'type': {'value': 56, 'displayName': 'Zone'}, 'value': 'Back'}, {'type': {'value': 15, 'displayName': 'Head'}}]","[91, 101, 56]",True,345516.0,,,,,,,,,,,
2610459829.0,693,79,33.0,31,18.5,50.7,85,"{'value': 2, 'displayName': 'SecondHalf'}","{'value': 12, 'displayName': 'Clearance'}","{'value': 1, 'displayName': 'Successful'}","[{'type': {'value': 212, 'displayName': 'Length'}, 'value': '14.4'}, {'type': {'value': 141, 'displayName': 'PassEndY'}, 'value': '62.7'}, {'type': {'value': 140, 'displayName': 'PassEndX'}, 'value': '29.8'}, {'type': {'value': 213, 'displayName': 'Angle'}, 'value': '0.60'}, {'type': {'value': 56, 'displayName': 'Zone'}, 'value': 'Back'}]","[91, 94, 95, 215]",True,131464.0,29.8,62.7,,,,,,,,,
2610459835.0,694,79,35.0,31,35.2,68.7,85,"{'value': 2, 'displayName': 'SecondHalf'}","{'value': 49, 'displayName': 'BallRecovery'}","{'value': 1, 'displayName': 'Successful'}",[],[93],False,116317.0,,,,,,,,,,,
2610460015.0,695,79,45.0,31,57.6,98.7,85,"{'value': 2, 'displayName': 'SecondHalf'}","{'value': 61, 'displayName': 'BallTouch'}","{'value': 0, 'displayName': 'Unsuccessful'}","[{'type': {'value': 178, 'displayName': 'StandingSave'}}, {'type': {'value': 56, 'displayName': 'Zone'}, 'value': 'Left'}]","[91, 69]",True,116317.0,,,,,,,,,,,
2610460491.0,886,79,56.0,29,44.7,0.0,85,"{'value': 2, 'displayName': 'SecondHalf'}","{'value': 1, 'displayName': 'Pass'}","{'value': 1, 'displayName': 'Successful'}","[{'type': {'value': 141, 'displayName': 'PassEndY'}, 'value': '46.8'}, {'type': {'value': 140, 'displayName': 'PassEndX'}, 'value': '47.3'}, {'type': {'value': 1, 'displayName': 'Longball'}}, {'type': {'value': 212, 'displayName': 'Length'}, 'value': '32.9'}, {'type': {'value': 107, 'displayName': 'ThrowIn'}}, {'type': {'value': 213, 'displayName': 'Angle'}, 'value': '1.49'}, {'type': {'value': 56, 'displayName': 'Zone'}, 'value': 'Back'}]","[91, 212, 36, 37, 216]",True,111372.0,47.3,46.8,,,,,,,,,
2610461689.0,906,80,1.0,29,52.7,53.8,86,"{'value': 2, 'displayName': 'SecondHalf'}","{'value': 1, 'displayName': 'Pass'}","{'value': 1, 'displayName': 'Successful'}","[{'type': {'value': 141, 'displayName': 'PassEndY'}, 'value': '96.4'}, {'type': {'value': 140, 'displayName': 'PassEndX'}, 'value': '57.0'}, {'type': {'value': 178, 'displayName': 'StandingSave'}}, {'type': {'value': 213, 'displayName': 'Angle'}, 'value': '1.42'}, {'type': {'value': 56, 'displayName': 'Zone'}, 'value': 'Left'}, {'type': {'value': 212, 'displayName': 'Length'}, 'value': '29.3'}]","[91, 119, 117, 30, 36, 37, 216, 218]",True,143595.0,57.0,96.4,,,,,,,,,
2610460549.0,889,80,4.0,29,54.6,94.2,86,"{'value': 2, 'displayName': 'SecondHalf'}","{'value': 1, 'displayName': 'Pass'}","{'value': 1, 'displayName': 'Successful'}","[{'type': {'value': 212, 'displayName': 'Length'}, 'value': '14.1'}, {'type': {'value': 140, 'displayName': 'PassEndX'}, 'value': '66.5'}, {'type': {'value': 178, 'displayName': 'StandingSave'}}, {'type': {'value': 141, 'displayName': 'PassEndY'}, 'value': '84.5'}, {'type': {'value': 56, 'displayName': 'Zone'}, 'value': 'Left'}, {'type': {'value': 213, 'displayName': 'Angle'}, 'value': '5.80'}]","[91, 119, 117, 30, 36, 38, 216, 218]",True,68049.0,66.5,84.5,,,,,,,,,
2610460527.0,888,80,8.0,29,71.9,95.6,86,"{'value': 2, 'displayName': 'SecondHalf'}","{'value': 3, 'displayName': 'TakeOn'}","{'value': 0, 'displayName': 'Unsuccessful'}","[{'type': {'value': 233, 'displayName': 'OppositeRelatedEvent'}, 'value': '697'}, {'type': {'value': 286, 'displayName': 'Offensive'}}, {'type': {'value': 178, 'displayName': 'StandingSave'}}, {'type': {'value': 56, 'displayName': 'Zone'}, 'value': 'Left'}]","[91, 53]",True,137021.0,,,,,,,,,,,
2610460541.0,697,80,8.0,31,28.1,4.4,86,"{'value': 2, 'displayName': 'SecondHalf'}","{'value': 7, 'displayName': 'Tackle'}","{'value': 1, 'displayName': 'Successful'}","[{'type': {'value': 233, 'displayName': 'OppositeRelatedEvent'}, 'value': '888'}, {'type': {'value': 56, 'displayName': 'Zone'}, 'value': 'Back'}, {'type': {'value': 285, 'displayName': 'Defensive'}}, {'type': {'value': 178, 'displayName': 'StandingSave'}}]","[91, 143]",True,396975.0,,,,,,,,,,,
2610460555.0,698,80,9.0,31,27.8,9.5,86,"{'value': 2, 'displayName': 'SecondHalf'}","{'value': 49, 'displayName': 'BallRecovery'}","{'value': 1, 'displayName': 'Successful'}",[],[93],False,396975.0,,,,,,,,,,,
2610460613.0,699,80,14.0,31,43.0,12.5,86,"{'value': 2, 'displayName': 'SecondHalf'}","{'value': 3, 'displayName': 'TakeOn'}","{'value': 0, 'displayName': 'Unsuccessful'}","[{'type': {'value': 56, 'displayName': 'Zone'}, 'value': 'Back'}, {'type': {'value': 286, 'displayName': 'Offensive'}}, {'type': {'value': 178, 'displayName': 'StandingSave'}}, {'type': {'value': 233, 'displayName': 'OppositeRelatedEvent'}, 'value': '890'}]","[91, 53]",True,396975.0,,,,,,,,,,,
2610460679.0,890,80,14.0,29,57.0,87.5,86,"{'value': 2, 'displayName': 'SecondHalf'}","{'value': 7, 'displayName': 'Tackle'}","{'value': 0, 'displayName': 'Unsuccessful'}","[{'type': {'value': 285, 'displayName': 'Defensive'}}, {'type': {'value': 56, 'displayName': 'Zone'}, 'value': 'Left'}, {'type': {'value': 233, 'displayName': 'OppositeRelatedEvent'}, 'value': '699'}, {'type': {'value': 178, 'displayName': 'StandingSave'}}]","[91, 142]",True,143595.0,,,,,,,,,,,
2610460645.0,700,80,14.0,31,43.1,12.3,86,"{'value': 2, 'displayName': 'SecondHalf'}","{'value': 61, 'displayName': 'BallTouch'}","{'value': 1, 'displayName': 'Successful'}","[{'type': {'value': 178, 'displayName': 'StandingSave'}}, {'type': {'value': 56, 'displayName': 'Zone'}, 'value': 'Back'}]",[91],True,396975.0,,,,,,,,,,,
2610460715.0,891,80,16.0,29,54.0,79.8,86,"{'value': 2, 'displayName': 'SecondHalf'}","{'value': 1, 'displayName': 'Pass'}","{'value': 1, 'displayName': 'Successful'}","[{'type': {'value': 213, 'displayName': 'Angle'}, 'value': '4.69'}, {'type': {'value': 56, 'displayName': 'Zone'}, 'value': 'Center'}, {'type': {'value': 141, 'displayName': 'PassEndY'}, 'value': '67.8'}, {'type': {'value': 140, 'displayName': 'PassEndX'}, 'value': '53.8'}, {'type': {'value': 212, 'displayName': 'Length'}, 'value': '8.2'}]","[91, 119, 117, 30, 35, 38, 216, 218]",True,143595.0,53.8,67.8,,,,,,,,,
2610460741.0,892,80,16.0,29,53.3,71.1,86,"{'value': 2, 'displayName': 'SecondHalf'}","{'value': 61, 'displayName': 'BallTouch'}","{'value': 1, 'displayName': 'Successful'}","[{'type': {'value': 178, 'displayName': 'StandingSave'}}, {'type': {'value': 56, 'displayName': 'Zone'}, 'value': 'Center'}]",[91],True,322696.0,,,,,,,,,,,
2610460747.0,893,80,18.0,29,59.3,76.0,86,"{'value': 2, 'displayName': 'SecondHalf'}","{'value': 49, 'displayName': 'BallRecovery'}","{'value': 1, 'displayName': 'Successful'}",[],[93],False,143595.0,,,,,,,,,,,
2610460823.0,894,80,23.0,29,60.0,85.7,86,"{'value': 2, 'displayName': 'SecondHalf'}","{'value': 1, 'displayName': 'Pass'}","{'value': 1, 'displayName': 'Successful'}","[{'type': {'value': 178, 'displayName': 'StandingSave'}}, {'type': {'value': 56, 'displayName': 'Zone'}, 'value': 'Left'}, {'type': {'value': 140, 'displayName': 'PassEndX'}, 'value': '54.4'}, {'type': {'value': 213, 'displayName': 'Angle'}, 'value': '2.38'}, {'type': {'value': 212, 'displayName': 'Length'}, 'value': '8.1'}, {'type': {'value': 141, 'displayName': 'PassEndY'}, 'value': '93.9'}]","[91, 119, 117, 30, 35, 37, 216, 218]",True,143595.0,54.4,93.9,,,,,,,,,
2610460873.0,895,80,24.0,29,55.1,93.8,86,"{'value': 2, 'displayName': 'SecondHalf'}","{'value': 1, 'displayName': 'Pass'}","{'value': 1, 'displayName': 'Successful'}","[{'type': {'value': 178, 'displayName': 'StandingSave'}}, {'type': {'value': 141, 'displayName': 'PassEndY'}, 'value': '90.6'}, {'type': {'value': 140, 'displayName': 'PassEndX'}, 'value': '72.9'}, {'type': {'value': 56, 'displayName': 'Zone'}, 'value': 'Left'}, {'type': {'value': 212, 'displayName': 'Length'}, 'value': '18.8'}, {'type': {'value': 213, 'displayName': 'Angle'}, 'value': '6.17'}]","[91, 119, 117, 30, 205, 36, 38, 217, 218]",True,68049.0,72.9,90.6,,,,,,,,,
2610460885.0,896,80,26.0,29,73.5,86.3,86,"{'value': 2, 'displayName': 'SecondHalf'}","{'value': 1, 'displayName': 'Pass'}","{'value': 1, 'displayName': 'Successful'}","[{'type': {'value': 212, 'displayName': 'Length'}, 'value': '7.5'}, {'type': {'value': 141, 'displayName': 'PassEndY'}, 'value': '75.4'}, {'type': {'value': 178, 'displayName': 'StandingSave'}}, {'type': {'value': 213, 'displayName': 'Angle'}, 'value': '4.60'}, {'type': {'value': 56, 'displayName': 'Zone'}, 'value': 'Center'}, {'type': {'value': 140, 'displayName': 'PassEndX'}, 'value': '72.7'}]","[91, 119, 117, 30, 205, 35, 38, 217, 218]",True,322596.0,72.7,75.4,,,,,,,,,
2610460917.0,897,80,28.0,29,72.3,73.9,86,"{'value': 2, 'displayName': 'SecondHalf'}","{'value': 1, 'displayName': 'Pass'}","{'value': 1, 'displayName': 'Successful'}","[{'type': {'value': 178, 'displayName': 'StandingSave'}}, {'type': {'value': 141, 'displayName': 'PassEndY'}, 'value': '60.8'}, {'type': {'value': 140, 'displayName': 'PassEndX'}, 'value': '77.8'}, {'type': {'value': 212, 'displayName': 'Length'}, 'value': '10.6'}, {'type': {'value': 213, 'displayName': 'Angle'}, 'value': '5.29'}, {'type': {'value': 56, 'displayName': 'Zone'}, 'value': 'Center'}]","[91, 119, 117, 30, 205, 36, 38, 217, 218]",True,143595.0,77.8,60.8,,,,,,,,,
2610460985.0,898,80,29.0,29,77.8,60.8,86,"{'value': 2, 'displayName': 'SecondHalf'}","{'value': 1, 'displayName': 'Pass'}","{'value': 1, 'displayName': 'Successful'}","[{'type': {'value': 178, 'displayName': 'StandingSave'}}, {'type': {'value': 213, 'displayName': 'Angle'}, 'value': '3.63'}, {'type': {'value': 212, 'displayName': 'Length'}, 'value': '7.6'}, {'type': {'value': 140, 'displayName': 'PassEndX'}, 'value': '71.4'}, {'type': {'value': 141, 'displayName': 'PassEndY'}, 'value': '55.5'}, {'type': {'value': 56, 'displayName': 'Zone'}, 'value': 'Center'}]","[91, 119, 117, 30, 205, 35, 38, 217, 218]",True,137021.0,71.4,55.5,,,,,,,,,
2610460991.0,899,80,31.0,29,70.6,61.0,86,"{'value': 2, 'displayName': 'SecondHalf'}","{'value': 50, 'displayName': 'Dispossessed'}","{'value': 1, 'displayName': 'Successful'}","[{'type': {'value': 286, 'displayName': 'Offensive'}}, {'type': {'value': 56, 'displayName': 'Zone'}, 'value': 'Center'}, {'type': {'value': 233, 'displayName': 'OppositeRelatedEvent'}, 'value': '701'}]","[91, 70]",True,319756.0,,,,,,,,,,,
2610461013.0,701,80,32.0,31,29.4,39.0,86,"{'value': 2, 'displayName': 'SecondHalf'}","{'value': 7, 'displayName': 'Tackle'}","{'value': 0, 'displayName': 'Unsuccessful'}","[{'type': {'value': 233, 'displayName': 'OppositeRelatedEvent'}, 'value': '899'}, {'type': {'value': 178, 'displayName': 'StandingSave'}}, {'type': {'value': 56, 'displayName': 'Zone'}, 'value': 'Back'}, {'type': {'value': 285, 'displayName': 'Defensive'}}]","[91, 142]",True,400815.0,,,,,,,,,,,
2610460999.0,900,80,32.0,29,71.5,56.1,86,"{'value': 2, 'displayName': 'SecondHalf'}","{'value': 61, 'displayName': 'BallTouch'}","{'value': 1, 'displayName': 'Successful'}","[{'type': {'value': 178, 'displayName': 'StandingSave'}}, {'type': {'value': 56, 'displayName': 'Zone'}, 'value': 'Center'}]",[91],True,319756.0,,,,,,,,,,,
2610461045.0,702,80,33.0,31,31.1,33.3,86,"{'value': 2, 'displayName': 'SecondHalf'}","{'value': 49, 'displayName': 'BallRecovery'}","{'value': 1, 'displayName': 'Successful'}",[],[93],False,357427.0,,,,,,,,,,,
2610461173.0,703,80,40.0,31,59.9,24.7,86,"{'value': 2, 'displayName': 'SecondHalf'}","{'value': 1, 'displayName': 'Pass'}","{'value': 0, 'displayName': 'Unsuccessful'}","[{'type': {'value': 213, 'displayName': 'Angle'}, 'value': '6.11'}, {'type': {'value': 56, 'displayName': 'Zone'}, 'value': 'Center'}, {'type': {'value': 178, 'displayName': 'StandingSave'}}, {'type': {'value': 141, 'displayName': 'PassEndY'}, 'value': '23.4'}, {'type': {'value': 212, 'displayName': 'Length'}, 'value': '5.2'}, {'type': {'value': 140, 'displayName': 'PassEndX'}, 'value': '64.8'}]","[91, 120, 29, 36, 38, 216, 218]",True,357427.0,64.8,23.4,,,,,,,,,
2610461177.0,901,80,40.0,29,38.4,71.1,86,"{'value': 2, 'displayName': 'SecondHalf'}","{'value': 61, 'displayName': 'BallTouch'}","{'value': 1, 'displayName': 'Successful'}","[{'type': {'value': 56, 'displayName': 'Zone'}, 'value': 'Back'}, {'type': {'value': 178, 'displayName': 'StandingSave'}}]",[91],True,322696.0,,,,,,,,,,,
2610461211.0,902,80,42.0,29,32.2,72.9,86,"{'value': 2, 'displayName': 'SecondHalf'}","{'value': 49, 'displayName': 'BallRecovery'}","{'value': 1, 'displayName': 'Successful'}",[],[93],False,362434.0,,,,,,,,,,,
2610461239.0,903,80,42.0,29,31.5,75.7,86,"{'value': 2, 'displayName': 'SecondHalf'}","{'value': 1, 'displayName': 'Pass'}","{'value': 0, 'displayName': 'Unsuccessful'}","[{'type': {'value': 141, 'displayName': 'PassEndY'}, 'value': '83.3'}, {'type': {'value': 140, 'displayName': 'PassEndX'}, 'value': '60.0'}, {'type': {'value': 213, 'displayName': 'Angle'}, 'value': '0.17'}, {'type': {'value': 178, 'displayName': 'StandingSave'}}, {'type': {'value': 1, 'displayName': 'Longball'}}, {'type': {'value': 212, 'displayName': 'Length'}, 'value': '30.4'}, {'type': {'value': 56, 'displayName': 'Zone'}, 'value': 'Left'}]","[91, 120, 128, 36, 37, 216, 218]",True,362434.0,60.0,83.3,,,,,,,,,
2610461267.0,704,80,44.0,31,42.9,15.2,86,"{'value': 2, 'displayName': 'SecondHalf'}","{'value': 49, 'displayName': 'BallRecovery'}","{'value': 1, 'displayName': 'Successful'}",[],[93],False,396975.0,,,,,,,,,,,
2610461403.0,705,80,44.0,31,42.9,15.2,86,"{'value': 2, 'displayName': 'SecondHalf'}","{'value': 1, 'displayName': 'Pass'}","{'value': 1, 'displayName': 'Successful'}","[{'type': {'value': 178, 'displayName': 'StandingSave'}}, {'type': {'value': 56, 'displayName': 'Zone'}, 'value': 'Right'}, {'type': {'value': 213, 'displayName': 'Angle'}, 'value': '6.21'}, {'type': {'value': 1, 'displayName': 'Longball'}}, {'type': {'value': 212, 'displayName': 'Length'}, 'value': '34.1'}, {'type': {'value': 140, 'displayName': 'PassEndX'}, 'value': '75.3'}, {'type': {'value': 141, 'displayName': 'PassEndY'}, 'value': '11.4'}]","[91, 119, 117, 127, 205, 36, 38, 217, 218]",True,396975.0,75.3,11.4,,,,,,,,,
2610461407.0,706,80,52.0,31,73.1,4.4,86,"{'value': 2, 'displayName': 'SecondHalf'}","{'value': 50, 'displayName': 'Dispossessed'}","{'value': 1, 'displayName': 'Successful'}","[{'type': {'value': 286, 'displayName': 'Offensive'}}, {'type': {'value': 56, 'displayName': 'Zone'}, 'value': 'Right'}, {'type': {'value': 233, 'displayName': 'OppositeRelatedEvent'}, 'value': '904'}]","[91, 70]",True,116317.0,,,,,,,,,,,
2610461435.0,904,80,52.0,29,26.9,95.6,86,"{'value': 2, 'displayName': 'SecondHalf'}","{'value': 7, 'displayName': 'Tackle'}","{'value': 1, 'displayName': 'Successful'}","[{'type': {'value': 56, 'displayName': 'Zone'}, 'value': 'Back'}, {'type': {'value': 178, 'displayName': 'StandingSave'}}, {'type': {'value': 233, 'displayName': 'OppositeRelatedEvent'}, 'value': '706'}, {'type': {'value': 285, 'displayName': 'Defensive'}}]","[91, 143]",True,362434.0,,,,,,,,,,,
2610461641.0,708,81,2.0,31,60.8,0.0,87,"{'value': 2, 'displayName': 'SecondHalf'}","{'value': 1, 'displayName': 'Pass'}","{'value': 1, 'displayName': 'Successful'}","[{'type': {'value': 56, 'displayName': 'Zone'}, 'value': 'Back'}, {'type': {'value': 213, 'displayName': 'Angle'}, 'value': '2.87'}, {'type': {'value': 140, 'displayName': 'PassEndX'}, 'value': '42.6'}, {'type': {'value': 212, 'displayName': 'Length'}, 'value': '19.8'}, {'type': {'value': 141, 'displayName': 'PassEndY'}, 'value': '6.4'}, {'type': {'value': 107, 'displayName': 'ThrowIn'}}]","[91, 212, 35, 37, 216]",True,396975.0,42.6,6.4,,,,,,,,,
2610461755.0,709,81,5.0,31,42.6,6.4,87,"{'value': 2, 'displayName': 'SecondHalf'}","{'value': 1, 'displayName': 'Pass'}","{'value': 1, 'displayName': 'Successful'}","[{'type': {'value': 178, 'displayName': 'StandingSave'}}, {'type': {'value': 56, 'displayName': 'Zone'}, 'value': 'Back'}, {'type': {'value': 140, 'displayName': 'PassEndX'}, 'value': '24.0'}, {'type': {'value': 141, 'displayName': 'PassEndY'}, 'value': '35.7'}, {'type': {'value': 212, 'displayName': 'Length'}, 'value': '27.9'}, {'type': {'value': 213, 'displayName': 'Angle'}, 'value': '2.35'}]","[91, 117, 30, 35, 37, 215, 218]",True,131464.0,24.0,35.7,,,,,,,,,
2610461851.0,710,81,11.0,31,29.5,46.0,87,"{'value': 2, 'displayName': 'SecondHalf'}","{'value': 1, 'displayName': 'Pass'}","{'value': 1, 'displayName': 'Successful'}","[{'type': {'value': 155, 'displayName': 'Chipped'}}, {'type': {'value': 141, 'displayName': 'PassEndY'}, 'value': '59.6'}, {'type': {'value': 1, 'displayName': 'Longball'}}, {'type': {'value': 178, 'displayName': 'StandingSave'}}, {'type': {'value': 56, 'displayName': 'Zone'}, 'value': 'Center'}, {'type': {'value': 212, 'displayName': 'Length'}, 'value': '39.3'}, {'type': {'value': 213, 'displayName': 'Angle'}, 'value': '0.24'}, {'type': {'value': 140, 'displayName': 'PassEndX'}, 'value': '65.9'}]","[91, 119, 117, 124, 127, 36, 37, 216, 218]",True,110189.0,65.9,59.6,,,,,,,,,
2610461863.0,711,81,15.0,31,62.8,61.4,87,"{'value': 2, 'displayName': 'SecondHalf'}","{'value': 50, 'displayName': 'Dispossessed'}","{'value': 1, 'displayName': 'Successful'}","[{'type': {'value': 286, 'displayName': 'Offensive'}}, {'type': {'value': 233, 'displayName': 'OppositeRelatedEvent'}, 'value': '907'}, {'type': {'value': 56, 'displayName': 'Zone'}, 'value': 'Center'}]","[91, 70]",True,141469.0,,,,,,,,,,,
2610461927.0,907,81,15.0,29,37.2,38.6,87,"{'value': 2, 'displayName': 'SecondHalf'}","{'value': 7, 'displayName': 'Tackle'}","{'value': 1, 'displayName': 'Successful'}","[{'type': {'value': 233, 'displayName': 'OppositeRelatedEvent'}, 'value': '711'}, {'type': {'value': 285, 'displayName': 'Defensive'}}, {'type': {'value': 56, 'displayName': 'Zone'}, 'value': 'Back'}, {'type': {'value': 178, 'displayName': 'StandingSave'}}]","[91, 143]",True,322696.0,,,,,,,,,,,
2610461939.0,908,81,17.0,29,34.8,29.5,87,"{'value': 2, 'displayName': 'SecondHalf'}","{'value': 49, 'displayName': 'BallRecovery'}","{'value': 1, 'displayName': 'Successful'}",[],[93],False,106086.0,,,,,,,,,,,
2610461961.0,909,81,17.0,29,35.9,33.0,87,"{'value': 2, 'displayName': 'SecondHalf'}","{'value': 1, 'displayName': 'Pass'}","{'value': 1, 'displayName': 'Successful'}","[{'type': {'value': 213, 'displayName': 'Angle'}, 'value': '0.00'}, {'type': {'value': 140, 'displayName': 'PassEndX'}, 'value': '46.4'}, {'type': {'value': 212, 'displayName': 'Length'}, 'value': '11.0'}, {'type': {'value': 178, 'displayName': 'StandingSave'}}, {'type': {'value': 141, 'displayName': 'PassEndY'}, 'value': '33.0'}, {'type': {'value': 56, 'displayName': 'Zone'}, 'value': 'Back'}]","[91, 117, 30, 36, 216, 218]",True,106086.0,46.4,33.0,,,,,,,,,
2610462017.0,712,81,22.0,31,39.2,58.2,87,"{'value': 2, 'displayName': 'SecondHalf'}","{'value': 45, 'displayName': 'Challenge'}","{'value': 0, 'displayName': 'Unsuccessful'}","[{'type': {'value': 233, 'displayName': 'OppositeRelatedEvent'}, 'value': '910'}, {'type': {'value': 285, 'displayName': 'Defensive'}}, {'type': {'value': 56, 'displayName': 'Zone'}, 'value': 'Back'}]",[55],False,400815.0,,,,,,,,,,,
2610462053.0,910,81,22.0,29,60.8,41.8,87,"{'value': 2, 'displayName': 'SecondHalf'}","{'value': 3, 'displayName': 'TakeOn'}","{'value': 1, 'displayName': 'Successful'}","[{'type': {'value': 286, 'displayName': 'Offensive'}}, {'type': {'value': 56, 'displayName': 'Zone'}, 'value': 'Center'}, {'type': {'value': 178, 'displayName': 'StandingSave'}}, {'type': {'value': 233, 'displayName': 'OppositeRelatedEvent'}, 'value': '712'}]","[91, 54]",True,400166.0,,,,,,,,,,,
2610462089.0,911,81,25.0,29,72.9,36.6,87,"{'value': 2, 'displayName': 'SecondHalf'}","{'value': 1, 'displayName': 'Pass'}","{'value': 1, 'displayName': 'Successful'}","[{'type': {'value': 56, 'displayName': 'Zone'}, 'value': 'Right'}, {'type': {'value': 178, 'displayName': 'StandingSave'}}, {'type': {'value': 212, 'displayName': 'Length'}, 'value': '17.7'}, {'type': {'value': 141, 'displayName': 'PassEndY'}, 'value': '13.5'}, {'type': {'value': 140, 'displayName': 'PassEndX'}, 'value': '80.7'}, {'type': {'value': 213, 'displayName': 'Angle'}, 'value': '5.19'}]","[91, 119, 117, 30, 205, 36, 38, 217, 218]",True,400166.0,80.7,13.5,,,,,,,,,
2610462109.0,912,81,27.0,29,81.7,13.8,87,"{'value': 2, 'displayName': 'SecondHalf'}","{'value': 1, 'displayName': 'Pass'}","{'value': 0, 'displayName': 'Unsuccessful'}","[{'type': {'value': 56, 'displayName': 'Zone'}, 'value': 'Center'}, {'type': {'value': 212, 'displayName': 'Length'}, 'value': '10.4'}, {'type': {'value': 213, 'displayName': 'Angle'}, 'value': '0.74'}, {'type': {'value': 140, 'displayName': 'PassEndX'}, 'value': '89.0'}, {'type': {'value': 178, 'displayName': 'StandingSave'}}, {'type': {'value': 141, 'displayName': 'PassEndY'}, 'value': '24.1'}]","[91, 120, 29, 36, 37, 217, 218]",True,319756.0,89.0,24.1,,,,,,,,,
2610462159.0,713,81,27.0,31,13.5,72.8,87,"{'value': 2, 'displayName': 'SecondHalf'}","{'value': 8, 'displayName': 'Interception'}","{'value': 1, 'displayName': 'Successful'}","[{'type': {'value': 56, 'displayName': 'Zone'}, 'value': 'Back'}, {'type': {'value': 178, 'displayName': 'StandingSave'}}]","[91, 101, 102, 56]",True,345516.0,,,,,,,,,,,
2610462169.0,714,81,29.0,31,14.3,81.5,87,"{'value': 2, 'displayName': 'SecondHalf'}","{'value': 49, 'displayName': 'BallRecovery'}","{'value': 1, 'displayName': 'Successful'}",[],[93],False,345516.0,,,,,,,,,,,
2610462213.0,715,81,29.0,31,13.8,83.6,87,"{'value': 2, 'displayName': 'SecondHalf'}","{'value': 1, 'displayName': 'Pass'}","{'value': 1, 'displayName': 'Successful'}","[{'type': {'value': 213, 'displayName': 'Angle'}, 'value': '6.22'}, {'type': {'value': 56, 'displayName': 'Zone'}, 'value': 'Back'}, {'type': {'value': 140, 'displayName': 'PassEndX'}, 'value': '40.0'}, {'type': {'value': 1, 'displayName': 'Longball'}}, {'type': {'value': 141, 'displayName': 'PassEndY'}, 'value': '81.1'}, {'type': {'value': 212, 'displayName': 'Length'}, 'value': '27.6'}, {'type': {'value': 178, 'displayName': 'StandingSave'}}]","[91, 117, 127, 36, 38, 216, 218]",True,345516.0,40.0,81.1,,,,,,,,,
2610462239.0,716,81,32.0,31,40.2,80.9,87,"{'value': 2, 'displayName': 'SecondHalf'}","{'value': 1, 'displayName': 'Pass'}","{'value': 0, 'displayName': 'Unsuccessful'}","[{'type': {'value': 56, 'displayName': 'Zone'}, 'value': 'Back'}, {'type': {'value': 213, 'displayName': 'Angle'}, 'value': '6.11'}, {'type': {'value': 178, 'displayName': 'StandingSave'}}, {'type': {'value': 212, 'displayName': 'Length'}, 'value': '3.8'}, {'type': {'value': 141, 'displayName': 'PassEndY'}, 'value': '79.9'}, {'type': {'value': 140, 'displayName': 'PassEndX'}, 'value': '43.8'}]","[91, 118, 120, 29, 36, 38, 216, 218]",True,357427.0,43.8,79.9,,,,,,,,,
2610462249.0,913,81,32.0,29,60.3,8.8,87,"{'value': 2, 'displayName': 'SecondHalf'}","{'value': 61, 'displayName': 'BallTouch'}","{'value': 1, 'displayName': 'Successful'}","[{'type': {'value': 178, 'displayName': 'StandingSave'}}, {'type': {'value': 56, 'displayName': 'Zone'}, 'value': 'Right'}]",[91],True,322696.0,,,,,,,,,,,
2610462273.0,717,81,34.0,31,45.2,90.2,87,"{'value': 2, 'displayName': 'SecondHalf'}","{'value': 3, 'displayName': 'TakeOn'}","{'value': 0, 'displayName': 'Unsuccessful'}","[{'type': {'value': 56, 'displayName': 'Zone'}, 'value': 'Back'}, {'type': {'value': 233, 'displayName': 'OppositeRelatedEvent'}, 'value': '914'}, {'type': {'value': 178, 'displayName': 'StandingSave'}}, {'type': {'value': 286, 'displayName': 'Offensive'}}]","[91, 53]",True,141469.0,,,,,,,,,,,
2610462299.0,914,81,34.0,29,54.8,9.8,87,"{'value': 2, 'displayName': 'SecondHalf'}","{'value': 7, 'displayName': 'Tackle'}","{'value': 0, 'displayName': 'Unsuccessful'}","[{'type': {'value': 233, 'displayName': 'OppositeRelatedEvent'}, 'value': '717'}, {'type': {'value': 56, 'displayName': 'Zone'}, 'value': 'Right'}, {'type': {'value': 178, 'displayName': 'StandingSave'}}, {'type': {'value': 285, 'displayName': 'Defensive'}}, {'type': {'value': 21, 'displayName': 'OtherBodyPart'}}]","[91, 142]",True,111372.0,,,,,,,,,,,
2610668449.0,839,81,35.0,31,43.4,87.3,87,"{'value': 2, 'displayName': 'SecondHalf'}","{'value': 61, 'displayName': 'BallTouch'}","{'value': 1, 'displayName': 'Successful'}","[{'type': {'value': 178, 'displayName': 'StandingSave'}}, {'type': {'value': 21, 'displayName': 'OtherBodyPart'}}, {'type': {'value': 56, 'displayName': 'Zone'}, 'value': 'Back'}]",[91],True,141469.0,,,,,,,,,,,
2610462303.0,915,81,36.0,29,54.7,6.2,87,"{'value': 2, 'displayName': 'SecondHalf'}","{'value': 49, 'displayName': 'BallRecovery'}","{'value': 1, 'displayName': 'Successful'}",[],[93],False,111372.0,,,,,,,,,,,
2610462339.0,916,81,36.0,29,54.4,5.5,87,"{'value': 2, 'displayName': 'SecondHalf'}","{'value': 1, 'displayName': 'Pass'}","{'value': 1, 'displayName': 'Successful'}","[{'type': {'value': 141, 'displayName': 'PassEndY'}, 'value': '4.3'}, {'type': {'value': 178, 'displayName': 'StandingSave'}}, {'type': {'value': 140, 'displayName': 'PassEndX'}, 'value': '66.7'}, {'type': {'value': 212, 'displayName': 'Length'}, 'value': '12.9'}, {'type': {'value': 213, 'displayName': 'Angle'}, 'value': '6.22'}, {'type': {'value': 56, 'displayName': 'Zone'}, 'value': 'Right'}]","[91, 119, 117, 30, 205, 36, 38, 217, 218]",True,111372.0,66.7,4.3,,,,,,,,,
2610462351.0,917,81,38.0,29,70.5,4.6,87,"{'value': 2, 'displayName': 'SecondHalf'}","{'value': 1, 'displayName': 'Pass'}","{'value': 1, 'displayName': 'Successful'}","[{'type': {'value': 212, 'displayName': 'Length'}, 'value': '12.8'}, {'type': {'value': 141, 'displayName': 'PassEndY'}, 'value': '6.0'}, {'type': {'value': 156, 'displayName': 'LayOff'}}, {'type': {'value': 213, 'displayName': 'Angle'}, 'value': '3.07'}, {'type': {'value': 56, 'displayName': 'Zone'}, 'value': 'Right'}, {'type': {'value': 140, 'displayName': 'PassEndX'}, 'value': '58.3'}, {'type': {'value': 178, 'displayName': 'StandingSave'}}]","[91, 119, 117, 30, 35, 37, 216, 218]",True,319756.0,58.3,6.0,,,,,,,,,
2610462515.0,918,81,41.0,29,60.3,5.8,87,"{'value': 2, 'displayName': 'SecondHalf'}","{'value': 1, 'displayName': 'Pass'}","{'value': 1, 'displayName': 'Successful'}","[{'type': {'value': 56, 'displayName': 'Zone'}, 'value': 'Right'}, {'type': {'value': 212, 'displayName': 'Length'}, 'value': '6.4'}, {'type': {'value': 178, 'displayName': 'StandingSave'}}, {'type': {'value': 140, 'displayName': 'PassEndX'}, 'value': '57.6'}, {'type': {'value': 141, 'displayName': 'PassEndY'}, 'value': '14.3'}, {'type': {'value': 213, 'displayName': 'Angle'}, 'value': '2.03'}]","[91, 119, 117, 30, 35, 37, 216, 218]",True,106086.0,57.6,14.3,,,,,,,,,
2610462589.0,919,81,45.0,29,66.3,37.1,87,"{'value': 2, 'displayName': 'SecondHalf'}","{'value': 1, 'displayName': 'Pass'}","{'value': 1, 'displayName': 'Successful'}","[{'type': {'value': 212, 'displayName': 'Length'}, 'value': '17.1'}, {'type': {'value': 213, 'displayName': 'Angle'}, 'value': '1.93'}, {'type': {'value': 56, 'displayName': 'Zone'}, 'value': 'Center'}, {'type': {'value': 140, 'displayName': 'PassEndX'}, 'value': '60.6'}, {'type': {'value': 141, 'displayName': 'PassEndY'}, 'value': '60.6'}, {'type': {'value': 178, 'displayName': 'StandingSave'}}]","[91, 119, 117, 30, 35, 37, 216, 218]",True,322696.0,60.6,60.6,,,,,,,,,
2610462643.0,920,81,49.0,29,61.7,65.8,87,"{'value': 2, 'displayName': 'SecondHalf'}","{'value': 1, 'displayName': 'Pass'}","{'value': 1, 'displayName': 'Successful'}","[{'type': {'value': 213, 'displayName': 'Angle'}, 'value': '1.42'}, {'type': {'value': 56, 'displayName': 'Zone'}, 'value': 'Left'}, {'type': {'value': 140, 'displayName': 'PassEndX'}, 'value': '64.2'}, {'type': {'value': 141, 'displayName': 'PassEndY'}, 'value': '91.7'}, {'type': {'value': 178, 'displayName': 'StandingSave'}}, {'type': {'value': 212, 'displayName': 'Length'}, 'value': '17.8'}]","[91, 119, 117, 30, 36, 37, 216, 218]",True,143595.0,64.2,91.7,,,,,,,,,
2610462697.0,921,81,51.0,29,61.7,88.7,87,"{'value': 2, 'displayName': 'SecondHalf'}","{'value': 1, 'displayName': 'Pass'}","{'value': 1, 'displayName': 'Successful'}","[{'type': {'value': 140, 'displayName': 'PassEndX'}, 'value': '65.0'}, {'type': {'value': 141, 'displayName': 'PassEndY'}, 'value': '79.6'}, {'type': {'value': 213, 'displayName': 'Angle'}, 'value': '5.22'}, {'type': {'value': 178, 'displayName': 'StandingSave'}}, {'type': {'value': 212, 'displayName': 'Length'}, 'value': '7.1'}, {'type': {'value': 56, 'displayName': 'Zone'}, 'value': 'Left'}]","[91, 119, 117, 30, 36, 38, 216, 218]",True,68049.0,65.0,79.6,,,,,,,,,
2610462731.0,922,81,54.0,29,58.2,61.5,87,"{'value': 2, 'displayName': 'SecondHalf'}","{'value': 1, 'displayName': 'Pass'}","{'value': 1, 'displayName': 'Successful'}","[{'type': {'value': 141, 'displayName': 'PassEndY'}, 'value': '30.0'}, {'type': {'value': 140, 'displayName': 'PassEndX'}, 'value': '53.5'}, {'type': {'value': 56, 'displayName': 'Zone'}, 'value': 'Center'}, {'type': {'value': 178, 'displayName': 'StandingSave'}}, {'type': {'value': 212, 'displayName': 'Length'}, 'value': '22.0'}, {'type': {'value': 213, 'displayName': 'Angle'}, 'value': '4.49'}]","[91, 119, 117, 30, 35, 38, 216, 218]",True,137021.0,53.5,30.0,,,,,,,,,
2610462781.0,923,81,56.0,29,54.7,27.3,87,"{'value': 2, 'displayName': 'SecondHalf'}","{'value': 1, 'displayName': 'Pass'}","{'value': 1, 'displayName': 'Successful'}","[{'type': {'value': 141, 'displayName': 'PassEndY'}, 'value': '32.4'}, {'type': {'value': 178, 'displayName': 'StandingSave'}}, {'type': {'value': 140, 'displayName': 'PassEndX'}, 'value': '61.5'}, {'type': {'value': 56, 'displayName': 'Zone'}, 'value': 'Center'}, {'type': {'value': 213, 'displayName': 'Angle'}, 'value': '0.45'}, {'type': {'value': 212, 'displayName': 'Length'}, 'value': '7.9'}]","[91, 119, 117, 30, 36, 37, 216, 218]",True,106086.0,61.5,32.4,,,,,,,,,
2610462817.0,924,82,0.0,29,68.9,26.1,88,"{'value': 2, 'displayName': 'SecondHalf'}","{'value': 1, 'displayName': 'Pass'}","{'value': 1, 'displayName': 'Successful'}","[{'type': {'value': 141, 'displayName': 'PassEndY'}, 'value': '13.4'}, {'type': {'value': 140, 'displayName': 'PassEndX'}, 'value': '71.9'}, {'type': {'value': 56, 'displayName': 'Zone'}, 'value': 'Right'}, {'type': {'value': 212, 'displayName': 'Length'}, 'value': '9.2'}, {'type': {'value': 178, 'displayName': 'StandingSave'}}, {'type': {'value': 213, 'displayName': 'Angle'}, 'value': '5.06'}]","[91, 119, 117, 30, 205, 36, 38, 217, 218]",True,322696.0,71.9,13.4,,,,,,,,,
2610462879.0,925,82,2.0,29,72.1,20.2,88,"{'value': 2, 'displayName': 'SecondHalf'}","{'value': 1, 'displayName': 'Pass'}","{'value': 1, 'displayName': 'Successful'}","[{'type': {'value': 212, 'displayName': 'Length'}, 'value': '15.1'}, {'type': {'value': 141, 'displayName': 'PassEndY'}, 'value': '19.4'}, {'type': {'value': 178, 'displayName': 'StandingSave'}}, {'type': {'value': 213, 'displayName': 'Angle'}, 'value': '6.25'}, {'type': {'value': 56, 'displayName': 'Zone'}, 'value': 'Right'}, {'type': {'value': 140, 'displayName': 'PassEndX'}, 'value': '86.5'}]","[91, 119, 117, 30, 205, 36, 38, 217, 218]",True,319756.0,86.5,19.4,,,,,,,,,
2610462899.0,926,82,5.0,29,97.8,31.0,88,"{'value': 2, 'displayName': 'SecondHalf'}","{'value': 1, 'displayName': 'Pass'}","{'value': 0, 'displayName': 'Unsuccessful'}","[{'type': {'value': 213, 'displayName': 'Angle'}, 'value': '2.28'}, {'type': {'value': 140, 'displayName': 'PassEndX'}, 'value': '89.5'}, {'type': {'value': 141, 'displayName': 'PassEndY'}, 'value': '45.8'}, {'type': {'value': 56, 'displayName': 'Zone'}, 'value': 'Center'}, {'type': {'value': 212, 'displayName': 'Length'}, 'value': '13.3'}, {'type': {'value': 178, 'displayName': 'StandingSave'}}]","[91, 120, 29, 35, 37, 217, 218]",True,400166.0,89.5,45.8,,,,,,,,,
2610462913.0,718,82,6.0,31,9.4,51.6,88,"{'value': 2, 'displayName': 'SecondHalf'}","{'value': 49, 'displayName': 'BallRecovery'}","{'value': 1, 'displayName': 'Successful'}",[],[93],False,400815.0,,,,,,,,,,,
2610669363.0,840,82,11.0,31,26.5,21.0,88,"{'value': 2, 'displayName': 'SecondHalf'}","{'value': 3, 'displayName': 'TakeOn'}","{'value': 0, 'displayName': 'Unsuccessful'}","[{'type': {'value': 56, 'displayName': 'Zone'}, 'value': 'Back'}, {'type': {'value': 178, 'displayName': 'StandingSave'}}, {'type': {'value': 285, 'displayName': 'Defensive'}}]","[91, 53]",True,400815.0,,,,,,,,,,,
2610463013.0,719,82,11.0,31,26.4,23.4,88,"{'value': 2, 'displayName': 'SecondHalf'}","{'value': 4, 'displayName': 'Foul'}","{'value': 1, 'displayName': 'Successful'}","[{'type': {'value': 285, 'displayName': 'Defensive'}}, {'type': {'value': 56, 'displayName': 'Zone'}, 'value': 'Back'}, {'type': {'value': 233, 'displayName': 'OppositeRelatedEvent'}, 'value': '927'}, {'type': {'value': 13, 'displayName': 'Foul'}}]","[91, 63]",True,400815.0,,,,,,,,,,,
2610463001.0,927,82,11.0,29,73.6,76.6,88,"{'value': 2, 'displayName': 'SecondHalf'}","{'value': 4, 'displayName': 'Foul'}","{'value': 0, 'displayName': 'Unsuccessful'}","[{'type': {'value': 55, 'displayName': 'RelatedEventId'}, 'value': '928'}, {'type': {'value': 13, 'displayName': 'Foul'}}, {'type': {'value': 233, 'displayName': 'OppositeRelatedEvent'}, 'value': '719'}, {'type': {'value': 286, 'displayName': 'Offensive'}}, {'type': {'value': 56, 'displayName': 'Zone'}, 'value': 'Center'}]",[64],False,322696.0,,,928.0,322696.0,,,,,,,
2610463063.0,928,82,26.0,29,0.0,0.0,88,"{'value': 2, 'displayName': 'SecondHalf'}","{'value': 17, 'displayName': 'Card'}","{'value': 1, 'displayName': 'Successful'}","[{'type': {'value': 55, 'displayName': 'RelatedEventId'}, 'value': '927'}, {'type': {'value': 13, 'displayName': 'Foul'}, 'value': '243'}, {'type': {'value': 31, 'displayName': 'Yellow'}}]",[65],False,322696.0,,,927.0,322696.0,,,,,,"{'value': 31, 'displayName': 'Yellow'}",
2610464099.0,720,83,5.0,31,28.8,24.4,89,"{'value': 2, 'displayName': 'SecondHalf'}","{'value': 1, 'displayName': 'Pass'}","{'value': 0, 'displayName': 'Unsuccessful'}","[{'type': {'value': 140, 'displayName': 'PassEndX'}, 'value': '68.8'}, {'type': {'value': 5, 'displayName': 'FreekickTaken'}}, {'type': {'value': 212, 'displayName': 'Length'}, 'value': '53.8'}, {'type': {'value': 213, 'displayName': 'Angle'}, 'value': '0.68'}, {'type': {'value': 178, 'displayName': 'StandingSave'}}, {'type': {'value': 56, 'displayName': 'Zone'}, 'value': 'Center'}, {'type': {'value': 1, 'displayName': 'Longball'}}, {'type': {'value': 141, 'displayName': 'PassEndY'}, 'value': '73.9'}, {'type': {'value': 155, 'displayName': 'Chipped'}}]","[91, 120, 124, 128, 133, 36, 37, 217, 218]",True,110189.0,68.8,73.9,,,,,,,,,
2610464133.0,929,83,8.0,29,26.7,15.6,89,"{'value': 2, 'displayName': 'SecondHalf'}","{'value': 1, 'displayName': 'Pass'}","{'value': 0, 'displayName': 'Unsuccessful'}","[{'type': {'value': 178, 'displayName': 'StandingSave'}}, {'type': {'value': 212, 'displayName': 'Length'}, 'value': '19.9'}, {'type': {'value': 141, 'displayName': 'PassEndY'}, 'value': '14.6'}, {'type': {'value': 140, 'displayName': 'PassEndX'}, 'value': '45.6'}, {'type': {'value': 3, 'displayName': 'HeadPass'}}, {'type': {'value': 56, 'displayName': 'Zone'}, 'value': 'Back'}, {'type': {'value': 213, 'displayName': 'Angle'}, 'value': '6.25'}]","[91, 118, 120, 29, 139, 36, 38, 216, 218]",True,106086.0,45.6,14.6,,,,,,,,,
2610464199.0,721,83,11.0,31,56.3,88.6,89,"{'value': 2, 'displayName': 'SecondHalf'}","{'value': 1, 'displayName': 'Pass'}","{'value': 0, 'displayName': 'Unsuccessful'}","[{'type': {'value': 141, 'displayName': 'PassEndY'}, 'value': '100.0'}, {'type': {'value': 140, 'displayName': 'PassEndX'}, 'value': '65.1'}, {'type': {'value': 56, 'displayName': 'Zone'}, 'value': 'Left'}, {'type': {'value': 212, 'displayName': 'Length'}, 'value': '12.3'}, {'type': {'value': 213, 'displayName': 'Angle'}, 'value': '0.72'}, {'type': {'value': 3, 'displayName': 'HeadPass'}}]","[91, 120, 29, 139, 36, 37, 216, 218]",True,345516.0,65.1,100.0,,,,,,,,,
2610464395.0,931,83,20.0,29,39.2,0.0,89,"{'value': 2, 'displayName': 'SecondHalf'}","{'value': 1, 'displayName': 'Pass'}","{'value': 1, 'displayName': 'Successful'}","[{'type': {'value': 212, 'displayName': 'Length'}, 'value': '17.3'}, {'type': {'value': 141, 'displayName': 'PassEndY'}, 'value': '15.5'}, {'type': {'value': 107, 'displayName': 'ThrowIn'}}, {'type': {'value': 56, 'displayName': 'Zone'}, 'value': 'Back'}, {'type': {'value': 213, 'displayName': 'Angle'}, 'value': '2.39'}, {'type': {'value': 140, 'displayName': 'PassEndX'}, 'value': '27.2'}]","[91, 212, 35, 37, 215]",True,111372.0,27.2,15.5,,,,,,,,,
2610464463.0,932,83,23.0,29,27.2,17.4,89,"{'value': 2, 'displayName': 'SecondHalf'}","{'value': 1, 'displayName': 'Pass'}","{'value': 1, 'displayName': 'Successful'}","[{'type': {'value': 212, 'displayName': 'Length'}, 'value': '30.6'}, {'type': {'value': 141, 'displayName': 'PassEndY'}, 'value': '62.3'}, {'type': {'value': 213, 'displayName': 'Angle'}, 'value': '1.52'}, {'type': {'value': 56, 'displayName': 'Zone'}, 'value': 'Back'}, {'type': {'value': 140, 'displayName': 'PassEndX'}, 'value': '28.6'}, {'type': {'value': 178, 'displayName': 'StandingSave'}}]","[91, 117, 30, 36, 37, 215, 218]",True,106086.0,28.6,62.3,,,,,,,,,
2610464551.0,933,83,26.0,29,34.6,66.4,89,"{'value': 2, 'displayName': 'SecondHalf'}","{'value': 1, 'displayName': 'Pass'}","{'value': 1, 'displayName': 'Successful'}","[{'type': {'value': 212, 'displayName': 'Length'}, 'value': '27.2'}, {'type': {'value': 140, 'displayName': 'PassEndX'}, 'value': '51.9'}, {'type': {'value': 141, 'displayName': 'PassEndY'}, 'value': '96.2'}, {'type': {'value': 178, 'displayName': 'StandingSave'}}, {'type': {'value': 56, 'displayName': 'Zone'}, 'value': 'Left'}, {'type': {'value': 213, 'displayName': 'Angle'}, 'value': '0.84'}]","[91, 119, 117, 30, 36, 37, 216, 218]",True,362434.0,51.9,96.2,,,,,,,,,
2610464591.0,934,83,30.0,29,44.0,93.6,89,"{'value': 2, 'displayName': 'SecondHalf'}","{'value': 1, 'displayName': 'Pass'}","{'value': 1, 'displayName': 'Successful'}","[{'type': {'value': 140, 'displayName': 'PassEndX'}, 'value': '30.5'}, {'type': {'value': 178, 'displayName': 'StandingSave'}}, {'type': {'value': 213, 'displayName': 'Angle'}, 'value': '3.90'}, {'type': {'value': 141, 'displayName': 'PassEndY'}, 'value': '73.8'}, {'type': {'value': 56, 'displayName': 'Zone'}, 'value': 'Back'}, {'type': {'value': 212, 'displayName': 'Length'}, 'value': '19.6'}]","[91, 117, 30, 35, 38, 215, 218]",True,137021.0,30.5,73.8,,,,,,,,,
2610464717.0,935,83,32.0,29,30.9,70.9,89,"{'value': 2, 'displayName': 'SecondHalf'}","{'value': 1, 'displayName': 'Pass'}","{'value': 1, 'displayName': 'Successful'}","[{'type': {'value': 213, 'displayName': 'Angle'}, 'value': '4.91'}, {'type': {'value': 56, 'displayName': 'Zone'}, 'value': 'Back'}, {'type': {'value': 178, 'displayName': 'StandingSave'}}, {'type': {'value': 141, 'displayName': 'PassEndY'}, 'value': '44.0'}, {'type': {'value': 140, 'displayName': 'PassEndX'}, 'value': '34.4'}, {'type': {'value': 212, 'displayName': 'Length'}, 'value': '18.7'}]","[91, 117, 30, 36, 38, 216, 218]",True,362434.0,34.4,44.0,,,,,,,,,
2610464777.0,936,83,38.0,29,38.7,29.5,89,"{'value': 2, 'displayName': 'SecondHalf'}","{'value': 1, 'displayName': 'Pass'}","{'value': 1, 'displayName': 'Successful'}","[{'type': {'value': 140, 'displayName': 'PassEndX'}, 'value': '52.1'}, {'type': {'value': 141, 'displayName': 'PassEndY'}, 'value': '6.7'}, {'type': {'value': 56, 'displayName': 'Zone'}, 'value': 'Right'}, {'type': {'value': 213, 'displayName': 'Angle'}, 'value': '5.45'}, {'type': {'value': 212, 'displayName': 'Length'}, 'value': '20.9'}, {'type': {'value': 178, 'displayName': 'StandingSave'}}]","[91, 119, 117, 30, 36, 38, 216, 218]",True,322696.0,52.1,6.7,,,,,,,,,
2610464809.0,937,83,41.0,29,52.2,6.7,89,"{'value': 2, 'displayName': 'SecondHalf'}","{'value': 1, 'displayName': 'Pass'}","{'value': 1, 'displayName': 'Successful'}","[{'type': {'value': 178, 'displayName': 'StandingSave'}}, {'type': {'value': 56, 'displayName': 'Zone'}, 'value': 'Right'}, {'type': {'value': 213, 'displayName': 'Angle'}, 'value': '0.42'}, {'type': {'value': 140, 'displayName': 'PassEndX'}, 'value': '60.2'}, {'type': {'value': 212, 'displayName': 'Length'}, 'value': '9.2'}, {'type': {'value': 141, 'displayName': 'PassEndY'}, 'value': '12.2'}]","[91, 119, 117, 30, 36, 37, 216, 218]",True,106086.0,60.2,12.2,,,,,,,,,
2610464883.0,938,83,42.0,29,60.2,12.2,89,"{'value': 2, 'displayName': 'SecondHalf'}","{'value': 1, 'displayName': 'Pass'}","{'value': 1, 'displayName': 'Successful'}","[{'type': {'value': 141, 'displayName': 'PassEndY'}, 'value': '24.0'}, {'type': {'value': 213, 'displayName': 'Angle'}, 'value': '1.88'}, {'type': {'value': 140, 'displayName': 'PassEndX'}, 'value': '57.8'}, {'type': {'value': 56, 'displayName': 'Zone'}, 'value': 'Center'}, {'type': {'value': 212, 'displayName': 'Length'}, 'value': '8.4'}, {'type': {'value': 178, 'displayName': 'StandingSave'}}]","[91, 119, 117, 30, 35, 37, 216, 218]",True,400166.0,57.8,24.0,,,,,,,,,
2610465035.0,939,83,44.0,29,58.2,25.9,89,"{'value': 2, 'displayName': 'SecondHalf'}","{'value': 1, 'displayName': 'Pass'}","{'value': 1, 'displayName': 'Successful'}","[{'type': {'value': 155, 'displayName': 'Chipped'}}, {'type': {'value': 212, 'displayName': 'Length'}, 'value': '49.9'}, {'type': {'value': 141, 'displayName': 'PassEndY'}, 'value': '93.9'}, {'type': {'value': 213, 'displayName': 'Angle'}, 'value': '1.18'}, {'type': {'value': 56, 'displayName': 'Zone'}, 'value': 'Left'}, {'type': {'value': 1, 'displayName': 'Longball'}}, {'type': {'value': 140, 'displayName': 'PassEndX'}, 'value': '76.1'}, {'type': {'value': 178, 'displayName': 'StandingSave'}}]","[91, 119, 117, 124, 127, 205, 36, 37, 217, 218]",True,143595.0,76.1,93.9,,,,,,,,,
2610465071.0,940,83,51.0,29,76.0,82.6,89,"{'value': 2, 'displayName': 'SecondHalf'}","{'value': 1, 'displayName': 'Pass'}","{'value': 1, 'displayName': 'Successful'}","[{'type': {'value': 140, 'displayName': 'PassEndX'}, 'value': '70.1'}, {'type': {'value': 141, 'displayName': 'PassEndY'}, 'value': '64.6'}, {'type': {'value': 56, 'displayName': 'Zone'}, 'value': 'Center'}, {'type': {'value': 212, 'displayName': 'Length'}, 'value': '13.7'}, {'type': {'value': 213, 'displayName': 'Angle'}, 'value': '4.24'}, {'type': {'value': 178, 'displayName': 'StandingSave'}}]","[91, 119, 117, 30, 205, 35, 38, 217, 218]",True,137021.0,70.1,64.6,,,,,,,,,
2610465115.0,941,83,52.0,29,69.8,59.6,89,"{'value': 2, 'displayName': 'SecondHalf'}","{'value': 1, 'displayName': 'Pass'}","{'value': 1, 'displayName': 'Successful'}","[{'type': {'value': 140, 'displayName': 'PassEndX'}, 'value': '62.5'}, {'type': {'value': 213, 'displayName': 'Angle'}, 'value': '3.85'}, {'type': {'value': 56, 'displayName': 'Zone'}, 'value': 'Center'}, {'type': {'value': 212, 'displayName': 'Length'}, 'value': '10.1'}, {'type': {'value': 178, 'displayName': 'StandingSave'}}, {'type': {'value': 141, 'displayName': 'PassEndY'}, 'value': '50.0'}]","[91, 119, 117, 30, 35, 38, 216, 218]",True,143595.0,62.5,50.0,,,,,,,,,
2610465273.0,942,83,55.0,29,63.8,42.5,89,"{'value': 2, 'displayName': 'SecondHalf'}","{'value': 1, 'displayName': 'Pass'}","{'value': 1, 'displayName': 'Successful'}","[{'type': {'value': 212, 'displayName': 'Length'}, 'value': '30.4'}, {'type': {'value': 178, 'displayName': 'StandingSave'}}, {'type': {'value': 56, 'displayName': 'Zone'}, 'value': 'Right'}, {'type': {'value': 213, 'displayName': 'Angle'}, 'value': '5.34'}, {'type': {'value': 141, 'displayName': 'PassEndY'}, 'value': '6.4'}, {'type': {'value': 140, 'displayName': 'PassEndX'}, 'value': '80.9'}]","[91, 119, 117, 30, 205, 36, 38, 217, 218]",True,322696.0,80.9,6.4,,,,,,,,,
2610465281.0,943,84,1.0,29,98.3,9.4,90,"{'value': 2, 'displayName': 'SecondHalf'}","{'value': 1, 'displayName': 'Pass'}","{'value': 0, 'displayName': 'Unsuccessful'}","[{'type': {'value': 212, 'displayName': 'Length'}, 'value': '2.2'}, {'type': {'value': 20, 'displayName': 'RightFoot'}}, {'type': {'value': 178, 'displayName': 'StandingSave'}}, {'type': {'value': 233, 'displayName': 'OppositeRelatedEvent'}, 'value': '723'}, {'type': {'value': 2, 'displayName': 'Cross'}}, {'type': {'value': 141, 'displayName': 'PassEndY'}, 'value': '12.3'}, {'type': {'value': 56, 'displayName': 'Zone'}, 'value': 'Right'}, {'type': {'value': 155, 'displayName': 'Chipped'}}, {'type': {'value': 213, 'displayName': 'Angle'}, 'value': '2.02'}, {'type': {'value': 286, 'displayName': 'Offensive'}}, {'type': {'value': 140, 'displayName': 'PassEndX'}, 'value': '97.4'}]","[91, 137, 124, 126, 35, 37, 217, 218]",True,111372.0,97.4,12.3,,,,,,,,,
2610465277.0,723,84,1.0,31,5.7,85.7,90,"{'value': 2, 'displayName': 'SecondHalf'}","{'value': 12, 'displayName': 'Clearance'}","{'value': 1, 'displayName': 'Successful'}","[{'type': {'value': 178, 'displayName': 'StandingSave'}}, {'type': {'value': 56, 'displayName': 'Zone'}, 'value': 'Back'}, {'type': {'value': 185, 'displayName': 'BlockedCross'}}, {'type': {'value': 233, 'displayName': 'OppositeRelatedEvent'}, 'value': '943'}]","[91, 59]",True,357427.0,,,,,,,,,,,
2610465321.0,724,84,3.0,31,16.7,88.4,90,"{'value': 2, 'displayName': 'SecondHalf'}","{'value': 49, 'displayName': 'BallRecovery'}","{'value': 1, 'displayName': 'Successful'}",[],[93],False,116317.0,,,,,,,,,,,
2610465401.0,725,84,4.0,31,15.0,88.0,90,"{'value': 2, 'displayName': 'SecondHalf'}","{'value': 1, 'displayName': 'Pass'}","{'value': 1, 'displayName': 'Successful'}","[{'type': {'value': 141, 'displayName': 'PassEndY'}, 'value': '80.5'}, {'type': {'value': 178, 'displayName': 'StandingSave'}}, {'type': {'value': 140, 'displayName': 'PassEndX'}, 'value': '9.0'}, {'type': {'value': 56, 'displayName': 'Zone'}, 'value': 'Back'}, {'type': {'value': 212, 'displayName': 'Length'}, 'value': '8.1'}, {'type': {'value': 213, 'displayName': 'Angle'}, 'value': '3.82'}]","[91, 117, 30, 35, 38, 215, 218]",True,116317.0,9.0,80.5,,,,,,,,,
2610465489.0,726,84,5.0,31,9.0,80.5,90,"{'value': 2, 'displayName': 'SecondHalf'}","{'value': 1, 'displayName': 'Pass'}","{'value': 0, 'displayName': 'Unsuccessful'}","[{'type': {'value': 212, 'displayName': 'Length'}, 'value': '48.0'}, {'type': {'value': 141, 'displayName': 'PassEndY'}, 'value': '77.3'}, {'type': {'value': 140, 'displayName': 'PassEndX'}, 'value': '54.7'}, {'type': {'value': 56, 'displayName': 'Zone'}, 'value': 'Center'}, {'type': {'value': 213, 'displayName': 'Angle'}, 'value': '6.24'}, {'type': {'value': 178, 'displayName': 'StandingSave'}}, {'type': {'value': 1, 'displayName': 'Longball'}}]","[91, 120, 128, 36, 38, 216, 218]",True,345516.0,54.7,77.3,,,,,,,,,
2610465513.0,944,84,8.0,29,42.9,18.6,90,"{'value': 2, 'displayName': 'SecondHalf'}","{'value': 1, 'displayName': 'Pass'}","{'value': 1, 'displayName': 'Successful'}","[{'type': {'value': 141, 'displayName': 'PassEndY'}, 'value': '28.6'}, {'type': {'value': 178, 'displayName': 'StandingSave'}}, {'type': {'value': 140, 'displayName': 'PassEndX'}, 'value': '41.1'}, {'type': {'value': 56, 'displayName': 'Zone'}, 'value': 'Back'}, {'type': {'value': 212, 'displayName': 'Length'}, 'value': '7.1'}, {'type': {'value': 213, 'displayName': 'Angle'}, 'value': '1.84'}]","[91, 117, 30, 35, 37, 216, 218]",True,106086.0,41.1,28.6,,,,,,,,,
2610465525.0,945,84,9.0,29,41.1,28.6,90,"{'value': 2, 'displayName': 'SecondHalf'}","{'value': 49, 'displayName': 'BallRecovery'}","{'value': 1, 'displayName': 'Successful'}",[],[93],False,362434.0,,,,,,,,,,,
2610465753.0,946,84,9.0,29,41.1,28.6,90,"{'value': 2, 'displayName': 'SecondHalf'}","{'value': 1, 'displayName': 'Pass'}","{'value': 1, 'displayName': 'Successful'}","[{'type': {'value': 213, 'displayName': 'Angle'}, 'value': '6.08'}, {'type': {'value': 212, 'displayName': 'Length'}, 'value': '13.3'}, {'type': {'value': 141, 'displayName': 'PassEndY'}, 'value': '24.7'}, {'type': {'value': 56, 'displayName': 'Zone'}, 'value': 'Center'}, {'type': {'value': 140, 'displayName': 'PassEndX'}, 'value': '53.5'}, {'type': {'value': 178, 'displayName': 'StandingSave'}}]","[91, 119, 117, 30, 36, 38, 216, 218]",True,362434.0,53.5,24.7,,,,,,,,,
2610465773.0,947,84,20.0,29,69.9,54.5,90,"{'value': 2, 'displayName': 'SecondHalf'}","{'value': 1, 'displayName': 'Pass'}","{'value': 1, 'displayName': 'Successful'}","[{'type': {'value': 213, 'displayName': 'Angle'}, 'value': '5.60'}, {'type': {'value': 141, 'displayName': 'PassEndY'}, 'value': '47.8'}, {'type': {'value': 178, 'displayName': 'StandingSave'}}, {'type': {'value': 212, 'displayName': 'Length'}, 'value': '7.2'}, {'type': {'value': 140, 'displayName': 'PassEndX'}, 'value': '75.2'}, {'type': {'value': 56, 'displayName': 'Zone'}, 'value': 'Center'}]","[91, 119, 117, 30, 205, 36, 38, 217, 218]",True,322696.0,75.2,47.8,,,,,,,,,
2610465809.0,948,84,21.0,29,75.7,49.9,90,"{'value': 2, 'displayName': 'SecondHalf'}","{'value': 1, 'displayName': 'Pass'}","{'value': 1, 'displayName': 'Successful'}","[{'type': {'value': 213, 'displayName': 'Angle'}, 'value': '1.89'}, {'type': {'value': 141, 'displayName': 'PassEndY'}, 'value': '60.5'}, {'type': {'value': 140, 'displayName': 'PassEndX'}, 'value': '73.4'}, {'type': {'value': 212, 'displayName': 'Length'}, 'value': '7.6'}, {'type': {'value': 56, 'displayName': 'Zone'}, 'value': 'Center'}, {'type': {'value': 178, 'displayName': 'StandingSave'}}]","[91, 119, 117, 30, 205, 35, 37, 217, 218]",True,319756.0,73.4,60.5,,,,,,,,,
2610465867.0,949,84,23.0,29,79.2,66.8,90,"{'value': 2, 'displayName': 'SecondHalf'}","{'value': 1, 'displayName': 'Pass'}","{'value': 1, 'displayName': 'Successful'}","[{'type': {'value': 212, 'displayName': 'Length'}, 'value': '14.5'}, {'type': {'value': 141, 'displayName': 'PassEndY'}, 'value': '84.1'}, {'type': {'value': 140, 'displayName': 'PassEndX'}, 'value': '87.3'}, {'type': {'value': 178, 'displayName': 'StandingSave'}}, {'type': {'value': 213, 'displayName': 'Angle'}, 'value': '0.94'}, {'type': {'value': 56, 'displayName': 'Zone'}, 'value': 'Left'}]","[91, 119, 117, 30, 205, 36, 37, 217, 218]",True,322596.0,87.3,84.1,,,,,,,,,
2610465907.0,950,84,26.0,29,85.7,80.6,90,"{'value': 2, 'displayName': 'SecondHalf'}","{'value': 1, 'displayName': 'Pass'}","{'value': 1, 'displayName': 'Successful'}","[{'type': {'value': 141, 'displayName': 'PassEndY'}, 'value': '49.0'}, {'type': {'value': 178, 'displayName': 'StandingSave'}}, {'type': {'value': 140, 'displayName': 'PassEndX'}, 'value': '75.7'}, {'type': {'value': 212, 'displayName': 'Length'}, 'value': '23.9'}, {'type': {'value': 213, 'displayName': 'Angle'}, 'value': '4.26'}, {'type': {'value': 210, 'displayName': 'ShotAssist'}, 'value': '13'}, {'type': {'value': 56, 'displayName': 'Zone'}, 'value': 'Center'}, {'type': {'value': 11113, 'displayName': 'KeyPass'}}]","[91, 119, 117, 30, 123, 205, 40, 46, 35, 38, 217, 218]",True,137021.0,75.7,49.0,,,,,,,,,
2610465911.0,951,84,28.0,29,76.4,52.6,90,"{'value': 2, 'displayName': 'SecondHalf'}","{'value': 13, 'displayName': 'MissedShots'}","{'value': 1, 'displayName': 'Successful'}","[{'type': {'value': 215, 'displayName': 'IndividualPlay'}}, {'type': {'value': 29, 'displayName': 'Assisted'}}, {'type': {'value': 22, 'displayName': 'RegularPlay'}}, {'type': {'value': 81, 'displayName': 'HighRight'}}, {'type': {'value': 18, 'displayName': 'OutOfBoxCentre'}}, {'type': {'value': 56, 'displayName': 'Zone'}, 'value': 'Center'}, {'type': {'value': 102, 'displayName': 'GoalMouthY'}, 'value': '41.0'}, {'type': {'value': 103, 'displayName': 'GoalMouthZ'}, 'value': '70.8'}, {'type': {'value': 20, 'displayName': 'RightFoot'}}, {'type': {'value': 178, 'displayName': 'StandingSave'}}, {'type': {'value': 55, 'displayName': 'RelatedEventId'}, 'value': '950'}, {'type': {'value': 328, 'displayName': 'FirstTouch'}}]","[91, 7, 10, 2, 3, 12]",True,322696.0,,,950.0,137021.0,,,70.8,41.0,True,,
2610466325.0,953,84,52.0,29,0.0,0.0,90,"{'value': 2, 'displayName': 'SecondHalf'}","{'value': 18, 'displayName': 'SubstitutionOff'}","{'value': 1, 'displayName': 'Successful'}","[{'type': {'value': 55, 'displayName': 'RelatedEventId'}, 'value': '954'}, {'type': {'value': 44, 'displayName': 'PlayerPosition'}, 'value': 'Defender'}, {'type': {'value': 59, 'displayName': 'JerseyNumber'}, 'value': '3'}]",[214],False,68049.0,,,954.0,91762.0,,,,,,,
2610466335.0,954,84,52.0,29,0.0,0.0,90,"{'value': 2, 'displayName': 'SecondHalf'}","{'value': 19, 'displayName': 'SubstitutionOn'}","{'value': 1, 'displayName': 'Successful'}","[{'type': {'value': 55, 'displayName': 'RelatedEventId'}, 'value': '953'}, {'type': {'value': 44, 'displayName': 'PlayerPosition'}, 'value': 'Forward'}, {'type': {'value': 145, 'displayName': 'FormationSlot'}, 'value': '3'}, {'type': {'value': 59, 'displayName': 'JerseyNumber'}, 'value': '18'}]",[213],False,91762.0,,,953.0,68049.0,,,,,,,
2610466683.0,728,85,14.0,31,5.3,40.3,91,"{'value': 2, 'displayName': 'SecondHalf'}","{'value': 1, 'displayName': 'Pass'}","{'value': 0, 'displayName': 'Unsuccessful'}","[{'type': {'value': 56, 'displayName': 'Zone'}, 'value': 'Right'}, {'type': {'value': 213, 'displayName': 'Angle'}, 'value': '5.97'}, {'type': {'value': 155, 'displayName': 'Chipped'}}, {'type': {'value': 212, 'displayName': 'Length'}, 'value': '79.7'}, {'type': {'value': 1, 'displayName': 'Longball'}}, {'type': {'value': 74, 'displayName': 'MissHigh'}}, {'type': {'value': 141, 'displayName': 'PassEndY'}, 'value': '3.7'}, {'type': {'value': 140, 'displayName': 'PassEndX'}, 'value': '77.4'}, {'type': {'value': 124, 'displayName': 'GoalKick'}}]","[91, 120, 124, 128, 36, 38, 217, 218]",True,110189.0,77.4,3.7,,,,,,,,,
2610466673.0,955,85,20.0,29,22.0,91.5,91,"{'value': 2, 'displayName': 'SecondHalf'}","{'value': 49, 'displayName': 'BallRecovery'}","{'value': 1, 'displayName': 'Successful'}",[],[93],False,362434.0,,,,,,,,,,,
2610466753.0,956,85,22.0,29,20.9,89.0,91,"{'value': 2, 'displayName': 'SecondHalf'}","{'value': 1, 'displayName': 'Pass'}","{'value': 1, 'displayName': 'Successful'}","[{'type': {'value': 141, 'displayName': 'PassEndY'}, 'value': '53.7'}, {'type': {'value': 140, 'displayName': 'PassEndX'}, 'value': '8.3'}, {'type': {'value': 56, 'displayName': 'Zone'}, 'value': 'Back'}, {'type': {'value': 178, 'displayName': 'StandingSave'}}, {'type': {'value': 212, 'displayName': 'Length'}, 'value': '27.4'}, {'type': {'value': 213, 'displayName': 'Angle'}, 'value': '4.21'}]","[91, 117, 30, 35, 38, 215, 218]",True,362434.0,8.3,53.7,,,,,,,,,
2610466793.0,957,85,27.0,29,9.5,55.4,91,"{'value': 2, 'displayName': 'SecondHalf'}","{'value': 1, 'displayName': 'Pass'}","{'value': 1, 'displayName': 'Successful'}","[{'type': {'value': 213, 'displayName': 'Angle'}, 'value': '1.06'}, {'type': {'value': 141, 'displayName': 'PassEndY'}, 'value': '92.9'}, {'type': {'value': 178, 'displayName': 'StandingSave'}}, {'type': {'value': 212, 'displayName': 'Length'}, 'value': '29.2'}, {'type': {'value': 56, 'displayName': 'Zone'}, 'value': 'Back'}, {'type': {'value': 140, 'displayName': 'PassEndX'}, 'value': '23.1'}]","[91, 117, 30, 36, 37, 215, 218]",True,92516.0,23.1,92.9,,,,,,,,,
2610466819.0,958,85,30.0,29,26.9,92.4,91,"{'value': 2, 'displayName': 'SecondHalf'}","{'value': 1, 'displayName': 'Pass'}","{'value': 0, 'displayName': 'Unsuccessful'}","[{'type': {'value': 178, 'displayName': 'StandingSave'}}, {'type': {'value': 213, 'displayName': 'Angle'}, 'value': '6.17'}, {'type': {'value': 141, 'displayName': 'PassEndY'}, 'value': '86.2'}, {'type': {'value': 140, 'displayName': 'PassEndX'}, 'value': '63.4'}, {'type': {'value': 155, 'displayName': 'Chipped'}}, {'type': {'value': 212, 'displayName': 'Length'}, 'value': '38.6'}, {'type': {'value': 56, 'displayName': 'Zone'}, 'value': 'Left'}, {'type': {'value': 1, 'displayName': 'Longball'}}]","[91, 120, 124, 128, 36, 38, 216, 218]",True,362434.0,63.4,86.2,,,,,,,,,
2610466879.0,729,85,33.0,31,31.8,15.5,91,"{'value': 2, 'displayName': 'SecondHalf'}","{'value': 1, 'displayName': 'Pass'}","{'value': 0, 'displayName': 'Unsuccessful'}","[{'type': {'value': 140, 'displayName': 'PassEndX'}, 'value': '45.0'}, {'type': {'value': 56, 'displayName': 'Zone'}, 'value': 'Back'}, {'type': {'value': 213, 'displayName': 'Angle'}, 'value': '5.59'}, {'type': {'value': 3, 'displayName': 'HeadPass'}}, {'type': {'value': 141, 'displayName': 'PassEndY'}, 'value': '0.0'}, {'type': {'value': 212, 'displayName': 'Length'}, 'value': '18.0'}]","[91, 118, 120, 29, 139, 36, 38, 216, 218]",True,131464.0,45.0,0.0,,,,,,,,,
2610466981.0,960,85,39.0,29,56.1,100.0,91,"{'value': 2, 'displayName': 'SecondHalf'}","{'value': 1, 'displayName': 'Pass'}","{'value': 1, 'displayName': 'Successful'}","[{'type': {'value': 107, 'displayName': 'ThrowIn'}}, {'type': {'value': 213, 'displayName': 'Angle'}, 'value': '3.51'}, {'type': {'value': 141, 'displayName': 'PassEndY'}, 'value': '92.7'}, {'type': {'value': 212, 'displayName': 'Length'}, 'value': '17.5'}, {'type': {'value': 56, 'displayName': 'Zone'}, 'value': 'Back'}, {'type': {'value': 140, 'displayName': 'PassEndX'}, 'value': '40.6'}]","[91, 212, 35, 38, 216]",True,143595.0,40.6,92.7,,,,,,,,,
2610467037.0,961,85,41.0,29,40.8,90.3,91,"{'value': 2, 'displayName': 'SecondHalf'}","{'value': 1, 'displayName': 'Pass'}","{'value': 1, 'displayName': 'Successful'}","[{'type': {'value': 213, 'displayName': 'Angle'}, 'value': '4.93'}, {'type': {'value': 141, 'displayName': 'PassEndY'}, 'value': '72.6'}, {'type': {'value': 56, 'displayName': 'Zone'}, 'value': 'Back'}, {'type': {'value': 178, 'displayName': 'StandingSave'}}, {'type': {'value': 140, 'displayName': 'PassEndX'}, 'value': '43.3'}, {'type': {'value': 212, 'displayName': 'Length'}, 'value': '12.3'}]","[91, 117, 30, 36, 38, 216, 218]",True,362434.0,43.3,72.6,,,,,,,,,
2610467069.0,962,85,45.0,29,44.3,55.8,91,"{'value': 2, 'displayName': 'SecondHalf'}","{'value': 1, 'displayName': 'Pass'}","{'value': 1, 'displayName': 'Successful'}","[{'type': {'value': 140, 'displayName': 'PassEndX'}, 'value': '51.1'}, {'type': {'value': 56, 'displayName': 'Zone'}, 'value': 'Center'}, {'type': {'value': 178, 'displayName': 'StandingSave'}}, {'type': {'value': 212, 'displayName': 'Length'}, 'value': '18.3'}, {'type': {'value': 213, 'displayName': 'Angle'}, 'value': '5.11'}, {'type': {'value': 141, 'displayName': 'PassEndY'}, 'value': '31.0'}]","[91, 119, 117, 30, 36, 38, 216, 218]",True,322696.0,51.1,31.0,,,,,,,,,
2610467131.0,963,85,47.0,29,51.1,31.0,91,"{'value': 2, 'displayName': 'SecondHalf'}","{'value': 1, 'displayName': 'Pass'}","{'value': 1, 'displayName': 'Successful'}","[{'type': {'value': 140, 'displayName': 'PassEndX'}, 'value': '48.1'}, {'type': {'value': 178, 'displayName': 'StandingSave'}}, {'type': {'value': 213, 'displayName': 'Angle'}, 'value': '4.52'}, {'type': {'value': 56, 'displayName': 'Zone'}, 'value': 'Back'}, {'type': {'value': 212, 'displayName': 'Length'}, 'value': '16.6'}, {'type': {'value': 141, 'displayName': 'PassEndY'}, 'value': '7.1'}]","[91, 117, 30, 35, 38, 216, 218]",True,319756.0,48.1,7.1,,,,,,,,,
2610467169.0,964,85,51.0,29,55.8,4.4,91,"{'value': 2, 'displayName': 'SecondHalf'}","{'value': 1, 'displayName': 'Pass'}","{'value': 0, 'displayName': 'Unsuccessful'}","[{'type': {'value': 212, 'displayName': 'Length'}, 'value': '22.6'}, {'type': {'value': 140, 'displayName': 'PassEndX'}, 'value': '75.8'}, {'type': {'value': 141, 'displayName': 'PassEndY'}, 'value': '16.8'}, {'type': {'value': 178, 'displayName': 'StandingSave'}}, {'type': {'value': 155, 'displayName': 'Chipped'}}, {'type': {'value': 56, 'displayName': 'Zone'}, 'value': 'Right'}, {'type': {'value': 213, 'displayName': 'Angle'}, 'value': '0.38'}]","[91, 120, 29, 124, 36, 37, 217, 218]",True,111372.0,75.8,16.8,,,,,,,,,
2610467213.0,732,85,53.0,31,26.0,80.5,91,"{'value': 2, 'displayName': 'SecondHalf'}","{'value': 1, 'displayName': 'Pass'}","{'value': 0, 'displayName': 'Unsuccessful'}","[{'type': {'value': 140, 'displayName': 'PassEndX'}, 'value': '31.5'}, {'type': {'value': 212, 'displayName': 'Length'}, 'value': '15.5'}, {'type': {'value': 178, 'displayName': 'StandingSave'}}, {'type': {'value': 3, 'displayName': 'HeadPass'}}, {'type': {'value': 141, 'displayName': 'PassEndY'}, 'value': '100.0'}, {'type': {'value': 213, 'displayName': 'Angle'}, 'value': '1.19'}, {'type': {'value': 56, 'displayName': 'Zone'}, 'value': 'Back'}]","[91, 118, 120, 29, 139, 36, 37, 215, 218]",True,381045.0,31.5,100.0,,,,,,,,,
2610467427.0,966,86,5.0,29,68.5,0.0,92,"{'value': 2, 'displayName': 'SecondHalf'}","{'value': 1, 'displayName': 'Pass'}","{'value': 1, 'displayName': 'Successful'}","[{'type': {'value': 56, 'displayName': 'Zone'}, 'value': 'Right'}, {'type': {'value': 107, 'displayName': 'ThrowIn'}}, {'type': {'value': 140, 'displayName': 'PassEndX'}, 'value': '62.8'}, {'type': {'value': 212, 'displayName': 'Length'}, 'value': '8.9'}, {'type': {'value': 141, 'displayName': 'PassEndY'}, 'value': '7.7'}, {'type': {'value': 213, 'displayName': 'Angle'}, 'value': '2.31'}]","[91, 212, 35, 37, 216]",True,111372.0,62.8,7.7,,,,,,,,,
2610467463.0,967,86,6.0,29,62.8,7.7,92,"{'value': 2, 'displayName': 'SecondHalf'}","{'value': 1, 'displayName': 'Pass'}","{'value': 1, 'displayName': 'Successful'}","[{'type': {'value': 213, 'displayName': 'Angle'}, 'value': '5.62'}, {'type': {'value': 140, 'displayName': 'PassEndX'}, 'value': '66.0'}, {'type': {'value': 178, 'displayName': 'StandingSave'}}, {'type': {'value': 212, 'displayName': 'Length'}, 'value': '4.3'}, {'type': {'value': 141, 'displayName': 'PassEndY'}, 'value': '3.8'}, {'type': {'value': 56, 'displayName': 'Zone'}, 'value': 'Right'}]","[91, 119, 117, 30, 36, 38, 216, 218]",True,319756.0,66.0,3.8,,,,,,,,,
2610467509.0,968,86,8.0,29,65.2,4.1,92,"{'value': 2, 'displayName': 'SecondHalf'}","{'value': 1, 'displayName': 'Pass'}","{'value': 1, 'displayName': 'Successful'}","[{'type': {'value': 213, 'displayName': 'Angle'}, 'value': '3.10'}, {'type': {'value': 56, 'displayName': 'Zone'}, 'value': 'Right'}, {'type': {'value': 178, 'displayName': 'StandingSave'}}, {'type': {'value': 212, 'displayName': 'Length'}, 'value': '11.1'}, {'type': {'value': 140, 'displayName': 'PassEndX'}, 'value': '54.6'}, {'type': {'value': 141, 'displayName': 'PassEndY'}, 'value': '4.7'}]","[91, 119, 117, 30, 35, 37, 216, 218]",True,111372.0,54.6,4.7,,,,,,,,,
2610467633.0,969,86,10.0,29,55.3,9.4,92,"{'value': 2, 'displayName': 'SecondHalf'}","{'value': 1, 'displayName': 'Pass'}","{'value': 1, 'displayName': 'Successful'}","[{'type': {'value': 56, 'displayName': 'Zone'}, 'value': 'Center'}, {'type': {'value': 178, 'displayName': 'StandingSave'}}, {'type': {'value': 1, 'displayName': 'Longball'}}, {'type': {'value': 213, 'displayName': 'Angle'}, 'value': '1.58'}, {'type': {'value': 212, 'displayName': 'Length'}, 'value': '38.7'}, {'type': {'value': 140, 'displayName': 'PassEndX'}, 'value': '55.0'}, {'type': {'value': 141, 'displayName': 'PassEndY'}, 'value': '66.3'}]","[91, 119, 117, 127, 35, 37, 216, 218]",True,319756.0,55.0,66.3,,,,,,,,,
2610467667.0,970,86,18.0,29,78.8,78.7,92,"{'value': 2, 'displayName': 'SecondHalf'}","{'value': 1, 'displayName': 'Pass'}","{'value': 0, 'displayName': 'Unsuccessful'}","[{'type': {'value': 141, 'displayName': 'PassEndY'}, 'value': '48.9'}, {'type': {'value': 140, 'displayName': 'PassEndX'}, 'value': '98.6'}, {'type': {'value': 155, 'displayName': 'Chipped'}}, {'type': {'value': 178, 'displayName': 'StandingSave'}}, {'type': {'value': 213, 'displayName': 'Angle'}, 'value': '5.51'}, {'type': {'value': 212, 'displayName': 'Length'}, 'value': '29.0'}, {'type': {'value': 56, 'displayName': 'Zone'}, 'value': 'Center'}]","[91, 120, 29, 124, 36, 38, 217, 218]",True,362434.0,98.6,48.9,,,,,,,,,
2610467699.0,734,86,20.0,31,1.2,50.7,92,"{'value': 2, 'displayName': 'SecondHalf'}","{'value': 12, 'displayName': 'Clearance'}","{'value': 1, 'displayName': 'Successful'}","[{'type': {'value': 21, 'displayName': 'OtherBodyPart'}}, {'type': {'value': 141, 'displayName': 'PassEndY'}, 'value': '51.6'}, {'type': {'value': 140, 'displayName': 'PassEndX'}, 'value': '0.0'}, {'type': {'value': 56, 'displayName': 'Zone'}, 'value': 'Back'}, {'type': {'value': 212, 'displayName': 'Length'}, 'value': '2.7'}, {'type': {'value': 213, 'displayName': 'Angle'}, 'value': '2.91'}]","[91, 94, 95, 215]",True,110189.0,0.0,51.6,,,,,,,,,
2610467703.0,735,86,20.0,31,0.2,52.6,92,"{'value': 2, 'displayName': 'SecondHalf'}","{'value': 6, 'displayName': 'CornerAwarded'}","{'value': 0, 'displayName': 'Unsuccessful'}","[{'type': {'value': 56, 'displayName': 'Zone'}, 'value': 'Back'}, {'type': {'value': 73, 'displayName': 'MissLeft'}}, {'type': {'value': 233, 'displayName': 'OppositeRelatedEvent'}, 'value': '971'}]",[122],False,110189.0,,,,,,,,,,,
2610467677.0,971,86,20.0,29,99.8,47.4,92,"{'value': 2, 'displayName': 'SecondHalf'}","{'value': 6, 'displayName': 'CornerAwarded'}","{'value': 1, 'displayName': 'Successful'}","[{'type': {'value': 75, 'displayName': 'MissRight'}}, {'type': {'value': 233, 'displayName': 'OppositeRelatedEvent'}, 'value': '735'}, {'type': {'value': 56, 'displayName': 'Zone'}, 'value': 'Center'}]",[122],False,362434.0,,,,,,,,,,,
2610468149.0,972,86,48.0,29,99.5,0.5,92,"{'value': 2, 'displayName': 'SecondHalf'}","{'value': 1, 'displayName': 'Pass'}","{'value': 0, 'displayName': 'Unsuccessful'}","[{'type': {'value': 56, 'displayName': 'Zone'}, 'value': 'Center'}, {'type': {'value': 140, 'displayName': 'PassEndX'}, 'value': '88.4'}, {'type': {'value': 178, 'displayName': 'StandingSave'}}, {'type': {'value': 155, 'displayName': 'Chipped'}}, {'type': {'value': 141, 'displayName': 'PassEndY'}, 'value': '44.0'}, {'type': {'value': 72, 'displayName': 'LeftFoot'}}, {'type': {'value': 212, 'displayName': 'Length'}, 'value': '31.8'}, {'type': {'value': 2, 'displayName': 'Cross'}}, {'type': {'value': 213, 'displayName': 'Angle'}, 'value': '1.95'}, {'type': {'value': 6, 'displayName': 'CornerTaken'}}]","[91, 138, 124, 126, 31, 33, 34, 35, 37, 217, 218]",True,322596.0,88.4,44.0,,,,,,,,,
2610468199.0,736,86,49.0,31,8.4,50.1,92,"{'value': 2, 'displayName': 'SecondHalf'}","{'value': 12, 'displayName': 'Clearance'}","{'value': 1, 'displayName': 'Successful'}","[{'type': {'value': 212, 'displayName': 'Length'}, 'value': '43.8'}, {'type': {'value': 213, 'displayName': 'Angle'}, 'value': '0.93'}, {'type': {'value': 178, 'displayName': 'StandingSave'}}, {'type': {'value': 15, 'displayName': 'Head'}}, {'type': {'value': 140, 'displayName': 'PassEndX'}, 'value': '33.2'}, {'type': {'value': 56, 'displayName': 'Zone'}, 'value': 'Back'}, {'type': {'value': 141, 'displayName': 'PassEndY'}, 'value': '100.0'}]","[91, 94, 95, 57, 215]",True,381045.0,33.2,100.0,,,,,,,,,
2610468297.0,974,86,56.0,29,65.8,0.0,92,"{'value': 2, 'displayName': 'SecondHalf'}","{'value': 1, 'displayName': 'Pass'}","{'value': 0, 'displayName': 'Unsuccessful'}","[{'type': {'value': 141, 'displayName': 'PassEndY'}, 'value': '26.4'}, {'type': {'value': 56, 'displayName': 'Zone'}, 'value': 'Center'}, {'type': {'value': 1, 'displayName': 'Longball'}}, {'type': {'value': 213, 'displayName': 'Angle'}, 'value': '0.66'}, {'type': {'value': 140, 'displayName': 'PassEndX'}, 'value': '89.4'}, {'type': {'value': 107, 'displayName': 'ThrowIn'}}, {'type': {'value': 212, 'displayName': 'Length'}, 'value': '31.4'}]","[91, 212, 36, 37, 217]",True,111372.0,89.4,26.4,,,,,,,,,
2610468315.0,738,86,58.0,31,9.4,74.4,92,"{'value': 2, 'displayName': 'SecondHalf'}","{'value': 12, 'displayName': 'Clearance'}","{'value': 1, 'displayName': 'Successful'}","[{'type': {'value': 212, 'displayName': 'Length'}, 'value': '13.4'}, {'type': {'value': 56, 'displayName': 'Zone'}, 'value': 'Back'}, {'type': {'value': 213, 'displayName': 'Angle'}, 'value': '5.02'}, {'type': {'value': 141, 'displayName': 'PassEndY'}, 'value': '55.7'}, {'type': {'value': 140, 'displayName': 'PassEndX'}, 'value': '13.3'}, {'type': {'value': 15, 'displayName': 'Head'}}]","[91, 94, 95, 57, 215]",True,345516.0,13.3,55.7,,,,,,,,,
2610468333.0,975,86,59.0,29,87.2,39.8,92,"{'value': 2, 'displayName': 'SecondHalf'}","{'value': 61, 'displayName': 'BallTouch'}","{'value': 0, 'displayName': 'Unsuccessful'}","[{'type': {'value': 21, 'displayName': 'OtherBodyPart'}}, {'type': {'value': 178, 'displayName': 'StandingSave'}}, {'type': {'value': 56, 'displayName': 'Zone'}, 'value': 'Center'}]","[91, 69]",True,91762.0,,,,,,,,,,,
2610468349.0,739,87,0.0,31,7.7,59.6,93,"{'value': 2, 'displayName': 'SecondHalf'}","{'value': 12, 'displayName': 'Clearance'}","{'value': 1, 'displayName': 'Successful'}","[{'type': {'value': 212, 'displayName': 'Length'}, 'value': '14.5'}, {'type': {'value': 56, 'displayName': 'Zone'}, 'value': 'Back'}, {'type': {'value': 141, 'displayName': 'PassEndY'}, 'value': '79.6'}, {'type': {'value': 178, 'displayName': 'StandingSave'}}, {'type': {'value': 213, 'displayName': 'Angle'}, 'value': '1.22'}, {'type': {'value': 140, 'displayName': 'PassEndX'}, 'value': '12.4'}]","[91, 94, 95, 215]",True,381045.0,12.4,79.6,,,,,,,,,
2610468433.0,741,87,5.0,31,5.8,80.9,93,"{'value': 2, 'displayName': 'SecondHalf'}","{'value': 45, 'displayName': 'Challenge'}","{'value': 0, 'displayName': 'Unsuccessful'}","[{'type': {'value': 233, 'displayName': 'OppositeRelatedEvent'}, 'value': '976'}, {'type': {'value': 56, 'displayName': 'Zone'}, 'value': 'Back'}, {'type': {'value': 285, 'displayName': 'Defensive'}}]",[55],False,367781.0,,,,,,,,,,,
2610468441.0,976,87,5.0,29,94.2,19.1,93,"{'value': 2, 'displayName': 'SecondHalf'}","{'value': 3, 'displayName': 'TakeOn'}","{'value': 1, 'displayName': 'Successful'}","[{'type': {'value': 178, 'displayName': 'StandingSave'}}, {'type': {'value': 286, 'displayName': 'Offensive'}}, {'type': {'value': 233, 'displayName': 'OppositeRelatedEvent'}, 'value': '741'}, {'type': {'value': 56, 'displayName': 'Zone'}, 'value': 'Right'}]","[91, 54]",True,319756.0,,,,,,,,,,,
2610468461.0,977,87,7.0,29,91.7,22.4,93,"{'value': 2, 'displayName': 'SecondHalf'}","{'value': 1, 'displayName': 'Pass'}","{'value': 0, 'displayName': 'Unsuccessful'}","[{'type': {'value': 178, 'displayName': 'StandingSave'}}, {'type': {'value': 155, 'displayName': 'Chipped'}}, {'type': {'value': 213, 'displayName': 'Angle'}, 'value': '1.85'}, {'type': {'value': 141, 'displayName': 'PassEndY'}, 'value': '30.0'}, {'type': {'value': 212, 'displayName': 'Length'}, 'value': '5.4'}, {'type': {'value': 140, 'displayName': 'PassEndX'}, 'value': '90.3'}, {'type': {'value': 56, 'displayName': 'Zone'}, 'value': 'Center'}]","[91, 120, 29, 124, 35, 37, 217, 218]",True,319756.0,90.3,30.0,,,,,,,,,
2610472031.0,777,87,7.0,31,9.3,68.2,93,"{'value': 2, 'displayName': 'SecondHalf'}","{'value': 8, 'displayName': 'Interception'}","{'value': 1, 'displayName': 'Successful'}","[{'type': {'value': 56, 'displayName': 'Zone'}, 'value': 'Back'}, {'type': {'value': 178, 'displayName': 'StandingSave'}}]","[91, 101, 102, 56]",True,345516.0,,,,,,,,,,,
2610468505.0,978,87,10.0,29,85.5,63.4,93,"{'value': 2, 'displayName': 'SecondHalf'}","{'value': 1, 'displayName': 'Pass'}","{'value': 1, 'displayName': 'Successful'}","[{'type': {'value': 140, 'displayName': 'PassEndX'}, 'value': '76.8'}, {'type': {'value': 56, 'displayName': 'Zone'}, 'value': 'Center'}, {'type': {'value': 141, 'displayName': 'PassEndY'}, 'value': '53.6'}, {'type': {'value': 178, 'displayName': 'StandingSave'}}, {'type': {'value': 212, 'displayName': 'Length'}, 'value': '11.3'}, {'type': {'value': 213, 'displayName': 'Angle'}, 'value': '3.77'}, {'type': {'value': 210, 'displayName': 'ShotAssist'}, 'value': '15'}, {'type': {'value': 11113, 'displayName': 'KeyPass'}}]","[91, 119, 117, 30, 123, 205, 40, 46, 35, 38, 217, 218]",True,137021.0,76.8,53.6,,,,,,,,,
2610468509.0,979,87,11.0,29,75.2,54.2,93,"{'value': 2, 'displayName': 'SecondHalf'}","{'value': 15, 'displayName': 'SavedShot'}","{'value': 1, 'displayName': 'Successful'}","[{'type': {'value': 76, 'displayName': 'LowLeft'}}, {'type': {'value': 72, 'displayName': 'LeftFoot'}}, {'type': {'value': 102, 'displayName': 'GoalMouthY'}, 'value': '53.4'}, {'type': {'value': 178, 'displayName': 'StandingSave'}}, {'type': {'value': 22, 'displayName': 'RegularPlay'}}, {'type': {'value': 146, 'displayName': 'BlockedX'}, 'value': '89.0'}, {'type': {'value': 29, 'displayName': 'Assisted'}}, {'type': {'value': 103, 'displayName': 'GoalMouthZ'}, 'value': '9.7'}, {'type': {'value': 56, 'displayName': 'Zone'}, 'value': 'Center'}, {'type': {'value': 328, 'displayName': 'FirstTouch'}}, {'type': {'value': 215, 'displayName': 'IndividualPlay'}}, {'type': {'value': 55, 'displayName': 'RelatedEventId'}, 'value': '978'}, {'type': {'value': 233, 'displayName': 'OppositeRelatedEvent'}, 'value': '743'}, {'type': {'value': 18, 'displayName': 'OutOfBoxCentre'}}, {'type': {'value': 147, 'displayName': 'BlockedY'}, 'value': '54.2'}, {'type': {'value': 82, 'displayName': 'Blocked'}}]","[91, 10, 2, 3, 11, 13]",True,362434.0,,,978.0,137021.0,89.0,54.2,9.7,53.4,True,,
2610468535.0,743,87,11.0,31,11.1,48.0,93,"{'value': 2, 'displayName': 'SecondHalf'}","{'value': 10, 'displayName': 'Save'}","{'value': 1, 'displayName': 'Successful'}","[{'type': {'value': 233, 'displayName': 'OppositeRelatedEvent'}, 'value': '979'}, {'type': {'value': 178, 'displayName': 'StandingSave'}}, {'type': {'value': 94, 'displayName': 'OutfielderBlock'}}, {'type': {'value': 56, 'displayName': 'Zone'}, 'value': 'Back'}]","[91, 58]",True,396975.0,,,,,,,,,,,
2610468597.0,744,87,15.0,31,42.0,40.6,93,"{'value': 2, 'displayName': 'SecondHalf'}","{'value': 44, 'displayName': 'Aerial'}","{'value': 1, 'displayName': 'Successful'}","[{'type': {'value': 233, 'displayName': 'OppositeRelatedEvent'}, 'value': '981'}, {'type': {'value': 285, 'displayName': 'Defensive'}}, {'type': {'value': 56, 'displayName': 'Zone'}, 'value': 'Back'}]","[197, 200]",False,141469.0,,,,,,,,,,,
2610468585.0,981,87,15.0,29,58.0,59.4,93,"{'value': 2, 'displayName': 'SecondHalf'}","{'value': 44, 'displayName': 'Aerial'}","{'value': 0, 'displayName': 'Unsuccessful'}","[{'type': {'value': 286, 'displayName': 'Offensive'}}, {'type': {'value': 233, 'displayName': 'OppositeRelatedEvent'}, 'value': '744'}, {'type': {'value': 56, 'displayName': 'Zone'}, 'value': 'Center'}]","[198, 199]",False,362434.0,,,,,,,,,,,
2610468639.0,745,87,15.0,31,39.0,45.2,93,"{'value': 2, 'displayName': 'SecondHalf'}","{'value': 1, 'displayName': 'Pass'}","{'value': 1, 'displayName': 'Successful'}","[{'type': {'value': 140, 'displayName': 'PassEndX'}, 'value': '45.7'}, {'type': {'value': 3, 'displayName': 'HeadPass'}}, {'type': {'value': 213, 'displayName': 'Angle'}, 'value': '5.06'}, {'type': {'value': 56, 'displayName': 'Zone'}, 'value': 'Back'}, {'type': {'value': 141, 'displayName': 'PassEndY'}, 'value': '16.9'}, {'type': {'value': 212, 'displayName': 'Length'}, 'value': '20.5'}]","[91, 117, 30, 139, 36, 38, 216, 218]",True,141469.0,45.7,16.9,,,,,,,,,
2610468643.0,746,87,18.0,31,46.9,17.3,93,"{'value': 2, 'displayName': 'SecondHalf'}","{'value': 49, 'displayName': 'BallRecovery'}","{'value': 1, 'displayName': 'Successful'}",[],[93],False,116317.0,,,,,,,,,,,
2610468725.0,747,87,19.0,31,56.7,12.2,93,"{'value': 2, 'displayName': 'SecondHalf'}","{'value': 1, 'displayName': 'Pass'}","{'value': 1, 'displayName': 'Successful'}","[{'type': {'value': 56, 'displayName': 'Zone'}, 'value': 'Right'}, {'type': {'value': 140, 'displayName': 'PassEndX'}, 'value': '71.7'}, {'type': {'value': 212, 'displayName': 'Length'}, 'value': '15.8'}, {'type': {'value': 141, 'displayName': 'PassEndY'}, 'value': '14.0'}, {'type': {'value': 213, 'displayName': 'Angle'}, 'value': '0.08'}, {'type': {'value': 178, 'displayName': 'StandingSave'}}]","[91, 119, 117, 30, 205, 36, 37, 217, 218]",True,116317.0,71.7,14.0,,,,,,,,,
2610468755.0,748,87,25.0,31,81.3,16.8,93,"{'value': 2, 'displayName': 'SecondHalf'}","{'value': 1, 'displayName': 'Pass'}","{'value': 1, 'displayName': 'Successful'}","[{'type': {'value': 213, 'displayName': 'Angle'}, 'value': '2.27'}, {'type': {'value': 212, 'displayName': 'Length'}, 'value': '6.0'}, {'type': {'value': 56, 'displayName': 'Zone'}, 'value': 'Center'}, {'type': {'value': 141, 'displayName': 'PassEndY'}, 'value': '23.6'}, {'type': {'value': 178, 'displayName': 'StandingSave'}}, {'type': {'value': 140, 'displayName': 'PassEndX'}, 'value': '77.6'}]","[91, 119, 117, 30, 205, 35, 37, 217, 218]",True,141469.0,77.6,23.6,,,,,,,,,
2610468767.0,749,87,27.0,31,77.6,15.8,93,"{'value': 2, 'displayName': 'SecondHalf'}","{'value': 1, 'displayName': 'Pass'}","{'value': 1, 'displayName': 'Successful'}","[{'type': {'value': 140, 'displayName': 'PassEndX'}, 'value': '82.2'}, {'type': {'value': 213, 'displayName': 'Angle'}, 'value': '5.45'}, {'type': {'value': 56, 'displayName': 'Zone'}, 'value': 'Right'}, {'type': {'value': 178, 'displayName': 'StandingSave'}}, {'type': {'value': 141, 'displayName': 'PassEndY'}, 'value': '8.0'}, {'type': {'value': 212, 'displayName': 'Length'}, 'value': '7.2'}]","[91, 119, 117, 30, 205, 36, 38, 217, 218]",True,357427.0,82.2,8.0,,,,,,,,,
2610468815.0,750,87,28.0,31,82.1,8.0,93,"{'value': 2, 'displayName': 'SecondHalf'}","{'value': 1, 'displayName': 'Pass'}","{'value': 1, 'displayName': 'Successful'}","[{'type': {'value': 213, 'displayName': 'Angle'}, 'value': '3.58'}, {'type': {'value': 56, 'displayName': 'Zone'}, 'value': 'Right'}, {'type': {'value': 178, 'displayName': 'StandingSave'}}, {'type': {'value': 141, 'displayName': 'PassEndY'}, 'value': '2.8'}, {'type': {'value': 140, 'displayName': 'PassEndX'}, 'value': '75.0'}, {'type': {'value': 212, 'displayName': 'Length'}, 'value': '8.3'}]","[91, 119, 117, 30, 205, 35, 38, 217, 218]",True,141469.0,75.0,2.8,,,,,,,,,
2610468849.0,751,87,31.0,31,73.4,3.5,93,"{'value': 2, 'displayName': 'SecondHalf'}","{'value': 1, 'displayName': 'Pass'}","{'value': 1, 'displayName': 'Successful'}","[{'type': {'value': 140, 'displayName': 'PassEndX'}, 'value': '65.5'}, {'type': {'value': 56, 'displayName': 'Zone'}, 'value': 'Center'}, {'type': {'value': 141, 'displayName': 'PassEndY'}, 'value': '21.9'}, {'type': {'value': 213, 'displayName': 'Angle'}, 'value': '2.16'}, {'type': {'value': 212, 'displayName': 'Length'}, 'value': '15.0'}, {'type': {'value': 178, 'displayName': 'StandingSave'}}]","[91, 119, 117, 30, 35, 37, 216, 218]",True,357427.0,65.5,21.9,,,,,,,,,
2610468913.0,752,87,33.0,31,65.9,20.9,93,"{'value': 2, 'displayName': 'SecondHalf'}","{'value': 1, 'displayName': 'Pass'}","{'value': 1, 'displayName': 'Successful'}","[{'type': {'value': 140, 'displayName': 'PassEndX'}, 'value': '82.0'}, {'type': {'value': 213, 'displayName': 'Angle'}, 'value': '5.94'}, {'type': {'value': 141, 'displayName': 'PassEndY'}, 'value': '11.9'}, {'type': {'value': 178, 'displayName': 'StandingSave'}}, {'type': {'value': 56, 'displayName': 'Zone'}, 'value': 'Right'}, {'type': {'value': 212, 'displayName': 'Length'}, 'value': '18.0'}]","[91, 119, 117, 30, 205, 36, 38, 217, 218]",True,400815.0,82.0,11.9,,,,,,,,,
2610468929.0,753,87,38.0,31,98.7,24.6,93,"{'value': 2, 'displayName': 'SecondHalf'}","{'value': 1, 'displayName': 'Pass'}","{'value': 0, 'displayName': 'Unsuccessful'}","[{'type': {'value': 140, 'displayName': 'PassEndX'}, 'value': '92.6'}, {'type': {'value': 213, 'displayName': 'Angle'}, 'value': '1.93'}, {'type': {'value': 141, 'displayName': 'PassEndY'}, 'value': '49.9'}, {'type': {'value': 56, 'displayName': 'Zone'}, 'value': 'Center'}, {'type': {'value': 212, 'displayName': 'Length'}, 'value': '18.4'}, {'type': {'value': 178, 'displayName': 'StandingSave'}}]","[91, 120, 29, 35, 37, 217, 218]",True,141469.0,92.6,49.9,,,,,,,,,
2610468953.0,982,87,39.0,29,7.4,52.2,93,"{'value': 2, 'displayName': 'SecondHalf'}","{'value': 12, 'displayName': 'Clearance'}","{'value': 1, 'displayName': 'Successful'}","[{'type': {'value': 141, 'displayName': 'PassEndY'}, 'value': '69.9'}, {'type': {'value': 178, 'displayName': 'StandingSave'}}, {'type': {'value': 56, 'displayName': 'Zone'}, 'value': 'Back'}, {'type': {'value': 140, 'displayName': 'PassEndX'}, 'value': '10.8'}, {'type': {'value': 212, 'displayName': 'Length'}, 'value': '12.6'}, {'type': {'value': 213, 'displayName': 'Angle'}, 'value': '1.28'}]","[91, 94, 95, 215]",True,106086.0,10.8,69.9,,,,,,,,,
2610468961.0,983,87,40.0,29,10.8,69.9,93,"{'value': 2, 'displayName': 'SecondHalf'}","{'value': 49, 'displayName': 'BallRecovery'}","{'value': 1, 'displayName': 'Successful'}",[],[93],False,322696.0,,,,,,,,,,,
2610468997.0,984,87,42.0,29,13.1,67.8,93,"{'value': 2, 'displayName': 'SecondHalf'}","{'value': 1, 'displayName': 'Pass'}","{'value': 0, 'displayName': 'Unsuccessful'}","[{'type': {'value': 212, 'displayName': 'Length'}, 'value': '35.5'}, {'type': {'value': 140, 'displayName': 'PassEndX'}, 'value': '39.1'}, {'type': {'value': 56, 'displayName': 'Zone'}, 'value': 'Back'}, {'type': {'value': 213, 'displayName': 'Angle'}, 'value': '0.69'}, {'type': {'value': 178, 'displayName': 'StandingSave'}}, {'type': {'value': 141, 'displayName': 'PassEndY'}, 'value': '100.0'}, {'type': {'value': 1, 'displayName': 'Longball'}}]","[91, 118, 120, 128, 36, 37, 216, 218]",True,322696.0,39.1,100.0,,,,,,,,,
2610469635.0,755,88,21.0,31,0.0,0.0,94,"{'value': 2, 'displayName': 'SecondHalf'}","{'value': 18, 'displayName': 'SubstitutionOff'}","{'value': 1, 'displayName': 'Successful'}","[{'type': {'value': 55, 'displayName': 'RelatedEventId'}, 'value': '756'}, {'type': {'value': 44, 'displayName': 'PlayerPosition'}, 'value': 'Forward'}, {'type': {'value': 59, 'displayName': 'JerseyNumber'}, 'value': '9'}]",[214],False,141469.0,,,756.0,447229.0,,,,,,,
2610469643.0,756,88,21.0,31,0.0,0.0,94,"{'value': 2, 'displayName': 'SecondHalf'}","{'value': 19, 'displayName': 'SubstitutionOn'}","{'value': 1, 'displayName': 'Successful'}","[{'type': {'value': 55, 'displayName': 'RelatedEventId'}, 'value': '755'}, {'type': {'value': 145, 'displayName': 'FormationSlot'}, 'value': '9'}, {'type': {'value': 44, 'displayName': 'PlayerPosition'}, 'value': 'Forward'}, {'type': {'value': 59, 'displayName': 'JerseyNumber'}, 'value': '28'}]",[213],False,447229.0,,,755.0,141469.0,,,,,,,
2610469901.0,757,88,38.0,31,60.6,0.0,94,"{'value': 2, 'displayName': 'SecondHalf'}","{'value': 1, 'displayName': 'Pass'}","{'value': 1, 'displayName': 'Successful'}","[{'type': {'value': 140, 'displayName': 'PassEndX'}, 'value': '77.2'}, {'type': {'value': 141, 'displayName': 'PassEndY'}, 'value': '3.4'}, {'type': {'value': 107, 'displayName': 'ThrowIn'}}, {'type': {'value': 213, 'displayName': 'Angle'}, 'value': '0.16'}, {'type': {'value': 212, 'displayName': 'Length'}, 'value': '17.7'}, {'type': {'value': 56, 'displayName': 'Zone'}, 'value': 'Right'}]","[91, 212, 36, 37, 217]",True,396975.0,77.2,3.4,,,,,,,,,
2610469905.0,758,88,43.0,31,91.7,4.4,94,"{'value': 2, 'displayName': 'SecondHalf'}","{'value': 50, 'displayName': 'Dispossessed'}","{'value': 1, 'displayName': 'Successful'}","[{'type': {'value': 233, 'displayName': 'OppositeRelatedEvent'}, 'value': '986'}, {'type': {'value': 56, 'displayName': 'Zone'}, 'value': 'Right'}, {'type': {'value': 286, 'displayName': 'Offensive'}}]","[91, 70]",True,447229.0,,,,,,,,,,,
2610469895.0,986,88,43.0,29,8.3,95.6,94,"{'value': 2, 'displayName': 'SecondHalf'}","{'value': 7, 'displayName': 'Tackle'}","{'value': 0, 'displayName': 'Unsuccessful'}","[{'type': {'value': 233, 'displayName': 'OppositeRelatedEvent'}, 'value': '758'}, {'type': {'value': 285, 'displayName': 'Defensive'}}, {'type': {'value': 56, 'displayName': 'Zone'}, 'value': 'Back'}, {'type': {'value': 178, 'displayName': 'StandingSave'}}]","[91, 142]",True,362434.0,,,,,,,,,,,
2610469911.0,759,88,44.0,31,96.4,3.2,94,"{'value': 2, 'displayName': 'SecondHalf'}","{'value': 61, 'displayName': 'BallTouch'}","{'value': 1, 'displayName': 'Successful'}","[{'type': {'value': 178, 'displayName': 'StandingSave'}}, {'type': {'value': 56, 'displayName': 'Zone'}, 'value': 'Right'}]",[91],True,447229.0,,,,,,,,,,,
2610470207.0,988,89,1.0,29,4.3,52.8,95,"{'value': 2, 'displayName': 'SecondHalf'}","{'value': 1, 'displayName': 'Pass'}","{'value': 1, 'displayName': 'Successful'}","[{'type': {'value': 124, 'displayName': 'GoalKick'}}, {'type': {'value': 141, 'displayName': 'PassEndY'}, 'value': '86.8'}, {'type': {'value': 213, 'displayName': 'Angle'}, 'value': '1.13'}, {'type': {'value': 212, 'displayName': 'Length'}, 'value': '25.6'}, {'type': {'value': 56, 'displayName': 'Zone'}, 'value': 'Back'}, {'type': {'value': 140, 'displayName': 'PassEndX'}, 'value': '14.7'}]","[91, 117, 30, 36, 37, 215, 218]",True,92516.0,14.7,86.8,,,,,,,,,
2610470249.0,989,89,4.0,29,21.1,92.9,95,"{'value': 2, 'displayName': 'SecondHalf'}","{'value': 1, 'displayName': 'Pass'}","{'value': 0, 'displayName': 'Unsuccessful'}","[{'type': {'value': 155, 'displayName': 'Chipped'}}, {'type': {'value': 213, 'displayName': 'Angle'}, 'value': '6.25'}, {'type': {'value': 212, 'displayName': 'Length'}, 'value': '38.5'}, {'type': {'value': 141, 'displayName': 'PassEndY'}, 'value': '90.8'}, {'type': {'value': 178, 'displayName': 'StandingSave'}}, {'type': {'value': 1, 'displayName': 'Longball'}}, {'type': {'value': 56, 'displayName': 'Zone'}, 'value': 'Left'}, {'type': {'value': 140, 'displayName': 'PassEndX'}, 'value': '57.7'}]","[91, 120, 124, 128, 36, 38, 216, 218]",True,362434.0,57.7,90.8,,,,,,,,,
2610470293.0,761,89,6.0,31,41.0,10.7,95,"{'value': 2, 'displayName': 'SecondHalf'}","{'value': 1, 'displayName': 'Pass'}","{'value': 1, 'displayName': 'Successful'}","[{'type': {'value': 141, 'displayName': 'PassEndY'}, 'value': '21.8'}, {'type': {'value': 140, 'displayName': 'PassEndX'}, 'value': '64.8'}, {'type': {'value': 178, 'displayName': 'StandingSave'}}, {'type': {'value': 56, 'displayName': 'Zone'}, 'value': 'Center'}, {'type': {'value': 213, 'displayName': 'Angle'}, 'value': '0.29'}, {'type': {'value': 3, 'displayName': 'HeadPass'}}, {'type': {'value': 212, 'displayName': 'Length'}, 'value': '26.1'}]","[91, 119, 117, 30, 139, 36, 37, 216, 218]",True,396975.0,64.8,21.8,,,,,,,,,
2610470301.0,762,89,9.0,31,64.8,21.8,95,"{'value': 2, 'displayName': 'SecondHalf'}","{'value': 61, 'displayName': 'BallTouch'}","{'value': 0, 'displayName': 'Unsuccessful'}","[{'type': {'value': 56, 'displayName': 'Zone'}, 'value': 'Center'}, {'type': {'value': 178, 'displayName': 'StandingSave'}}]","[91, 69]",True,116317.0,,,,,,,,,,,
2610470333.0,990,89,10.0,29,41.3,85.7,95,"{'value': 2, 'displayName': 'SecondHalf'}","{'value': 49, 'displayName': 'BallRecovery'}","{'value': 1, 'displayName': 'Successful'}",[],[93],False,143595.0,,,,,,,,,,,
2610470389.0,991,89,11.0,29,39.8,87.2,95,"{'value': 2, 'displayName': 'SecondHalf'}","{'value': 1, 'displayName': 'Pass'}","{'value': 1, 'displayName': 'Successful'}","[{'type': {'value': 213, 'displayName': 'Angle'}, 'value': '0.94'}, {'type': {'value': 212, 'displayName': 'Length'}, 'value': '8.2'}, {'type': {'value': 56, 'displayName': 'Zone'}, 'value': 'Back'}, {'type': {'value': 140, 'displayName': 'PassEndX'}, 'value': '44.4'}, {'type': {'value': 178, 'displayName': 'StandingSave'}}, {'type': {'value': 141, 'displayName': 'PassEndY'}, 'value': '96.9'}]","[91, 117, 30, 36, 37, 216, 218]",True,143595.0,44.4,96.9,,,,,,,,,
2610470411.0,992,89,13.0,29,44.4,96.9,95,"{'value': 2, 'displayName': 'SecondHalf'}","{'value': 1, 'displayName': 'Pass'}","{'value': 1, 'displayName': 'Successful'}","[{'type': {'value': 56, 'displayName': 'Zone'}, 'value': 'Back'}, {'type': {'value': 212, 'displayName': 'Length'}, 'value': '16.1'}, {'type': {'value': 178, 'displayName': 'StandingSave'}}, {'type': {'value': 213, 'displayName': 'Angle'}, 'value': '3.18'}, {'type': {'value': 140, 'displayName': 'PassEndX'}, 'value': '29.1'}, {'type': {'value': 141, 'displayName': 'PassEndY'}, 'value': '95.9'}]","[91, 117, 30, 35, 38, 215, 218]",True,137021.0,29.1,95.9,,,,,,,,,
2610470483.0,993,89,15.0,29,28.5,95.7,95,"{'value': 2, 'displayName': 'SecondHalf'}","{'value': 1, 'displayName': 'Pass'}","{'value': 1, 'displayName': 'Successful'}","[{'type': {'value': 212, 'displayName': 'Length'}, 'value': '23.8'}, {'type': {'value': 56, 'displayName': 'Zone'}, 'value': 'Back'}, {'type': {'value': 141, 'displayName': 'PassEndY'}, 'value': '69.6'}, {'type': {'value': 140, 'displayName': 'PassEndX'}, 'value': '13.4'}, {'type': {'value': 213, 'displayName': 'Angle'}, 'value': '3.98'}, {'type': {'value': 178, 'displayName': 'StandingSave'}}]","[91, 117, 30, 35, 38, 215, 218]",True,362434.0,13.4,69.6,,,,,,,,,
2610470607.0,994,89,19.0,29,12.4,63.9,95,"{'value': 2, 'displayName': 'SecondHalf'}","{'value': 1, 'displayName': 'Pass'}","{'value': 1, 'displayName': 'Successful'}","[{'type': {'value': 141, 'displayName': 'PassEndY'}, 'value': '46.7'}, {'type': {'value': 140, 'displayName': 'PassEndX'}, 'value': '28.4'}, {'type': {'value': 213, 'displayName': 'Angle'}, 'value': '5.68'}, {'type': {'value': 212, 'displayName': 'Length'}, 'value': '20.5'}, {'type': {'value': 178, 'displayName': 'StandingSave'}}, {'type': {'value': 56, 'displayName': 'Zone'}, 'value': 'Back'}]","[91, 117, 30, 36, 38, 215, 218]",True,92516.0,28.4,46.7,,,,,,,,,
2610470655.0,995,89,25.0,29,35.4,25.9,95,"{'value': 2, 'displayName': 'SecondHalf'}","{'value': 1, 'displayName': 'Pass'}","{'value': 1, 'displayName': 'Successful'}","[{'type': {'value': 141, 'displayName': 'PassEndY'}, 'value': '7.7'}, {'type': {'value': 140, 'displayName': 'PassEndX'}, 'value': '29.0'}, {'type': {'value': 212, 'displayName': 'Length'}, 'value': '14.1'}, {'type': {'value': 213, 'displayName': 'Angle'}, 'value': '4.21'}, {'type': {'value': 178, 'displayName': 'StandingSave'}}, {'type': {'value': 56, 'displayName': 'Zone'}, 'value': 'Back'}]","[91, 117, 30, 35, 38, 215, 218]",True,322696.0,29.0,7.7,,,,,,,,,
2610470757.0,996,89,27.0,29,29.0,7.7,95,"{'value': 2, 'displayName': 'SecondHalf'}","{'value': 1, 'displayName': 'Pass'}","{'value': 1, 'displayName': 'Successful'}","[{'type': {'value': 56, 'displayName': 'Zone'}, 'value': 'Back'}, {'type': {'value': 141, 'displayName': 'PassEndY'}, 'value': '17.4'}, {'type': {'value': 140, 'displayName': 'PassEndX'}, 'value': '35.0'}, {'type': {'value': 178, 'displayName': 'StandingSave'}}, {'type': {'value': 212, 'displayName': 'Length'}, 'value': '9.1'}, {'type': {'value': 213, 'displayName': 'Angle'}, 'value': '0.81'}]","[91, 117, 30, 36, 37, 216, 218]",True,111372.0,35.0,17.4,,,,,,,,,
2610470867.0,997,89,33.0,29,37.1,39.2,95,"{'value': 2, 'displayName': 'SecondHalf'}","{'value': 1, 'displayName': 'Pass'}","{'value': 1, 'displayName': 'Successful'}","[{'type': {'value': 140, 'displayName': 'PassEndX'}, 'value': '37.8'}, {'type': {'value': 141, 'displayName': 'PassEndY'}, 'value': '63.4'}, {'type': {'value': 213, 'displayName': 'Angle'}, 'value': '1.53'}, {'type': {'value': 178, 'displayName': 'StandingSave'}}, {'type': {'value': 56, 'displayName': 'Zone'}, 'value': 'Back'}, {'type': {'value': 212, 'displayName': 'Length'}, 'value': '16.5'}]","[91, 117, 30, 36, 37, 216, 218]",True,322696.0,37.8,63.4,,,,,,,,,
2610470921.0,998,89,38.0,29,55.8,77.0,95,"{'value': 2, 'displayName': 'SecondHalf'}","{'value': 1, 'displayName': 'Pass'}","{'value': 1, 'displayName': 'Successful'}","[{'type': {'value': 140, 'displayName': 'PassEndX'}, 'value': '66.3'}, {'type': {'value': 56, 'displayName': 'Zone'}, 'value': 'Left'}, {'type': {'value': 213, 'displayName': 'Angle'}, 'value': '0.85'}, {'type': {'value': 178, 'displayName': 'StandingSave'}}, {'type': {'value': 141, 'displayName': 'PassEndY'}, 'value': '95.6'}, {'type': {'value': 212, 'displayName': 'Length'}, 'value': '16.8'}]","[91, 119, 117, 30, 36, 37, 216, 218]",True,106086.0,66.3,95.6,,,,,,,,,
2610470967.0,999,89,41.0,29,64.6,94.5,95,"{'value': 2, 'displayName': 'SecondHalf'}","{'value': 1, 'displayName': 'Pass'}","{'value': 1, 'displayName': 'Successful'}","[{'type': {'value': 212, 'displayName': 'Length'}, 'value': '8.8'}, {'type': {'value': 56, 'displayName': 'Zone'}, 'value': 'Left'}, {'type': {'value': 141, 'displayName': 'PassEndY'}, 'value': '85.0'}, {'type': {'value': 213, 'displayName': 'Angle'}, 'value': '3.97'}, {'type': {'value': 140, 'displayName': 'PassEndX'}, 'value': '58.9'}, {'type': {'value': 178, 'displayName': 'StandingSave'}}]","[91, 119, 117, 30, 35, 38, 216, 218]",True,137021.0,58.9,85.0,,,,,,,,,
2610471019.0,1000,89,44.0,29,56.7,78.8,95,"{'value': 2, 'displayName': 'SecondHalf'}","{'value': 1, 'displayName': 'Pass'}","{'value': 0, 'displayName': 'Unsuccessful'}","[{'type': {'value': 212, 'displayName': 'Length'}, 'value': '54.9'}, {'type': {'value': 56, 'displayName': 'Zone'}, 'value': 'Right'}, {'type': {'value': 178, 'displayName': 'StandingSave'}}, {'type': {'value': 141, 'displayName': 'PassEndY'}, 'value': '14.6'}, {'type': {'value': 1, 'displayName': 'Longball'}}, {'type': {'value': 155, 'displayName': 'Chipped'}}, {'type': {'value': 213, 'displayName': 'Angle'}, 'value': '5.36'}, {'type': {'value': 140, 'displayName': 'PassEndX'}, 'value': '88.4'}]","[91, 120, 124, 128, 36, 38, 217, 218]",True,143595.0,88.4,14.6,,,,,,,,,
2610471051.0,763,89,46.0,31,13.1,80.6,95,"{'value': 2, 'displayName': 'SecondHalf'}","{'value': 12, 'displayName': 'Clearance'}","{'value': 1, 'displayName': 'Successful'}","[{'type': {'value': 212, 'displayName': 'Length'}, 'value': '15.4'}, {'type': {'value': 141, 'displayName': 'PassEndY'}, 'value': '100.0'}, {'type': {'value': 15, 'displayName': 'Head'}}, {'type': {'value': 213, 'displayName': 'Angle'}, 'value': '1.99'}, {'type': {'value': 56, 'displayName': 'Zone'}, 'value': 'Back'}, {'type': {'value': 140, 'displayName': 'PassEndX'}, 'value': '7.1'}]","[91, 94, 95, 57, 215]",True,317896.0,7.1,100.0,,,,,,,,,
2610471143.0,1002,89,51.0,29,76.7,0.0,95,"{'value': 2, 'displayName': 'SecondHalf'}","{'value': 1, 'displayName': 'Pass'}","{'value': 1, 'displayName': 'Successful'}","[{'type': {'value': 140, 'displayName': 'PassEndX'}, 'value': '78.3'}, {'type': {'value': 213, 'displayName': 'Angle'}, 'value': '1.32'}, {'type': {'value': 212, 'displayName': 'Length'}, 'value': '6.7'}, {'type': {'value': 56, 'displayName': 'Zone'}, 'value': 'Right'}, {'type': {'value': 141, 'displayName': 'PassEndY'}, 'value': '8.5'}, {'type': {'value': 107, 'displayName': 'ThrowIn'}}]","[91, 212, 36, 37, 217]",True,111372.0,78.3,8.5,,,,,,,,,
2610471173.0,1003,89,54.0,29,75.9,13.5,95,"{'value': 2, 'displayName': 'SecondHalf'}","{'value': 1, 'displayName': 'Pass'}","{'value': 1, 'displayName': 'Successful'}","[{'type': {'value': 56, 'displayName': 'Zone'}, 'value': 'Center'}, {'type': {'value': 141, 'displayName': 'PassEndY'}, 'value': '67.2'}, {'type': {'value': 210, 'displayName': 'ShotAssist'}, 'value': '15'}, {'type': {'value': 72, 'displayName': 'LeftFoot'}}, {'type': {'value': 155, 'displayName': 'Chipped'}}, {'type': {'value': 2, 'displayName': 'Cross'}}, {'type': {'value': 1, 'displayName': 'Longball'}}, {'type': {'value': 140, 'displayName': 'PassEndX'}, 'value': '87.6'}, {'type': {'value': 213, 'displayName': 'Angle'}, 'value': '1.25'}, {'type': {'value': 178, 'displayName': 'StandingSave'}}, {'type': {'value': 212, 'displayName': 'Length'}, 'value': '38.5'}, {'type': {'value': 154, 'displayName': 'IntentionalAssist'}}, {'type': {'value': 11113, 'displayName': 'KeyPass'}}]","[91, 119, 123, 138, 124, 125, 39, 41, 36, 37, 217, 218]",True,319756.0,87.6,67.2,,,,,,,,,
2610471181.0,1004,89,56.0,29,87.2,66.6,95,"{'value': 2, 'displayName': 'SecondHalf'}","{'value': 15, 'displayName': 'SavedShot'}","{'value': 1, 'displayName': 'Successful'}","[{'type': {'value': 178, 'displayName': 'StandingSave'}}, {'type': {'value': 77, 'displayName': 'HighLeft'}}, {'type': {'value': 328, 'displayName': 'FirstTouch'}}, {'type': {'value': 29, 'displayName': 'Assisted'}}, {'type': {'value': 22, 'displayName': 'RegularPlay'}}, {'type': {'value': 103, 'displayName': 'GoalMouthZ'}, 'value': '20.9'}, {'type': {'value': 108, 'displayName': 'Volley'}}, {'type': {'value': 102, 'displayName': 'GoalMouthY'}, 'value': '53.9'}, {'type': {'value': 215, 'displayName': 'IndividualPlay'}}, {'type': {'value': 55, 'displayName': 'RelatedEventId'}, 'value': '1003'}, {'type': {'value': 20, 'displayName': 'RightFoot'}}, {'type': {'value': 154, 'displayName': 'IntentionalAssist'}}, {'type': {'value': 56, 'displayName': 'Zone'}, 'value': 'Center'}, {'type': {'value': 64, 'displayName': 'BoxLeft'}}, {'type': {'value': 233, 'displayName': 'OppositeRelatedEvent'}, 'value': '765'}, {'type': {'value': 146, 'displayName': 'BlockedX'}, 'value': '98.1'}, {'type': {'value': 147, 'displayName': 'BlockedY'}, 'value': '52.7'}]","[91, 9, 10, 1, 3, 12]",True,137021.0,,,1003.0,319756.0,98.1,52.7,20.9,53.9,True,,
2610471195.0,765,89,56.0,31,1.9,45.7,95,"{'value': 2, 'displayName': 'SecondHalf'}","{'value': 10, 'displayName': 'Save'}","{'value': 1, 'displayName': 'Successful'}","[{'type': {'value': 233, 'displayName': 'OppositeRelatedEvent'}, 'value': '1004'}, {'type': {'value': 173, 'displayName': 'ParriedSafe'}}, {'type': {'value': 179, 'displayName': 'DivingSave'}}, {'type': {'value': 56, 'displayName': 'Zone'}, 'value': 'Back'}, {'type': {'value': 182, 'displayName': 'Hands'}}, {'type': {'value': 11115, 'displayName': 'KeeperSaveInTheBox'}}]","[91, 109, 113, 112, 83, 77, 79, 81]",True,110189.0,,,,,,,,,,,
2610471253.0,1005,90,0.0,29,98.2,83.8,96,"{'value': 2, 'displayName': 'SecondHalf'}","{'value': 1, 'displayName': 'Pass'}","{'value': 0, 'displayName': 'Unsuccessful'}","[{'type': {'value': 212, 'displayName': 'Length'}, 'value': '20.0'}, {'type': {'value': 213, 'displayName': 'Angle'}, 'value': '4.54'}, {'type': {'value': 56, 'displayName': 'Zone'}, 'value': 'Center'}, {'type': {'value': 20, 'displayName': 'RightFoot'}}, {'type': {'value': 141, 'displayName': 'PassEndY'}, 'value': '54.8'}, {'type': {'value': 140, 'displayName': 'PassEndX'}, 'value': '95.0'}, {'type': {'value': 178, 'displayName': 'StandingSave'}}, {'type': {'value': 2, 'displayName': 'Cross'}}, {'type': {'value': 155, 'displayName': 'Chipped'}}]","[91, 137, 124, 126, 35, 38, 217, 218]",True,137021.0,95.0,54.8,,,,,,,,,
2610471289.0,766,90,1.0,31,4.0,41.5,96,"{'value': 2, 'displayName': 'SecondHalf'}","{'value': 12, 'displayName': 'Clearance'}","{'value': 1, 'displayName': 'Successful'}","[{'type': {'value': 213, 'displayName': 'Angle'}, 'value': '6.01'}, {'type': {'value': 141, 'displayName': 'PassEndY'}, 'value': '29.9'}, {'type': {'value': 140, 'displayName': 'PassEndX'}, 'value': '31.2'}, {'type': {'value': 212, 'displayName': 'Length'}, 'value': '29.6'}, {'type': {'value': 15, 'displayName': 'Head'}}, {'type': {'value': 56, 'displayName': 'Zone'}, 'value': 'Back'}]","[91, 94, 95, 57, 215]",True,367781.0,31.2,29.9,,,,,,,,,
2610471311.0,1006,90,5.0,29,66.7,63.6,96,"{'value': 2, 'displayName': 'SecondHalf'}","{'value': 44, 'displayName': 'Aerial'}","{'value': 1, 'displayName': 'Successful'}","[{'type': {'value': 286, 'displayName': 'Offensive'}}, {'type': {'value': 56, 'displayName': 'Zone'}, 'value': 'Center'}, {'type': {'value': 233, 'displayName': 'OppositeRelatedEvent'}, 'value': '767'}]","[197, 199]",False,362434.0,,,,,,,,,,,
2610471359.0,767,90,5.0,31,33.3,36.4,96,"{'value': 2, 'displayName': 'SecondHalf'}","{'value': 44, 'displayName': 'Aerial'}","{'value': 0, 'displayName': 'Unsuccessful'}","[{'type': {'value': 233, 'displayName': 'OppositeRelatedEvent'}, 'value': '1006'}, {'type': {'value': 56, 'displayName': 'Zone'}, 'value': 'Back'}, {'type': {'value': 285, 'displayName': 'Defensive'}}]","[198, 200]",False,447229.0,,,,,,,,,,,
2610471317.0,1007,90,5.0,29,68.4,62.1,96,"{'value': 2, 'displayName': 'SecondHalf'}","{'value': 1, 'displayName': 'Pass'}","{'value': 0, 'displayName': 'Unsuccessful'}","[{'type': {'value': 141, 'displayName': 'PassEndY'}, 'value': '61.2'}, {'type': {'value': 213, 'displayName': 'Angle'}, 'value': '5.91'}, {'type': {'value': 140, 'displayName': 'PassEndX'}, 'value': '69.9'}, {'type': {'value': 212, 'displayName': 'Length'}, 'value': '1.7'}, {'type': {'value': 3, 'displayName': 'HeadPass'}}, {'type': {'value': 56, 'displayName': 'Zone'}, 'value': 'Center'}]","[91, 120, 29, 139, 36, 38, 217, 218]",True,362434.0,69.9,61.2,,,,,,,,,
2610471369.0,768,90,5.0,31,36.1,35.5,96,"{'value': 2, 'displayName': 'SecondHalf'}","{'value': 61, 'displayName': 'BallTouch'}","{'value': 1, 'displayName': 'Successful'}","[{'type': {'value': 15, 'displayName': 'Head'}}, {'type': {'value': 56, 'displayName': 'Zone'}, 'value': 'Back'}]",[91],True,447229.0,,,,,,,,,,,
2610471375.0,1008,90,8.0,29,55.3,66.9,96,"{'value': 2, 'displayName': 'SecondHalf'}","{'value': 1, 'displayName': 'Pass'}","{'value': 0, 'displayName': 'Unsuccessful'}","[{'type': {'value': 56, 'displayName': 'Zone'}, 'value': 'Center'}, {'type': {'value': 178, 'displayName': 'StandingSave'}}, {'type': {'value': 141, 'displayName': 'PassEndY'}, 'value': '69.6'}, {'type': {'value': 140, 'displayName': 'PassEndX'}, 'value': '59.2'}, {'type': {'value': 155, 'displayName': 'Chipped'}}, {'type': {'value': 212, 'displayName': 'Length'}, 'value': '4.5'}, {'type': {'value': 213, 'displayName': 'Angle'}, 'value': '0.42'}]","[91, 120, 29, 124, 36, 37, 216, 218]",True,322696.0,59.2,69.6,,,,,,,,,
2610471403.0,769,90,9.0,31,44.4,29.4,96,"{'value': 2, 'displayName': 'SecondHalf'}","{'value': 61, 'displayName': 'BallTouch'}","{'value': 1, 'displayName': 'Successful'}","[{'type': {'value': 56, 'displayName': 'Zone'}, 'value': 'Back'}, {'type': {'value': 178, 'displayName': 'StandingSave'}}, {'type': {'value': 15, 'displayName': 'Head'}}]",[91],True,357427.0,,,,,,,,,,,
2610471463.0,1009,90,14.0,29,41.8,34.0,96,"{'value': 2, 'displayName': 'SecondHalf'}","{'value': 1, 'displayName': 'Pass'}","{'value': 1, 'displayName': 'Successful'}","[{'type': {'value': 140, 'displayName': 'PassEndX'}, 'value': '55.0'}, {'type': {'value': 56, 'displayName': 'Zone'}, 'value': 'Center'}, {'type': {'value': 213, 'displayName': 'Angle'}, 'value': '6.20'}, {'type': {'value': 141, 'displayName': 'PassEndY'}, 'value': '32.2'}, {'type': {'value': 212, 'displayName': 'Length'}, 'value': '13.9'}, {'type': {'value': 178, 'displayName': 'StandingSave'}}]","[91, 119, 117, 30, 36, 38, 216, 218]",True,111372.0,55.0,32.2,,,,,,,,,
2610471483.0,1010,90,16.0,29,53.8,26.8,96,"{'value': 2, 'displayName': 'SecondHalf'}","{'value': 1, 'displayName': 'Pass'}","{'value': 1, 'displayName': 'Successful'}","[{'type': {'value': 178, 'displayName': 'StandingSave'}}, {'type': {'value': 213, 'displayName': 'Angle'}, 'value': '5.09'}, {'type': {'value': 140, 'displayName': 'PassEndX'}, 'value': '59.0'}, {'type': {'value': 212, 'displayName': 'Length'}, 'value': '14.8'}, {'type': {'value': 56, 'displayName': 'Zone'}, 'value': 'Right'}, {'type': {'value': 141, 'displayName': 'PassEndY'}, 'value': '6.5'}]","[91, 119, 117, 30, 36, 38, 216, 218]",True,143595.0,59.0,6.5,,,,,,,,,
2610471531.0,1011,90,18.0,29,59.2,6.5,96,"{'value': 2, 'displayName': 'SecondHalf'}","{'value': 1, 'displayName': 'Pass'}","{'value': 1, 'displayName': 'Successful'}","[{'type': {'value': 212, 'displayName': 'Length'}, 'value': '11.1'}, {'type': {'value': 178, 'displayName': 'StandingSave'}}, {'type': {'value': 56, 'displayName': 'Zone'}, 'value': 'Right'}, {'type': {'value': 140, 'displayName': 'PassEndX'}, 'value': '68.6'}, {'type': {'value': 141, 'displayName': 'PassEndY'}, 'value': '14.1'}, {'type': {'value': 213, 'displayName': 'Angle'}, 'value': '0.48'}]","[91, 119, 117, 30, 205, 36, 37, 217, 218]",True,319756.0,68.6,14.1,,,,,,,,,
2610471547.0,1012,90,20.0,29,69.2,18.0,96,"{'value': 2, 'displayName': 'SecondHalf'}","{'value': 1, 'displayName': 'Pass'}","{'value': 1, 'displayName': 'Successful'}","[{'type': {'value': 178, 'displayName': 'StandingSave'}}, {'type': {'value': 141, 'displayName': 'PassEndY'}, 'value': '13.7'}, {'type': {'value': 233, 'displayName': 'OppositeRelatedEvent'}, 'value': '770'}, {'type': {'value': 212, 'displayName': 'Length'}, 'value': '5.0'}, {'type': {'value': 56, 'displayName': 'Zone'}, 'value': 'Right'}, {'type': {'value': 140, 'displayName': 'PassEndX'}, 'value': '73.1'}, {'type': {'value': 213, 'displayName': 'Angle'}, 'value': '5.66'}]","[91, 119, 117, 30, 205, 36, 38, 217, 218]",True,400166.0,73.1,13.7,,,,,,,,,
2610471573.0,1013,90,22.0,29,75.5,21.9,96,"{'value': 2, 'displayName': 'SecondHalf'}","{'value': 1, 'displayName': 'Pass'}","{'value': 0, 'displayName': 'Unsuccessful'}","[{'type': {'value': 140, 'displayName': 'PassEndX'}, 'value': '77.6'}, {'type': {'value': 56, 'displayName': 'Zone'}, 'value': 'Center'}, {'type': {'value': 212, 'displayName': 'Length'}, 'value': '2.4'}, {'type': {'value': 233, 'displayName': 'OppositeRelatedEvent'}, 'value': '825'}, {'type': {'value': 213, 'displayName': 'Angle'}, 'value': '0.43'}, {'type': {'value': 141, 'displayName': 'PassEndY'}, 'value': '23.4'}, {'type': {'value': 178, 'displayName': 'StandingSave'}}, {'type': {'value': 286, 'displayName': 'Offensive'}}]","[91, 120, 29, 36, 37, 217, 218]",True,319756.0,77.6,23.4,,,,,,,,,
2610478999.0,825,90,22.0,31,23.7,77.9,96,"{'value': 2, 'displayName': 'SecondHalf'}","{'value': 74, 'displayName': 'BlockedPass'}","{'value': 1, 'displayName': 'Successful'}","[{'type': {'value': 178, 'displayName': 'StandingSave'}}, {'type': {'value': 233, 'displayName': 'OppositeRelatedEvent'}, 'value': '1013'}, {'type': {'value': 285, 'displayName': 'Defensive'}}, {'type': {'value': 56, 'displayName': 'Zone'}, 'value': 'Back'}]","[91, 60]",True,381045.0,,,,,,,,,,,
2610471645.0,1014,90,25.0,29,72.4,30.9,96,"{'value': 2, 'displayName': 'SecondHalf'}","{'value': 1, 'displayName': 'Pass'}","{'value': 1, 'displayName': 'Successful'}","[{'type': {'value': 213, 'displayName': 'Angle'}, 'value': '1.31'}, {'type': {'value': 56, 'displayName': 'Zone'}, 'value': 'Center'}, {'type': {'value': 178, 'displayName': 'StandingSave'}}, {'type': {'value': 212, 'displayName': 'Length'}, 'value': '32.9'}, {'type': {'value': 141, 'displayName': 'PassEndY'}, 'value': '77.6'}, {'type': {'value': 1, 'displayName': 'Longball'}}, {'type': {'value': 140, 'displayName': 'PassEndX'}, 'value': '80.6'}]","[91, 119, 117, 127, 205, 36, 37, 217, 218]",True,400166.0,80.6,77.6,,,,,,,,,
2610471701.0,1015,90,29.0,29,86.6,70.5,96,"{'value': 2, 'displayName': 'SecondHalf'}","{'value': 1, 'displayName': 'Pass'}","{'value': 0, 'displayName': 'Unsuccessful'}","[{'type': {'value': 140, 'displayName': 'PassEndX'}, 'value': '80.2'}, {'type': {'value': 56, 'displayName': 'Zone'}, 'value': 'Center'}, {'type': {'value': 212, 'displayName': 'Length'}, 'value': '13.1'}, {'type': {'value': 178, 'displayName': 'StandingSave'}}, {'type': {'value': 141, 'displayName': 'PassEndY'}, 'value': '54.0'}, {'type': {'value': 213, 'displayName': 'Angle'}, 'value': '4.17'}]","[91, 120, 29, 35, 38, 217, 218]",True,137021.0,80.2,54.0,,,,,,,,,
2610471667.0,772,90,30.0,31,19.6,49.6,96,"{'value': 2, 'displayName': 'SecondHalf'}","{'value': 8, 'displayName': 'Interception'}","{'value': 1, 'displayName': 'Successful'}","[{'type': {'value': 56, 'displayName': 'Zone'}, 'value': 'Back'}, {'type': {'value': 178, 'displayName': 'StandingSave'}}]","[91, 101, 56]",True,116317.0,,,,,,,,,,,
2610471717.0,774,90,30.0,31,18.4,46.4,96,"{'value': 2, 'displayName': 'SecondHalf'}","{'value': 49, 'displayName': 'BallRecovery'}","{'value': 1, 'displayName': 'Successful'}",[],[93],False,400815.0,,,,,,,,,,,
2610677729.0,841,90,31.0,31,18.1,49.6,96,"{'value': 2, 'displayName': 'SecondHalf'}","{'value': 3, 'displayName': 'TakeOn'}","{'value': 0, 'displayName': 'Unsuccessful'}","[{'type': {'value': 285, 'displayName': 'Defensive'}}, {'type': {'value': 178, 'displayName': 'StandingSave'}}, {'type': {'value': 56, 'displayName': 'Zone'}, 'value': 'Back'}]","[91, 53]",True,400815.0,,,,,,,,,,,
2610471771.0,776,90,31.0,31,20.6,47.3,96,"{'value': 2, 'displayName': 'SecondHalf'}","{'value': 4, 'displayName': 'Foul'}","{'value': 1, 'displayName': 'Successful'}","[{'type': {'value': 13, 'displayName': 'Foul'}}, {'type': {'value': 56, 'displayName': 'Zone'}, 'value': 'Back'}, {'type': {'value': 285, 'displayName': 'Defensive'}}, {'type': {'value': 233, 'displayName': 'OppositeRelatedEvent'}, 'value': '1017'}]","[91, 63]",True,400815.0,,,,,,,,,,,
2610471739.0,1017,90,31.0,29,79.4,52.7,96,"{'value': 2, 'displayName': 'SecondHalf'}","{'value': 4, 'displayName': 'Foul'}","{'value': 0, 'displayName': 'Unsuccessful'}","[{'type': {'value': 233, 'displayName': 'OppositeRelatedEvent'}, 'value': '776'}, {'type': {'value': 286, 'displayName': 'Offensive'}}, {'type': {'value': 56, 'displayName': 'Zone'}, 'value': 'Center'}, {'type': {'value': 13, 'displayName': 'Foul'}}]",[64],False,143595.0,,,,,,,,,,,
2610472299.0,778,91,11.0,31,21.2,49.4,97,"{'value': 2, 'displayName': 'SecondHalf'}","{'value': 1, 'displayName': 'Pass'}","{'value': 1, 'displayName': 'Successful'}","[{'type': {'value': 141, 'displayName': 'PassEndY'}, 'value': '23.1'}, {'type': {'value': 178, 'displayName': 'StandingSave'}}, {'type': {'value': 5, 'displayName': 'FreekickTaken'}}, {'type': {'value': 140, 'displayName': 'PassEndX'}, 'value': '69.1'}, {'type': {'value': 1, 'displayName': 'Longball'}}, {'type': {'value': 155, 'displayName': 'Chipped'}}, {'type': {'value': 212, 'displayName': 'Length'}, 'value': '53.4'}, {'type': {'value': 213, 'displayName': 'Angle'}, 'value': '5.94'}, {'type': {'value': 56, 'displayName': 'Zone'}, 'value': 'Center'}]","[91, 119, 117, 124, 127, 132, 205, 36, 38, 217, 218]",True,110189.0,69.1,23.1,,,,,,,,,
2610472305.0,779,91,15.0,31,70.8,23.1,97,"{'value': 2, 'displayName': 'SecondHalf'}","{'value': 44, 'displayName': 'Aerial'}","{'value': 1, 'displayName': 'Successful'}","[{'type': {'value': 56, 'displayName': 'Zone'}, 'value': 'Center'}, {'type': {'value': 286, 'displayName': 'Offensive'}}, {'type': {'value': 233, 'displayName': 'OppositeRelatedEvent'}, 'value': '1018'}]","[197, 199]",False,447229.0,,,,,,,,,,,
2610472279.0,1018,91,15.0,29,29.2,76.9,97,"{'value': 2, 'displayName': 'SecondHalf'}","{'value': 44, 'displayName': 'Aerial'}","{'value': 0, 'displayName': 'Unsuccessful'}","[{'type': {'value': 56, 'displayName': 'Zone'}, 'value': 'Back'}, {'type': {'value': 285, 'displayName': 'Defensive'}}, {'type': {'value': 233, 'displayName': 'OppositeRelatedEvent'}, 'value': '779'}]","[198, 200]",False,362434.0,,,,,,,,,,,
2610472319.0,780,91,15.0,31,69.1,23.1,97,"{'value': 2, 'displayName': 'SecondHalf'}","{'value': 1, 'displayName': 'Pass'}","{'value': 0, 'displayName': 'Unsuccessful'}","[{'type': {'value': 56, 'displayName': 'Zone'}, 'value': 'Center'}, {'type': {'value': 213, 'displayName': 'Angle'}, 'value': '0.06'}, {'type': {'value': 140, 'displayName': 'PassEndX'}, 'value': '72.5'}, {'type': {'value': 212, 'displayName': 'Length'}, 'value': '3.6'}, {'type': {'value': 3, 'displayName': 'HeadPass'}}, {'type': {'value': 141, 'displayName': 'PassEndY'}, 'value': '23.4'}]","[91, 120, 29, 139, 36, 37, 217, 218]",True,447229.0,72.5,23.4,,,,,,,,,
2610472349.0,1019,91,17.0,29,21.5,75.9,97,"{'value': 2, 'displayName': 'SecondHalf'}","{'value': 12, 'displayName': 'Clearance'}","{'value': 1, 'displayName': 'Successful'}","[{'type': {'value': 212, 'displayName': 'Length'}, 'value': '18.0'}, {'type': {'value': 141, 'displayName': 'PassEndY'}, 'value': '100.0'}, {'type': {'value': 140, 'displayName': 'PassEndX'}, 'value': '24.3'}, {'type': {'value': 213, 'displayName': 'Angle'}, 'value': '1.41'}, {'type': {'value': 178, 'displayName': 'StandingSave'}}, {'type': {'value': 56, 'displayName': 'Zone'}, 'value': 'Back'}]","[91, 94, 95, 215]",True,106086.0,24.3,100.0,,,,,,,,,
2610472581.0,783,91,38.0,31,78.6,0.0,97,"{'value': 2, 'displayName': 'SecondHalf'}","{'value': 1, 'displayName': 'Pass'}","{'value': 0, 'displayName': 'Unsuccessful'}","[{'type': {'value': 213, 'displayName': 'Angle'}, 'value': '0.59'}, {'type': {'value': 141, 'displayName': 'PassEndY'}, 'value': '13.1'}, {'type': {'value': 107, 'displayName': 'ThrowIn'}}, {'type': {'value': 140, 'displayName': 'PassEndX'}, 'value': '92.3'}, {'type': {'value': 212, 'displayName': 'Length'}, 'value': '17.3'}, {'type': {'value': 56, 'displayName': 'Zone'}, 'value': 'Right'}]","[91, 212, 36, 37, 217]",True,396975.0,92.3,13.1,,,,,,,,,
2610473927.0,1041,91,39.0,29,8.2,83.9,97,"{'value': 2, 'displayName': 'SecondHalf'}","{'value': 8, 'displayName': 'Interception'}","{'value': 1, 'displayName': 'Successful'}","[{'type': {'value': 56, 'displayName': 'Zone'}, 'value': 'Back'}, {'type': {'value': 178, 'displayName': 'StandingSave'}}]","[91, 101, 56]",True,362434.0,,,,,,,,,,,
2610472599.0,1021,91,40.0,29,12.8,81.7,97,"{'value': 2, 'displayName': 'SecondHalf'}","{'value': 49, 'displayName': 'BallRecovery'}","{'value': 1, 'displayName': 'Successful'}",[],[93],False,143595.0,,,,,,,,,,,
2610472613.0,1022,91,40.0,29,12.8,81.7,97,"{'value': 2, 'displayName': 'SecondHalf'}","{'value': 1, 'displayName': 'Pass'}","{'value': 1, 'displayName': 'Successful'}","[{'type': {'value': 141, 'displayName': 'PassEndY'}, 'value': '70.3'}, {'type': {'value': 212, 'displayName': 'Length'}, 'value': '8.1'}, {'type': {'value': 140, 'displayName': 'PassEndX'}, 'value': '10.6'}, {'type': {'value': 178, 'displayName': 'StandingSave'}}, {'type': {'value': 56, 'displayName': 'Zone'}, 'value': 'Back'}, {'type': {'value': 213, 'displayName': 'Angle'}, 'value': '4.42'}]","[91, 117, 30, 35, 38, 215, 218]",True,143595.0,10.6,70.3,,,,,,,,,
2610472663.0,1023,91,42.0,29,10.6,69.9,97,"{'value': 2, 'displayName': 'SecondHalf'}","{'value': 1, 'displayName': 'Pass'}","{'value': 1, 'displayName': 'Successful'}","[{'type': {'value': 141, 'displayName': 'PassEndY'}, 'value': '35.7'}, {'type': {'value': 212, 'displayName': 'Length'}, 'value': '23.8'}, {'type': {'value': 178, 'displayName': 'StandingSave'}}, {'type': {'value': 56, 'displayName': 'Zone'}, 'value': 'Back'}, {'type': {'value': 140, 'displayName': 'PassEndX'}, 'value': '15.6'}, {'type': {'value': 213, 'displayName': 'Angle'}, 'value': '4.93'}]","[91, 117, 30, 36, 38, 215, 218]",True,106086.0,15.6,35.7,,,,,,,,,
2610472705.0,1024,91,46.0,29,21.8,30.7,97,"{'value': 2, 'displayName': 'SecondHalf'}","{'value': 1, 'displayName': 'Pass'}","{'value': 1, 'displayName': 'Successful'}","[{'type': {'value': 178, 'displayName': 'StandingSave'}}, {'type': {'value': 141, 'displayName': 'PassEndY'}, 'value': '32.2'}, {'type': {'value': 140, 'displayName': 'PassEndX'}, 'value': '39.6'}, {'type': {'value': 56, 'displayName': 'Zone'}, 'value': 'Back'}, {'type': {'value': 213, 'displayName': 'Angle'}, 'value': '0.05'}, {'type': {'value': 212, 'displayName': 'Length'}, 'value': '18.7'}]","[91, 117, 30, 36, 37, 216, 218]",True,111372.0,39.6,32.2,,,,,,,,,
2610472737.0,1025,91,46.0,29,39.6,32.2,97,"{'value': 2, 'displayName': 'SecondHalf'}","{'value': 1, 'displayName': 'Pass'}","{'value': 1, 'displayName': 'Successful'}","[{'type': {'value': 212, 'displayName': 'Length'}, 'value': '17.1'}, {'type': {'value': 56, 'displayName': 'Zone'}, 'value': 'Back'}, {'type': {'value': 213, 'displayName': 'Angle'}, 'value': '5.23'}, {'type': {'value': 178, 'displayName': 'StandingSave'}}, {'type': {'value': 140, 'displayName': 'PassEndX'}, 'value': '47.7'}, {'type': {'value': 141, 'displayName': 'PassEndY'}, 'value': '10.4'}]","[91, 117, 30, 36, 38, 216, 218]",True,319756.0,47.7,10.4,,,,,,,,,
2610472765.0,1026,91,51.0,29,56.5,10.0,97,"{'value': 2, 'displayName': 'SecondHalf'}","{'value': 1, 'displayName': 'Pass'}","{'value': 1, 'displayName': 'Successful'}","[{'type': {'value': 140, 'displayName': 'PassEndX'}, 'value': '52.6'}, {'type': {'value': 141, 'displayName': 'PassEndY'}, 'value': '26.4'}, {'type': {'value': 56, 'displayName': 'Zone'}, 'value': 'Center'}, {'type': {'value': 213, 'displayName': 'Angle'}, 'value': '1.92'}, {'type': {'value': 212, 'displayName': 'Length'}, 'value': '11.9'}, {'type': {'value': 178, 'displayName': 'StandingSave'}}]","[91, 119, 117, 30, 35, 37, 216, 218]",True,400166.0,52.6,26.4,,,,,,,,,
2610472825.0,1027,91,54.0,29,52.8,31.8,97,"{'value': 2, 'displayName': 'SecondHalf'}","{'value': 1, 'displayName': 'Pass'}","{'value': 1, 'displayName': 'Successful'}","[{'type': {'value': 178, 'displayName': 'StandingSave'}}, {'type': {'value': 1, 'displayName': 'Longball'}}, {'type': {'value': 140, 'displayName': 'PassEndX'}, 'value': '72.9'}, {'type': {'value': 141, 'displayName': 'PassEndY'}, 'value': '92.0'}, {'type': {'value': 212, 'displayName': 'Length'}, 'value': '46.1'}, {'type': {'value': 155, 'displayName': 'Chipped'}}, {'type': {'value': 213, 'displayName': 'Angle'}, 'value': '1.09'}, {'type': {'value': 56, 'displayName': 'Zone'}, 'value': 'Left'}]","[91, 119, 117, 124, 127, 205, 36, 37, 217, 218]",True,319756.0,72.9,92.0,,,,,,,,,
2610472831.0,1028,91,58.0,29,69.4,94.2,97,"{'value': 2, 'displayName': 'SecondHalf'}","{'value': 3, 'displayName': 'TakeOn'}","{'value': 0, 'displayName': 'Unsuccessful'}","[{'type': {'value': 233, 'displayName': 'OppositeRelatedEvent'}, 'value': '785'}, {'type': {'value': 178, 'displayName': 'StandingSave'}}, {'type': {'value': 56, 'displayName': 'Zone'}, 'value': 'Left'}, {'type': {'value': 286, 'displayName': 'Offensive'}}]","[91, 53]",True,137021.0,,,,,,,,,,,
2610472839.0,785,91,58.0,31,30.6,5.8,97,"{'value': 2, 'displayName': 'SecondHalf'}","{'value': 7, 'displayName': 'Tackle'}","{'value': 1, 'displayName': 'Successful'}","[{'type': {'value': 233, 'displayName': 'OppositeRelatedEvent'}, 'value': '1028'}, {'type': {'value': 285, 'displayName': 'Defensive'}}, {'type': {'value': 56, 'displayName': 'Zone'}, 'value': 'Back'}, {'type': {'value': 178, 'displayName': 'StandingSave'}}]","[91, 143]",True,396975.0,,,,,,,,,,,
2610473001.0,1030,92,15.0,29,63.2,100.0,98,"{'value': 2, 'displayName': 'SecondHalf'}","{'value': 1, 'displayName': 'Pass'}","{'value': 1, 'displayName': 'Successful'}","[{'type': {'value': 213, 'displayName': 'Angle'}, 'value': '3.86'}, {'type': {'value': 212, 'displayName': 'Length'}, 'value': '9.3'}, {'type': {'value': 107, 'displayName': 'ThrowIn'}}, {'type': {'value': 140, 'displayName': 'PassEndX'}, 'value': '56.5'}, {'type': {'value': 141, 'displayName': 'PassEndY'}, 'value': '93.0'}, {'type': {'value': 56, 'displayName': 'Zone'}, 'value': 'Left'}]","[91, 212, 35, 38, 216]",True,362434.0,56.5,93.0,,,,,,,,,
2610473025.0,1031,92,16.0,29,56.2,91.4,98,"{'value': 2, 'displayName': 'SecondHalf'}","{'value': 1, 'displayName': 'Pass'}","{'value': 1, 'displayName': 'Successful'}","[{'type': {'value': 212, 'displayName': 'Length'}, 'value': '6.8'}, {'type': {'value': 56, 'displayName': 'Zone'}, 'value': 'Left'}, {'type': {'value': 140, 'displayName': 'PassEndX'}, 'value': '61.8'}, {'type': {'value': 213, 'displayName': 'Angle'}, 'value': '0.52'}, {'type': {'value': 178, 'displayName': 'StandingSave'}}, {'type': {'value': 141, 'displayName': 'PassEndY'}, 'value': '96.3'}]","[91, 119, 117, 30, 36, 37, 216, 218]",True,319756.0,61.8,96.3,,,,,,,,,
2610473045.0,1032,92,19.0,29,61.8,95.4,98,"{'value': 2, 'displayName': 'SecondHalf'}","{'value': 1, 'displayName': 'Pass'}","{'value': 0, 'displayName': 'Unsuccessful'}","[{'type': {'value': 178, 'displayName': 'StandingSave'}}, {'type': {'value': 1, 'displayName': 'Longball'}}, {'type': {'value': 212, 'displayName': 'Length'}, 'value': '32.2'}, {'type': {'value': 141, 'displayName': 'PassEndY'}, 'value': '75.0'}, {'type': {'value': 140, 'displayName': 'PassEndX'}, 'value': '89.5'}, {'type': {'value': 155, 'displayName': 'Chipped'}}, {'type': {'value': 213, 'displayName': 'Angle'}, 'value': '5.84'}, {'type': {'value': 56, 'displayName': 'Zone'}, 'value': 'Center'}]","[91, 120, 124, 128, 36, 38, 217, 218]",True,362434.0,89.5,75.0,,,,,,,,,
2610473079.0,788,92,21.0,31,13.8,28.3,98,"{'value': 2, 'displayName': 'SecondHalf'}","{'value': 12, 'displayName': 'Clearance'}","{'value': 1, 'displayName': 'Successful'}","[{'type': {'value': 15, 'displayName': 'Head'}}, {'type': {'value': 140, 'displayName': 'PassEndX'}, 'value': '29.7'}, {'type': {'value': 56, 'displayName': 'Zone'}, 'value': 'Back'}, {'type': {'value': 213, 'displayName': 'Angle'}, 'value': '5.64'}, {'type': {'value': 141, 'displayName': 'PassEndY'}, 'value': '10.0'}, {'type': {'value': 212, 'displayName': 'Length'}, 'value': '20.8'}]","[91, 94, 95, 57, 215]",True,381045.0,29.7,10.0,,,,,,,,,
2610473109.0,789,92,23.0,31,29.7,10.0,98,"{'value': 2, 'displayName': 'SecondHalf'}","{'value': 1, 'displayName': 'Pass'}","{'value': 1, 'displayName': 'Successful'}","[{'type': {'value': 141, 'displayName': 'PassEndY'}, 'value': '13.5'}, {'type': {'value': 212, 'displayName': 'Length'}, 'value': '11.8'}, {'type': {'value': 3, 'displayName': 'HeadPass'}}, {'type': {'value': 140, 'displayName': 'PassEndX'}, 'value': '40.7'}, {'type': {'value': 213, 'displayName': 'Angle'}, 'value': '0.20'}, {'type': {'value': 56, 'displayName': 'Zone'}, 'value': 'Back'}]","[91, 117, 30, 139, 36, 37, 216, 218]",True,396975.0,40.7,13.5,,,,,,,,,
2610475355.0,815,92,24.0,31,27.6,13.2,98,"{'value': 2, 'displayName': 'SecondHalf'}","{'value': 1, 'displayName': 'Pass'}","{'value': 0, 'displayName': 'Unsuccessful'}","[{'type': {'value': 141, 'displayName': 'PassEndY'}, 'value': '13.2'}, {'type': {'value': 212, 'displayName': 'Length'}, 'value': '9.1'}, {'type': {'value': 178, 'displayName': 'StandingSave'}}, {'type': {'value': 213, 'displayName': 'Angle'}, 'value': '0.00'}, {'type': {'value': 56, 'displayName': 'Zone'}, 'value': 'Back'}, {'type': {'value': 140, 'displayName': 'PassEndX'}, 'value': '36.3'}, {'type': {'value': 1, 'displayName': 'Longball'}}]","[91, 118, 120, 128, 36, 216, 218]",True,317896.0,36.3,13.2,,,,,,,,,
2610473127.0,1033,92,25.0,29,62.2,79.6,98,"{'value': 2, 'displayName': 'SecondHalf'}","{'value': 1, 'displayName': 'Pass'}","{'value': 1, 'displayName': 'Successful'}","[{'type': {'value': 56, 'displayName': 'Zone'}, 'value': 'Center'}, {'type': {'value': 140, 'displayName': 'PassEndX'}, 'value': '66.1'}, {'type': {'value': 178, 'displayName': 'StandingSave'}}, {'type': {'value': 213, 'displayName': 'Angle'}, 'value': '5.40'}, {'type': {'value': 141, 'displayName': 'PassEndY'}, 'value': '72.3'}, {'type': {'value': 212, 'displayName': 'Length'}, 'value': '6.4'}]","[91, 119, 117, 30, 36, 38, 216, 218]",True,319756.0,66.1,72.3,,,,,,,,,
2610473153.0,1034,92,26.0,29,66.1,72.1,98,"{'value': 2, 'displayName': 'SecondHalf'}","{'value': 1, 'displayName': 'Pass'}","{'value': 1, 'displayName': 'Successful'}","[{'type': {'value': 212, 'displayName': 'Length'}, 'value': '8.4'}, {'type': {'value': 141, 'displayName': 'PassEndY'}, 'value': '62.1'}, {'type': {'value': 213, 'displayName': 'Angle'}, 'value': '4.08'}, {'type': {'value': 178, 'displayName': 'StandingSave'}}, {'type': {'value': 140, 'displayName': 'PassEndX'}, 'value': '61.4'}, {'type': {'value': 56, 'displayName': 'Zone'}, 'value': 'Center'}]","[91, 119, 117, 30, 35, 38, 216, 218]",True,143595.0,61.4,62.1,,,,,,,,,
2610473157.0,1035,92,28.0,29,65.2,57.7,98,"{'value': 2, 'displayName': 'SecondHalf'}","{'value': 50, 'displayName': 'Dispossessed'}","{'value': 1, 'displayName': 'Successful'}","[{'type': {'value': 286, 'displayName': 'Offensive'}}, {'type': {'value': 233, 'displayName': 'OppositeRelatedEvent'}, 'value': '790'}, {'type': {'value': 56, 'displayName': 'Zone'}, 'value': 'Center'}]","[91, 70]",True,319756.0,,,,,,,,,,,
2610473175.0,790,92,29.0,31,34.8,42.3,98,"{'value': 2, 'displayName': 'SecondHalf'}","{'value': 7, 'displayName': 'Tackle'}","{'value': 1, 'displayName': 'Successful'}","[{'type': {'value': 233, 'displayName': 'OppositeRelatedEvent'}, 'value': '1035'}, {'type': {'value': 285, 'displayName': 'Defensive'}}, {'type': {'value': 56, 'displayName': 'Zone'}, 'value': 'Back'}]","[91, 143]",True,400815.0,,,,,,,,,,,
2610473179.0,791,92,31.0,31,39.5,41.0,98,"{'value': 2, 'displayName': 'SecondHalf'}","{'value': 49, 'displayName': 'BallRecovery'}","{'value': 1, 'displayName': 'Successful'}",[],[93],False,447229.0,,,,,,,,,,,
2610473215.0,792,92,31.0,31,39.5,41.0,98,"{'value': 2, 'displayName': 'SecondHalf'}","{'value': 1, 'displayName': 'Pass'}","{'value': 1, 'displayName': 'Successful'}","[{'type': {'value': 213, 'displayName': 'Angle'}, 'value': '3.14'}, {'type': {'value': 212, 'displayName': 'Length'}, 'value': '5.4'}, {'type': {'value': 56, 'displayName': 'Zone'}, 'value': 'Back'}, {'type': {'value': 178, 'displayName': 'StandingSave'}}, {'type': {'value': 140, 'displayName': 'PassEndX'}, 'value': '34.4'}, {'type': {'value': 141, 'displayName': 'PassEndY'}, 'value': '41.0'}]","[91, 117, 30, 35, 216, 218]",True,447229.0,34.4,41.0,,,,,,,,,
2610473301.0,793,92,35.0,31,48.2,54.0,98,"{'value': 2, 'displayName': 'SecondHalf'}","{'value': 1, 'displayName': 'Pass'}","{'value': 1, 'displayName': 'Successful'}","[{'type': {'value': 141, 'displayName': 'PassEndY'}, 'value': '73.0'}, {'type': {'value': 140, 'displayName': 'PassEndX'}, 'value': '61.0'}, {'type': {'value': 178, 'displayName': 'StandingSave'}}, {'type': {'value': 212, 'displayName': 'Length'}, 'value': '18.6'}, {'type': {'value': 213, 'displayName': 'Angle'}, 'value': '0.77'}, {'type': {'value': 56, 'displayName': 'Zone'}, 'value': 'Center'}, {'type': {'value': 210, 'displayName': 'ShotAssist'}, 'value': '15'}, {'type': {'value': 11113, 'displayName': 'KeyPass'}}]","[91, 119, 117, 30, 123, 40, 46, 36, 37, 216, 218]",True,400815.0,61.0,73.0,,,,,,,,,
2610473305.0,794,92,42.0,31,80.9,63.3,98,"{'value': 2, 'displayName': 'SecondHalf'}","{'value': 15, 'displayName': 'SavedShot'}","{'value': 1, 'displayName': 'Successful'}","[{'type': {'value': 23, 'displayName': 'FastBreak'}}, {'type': {'value': 72, 'displayName': 'LeftFoot'}}, {'type': {'value': 82, 'displayName': 'Blocked'}}, {'type': {'value': 147, 'displayName': 'BlockedY'}, 'value': '60.8'}, {'type': {'value': 146, 'displayName': 'BlockedX'}, 'value': '84.3'}, {'type': {'value': 102, 'displayName': 'GoalMouthY'}, 'value': '49.7'}, {'type': {'value': 55, 'displayName': 'RelatedEventId'}, 'value': '793'}, {'type': {'value': 29, 'displayName': 'Assisted'}}, {'type': {'value': 103, 'displayName': 'GoalMouthZ'}, 'value': '5.6'}, {'type': {'value': 78, 'displayName': 'LowCentre'}}, {'type': {'value': 178, 'displayName': 'StandingSave'}}, {'type': {'value': 233, 'displayName': 'OppositeRelatedEvent'}, 'value': '1037'}, {'type': {'value': 215, 'displayName': 'IndividualPlay'}}, {'type': {'value': 56, 'displayName': 'Zone'}, 'value': 'Center'}, {'type': {'value': 18, 'displayName': 'OutOfBoxCentre'}}]","[91, 10, 2, 4, 11, 13]",True,357427.0,,,793.0,400815.0,84.3,60.8,5.6,49.7,True,,
2610473309.0,1037,92,42.0,29,16.1,38.0,98,"{'value': 2, 'displayName': 'SecondHalf'}","{'value': 10, 'displayName': 'Save'}","{'value': 1, 'displayName': 'Successful'}","[{'type': {'value': 233, 'displayName': 'OppositeRelatedEvent'}, 'value': '794'}, {'type': {'value': 178, 'displayName': 'StandingSave'}}, {'type': {'value': 56, 'displayName': 'Zone'}, 'value': 'Back'}, {'type': {'value': 94, 'displayName': 'OutfielderBlock'}}]","[91, 58]",True,322696.0,,,,,,,,,,,
2610473375.0,795,92,50.0,31,74.7,97.5,98,"{'value': 2, 'displayName': 'SecondHalf'}","{'value': 1, 'displayName': 'Pass'}","{'value': 0, 'displayName': 'Unsuccessful'}","[{'type': {'value': 56, 'displayName': 'Zone'}, 'value': 'Left'}, {'type': {'value': 140, 'displayName': 'PassEndX'}, 'value': '81.3'}, {'type': {'value': 141, 'displayName': 'PassEndY'}, 'value': '95.9'}, {'type': {'value': 233, 'displayName': 'OppositeRelatedEvent'}, 'value': '1038'}, {'type': {'value': 212, 'displayName': 'Length'}, 'value': '7.0'}, {'type': {'value': 178, 'displayName': 'StandingSave'}}, {'type': {'value': 286, 'displayName': 'Offensive'}}, {'type': {'value': 213, 'displayName': 'Angle'}, 'value': '6.13'}]","[91, 120, 29, 36, 38, 217, 218]",True,357427.0,81.3,95.9,,,,,,,,,
2610473359.0,1038,92,50.0,29,20.7,5.2,98,"{'value': 2, 'displayName': 'SecondHalf'}","{'value': 74, 'displayName': 'BlockedPass'}","{'value': 1, 'displayName': 'Successful'}","[{'type': {'value': 233, 'displayName': 'OppositeRelatedEvent'}, 'value': '795'}, {'type': {'value': 56, 'displayName': 'Zone'}, 'value': 'Back'}, {'type': {'value': 178, 'displayName': 'StandingSave'}}, {'type': {'value': 285, 'displayName': 'Defensive'}}]","[91, 60]",True,111372.0,,,,,,,,,,,
2610473617.0,797,93,10.0,31,73.0,100.0,99,"{'value': 2, 'displayName': 'SecondHalf'}","{'value': 1, 'displayName': 'Pass'}","{'value': 1, 'displayName': 'Successful'}","[{'type': {'value': 141, 'displayName': 'PassEndY'}, 'value': '86.3'}, {'type': {'value': 107, 'displayName': 'ThrowIn'}}, {'type': {'value': 212, 'displayName': 'Length'}, 'value': '9.9'}, {'type': {'value': 56, 'displayName': 'Zone'}, 'value': 'Left'}, {'type': {'value': 213, 'displayName': 'Angle'}, 'value': '4.71'}, {'type': {'value': 140, 'displayName': 'PassEndX'}, 'value': '73.0'}]","[91, 212, 38, 217]",True,345516.0,73.0,86.3,,,,,,,,,
2610473633.0,798,93,12.0,31,73.0,86.3,99,"{'value': 2, 'displayName': 'SecondHalf'}","{'value': 1, 'displayName': 'Pass'}","{'value': 1, 'displayName': 'Successful'}","[{'type': {'value': 213, 'displayName': 'Angle'}, 'value': '1.50'}, {'type': {'value': 56, 'displayName': 'Zone'}, 'value': 'Left'}, {'type': {'value': 140, 'displayName': 'PassEndX'}, 'value': '73.4'}, {'type': {'value': 178, 'displayName': 'StandingSave'}}, {'type': {'value': 212, 'displayName': 'Length'}, 'value': '5.7'}, {'type': {'value': 141, 'displayName': 'PassEndY'}, 'value': '94.7'}]","[91, 119, 117, 30, 205, 36, 37, 217, 218]",True,357427.0,73.4,94.7,,,,,,,,,
2610473689.0,799,93,12.0,31,73.4,94.7,99,"{'value': 2, 'displayName': 'SecondHalf'}","{'value': 1, 'displayName': 'Pass'}","{'value': 1, 'displayName': 'Successful'}","[{'type': {'value': 56, 'displayName': 'Zone'}, 'value': 'Left'}, {'type': {'value': 178, 'displayName': 'StandingSave'}}, {'type': {'value': 212, 'displayName': 'Length'}, 'value': '4.2'}, {'type': {'value': 213, 'displayName': 'Angle'}, 'value': '4.81'}, {'type': {'value': 141, 'displayName': 'PassEndY'}, 'value': '88.6'}, {'type': {'value': 140, 'displayName': 'PassEndX'}, 'value': '73.8'}]","[91, 119, 117, 30, 205, 36, 38, 217, 218]",True,345516.0,73.8,88.6,,,,,,,,,
2610473709.0,800,93,16.0,31,78.5,95.6,99,"{'value': 2, 'displayName': 'SecondHalf'}","{'value': 61, 'displayName': 'BallTouch'}","{'value': 0, 'displayName': 'Unsuccessful'}","[{'type': {'value': 56, 'displayName': 'Zone'}, 'value': 'Left'}, {'type': {'value': 178, 'displayName': 'StandingSave'}}]","[91, 69]",True,357427.0,,,,,,,,,,,
2610474097.0,1042,93,48.0,29,24.6,0.0,99,"{'value': 2, 'displayName': 'SecondHalf'}","{'value': 1, 'displayName': 'Pass'}","{'value': 1, 'displayName': 'Successful'}","[{'type': {'value': 213, 'displayName': 'Angle'}, 'value': '1.33'}, {'type': {'value': 212, 'displayName': 'Length'}, 'value': '28.5'}, {'type': {'value': 107, 'displayName': 'ThrowIn'}}, {'type': {'value': 1, 'displayName': 'Longball'}}, {'type': {'value': 56, 'displayName': 'Zone'}, 'value': 'Back'}, {'type': {'value': 140, 'displayName': 'PassEndX'}, 'value': '31.0'}, {'type': {'value': 141, 'displayName': 'PassEndY'}, 'value': '38.8'}]","[91, 212, 36, 37, 215]",True,111372.0,31.0,38.8,,,,,,,,,
2610474131.0,1043,93,51.0,29,31.0,40.0,99,"{'value': 2, 'displayName': 'SecondHalf'}","{'value': 1, 'displayName': 'Pass'}","{'value': 1, 'displayName': 'Successful'}","[{'type': {'value': 212, 'displayName': 'Length'}, 'value': '25.4'}, {'type': {'value': 213, 'displayName': 'Angle'}, 'value': '1.35'}, {'type': {'value': 56, 'displayName': 'Zone'}, 'value': 'Back'}, {'type': {'value': 141, 'displayName': 'PassEndY'}, 'value': '76.4'}, {'type': {'value': 140, 'displayName': 'PassEndX'}, 'value': '36.4'}, {'type': {'value': 178, 'displayName': 'StandingSave'}}]","[91, 117, 30, 36, 37, 216, 218]",True,143595.0,36.4,76.4,,,,,,,,,
2610474189.0,1044,93,55.0,29,36.8,79.1,99,"{'value': 2, 'displayName': 'SecondHalf'}","{'value': 1, 'displayName': 'Pass'}","{'value': 1, 'displayName': 'Successful'}","[{'type': {'value': 212, 'displayName': 'Length'}, 'value': '22.5'}, {'type': {'value': 213, 'displayName': 'Angle'}, 'value': '0.44'}, {'type': {'value': 56, 'displayName': 'Zone'}, 'value': 'Left'}, {'type': {'value': 178, 'displayName': 'StandingSave'}}, {'type': {'value': 140, 'displayName': 'PassEndX'}, 'value': '56.2'}, {'type': {'value': 141, 'displayName': 'PassEndY'}, 'value': '93.3'}]","[91, 119, 117, 30, 36, 37, 216, 218]",True,362434.0,56.2,93.3,,,,,,,,,
2610474235.0,1045,94,1.0,29,58.1,90.9,100,"{'value': 2, 'displayName': 'SecondHalf'}","{'value': 1, 'displayName': 'Pass'}","{'value': 1, 'displayName': 'Successful'}","[{'type': {'value': 178, 'displayName': 'StandingSave'}}, {'type': {'value': 140, 'displayName': 'PassEndX'}, 'value': '45.0'}, {'type': {'value': 56, 'displayName': 'Zone'}, 'value': 'Back'}, {'type': {'value': 213, 'displayName': 'Angle'}, 'value': '4.15'}, {'type': {'value': 212, 'displayName': 'Length'}, 'value': '26.0'}, {'type': {'value': 141, 'displayName': 'PassEndY'}, 'value': '58.5'}]","[91, 117, 30, 35, 38, 216, 218]",True,137021.0,45.0,58.5,,,,,,,,,
2610474271.0,1046,94,5.0,29,44.6,50.1,100,"{'value': 2, 'displayName': 'SecondHalf'}","{'value': 1, 'displayName': 'Pass'}","{'value': 1, 'displayName': 'Successful'}","[{'type': {'value': 141, 'displayName': 'PassEndY'}, 'value': '33.9'}, {'type': {'value': 56, 'displayName': 'Zone'}, 'value': 'Center'}, {'type': {'value': 212, 'displayName': 'Length'}, 'value': '15.6'}, {'type': {'value': 213, 'displayName': 'Angle'}, 'value': '5.50'}, {'type': {'value': 140, 'displayName': 'PassEndX'}, 'value': '55.1'}, {'type': {'value': 178, 'displayName': 'StandingSave'}}]","[91, 119, 117, 30, 36, 38, 216, 218]",True,322696.0,55.1,33.9,,,,,,,,,
2610474327.0,1047,94,8.0,29,55.3,37.6,100,"{'value': 2, 'displayName': 'SecondHalf'}","{'value': 1, 'displayName': 'Pass'}","{'value': 0, 'displayName': 'Unsuccessful'}","[{'type': {'value': 56, 'displayName': 'Zone'}, 'value': 'Left'}, {'type': {'value': 155, 'displayName': 'Chipped'}}, {'type': {'value': 141, 'displayName': 'PassEndY'}, 'value': '86.6'}, {'type': {'value': 212, 'displayName': 'Length'}, 'value': '46.2'}, {'type': {'value': 178, 'displayName': 'StandingSave'}}, {'type': {'value': 140, 'displayName': 'PassEndX'}, 'value': '85.8'}, {'type': {'value': 213, 'displayName': 'Angle'}, 'value': '0.81'}, {'type': {'value': 1, 'displayName': 'Longball'}}]","[91, 120, 124, 128, 36, 37, 217, 218]",True,319756.0,85.8,86.6,,,,,,,,,
2610474385.0,802,94,10.0,31,15.8,17.4,100,"{'value': 2, 'displayName': 'SecondHalf'}","{'value': 12, 'displayName': 'Clearance'}","{'value': 1, 'displayName': 'Successful'}","[{'type': {'value': 213, 'displayName': 'Angle'}, 'value': '5.82'}, {'type': {'value': 212, 'displayName': 'Length'}, 'value': '19.2'}, {'type': {'value': 141, 'displayName': 'PassEndY'}, 'value': '4.7'}, {'type': {'value': 140, 'displayName': 'PassEndX'}, 'value': '32.1'}, {'type': {'value': 56, 'displayName': 'Zone'}, 'value': 'Back'}]","[91, 94, 95, 215]",True,396975.0,32.1,4.7,,,,,,,,,
2610474437.0,1048,94,13.0,29,67.2,96.0,100,"{'value': 2, 'displayName': 'SecondHalf'}","{'value': 1, 'displayName': 'Pass'}","{'value': 1, 'displayName': 'Successful'}","[{'type': {'value': 141, 'displayName': 'PassEndY'}, 'value': '89.7'}, {'type': {'value': 212, 'displayName': 'Length'}, 'value': '12.6'}, {'type': {'value': 178, 'displayName': 'StandingSave'}}, {'type': {'value': 56, 'displayName': 'Zone'}, 'value': 'Left'}, {'type': {'value': 213, 'displayName': 'Angle'}, 'value': '3.49'}, {'type': {'value': 140, 'displayName': 'PassEndX'}, 'value': '55.9'}]","[91, 119, 117, 30, 35, 38, 216, 218]",True,143595.0,55.9,89.7,,,,,,,,,
2610474455.0,1049,94,17.0,29,68.2,85.4,100,"{'value': 2, 'displayName': 'SecondHalf'}","{'value': 1, 'displayName': 'Pass'}","{'value': 1, 'displayName': 'Successful'}","[{'type': {'value': 140, 'displayName': 'PassEndX'}, 'value': '73.6'}, {'type': {'value': 56, 'displayName': 'Zone'}, 'value': 'Left'}, {'type': {'value': 178, 'displayName': 'StandingSave'}}, {'type': {'value': 141, 'displayName': 'PassEndY'}, 'value': '82.1'}, {'type': {'value': 213, 'displayName': 'Angle'}, 'value': '5.91'}, {'type': {'value': 212, 'displayName': 'Length'}, 'value': '6.1'}]","[91, 119, 117, 30, 205, 36, 38, 217, 218]",True,362434.0,73.6,82.1,,,,,,,,,
2610474491.0,1050,94,18.0,29,74.9,82.6,100,"{'value': 2, 'displayName': 'SecondHalf'}","{'value': 1, 'displayName': 'Pass'}","{'value': 1, 'displayName': 'Successful'}","[{'type': {'value': 178, 'displayName': 'StandingSave'}}, {'type': {'value': 213, 'displayName': 'Angle'}, 'value': '0.39'}, {'type': {'value': 141, 'displayName': 'PassEndY'}, 'value': '91.1'}, {'type': {'value': 56, 'displayName': 'Zone'}, 'value': 'Left'}, {'type': {'value': 212, 'displayName': 'Length'}, 'value': '15.1'}, {'type': {'value': 140, 'displayName': 'PassEndX'}, 'value': '88.2'}]","[91, 119, 117, 30, 205, 36, 37, 217, 218]",True,143595.0,88.2,91.1,,,,,,,,,
2610474539.0,1051,94,23.0,29,80.5,79.0,100,"{'value': 2, 'displayName': 'SecondHalf'}","{'value': 61, 'displayName': 'BallTouch'}","{'value': 0, 'displayName': 'Unsuccessful'}","[{'type': {'value': 56, 'displayName': 'Zone'}, 'value': 'Left'}, {'type': {'value': 178, 'displayName': 'StandingSave'}}]","[91, 69]",True,137021.0,,,,,,,,,,,
2610474551.0,803,94,24.0,31,12.2,13.2,100,"{'value': 2, 'displayName': 'SecondHalf'}","{'value': 12, 'displayName': 'Clearance'}","{'value': 1, 'displayName': 'Successful'}","[{'type': {'value': 178, 'displayName': 'StandingSave'}}, {'type': {'value': 212, 'displayName': 'Length'}, 'value': '10.2'}, {'type': {'value': 141, 'displayName': 'PassEndY'}, 'value': '0.0'}, {'type': {'value': 213, 'displayName': 'Angle'}, 'value': '4.44'}, {'type': {'value': 56, 'displayName': 'Zone'}, 'value': 'Back'}, {'type': {'value': 140, 'displayName': 'PassEndX'}, 'value': '9.6'}]","[91, 94, 95, 215]",True,317896.0,9.6,0.0,,,,,,,,,
2610474797.0,1053,94,43.0,29,90.7,100.0,100,"{'value': 2, 'displayName': 'SecondHalf'}","{'value': 1, 'displayName': 'Pass'}","{'value': 1, 'displayName': 'Successful'}","[{'type': {'value': 56, 'displayName': 'Zone'}, 'value': 'Left'}, {'type': {'value': 107, 'displayName': 'ThrowIn'}}, {'type': {'value': 213, 'displayName': 'Angle'}, 'value': '3.71'}, {'type': {'value': 140, 'displayName': 'PassEndX'}, 'value': '78.1'}, {'type': {'value': 141, 'displayName': 'PassEndY'}, 'value': '89.4'}, {'type': {'value': 212, 'displayName': 'Length'}, 'value': '15.7'}]","[91, 212, 35, 38, 217]",True,362434.0,78.1,89.4,,,,,,,,,
2610474801.0,1054,94,45.0,29,78.0,86.6,100,"{'value': 2, 'displayName': 'SecondHalf'}","{'value': 1, 'displayName': 'Pass'}","{'value': 0, 'displayName': 'Unsuccessful'}","[{'type': {'value': 72, 'displayName': 'LeftFoot'}}, {'type': {'value': 141, 'displayName': 'PassEndY'}, 'value': '61.2'}, {'type': {'value': 2, 'displayName': 'Cross'}}, {'type': {'value': 140, 'displayName': 'PassEndX'}, 'value': '88.3'}, {'type': {'value': 155, 'displayName': 'Chipped'}}, {'type': {'value': 212, 'displayName': 'Length'}, 'value': '20.4'}, {'type': {'value': 56, 'displayName': 'Zone'}, 'value': 'Center'}, {'type': {'value': 178, 'displayName': 'StandingSave'}}, {'type': {'value': 213, 'displayName': 'Angle'}, 'value': '5.27'}]","[91, 138, 124, 126, 36, 38, 217, 218]",True,319756.0,88.3,61.2,,,,,,,,,
2610474921.0,805,94,46.0,31,13.1,38.5,100,"{'value': 2, 'displayName': 'SecondHalf'}","{'value': 12, 'displayName': 'Clearance'}","{'value': 1, 'displayName': 'Successful'}","[{'type': {'value': 178, 'displayName': 'StandingSave'}}, {'type': {'value': 141, 'displayName': 'PassEndY'}, 'value': '27.6'}, {'type': {'value': 140, 'displayName': 'PassEndX'}, 'value': '45.5'}, {'type': {'value': 56, 'displayName': 'Zone'}, 'value': 'Back'}, {'type': {'value': 213, 'displayName': 'Angle'}, 'value': '6.07'}, {'type': {'value': 212, 'displayName': 'Length'}, 'value': '34.8'}]","[91, 94, 95, 216]",True,131464.0,45.5,27.6,,,,,,,,,
2610474817.0,1055,94,47.0,29,57.5,72.3,100,"{'value': 2, 'displayName': 'SecondHalf'}","{'value': 61, 'displayName': 'BallTouch'}","{'value': 1, 'displayName': 'Successful'}","[{'type': {'value': 56, 'displayName': 'Zone'}, 'value': 'Center'}, {'type': {'value': 178, 'displayName': 'StandingSave'}}]",[91],True,322696.0,,,,,,,,,,,
2610474883.0,1056,94,52.0,29,43.6,55.1,100,"{'value': 2, 'displayName': 'SecondHalf'}","{'value': 1, 'displayName': 'Pass'}","{'value': 1, 'displayName': 'Successful'}","[{'type': {'value': 213, 'displayName': 'Angle'}, 'value': '5.43'}, {'type': {'value': 155, 'displayName': 'Chipped'}}, {'type': {'value': 178, 'displayName': 'StandingSave'}}, {'type': {'value': 212, 'displayName': 'Length'}, 'value': '43.7'}, {'type': {'value': 141, 'displayName': 'PassEndY'}, 'value': '6.7'}, {'type': {'value': 1, 'displayName': 'Longball'}}, {'type': {'value': 56, 'displayName': 'Zone'}, 'value': 'Right'}, {'type': {'value': 140, 'displayName': 'PassEndX'}, 'value': '71.0'}]","[91, 119, 117, 124, 127, 205, 36, 38, 217, 218]",True,92516.0,71.0,6.7,,,,,,,,,
2610474905.0,1057,94,55.0,29,65.2,7.5,100,"{'value': 2, 'displayName': 'SecondHalf'}","{'value': 44, 'displayName': 'Aerial'}","{'value': 1, 'displayName': 'Successful'}","[{'type': {'value': 56, 'displayName': 'Zone'}, 'value': 'Right'}, {'type': {'value': 233, 'displayName': 'OppositeRelatedEvent'}, 'value': '806'}, {'type': {'value': 286, 'displayName': 'Offensive'}}]","[197, 199]",False,400166.0,,,,,,,,,,,
2610474929.0,806,94,55.0,31,34.8,92.5,100,"{'value': 2, 'displayName': 'SecondHalf'}","{'value': 44, 'displayName': 'Aerial'}","{'value': 0, 'displayName': 'Unsuccessful'}","[{'type': {'value': 56, 'displayName': 'Zone'}, 'value': 'Back'}, {'type': {'value': 285, 'displayName': 'Defensive'}}, {'type': {'value': 233, 'displayName': 'OppositeRelatedEvent'}, 'value': '1057'}]","[198, 200]",False,357427.0,,,,,,,,,,,
2610474909.0,1058,94,55.0,29,68.4,5.9,100,"{'value': 2, 'displayName': 'SecondHalf'}","{'value': 61, 'displayName': 'BallTouch'}","{'value': 0, 'displayName': 'Unsuccessful'}","[{'type': {'value': 56, 'displayName': 'Zone'}, 'value': 'Right'}, {'type': {'value': 21, 'displayName': 'OtherBodyPart'}}]","[91, 69]",True,400166.0,,,,,,,,,,,
2610474957.0,807,94,56.0,31,42.5,93.2,100,"{'value': 2, 'displayName': 'SecondHalf'}","{'value': 61, 'displayName': 'BallTouch'}","{'value': 0, 'displayName': 'Unsuccessful'}","[{'type': {'value': 56, 'displayName': 'Zone'}, 'value': 'Back'}, {'type': {'value': 178, 'displayName': 'StandingSave'}}]","[91, 69]",True,116317.0,,,,,,,,,,,
2610475009.0,1060,95,2.0,29,63.9,0.0,101,"{'value': 2, 'displayName': 'SecondHalf'}","{'value': 1, 'displayName': 'Pass'}","{'value': 1, 'displayName': 'Successful'}","[{'type': {'value': 141, 'displayName': 'PassEndY'}, 'value': '5.9'}, {'type': {'value': 212, 'displayName': 'Length'}, 'value': '21.0'}, {'type': {'value': 56, 'displayName': 'Zone'}, 'value': 'Right'}, {'type': {'value': 213, 'displayName': 'Angle'}, 'value': '0.24'}, {'type': {'value': 107, 'displayName': 'ThrowIn'}}, {'type': {'value': 140, 'displayName': 'PassEndX'}, 'value': '83.3'}]","[91, 212, 36, 37, 217]",True,111372.0,83.3,5.9,,,,,,,,,
2610475013.0,1061,95,4.0,29,83.3,6.1,101,"{'value': 2, 'displayName': 'SecondHalf'}","{'value': 1, 'displayName': 'Pass'}","{'value': 1, 'displayName': 'Successful'}","[{'type': {'value': 140, 'displayName': 'PassEndX'}, 'value': '77.1'}, {'type': {'value': 178, 'displayName': 'StandingSave'}}, {'type': {'value': 141, 'displayName': 'PassEndY'}, 'value': '5.3'}, {'type': {'value': 212, 'displayName': 'Length'}, 'value': '6.5'}, {'type': {'value': 56, 'displayName': 'Zone'}, 'value': 'Right'}, {'type': {'value': 213, 'displayName': 'Angle'}, 'value': '3.22'}]","[91, 119, 117, 30, 205, 35, 38, 217, 218]",True,400166.0,77.1,5.3,,,,,,,,,
2610475017.0,1062,95,5.0,29,77.4,5.9,101,"{'value': 2, 'displayName': 'SecondHalf'}","{'value': 3, 'displayName': 'TakeOn'}","{'value': 0, 'displayName': 'Unsuccessful'}","[{'type': {'value': 233, 'displayName': 'OppositeRelatedEvent'}, 'value': '809'}, {'type': {'value': 178, 'displayName': 'StandingSave'}}, {'type': {'value': 56, 'displayName': 'Zone'}, 'value': 'Right'}, {'type': {'value': 286, 'displayName': 'Offensive'}}]","[91, 53]",True,111372.0,,,,,,,,,,,
2610475043.0,809,95,5.0,31,22.6,94.1,101,"{'value': 2, 'displayName': 'SecondHalf'}","{'value': 7, 'displayName': 'Tackle'}","{'value': 0, 'displayName': 'Unsuccessful'}","[{'type': {'value': 56, 'displayName': 'Zone'}, 'value': 'Back'}, {'type': {'value': 285, 'displayName': 'Defensive'}}, {'type': {'value': 178, 'displayName': 'StandingSave'}}, {'type': {'value': 233, 'displayName': 'OppositeRelatedEvent'}, 'value': '1062'}]","[91, 142]",True,357427.0,,,,,,,,,,,
2610475033.0,1063,95,7.0,29,76.8,4.3,101,"{'value': 2, 'displayName': 'SecondHalf'}","{'value': 1, 'displayName': 'Pass'}","{'value': 0, 'displayName': 'Unsuccessful'}","[{'type': {'value': 141, 'displayName': 'PassEndY'}, 'value': '4.6'}, {'type': {'value': 233, 'displayName': 'OppositeRelatedEvent'}, 'value': '810'}, {'type': {'value': 212, 'displayName': 'Length'}, 'value': '0.9'}, {'type': {'value': 178, 'displayName': 'StandingSave'}}, {'type': {'value': 56, 'displayName': 'Zone'}, 'value': 'Right'}, {'type': {'value': 286, 'displayName': 'Offensive'}}, {'type': {'value': 213, 'displayName': 'Angle'}, 'value': '0.24'}, {'type': {'value': 140, 'displayName': 'PassEndX'}, 'value': '77.6'}]","[91, 120, 29, 36, 37, 217, 218]",True,111372.0,77.6,4.6,,,,,,,,,
2610475063.0,810,95,7.0,31,24.0,93.5,101,"{'value': 2, 'displayName': 'SecondHalf'}","{'value': 74, 'displayName': 'BlockedPass'}","{'value': 1, 'displayName': 'Successful'}","[{'type': {'value': 178, 'displayName': 'StandingSave'}}, {'type': {'value': 285, 'displayName': 'Defensive'}}, {'type': {'value': 233, 'displayName': 'OppositeRelatedEvent'}, 'value': '1063'}, {'type': {'value': 56, 'displayName': 'Zone'}, 'value': 'Back'}]","[91, 60]",True,357427.0,,,,,,,,,,,
2610475081.0,811,95,9.0,31,25.0,88.0,101,"{'value': 2, 'displayName': 'SecondHalf'}","{'value': 49, 'displayName': 'BallRecovery'}","{'value': 1, 'displayName': 'Successful'}",[],[93],False,400815.0,,,,,,,,,,,
2610475101.0,812,95,10.0,31,29.1,89.3,101,"{'value': 2, 'displayName': 'SecondHalf'}","{'value': 1, 'displayName': 'Pass'}","{'value': 1, 'displayName': 'Successful'}","[{'type': {'value': 213, 'displayName': 'Angle'}, 'value': '0.36'}, {'type': {'value': 140, 'displayName': 'PassEndX'}, 'value': '40.2'}, {'type': {'value': 141, 'displayName': 'PassEndY'}, 'value': '95.7'}, {'type': {'value': 56, 'displayName': 'Zone'}, 'value': 'Back'}, {'type': {'value': 178, 'displayName': 'StandingSave'}}, {'type': {'value': 155, 'displayName': 'Chipped'}}, {'type': {'value': 212, 'displayName': 'Length'}, 'value': '12.4'}]","[91, 117, 30, 124, 36, 37, 216, 218]",True,400815.0,40.2,95.7,,,,,,,,,
2610475119.0,813,95,12.0,31,40.6,95.7,101,"{'value': 2, 'displayName': 'SecondHalf'}","{'value': 1, 'displayName': 'Pass'}","{'value': 0, 'displayName': 'Unsuccessful'}","[{'type': {'value': 140, 'displayName': 'PassEndX'}, 'value': '67.4'}, {'type': {'value': 213, 'displayName': 'Angle'}, 'value': '6.23'}, {'type': {'value': 178, 'displayName': 'StandingSave'}}, {'type': {'value': 56, 'displayName': 'Zone'}, 'value': 'Left'}, {'type': {'value': 212, 'displayName': 'Length'}, 'value': '28.2'}, {'type': {'value': 141, 'displayName': 'PassEndY'}, 'value': '93.5'}]","[91, 120, 29, 36, 38, 217, 218]",True,116317.0,67.4,93.5,,,,,,,,,
2610475113.0,1064,95,15.0,29,36.7,7.4,101,"{'value': 2, 'displayName': 'SecondHalf'}","{'value': 49, 'displayName': 'BallRecovery'}","{'value': 1, 'displayName': 'Successful'}",[],[93],False,322696.0,,,,,,,,,,,
2610475171.0,1065,95,17.0,29,38.1,12.0,101,"{'value': 2, 'displayName': 'SecondHalf'}","{'value': 1, 'displayName': 'Pass'}","{'value': 1, 'displayName': 'Successful'}","[{'type': {'value': 178, 'displayName': 'StandingSave'}}, {'type': {'value': 141, 'displayName': 'PassEndY'}, 'value': '38.5'}, {'type': {'value': 56, 'displayName': 'Zone'}, 'value': 'Back'}, {'type': {'value': 213, 'displayName': 'Angle'}, 'value': '2.16'}, {'type': {'value': 212, 'displayName': 'Length'}, 'value': '21.6'}, {'type': {'value': 140, 'displayName': 'PassEndX'}, 'value': '26.7'}]","[91, 117, 30, 35, 37, 215, 218]",True,322696.0,26.7,38.5,,,,,,,,,
2610475181.0,1066,95,19.0,29,26.7,38.5,101,"{'value': 2, 'displayName': 'SecondHalf'}","{'value': 1, 'displayName': 'Pass'}","{'value': 1, 'displayName': 'Successful'}","[{'type': {'value': 56, 'displayName': 'Zone'}, 'value': 'Back'}, {'type': {'value': 178, 'displayName': 'StandingSave'}}, {'type': {'value': 213, 'displayName': 'Angle'}, 'value': '1.02'}, {'type': {'value': 212, 'displayName': 'Length'}, 'value': '23.2'}, {'type': {'value': 140, 'displayName': 'PassEndX'}, 'value': '38.3'}, {'type': {'value': 141, 'displayName': 'PassEndY'}, 'value': '67.5'}]","[91, 117, 30, 36, 37, 216, 218]",True,92516.0,38.3,67.5,,,,,,,,,
2610475271.0,1067,95,22.0,29,39.0,79.3,101,"{'value': 2, 'displayName': 'SecondHalf'}","{'value': 1, 'displayName': 'Pass'}","{'value': 1, 'displayName': 'Successful'}","[{'type': {'value': 141, 'displayName': 'PassEndY'}, 'value': '73.8'}, {'type': {'value': 213, 'displayName': 'Angle'}, 'value': '5.88'}, {'type': {'value': 212, 'displayName': 'Length'}, 'value': '9.5'}, {'type': {'value': 140, 'displayName': 'PassEndX'}, 'value': '47.3'}, {'type': {'value': 56, 'displayName': 'Zone'}, 'value': 'Back'}, {'type': {'value': 178, 'displayName': 'StandingSave'}}]","[91, 117, 30, 36, 38, 216, 218]",True,362434.0,47.3,73.8,,,,,,,,,
2610475331.0,1068,95,26.0,29,56.6,84.1,101,"{'value': 2, 'displayName': 'SecondHalf'}","{'value': 1, 'displayName': 'Pass'}","{'value': 1, 'displayName': 'Successful'}","[{'type': {'value': 213, 'displayName': 'Angle'}, 'value': '6.13'}, {'type': {'value': 178, 'displayName': 'StandingSave'}}, {'type': {'value': 1, 'displayName': 'Longball'}}, {'type': {'value': 56, 'displayName': 'Zone'}, 'value': 'Center'}, {'type': {'value': 141, 'displayName': 'PassEndY'}, 'value': '75.6'}, {'type': {'value': 155, 'displayName': 'Chipped'}}, {'type': {'value': 212, 'displayName': 'Length'}, 'value': '36.8'}, {'type': {'value': 140, 'displayName': 'PassEndX'}, 'value': '91.2'}]","[91, 119, 117, 124, 127, 205, 36, 38, 217, 218]",True,319756.0,91.2,75.6,,,,,,,,,
2610475351.0,1069,95,30.0,29,91.9,73.8,101,"{'value': 2, 'displayName': 'SecondHalf'}","{'value': 1, 'displayName': 'Pass'}","{'value': 0, 'displayName': 'Unsuccessful'}","[{'type': {'value': 140, 'displayName': 'PassEndX'}, 'value': '97.0'}, {'type': {'value': 178, 'displayName': 'StandingSave'}}, {'type': {'value': 155, 'displayName': 'Chipped'}}, {'type': {'value': 213, 'displayName': 'Angle'}, 'value': '5.16'}, {'type': {'value': 56, 'displayName': 'Zone'}, 'value': 'Center'}, {'type': {'value': 212, 'displayName': 'Length'}, 'value': '12.4'}, {'type': {'value': 141, 'displayName': 'PassEndY'}, 'value': '57.3'}]","[91, 120, 29, 124, 36, 38, 217, 218]",True,91762.0,97.0,57.3,,,,,,,,,
2610475343.0,814,95,31.0,31,2.4,43.6,101,"{'value': 2, 'displayName': 'SecondHalf'}","{'value': 52, 'displayName': 'KeeperPickup'}","{'value': 1, 'displayName': 'Successful'}","[{'type': {'value': 178, 'displayName': 'StandingSave'}}]",[93],False,110189.0,,,,,,,,,,,
2610475795.0,817,95,58.0,31,21.7,71.2,101,"{'value': 2, 'displayName': 'SecondHalf'}","{'value': 1, 'displayName': 'Pass'}","{'value': 0, 'displayName': 'Unsuccessful'}","[{'type': {'value': 155, 'displayName': 'Chipped'}}, {'type': {'value': 141, 'displayName': 'PassEndY'}, 'value': '45.7'}, {'type': {'value': 1, 'displayName': 'Longball'}}, {'type': {'value': 213, 'displayName': 'Angle'}, 'value': '6.01'}, {'type': {'value': 178, 'displayName': 'StandingSave'}}, {'type': {'value': 56, 'displayName': 'Zone'}, 'value': 'Center'}, {'type': {'value': 140, 'displayName': 'PassEndX'}, 'value': '81.6'}, {'type': {'value': 212, 'displayName': 'Length'}, 'value': '65.2'}]","[91, 120, 124, 128, 36, 38, 217, 218]",True,110189.0,81.6,45.7,,,,,,,,,
2610475789.0,1070,96,4.0,29,18.9,55.0,102,"{'value': 2, 'displayName': 'SecondHalf'}","{'value': 49, 'displayName': 'BallRecovery'}","{'value': 1, 'displayName': 'Successful'}",[],[93],False,362434.0,,,,,,,,,,,
2610475829.0,1071,96,4.0,29,19.1,54.4,102,"{'value': 2, 'displayName': 'SecondHalf'}","{'value': 1, 'displayName': 'Pass'}","{'value': 1, 'displayName': 'Successful'}","[{'type': {'value': 56, 'displayName': 'Zone'}, 'value': 'Back'}, {'type': {'value': 140, 'displayName': 'PassEndX'}, 'value': '9.7'}, {'type': {'value': 212, 'displayName': 'Length'}, 'value': '10.1'}, {'type': {'value': 213, 'displayName': 'Angle'}, 'value': '3.34'}, {'type': {'value': 141, 'displayName': 'PassEndY'}, 'value': '51.5'}, {'type': {'value': 178, 'displayName': 'StandingSave'}}]","[91, 117, 30, 35, 38, 215, 218]",True,362434.0,9.7,51.5,,,,,,,,,
2610475869.0,1072,96,5.0,29,9.3,51.1,102,"{'value': 2, 'displayName': 'SecondHalf'}","{'value': 1, 'displayName': 'Pass'}","{'value': 1, 'displayName': 'Successful'}","[{'type': {'value': 140, 'displayName': 'PassEndX'}, 'value': '22.5'}, {'type': {'value': 141, 'displayName': 'PassEndY'}, 'value': '73.6'}, {'type': {'value': 178, 'displayName': 'StandingSave'}}, {'type': {'value': 212, 'displayName': 'Length'}, 'value': '20.6'}, {'type': {'value': 213, 'displayName': 'Angle'}, 'value': '0.83'}, {'type': {'value': 56, 'displayName': 'Zone'}, 'value': 'Back'}]","[91, 117, 30, 36, 37, 215, 218]",True,92516.0,22.5,73.6,,,,,,,,,
2610475897.0,1073,96,10.0,29,33.5,80.5,102,"{'value': 2, 'displayName': 'SecondHalf'}","{'value': 1, 'displayName': 'Pass'}","{'value': 1, 'displayName': 'Successful'}","[{'type': {'value': 155, 'displayName': 'Chipped'}}, {'type': {'value': 140, 'displayName': 'PassEndX'}, 'value': '60.4'}, {'type': {'value': 178, 'displayName': 'StandingSave'}}, {'type': {'value': 141, 'displayName': 'PassEndY'}, 'value': '35.7'}, {'type': {'value': 212, 'displayName': 'Length'}, 'value': '41.5'}, {'type': {'value': 213, 'displayName': 'Angle'}, 'value': '5.46'}, {'type': {'value': 56, 'displayName': 'Zone'}, 'value': 'Center'}, {'type': {'value': 1, 'displayName': 'Longball'}}]","[91, 119, 117, 124, 127, 36, 38, 216, 218]",True,362434.0,60.4,35.7,,,,,,,,,
2610475907.0,1074,96,12.0,29,59.9,34.9,102,"{'value': 2, 'displayName': 'SecondHalf'}","{'value': 1, 'displayName': 'Pass'}","{'value': 1, 'displayName': 'Successful'}","[{'type': {'value': 212, 'displayName': 'Length'}, 'value': '21.7'}, {'type': {'value': 141, 'displayName': 'PassEndY'}, 'value': '13.7'}, {'type': {'value': 3, 'displayName': 'HeadPass'}}, {'type': {'value': 213, 'displayName': 'Angle'}, 'value': '5.56'}, {'type': {'value': 56, 'displayName': 'Zone'}, 'value': 'Right'}, {'type': {'value': 140, 'displayName': 'PassEndX'}, 'value': '75.3'}]","[91, 119, 117, 30, 139, 205, 36, 38, 217, 218]",True,143595.0,75.3,13.7,,,,,,,,,
2610475925.0,1075,96,15.0,29,79.1,19.4,102,"{'value': 2, 'displayName': 'SecondHalf'}","{'value': 1, 'displayName': 'Pass'}","{'value': 1, 'displayName': 'Successful'}","[{'type': {'value': 212, 'displayName': 'Length'}, 'value': '15.0'}, {'type': {'value': 213, 'displayName': 'Angle'}, 'value': '0.21'}, {'type': {'value': 56, 'displayName': 'Zone'}, 'value': 'Center'}, {'type': {'value': 141, 'displayName': 'PassEndY'}, 'value': '24.0'}, {'type': {'value': 140, 'displayName': 'PassEndX'}, 'value': '93.1'}, {'type': {'value': 178, 'displayName': 'StandingSave'}}]","[91, 119, 117, 30, 205, 36, 37, 217, 218]",True,400166.0,93.1,24.0,,,,,,,,,
2610475937.0,1076,96,16.0,29,93.0,24.0,102,"{'value': 2, 'displayName': 'SecondHalf'}","{'value': 1, 'displayName': 'Pass'}","{'value': 0, 'displayName': 'Unsuccessful'}","[{'type': {'value': 212, 'displayName': 'Length'}, 'value': '2.1'}, {'type': {'value': 141, 'displayName': 'PassEndY'}, 'value': '27.0'}, {'type': {'value': 213, 'displayName': 'Angle'}, 'value': '1.87'}, {'type': {'value': 233, 'displayName': 'OppositeRelatedEvent'}, 'value': '818'}, {'type': {'value': 178, 'displayName': 'StandingSave'}}, {'type': {'value': 56, 'displayName': 'Zone'}, 'value': 'Center'}, {'type': {'value': 140, 'displayName': 'PassEndX'}, 'value': '92.4'}, {'type': {'value': 286, 'displayName': 'Offensive'}}]","[91, 120, 29, 35, 37, 217, 218]",True,322596.0,92.4,27.0,,,,,,,,,
2610475941.0,818,96,16.0,31,8.4,70.9,102,"{'value': 2, 'displayName': 'SecondHalf'}","{'value': 74, 'displayName': 'BlockedPass'}","{'value': 1, 'displayName': 'Successful'}","[{'type': {'value': 285, 'displayName': 'Defensive'}}, {'type': {'value': 56, 'displayName': 'Zone'}, 'value': 'Back'}, {'type': {'value': 178, 'displayName': 'StandingSave'}}, {'type': {'value': 233, 'displayName': 'OppositeRelatedEvent'}, 'value': '1076'}]","[91, 60]",True,381045.0,,,,,,,,,,,
2610475961.0,819,96,18.0,31,3.3,58.1,102,"{'value': 2, 'displayName': 'SecondHalf'}","{'value': 52, 'displayName': 'KeeperPickup'}","{'value': 1, 'displayName': 'Successful'}","[{'type': {'value': 178, 'displayName': 'StandingSave'}}]",[93],False,110189.0,,,,,,,,,,,
2610476143.0,820,96,36.0,31,15.4,71.5,102,"{'value': 2, 'displayName': 'SecondHalf'}","{'value': 1, 'displayName': 'Pass'}","{'value': 0, 'displayName': 'Unsuccessful'}","[{'type': {'value': 213, 'displayName': 'Angle'}, 'value': '6.15'}, {'type': {'value': 212, 'displayName': 'Length'}, 'value': '56.7'}, {'type': {'value': 140, 'displayName': 'PassEndX'}, 'value': '68.9'}, {'type': {'value': 56, 'displayName': 'Zone'}, 'value': 'Center'}, {'type': {'value': 1, 'displayName': 'Longball'}}, {'type': {'value': 141, 'displayName': 'PassEndY'}, 'value': '60.2'}]","[91, 120, 128, 36, 38, 217, 218]",True,110189.0,68.9,60.2,,,,,,,,,
2610476159.0,821,96,38.0,31,0.0,0.0,102,"{'value': 2, 'displayName': 'SecondHalf'}","{'value': 30, 'displayName': 'End'}","{'value': 1, 'displayName': 'Successful'}",[],[],False,,,,,,,,,,,,
2610476161.0,1078,96,38.0,29,0.0,0.0,102,"{'value': 2, 'displayName': 'SecondHalf'}","{'value': 30, 'displayName': 'End'}","{'value': 1, 'displayName': 'Successful'}",[],[],False,,,,,,,,,,,,
2610477303.0,1079,0,0.0,29,0.0,0.0,12,"{'value': 14, 'displayName': 'PostGame'}","{'value': 30, 'displayName': 'End'}","{'value': 1, 'displayName': 'Successful'}",[],[],False,,,,,,,,,,,,
2610477333.0,823,0,0.0,31,0.0,0.0,12,"{'value': 14, 'displayName': 'PostGame'}","{'value': 30, 'displayName': 'End'}","{'value': 1, 'displayName': 'Successful'}",[],[],False,,,,,,,,,,,,
2610289121.0,1,0,0.0,29,0.0,0.0,0,"{'value': 16, 'displayName': 'PreMatch'}","{'value': 34, 'displayName': 'FormationSet'}","{'value': 1, 'displayName': 'Successful'}","[{'type': {'value': 44, 'displayName': 'PlayerPosition'}, 'value': '1, 2, 2, 3, 2, 2, 3, 3, 4, 3, 3, 5, 5, 5, 5, 5, 5, 5, 5, 5'}, {'type': {'value': 59, 'displayName': 'JerseyNumber'}, 'value': '23, 5, 3, 7, 4, 27, 20, 19, 9, 14, 10, 1, 8, 15, 17, 18, 21, 22, 24, 28'}, {'type': {'value': 30, 'displayName': 'InvolvedPlayers'}, 'value': '92516,111372,68049,105172,106086,362434,322596,322696,69517,400166,319756,20973,297203,351127,125004,91762,23547,137021,255167,143595'}, {'type': {'value': 131, 'displayName': 'TeamPlayerFormation'}, 'value': '1, 2, 3, 4, 5, 6, 7, 8, 9, 10, 11, 0, 0, 0, 0, 0, 0, 0, 0, 0'}, {'type': {'value': 194, 'displayName': 'CaptainPlayerId'}, 'value': '106086'}, {'type': {'value': 130, 'displayName': 'TeamFormation'}, 'value': '8'}]",[],False,,,,,,,,,,,,
2610289175.0,1,0,0.0,31,0.0,0.0,0,"{'value': 16, 'displayName': 'PreMatch'}","{'value': 34, 'displayName': 'FormationSet'}","{'value': 1, 'displayName': 'Successful'}","[{'type': {'value': 44, 'displayName': 'PlayerPosition'}, 'value': '1, 2, 2, 3, 2, 2, 3, 3, 4, 4, 3, 5, 5, 5, 5, 5, 5, 5, 5, 5'}, {'type': {'value': 30, 'displayName': 'InvolvedPlayers'}, 'value': '110189,396975,345516,367781,131464,381045,317896,400815,141469,116317,357427,323625,362852,380546,287504,80464,447229,8105,450748,425711'}, {'type': {'value': 194, 'displayName': 'CaptainPlayerId'}, 'value': '131464'}, {'type': {'value': 59, 'displayName': 'JerseyNumber'}, 'value': '1, 2, 19, 37, 6, 32, 11, 8, 9, 16, 7, 10, 12, 14, 22, 27, 28, 31, 58, 61'}, {'type': {'value': 130, 'displayName': 'TeamFormation'}, 'value': '6'}, {'type': {'value': 131, 'displayName': 'TeamPlayerFormation'}, 'value': '1, 2, 3, 4, 5, 6, 7, 8, 9, 10, 11, 0, 0, 0, 0, 0, 0, 0, 0, 0'}]",[],False,,,,,,,,,,,,
