id,eventId,minute,second,teamId,x,y,expandedMinute,period,type,outcomeType,qualifiers,satisfiedEventsTypes,isTouch,playerId,endX,endY,relatedEventId,relatedPlayerId,blockedX,blockedY,goalMouthZ,goalMouthY,isShot,isGoal,cardType
2762460727.0,3,0,0.0,13,0.0,0.0,0,"{'value': 1, 'displayName': 'FirstHalf'}","{'value': 32, 'displayName': 'Start'}","{'value': 1, 'displayName': 'Successful'}",[],[],False,,,,,,,,,,,,
2762460731.0,3,0,0.0,165,0.0,0.0,0,"{'value': 1, 'displayName': 'FirstHalf'}","{'value': 32, 'displayName': 'Start'}","{'value': 1, 'displayName': 'Successful'}",[],[],False,,,,,,,,,,,,
2762460733.0,4,0,0.0,165,50.0,50.0,0,"{'value': 1, 'displayName': 'FirstHalf'}","{'value': 1, 'displayName': 'Pass'}","{'value': 1, 'displayName': 'Successful'}","[{'type': {'value': 141, 'displayName': 'PassEndY'}, 'value': '40.9'}, {'type': {'value': 212, 'displayName': 'Length'}, 'value': '20.0'}, {'type': {'value': 178, 'displayName': 'StandingSave'}}, {'type': {'value': 140, 'displayName': 'PassEndX'}, 'value': '31.9'}, {'type': {'value': 56, 'displayName': 'Zone'}, 'value': 'Back'}, {'type': {'value': 213, 'displayName': 'Angle'}, 'value': '3.46'}]","[91, 117, 30, 35, 38, 215, 218]",True,430908.0,31.9,40.9,,,,,,,,,
2762460755.0,5,0,6.0,165,31.3,42.5,0,"{'value': 1, 'displayName': 'FirstHalf'}","{'value': 1, 'displayName': 'Pass'}","{'value': 0, 'displayName': 'Unsuccessful'}","[{'type': {'value': 212, 'displayName': 'Length'}, 'value': '54.0'}, {'type': {'value': 213, 'displayName': 'Angle'}, 'value': '0.52'}, {'type': {'value': 140, 'displayName': 'PassEndX'}, 'value': '76.0'}, {'type': {'value': 1, 'displayName': 'Longball'}}, {'type': {'value': 178, 'displayName': 'StandingSave'}}, {'type': {'value': 56, 'displayName': 'Zone'}, 'value': 'Left'}, {'type': {'value': 141, 'displayName': 'PassEndY'}, 'value': '81.8'}]","[91, 120, 128, 36, 37, 217, 218]",True,356599.0,76.0,81.8,,,,,,,,,
2762460765.0,4,0,10.0,13,27.7,31.5,0,"{'value': 1, 'displayName': 'FirstHalf'}","{'value': 12, 'displayName': 'Clearance'}","{'value': 1, 'displayName': 'Successful'}","[{'type': {'value': 15, 'displayName': 'Head'}}, {'type': {'value': 141, 'displayName': 'PassEndY'}, 'value': '27.1'}, {'type': {'value': 140, 'displayName': 'PassEndX'}, 'value': '27.5'}, {'type': {'value': 212, 'displayName': 'Length'}, 'value': '3.0'}, {'type': {'value': 56, 'displayName': 'Zone'}, 'value': 'Back'}, {'type': {'value': 213, 'displayName': 'Angle'}, 'value': '4.64'}]","[91, 94, 95, 57, 215]",True,361822.0,27.5,27.1,,,,,,,,,
2762460769.0,6,0,10.0,165,76.0,81.8,0,"{'value': 1, 'displayName': 'FirstHalf'}","{'value': 61, 'displayName': 'BallTouch'}","{'value': 1, 'displayName': 'Successful'}","[{'type': {'value': 56, 'displayName': 'Zone'}, 'value': 'Left'}, {'type': {'value': 21, 'displayName': 'OtherBodyPart'}}, {'type': {'value': 178, 'displayName': 'StandingSave'}}]",[91],True,401254.0,,,,,,,,,,,
2762460775.0,5,0,11.0,13,26.4,27.9,0,"{'value': 1, 'displayName': 'FirstHalf'}","{'value': 49, 'displayName': 'BallRecovery'}","{'value': 1, 'displayName': 'Successful'}",[],[93],False,361822.0,,,,,,,,,,,
2762460779.0,6,0,12.0,13,26.3,27.7,0,"{'value': 1, 'displayName': 'FirstHalf'}","{'value': 1, 'displayName': 'Pass'}","{'value': 0, 'displayName': 'Unsuccessful'}","[{'type': {'value': 141, 'displayName': 'PassEndY'}, 'value': '24.7'}, {'type': {'value': 212, 'displayName': 'Length'}, 'value': '5.3'}, {'type': {'value': 140, 'displayName': 'PassEndX'}, 'value': '31.0'}, {'type': {'value': 56, 'displayName': 'Zone'}, 'value': 'Back'}, {'type': {'value': 178, 'displayName': 'StandingSave'}}, {'type': {'value': 213, 'displayName': 'Angle'}, 'value': '5.89'}]","[91, 118, 120, 29, 36, 38, 215, 218]",True,361822.0,31.0,24.7,,,,,,,,,
2762460781.0,8,0,13.0,165,71.9,75.1,0,"{'value': 1, 'displayName': 'FirstHalf'}","{'value': 49, 'displayName': 'BallRecovery'}","{'value': 1, 'displayName': 'Successful'}",[],[93],False,404108.0,,,,,,,,,,,
2762460789.0,9,0,13.0,165,71.9,75.1,0,"{'value': 1, 'displayName': 'FirstHalf'}","{'value': 1, 'displayName': 'Pass'}","{'value': 1, 'displayName': 'Successful'}","[{'type': {'value': 141, 'displayName': 'PassEndY'}, 'value': '68.2'}, {'type': {'value': 178, 'displayName': 'StandingSave'}}, {'type': {'value': 213, 'displayName': 'Angle'}, 'value': '3.93'}, {'type': {'value': 56, 'displayName': 'Zone'}, 'value': 'Center'}, {'type': {'value': 140, 'displayName': 'PassEndX'}, 'value': '67.5'}, {'type': {'value': 212, 'displayName': 'Length'}, 'value': '6.6'}]","[91, 119, 117, 30, 205, 35, 38, 217, 218]",True,404108.0,67.5,68.2,,,,,,,,,
2762460793.0,10,0,17.0,165,72.0,72.0,0,"{'value': 1, 'displayName': 'FirstHalf'}","{'value': 1, 'displayName': 'Pass'}","{'value': 1, 'displayName': 'Successful'}","[{'type': {'value': 178, 'displayName': 'StandingSave'}}, {'type': {'value': 140, 'displayName': 'PassEndX'}, 'value': '84.0'}, {'type': {'value': 212, 'displayName': 'Length'}, 'value': '18.7'}, {'type': {'value': 56, 'displayName': 'Zone'}, 'value': 'Left'}, {'type': {'value': 213, 'displayName': 'Angle'}, 'value': '0.83'}, {'type': {'value': 141, 'displayName': 'PassEndY'}, 'value': '92.4'}]","[91, 119, 117, 30, 205, 36, 37, 217, 218]",True,270446.0,84.0,92.4,,,,,,,,,
2762460795.0,11,0,18.0,165,87.4,94.8,0,"{'value': 1, 'displayName': 'FirstHalf'}","{'value': 1, 'displayName': 'Pass'}","{'value': 0, 'displayName': 'Unsuccessful'}","[{'type': {'value': 213, 'displayName': 'Angle'}, 'value': '4.90'}, {'type': {'value': 2, 'displayName': 'Cross'}}, {'type': {'value': 140, 'displayName': 'PassEndX'}, 'value': '88.6'}, {'type': {'value': 56, 'displayName': 'Zone'}, 'value': 'Left'}, {'type': {'value': 155, 'displayName': 'Chipped'}}, {'type': {'value': 212, 'displayName': 'Length'}, 'value': '6.8'}, {'type': {'value': 178, 'displayName': 'StandingSave'}}, {'type': {'value': 72, 'displayName': 'LeftFoot'}}, {'type': {'value': 141, 'displayName': 'PassEndY'}, 'value': '85.0'}]","[91, 138, 124, 126, 36, 38, 217, 218]",True,366211.0,88.6,85.0,,,,,,,,,
2762460801.0,8,0,19.0,13,11.1,17.9,0,"{'value': 1, 'displayName': 'FirstHalf'}","{'value': 61, 'displayName': 'BallTouch'}","{'value': 1, 'displayName': 'Successful'}","[{'type': {'value': 178, 'displayName': 'StandingSave'}}, {'type': {'value': 21, 'displayName': 'OtherBodyPart'}}, {'type': {'value': 56, 'displayName': 'Zone'}, 'value': 'Back'}]",[91],True,388650.0,,,,,,,,,,,
2762460821.0,9,0,22.0,13,5.3,66.5,0,"{'value': 1, 'displayName': 'FirstHalf'}","{'value': 12, 'displayName': 'Clearance'}","{'value': 1, 'displayName': 'Successful'}","[{'type': {'value': 212, 'displayName': 'Length'}, 'value': '41.3'}, {'type': {'value': 56, 'displayName': 'Zone'}, 'value': 'Back'}, {'type': {'value': 178, 'displayName': 'StandingSave'}}, {'type': {'value': 140, 'displayName': 'PassEndX'}, 'value': '40.5'}, {'type': {'value': 213, 'displayName': 'Angle'}, 'value': '0.46'}, {'type': {'value': 141, 'displayName': 'PassEndY'}, 'value': '93.7'}]","[91, 94, 95, 216]",True,334087.0,40.5,93.7,,,,,,,,,
2762460811.0,12,0,26.0,165,59.1,6.2,0,"{'value': 1, 'displayName': 'FirstHalf'}","{'value': 1, 'displayName': 'Pass'}","{'value': 0, 'displayName': 'Unsuccessful'}","[{'type': {'value': 213, 'displayName': 'Angle'}, 'value': '0.75'}, {'type': {'value': 3, 'displayName': 'HeadPass'}}, {'type': {'value': 56, 'displayName': 'Zone'}, 'value': 'Right'}, {'type': {'value': 212, 'displayName': 'Length'}, 'value': '2.0'}, {'type': {'value': 178, 'displayName': 'StandingSave'}}, {'type': {'value': 141, 'displayName': 'PassEndY'}, 'value': '8.2'}, {'type': {'value': 140, 'displayName': 'PassEndX'}, 'value': '60.5'}]","[91, 120, 29, 139, 36, 37, 216, 218]",True,362826.0,60.5,8.2,,,,,,,,,
2762460825.0,10,0,28.0,13,40.0,87.4,0,"{'value': 1, 'displayName': 'FirstHalf'}","{'value': 49, 'displayName': 'BallRecovery'}","{'value': 1, 'displayName': 'Successful'}",[],[93],False,113994.0,,,,,,,,,,,
2762460857.0,11,0,31.0,13,47.3,58.5,0,"{'value': 1, 'displayName': 'FirstHalf'}","{'value': 1, 'displayName': 'Pass'}","{'value': 1, 'displayName': 'Successful'}","[{'type': {'value': 213, 'displayName': 'Angle'}, 'value': '4.74'}, {'type': {'value': 178, 'displayName': 'StandingSave'}}, {'type': {'value': 56, 'displayName': 'Zone'}, 'value': 'Back'}, {'type': {'value': 141, 'displayName': 'PassEndY'}, 'value': '23.1'}, {'type': {'value': 140, 'displayName': 'PassEndX'}, 'value': '47.9'}, {'type': {'value': 212, 'displayName': 'Length'}, 'value': '24.1'}]","[91, 117, 30, 36, 38, 216, 218]",True,113994.0,47.9,23.1,,,,,,,,,
2762460881.0,12,0,34.0,13,60.7,19.7,0,"{'value': 1, 'displayName': 'FirstHalf'}","{'value': 1, 'displayName': 'Pass'}","{'value': 1, 'displayName': 'Successful'}","[{'type': {'value': 56, 'displayName': 'Zone'}, 'value': 'Right'}, {'type': {'value': 140, 'displayName': 'PassEndX'}, 'value': '69.9'}, {'type': {'value': 212, 'displayName': 'Length'}, 'value': '14.2'}, {'type': {'value': 141, 'displayName': 'PassEndY'}, 'value': '4.3'}, {'type': {'value': 178, 'displayName': 'StandingSave'}}, {'type': {'value': 213, 'displayName': 'Angle'}, 'value': '5.46'}]","[91, 119, 117, 30, 205, 36, 38, 217, 218]",True,388650.0,69.9,4.3,,,,,,,,,
2762460887.0,13,0,43.0,13,95.2,8.0,0,"{'value': 1, 'displayName': 'FirstHalf'}","{'value': 1, 'displayName': 'Pass'}","{'value': 0, 'displayName': 'Unsuccessful'}","[{'type': {'value': 141, 'displayName': 'PassEndY'}, 'value': '68.5'}, {'type': {'value': 178, 'displayName': 'StandingSave'}}, {'type': {'value': 140, 'displayName': 'PassEndX'}, 'value': '92.6'}, {'type': {'value': 1, 'displayName': 'Longball'}}, {'type': {'value': 2, 'displayName': 'Cross'}}, {'type': {'value': 213, 'displayName': 'Angle'}, 'value': '1.64'}, {'type': {'value': 212, 'displayName': 'Length'}, 'value': '41.2'}, {'type': {'value': 56, 'displayName': 'Zone'}, 'value': 'Center'}, {'type': {'value': 155, 'displayName': 'Chipped'}}, {'type': {'value': 20, 'displayName': 'RightFoot'}}]","[91, 137, 124, 126, 35, 37, 217, 218]",True,380706.0,92.6,68.5,,,,,,,,,
2762460893.0,13,0,45.0,165,9.6,35.1,0,"{'value': 1, 'displayName': 'FirstHalf'}","{'value': 12, 'displayName': 'Clearance'}","{'value': 1, 'displayName': 'Successful'}","[{'type': {'value': 141, 'displayName': 'PassEndY'}, 'value': '25.5'}, {'type': {'value': 213, 'displayName': 'Angle'}, 'value': '5.83'}, {'type': {'value': 140, 'displayName': 'PassEndX'}, 'value': '22.4'}, {'type': {'value': 15, 'displayName': 'Head'}}, {'type': {'value': 56, 'displayName': 'Zone'}, 'value': 'Back'}, {'type': {'value': 212, 'displayName': 'Length'}, 'value': '14.9'}]","[91, 94, 95, 57, 215]",True,349484.0,22.4,25.5,,,,,,,,,
2762460903.0,14,0,48.0,13,75.1,76.3,0,"{'value': 1, 'displayName': 'FirstHalf'}","{'value': 1, 'displayName': 'Pass'}","{'value': 1, 'displayName': 'Successful'}","[{'type': {'value': 56, 'displayName': 'Zone'}, 'value': 'Center'}, {'type': {'value': 212, 'displayName': 'Length'}, 'value': '10.3'}, {'type': {'value': 178, 'displayName': 'StandingSave'}}, {'type': {'value': 213, 'displayName': 'Angle'}, 'value': '3.43'}, {'type': {'value': 140, 'displayName': 'PassEndX'}, 'value': '65.7'}, {'type': {'value': 141, 'displayName': 'PassEndY'}, 'value': '72.0'}]","[91, 119, 117, 30, 35, 38, 216, 218]",True,467918.0,65.7,72.0,,,,,,,,,
2762460911.0,15,0,51.0,13,66.0,72.7,0,"{'value': 1, 'displayName': 'FirstHalf'}","{'value': 1, 'displayName': 'Pass'}","{'value': 1, 'displayName': 'Successful'}","[{'type': {'value': 141, 'displayName': 'PassEndY'}, 'value': '84.7'}, {'type': {'value': 56, 'displayName': 'Zone'}, 'value': 'Left'}, {'type': {'value': 178, 'displayName': 'StandingSave'}}, {'type': {'value': 212, 'displayName': 'Length'}, 'value': '10.1'}, {'type': {'value': 140, 'displayName': 'PassEndX'}, 'value': '71.6'}, {'type': {'value': 213, 'displayName': 'Angle'}, 'value': '0.95'}]","[91, 119, 117, 30, 205, 36, 37, 217, 218]",True,334087.0,71.6,84.7,,,,,,,,,
2762460915.0,16,0,51.0,13,71.6,84.7,0,"{'value': 1, 'displayName': 'FirstHalf'}","{'value': 1, 'displayName': 'Pass'}","{'value': 1, 'displayName': 'Successful'}","[{'type': {'value': 213, 'displayName': 'Angle'}, 'value': '3.88'}, {'type': {'value': 140, 'displayName': 'PassEndX'}, 'value': '65.6'}, {'type': {'value': 178, 'displayName': 'StandingSave'}}, {'type': {'value': 141, 'displayName': 'PassEndY'}, 'value': '76.3'}, {'type': {'value': 56, 'displayName': 'Zone'}, 'value': 'Center'}, {'type': {'value': 212, 'displayName': 'Length'}, 'value': '8.5'}]","[91, 119, 117, 30, 35, 38, 216, 218]",True,467918.0,65.6,76.3,,,,,,,,,
2762460929.0,17,0,53.0,13,65.4,75.5,0,"{'value': 1, 'displayName': 'FirstHalf'}","{'value': 1, 'displayName': 'Pass'}","{'value': 1, 'displayName': 'Successful'}","[{'type': {'value': 140, 'displayName': 'PassEndX'}, 'value': '66.2'}, {'type': {'value': 178, 'displayName': 'StandingSave'}}, {'type': {'value': 141, 'displayName': 'PassEndY'}, 'value': '67.8'}, {'type': {'value': 56, 'displayName': 'Zone'}, 'value': 'Center'}, {'type': {'value': 213, 'displayName': 'Angle'}, 'value': '4.87'}, {'type': {'value': 212, 'displayName': 'Length'}, 'value': '5.3'}]","[91, 119, 117, 30, 36, 38, 216, 218]",True,334087.0,66.2,67.8,,,,,,,,,
2762460931.0,18,0,56.0,13,66.7,60.0,0,"{'value': 1, 'displayName': 'FirstHalf'}","{'value': 1, 'displayName': 'Pass'}","{'value': 1, 'displayName': 'Successful'}","[{'type': {'value': 213, 'displayName': 'Angle'}, 'value': '4.59'}, {'type': {'value': 141, 'displayName': 'PassEndY'}, 'value': '37.4'}, {'type': {'value': 212, 'displayName': 'Length'}, 'value': '15.5'}, {'type': {'value': 178, 'displayName': 'StandingSave'}}, {'type': {'value': 140, 'displayName': 'PassEndX'}, 'value': '64.9'}, {'type': {'value': 56, 'displayName': 'Zone'}, 'value': 'Center'}]","[91, 119, 117, 30, 35, 38, 216, 218]",True,332325.0,64.9,37.4,,,,,,,,,
2762460941.0,19,0,58.0,13,64.7,35.4,0,"{'value': 1, 'displayName': 'FirstHalf'}","{'value': 1, 'displayName': 'Pass'}","{'value': 1, 'displayName': 'Successful'}","[{'type': {'value': 213, 'displayName': 'Angle'}, 'value': '5.34'}, {'type': {'value': 178, 'displayName': 'StandingSave'}}, {'type': {'value': 141, 'displayName': 'PassEndY'}, 'value': '6.0'}, {'type': {'value': 140, 'displayName': 'PassEndX'}, 'value': '78.5'}, {'type': {'value': 212, 'displayName': 'Length'}, 'value': '24.7'}, {'type': {'value': 56, 'displayName': 'Zone'}, 'value': 'Right'}]","[91, 119, 117, 30, 205, 36, 38, 217, 218]",True,361822.0,78.5,6.0,,,,,,,,,
2762460951.0,20,1,4.0,13,77.3,7.3,1,"{'value': 1, 'displayName': 'FirstHalf'}","{'value': 1, 'displayName': 'Pass'}","{'value': 1, 'displayName': 'Successful'}","[{'type': {'value': 178, 'displayName': 'StandingSave'}}, {'type': {'value': 212, 'displayName': 'Length'}, 'value': '11.5'}, {'type': {'value': 140, 'displayName': 'PassEndX'}, 'value': '67.0'}, {'type': {'value': 141, 'displayName': 'PassEndY'}, 'value': '13.2'}, {'type': {'value': 56, 'displayName': 'Zone'}, 'value': 'Right'}, {'type': {'value': 213, 'displayName': 'Angle'}, 'value': '2.79'}]","[91, 119, 117, 30, 205, 35, 37, 217, 218]",True,380706.0,67.0,13.2,,,,,,,,,
2762460961.0,21,1,8.0,13,66.2,14.2,1,"{'value': 1, 'displayName': 'FirstHalf'}","{'value': 1, 'displayName': 'Pass'}","{'value': 1, 'displayName': 'Successful'}","[{'type': {'value': 140, 'displayName': 'PassEndX'}, 'value': '62.5'}, {'type': {'value': 141, 'displayName': 'PassEndY'}, 'value': '29.4'}, {'type': {'value': 178, 'displayName': 'StandingSave'}}, {'type': {'value': 212, 'displayName': 'Length'}, 'value': '11.0'}, {'type': {'value': 213, 'displayName': 'Angle'}, 'value': '1.93'}, {'type': {'value': 56, 'displayName': 'Zone'}, 'value': 'Center'}]","[91, 119, 117, 30, 35, 37, 216, 218]",True,388650.0,62.5,29.4,,,,,,,,,
2762460967.0,22,1,10.0,13,62.0,30.5,1,"{'value': 1, 'displayName': 'FirstHalf'}","{'value': 1, 'displayName': 'Pass'}","{'value': 1, 'displayName': 'Successful'}","[{'type': {'value': 212, 'displayName': 'Length'}, 'value': '21.6'}, {'type': {'value': 213, 'displayName': 'Angle'}, 'value': '1.59'}, {'type': {'value': 178, 'displayName': 'StandingSave'}}, {'type': {'value': 141, 'displayName': 'PassEndY'}, 'value': '62.3'}, {'type': {'value': 56, 'displayName': 'Zone'}, 'value': 'Center'}, {'type': {'value': 140, 'displayName': 'PassEndX'}, 'value': '61.7'}]","[91, 119, 117, 30, 35, 37, 216, 218]",True,361822.0,61.7,62.3,,,,,,,,,
2762460975.0,23,1,13.0,13,61.4,62.9,1,"{'value': 1, 'displayName': 'FirstHalf'}","{'value': 1, 'displayName': 'Pass'}","{'value': 1, 'displayName': 'Successful'}","[{'type': {'value': 178, 'displayName': 'StandingSave'}}, {'type': {'value': 140, 'displayName': 'PassEndX'}, 'value': '68.5'}, {'type': {'value': 213, 'displayName': 'Angle'}, 'value': '0.87'}, {'type': {'value': 56, 'displayName': 'Zone'}, 'value': 'Center'}, {'type': {'value': 212, 'displayName': 'Length'}, 'value': '11.6'}, {'type': {'value': 141, 'displayName': 'PassEndY'}, 'value': '76.0'}]","[91, 119, 117, 30, 205, 36, 37, 217, 218]",True,334087.0,68.5,76.0,,,,,,,,,
2762460993.0,24,1,15.0,13,69.3,76.6,1,"{'value': 1, 'displayName': 'FirstHalf'}","{'value': 1, 'displayName': 'Pass'}","{'value': 1, 'displayName': 'Successful'}","[{'type': {'value': 141, 'displayName': 'PassEndY'}, 'value': '93.1'}, {'type': {'value': 178, 'displayName': 'StandingSave'}}, {'type': {'value': 140, 'displayName': 'PassEndX'}, 'value': '77.4'}, {'type': {'value': 212, 'displayName': 'Length'}, 'value': '14.1'}, {'type': {'value': 56, 'displayName': 'Zone'}, 'value': 'Left'}, {'type': {'value': 213, 'displayName': 'Angle'}, 'value': '0.92'}]","[91, 119, 117, 30, 205, 36, 37, 217, 218]",True,467918.0,77.4,93.1,,,,,,,,,
2762461003.0,25,1,18.0,13,76.1,91.6,1,"{'value': 1, 'displayName': 'FirstHalf'}","{'value': 1, 'displayName': 'Pass'}","{'value': 1, 'displayName': 'Successful'}","[{'type': {'value': 178, 'displayName': 'StandingSave'}}, {'type': {'value': 213, 'displayName': 'Angle'}, 'value': '3.79'}, {'type': {'value': 56, 'displayName': 'Zone'}, 'value': 'Left'}, {'type': {'value': 212, 'displayName': 'Length'}, 'value': '10.4'}, {'type': {'value': 141, 'displayName': 'PassEndY'}, 'value': '82.4'}, {'type': {'value': 140, 'displayName': 'PassEndX'}, 'value': '68.2'}]","[91, 119, 117, 30, 205, 35, 38, 217, 218]",True,279379.0,68.2,82.4,,,,,,,,,
2762461013.0,26,1,21.0,13,68.9,83.0,1,"{'value': 1, 'displayName': 'FirstHalf'}","{'value': 1, 'displayName': 'Pass'}","{'value': 1, 'displayName': 'Successful'}","[{'type': {'value': 212, 'displayName': 'Length'}, 'value': '14.9'}, {'type': {'value': 178, 'displayName': 'StandingSave'}}, {'type': {'value': 56, 'displayName': 'Zone'}, 'value': 'Left'}, {'type': {'value': 213, 'displayName': 'Angle'}, 'value': '0.58'}, {'type': {'value': 141, 'displayName': 'PassEndY'}, 'value': '95.0'}, {'type': {'value': 140, 'displayName': 'PassEndX'}, 'value': '80.8'}]","[91, 119, 117, 30, 205, 36, 37, 217, 218]",True,334087.0,80.8,95.0,,,,,,,,,
2762461021.0,27,1,25.0,13,80.5,94.0,1,"{'value': 1, 'displayName': 'FirstHalf'}","{'value': 1, 'displayName': 'Pass'}","{'value': 1, 'displayName': 'Successful'}","[{'type': {'value': 212, 'displayName': 'Length'}, 'value': '12.3'}, {'type': {'value': 178, 'displayName': 'StandingSave'}}, {'type': {'value': 213, 'displayName': 'Angle'}, 'value': '3.54'}, {'type': {'value': 140, 'displayName': 'PassEndX'}, 'value': '69.7'}, {'type': {'value': 141, 'displayName': 'PassEndY'}, 'value': '87.0'}, {'type': {'value': 56, 'displayName': 'Zone'}, 'value': 'Left'}]","[91, 119, 117, 30, 205, 35, 38, 217, 218]",True,467918.0,69.7,87.0,,,,,,,,,
2762461029.0,28,1,26.0,13,69.6,86.1,1,"{'value': 1, 'displayName': 'FirstHalf'}","{'value': 1, 'displayName': 'Pass'}","{'value': 1, 'displayName': 'Successful'}","[{'type': {'value': 213, 'displayName': 'Angle'}, 'value': '4.21'}, {'type': {'value': 178, 'displayName': 'StandingSave'}}, {'type': {'value': 212, 'displayName': 'Length'}, 'value': '15.4'}, {'type': {'value': 56, 'displayName': 'Zone'}, 'value': 'Center'}, {'type': {'value': 141, 'displayName': 'PassEndY'}, 'value': '66.3'}, {'type': {'value': 140, 'displayName': 'PassEndX'}, 'value': '62.5'}]","[91, 119, 117, 30, 35, 38, 216, 218]",True,334087.0,62.5,66.3,,,,,,,,,
2762461051.0,29,1,30.0,13,59.4,63.4,1,"{'value': 1, 'displayName': 'FirstHalf'}","{'value': 1, 'displayName': 'Pass'}","{'value': 1, 'displayName': 'Successful'}","[{'type': {'value': 140, 'displayName': 'PassEndX'}, 'value': '53.7'}, {'type': {'value': 213, 'displayName': 'Angle'}, 'value': '4.46'}, {'type': {'value': 212, 'displayName': 'Length'}, 'value': '23.9'}, {'type': {'value': 178, 'displayName': 'StandingSave'}}, {'type': {'value': 141, 'displayName': 'PassEndY'}, 'value': '29.4'}, {'type': {'value': 56, 'displayName': 'Zone'}, 'value': 'Center'}]","[91, 119, 117, 30, 35, 38, 216, 218]",True,361822.0,53.7,29.4,,,,,,,,,
2762461061.0,30,1,38.0,13,47.6,30.3,1,"{'value': 1, 'displayName': 'FirstHalf'}","{'value': 1, 'displayName': 'Pass'}","{'value': 1, 'displayName': 'Successful'}","[{'type': {'value': 56, 'displayName': 'Zone'}, 'value': 'Back'}, {'type': {'value': 178, 'displayName': 'StandingSave'}}, {'type': {'value': 213, 'displayName': 'Angle'}, 'value': '1.89'}, {'type': {'value': 141, 'displayName': 'PassEndY'}, 'value': '45.6'}, {'type': {'value': 212, 'displayName': 'Length'}, 'value': '11.0'}, {'type': {'value': 140, 'displayName': 'PassEndX'}, 'value': '44.3'}]","[91, 117, 30, 35, 37, 216, 218]",True,388650.0,44.3,45.6,,,,,,,,,
2762461075.0,31,1,41.0,13,44.3,45.8,1,"{'value': 1, 'displayName': 'FirstHalf'}","{'value': 1, 'displayName': 'Pass'}","{'value': 1, 'displayName': 'Successful'}","[{'type': {'value': 178, 'displayName': 'StandingSave'}}, {'type': {'value': 212, 'displayName': 'Length'}, 'value': '12.2'}, {'type': {'value': 213, 'displayName': 'Angle'}, 'value': '4.81'}, {'type': {'value': 140, 'displayName': 'PassEndX'}, 'value': '45.4'}, {'type': {'value': 56, 'displayName': 'Zone'}, 'value': 'Back'}, {'type': {'value': 141, 'displayName': 'PassEndY'}, 'value': '27.9'}]","[91, 117, 30, 36, 38, 216, 218]",True,361822.0,45.4,27.9,,,,,,,,,
2762461079.0,32,1,46.0,13,46.7,25.7,1,"{'value': 1, 'displayName': 'FirstHalf'}","{'value': 1, 'displayName': 'Pass'}","{'value': 1, 'displayName': 'Successful'}","[{'type': {'value': 141, 'displayName': 'PassEndY'}, 'value': '47.2'}, {'type': {'value': 178, 'displayName': 'StandingSave'}}, {'type': {'value': 213, 'displayName': 'Angle'}, 'value': '2.00'}, {'type': {'value': 56, 'displayName': 'Zone'}, 'value': 'Back'}, {'type': {'value': 212, 'displayName': 'Length'}, 'value': '16.1'}, {'type': {'value': 140, 'displayName': 'PassEndX'}, 'value': '40.3'}]","[91, 117, 30, 35, 37, 216, 218]",True,388650.0,40.3,47.2,,,,,,,,,
2762461093.0,33,1,48.0,13,44.0,49.3,1,"{'value': 1, 'displayName': 'FirstHalf'}","{'value': 1, 'displayName': 'Pass'}","{'value': 1, 'displayName': 'Successful'}","[{'type': {'value': 213, 'displayName': 'Angle'}, 'value': '0.88'}, {'type': {'value': 140, 'displayName': 'PassEndX'}, 'value': '61.3'}, {'type': {'value': 141, 'displayName': 'PassEndY'}, 'value': '81.5'}, {'type': {'value': 178, 'displayName': 'StandingSave'}}, {'type': {'value': 212, 'displayName': 'Length'}, 'value': '28.4'}, {'type': {'value': 56, 'displayName': 'Zone'}, 'value': 'Left'}]","[91, 119, 117, 30, 36, 37, 216, 218]",True,361822.0,61.3,81.5,,,,,,,,,
2762461097.0,34,1,53.0,13,67.7,84.2,1,"{'value': 1, 'displayName': 'FirstHalf'}","{'value': 1, 'displayName': 'Pass'}","{'value': 1, 'displayName': 'Successful'}","[{'type': {'value': 56, 'displayName': 'Zone'}, 'value': 'Center'}, {'type': {'value': 212, 'displayName': 'Length'}, 'value': '8.7'}, {'type': {'value': 140, 'displayName': 'PassEndX'}, 'value': '63.6'}, {'type': {'value': 178, 'displayName': 'StandingSave'}}, {'type': {'value': 213, 'displayName': 'Angle'}, 'value': '4.19'}, {'type': {'value': 141, 'displayName': 'PassEndY'}, 'value': '73.1'}]","[91, 119, 117, 30, 35, 38, 216, 218]",True,467918.0,63.6,73.1,,,,,,,,,
2762461115.0,35,1,56.0,13,64.9,68.5,1,"{'value': 1, 'displayName': 'FirstHalf'}","{'value': 1, 'displayName': 'Pass'}","{'value': 1, 'displayName': 'Successful'}","[{'type': {'value': 140, 'displayName': 'PassEndX'}, 'value': '79.0'}, {'type': {'value': 155, 'displayName': 'Chipped'}}, {'type': {'value': 178, 'displayName': 'StandingSave'}}, {'type': {'value': 212, 'displayName': 'Length'}, 'value': '44.8'}, {'type': {'value': 213, 'displayName': 'Angle'}, 'value': '5.05'}, {'type': {'value': 141, 'displayName': 'PassEndY'}, 'value': '6.3'}, {'type': {'value': 56, 'displayName': 'Zone'}, 'value': 'Right'}, {'type': {'value': 1, 'displayName': 'Longball'}}]","[91, 119, 117, 124, 127, 205, 36, 38, 217, 218]",True,332325.0,79.0,6.3,,,,,,,,,
2762461119.0,36,2,1.0,13,81.1,8.9,2,"{'value': 1, 'displayName': 'FirstHalf'}","{'value': 1, 'displayName': 'Pass'}","{'value': 1, 'displayName': 'Successful'}","[{'type': {'value': 178, 'displayName': 'StandingSave'}}, {'type': {'value': 141, 'displayName': 'PassEndY'}, 'value': '28.5'}, {'type': {'value': 140, 'displayName': 'PassEndX'}, 'value': '86.1'}, {'type': {'value': 212, 'displayName': 'Length'}, 'value': '14.3'}, {'type': {'value': 56, 'displayName': 'Zone'}, 'value': 'Center'}, {'type': {'value': 213, 'displayName': 'Angle'}, 'value': '1.20'}]","[91, 119, 117, 30, 205, 36, 37, 217, 218]",True,380706.0,86.1,28.5,,,,,,,,,
2762461121.0,37,2,1.0,13,86.1,28.5,2,"{'value': 1, 'displayName': 'FirstHalf'}","{'value': 61, 'displayName': 'BallTouch'}","{'value': 0, 'displayName': 'Unsuccessful'}","[{'type': {'value': 56, 'displayName': 'Zone'}, 'value': 'Center'}, {'type': {'value': 178, 'displayName': 'StandingSave'}}]","[91, 69]",True,247454.0,,,,,,,,,,,
2762461127.0,14,2,3.0,165,11.7,76.4,2,"{'value': 1, 'displayName': 'FirstHalf'}","{'value': 49, 'displayName': 'BallRecovery'}","{'value': 1, 'displayName': 'Successful'}",[],[93],False,381161.0,,,,,,,,,,,
2762461131.0,15,2,3.0,165,11.7,76.4,2,"{'value': 1, 'displayName': 'FirstHalf'}","{'value': 1, 'displayName': 'Pass'}","{'value': 0, 'displayName': 'Unsuccessful'}","[{'type': {'value': 140, 'displayName': 'PassEndX'}, 'value': '15.7'}, {'type': {'value': 141, 'displayName': 'PassEndY'}, 'value': '91.4'}, {'type': {'value': 212, 'displayName': 'Length'}, 'value': '11.0'}, {'type': {'value': 56, 'displayName': 'Zone'}, 'value': 'Back'}, {'type': {'value': 213, 'displayName': 'Angle'}, 'value': '1.18'}, {'type': {'value': 178, 'displayName': 'StandingSave'}}]","[91, 118, 120, 29, 36, 37, 215, 218]",True,381161.0,15.7,91.4,,,,,,,,,
2762461133.0,38,2,3.0,13,85.1,16.1,2,"{'value': 1, 'displayName': 'FirstHalf'}","{'value': 8, 'displayName': 'Interception'}","{'value': 1, 'displayName': 'Successful'}","[{'type': {'value': 56, 'displayName': 'Zone'}, 'value': 'Right'}, {'type': {'value': 178, 'displayName': 'StandingSave'}}]","[91, 101, 56]",True,247454.0,,,,,,,,,,,
2762461139.0,39,2,4.0,13,86.2,12.2,2,"{'value': 1, 'displayName': 'FirstHalf'}","{'value': 49, 'displayName': 'BallRecovery'}","{'value': 1, 'displayName': 'Successful'}",[],[93],False,247454.0,,,,,,,,,,,
2762461149.0,40,2,6.0,13,84.5,7.3,2,"{'value': 1, 'displayName': 'FirstHalf'}","{'value': 1, 'displayName': 'Pass'}","{'value': 1, 'displayName': 'Successful'}","[{'type': {'value': 212, 'displayName': 'Length'}, 'value': '12.9'}, {'type': {'value': 56, 'displayName': 'Zone'}, 'value': 'Right'}, {'type': {'value': 213, 'displayName': 'Angle'}, 'value': '2.85'}, {'type': {'value': 178, 'displayName': 'StandingSave'}}, {'type': {'value': 141, 'displayName': 'PassEndY'}, 'value': '12.7'}, {'type': {'value': 140, 'displayName': 'PassEndX'}, 'value': '72.7'}]","[91, 119, 117, 30, 205, 35, 37, 217, 218]",True,247454.0,72.7,12.7,,,,,,,,,
2762461165.0,41,2,9.0,13,71.2,14.2,2,"{'value': 1, 'displayName': 'FirstHalf'}","{'value': 1, 'displayName': 'Pass'}","{'value': 1, 'displayName': 'Successful'}","[{'type': {'value': 178, 'displayName': 'StandingSave'}}, {'type': {'value': 212, 'displayName': 'Length'}, 'value': '5.2'}, {'type': {'value': 141, 'displayName': 'PassEndY'}, 'value': '21.9'}, {'type': {'value': 140, 'displayName': 'PassEndX'}, 'value': '71.5'}, {'type': {'value': 56, 'displayName': 'Zone'}, 'value': 'Center'}, {'type': {'value': 213, 'displayName': 'Angle'}, 'value': '1.51'}]","[91, 119, 117, 30, 205, 36, 37, 217, 218]",True,388650.0,71.5,21.9,,,,,,,,,
2762461175.0,42,2,13.0,13,69.8,17.5,2,"{'value': 1, 'displayName': 'FirstHalf'}","{'value': 1, 'displayName': 'Pass'}","{'value': 1, 'displayName': 'Successful'}","[{'type': {'value': 141, 'displayName': 'PassEndY'}, 'value': '25.1'}, {'type': {'value': 178, 'displayName': 'StandingSave'}}, {'type': {'value': 56, 'displayName': 'Zone'}, 'value': 'Center'}, {'type': {'value': 213, 'displayName': 'Angle'}, 'value': '0.20'}, {'type': {'value': 155, 'displayName': 'Chipped'}}, {'type': {'value': 212, 'displayName': 'Length'}, 'value': '26.7'}, {'type': {'value': 140, 'displayName': 'PassEndX'}, 'value': '94.7'}]","[91, 119, 117, 30, 124, 205, 36, 37, 217, 218]",True,247454.0,94.7,25.1,,,,,,,,,
2762461181.0,43,2,17.0,13,99.6,22.8,2,"{'value': 1, 'displayName': 'FirstHalf'}","{'value': 1, 'displayName': 'Pass'}","{'value': 0, 'displayName': 'Unsuccessful'}","[{'type': {'value': 56, 'displayName': 'Zone'}, 'value': 'Center'}, {'type': {'value': 155, 'displayName': 'Chipped'}}, {'type': {'value': 2, 'displayName': 'Cross'}}, {'type': {'value': 212, 'displayName': 'Length'}, 'value': '18.0'}, {'type': {'value': 141, 'displayName': 'PassEndY'}, 'value': '45.8'}, {'type': {'value': 20, 'displayName': 'RightFoot'}}, {'type': {'value': 213, 'displayName': 'Angle'}, 'value': '2.08'}, {'type': {'value': 178, 'displayName': 'StandingSave'}}, {'type': {'value': 140, 'displayName': 'PassEndX'}, 'value': '91.2'}]","[91, 137, 124, 126, 35, 37, 217, 218]",True,326413.0,91.2,45.8,,,,,,,,,
2762461189.0,16,2,18.0,165,9.3,55.7,2,"{'value': 1, 'displayName': 'FirstHalf'}","{'value': 12, 'displayName': 'Clearance'}","{'value': 1, 'displayName': 'Successful'}","[{'type': {'value': 178, 'displayName': 'StandingSave'}}, {'type': {'value': 212, 'displayName': 'Length'}, 'value': '31.6'}, {'type': {'value': 56, 'displayName': 'Zone'}, 'value': 'Back'}, {'type': {'value': 213, 'displayName': 'Angle'}, 'value': '1.38'}, {'type': {'value': 140, 'displayName': 'PassEndX'}, 'value': '15.1'}, {'type': {'value': 141, 'displayName': 'PassEndY'}, 'value': '100.0'}]","[91, 94, 95, 215]",True,362826.0,15.1,100.0,,,,,,,,,
2762461225.0,45,2,25.0,13,82.4,0.0,2,"{'value': 1, 'displayName': 'FirstHalf'}","{'value': 1, 'displayName': 'Pass'}","{'value': 1, 'displayName': 'Successful'}","[{'type': {'value': 56, 'displayName': 'Zone'}, 'value': 'Right'}, {'type': {'value': 213, 'displayName': 'Angle'}, 'value': '0.26'}, {'type': {'value': 141, 'displayName': 'PassEndY'}, 'value': '4.1'}, {'type': {'value': 107, 'displayName': 'ThrowIn'}}, {'type': {'value': 212, 'displayName': 'Length'}, 'value': '16.0'}, {'type': {'value': 140, 'displayName': 'PassEndX'}, 'value': '97.1'}]","[91, 212, 36, 37, 217]",True,247454.0,97.1,4.1,,,,,,,,,
2762461237.0,46,2,28.0,13,96.9,4.1,2,"{'value': 1, 'displayName': 'FirstHalf'}","{'value': 1, 'displayName': 'Pass'}","{'value': 1, 'displayName': 'Successful'}","[{'type': {'value': 212, 'displayName': 'Length'}, 'value': '13.6'}, {'type': {'value': 178, 'displayName': 'StandingSave'}}, {'type': {'value': 140, 'displayName': 'PassEndX'}, 'value': '84.0'}, {'type': {'value': 56, 'displayName': 'Zone'}, 'value': 'Right'}, {'type': {'value': 213, 'displayName': 'Angle'}, 'value': '3.19'}, {'type': {'value': 141, 'displayName': 'PassEndY'}, 'value': '3.1'}]","[91, 119, 117, 30, 205, 35, 38, 217, 218]",True,326413.0,84.0,3.1,,,,,,,,,
2762461239.0,47,2,30.0,13,83.1,4.0,2,"{'value': 1, 'displayName': 'FirstHalf'}","{'value': 1, 'displayName': 'Pass'}","{'value': 0, 'displayName': 'Unsuccessful'}","[{'type': {'value': 213, 'displayName': 'Angle'}, 'value': '1.35'}, {'type': {'value': 212, 'displayName': 'Length'}, 'value': '5.8'}, {'type': {'value': 56, 'displayName': 'Zone'}, 'value': 'Right'}, {'type': {'value': 140, 'displayName': 'PassEndX'}, 'value': '84.3'}, {'type': {'value': 141, 'displayName': 'PassEndY'}, 'value': '12.4'}, {'type': {'value': 178, 'displayName': 'StandingSave'}}]","[91, 120, 29, 36, 37, 217, 218]",True,247454.0,84.3,12.4,,,,,,,,,
2762461243.0,18,2,31.0,165,16.2,88.1,2,"{'value': 1, 'displayName': 'FirstHalf'}","{'value': 3, 'displayName': 'TakeOn'}","{'value': 0, 'displayName': 'Unsuccessful'}","[{'type': {'value': 285, 'displayName': 'Defensive'}}, {'type': {'value': 56, 'displayName': 'Zone'}, 'value': 'Back'}, {'type': {'value': 233, 'displayName': 'OppositeRelatedEvent'}, 'value': '48'}, {'type': {'value': 178, 'displayName': 'StandingSave'}}]","[91, 53]",True,404108.0,,,,,,,,,,,
2762461249.0,48,2,31.0,13,83.8,11.9,2,"{'value': 1, 'displayName': 'FirstHalf'}","{'value': 7, 'displayName': 'Tackle'}","{'value': 1, 'displayName': 'Successful'}","[{'type': {'value': 56, 'displayName': 'Zone'}, 'value': 'Right'}, {'type': {'value': 178, 'displayName': 'StandingSave'}}, {'type': {'value': 286, 'displayName': 'Offensive'}}, {'type': {'value': 233, 'displayName': 'OppositeRelatedEvent'}, 'value': '18'}]","[91, 143]",True,388650.0,,,,,,,,,,,
2762461251.0,49,2,33.0,13,80.6,5.7,2,"{'value': 1, 'displayName': 'FirstHalf'}","{'value': 1, 'displayName': 'Pass'}","{'value': 0, 'displayName': 'Unsuccessful'}","[{'type': {'value': 178, 'displayName': 'StandingSave'}}, {'type': {'value': 141, 'displayName': 'PassEndY'}, 'value': '10.7'}, {'type': {'value': 140, 'displayName': 'PassEndX'}, 'value': '69.2'}, {'type': {'value': 213, 'displayName': 'Angle'}, 'value': '2.86'}, {'type': {'value': 56, 'displayName': 'Zone'}, 'value': 'Right'}, {'type': {'value': 212, 'displayName': 'Length'}, 'value': '12.4'}]","[91, 120, 29, 35, 37, 217, 218]",True,326413.0,69.2,10.7,,,,,,,,,
2762461253.0,19,2,34.0,165,29.2,92.0,2,"{'value': 1, 'displayName': 'FirstHalf'}","{'value': 49, 'displayName': 'BallRecovery'}","{'value': 1, 'displayName': 'Successful'}",[],[93],False,401254.0,,,,,,,,,,,
2762461257.0,20,2,36.0,165,35.6,89.2,2,"{'value': 1, 'displayName': 'FirstHalf'}","{'value': 4, 'displayName': 'Foul'}","{'value': 1, 'displayName': 'Successful'}","[{'type': {'value': 286, 'displayName': 'Offensive'}}, {'type': {'value': 56, 'displayName': 'Zone'}, 'value': 'Back'}, {'type': {'value': 233, 'displayName': 'OppositeRelatedEvent'}, 'value': '50'}, {'type': {'value': 13, 'displayName': 'Foul'}}]","[91, 63]",True,401254.0,,,,,,,,,,,
2762461259.0,50,2,36.0,13,64.4,10.8,2,"{'value': 1, 'displayName': 'FirstHalf'}","{'value': 4, 'displayName': 'Foul'}","{'value': 0, 'displayName': 'Unsuccessful'}","[{'type': {'value': 13, 'displayName': 'Foul'}}, {'type': {'value': 285, 'displayName': 'Defensive'}}, {'type': {'value': 233, 'displayName': 'OppositeRelatedEvent'}, 'value': '20'}, {'type': {'value': 178, 'displayName': 'StandingSave'}}, {'type': {'value': 56, 'displayName': 'Zone'}, 'value': 'Right'}]",[64],False,326413.0,,,,,,,,,,,
2762461341.0,21,3,9.0,165,39.7,87.4,3,"{'value': 1, 'displayName': 'FirstHalf'}","{'value': 1, 'displayName': 'Pass'}","{'value': 0, 'displayName': 'Unsuccessful'}","[{'type': {'value': 56, 'displayName': 'Zone'}, 'value': 'Center'}, {'type': {'value': 212, 'displayName': 'Length'}, 'value': '55.6'}, {'type': {'value': 1, 'displayName': 'Longball'}}, {'type': {'value': 5, 'displayName': 'FreekickTaken'}}, {'type': {'value': 141, 'displayName': 'PassEndY'}, 'value': '29.4'}, {'type': {'value': 140, 'displayName': 'PassEndX'}, 'value': '77.0'}, {'type': {'value': 178, 'displayName': 'StandingSave'}}, {'type': {'value': 213, 'displayName': 'Angle'}, 'value': '5.49'}]","[91, 120, 128, 133, 36, 38, 217, 218]",True,381161.0,77.0,29.4,,,,,,,,,
2762461353.0,51,3,13.0,13,24.1,77.2,3,"{'value': 1, 'displayName': 'FirstHalf'}","{'value': 12, 'displayName': 'Clearance'}","{'value': 1, 'displayName': 'Successful'}","[{'type': {'value': 212, 'displayName': 'Length'}, 'value': '5.7'}, {'type': {'value': 56, 'displayName': 'Zone'}, 'value': 'Back'}, {'type': {'value': 140, 'displayName': 'PassEndX'}, 'value': '28.5'}, {'type': {'value': 15, 'displayName': 'Head'}}, {'type': {'value': 141, 'displayName': 'PassEndY'}, 'value': '82.1'}, {'type': {'value': 213, 'displayName': 'Angle'}, 'value': '0.62'}]","[91, 94, 95, 57, 215]",True,334087.0,28.5,82.1,,,,,,,,,
2762461359.0,52,3,13.0,13,27.3,80.4,3,"{'value': 1, 'displayName': 'FirstHalf'}","{'value': 49, 'displayName': 'BallRecovery'}","{'value': 1, 'displayName': 'Successful'}",[],[93],False,113994.0,,,,,,,,,,,
2762461379.0,53,3,17.0,13,25.6,67.8,3,"{'value': 1, 'displayName': 'FirstHalf'}","{'value': 1, 'displayName': 'Pass'}","{'value': 1, 'displayName': 'Successful'}","[{'type': {'value': 140, 'displayName': 'PassEndX'}, 'value': '4.9'}, {'type': {'value': 213, 'displayName': 'Angle'}, 'value': '3.41'}, {'type': {'value': 56, 'displayName': 'Zone'}, 'value': 'Back'}, {'type': {'value': 178, 'displayName': 'StandingSave'}}, {'type': {'value': 141, 'displayName': 'PassEndY'}, 'value': '59.1'}, {'type': {'value': 212, 'displayName': 'Length'}, 'value': '22.5'}]","[91, 117, 30, 35, 38, 215, 218]",True,113994.0,4.9,59.1,,,,,,,,,
2762461399.0,54,3,21.0,13,6.8,57.0,3,"{'value': 1, 'displayName': 'FirstHalf'}","{'value': 1, 'displayName': 'Pass'}","{'value': 1, 'displayName': 'Successful'}","[{'type': {'value': 213, 'displayName': 'Angle'}, 'value': '1.12'}, {'type': {'value': 178, 'displayName': 'StandingSave'}}, {'type': {'value': 56, 'displayName': 'Zone'}, 'value': 'Back'}, {'type': {'value': 212, 'displayName': 'Length'}, 'value': '21.6'}, {'type': {'value': 141, 'displayName': 'PassEndY'}, 'value': '85.6'}, {'type': {'value': 140, 'displayName': 'PassEndX'}, 'value': '15.7'}]","[91, 117, 30, 36, 37, 215, 218]",True,276366.0,15.7,85.6,,,,,,,,,
2762461413.0,55,3,23.0,13,15.8,85.8,3,"{'value': 1, 'displayName': 'FirstHalf'}","{'value': 1, 'displayName': 'Pass'}","{'value': 1, 'displayName': 'Successful'}","[{'type': {'value': 140, 'displayName': 'PassEndX'}, 'value': '32.0'}, {'type': {'value': 141, 'displayName': 'PassEndY'}, 'value': '93.4'}, {'type': {'value': 212, 'displayName': 'Length'}, 'value': '17.8'}, {'type': {'value': 213, 'displayName': 'Angle'}, 'value': '0.29'}, {'type': {'value': 56, 'displayName': 'Zone'}, 'value': 'Back'}, {'type': {'value': 178, 'displayName': 'StandingSave'}}]","[91, 117, 30, 36, 37, 215, 218]",True,334087.0,32.0,93.4,,,,,,,,,
2762461419.0,56,3,28.0,13,34.7,89.9,3,"{'value': 1, 'displayName': 'FirstHalf'}","{'value': 1, 'displayName': 'Pass'}","{'value': 1, 'displayName': 'Successful'}","[{'type': {'value': 213, 'displayName': 'Angle'}, 'value': '4.65'}, {'type': {'value': 178, 'displayName': 'StandingSave'}}, {'type': {'value': 140, 'displayName': 'PassEndX'}, 'value': '34.2'}, {'type': {'value': 141, 'displayName': 'PassEndY'}, 'value': '76.6'}, {'type': {'value': 212, 'displayName': 'Length'}, 'value': '9.1'}, {'type': {'value': 56, 'displayName': 'Zone'}, 'value': 'Back'}]","[91, 117, 30, 35, 38, 216, 218]",True,467918.0,34.2,76.6,,,,,,,,,
2762461437.0,57,3,31.0,13,34.9,69.4,3,"{'value': 1, 'displayName': 'FirstHalf'}","{'value': 1, 'displayName': 'Pass'}","{'value': 0, 'displayName': 'Unsuccessful'}","[{'type': {'value': 1, 'displayName': 'Longball'}}, {'type': {'value': 140, 'displayName': 'PassEndX'}, 'value': '68.9'}, {'type': {'value': 141, 'displayName': 'PassEndY'}, 'value': '0.0'}, {'type': {'value': 178, 'displayName': 'StandingSave'}}, {'type': {'value': 155, 'displayName': 'Chipped'}}, {'type': {'value': 212, 'displayName': 'Length'}, 'value': '60.2'}, {'type': {'value': 56, 'displayName': 'Zone'}, 'value': 'Right'}, {'type': {'value': 213, 'displayName': 'Angle'}, 'value': '5.35'}]","[91, 120, 124, 128, 36, 38, 217, 218]",True,332325.0,68.9,0.0,,,,,,,,,
2762461485.0,24,3,51.0,165,27.6,100.0,3,"{'value': 1, 'displayName': 'FirstHalf'}","{'value': 1, 'displayName': 'Pass'}","{'value': 0, 'displayName': 'Unsuccessful'}","[{'type': {'value': 107, 'displayName': 'ThrowIn'}}, {'type': {'value': 141, 'displayName': 'PassEndY'}, 'value': '94.8'}, {'type': {'value': 140, 'displayName': 'PassEndX'}, 'value': '41.4'}, {'type': {'value': 213, 'displayName': 'Angle'}, 'value': '5.96'}, {'type': {'value': 56, 'displayName': 'Zone'}, 'value': 'Back'}, {'type': {'value': 212, 'displayName': 'Length'}, 'value': '15.3'}]","[91, 212, 36, 38, 216]",True,366211.0,41.4,94.8,,,,,,,,,
2762461487.0,59,3,54.0,13,57.4,5.0,3,"{'value': 1, 'displayName': 'FirstHalf'}","{'value': 44, 'displayName': 'Aerial'}","{'value': 1, 'displayName': 'Successful'}","[{'type': {'value': 233, 'displayName': 'OppositeRelatedEvent'}, 'value': '25'}, {'type': {'value': 286, 'displayName': 'Offensive'}}, {'type': {'value': 56, 'displayName': 'Zone'}, 'value': 'Right'}]","[197, 199]",False,361822.0,,,,,,,,,,,
2762461493.0,25,3,54.0,165,42.6,95.0,3,"{'value': 1, 'displayName': 'FirstHalf'}","{'value': 44, 'displayName': 'Aerial'}","{'value': 0, 'displayName': 'Unsuccessful'}","[{'type': {'value': 233, 'displayName': 'OppositeRelatedEvent'}, 'value': '59'}, {'type': {'value': 56, 'displayName': 'Zone'}, 'value': 'Back'}, {'type': {'value': 285, 'displayName': 'Defensive'}}]","[198, 200]",False,138686.0,,,,,,,,,,,
2762461499.0,60,3,54.0,13,55.4,4.7,3,"{'value': 1, 'displayName': 'FirstHalf'}","{'value': 1, 'displayName': 'Pass'}","{'value': 1, 'displayName': 'Successful'}","[{'type': {'value': 3, 'displayName': 'HeadPass'}}, {'type': {'value': 212, 'displayName': 'Length'}, 'value': '5.5'}, {'type': {'value': 56, 'displayName': 'Zone'}, 'value': 'Right'}, {'type': {'value': 213, 'displayName': 'Angle'}, 'value': '6.06'}, {'type': {'value': 141, 'displayName': 'PassEndY'}, 'value': '2.9'}, {'type': {'value': 140, 'displayName': 'PassEndX'}, 'value': '60.5'}]","[91, 119, 117, 30, 139, 36, 38, 216, 218]",True,361822.0,60.5,2.9,,,,,,,,,
2762461501.0,61,3,56.0,13,60.4,3.6,3,"{'value': 1, 'displayName': 'FirstHalf'}","{'value': 50, 'displayName': 'Dispossessed'}","{'value': 1, 'displayName': 'Successful'}","[{'type': {'value': 233, 'displayName': 'OppositeRelatedEvent'}, 'value': '26'}, {'type': {'value': 56, 'displayName': 'Zone'}, 'value': 'Right'}, {'type': {'value': 286, 'displayName': 'Offensive'}}]","[91, 70]",True,380706.0,,,,,,,,,,,
2762461505.0,26,3,56.0,165,39.6,96.4,3,"{'value': 1, 'displayName': 'FirstHalf'}","{'value': 7, 'displayName': 'Tackle'}","{'value': 0, 'displayName': 'Unsuccessful'}","[{'type': {'value': 178, 'displayName': 'StandingSave'}}, {'type': {'value': 285, 'displayName': 'Defensive'}}, {'type': {'value': 233, 'displayName': 'OppositeRelatedEvent'}, 'value': '61'}, {'type': {'value': 56, 'displayName': 'Zone'}, 'value': 'Back'}]","[91, 142]",True,404108.0,,,,,,,,,,,
2762461511.0,62,3,57.0,13,58.9,5.2,3,"{'value': 1, 'displayName': 'FirstHalf'}","{'value': 1, 'displayName': 'Pass'}","{'value': 1, 'displayName': 'Successful'}","[{'type': {'value': 141, 'displayName': 'PassEndY'}, 'value': '20.4'}, {'type': {'value': 212, 'displayName': 'Length'}, 'value': '10.4'}, {'type': {'value': 56, 'displayName': 'Zone'}, 'value': 'Right'}, {'type': {'value': 178, 'displayName': 'StandingSave'}}, {'type': {'value': 213, 'displayName': 'Angle'}, 'value': '1.70'}, {'type': {'value': 140, 'displayName': 'PassEndX'}, 'value': '57.6'}]","[91, 119, 117, 30, 35, 37, 216, 218]",True,361822.0,57.6,20.4,,,,,,,,,
2762461515.0,63,3,59.0,13,57.4,21.1,3,"{'value': 1, 'displayName': 'FirstHalf'}","{'value': 49, 'displayName': 'BallRecovery'}","{'value': 1, 'displayName': 'Successful'}",[],[93],False,332325.0,,,,,,,,,,,
2762461525.0,64,3,59.0,13,56.4,22.5,3,"{'value': 1, 'displayName': 'FirstHalf'}","{'value': 1, 'displayName': 'Pass'}","{'value': 1, 'displayName': 'Successful'}","[{'type': {'value': 141, 'displayName': 'PassEndY'}, 'value': '39.4'}, {'type': {'value': 140, 'displayName': 'PassEndX'}, 'value': '42.4'}, {'type': {'value': 56, 'displayName': 'Zone'}, 'value': 'Back'}, {'type': {'value': 213, 'displayName': 'Angle'}, 'value': '2.48'}, {'type': {'value': 212, 'displayName': 'Length'}, 'value': '18.7'}, {'type': {'value': 178, 'displayName': 'StandingSave'}}]","[91, 117, 30, 35, 37, 216, 218]",True,332325.0,42.4,39.4,,,,,,,,,
2762461537.0,65,4,1.0,13,42.4,39.4,4,"{'value': 1, 'displayName': 'FirstHalf'}","{'value': 1, 'displayName': 'Pass'}","{'value': 1, 'displayName': 'Successful'}","[{'type': {'value': 56, 'displayName': 'Zone'}, 'value': 'Back'}, {'type': {'value': 141, 'displayName': 'PassEndY'}, 'value': '17.0'}, {'type': {'value': 212, 'displayName': 'Length'}, 'value': '15.4'}, {'type': {'value': 178, 'displayName': 'StandingSave'}}, {'type': {'value': 213, 'displayName': 'Angle'}, 'value': '4.58'}, {'type': {'value': 140, 'displayName': 'PassEndX'}, 'value': '40.4'}]","[91, 117, 30, 35, 38, 216, 218]",True,467918.0,40.4,17.0,,,,,,,,,
2762461539.0,66,4,4.0,13,39.3,9.0,4,"{'value': 1, 'displayName': 'FirstHalf'}","{'value': 4, 'displayName': 'Foul'}","{'value': 1, 'displayName': 'Successful'}","[{'type': {'value': 56, 'displayName': 'Zone'}, 'value': 'Back'}, {'type': {'value': 233, 'displayName': 'OppositeRelatedEvent'}, 'value': '27'}, {'type': {'value': 13, 'displayName': 'Foul'}}, {'type': {'value': 286, 'displayName': 'Offensive'}}]","[91, 63]",True,361822.0,,,,,,,,,,,
2762461543.0,27,4,4.0,165,60.7,91.0,4,"{'value': 1, 'displayName': 'FirstHalf'}","{'value': 4, 'displayName': 'Foul'}","{'value': 0, 'displayName': 'Unsuccessful'}","[{'type': {'value': 56, 'displayName': 'Zone'}, 'value': 'Left'}, {'type': {'value': 178, 'displayName': 'StandingSave'}}, {'type': {'value': 13, 'displayName': 'Foul'}}, {'type': {'value': 285, 'displayName': 'Defensive'}}, {'type': {'value': 233, 'displayName': 'OppositeRelatedEvent'}, 'value': '66'}]",[64],False,401254.0,,,,,,,,,,,
2762461587.0,67,4,15.0,13,41.4,7.8,4,"{'value': 1, 'displayName': 'FirstHalf'}","{'value': 1, 'displayName': 'Pass'}","{'value': 1, 'displayName': 'Successful'}","[{'type': {'value': 140, 'displayName': 'PassEndX'}, 'value': '30.4'}, {'type': {'value': 141, 'displayName': 'PassEndY'}, 'value': '22.5'}, {'type': {'value': 56, 'displayName': 'Zone'}, 'value': 'Back'}, {'type': {'value': 213, 'displayName': 'Angle'}, 'value': '2.43'}, {'type': {'value': 178, 'displayName': 'StandingSave'}}, {'type': {'value': 5, 'displayName': 'FreekickTaken'}}, {'type': {'value': 212, 'displayName': 'Length'}, 'value': '15.3'}]","[91, 117, 30, 132, 35, 37, 215, 218]",True,388650.0,30.4,22.5,,,,,,,,,
2762461601.0,68,4,18.0,13,29.9,23.3,4,"{'value': 1, 'displayName': 'FirstHalf'}","{'value': 1, 'displayName': 'Pass'}","{'value': 1, 'displayName': 'Successful'}","[{'type': {'value': 141, 'displayName': 'PassEndY'}, 'value': '50.7'}, {'type': {'value': 140, 'displayName': 'PassEndX'}, 'value': '25.6'}, {'type': {'value': 213, 'displayName': 'Angle'}, 'value': '1.81'}, {'type': {'value': 56, 'displayName': 'Zone'}, 'value': 'Back'}, {'type': {'value': 178, 'displayName': 'StandingSave'}}, {'type': {'value': 212, 'displayName': 'Length'}, 'value': '19.2'}]","[91, 117, 30, 35, 37, 215, 218]",True,361822.0,25.6,50.7,,,,,,,,,
2762461607.0,69,4,23.0,13,25.1,49.0,4,"{'value': 1, 'displayName': 'FirstHalf'}","{'value': 1, 'displayName': 'Pass'}","{'value': 1, 'displayName': 'Successful'}","[{'type': {'value': 140, 'displayName': 'PassEndX'}, 'value': '27.0'}, {'type': {'value': 178, 'displayName': 'StandingSave'}}, {'type': {'value': 212, 'displayName': 'Length'}, 'value': '13.7'}, {'type': {'value': 56, 'displayName': 'Zone'}, 'value': 'Back'}, {'type': {'value': 213, 'displayName': 'Angle'}, 'value': '4.86'}, {'type': {'value': 141, 'displayName': 'PassEndY'}, 'value': '29.1'}]","[91, 117, 30, 36, 38, 215, 218]",True,276366.0,27.0,29.1,,,,,,,,,
2762461621.0,70,4,26.0,13,29.4,30.5,4,"{'value': 1, 'displayName': 'FirstHalf'}","{'value': 1, 'displayName': 'Pass'}","{'value': 1, 'displayName': 'Successful'}","[{'type': {'value': 141, 'displayName': 'PassEndY'}, 'value': '62.6'}, {'type': {'value': 56, 'displayName': 'Zone'}, 'value': 'Back'}, {'type': {'value': 212, 'displayName': 'Length'}, 'value': '23.0'}, {'type': {'value': 140, 'displayName': 'PassEndX'}, 'value': '36.4'}, {'type': {'value': 213, 'displayName': 'Angle'}, 'value': '1.25'}, {'type': {'value': 178, 'displayName': 'StandingSave'}}]","[91, 117, 30, 36, 37, 216, 218]",True,361822.0,36.4,62.6,,,,,,,,,
2762461625.0,71,4,28.0,13,36.4,62.6,4,"{'value': 1, 'displayName': 'FirstHalf'}","{'value': 1, 'displayName': 'Pass'}","{'value': 1, 'displayName': 'Successful'}","[{'type': {'value': 141, 'displayName': 'PassEndY'}, 'value': '74.1'}, {'type': {'value': 212, 'displayName': 'Length'}, 'value': '8.4'}, {'type': {'value': 178, 'displayName': 'StandingSave'}}, {'type': {'value': 213, 'displayName': 'Angle'}, 'value': '1.94'}, {'type': {'value': 56, 'displayName': 'Zone'}, 'value': 'Back'}, {'type': {'value': 140, 'displayName': 'PassEndX'}, 'value': '33.5'}]","[91, 117, 30, 35, 37, 216, 218]",True,467918.0,33.5,74.1,,,,,,,,,
2762461651.0,72,4,30.0,13,33.1,72.6,4,"{'value': 1, 'displayName': 'FirstHalf'}","{'value': 1, 'displayName': 'Pass'}","{'value': 1, 'displayName': 'Successful'}","[{'type': {'value': 56, 'displayName': 'Zone'}, 'value': 'Back'}, {'type': {'value': 212, 'displayName': 'Length'}, 'value': '15.0'}, {'type': {'value': 140, 'displayName': 'PassEndX'}, 'value': '22.4'}, {'type': {'value': 141, 'displayName': 'PassEndY'}, 'value': '57.9'}, {'type': {'value': 178, 'displayName': 'StandingSave'}}, {'type': {'value': 213, 'displayName': 'Angle'}, 'value': '3.87'}]","[91, 117, 30, 35, 38, 215, 218]",True,334087.0,22.4,57.9,,,,,,,,,
2762461661.0,73,4,38.0,13,25.4,51.3,4,"{'value': 1, 'displayName': 'FirstHalf'}","{'value': 1, 'displayName': 'Pass'}","{'value': 0, 'displayName': 'Unsuccessful'}","[{'type': {'value': 212, 'displayName': 'Length'}, 'value': '46.1'}, {'type': {'value': 178, 'displayName': 'StandingSave'}}, {'type': {'value': 140, 'displayName': 'PassEndX'}, 'value': '69.3'}, {'type': {'value': 213, 'displayName': 'Angle'}, 'value': '0.03'}, {'type': {'value': 1, 'displayName': 'Longball'}}, {'type': {'value': 155, 'displayName': 'Chipped'}}, {'type': {'value': 56, 'displayName': 'Zone'}, 'value': 'Center'}, {'type': {'value': 141, 'displayName': 'PassEndY'}, 'value': '53.1'}]","[91, 120, 124, 128, 36, 37, 217, 218]",True,276366.0,69.3,53.1,,,,,,,,,
2762461669.0,28,4,42.0,165,29.3,50.5,4,"{'value': 1, 'displayName': 'FirstHalf'}","{'value': 12, 'displayName': 'Clearance'}","{'value': 1, 'displayName': 'Successful'}","[{'type': {'value': 212, 'displayName': 'Length'}, 'value': '6.9'}, {'type': {'value': 141, 'displayName': 'PassEndY'}, 'value': '53.6'}, {'type': {'value': 140, 'displayName': 'PassEndX'}, 'value': '35.6'}, {'type': {'value': 178, 'displayName': 'StandingSave'}}, {'type': {'value': 56, 'displayName': 'Zone'}, 'value': 'Back'}, {'type': {'value': 213, 'displayName': 'Angle'}, 'value': '0.31'}]","[91, 94, 95, 216]",True,356599.0,35.6,53.6,,,,,,,,,
2762461671.0,74,4,43.0,13,65.7,49.2,4,"{'value': 1, 'displayName': 'FirstHalf'}","{'value': 1, 'displayName': 'Pass'}","{'value': 1, 'displayName': 'Successful'}","[{'type': {'value': 56, 'displayName': 'Zone'}, 'value': 'Center'}, {'type': {'value': 178, 'displayName': 'StandingSave'}}, {'type': {'value': 212, 'displayName': 'Length'}, 'value': '4.5'}, {'type': {'value': 141, 'displayName': 'PassEndY'}, 'value': '53.9'}, {'type': {'value': 140, 'displayName': 'PassEndX'}, 'value': '68.7'}, {'type': {'value': 213, 'displayName': 'Angle'}, 'value': '0.79'}]","[91, 119, 117, 30, 205, 36, 37, 217, 218]",True,279379.0,68.7,53.9,,,,,,,,,
2762461675.0,75,4,44.0,13,68.7,53.9,4,"{'value': 1, 'displayName': 'FirstHalf'}","{'value': 1, 'displayName': 'Pass'}","{'value': 1, 'displayName': 'Successful'}","[{'type': {'value': 56, 'displayName': 'Zone'}, 'value': 'Center'}, {'type': {'value': 140, 'displayName': 'PassEndX'}, 'value': '60.3'}, {'type': {'value': 141, 'displayName': 'PassEndY'}, 'value': '69.5'}, {'type': {'value': 178, 'displayName': 'StandingSave'}}, {'type': {'value': 213, 'displayName': 'Angle'}, 'value': '2.26'}, {'type': {'value': 156, 'displayName': 'LayOff'}}, {'type': {'value': 212, 'displayName': 'Length'}, 'value': '13.8'}]","[91, 119, 117, 30, 35, 37, 216, 218]",True,326413.0,60.3,69.5,,,,,,,,,
2762461681.0,76,4,46.0,13,60.3,69.5,4,"{'value': 1, 'displayName': 'FirstHalf'}","{'value': 1, 'displayName': 'Pass'}","{'value': 0, 'displayName': 'Unsuccessful'}","[{'type': {'value': 141, 'displayName': 'PassEndY'}, 'value': '61.3'}, {'type': {'value': 213, 'displayName': 'Angle'}, 'value': '5.96'}, {'type': {'value': 212, 'displayName': 'Length'}, 'value': '17.5'}, {'type': {'value': 178, 'displayName': 'StandingSave'}}, {'type': {'value': 140, 'displayName': 'PassEndX'}, 'value': '76.1'}, {'type': {'value': 4, 'displayName': 'Throughball'}}, {'type': {'value': 56, 'displayName': 'Zone'}, 'value': 'Center'}]","[91, 120, 29, 130, 36, 38, 217, 218]",True,467918.0,76.1,61.3,,,,,,,,,
2762461679.0,29,4,47.0,165,27.3,40.1,4,"{'value': 1, 'displayName': 'FirstHalf'}","{'value': 8, 'displayName': 'Interception'}","{'value': 1, 'displayName': 'Successful'}","[{'type': {'value': 178, 'displayName': 'StandingSave'}}, {'type': {'value': 56, 'displayName': 'Zone'}, 'value': 'Back'}]","[91, 101, 56]",True,356599.0,,,,,,,,,,,
2762461683.0,30,4,48.0,165,28.0,38.5,4,"{'value': 1, 'displayName': 'FirstHalf'}","{'value': 49, 'displayName': 'BallRecovery'}","{'value': 1, 'displayName': 'Successful'}",[],[93],False,356599.0,,,,,,,,,,,
2762461693.0,31,4,48.0,165,28.8,36.4,4,"{'value': 1, 'displayName': 'FirstHalf'}","{'value': 1, 'displayName': 'Pass'}","{'value': 0, 'displayName': 'Unsuccessful'}","[{'type': {'value': 178, 'displayName': 'StandingSave'}}, {'type': {'value': 140, 'displayName': 'PassEndX'}, 'value': '33.5'}, {'type': {'value': 213, 'displayName': 'Angle'}, 'value': '0.71'}, {'type': {'value': 141, 'displayName': 'PassEndY'}, 'value': '42.7'}, {'type': {'value': 212, 'displayName': 'Length'}, 'value': '6.5'}, {'type': {'value': 56, 'displayName': 'Zone'}, 'value': 'Back'}]","[91, 118, 120, 29, 36, 37, 216, 218]",True,356599.0,33.5,42.7,,,,,,,,,
2762461699.0,77,4,49.0,13,64.3,59.0,4,"{'value': 1, 'displayName': 'FirstHalf'}","{'value': 49, 'displayName': 'BallRecovery'}","{'value': 1, 'displayName': 'Successful'}",[],[93],False,332325.0,,,,,,,,,,,
2762461713.0,78,4,50.0,13,64.3,55.0,4,"{'value': 1, 'displayName': 'FirstHalf'}","{'value': 1, 'displayName': 'Pass'}","{'value': 1, 'displayName': 'Successful'}","[{'type': {'value': 178, 'displayName': 'StandingSave'}}, {'type': {'value': 141, 'displayName': 'PassEndY'}, 'value': '34.1'}, {'type': {'value': 56, 'displayName': 'Zone'}, 'value': 'Center'}, {'type': {'value': 213, 'displayName': 'Angle'}, 'value': '5.38'}, {'type': {'value': 140, 'displayName': 'PassEndX'}, 'value': '75.0'}, {'type': {'value': 212, 'displayName': 'Length'}, 'value': '18.1'}]","[91, 119, 117, 30, 205, 36, 38, 217, 218]",True,332325.0,75.0,34.1,,,,,,,,,
2762461725.0,79,4,53.0,13,77.1,32.0,4,"{'value': 1, 'displayName': 'FirstHalf'}","{'value': 1, 'displayName': 'Pass'}","{'value': 1, 'displayName': 'Successful'}","[{'type': {'value': 212, 'displayName': 'Length'}, 'value': '16.4'}, {'type': {'value': 140, 'displayName': 'PassEndX'}, 'value': '90.2'}, {'type': {'value': 213, 'displayName': 'Angle'}, 'value': '5.71'}, {'type': {'value': 141, 'displayName': 'PassEndY'}, 'value': '19.0'}, {'type': {'value': 178, 'displayName': 'StandingSave'}}, {'type': {'value': 56, 'displayName': 'Zone'}, 'value': 'Right'}]","[91, 119, 117, 30, 205, 36, 38, 217, 218]",True,247454.0,90.2,19.0,,,,,,,,,
2762461731.0,80,4,56.0,13,96.2,22.2,4,"{'value': 1, 'displayName': 'FirstHalf'}","{'value': 1, 'displayName': 'Pass'}","{'value': 0, 'displayName': 'Unsuccessful'}","[{'type': {'value': 140, 'displayName': 'PassEndX'}, 'value': '96.8'}, {'type': {'value': 155, 'displayName': 'Chipped'}}, {'type': {'value': 213, 'displayName': 'Angle'}, 'value': '1.54'}, {'type': {'value': 178, 'displayName': 'StandingSave'}}, {'type': {'value': 2, 'displayName': 'Cross'}}, {'type': {'value': 212, 'displayName': 'Length'}, 'value': '21.9'}, {'type': {'value': 141, 'displayName': 'PassEndY'}, 'value': '54.4'}, {'type': {'value': 56, 'displayName': 'Zone'}, 'value': 'Center'}, {'type': {'value': 20, 'displayName': 'RightFoot'}}]","[91, 137, 124, 126, 36, 37, 217, 218]",True,380706.0,96.8,54.4,,,,,,,,,
2762461739.0,32,4,58.0,165,2.9,47.5,4,"{'value': 1, 'displayName': 'FirstHalf'}","{'value': 12, 'displayName': 'Clearance'}","{'value': 1, 'displayName': 'Successful'}","[{'type': {'value': 15, 'displayName': 'Head'}}, {'type': {'value': 56, 'displayName': 'Zone'}, 'value': 'Back'}, {'type': {'value': 213, 'displayName': 'Angle'}, 'value': '4.37'}, {'type': {'value': 140, 'displayName': 'PassEndX'}, 'value': '0.0'}, {'type': {'value': 212, 'displayName': 'Length'}, 'value': '12.8'}, {'type': {'value': 141, 'displayName': 'PassEndY'}, 'value': '29.8'}]","[91, 94, 95, 57, 215]",True,356599.0,0.0,29.8,,,,,,,,,
2762461741.0,33,4,59.0,165,0.4,35.8,4,"{'value': 1, 'displayName': 'FirstHalf'}","{'value': 6, 'displayName': 'CornerAwarded'}","{'value': 0, 'displayName': 'Unsuccessful'}","[{'type': {'value': 73, 'displayName': 'MissLeft'}}, {'type': {'value': 56, 'displayName': 'Zone'}, 'value': 'Back'}, {'type': {'value': 233, 'displayName': 'OppositeRelatedEvent'}, 'value': '81'}]",[122],False,356599.0,,,,,,,,,,,
2762461737.0,81,4,59.0,13,99.6,64.2,4,"{'value': 1, 'displayName': 'FirstHalf'}","{'value': 6, 'displayName': 'CornerAwarded'}","{'value': 1, 'displayName': 'Successful'}","[{'type': {'value': 233, 'displayName': 'OppositeRelatedEvent'}, 'value': '33'}, {'type': {'value': 56, 'displayName': 'Zone'}, 'value': 'Center'}, {'type': {'value': 73, 'displayName': 'MissLeft'}}]",[122],False,380706.0,,,,,,,,,,,
2762461827.0,82,5,56.0,13,99.5,99.5,5,"{'value': 1, 'displayName': 'FirstHalf'}","{'value': 1, 'displayName': 'Pass'}","{'value': 0, 'displayName': 'Unsuccessful'}","[{'type': {'value': 140, 'displayName': 'PassEndX'}, 'value': '97.2'}, {'type': {'value': 2, 'displayName': 'Cross'}}, {'type': {'value': 20, 'displayName': 'RightFoot'}}, {'type': {'value': 213, 'displayName': 'Angle'}, 'value': '4.63'}, {'type': {'value': 155, 'displayName': 'Chipped'}}, {'type': {'value': 6, 'displayName': 'CornerTaken'}}, {'type': {'value': 141, 'displayName': 'PassEndY'}, 'value': '54.2'}, {'type': {'value': 212, 'displayName': 'Length'}, 'value': '30.9'}, {'type': {'value': 178, 'displayName': 'StandingSave'}}, {'type': {'value': 233, 'displayName': 'OppositeRelatedEvent'}, 'value': '39'}, {'type': {'value': 56, 'displayName': 'Zone'}, 'value': 'Center'}]","[91, 137, 124, 126, 31, 33, 34, 35, 38, 217, 218]",True,332325.0,97.2,54.2,,,,,,,,,
2762461831.0,34,5,57.0,165,4.0,43.0,5,"{'value': 1, 'displayName': 'FirstHalf'}","{'value': 12, 'displayName': 'Clearance'}","{'value': 1, 'displayName': 'Successful'}","[{'type': {'value': 213, 'displayName': 'Angle'}, 'value': '1.57'}, {'type': {'value': 140, 'displayName': 'PassEndX'}, 'value': '4.0'}, {'type': {'value': 15, 'displayName': 'Head'}}, {'type': {'value': 212, 'displayName': 'Length'}, 'value': '1.0'}, {'type': {'value': 56, 'displayName': 'Zone'}, 'value': 'Back'}, {'type': {'value': 141, 'displayName': 'PassEndY'}, 'value': '44.4'}]","[91, 94, 95, 57, 215]",True,270446.0,4.0,44.4,,,,,,,,,
2762461975.0,39,5,57.0,165,3.0,45.2,5,"{'value': 1, 'displayName': 'FirstHalf'}","{'value': 41, 'displayName': 'Punch'}","{'value': 0, 'displayName': 'Unsuccessful'}","[{'type': {'value': 140, 'displayName': 'PassEndX'}, 'value': '14.5'}, {'type': {'value': 212, 'displayName': 'Length'}, 'value': '14.3'}, {'type': {'value': 141, 'displayName': 'PassEndY'}, 'value': '56.4'}, {'type': {'value': 213, 'displayName': 'Angle'}, 'value': '0.56'}, {'type': {'value': 233, 'displayName': 'OppositeRelatedEvent'}, 'value': '82'}]","[91, 95, 206, 215]",True,362426.0,14.5,56.4,,,,,,,,,
2762461835.0,83,5,59.0,13,86.1,41.2,5,"{'value': 1, 'displayName': 'FirstHalf'}","{'value': 61, 'displayName': 'BallTouch'}","{'value': 0, 'displayName': 'Unsuccessful'}","[{'type': {'value': 178, 'displayName': 'StandingSave'}}, {'type': {'value': 56, 'displayName': 'Zone'}, 'value': 'Center'}]","[91, 69]",True,247454.0,,,,,,,,,,,
2762461839.0,35,6,1.0,165,15.3,55.1,6,"{'value': 1, 'displayName': 'FirstHalf'}","{'value': 1, 'displayName': 'Pass'}","{'value': 0, 'displayName': 'Unsuccessful'}","[{'type': {'value': 178, 'displayName': 'StandingSave'}}, {'type': {'value': 141, 'displayName': 'PassEndY'}, 'value': '85.3'}, {'type': {'value': 213, 'displayName': 'Angle'}, 'value': '0.78'}, {'type': {'value': 56, 'displayName': 'Zone'}, 'value': 'Back'}, {'type': {'value': 212, 'displayName': 'Length'}, 'value': '29.2'}, {'type': {'value': 140, 'displayName': 'PassEndX'}, 'value': '35.1'}]","[91, 118, 120, 29, 36, 37, 216, 218]",True,138686.0,35.1,85.3,,,,,,,,,
2762461863.0,84,6,10.0,13,55.1,32.3,6,"{'value': 1, 'displayName': 'FirstHalf'}","{'value': 1, 'displayName': 'Pass'}","{'value': 1, 'displayName': 'Successful'}","[{'type': {'value': 212, 'displayName': 'Length'}, 'value': '27.9'}, {'type': {'value': 178, 'displayName': 'StandingSave'}}, {'type': {'value': 56, 'displayName': 'Zone'}, 'value': 'Right'}, {'type': {'value': 140, 'displayName': 'PassEndX'}, 'value': '74.2'}, {'type': {'value': 213, 'displayName': 'Angle'}, 'value': '5.51'}, {'type': {'value': 141, 'displayName': 'PassEndY'}, 'value': '3.7'}]","[91, 119, 117, 30, 205, 36, 38, 217, 218]",True,113994.0,74.2,3.7,,,,,,,,,
2762461865.0,85,6,13.0,13,78.0,5.4,6,"{'value': 1, 'displayName': 'FirstHalf'}","{'value': 3, 'displayName': 'TakeOn'}","{'value': 0, 'displayName': 'Unsuccessful'}","[{'type': {'value': 56, 'displayName': 'Zone'}, 'value': 'Right'}, {'type': {'value': 286, 'displayName': 'Offensive'}}, {'type': {'value': 233, 'displayName': 'OppositeRelatedEvent'}, 'value': '36'}, {'type': {'value': 178, 'displayName': 'StandingSave'}}]","[91, 53]",True,380706.0,,,,,,,,,,,
2762461869.0,36,6,13.0,165,22.0,94.6,6,"{'value': 1, 'displayName': 'FirstHalf'}","{'value': 7, 'displayName': 'Tackle'}","{'value': 0, 'displayName': 'Unsuccessful'}","[{'type': {'value': 178, 'displayName': 'StandingSave'}}, {'type': {'value': 285, 'displayName': 'Defensive'}}, {'type': {'value': 56, 'displayName': 'Zone'}, 'value': 'Back'}, {'type': {'value': 233, 'displayName': 'OppositeRelatedEvent'}, 'value': '85'}]","[91, 142]",True,366211.0,,,,,,,,,,,
2762461891.0,86,6,16.0,13,66.5,7.3,6,"{'value': 1, 'displayName': 'FirstHalf'}","{'value': 1, 'displayName': 'Pass'}","{'value': 1, 'displayName': 'Successful'}","[{'type': {'value': 178, 'displayName': 'StandingSave'}}, {'type': {'value': 212, 'displayName': 'Length'}, 'value': '13.4'}, {'type': {'value': 213, 'displayName': 'Angle'}, 'value': '2.62'}, {'type': {'value': 140, 'displayName': 'PassEndX'}, 'value': '55.4'}, {'type': {'value': 141, 'displayName': 'PassEndY'}, 'value': '17.1'}, {'type': {'value': 56, 'displayName': 'Zone'}, 'value': 'Right'}]","[91, 119, 117, 30, 35, 37, 216, 218]",True,247454.0,55.4,17.1,,,,,,,,,
2762461895.0,87,6,19.0,13,55.8,21.6,6,"{'value': 1, 'displayName': 'FirstHalf'}","{'value': 1, 'displayName': 'Pass'}","{'value': 1, 'displayName': 'Successful'}","[{'type': {'value': 213, 'displayName': 'Angle'}, 'value': '1.24'}, {'type': {'value': 178, 'displayName': 'StandingSave'}}, {'type': {'value': 140, 'displayName': 'PassEndX'}, 'value': '60.0'}, {'type': {'value': 56, 'displayName': 'Zone'}, 'value': 'Center'}, {'type': {'value': 212, 'displayName': 'Length'}, 'value': '13.7'}, {'type': {'value': 141, 'displayName': 'PassEndY'}, 'value': '40.6'}]","[91, 119, 117, 30, 36, 37, 216, 218]",True,361822.0,60.0,40.6,,,,,,,,,
2762461899.0,88,6,22.0,13,59.9,40.6,6,"{'value': 1, 'displayName': 'FirstHalf'}","{'value': 1, 'displayName': 'Pass'}","{'value': 1, 'displayName': 'Successful'}","[{'type': {'value': 212, 'displayName': 'Length'}, 'value': '7.5'}, {'type': {'value': 178, 'displayName': 'StandingSave'}}, {'type': {'value': 56, 'displayName': 'Zone'}, 'value': 'Center'}, {'type': {'value': 140, 'displayName': 'PassEndX'}, 'value': '66.9'}, {'type': {'value': 213, 'displayName': 'Angle'}, 'value': '6.10'}, {'type': {'value': 141, 'displayName': 'PassEndY'}, 'value': '38.6'}]","[91, 119, 117, 30, 205, 36, 38, 217, 218]",True,332325.0,66.9,38.6,,,,,,,,,
2762461907.0,89,6,23.0,13,66.4,38.1,6,"{'value': 1, 'displayName': 'FirstHalf'}","{'value': 1, 'displayName': 'Pass'}","{'value': 1, 'displayName': 'Successful'}","[{'type': {'value': 178, 'displayName': 'StandingSave'}}, {'type': {'value': 140, 'displayName': 'PassEndX'}, 'value': '54.5'}, {'type': {'value': 141, 'displayName': 'PassEndY'}, 'value': '24.5'}, {'type': {'value': 212, 'displayName': 'Length'}, 'value': '15.5'}, {'type': {'value': 56, 'displayName': 'Zone'}, 'value': 'Center'}, {'type': {'value': 213, 'displayName': 'Angle'}, 'value': '3.78'}]","[91, 119, 117, 30, 35, 38, 216, 218]",True,326413.0,54.5,24.5,,,,,,,,,
2762461921.0,90,6,24.0,13,55.5,23.6,6,"{'value': 1, 'displayName': 'FirstHalf'}","{'value': 1, 'displayName': 'Pass'}","{'value': 1, 'displayName': 'Successful'}","[{'type': {'value': 178, 'displayName': 'StandingSave'}}, {'type': {'value': 141, 'displayName': 'PassEndY'}, 'value': '14.1'}, {'type': {'value': 213, 'displayName': 'Angle'}, 'value': '5.17'}, {'type': {'value': 140, 'displayName': 'PassEndX'}, 'value': '58.5'}, {'type': {'value': 56, 'displayName': 'Zone'}, 'value': 'Right'}, {'type': {'value': 212, 'displayName': 'Length'}, 'value': '7.2'}]","[91, 119, 117, 30, 36, 38, 216, 218]",True,361822.0,58.5,14.1,,,,,,,,,
2762461929.0,91,6,30.0,13,58.0,26.5,6,"{'value': 1, 'displayName': 'FirstHalf'}","{'value': 1, 'displayName': 'Pass'}","{'value': 1, 'displayName': 'Successful'}","[{'type': {'value': 178, 'displayName': 'StandingSave'}}, {'type': {'value': 213, 'displayName': 'Angle'}, 'value': '3.10'}, {'type': {'value': 141, 'displayName': 'PassEndY'}, 'value': '27.1'}, {'type': {'value': 140, 'displayName': 'PassEndX'}, 'value': '47.4'}, {'type': {'value': 212, 'displayName': 'Length'}, 'value': '11.1'}, {'type': {'value': 56, 'displayName': 'Zone'}, 'value': 'Back'}]","[91, 117, 30, 35, 37, 216, 218]",True,247454.0,47.4,27.1,,,,,,,,,
2762461935.0,92,6,32.0,13,47.7,29.1,6,"{'value': 1, 'displayName': 'FirstHalf'}","{'value': 1, 'displayName': 'Pass'}","{'value': 1, 'displayName': 'Successful'}","[{'type': {'value': 141, 'displayName': 'PassEndY'}, 'value': '64.9'}, {'type': {'value': 178, 'displayName': 'StandingSave'}}, {'type': {'value': 56, 'displayName': 'Zone'}, 'value': 'Back'}, {'type': {'value': 213, 'displayName': 'Angle'}, 'value': '1.63'}, {'type': {'value': 212, 'displayName': 'Length'}, 'value': '24.4'}, {'type': {'value': 140, 'displayName': 'PassEndX'}, 'value': '46.3'}]","[91, 117, 30, 35, 37, 216, 218]",True,361822.0,46.3,64.9,,,,,,,,,
2762461941.0,93,6,35.0,13,46.3,65.2,6,"{'value': 1, 'displayName': 'FirstHalf'}","{'value': 1, 'displayName': 'Pass'}","{'value': 1, 'displayName': 'Successful'}","[{'type': {'value': 141, 'displayName': 'PassEndY'}, 'value': '95.4'}, {'type': {'value': 212, 'displayName': 'Length'}, 'value': '29.4'}, {'type': {'value': 178, 'displayName': 'StandingSave'}}, {'type': {'value': 140, 'displayName': 'PassEndX'}, 'value': '66.4'}, {'type': {'value': 56, 'displayName': 'Zone'}, 'value': 'Left'}, {'type': {'value': 213, 'displayName': 'Angle'}, 'value': '0.77'}]","[91, 119, 117, 30, 36, 37, 216, 218]",True,334087.0,66.4,95.4,,,,,,,,,
2762461945.0,94,6,41.0,13,84.0,96.8,6,"{'value': 1, 'displayName': 'FirstHalf'}","{'value': 50, 'displayName': 'Dispossessed'}","{'value': 1, 'displayName': 'Successful'}","[{'type': {'value': 286, 'displayName': 'Offensive'}}, {'type': {'value': 233, 'displayName': 'OppositeRelatedEvent'}, 'value': '37'}, {'type': {'value': 56, 'displayName': 'Zone'}, 'value': 'Left'}]","[91, 70]",True,113994.0,,,,,,,,,,,
2762461949.0,37,6,41.0,165,16.0,3.2,6,"{'value': 1, 'displayName': 'FirstHalf'}","{'value': 7, 'displayName': 'Tackle'}","{'value': 1, 'displayName': 'Successful'}","[{'type': {'value': 233, 'displayName': 'OppositeRelatedEvent'}, 'value': '94'}, {'type': {'value': 285, 'displayName': 'Defensive'}}, {'type': {'value': 56, 'displayName': 'Zone'}, 'value': 'Back'}, {'type': {'value': 178, 'displayName': 'StandingSave'}}]","[91, 143]",True,362826.0,,,,,,,,,,,
2762461959.0,96,6,49.0,13,81.8,100.0,6,"{'value': 1, 'displayName': 'FirstHalf'}","{'value': 1, 'displayName': 'Pass'}","{'value': 1, 'displayName': 'Successful'}","[{'type': {'value': 212, 'displayName': 'Length'}, 'value': '20.7'}, {'type': {'value': 56, 'displayName': 'Zone'}, 'value': 'Left'}, {'type': {'value': 140, 'displayName': 'PassEndX'}, 'value': '62.6'}, {'type': {'value': 213, 'displayName': 'Angle'}, 'value': '3.37'}, {'type': {'value': 141, 'displayName': 'PassEndY'}, 'value': '94.8'}, {'type': {'value': 107, 'displayName': 'ThrowIn'}}]","[91, 212, 35, 38, 216]",True,467918.0,62.6,94.8,,,,,,,,,
2762461965.0,97,6,53.0,13,62.9,91.3,6,"{'value': 1, 'displayName': 'FirstHalf'}","{'value': 1, 'displayName': 'Pass'}","{'value': 1, 'displayName': 'Successful'}","[{'type': {'value': 141, 'displayName': 'PassEndY'}, 'value': '66.8'}, {'type': {'value': 140, 'displayName': 'PassEndX'}, 'value': '55.0'}, {'type': {'value': 178, 'displayName': 'StandingSave'}}, {'type': {'value': 56, 'displayName': 'Zone'}, 'value': 'Center'}, {'type': {'value': 212, 'displayName': 'Length'}, 'value': '18.6'}, {'type': {'value': 213, 'displayName': 'Angle'}, 'value': '4.25'}]","[91, 119, 117, 30, 35, 38, 216, 218]",True,334087.0,55.0,66.8,,,,,,,,,
2762461969.0,98,6,56.0,13,55.0,66.8,6,"{'value': 1, 'displayName': 'FirstHalf'}","{'value': 1, 'displayName': 'Pass'}","{'value': 1, 'displayName': 'Successful'}","[{'type': {'value': 178, 'displayName': 'StandingSave'}}, {'type': {'value': 141, 'displayName': 'PassEndY'}, 'value': '87.1'}, {'type': {'value': 212, 'displayName': 'Length'}, 'value': '22.5'}, {'type': {'value': 56, 'displayName': 'Zone'}, 'value': 'Left'}, {'type': {'value': 140, 'displayName': 'PassEndX'}, 'value': '71.9'}, {'type': {'value': 213, 'displayName': 'Angle'}, 'value': '0.66'}]","[91, 119, 117, 30, 205, 36, 37, 217, 218]",True,361822.0,71.9,87.1,,,,,,,,,
2762461973.0,99,6,58.0,13,71.9,87.1,6,"{'value': 1, 'displayName': 'FirstHalf'}","{'value': 1, 'displayName': 'Pass'}","{'value': 1, 'displayName': 'Successful'}","[{'type': {'value': 178, 'displayName': 'StandingSave'}}, {'type': {'value': 141, 'displayName': 'PassEndY'}, 'value': '95.9'}, {'type': {'value': 213, 'displayName': 'Angle'}, 'value': '0.87'}, {'type': {'value': 140, 'displayName': 'PassEndX'}, 'value': '76.7'}, {'type': {'value': 212, 'displayName': 'Length'}, 'value': '7.8'}, {'type': {'value': 56, 'displayName': 'Zone'}, 'value': 'Left'}]","[91, 119, 117, 30, 205, 36, 37, 217, 218]",True,467918.0,76.7,95.9,,,,,,,,,
2762461981.0,100,7,0.0,13,76.3,95.7,7,"{'value': 1, 'displayName': 'FirstHalf'}","{'value': 1, 'displayName': 'Pass'}","{'value': 1, 'displayName': 'Successful'}","[{'type': {'value': 141, 'displayName': 'PassEndY'}, 'value': '87.1'}, {'type': {'value': 212, 'displayName': 'Length'}, 'value': '10.3'}, {'type': {'value': 56, 'displayName': 'Zone'}, 'value': 'Left'}, {'type': {'value': 178, 'displayName': 'StandingSave'}}, {'type': {'value': 213, 'displayName': 'Angle'}, 'value': '3.74'}, {'type': {'value': 140, 'displayName': 'PassEndX'}, 'value': '68.2'}]","[91, 119, 117, 30, 205, 35, 38, 217, 218]",True,113994.0,68.2,87.1,,,,,,,,,
2762461983.0,101,7,3.0,13,67.7,84.8,7,"{'value': 1, 'displayName': 'FirstHalf'}","{'value': 1, 'displayName': 'Pass'}","{'value': 1, 'displayName': 'Successful'}","[{'type': {'value': 212, 'displayName': 'Length'}, 'value': '5.4'}, {'type': {'value': 178, 'displayName': 'StandingSave'}}, {'type': {'value': 56, 'displayName': 'Zone'}, 'value': 'Left'}, {'type': {'value': 213, 'displayName': 'Angle'}, 'value': '5.64'}, {'type': {'value': 140, 'displayName': 'PassEndX'}, 'value': '71.8'}, {'type': {'value': 141, 'displayName': 'PassEndY'}, 'value': '80.1'}]","[91, 119, 117, 30, 205, 36, 38, 217, 218]",True,334087.0,71.8,80.1,,,,,,,,,
2762461991.0,102,7,4.0,13,71.8,80.1,7,"{'value': 1, 'displayName': 'FirstHalf'}","{'value': 1, 'displayName': 'Pass'}","{'value': 1, 'displayName': 'Successful'}","[{'type': {'value': 56, 'displayName': 'Zone'}, 'value': 'Left'}, {'type': {'value': 213, 'displayName': 'Angle'}, 'value': '1.14'}, {'type': {'value': 212, 'displayName': 'Length'}, 'value': '13.2'}, {'type': {'value': 141, 'displayName': 'PassEndY'}, 'value': '97.7'}, {'type': {'value': 178, 'displayName': 'StandingSave'}}, {'type': {'value': 140, 'displayName': 'PassEndX'}, 'value': '77.1'}]","[91, 119, 117, 30, 205, 36, 37, 217, 218]",True,332325.0,77.1,97.7,,,,,,,,,
2762461997.0,103,7,8.0,13,76.6,93.3,7,"{'value': 1, 'displayName': 'FirstHalf'}","{'value': 1, 'displayName': 'Pass'}","{'value': 1, 'displayName': 'Successful'}","[{'type': {'value': 178, 'displayName': 'StandingSave'}}, {'type': {'value': 140, 'displayName': 'PassEndX'}, 'value': '66.3'}, {'type': {'value': 141, 'displayName': 'PassEndY'}, 'value': '89.7'}, {'type': {'value': 212, 'displayName': 'Length'}, 'value': '11.1'}, {'type': {'value': 56, 'displayName': 'Zone'}, 'value': 'Left'}, {'type': {'value': 213, 'displayName': 'Angle'}, 'value': '3.36'}]","[91, 119, 117, 30, 35, 38, 216, 218]",True,113994.0,66.3,89.7,,,,,,,,,
2762462001.0,104,7,12.0,13,67.4,85.2,7,"{'value': 1, 'displayName': 'FirstHalf'}","{'value': 1, 'displayName': 'Pass'}","{'value': 1, 'displayName': 'Successful'}","[{'type': {'value': 212, 'displayName': 'Length'}, 'value': '13.7'}, {'type': {'value': 178, 'displayName': 'StandingSave'}}, {'type': {'value': 140, 'displayName': 'PassEndX'}, 'value': '63.0'}, {'type': {'value': 213, 'displayName': 'Angle'}, 'value': '4.37'}, {'type': {'value': 56, 'displayName': 'Zone'}, 'value': 'Center'}, {'type': {'value': 141, 'displayName': 'PassEndY'}, 'value': '66.3'}]","[91, 119, 117, 30, 35, 38, 216, 218]",True,334087.0,63.0,66.3,,,,,,,,,
2762462007.0,105,7,16.0,13,63.1,63.2,7,"{'value': 1, 'displayName': 'FirstHalf'}","{'value': 1, 'displayName': 'Pass'}","{'value': 1, 'displayName': 'Successful'}","[{'type': {'value': 56, 'displayName': 'Zone'}, 'value': 'Left'}, {'type': {'value': 178, 'displayName': 'StandingSave'}}, {'type': {'value': 212, 'displayName': 'Length'}, 'value': '18.7'}, {'type': {'value': 140, 'displayName': 'PassEndX'}, 'value': '65.7'}, {'type': {'value': 213, 'displayName': 'Angle'}, 'value': '1.42'}, {'type': {'value': 141, 'displayName': 'PassEndY'}, 'value': '90.4'}]","[91, 119, 117, 30, 36, 37, 216, 218]",True,361822.0,65.7,90.4,,,,,,,,,
2762462009.0,106,7,18.0,13,65.7,90.4,7,"{'value': 1, 'displayName': 'FirstHalf'}","{'value': 1, 'displayName': 'Pass'}","{'value': 1, 'displayName': 'Successful'}","[{'type': {'value': 141, 'displayName': 'PassEndY'}, 'value': '97.6'}, {'type': {'value': 56, 'displayName': 'Zone'}, 'value': 'Left'}, {'type': {'value': 212, 'displayName': 'Length'}, 'value': '8.8'}, {'type': {'value': 213, 'displayName': 'Angle'}, 'value': '0.59'}, {'type': {'value': 140, 'displayName': 'PassEndX'}, 'value': '72.7'}, {'type': {'value': 178, 'displayName': 'StandingSave'}}]","[91, 119, 117, 30, 205, 36, 37, 217, 218]",True,334087.0,72.7,97.6,,,,,,,,,
2762475907.0,1009,7,19.0,13,70.7,92.2,7,"{'value': 1, 'displayName': 'FirstHalf'}","{'value': 3, 'displayName': 'TakeOn'}","{'value': 0, 'displayName': 'Unsuccessful'}","[{'type': {'value': 56, 'displayName': 'Zone'}, 'value': 'Left'}, {'type': {'value': 286, 'displayName': 'Offensive'}}, {'type': {'value': 178, 'displayName': 'StandingSave'}}]","[91, 53]",True,467918.0,,,,,,,,,,,
2762462021.0,107,7,20.0,13,71.2,92.4,7,"{'value': 1, 'displayName': 'FirstHalf'}","{'value': 4, 'displayName': 'Foul'}","{'value': 1, 'displayName': 'Successful'}","[{'type': {'value': 13, 'displayName': 'Foul'}}, {'type': {'value': 286, 'displayName': 'Offensive'}}, {'type': {'value': 233, 'displayName': 'OppositeRelatedEvent'}, 'value': '40'}, {'type': {'value': 56, 'displayName': 'Zone'}, 'value': 'Left'}]","[91, 63]",True,467918.0,,,,,,,,,,,
2762462013.0,40,7,20.0,165,28.8,7.6,7,"{'value': 1, 'displayName': 'FirstHalf'}","{'value': 4, 'displayName': 'Foul'}","{'value': 0, 'displayName': 'Unsuccessful'}","[{'type': {'value': 13, 'displayName': 'Foul'}}, {'type': {'value': 56, 'displayName': 'Zone'}, 'value': 'Back'}, {'type': {'value': 178, 'displayName': 'StandingSave'}}, {'type': {'value': 233, 'displayName': 'OppositeRelatedEvent'}, 'value': '107'}, {'type': {'value': 285, 'displayName': 'Defensive'}}]",[64],False,349484.0,,,,,,,,,,,
2762462139.0,108,8,0.0,13,72.5,94.2,8,"{'value': 1, 'displayName': 'FirstHalf'}","{'value': 1, 'displayName': 'Pass'}","{'value': 0, 'displayName': 'Unsuccessful'}","[{'type': {'value': 178, 'displayName': 'StandingSave'}}, {'type': {'value': 140, 'displayName': 'PassEndX'}, 'value': '80.2'}, {'type': {'value': 212, 'displayName': 'Length'}, 'value': '12.1'}, {'type': {'value': 56, 'displayName': 'Zone'}, 'value': 'Left'}, {'type': {'value': 213, 'displayName': 'Angle'}, 'value': '5.44'}, {'type': {'value': 5, 'displayName': 'FreekickTaken'}}, {'type': {'value': 141, 'displayName': 'PassEndY'}, 'value': '80.9'}]","[91, 120, 29, 133, 36, 38, 217, 218]",True,247454.0,80.2,80.9,,,,,,,,,
2762462143.0,41,8,0.0,165,24.1,20.7,8,"{'value': 1, 'displayName': 'FirstHalf'}","{'value': 49, 'displayName': 'BallRecovery'}","{'value': 1, 'displayName': 'Successful'}",[],[93],False,138686.0,,,,,,,,,,,
2762462147.0,42,8,5.0,165,27.6,8.8,8,"{'value': 1, 'displayName': 'FirstHalf'}","{'value': 1, 'displayName': 'Pass'}","{'value': 1, 'displayName': 'Successful'}","[{'type': {'value': 212, 'displayName': 'Length'}, 'value': '22.0'}, {'type': {'value': 213, 'displayName': 'Angle'}, 'value': '2.83'}, {'type': {'value': 178, 'displayName': 'StandingSave'}}, {'type': {'value': 56, 'displayName': 'Zone'}, 'value': 'Back'}, {'type': {'value': 141, 'displayName': 'PassEndY'}, 'value': '18.6'}, {'type': {'value': 140, 'displayName': 'PassEndX'}, 'value': '7.6'}]","[91, 117, 30, 35, 37, 215, 218]",True,138686.0,7.6,18.6,,,,,,,,,
2762462149.0,43,8,8.0,165,8.3,16.1,8,"{'value': 1, 'displayName': 'FirstHalf'}","{'value': 1, 'displayName': 'Pass'}","{'value': 1, 'displayName': 'Successful'}","[{'type': {'value': 213, 'displayName': 'Angle'}, 'value': '5.54'}, {'type': {'value': 56, 'displayName': 'Zone'}, 'value': 'Back'}, {'type': {'value': 140, 'displayName': 'PassEndX'}, 'value': '16.9'}, {'type': {'value': 212, 'displayName': 'Length'}, 'value': '12.3'}, {'type': {'value': 178, 'displayName': 'StandingSave'}}, {'type': {'value': 141, 'displayName': 'PassEndY'}, 'value': '3.8'}]","[91, 117, 30, 36, 38, 215, 218]",True,362826.0,16.9,3.8,,,,,,,,,
2762462153.0,44,8,10.0,165,16.9,3.8,8,"{'value': 1, 'displayName': 'FirstHalf'}","{'value': 1, 'displayName': 'Pass'}","{'value': 1, 'displayName': 'Successful'}","[{'type': {'value': 178, 'displayName': 'StandingSave'}}, {'type': {'value': 212, 'displayName': 'Length'}, 'value': '12.8'}, {'type': {'value': 141, 'displayName': 'PassEndY'}, 'value': '9.4'}, {'type': {'value': 140, 'displayName': 'PassEndX'}, 'value': '5.3'}, {'type': {'value': 213, 'displayName': 'Angle'}, 'value': '2.84'}, {'type': {'value': 56, 'displayName': 'Zone'}, 'value': 'Back'}]","[91, 117, 30, 35, 37, 215, 218]",True,430908.0,5.3,9.4,,,,,,,,,
2762462159.0,45,8,12.0,165,5.7,9.5,8,"{'value': 1, 'displayName': 'FirstHalf'}","{'value': 1, 'displayName': 'Pass'}","{'value': 1, 'displayName': 'Successful'}","[{'type': {'value': 213, 'displayName': 'Angle'}, 'value': '1.82'}, {'type': {'value': 56, 'displayName': 'Zone'}, 'value': 'Back'}, {'type': {'value': 140, 'displayName': 'PassEndX'}, 'value': '1.9'}, {'type': {'value': 141, 'displayName': 'PassEndY'}, 'value': '32.5'}, {'type': {'value': 178, 'displayName': 'StandingSave'}}, {'type': {'value': 212, 'displayName': 'Length'}, 'value': '16.1'}]","[91, 117, 30, 35, 37, 215, 218]",True,362826.0,1.9,32.5,,,,,,,,,
2762462165.0,46,8,14.0,165,2.5,32.7,8,"{'value': 1, 'displayName': 'FirstHalf'}","{'value': 1, 'displayName': 'Pass'}","{'value': 1, 'displayName': 'Successful'}","[{'type': {'value': 155, 'displayName': 'Chipped'}}, {'type': {'value': 1, 'displayName': 'Longball'}}, {'type': {'value': 140, 'displayName': 'PassEndX'}, 'value': '25.2'}, {'type': {'value': 178, 'displayName': 'StandingSave'}}, {'type': {'value': 141, 'displayName': 'PassEndY'}, 'value': '94.1'}, {'type': {'value': 212, 'displayName': 'Length'}, 'value': '48.1'}, {'type': {'value': 213, 'displayName': 'Angle'}, 'value': '1.05'}, {'type': {'value': 56, 'displayName': 'Zone'}, 'value': 'Back'}]","[91, 117, 124, 127, 36, 37, 215, 218]",True,362426.0,25.2,94.1,,,,,,,,,
2762462169.0,47,8,18.0,165,28.0,92.1,8,"{'value': 1, 'displayName': 'FirstHalf'}","{'value': 50, 'displayName': 'Dispossessed'}","{'value': 1, 'displayName': 'Successful'}","[{'type': {'value': 233, 'displayName': 'OppositeRelatedEvent'}, 'value': '109'}, {'type': {'value': 285, 'displayName': 'Defensive'}}, {'type': {'value': 56, 'displayName': 'Zone'}, 'value': 'Back'}]","[91, 70]",True,366211.0,,,,,,,,,,,
2762462173.0,109,8,19.0,13,72.0,7.9,8,"{'value': 1, 'displayName': 'FirstHalf'}","{'value': 7, 'displayName': 'Tackle'}","{'value': 1, 'displayName': 'Successful'}","[{'type': {'value': 233, 'displayName': 'OppositeRelatedEvent'}, 'value': '47'}, {'type': {'value': 56, 'displayName': 'Zone'}, 'value': 'Right'}, {'type': {'value': 178, 'displayName': 'StandingSave'}}, {'type': {'value': 286, 'displayName': 'Offensive'}}]","[91, 143]",True,388650.0,,,,,,,,,,,
2762462175.0,110,8,20.0,13,70.2,9.2,8,"{'value': 1, 'displayName': 'FirstHalf'}","{'value': 50, 'displayName': 'Dispossessed'}","{'value': 1, 'displayName': 'Successful'}","[{'type': {'value': 233, 'displayName': 'OppositeRelatedEvent'}, 'value': '48'}, {'type': {'value': 56, 'displayName': 'Zone'}, 'value': 'Right'}, {'type': {'value': 286, 'displayName': 'Offensive'}}]","[91, 70]",True,388650.0,,,,,,,,,,,
2762462177.0,48,8,20.0,165,29.8,90.8,8,"{'value': 1, 'displayName': 'FirstHalf'}","{'value': 7, 'displayName': 'Tackle'}","{'value': 0, 'displayName': 'Unsuccessful'}","[{'type': {'value': 285, 'displayName': 'Defensive'}}, {'type': {'value': 178, 'displayName': 'StandingSave'}}, {'type': {'value': 233, 'displayName': 'OppositeRelatedEvent'}, 'value': '110'}, {'type': {'value': 56, 'displayName': 'Zone'}, 'value': 'Back'}]","[91, 142]",True,366211.0,,,,,,,,,,,
2762462179.0,111,8,22.0,13,64.2,11.3,8,"{'value': 1, 'displayName': 'FirstHalf'}","{'value': 49, 'displayName': 'BallRecovery'}","{'value': 1, 'displayName': 'Successful'}",[],[93],False,388650.0,,,,,,,,,,,
2762462181.0,112,8,22.0,13,64.2,11.3,8,"{'value': 1, 'displayName': 'FirstHalf'}","{'value': 1, 'displayName': 'Pass'}","{'value': 1, 'displayName': 'Successful'}","[{'type': {'value': 178, 'displayName': 'StandingSave'}}, {'type': {'value': 141, 'displayName': 'PassEndY'}, 'value': '17.8'}, {'type': {'value': 56, 'displayName': 'Zone'}, 'value': 'Right'}, {'type': {'value': 140, 'displayName': 'PassEndX'}, 'value': '63.1'}, {'type': {'value': 213, 'displayName': 'Angle'}, 'value': '1.83'}, {'type': {'value': 212, 'displayName': 'Length'}, 'value': '4.6'}]","[91, 119, 117, 30, 35, 37, 216, 218]",True,388650.0,63.1,17.8,,,,,,,,,
2762462185.0,113,8,22.0,13,63.1,17.8,8,"{'value': 1, 'displayName': 'FirstHalf'}","{'value': 1, 'displayName': 'Pass'}","{'value': 1, 'displayName': 'Successful'}","[{'type': {'value': 141, 'displayName': 'PassEndY'}, 'value': '4.1'}, {'type': {'value': 212, 'displayName': 'Length'}, 'value': '16.5'}, {'type': {'value': 140, 'displayName': 'PassEndX'}, 'value': '76.1'}, {'type': {'value': 56, 'displayName': 'Zone'}, 'value': 'Right'}, {'type': {'value': 178, 'displayName': 'StandingSave'}}, {'type': {'value': 213, 'displayName': 'Angle'}, 'value': '5.68'}]","[91, 119, 117, 30, 205, 36, 38, 217, 218]",True,332325.0,76.1,4.1,,,,,,,,,
2762462187.0,114,8,25.0,13,76.1,4.1,8,"{'value': 1, 'displayName': 'FirstHalf'}","{'value': 1, 'displayName': 'Pass'}","{'value': 1, 'displayName': 'Successful'}","[{'type': {'value': 212, 'displayName': 'Length'}, 'value': '7.0'}, {'type': {'value': 178, 'displayName': 'StandingSave'}}, {'type': {'value': 56, 'displayName': 'Zone'}, 'value': 'Right'}, {'type': {'value': 141, 'displayName': 'PassEndY'}, 'value': '9.9'}, {'type': {'value': 140, 'displayName': 'PassEndX'}, 'value': '70.6'}, {'type': {'value': 213, 'displayName': 'Angle'}, 'value': '2.54'}]","[91, 119, 117, 30, 205, 35, 37, 217, 218]",True,380706.0,70.6,9.9,,,,,,,,,
2762462189.0,115,8,27.0,13,69.3,12.2,8,"{'value': 1, 'displayName': 'FirstHalf'}","{'value': 1, 'displayName': 'Pass'}","{'value': 1, 'displayName': 'Successful'}","[{'type': {'value': 56, 'displayName': 'Zone'}, 'value': 'Center'}, {'type': {'value': 213, 'displayName': 'Angle'}, 'value': '1.00'}, {'type': {'value': 140, 'displayName': 'PassEndX'}, 'value': '73.8'}, {'type': {'value': 178, 'displayName': 'StandingSave'}}, {'type': {'value': 141, 'displayName': 'PassEndY'}, 'value': '23.0'}, {'type': {'value': 212, 'displayName': 'Length'}, 'value': '8.7'}]","[91, 119, 117, 30, 205, 36, 37, 217, 218]",True,388650.0,73.8,23.0,,,,,,,,,
2762462193.0,116,8,28.0,13,74.2,21.2,8,"{'value': 1, 'displayName': 'FirstHalf'}","{'value': 50, 'displayName': 'Dispossessed'}","{'value': 1, 'displayName': 'Successful'}","[{'type': {'value': 56, 'displayName': 'Zone'}, 'value': 'Center'}, {'type': {'value': 233, 'displayName': 'OppositeRelatedEvent'}, 'value': '49'}, {'type': {'value': 286, 'displayName': 'Offensive'}}]","[91, 70]",True,247454.0,,,,,,,,,,,
2762462191.0,49,8,28.0,165,25.8,78.8,8,"{'value': 1, 'displayName': 'FirstHalf'}","{'value': 7, 'displayName': 'Tackle'}","{'value': 0, 'displayName': 'Unsuccessful'}","[{'type': {'value': 233, 'displayName': 'OppositeRelatedEvent'}, 'value': '116'}, {'type': {'value': 285, 'displayName': 'Defensive'}}, {'type': {'value': 56, 'displayName': 'Zone'}, 'value': 'Back'}, {'type': {'value': 178, 'displayName': 'StandingSave'}}]","[91, 142]",True,404108.0,,,,,,,,,,,
2762462201.0,117,8,29.0,13,69.1,26.0,8,"{'value': 1, 'displayName': 'FirstHalf'}","{'value': 1, 'displayName': 'Pass'}","{'value': 1, 'displayName': 'Successful'}","[{'type': {'value': 140, 'displayName': 'PassEndX'}, 'value': '72.2'}, {'type': {'value': 178, 'displayName': 'StandingSave'}}, {'type': {'value': 56, 'displayName': 'Zone'}, 'value': 'Right'}, {'type': {'value': 141, 'displayName': 'PassEndY'}, 'value': '14.8'}, {'type': {'value': 213, 'displayName': 'Angle'}, 'value': '5.12'}, {'type': {'value': 212, 'displayName': 'Length'}, 'value': '8.3'}]","[91, 119, 117, 30, 205, 36, 38, 217, 218]",True,332325.0,72.2,14.8,,,,,,,,,
2762462203.0,118,8,32.0,13,72.3,12.1,8,"{'value': 1, 'displayName': 'FirstHalf'}","{'value': 1, 'displayName': 'Pass'}","{'value': 1, 'displayName': 'Successful'}","[{'type': {'value': 140, 'displayName': 'PassEndX'}, 'value': '80.6'}, {'type': {'value': 56, 'displayName': 'Zone'}, 'value': 'Right'}, {'type': {'value': 212, 'displayName': 'Length'}, 'value': '8.8'}, {'type': {'value': 141, 'displayName': 'PassEndY'}, 'value': '10.1'}, {'type': {'value': 213, 'displayName': 'Angle'}, 'value': '6.13'}, {'type': {'value': 178, 'displayName': 'StandingSave'}}]","[91, 119, 117, 30, 205, 36, 38, 217, 218]",True,247454.0,80.6,10.1,,,,,,,,,
2762462211.0,119,8,34.0,13,82.0,8.7,8,"{'value': 1, 'displayName': 'FirstHalf'}","{'value': 1, 'displayName': 'Pass'}","{'value': 1, 'displayName': 'Successful'}","[{'type': {'value': 140, 'displayName': 'PassEndX'}, 'value': '72.1'}, {'type': {'value': 56, 'displayName': 'Zone'}, 'value': 'Right'}, {'type': {'value': 213, 'displayName': 'Angle'}, 'value': '3.35'}, {'type': {'value': 212, 'displayName': 'Length'}, 'value': '10.6'}, {'type': {'value': 141, 'displayName': 'PassEndY'}, 'value': '5.4'}, {'type': {'value': 178, 'displayName': 'StandingSave'}}]","[91, 119, 117, 30, 205, 35, 38, 217, 218]",True,388650.0,72.1,5.4,,,,,,,,,
2762462215.0,120,8,36.0,13,71.2,5.0,8,"{'value': 1, 'displayName': 'FirstHalf'}","{'value': 1, 'displayName': 'Pass'}","{'value': 1, 'displayName': 'Successful'}","[{'type': {'value': 212, 'displayName': 'Length'}, 'value': '12.4'}, {'type': {'value': 213, 'displayName': 'Angle'}, 'value': '2.69'}, {'type': {'value': 141, 'displayName': 'PassEndY'}, 'value': '13.0'}, {'type': {'value': 140, 'displayName': 'PassEndX'}, 'value': '60.6'}, {'type': {'value': 178, 'displayName': 'StandingSave'}}, {'type': {'value': 56, 'displayName': 'Zone'}, 'value': 'Right'}]","[91, 119, 117, 30, 35, 37, 216, 218]",True,247454.0,60.6,13.0,,,,,,,,,
2762462217.0,121,8,39.0,13,58.7,15.0,8,"{'value': 1, 'displayName': 'FirstHalf'}","{'value': 1, 'displayName': 'Pass'}","{'value': 1, 'displayName': 'Successful'}","[{'type': {'value': 178, 'displayName': 'StandingSave'}}, {'type': {'value': 212, 'displayName': 'Length'}, 'value': '16.7'}, {'type': {'value': 56, 'displayName': 'Zone'}, 'value': 'Center'}, {'type': {'value': 213, 'displayName': 'Angle'}, 'value': '2.06'}, {'type': {'value': 141, 'displayName': 'PassEndY'}, 'value': '36.6'}, {'type': {'value': 140, 'displayName': 'PassEndX'}, 'value': '51.2'}]","[91, 119, 117, 30, 35, 37, 216, 218]",True,361822.0,51.2,36.6,,,,,,,,,
2762462231.0,122,8,41.0,13,51.2,40.0,8,"{'value': 1, 'displayName': 'FirstHalf'}","{'value': 1, 'displayName': 'Pass'}","{'value': 1, 'displayName': 'Successful'}","[{'type': {'value': 213, 'displayName': 'Angle'}, 'value': '1.13'}, {'type': {'value': 141, 'displayName': 'PassEndY'}, 'value': '75.3'}, {'type': {'value': 212, 'displayName': 'Length'}, 'value': '26.6'}, {'type': {'value': 56, 'displayName': 'Zone'}, 'value': 'Center'}, {'type': {'value': 178, 'displayName': 'StandingSave'}}, {'type': {'value': 140, 'displayName': 'PassEndX'}, 'value': '62.1'}]","[91, 119, 117, 30, 36, 37, 216, 218]",True,334087.0,62.1,75.3,,,,,,,,,
2762462235.0,123,8,46.0,13,63.8,78.0,8,"{'value': 1, 'displayName': 'FirstHalf'}","{'value': 1, 'displayName': 'Pass'}","{'value': 1, 'displayName': 'Successful'}","[{'type': {'value': 213, 'displayName': 'Angle'}, 'value': '3.97'}, {'type': {'value': 141, 'displayName': 'PassEndY'}, 'value': '63.9'}, {'type': {'value': 140, 'displayName': 'PassEndX'}, 'value': '55.4'}, {'type': {'value': 212, 'displayName': 'Length'}, 'value': '13.0'}, {'type': {'value': 56, 'displayName': 'Zone'}, 'value': 'Center'}, {'type': {'value': 178, 'displayName': 'StandingSave'}}]","[91, 119, 117, 30, 35, 38, 216, 218]",True,467918.0,55.4,63.9,,,,,,,,,
2762462239.0,124,8,48.0,13,55.7,60.3,8,"{'value': 1, 'displayName': 'FirstHalf'}","{'value': 1, 'displayName': 'Pass'}","{'value': 1, 'displayName': 'Successful'}","[{'type': {'value': 56, 'displayName': 'Zone'}, 'value': 'Center'}, {'type': {'value': 141, 'displayName': 'PassEndY'}, 'value': '39.0'}, {'type': {'value': 213, 'displayName': 'Angle'}, 'value': '4.69'}, {'type': {'value': 140, 'displayName': 'PassEndX'}, 'value': '55.4'}, {'type': {'value': 178, 'displayName': 'StandingSave'}}, {'type': {'value': 212, 'displayName': 'Length'}, 'value': '14.5'}]","[91, 119, 117, 30, 35, 38, 216, 218]",True,334087.0,55.4,39.0,,,,,,,,,
2762462245.0,125,8,50.0,13,55.6,35.4,8,"{'value': 1, 'displayName': 'FirstHalf'}","{'value': 1, 'displayName': 'Pass'}","{'value': 1, 'displayName': 'Successful'}","[{'type': {'value': 140, 'displayName': 'PassEndX'}, 'value': '56.8'}, {'type': {'value': 178, 'displayName': 'StandingSave'}}, {'type': {'value': 141, 'displayName': 'PassEndY'}, 'value': '17.0'}, {'type': {'value': 212, 'displayName': 'Length'}, 'value': '12.6'}, {'type': {'value': 213, 'displayName': 'Angle'}, 'value': '4.81'}, {'type': {'value': 56, 'displayName': 'Zone'}, 'value': 'Right'}]","[91, 119, 117, 30, 36, 38, 216, 218]",True,361822.0,56.8,17.0,,,,,,,,,
2762462249.0,126,8,54.0,13,57.7,11.3,8,"{'value': 1, 'displayName': 'FirstHalf'}","{'value': 1, 'displayName': 'Pass'}","{'value': 1, 'displayName': 'Successful'}","[{'type': {'value': 56, 'displayName': 'Zone'}, 'value': 'Back'}, {'type': {'value': 212, 'displayName': 'Length'}, 'value': '21.0'}, {'type': {'value': 140, 'displayName': 'PassEndX'}, 'value': '46.2'}, {'type': {'value': 141, 'displayName': 'PassEndY'}, 'value': '36.6'}, {'type': {'value': 178, 'displayName': 'StandingSave'}}, {'type': {'value': 213, 'displayName': 'Angle'}, 'value': '2.18'}]","[91, 117, 30, 35, 37, 216, 218]",True,388650.0,46.2,36.6,,,,,,,,,
2762462263.0,127,8,56.0,13,47.1,40.6,8,"{'value': 1, 'displayName': 'FirstHalf'}","{'value': 1, 'displayName': 'Pass'}","{'value': 1, 'displayName': 'Successful'}","[{'type': {'value': 140, 'displayName': 'PassEndX'}, 'value': '54.8'}, {'type': {'value': 213, 'displayName': 'Angle'}, 'value': '0.87'}, {'type': {'value': 178, 'displayName': 'StandingSave'}}, {'type': {'value': 212, 'displayName': 'Length'}, 'value': '12.6'}, {'type': {'value': 141, 'displayName': 'PassEndY'}, 'value': '54.8'}, {'type': {'value': 56, 'displayName': 'Zone'}, 'value': 'Center'}]","[91, 119, 117, 30, 36, 37, 216, 218]",True,361822.0,54.8,54.8,,,,,,,,,
2762462269.0,128,8,58.0,13,53.4,54.5,8,"{'value': 1, 'displayName': 'FirstHalf'}","{'value': 1, 'displayName': 'Pass'}","{'value': 1, 'displayName': 'Successful'}","[{'type': {'value': 178, 'displayName': 'StandingSave'}}, {'type': {'value': 212, 'displayName': 'Length'}, 'value': '12.0'}, {'type': {'value': 213, 'displayName': 'Angle'}, 'value': '3.87'}, {'type': {'value': 140, 'displayName': 'PassEndX'}, 'value': '44.9'}, {'type': {'value': 141, 'displayName': 'PassEndY'}, 'value': '42.7'}, {'type': {'value': 56, 'displayName': 'Zone'}, 'value': 'Back'}]","[91, 117, 30, 35, 38, 216, 218]",True,326413.0,44.9,42.7,,,,,,,,,
2762462279.0,129,9,0.0,13,44.9,43.0,9,"{'value': 1, 'displayName': 'FirstHalf'}","{'value': 1, 'displayName': 'Pass'}","{'value': 1, 'displayName': 'Successful'}","[{'type': {'value': 178, 'displayName': 'StandingSave'}}, {'type': {'value': 141, 'displayName': 'PassEndY'}, 'value': '53.1'}, {'type': {'value': 212, 'displayName': 'Length'}, 'value': '6.9'}, {'type': {'value': 56, 'displayName': 'Zone'}, 'value': 'Back'}, {'type': {'value': 213, 'displayName': 'Angle'}, 'value': '1.71'}, {'type': {'value': 140, 'displayName': 'PassEndX'}, 'value': '44.0'}]","[91, 117, 30, 35, 37, 216, 218]",True,361822.0,44.0,53.1,,,,,,,,,
2762462285.0,130,9,1.0,13,43.9,54.8,9,"{'value': 1, 'displayName': 'FirstHalf'}","{'value': 1, 'displayName': 'Pass'}","{'value': 1, 'displayName': 'Successful'}","[{'type': {'value': 213, 'displayName': 'Angle'}, 'value': '1.81'}, {'type': {'value': 178, 'displayName': 'StandingSave'}}, {'type': {'value': 141, 'displayName': 'PassEndY'}, 'value': '72.9'}, {'type': {'value': 140, 'displayName': 'PassEndX'}, 'value': '41.1'}, {'type': {'value': 56, 'displayName': 'Zone'}, 'value': 'Back'}, {'type': {'value': 212, 'displayName': 'Length'}, 'value': '12.7'}]","[91, 117, 30, 35, 37, 216, 218]",True,326413.0,41.1,72.9,,,,,,,,,
2762462313.0,131,9,4.0,13,39.9,72.7,9,"{'value': 1, 'displayName': 'FirstHalf'}","{'value': 1, 'displayName': 'Pass'}","{'value': 1, 'displayName': 'Successful'}","[{'type': {'value': 141, 'displayName': 'PassEndY'}, 'value': '49.5'}, {'type': {'value': 140, 'displayName': 'PassEndX'}, 'value': '35.9'}, {'type': {'value': 212, 'displayName': 'Length'}, 'value': '16.3'}, {'type': {'value': 56, 'displayName': 'Zone'}, 'value': 'Back'}, {'type': {'value': 213, 'displayName': 'Angle'}, 'value': '4.45'}, {'type': {'value': 178, 'displayName': 'StandingSave'}}]","[91, 117, 30, 35, 38, 216, 218]",True,334087.0,35.9,49.5,,,,,,,,,
2762462319.0,132,9,12.0,13,41.3,48.5,9,"{'value': 1, 'displayName': 'FirstHalf'}","{'value': 1, 'displayName': 'Pass'}","{'value': 1, 'displayName': 'Successful'}","[{'type': {'value': 141, 'displayName': 'PassEndY'}, 'value': '64.6'}, {'type': {'value': 213, 'displayName': 'Angle'}, 'value': '1.68'}, {'type': {'value': 178, 'displayName': 'StandingSave'}}, {'type': {'value': 56, 'displayName': 'Zone'}, 'value': 'Back'}, {'type': {'value': 140, 'displayName': 'PassEndX'}, 'value': '40.2'}, {'type': {'value': 212, 'displayName': 'Length'}, 'value': '11.0'}]","[91, 117, 30, 35, 37, 216, 218]",True,361822.0,40.2,64.6,,,,,,,,,
2762462343.0,133,9,14.0,13,40.4,65.9,9,"{'value': 1, 'displayName': 'FirstHalf'}","{'value': 1, 'displayName': 'Pass'}","{'value': 1, 'displayName': 'Successful'}","[{'type': {'value': 141, 'displayName': 'PassEndY'}, 'value': '95.1'}, {'type': {'value': 178, 'displayName': 'StandingSave'}}, {'type': {'value': 212, 'displayName': 'Length'}, 'value': '31.3'}, {'type': {'value': 213, 'displayName': 'Angle'}, 'value': '0.69'}, {'type': {'value': 56, 'displayName': 'Zone'}, 'value': 'Left'}, {'type': {'value': 140, 'displayName': 'PassEndX'}, 'value': '63.5'}]","[91, 119, 117, 30, 36, 37, 216, 218]",True,334087.0,63.5,95.1,,,,,,,,,
2762462355.0,134,9,20.0,13,56.3,68.0,9,"{'value': 1, 'displayName': 'FirstHalf'}","{'value': 1, 'displayName': 'Pass'}","{'value': 1, 'displayName': 'Successful'}","[{'type': {'value': 141, 'displayName': 'PassEndY'}, 'value': '50.2'}, {'type': {'value': 212, 'displayName': 'Length'}, 'value': '15.3'}, {'type': {'value': 56, 'displayName': 'Zone'}, 'value': 'Back'}, {'type': {'value': 213, 'displayName': 'Angle'}, 'value': '4.05'}, {'type': {'value': 178, 'displayName': 'StandingSave'}}, {'type': {'value': 140, 'displayName': 'PassEndX'}, 'value': '47.4'}]","[91, 117, 30, 35, 38, 216, 218]",True,113994.0,47.4,50.2,,,,,,,,,
2762462365.0,135,9,26.0,13,51.0,47.2,9,"{'value': 1, 'displayName': 'FirstHalf'}","{'value': 1, 'displayName': 'Pass'}","{'value': 1, 'displayName': 'Successful'}","[{'type': {'value': 212, 'displayName': 'Length'}, 'value': '23.4'}, {'type': {'value': 178, 'displayName': 'StandingSave'}}, {'type': {'value': 141, 'displayName': 'PassEndY'}, 'value': '78.6'}, {'type': {'value': 213, 'displayName': 'Angle'}, 'value': '1.15'}, {'type': {'value': 140, 'displayName': 'PassEndX'}, 'value': '60.1'}, {'type': {'value': 56, 'displayName': 'Zone'}, 'value': 'Center'}]","[91, 119, 117, 30, 36, 37, 216, 218]",True,361822.0,60.1,78.6,,,,,,,,,
2762462369.0,136,9,28.0,13,60.1,78.6,9,"{'value': 1, 'displayName': 'FirstHalf'}","{'value': 1, 'displayName': 'Pass'}","{'value': 1, 'displayName': 'Successful'}","[{'type': {'value': 140, 'displayName': 'PassEndX'}, 'value': '67.9'}, {'type': {'value': 213, 'displayName': 'Angle'}, 'value': '5.94'}, {'type': {'value': 212, 'displayName': 'Length'}, 'value': '8.7'}, {'type': {'value': 178, 'displayName': 'StandingSave'}}, {'type': {'value': 141, 'displayName': 'PassEndY'}, 'value': '74.3'}, {'type': {'value': 56, 'displayName': 'Zone'}, 'value': 'Center'}]","[91, 119, 117, 30, 205, 36, 38, 217, 218]",True,326413.0,67.9,74.3,,,,,,,,,
2762462377.0,137,9,30.0,13,67.9,74.3,9,"{'value': 1, 'displayName': 'FirstHalf'}","{'value': 1, 'displayName': 'Pass'}","{'value': 1, 'displayName': 'Successful'}","[{'type': {'value': 56, 'displayName': 'Zone'}, 'value': 'Left'}, {'type': {'value': 178, 'displayName': 'StandingSave'}}, {'type': {'value': 213, 'displayName': 'Angle'}, 'value': '2.69'}, {'type': {'value': 140, 'displayName': 'PassEndX'}, 'value': '60.1'}, {'type': {'value': 141, 'displayName': 'PassEndY'}, 'value': '80.1'}, {'type': {'value': 212, 'displayName': 'Length'}, 'value': '9.1'}]","[91, 119, 117, 30, 35, 37, 216, 218]",True,113994.0,60.1,80.1,,,,,,,,,
2762462389.0,138,9,33.0,13,62.6,70.0,9,"{'value': 1, 'displayName': 'FirstHalf'}","{'value': 1, 'displayName': 'Pass'}","{'value': 1, 'displayName': 'Successful'}","[{'type': {'value': 56, 'displayName': 'Zone'}, 'value': 'Center'}, {'type': {'value': 212, 'displayName': 'Length'}, 'value': '6.9'}, {'type': {'value': 178, 'displayName': 'StandingSave'}}, {'type': {'value': 141, 'displayName': 'PassEndY'}, 'value': '64.0'}, {'type': {'value': 140, 'displayName': 'PassEndX'}, 'value': '57.3'}, {'type': {'value': 213, 'displayName': 'Angle'}, 'value': '3.77'}]","[91, 119, 117, 30, 35, 38, 216, 218]",True,326413.0,57.3,64.0,,,,,,,,,
2762462397.0,139,9,37.0,13,57.2,64.0,9,"{'value': 1, 'displayName': 'FirstHalf'}","{'value': 1, 'displayName': 'Pass'}","{'value': 1, 'displayName': 'Successful'}","[{'type': {'value': 212, 'displayName': 'Length'}, 'value': '25.3'}, {'type': {'value': 140, 'displayName': 'PassEndX'}, 'value': '70.5'}, {'type': {'value': 56, 'displayName': 'Zone'}, 'value': 'Left'}, {'type': {'value': 213, 'displayName': 'Angle'}, 'value': '0.99'}, {'type': {'value': 141, 'displayName': 'PassEndY'}, 'value': '95.1'}, {'type': {'value': 178, 'displayName': 'StandingSave'}}]","[91, 119, 117, 30, 205, 36, 37, 217, 218]",True,334087.0,70.5,95.1,,,,,,,,,
2762462403.0,140,9,44.0,13,70.0,91.9,9,"{'value': 1, 'displayName': 'FirstHalf'}","{'value': 1, 'displayName': 'Pass'}","{'value': 1, 'displayName': 'Successful'}","[{'type': {'value': 141, 'displayName': 'PassEndY'}, 'value': '78.7'}, {'type': {'value': 212, 'displayName': 'Length'}, 'value': '11.6'}, {'type': {'value': 213, 'displayName': 'Angle'}, 'value': '4.03'}, {'type': {'value': 56, 'displayName': 'Zone'}, 'value': 'Center'}, {'type': {'value': 140, 'displayName': 'PassEndX'}, 'value': '63.0'}, {'type': {'value': 178, 'displayName': 'StandingSave'}}]","[91, 119, 117, 30, 35, 38, 216, 218]",True,467918.0,63.0,78.7,,,,,,,,,
2762462409.0,141,9,47.0,13,66.1,75.5,9,"{'value': 1, 'displayName': 'FirstHalf'}","{'value': 1, 'displayName': 'Pass'}","{'value': 0, 'displayName': 'Unsuccessful'}","[{'type': {'value': 213, 'displayName': 'Angle'}, 'value': '6.01'}, {'type': {'value': 212, 'displayName': 'Length'}, 'value': '14.8'}, {'type': {'value': 56, 'displayName': 'Zone'}, 'value': 'Center'}, {'type': {'value': 140, 'displayName': 'PassEndX'}, 'value': '79.7'}, {'type': {'value': 178, 'displayName': 'StandingSave'}}, {'type': {'value': 141, 'displayName': 'PassEndY'}, 'value': '69.7'}]","[91, 120, 29, 36, 38, 217, 218]",True,334087.0,79.7,69.7,,,,,,,,,
2762462415.0,51,9,47.0,165,23.7,37.6,9,"{'value': 1, 'displayName': 'FirstHalf'}","{'value': 12, 'displayName': 'Clearance'}","{'value': 1, 'displayName': 'Successful'}","[{'type': {'value': 213, 'displayName': 'Angle'}, 'value': '5.91'}, {'type': {'value': 140, 'displayName': 'PassEndX'}, 'value': '47.9'}, {'type': {'value': 56, 'displayName': 'Zone'}, 'value': 'Back'}, {'type': {'value': 178, 'displayName': 'StandingSave'}}, {'type': {'value': 141, 'displayName': 'PassEndY'}, 'value': '23.1'}, {'type': {'value': 212, 'displayName': 'Length'}, 'value': '27.3'}]","[91, 94, 95, 216]",True,362826.0,47.9,23.1,,,,,,,,,
2762462425.0,142,9,52.0,13,54.3,81.4,9,"{'value': 1, 'displayName': 'FirstHalf'}","{'value': 44, 'displayName': 'Aerial'}","{'value': 1, 'displayName': 'Successful'}","[{'type': {'value': 233, 'displayName': 'OppositeRelatedEvent'}, 'value': '52'}, {'type': {'value': 56, 'displayName': 'Zone'}, 'value': 'Left'}, {'type': {'value': 286, 'displayName': 'Offensive'}}]","[197, 199]",False,334087.0,,,,,,,,,,,
2762462421.0,52,9,52.0,165,45.7,18.6,9,"{'value': 1, 'displayName': 'FirstHalf'}","{'value': 44, 'displayName': 'Aerial'}","{'value': 0, 'displayName': 'Unsuccessful'}","[{'type': {'value': 285, 'displayName': 'Defensive'}}, {'type': {'value': 56, 'displayName': 'Zone'}, 'value': 'Back'}, {'type': {'value': 233, 'displayName': 'OppositeRelatedEvent'}, 'value': '142'}]","[198, 200]",False,430908.0,,,,,,,,,,,
2762462441.0,143,9,52.0,13,56.9,82.5,9,"{'value': 1, 'displayName': 'FirstHalf'}","{'value': 1, 'displayName': 'Pass'}","{'value': 1, 'displayName': 'Successful'}","[{'type': {'value': 56, 'displayName': 'Zone'}, 'value': 'Left'}, {'type': {'value': 140, 'displayName': 'PassEndX'}, 'value': '60.5'}, {'type': {'value': 212, 'displayName': 'Length'}, 'value': '5.0'}, {'type': {'value': 3, 'displayName': 'HeadPass'}}, {'type': {'value': 213, 'displayName': 'Angle'}, 'value': '0.72'}, {'type': {'value': 141, 'displayName': 'PassEndY'}, 'value': '87.4'}]","[91, 119, 117, 30, 139, 36, 37, 216, 218]",True,334087.0,60.5,87.4,,,,,,,,,
2762462443.0,54,9,55.0,165,41.5,14.5,9,"{'value': 1, 'displayName': 'FirstHalf'}","{'value': 45, 'displayName': 'Challenge'}","{'value': 0, 'displayName': 'Unsuccessful'}","[{'type': {'value': 233, 'displayName': 'OppositeRelatedEvent'}, 'value': '144'}, {'type': {'value': 56, 'displayName': 'Zone'}, 'value': 'Back'}, {'type': {'value': 285, 'displayName': 'Defensive'}}]",[55],False,270446.0,,,,,,,,,,,
2762462445.0,144,9,55.0,13,58.5,85.5,9,"{'value': 1, 'displayName': 'FirstHalf'}","{'value': 3, 'displayName': 'TakeOn'}","{'value': 1, 'displayName': 'Successful'}","[{'type': {'value': 56, 'displayName': 'Zone'}, 'value': 'Left'}, {'type': {'value': 233, 'displayName': 'OppositeRelatedEvent'}, 'value': '54'}, {'type': {'value': 286, 'displayName': 'Offensive'}}, {'type': {'value': 178, 'displayName': 'StandingSave'}}]","[91, 54]",True,467918.0,,,,,,,,,,,
2762462449.0,145,9,55.0,13,61.4,71.8,9,"{'value': 1, 'displayName': 'FirstHalf'}","{'value': 61, 'displayName': 'BallTouch'}","{'value': 1, 'displayName': 'Successful'}","[{'type': {'value': 178, 'displayName': 'StandingSave'}}, {'type': {'value': 56, 'displayName': 'Zone'}, 'value': 'Center'}]",[91],True,467918.0,,,,,,,,,,,
2762462459.0,146,9,58.0,13,66.6,68.2,9,"{'value': 1, 'displayName': 'FirstHalf'}","{'value': 1, 'displayName': 'Pass'}","{'value': 1, 'displayName': 'Successful'}","[{'type': {'value': 141, 'displayName': 'PassEndY'}, 'value': '60.6'}, {'type': {'value': 56, 'displayName': 'Zone'}, 'value': 'Center'}, {'type': {'value': 178, 'displayName': 'StandingSave'}}, {'type': {'value': 212, 'displayName': 'Length'}, 'value': '12.5'}, {'type': {'value': 213, 'displayName': 'Angle'}, 'value': '3.57'}, {'type': {'value': 140, 'displayName': 'PassEndX'}, 'value': '55.8'}]","[91, 119, 117, 30, 35, 38, 216, 218]",True,279379.0,55.8,60.6,,,,,,,,,
2762462467.0,147,10,1.0,13,57.4,47.5,10,"{'value': 1, 'displayName': 'FirstHalf'}","{'value': 1, 'displayName': 'Pass'}","{'value': 1, 'displayName': 'Successful'}","[{'type': {'value': 141, 'displayName': 'PassEndY'}, 'value': '21.0'}, {'type': {'value': 56, 'displayName': 'Zone'}, 'value': 'Right'}, {'type': {'value': 178, 'displayName': 'StandingSave'}}, {'type': {'value': 213, 'displayName': 'Angle'}, 'value': '5.11'}, {'type': {'value': 140, 'displayName': 'PassEndX'}, 'value': '64.6'}, {'type': {'value': 212, 'displayName': 'Length'}, 'value': '19.5'}]","[91, 119, 117, 30, 36, 38, 216, 218]",True,332325.0,64.6,21.0,,,,,,,,,
2762462469.0,148,10,5.0,13,65.6,9.8,10,"{'value': 1, 'displayName': 'FirstHalf'}","{'value': 1, 'displayName': 'Pass'}","{'value': 0, 'displayName': 'Unsuccessful'}","[{'type': {'value': 56, 'displayName': 'Zone'}, 'value': 'Right'}, {'type': {'value': 212, 'displayName': 'Length'}, 'value': '4.5'}, {'type': {'value': 141, 'displayName': 'PassEndY'}, 'value': '6.6'}, {'type': {'value': 140, 'displayName': 'PassEndX'}, 'value': '69.3'}, {'type': {'value': 178, 'displayName': 'StandingSave'}}, {'type': {'value': 213, 'displayName': 'Angle'}, 'value': '5.77'}]","[91, 120, 29, 36, 38, 217, 218]",True,388650.0,69.3,6.6,,,,,,,,,
2762462471.0,55,10,6.0,165,22.7,96.9,10,"{'value': 1, 'displayName': 'FirstHalf'}","{'value': 8, 'displayName': 'Interception'}","{'value': 1, 'displayName': 'Successful'}","[{'type': {'value': 178, 'displayName': 'StandingSave'}}, {'type': {'value': 56, 'displayName': 'Zone'}, 'value': 'Back'}]","[91, 101, 56]",True,138686.0,,,,,,,,,,,
2762462517.0,150,10,28.0,13,85.6,0.0,10,"{'value': 1, 'displayName': 'FirstHalf'}","{'value': 1, 'displayName': 'Pass'}","{'value': 0, 'displayName': 'Unsuccessful'}","[{'type': {'value': 140, 'displayName': 'PassEndX'}, 'value': '86.5'}, {'type': {'value': 212, 'displayName': 'Length'}, 'value': '18.5'}, {'type': {'value': 56, 'displayName': 'Zone'}, 'value': 'Center'}, {'type': {'value': 213, 'displayName': 'Angle'}, 'value': '1.52'}, {'type': {'value': 107, 'displayName': 'ThrowIn'}}, {'type': {'value': 141, 'displayName': 'PassEndY'}, 'value': '25.1'}]","[91, 212, 36, 37, 217]",True,388650.0,86.5,25.1,,,,,,,,,
2762462523.0,57,10,29.0,165,11.1,74.5,10,"{'value': 1, 'displayName': 'FirstHalf'}","{'value': 12, 'displayName': 'Clearance'}","{'value': 1, 'displayName': 'Successful'}","[{'type': {'value': 56, 'displayName': 'Zone'}, 'value': 'Back'}, {'type': {'value': 178, 'displayName': 'StandingSave'}}, {'type': {'value': 141, 'displayName': 'PassEndY'}, 'value': '100.0'}, {'type': {'value': 212, 'displayName': 'Length'}, 'value': '18.7'}, {'type': {'value': 140, 'displayName': 'PassEndX'}, 'value': '11.6'}, {'type': {'value': 213, 'displayName': 'Angle'}, 'value': '1.54'}]","[91, 94, 95, 215]",True,270446.0,11.6,100.0,,,,,,,,,
2762462549.0,152,10,42.0,13,86.3,0.0,10,"{'value': 1, 'displayName': 'FirstHalf'}","{'value': 1, 'displayName': 'Pass'}","{'value': 1, 'displayName': 'Successful'}","[{'type': {'value': 213, 'displayName': 'Angle'}, 'value': '2.15'}, {'type': {'value': 140, 'displayName': 'PassEndX'}, 'value': '81.3'}, {'type': {'value': 212, 'displayName': 'Length'}, 'value': '9.5'}, {'type': {'value': 107, 'displayName': 'ThrowIn'}}, {'type': {'value': 141, 'displayName': 'PassEndY'}, 'value': '10.3'}, {'type': {'value': 56, 'displayName': 'Zone'}, 'value': 'Right'}]","[91, 212, 35, 37, 217]",True,388650.0,81.3,10.3,,,,,,,,,
2762462553.0,153,10,46.0,13,72.1,6.1,10,"{'value': 1, 'displayName': 'FirstHalf'}","{'value': 1, 'displayName': 'Pass'}","{'value': 1, 'displayName': 'Successful'}","[{'type': {'value': 213, 'displayName': 'Angle'}, 'value': '2.16'}, {'type': {'value': 178, 'displayName': 'StandingSave'}}, {'type': {'value': 56, 'displayName': 'Zone'}, 'value': 'Center'}, {'type': {'value': 141, 'displayName': 'PassEndY'}, 'value': '33.2'}, {'type': {'value': 212, 'displayName': 'Length'}, 'value': '22.2'}, {'type': {'value': 140, 'displayName': 'PassEndX'}, 'value': '60.3'}]","[91, 119, 117, 30, 35, 37, 216, 218]",True,332325.0,60.3,33.2,,,,,,,,,
2762462565.0,154,10,49.0,13,59.5,35.5,10,"{'value': 1, 'displayName': 'FirstHalf'}","{'value': 1, 'displayName': 'Pass'}","{'value': 1, 'displayName': 'Successful'}","[{'type': {'value': 212, 'displayName': 'Length'}, 'value': '20.4'}, {'type': {'value': 140, 'displayName': 'PassEndX'}, 'value': '65.1'}, {'type': {'value': 56, 'displayName': 'Zone'}, 'value': 'Center'}, {'type': {'value': 213, 'displayName': 'Angle'}, 'value': '1.28'}, {'type': {'value': 178, 'displayName': 'StandingSave'}}, {'type': {'value': 141, 'displayName': 'PassEndY'}, 'value': '64.2'}]","[91, 119, 117, 30, 36, 37, 216, 218]",True,334087.0,65.1,64.2,,,,,,,,,
2762462577.0,155,10,54.0,13,66.8,71.4,10,"{'value': 1, 'displayName': 'FirstHalf'}","{'value': 1, 'displayName': 'Pass'}","{'value': 1, 'displayName': 'Successful'}","[{'type': {'value': 141, 'displayName': 'PassEndY'}, 'value': '65.1'}, {'type': {'value': 178, 'displayName': 'StandingSave'}}, {'type': {'value': 212, 'displayName': 'Length'}, 'value': '4.8'}, {'type': {'value': 213, 'displayName': 'Angle'}, 'value': '4.24'}, {'type': {'value': 140, 'displayName': 'PassEndX'}, 'value': '64.7'}, {'type': {'value': 56, 'displayName': 'Zone'}, 'value': 'Center'}]","[91, 119, 117, 30, 35, 38, 216, 218]",True,467918.0,64.7,65.1,,,,,,,,,
2762462583.0,156,10,57.0,13,64.8,64.5,10,"{'value': 1, 'displayName': 'FirstHalf'}","{'value': 1, 'displayName': 'Pass'}","{'value': 1, 'displayName': 'Successful'}","[{'type': {'value': 212, 'displayName': 'Length'}, 'value': '6.2'}, {'type': {'value': 178, 'displayName': 'StandingSave'}}, {'type': {'value': 213, 'displayName': 'Angle'}, 'value': '5.94'}, {'type': {'value': 140, 'displayName': 'PassEndX'}, 'value': '70.4'}, {'type': {'value': 141, 'displayName': 'PassEndY'}, 'value': '61.4'}, {'type': {'value': 56, 'displayName': 'Zone'}, 'value': 'Center'}]","[91, 119, 117, 30, 205, 36, 38, 217, 218]",True,334087.0,70.4,61.4,,,,,,,,,
2762462593.0,157,10,59.0,13,70.4,62.8,10,"{'value': 1, 'displayName': 'FirstHalf'}","{'value': 1, 'displayName': 'Pass'}","{'value': 1, 'displayName': 'Successful'}","[{'type': {'value': 140, 'displayName': 'PassEndX'}, 'value': '75.1'}, {'type': {'value': 212, 'displayName': 'Length'}, 'value': '9.0'}, {'type': {'value': 213, 'displayName': 'Angle'}, 'value': '0.99'}, {'type': {'value': 141, 'displayName': 'PassEndY'}, 'value': '73.8'}, {'type': {'value': 56, 'displayName': 'Zone'}, 'value': 'Center'}, {'type': {'value': 178, 'displayName': 'StandingSave'}}]","[91, 119, 117, 30, 205, 36, 37, 217, 218]",True,326413.0,75.1,73.8,,,,,,,,,
2762462605.0,158,11,0.0,13,74.9,74.9,11,"{'value': 1, 'displayName': 'FirstHalf'}","{'value': 1, 'displayName': 'Pass'}","{'value': 1, 'displayName': 'Successful'}","[{'type': {'value': 212, 'displayName': 'Length'}, 'value': '10.4'}, {'type': {'value': 178, 'displayName': 'StandingSave'}}, {'type': {'value': 140, 'displayName': 'PassEndX'}, 'value': '74.1'}, {'type': {'value': 56, 'displayName': 'Zone'}, 'value': 'Left'}, {'type': {'value': 141, 'displayName': 'PassEndY'}, 'value': '90.2'}, {'type': {'value': 213, 'displayName': 'Angle'}, 'value': '1.65'}]","[91, 119, 117, 30, 205, 35, 37, 217, 218]",True,467918.0,74.1,90.2,,,,,,,,,
2762462615.0,159,11,5.0,13,71.8,83.2,11,"{'value': 1, 'displayName': 'FirstHalf'}","{'value': 1, 'displayName': 'Pass'}","{'value': 1, 'displayName': 'Successful'}","[{'type': {'value': 56, 'displayName': 'Zone'}, 'value': 'Center'}, {'type': {'value': 141, 'displayName': 'PassEndY'}, 'value': '75.0'}, {'type': {'value': 140, 'displayName': 'PassEndX'}, 'value': '65.0'}, {'type': {'value': 213, 'displayName': 'Angle'}, 'value': '3.80'}, {'type': {'value': 212, 'displayName': 'Length'}, 'value': '9.1'}, {'type': {'value': 178, 'displayName': 'StandingSave'}}]","[91, 119, 117, 30, 35, 38, 216, 218]",True,113994.0,65.0,75.0,,,,,,,,,
2762462625.0,160,11,6.0,13,65.0,75.0,11,"{'value': 1, 'displayName': 'FirstHalf'}","{'value': 1, 'displayName': 'Pass'}","{'value': 1, 'displayName': 'Successful'}","[{'type': {'value': 56, 'displayName': 'Zone'}, 'value': 'Left'}, {'type': {'value': 213, 'displayName': 'Angle'}, 'value': '0.99'}, {'type': {'value': 140, 'displayName': 'PassEndX'}, 'value': '71.8'}, {'type': {'value': 178, 'displayName': 'StandingSave'}}, {'type': {'value': 141, 'displayName': 'PassEndY'}, 'value': '91.1'}, {'type': {'value': 212, 'displayName': 'Length'}, 'value': '13.1'}]","[91, 119, 117, 30, 205, 36, 37, 217, 218]",True,334087.0,71.8,91.1,,,,,,,,,
2762462631.0,161,11,10.0,13,71.5,90.5,11,"{'value': 1, 'displayName': 'FirstHalf'}","{'value': 1, 'displayName': 'Pass'}","{'value': 1, 'displayName': 'Successful'}","[{'type': {'value': 56, 'displayName': 'Zone'}, 'value': 'Center'}, {'type': {'value': 141, 'displayName': 'PassEndY'}, 'value': '77.3'}, {'type': {'value': 140, 'displayName': 'PassEndX'}, 'value': '65.8'}, {'type': {'value': 178, 'displayName': 'StandingSave'}}, {'type': {'value': 213, 'displayName': 'Angle'}, 'value': '4.12'}, {'type': {'value': 212, 'displayName': 'Length'}, 'value': '10.8'}]","[91, 119, 117, 30, 35, 38, 216, 218]",True,113994.0,65.8,77.3,,,,,,,,,
2762462645.0,162,11,12.0,13,65.8,74.0,11,"{'value': 1, 'displayName': 'FirstHalf'}","{'value': 1, 'displayName': 'Pass'}","{'value': 1, 'displayName': 'Successful'}","[{'type': {'value': 141, 'displayName': 'PassEndY'}, 'value': '54.4'}, {'type': {'value': 178, 'displayName': 'StandingSave'}}, {'type': {'value': 140, 'displayName': 'PassEndX'}, 'value': '63.4'}, {'type': {'value': 213, 'displayName': 'Angle'}, 'value': '4.53'}, {'type': {'value': 212, 'displayName': 'Length'}, 'value': '13.6'}, {'type': {'value': 56, 'displayName': 'Zone'}, 'value': 'Center'}]","[91, 119, 117, 30, 35, 38, 216, 218]",True,334087.0,63.4,54.4,,,,,,,,,
2762462649.0,163,11,19.0,13,71.2,34.8,11,"{'value': 1, 'displayName': 'FirstHalf'}","{'value': 1, 'displayName': 'Pass'}","{'value': 1, 'displayName': 'Successful'}","[{'type': {'value': 212, 'displayName': 'Length'}, 'value': '9.9'}, {'type': {'value': 213, 'displayName': 'Angle'}, 'value': '1.81'}, {'type': {'value': 141, 'displayName': 'PassEndY'}, 'value': '48.9'}, {'type': {'value': 178, 'displayName': 'StandingSave'}}, {'type': {'value': 140, 'displayName': 'PassEndX'}, 'value': '69.0'}, {'type': {'value': 56, 'displayName': 'Zone'}, 'value': 'Center'}]","[91, 119, 117, 30, 205, 35, 37, 217, 218]",True,247454.0,69.0,48.9,,,,,,,,,
2762462653.0,164,11,21.0,13,68.4,49.2,11,"{'value': 1, 'displayName': 'FirstHalf'}","{'value': 1, 'displayName': 'Pass'}","{'value': 1, 'displayName': 'Successful'}","[{'type': {'value': 141, 'displayName': 'PassEndY'}, 'value': '33.2'}, {'type': {'value': 212, 'displayName': 'Length'}, 'value': '10.9'}, {'type': {'value': 140, 'displayName': 'PassEndX'}, 'value': '69.2'}, {'type': {'value': 56, 'displayName': 'Zone'}, 'value': 'Center'}, {'type': {'value': 213, 'displayName': 'Angle'}, 'value': '4.79'}, {'type': {'value': 178, 'displayName': 'StandingSave'}}]","[91, 119, 117, 30, 205, 36, 38, 217, 218]",True,332325.0,69.2,33.2,,,,,,,,,
2762462659.0,165,11,22.0,13,69.2,33.2,11,"{'value': 1, 'displayName': 'FirstHalf'}","{'value': 1, 'displayName': 'Pass'}","{'value': 1, 'displayName': 'Successful'}","[{'type': {'value': 56, 'displayName': 'Zone'}, 'value': 'Center'}, {'type': {'value': 141, 'displayName': 'PassEndY'}, 'value': '35.8'}, {'type': {'value': 178, 'displayName': 'StandingSave'}}, {'type': {'value': 156, 'displayName': 'LayOff'}}, {'type': {'value': 212, 'displayName': 'Length'}, 'value': '13.7'}, {'type': {'value': 140, 'displayName': 'PassEndX'}, 'value': '56.3'}, {'type': {'value': 213, 'displayName': 'Angle'}, 'value': '3.01'}]","[91, 119, 117, 30, 35, 37, 216, 218]",True,247454.0,56.3,35.8,,,,,,,,,
2762462671.0,166,11,24.0,13,56.3,35.8,11,"{'value': 1, 'displayName': 'FirstHalf'}","{'value': 1, 'displayName': 'Pass'}","{'value': 1, 'displayName': 'Successful'}","[{'type': {'value': 178, 'displayName': 'StandingSave'}}, {'type': {'value': 141, 'displayName': 'PassEndY'}, 'value': '61.4'}, {'type': {'value': 140, 'displayName': 'PassEndX'}, 'value': '50.1'}, {'type': {'value': 213, 'displayName': 'Angle'}, 'value': '1.93'}, {'type': {'value': 212, 'displayName': 'Length'}, 'value': '18.6'}, {'type': {'value': 56, 'displayName': 'Zone'}, 'value': 'Center'}]","[91, 119, 117, 30, 35, 37, 216, 218]",True,361822.0,50.1,61.4,,,,,,,,,
2762462683.0,167,11,29.0,13,49.2,60.0,11,"{'value': 1, 'displayName': 'FirstHalf'}","{'value': 1, 'displayName': 'Pass'}","{'value': 1, 'displayName': 'Successful'}","[{'type': {'value': 141, 'displayName': 'PassEndY'}, 'value': '31.7'}, {'type': {'value': 178, 'displayName': 'StandingSave'}}, {'type': {'value': 212, 'displayName': 'Length'}, 'value': '20.5'}, {'type': {'value': 140, 'displayName': 'PassEndX'}, 'value': '42.4'}, {'type': {'value': 213, 'displayName': 'Angle'}, 'value': '4.36'}, {'type': {'value': 56, 'displayName': 'Zone'}, 'value': 'Back'}]","[91, 117, 30, 35, 38, 216, 218]",True,334087.0,42.4,31.7,,,,,,,,,
2762462699.0,168,11,32.0,13,41.4,32.3,11,"{'value': 1, 'displayName': 'FirstHalf'}","{'value': 1, 'displayName': 'Pass'}","{'value': 1, 'displayName': 'Successful'}","[{'type': {'value': 178, 'displayName': 'StandingSave'}}, {'type': {'value': 140, 'displayName': 'PassEndX'}, 'value': '47.4'}, {'type': {'value': 141, 'displayName': 'PassEndY'}, 'value': '45.3'}, {'type': {'value': 213, 'displayName': 'Angle'}, 'value': '0.95'}, {'type': {'value': 212, 'displayName': 'Length'}, 'value': '10.9'}, {'type': {'value': 56, 'displayName': 'Zone'}, 'value': 'Back'}]","[91, 117, 30, 36, 37, 216, 218]",True,361822.0,47.4,45.3,,,,,,,,,
2762462711.0,169,11,36.0,13,47.3,32.8,11,"{'value': 1, 'displayName': 'FirstHalf'}","{'value': 1, 'displayName': 'Pass'}","{'value': 1, 'displayName': 'Successful'}","[{'type': {'value': 141, 'displayName': 'PassEndY'}, 'value': '3.8'}, {'type': {'value': 178, 'displayName': 'StandingSave'}}, {'type': {'value': 140, 'displayName': 'PassEndX'}, 'value': '64.2'}, {'type': {'value': 56, 'displayName': 'Zone'}, 'value': 'Right'}, {'type': {'value': 212, 'displayName': 'Length'}, 'value': '26.5'}, {'type': {'value': 213, 'displayName': 'Angle'}, 'value': '5.45'}]","[91, 119, 117, 30, 36, 38, 216, 218]",True,332325.0,64.2,3.8,,,,,,,,,
2762462719.0,170,11,39.0,13,61.2,3.7,11,"{'value': 1, 'displayName': 'FirstHalf'}","{'value': 1, 'displayName': 'Pass'}","{'value': 0, 'displayName': 'Unsuccessful'}","[{'type': {'value': 141, 'displayName': 'PassEndY'}, 'value': '7.8'}, {'type': {'value': 212, 'displayName': 'Length'}, 'value': '13.6'}, {'type': {'value': 213, 'displayName': 'Angle'}, 'value': '2.94'}, {'type': {'value': 140, 'displayName': 'PassEndX'}, 'value': '48.5'}, {'type': {'value': 56, 'displayName': 'Zone'}, 'value': 'Back'}, {'type': {'value': 178, 'displayName': 'StandingSave'}}]","[91, 118, 120, 29, 35, 37, 216, 218]",True,380706.0,48.5,7.8,,,,,,,,,
2762462723.0,59,11,40.0,165,51.3,92.1,11,"{'value': 1, 'displayName': 'FirstHalf'}","{'value': 49, 'displayName': 'BallRecovery'}","{'value': 1, 'displayName': 'Successful'}",[],[93],False,430908.0,,,,,,,,,,,
2762462733.0,60,11,43.0,165,56.0,90.6,11,"{'value': 1, 'displayName': 'FirstHalf'}","{'value': 1, 'displayName': 'Pass'}","{'value': 0, 'displayName': 'Unsuccessful'}","[{'type': {'value': 56, 'displayName': 'Zone'}, 'value': 'Center'}, {'type': {'value': 178, 'displayName': 'StandingSave'}}, {'type': {'value': 213, 'displayName': 'Angle'}, 'value': '4.47'}, {'type': {'value': 212, 'displayName': 'Length'}, 'value': '10.5'}, {'type': {'value': 141, 'displayName': 'PassEndY'}, 'value': '75.6'}, {'type': {'value': 140, 'displayName': 'PassEndX'}, 'value': '53.6'}]","[91, 120, 29, 35, 38, 216, 218]",True,430908.0,53.6,75.6,,,,,,,,,
2762462743.0,171,11,44.0,13,42.1,22.2,11,"{'value': 1, 'displayName': 'FirstHalf'}","{'value': 1, 'displayName': 'Pass'}","{'value': 1, 'displayName': 'Successful'}","[{'type': {'value': 56, 'displayName': 'Zone'}, 'value': 'Back'}, {'type': {'value': 178, 'displayName': 'StandingSave'}}, {'type': {'value': 212, 'displayName': 'Length'}, 'value': '7.1'}, {'type': {'value': 141, 'displayName': 'PassEndY'}, 'value': '20.1'}, {'type': {'value': 140, 'displayName': 'PassEndX'}, 'value': '35.5'}, {'type': {'value': 213, 'displayName': 'Angle'}, 'value': '3.34'}]","[91, 117, 30, 35, 38, 216, 218]",True,326413.0,35.5,20.1,,,,,,,,,
2762462745.0,172,11,45.0,13,35.5,20.1,11,"{'value': 1, 'displayName': 'FirstHalf'}","{'value': 49, 'displayName': 'BallRecovery'}","{'value': 1, 'displayName': 'Successful'}",[],[93],False,332325.0,,,,,,,,,,,
2762462755.0,173,11,47.0,13,36.3,24.5,11,"{'value': 1, 'displayName': 'FirstHalf'}","{'value': 1, 'displayName': 'Pass'}","{'value': 1, 'displayName': 'Successful'}","[{'type': {'value': 178, 'displayName': 'StandingSave'}}, {'type': {'value': 141, 'displayName': 'PassEndY'}, 'value': '51.9'}, {'type': {'value': 213, 'displayName': 'Angle'}, 'value': '1.87'}, {'type': {'value': 56, 'displayName': 'Zone'}, 'value': 'Back'}, {'type': {'value': 140, 'displayName': 'PassEndX'}, 'value': '30.8'}, {'type': {'value': 212, 'displayName': 'Length'}, 'value': '19.5'}]","[91, 117, 30, 35, 37, 215, 218]",True,332325.0,30.8,51.9,,,,,,,,,
2762462767.0,174,11,49.0,13,31.0,55.7,11,"{'value': 1, 'displayName': 'FirstHalf'}","{'value': 1, 'displayName': 'Pass'}","{'value': 1, 'displayName': 'Successful'}","[{'type': {'value': 178, 'displayName': 'StandingSave'}}, {'type': {'value': 140, 'displayName': 'PassEndX'}, 'value': '35.4'}, {'type': {'value': 141, 'displayName': 'PassEndY'}, 'value': '69.5'}, {'type': {'value': 212, 'displayName': 'Length'}, 'value': '10.5'}, {'type': {'value': 56, 'displayName': 'Zone'}, 'value': 'Back'}, {'type': {'value': 213, 'displayName': 'Angle'}, 'value': '1.11'}]","[91, 117, 30, 36, 37, 216, 218]",True,334087.0,35.4,69.5,,,,,,,,,
2762462775.0,175,11,52.0,13,36.8,71.4,11,"{'value': 1, 'displayName': 'FirstHalf'}","{'value': 1, 'displayName': 'Pass'}","{'value': 1, 'displayName': 'Successful'}","[{'type': {'value': 212, 'displayName': 'Length'}, 'value': '19.8'}, {'type': {'value': 178, 'displayName': 'StandingSave'}}, {'type': {'value': 140, 'displayName': 'PassEndX'}, 'value': '55.2'}, {'type': {'value': 213, 'displayName': 'Angle'}, 'value': '0.22'}, {'type': {'value': 56, 'displayName': 'Zone'}, 'value': 'Center'}, {'type': {'value': 141, 'displayName': 'PassEndY'}, 'value': '77.8'}]","[91, 119, 117, 30, 36, 37, 216, 218]",True,467918.0,55.2,77.8,,,,,,,,,
2762462779.0,176,11,54.0,13,55.6,80.9,11,"{'value': 1, 'displayName': 'FirstHalf'}","{'value': 1, 'displayName': 'Pass'}","{'value': 1, 'displayName': 'Successful'}","[{'type': {'value': 141, 'displayName': 'PassEndY'}, 'value': '96.9'}, {'type': {'value': 178, 'displayName': 'StandingSave'}}, {'type': {'value': 212, 'displayName': 'Length'}, 'value': '14.4'}, {'type': {'value': 140, 'displayName': 'PassEndX'}, 'value': '64.6'}, {'type': {'value': 213, 'displayName': 'Angle'}, 'value': '0.86'}, {'type': {'value': 56, 'displayName': 'Zone'}, 'value': 'Left'}]","[91, 119, 117, 30, 36, 37, 216, 218]",True,279379.0,64.6,96.9,,,,,,,,,
2762462787.0,177,12,3.0,13,65.7,70.3,12,"{'value': 1, 'displayName': 'FirstHalf'}","{'value': 1, 'displayName': 'Pass'}","{'value': 1, 'displayName': 'Successful'}","[{'type': {'value': 212, 'displayName': 'Length'}, 'value': '26.9'}, {'type': {'value': 178, 'displayName': 'StandingSave'}}, {'type': {'value': 141, 'displayName': 'PassEndY'}, 'value': '30.8'}, {'type': {'value': 140, 'displayName': 'PassEndX'}, 'value': '63.8'}, {'type': {'value': 213, 'displayName': 'Angle'}, 'value': '4.64'}, {'type': {'value': 56, 'displayName': 'Zone'}, 'value': 'Center'}]","[91, 119, 117, 30, 35, 38, 216, 218]",True,113994.0,63.8,30.8,,,,,,,,,
2762462799.0,178,12,7.0,13,64.1,30.3,12,"{'value': 1, 'displayName': 'FirstHalf'}","{'value': 1, 'displayName': 'Pass'}","{'value': 1, 'displayName': 'Successful'}","[{'type': {'value': 141, 'displayName': 'PassEndY'}, 'value': '50.2'}, {'type': {'value': 140, 'displayName': 'PassEndX'}, 'value': '60.3'}, {'type': {'value': 178, 'displayName': 'StandingSave'}}, {'type': {'value': 213, 'displayName': 'Angle'}, 'value': '1.86'}, {'type': {'value': 212, 'displayName': 'Length'}, 'value': '14.1'}, {'type': {'value': 56, 'displayName': 'Zone'}, 'value': 'Center'}]","[91, 119, 117, 30, 35, 37, 216, 218]",True,388650.0,60.3,50.2,,,,,,,,,
2762462805.0,179,12,8.0,13,60.3,50.2,12,"{'value': 1, 'displayName': 'FirstHalf'}","{'value': 1, 'displayName': 'Pass'}","{'value': 1, 'displayName': 'Successful'}","[{'type': {'value': 212, 'displayName': 'Length'}, 'value': '16.5'}, {'type': {'value': 56, 'displayName': 'Zone'}, 'value': 'Center'}, {'type': {'value': 178, 'displayName': 'StandingSave'}}, {'type': {'value': 213, 'displayName': 'Angle'}, 'value': '1.18'}, {'type': {'value': 141, 'displayName': 'PassEndY'}, 'value': '72.6'}, {'type': {'value': 140, 'displayName': 'PassEndX'}, 'value': '66.3'}]","[91, 119, 117, 30, 36, 37, 216, 218]",True,361822.0,66.3,72.6,,,,,,,,,
2762462809.0,180,12,10.0,13,66.7,73.5,12,"{'value': 1, 'displayName': 'FirstHalf'}","{'value': 1, 'displayName': 'Pass'}","{'value': 1, 'displayName': 'Successful'}","[{'type': {'value': 140, 'displayName': 'PassEndX'}, 'value': '81.2'}, {'type': {'value': 213, 'displayName': 'Angle'}, 'value': '6.00'}, {'type': {'value': 178, 'displayName': 'StandingSave'}}, {'type': {'value': 212, 'displayName': 'Length'}, 'value': '15.9'}, {'type': {'value': 141, 'displayName': 'PassEndY'}, 'value': '66.9'}, {'type': {'value': 56, 'displayName': 'Zone'}, 'value': 'Center'}]","[91, 119, 117, 30, 205, 36, 38, 217, 218]",True,334087.0,81.2,66.9,,,,,,,,,
2762462813.0,181,12,11.0,13,81.2,66.9,12,"{'value': 1, 'displayName': 'FirstHalf'}","{'value': 1, 'displayName': 'Pass'}","{'value': 0, 'displayName': 'Unsuccessful'}","[{'type': {'value': 141, 'displayName': 'PassEndY'}, 'value': '51.9'}, {'type': {'value': 56, 'displayName': 'Zone'}, 'value': 'Center'}, {'type': {'value': 140, 'displayName': 'PassEndX'}, 'value': '79.8'}, {'type': {'value': 213, 'displayName': 'Angle'}, 'value': '4.57'}, {'type': {'value': 178, 'displayName': 'StandingSave'}}, {'type': {'value': 212, 'displayName': 'Length'}, 'value': '10.3'}]","[91, 120, 29, 35, 38, 217, 218]",True,279379.0,79.8,51.9,,,,,,,,,
2762462825.0,61,12,12.0,165,22.1,52.4,12,"{'value': 1, 'displayName': 'FirstHalf'}","{'value': 1, 'displayName': 'Pass'}","{'value': 1, 'displayName': 'Successful'}","[{'type': {'value': 140, 'displayName': 'PassEndX'}, 'value': '4.1'}, {'type': {'value': 141, 'displayName': 'PassEndY'}, 'value': '54.9'}, {'type': {'value': 56, 'displayName': 'Zone'}, 'value': 'Back'}, {'type': {'value': 212, 'displayName': 'Length'}, 'value': '19.0'}, {'type': {'value': 213, 'displayName': 'Angle'}, 'value': '3.05'}, {'type': {'value': 178, 'displayName': 'StandingSave'}}]","[91, 117, 30, 35, 37, 215, 218]",True,404108.0,4.1,54.9,,,,,,,,,
2762462827.0,62,12,13.0,165,4.1,54.9,12,"{'value': 1, 'displayName': 'FirstHalf'}","{'value': 49, 'displayName': 'BallRecovery'}","{'value': 1, 'displayName': 'Successful'}",[],[93],False,362426.0,,,,,,,,,,,
2762462839.0,63,12,14.0,165,4.1,54.9,12,"{'value': 1, 'displayName': 'FirstHalf'}","{'value': 1, 'displayName': 'Pass'}","{'value': 0, 'displayName': 'Unsuccessful'}","[{'type': {'value': 141, 'displayName': 'PassEndY'}, 'value': '94.4'}, {'type': {'value': 178, 'displayName': 'StandingSave'}}, {'type': {'value': 1, 'displayName': 'Longball'}}, {'type': {'value': 212, 'displayName': 'Length'}, 'value': '58.4'}, {'type': {'value': 140, 'displayName': 'PassEndX'}, 'value': '53.5'}, {'type': {'value': 213, 'displayName': 'Angle'}, 'value': '0.48'}, {'type': {'value': 56, 'displayName': 'Zone'}, 'value': 'Left'}]","[91, 120, 128, 36, 37, 216, 218]",True,362426.0,53.5,94.4,,,,,,,,,
2762462841.0,182,12,19.0,13,47.1,6.4,12,"{'value': 1, 'displayName': 'FirstHalf'}","{'value': 49, 'displayName': 'BallRecovery'}","{'value': 1, 'displayName': 'Successful'}",[],[93],False,361822.0,,,,,,,,,,,
2762462861.0,183,12,24.0,13,52.5,21.9,12,"{'value': 1, 'displayName': 'FirstHalf'}","{'value': 1, 'displayName': 'Pass'}","{'value': 1, 'displayName': 'Successful'}","[{'type': {'value': 56, 'displayName': 'Zone'}, 'value': 'Back'}, {'type': {'value': 213, 'displayName': 'Angle'}, 'value': '1.83'}, {'type': {'value': 212, 'displayName': 'Length'}, 'value': '20.9'}, {'type': {'value': 141, 'displayName': 'PassEndY'}, 'value': '51.6'}, {'type': {'value': 178, 'displayName': 'StandingSave'}}, {'type': {'value': 140, 'displayName': 'PassEndX'}, 'value': '47.5'}]","[91, 117, 30, 35, 37, 216, 218]",True,361822.0,47.5,51.6,,,,,,,,,
2762462871.0,184,12,26.0,13,47.6,51.6,12,"{'value': 1, 'displayName': 'FirstHalf'}","{'value': 1, 'displayName': 'Pass'}","{'value': 1, 'displayName': 'Successful'}","[{'type': {'value': 212, 'displayName': 'Length'}, 'value': '16.8'}, {'type': {'value': 213, 'displayName': 'Angle'}, 'value': '0.94'}, {'type': {'value': 178, 'displayName': 'StandingSave'}}, {'type': {'value': 140, 'displayName': 'PassEndX'}, 'value': '57.1'}, {'type': {'value': 56, 'displayName': 'Zone'}, 'value': 'Center'}, {'type': {'value': 141, 'displayName': 'PassEndY'}, 'value': '71.5'}]","[91, 119, 117, 30, 36, 37, 216, 218]",True,334087.0,57.1,71.5,,,,,,,,,
2762462885.0,185,12,28.0,13,57.2,71.4,12,"{'value': 1, 'displayName': 'FirstHalf'}","{'value': 1, 'displayName': 'Pass'}","{'value': 1, 'displayName': 'Successful'}","[{'type': {'value': 212, 'displayName': 'Length'}, 'value': '12.3'}, {'type': {'value': 140, 'displayName': 'PassEndX'}, 'value': '51.1'}, {'type': {'value': 213, 'displayName': 'Angle'}, 'value': '4.17'}, {'type': {'value': 141, 'displayName': 'PassEndY'}, 'value': '55.9'}, {'type': {'value': 56, 'displayName': 'Zone'}, 'value': 'Center'}, {'type': {'value': 178, 'displayName': 'StandingSave'}}]","[91, 119, 117, 30, 35, 38, 216, 218]",True,467918.0,51.1,55.9,,,,,,,,,
2762462897.0,186,12,32.0,13,54.2,64.6,12,"{'value': 1, 'displayName': 'FirstHalf'}","{'value': 1, 'displayName': 'Pass'}","{'value': 1, 'displayName': 'Successful'}","[{'type': {'value': 212, 'displayName': 'Length'}, 'value': '8.2'}, {'type': {'value': 178, 'displayName': 'StandingSave'}}, {'type': {'value': 141, 'displayName': 'PassEndY'}, 'value': '73.2'}, {'type': {'value': 56, 'displayName': 'Zone'}, 'value': 'Center'}, {'type': {'value': 213, 'displayName': 'Angle'}, 'value': '0.79'}, {'type': {'value': 140, 'displayName': 'PassEndX'}, 'value': '59.7'}]","[91, 119, 117, 30, 36, 37, 216, 218]",True,334087.0,59.7,73.2,,,,,,,,,
2762462899.0,187,12,32.0,13,59.7,73.2,12,"{'value': 1, 'displayName': 'FirstHalf'}","{'value': 61, 'displayName': 'BallTouch'}","{'value': 1, 'displayName': 'Successful'}","[{'type': {'value': 178, 'displayName': 'StandingSave'}}, {'type': {'value': 56, 'displayName': 'Zone'}, 'value': 'Center'}]",[91],True,467918.0,,,,,,,,,,,
2762462901.0,64,12,34.0,165,37.8,30.9,12,"{'value': 1, 'displayName': 'FirstHalf'}","{'value': 3, 'displayName': 'TakeOn'}","{'value': 0, 'displayName': 'Unsuccessful'}","[{'type': {'value': 233, 'displayName': 'OppositeRelatedEvent'}, 'value': '188'}, {'type': {'value': 56, 'displayName': 'Zone'}, 'value': 'Back'}, {'type': {'value': 178, 'displayName': 'StandingSave'}}, {'type': {'value': 286, 'displayName': 'Offensive'}}]","[91, 53]",True,430908.0,,,,,,,,,,,
2762462909.0,188,12,34.0,13,62.2,69.1,12,"{'value': 1, 'displayName': 'FirstHalf'}","{'value': 7, 'displayName': 'Tackle'}","{'value': 1, 'displayName': 'Successful'}","[{'type': {'value': 285, 'displayName': 'Defensive'}}, {'type': {'value': 56, 'displayName': 'Zone'}, 'value': 'Center'}, {'type': {'value': 233, 'displayName': 'OppositeRelatedEvent'}, 'value': '64'}, {'type': {'value': 178, 'displayName': 'StandingSave'}}]","[91, 143]",True,467918.0,,,,,,,,,,,
2762462921.0,189,12,36.0,13,57.1,37.8,12,"{'value': 1, 'displayName': 'FirstHalf'}","{'value': 1, 'displayName': 'Pass'}","{'value': 1, 'displayName': 'Successful'}","[{'type': {'value': 140, 'displayName': 'PassEndX'}, 'value': '57.7'}, {'type': {'value': 141, 'displayName': 'PassEndY'}, 'value': '51.8'}, {'type': {'value': 212, 'displayName': 'Length'}, 'value': '9.5'}, {'type': {'value': 56, 'displayName': 'Zone'}, 'value': 'Center'}, {'type': {'value': 213, 'displayName': 'Angle'}, 'value': '1.50'}, {'type': {'value': 178, 'displayName': 'StandingSave'}}]","[91, 119, 117, 30, 36, 37, 216, 218]",True,388650.0,57.7,51.8,,,,,,,,,
2762462935.0,190,12,43.0,13,66.3,34.6,12,"{'value': 1, 'displayName': 'FirstHalf'}","{'value': 1, 'displayName': 'Pass'}","{'value': 1, 'displayName': 'Successful'}","[{'type': {'value': 56, 'displayName': 'Zone'}, 'value': 'Right'}, {'type': {'value': 178, 'displayName': 'StandingSave'}}, {'type': {'value': 212, 'displayName': 'Length'}, 'value': '20.1'}, {'type': {'value': 141, 'displayName': 'PassEndY'}, 'value': '5.5'}, {'type': {'value': 140, 'displayName': 'PassEndX'}, 'value': '69.7'}, {'type': {'value': 213, 'displayName': 'Angle'}, 'value': '4.89'}]","[91, 119, 117, 30, 205, 36, 38, 217, 218]",True,332325.0,69.7,5.5,,,,,,,,,
2762462945.0,191,12,47.0,13,67.4,5.2,12,"{'value': 1, 'displayName': 'FirstHalf'}","{'value': 1, 'displayName': 'Pass'}","{'value': 1, 'displayName': 'Successful'}","[{'type': {'value': 141, 'displayName': 'PassEndY'}, 'value': '22.5'}, {'type': {'value': 212, 'displayName': 'Length'}, 'value': '12.5'}, {'type': {'value': 213, 'displayName': 'Angle'}, 'value': '1.92'}, {'type': {'value': 140, 'displayName': 'PassEndX'}, 'value': '63.3'}, {'type': {'value': 178, 'displayName': 'StandingSave'}}, {'type': {'value': 56, 'displayName': 'Zone'}, 'value': 'Center'}]","[91, 119, 117, 30, 35, 37, 216, 218]",True,380706.0,63.3,22.5,,,,,,,,,
2762462953.0,192,12,52.0,13,57.3,21.7,12,"{'value': 1, 'displayName': 'FirstHalf'}","{'value': 1, 'displayName': 'Pass'}","{'value': 1, 'displayName': 'Successful'}","[{'type': {'value': 212, 'displayName': 'Length'}, 'value': '11.2'}, {'type': {'value': 213, 'displayName': 'Angle'}, 'value': '2.79'}, {'type': {'value': 140, 'displayName': 'PassEndX'}, 'value': '47.3'}, {'type': {'value': 178, 'displayName': 'StandingSave'}}, {'type': {'value': 56, 'displayName': 'Zone'}, 'value': 'Back'}, {'type': {'value': 141, 'displayName': 'PassEndY'}, 'value': '27.4'}]","[91, 117, 30, 35, 37, 216, 218]",True,332325.0,47.3,27.4,,,,,,,,,
2762462967.0,193,12,53.0,13,46.4,28.5,12,"{'value': 1, 'displayName': 'FirstHalf'}","{'value': 1, 'displayName': 'Pass'}","{'value': 1, 'displayName': 'Successful'}","[{'type': {'value': 140, 'displayName': 'PassEndX'}, 'value': '40.5'}, {'type': {'value': 141, 'displayName': 'PassEndY'}, 'value': '68.9'}, {'type': {'value': 213, 'displayName': 'Angle'}, 'value': '1.79'}, {'type': {'value': 56, 'displayName': 'Zone'}, 'value': 'Back'}, {'type': {'value': 212, 'displayName': 'Length'}, 'value': '28.2'}, {'type': {'value': 178, 'displayName': 'StandingSave'}}]","[91, 117, 30, 35, 37, 216, 218]",True,361822.0,40.5,68.9,,,,,,,,,
2762462979.0,194,12,57.0,13,36.2,65.5,12,"{'value': 1, 'displayName': 'FirstHalf'}","{'value': 1, 'displayName': 'Pass'}","{'value': 1, 'displayName': 'Successful'}","[{'type': {'value': 141, 'displayName': 'PassEndY'}, 'value': '30.2'}, {'type': {'value': 178, 'displayName': 'StandingSave'}}, {'type': {'value': 213, 'displayName': 'Angle'}, 'value': '4.67'}, {'type': {'value': 56, 'displayName': 'Zone'}, 'value': 'Back'}, {'type': {'value': 212, 'displayName': 'Length'}, 'value': '24.0'}, {'type': {'value': 140, 'displayName': 'PassEndX'}, 'value': '35.2'}]","[91, 117, 30, 35, 38, 216, 218]",True,334087.0,35.2,30.2,,,,,,,,,
2762463007.0,195,13,2.0,13,39.3,27.3,13,"{'value': 1, 'displayName': 'FirstHalf'}","{'value': 1, 'displayName': 'Pass'}","{'value': 1, 'displayName': 'Successful'}","[{'type': {'value': 1, 'displayName': 'Longball'}}, {'type': {'value': 140, 'displayName': 'PassEndX'}, 'value': '74.0'}, {'type': {'value': 213, 'displayName': 'Angle'}, 'value': '0.36'}, {'type': {'value': 212, 'displayName': 'Length'}, 'value': '38.9'}, {'type': {'value': 56, 'displayName': 'Zone'}, 'value': 'Center'}, {'type': {'value': 155, 'displayName': 'Chipped'}}, {'type': {'value': 141, 'displayName': 'PassEndY'}, 'value': '47.2'}, {'type': {'value': 178, 'displayName': 'StandingSave'}}]","[91, 119, 117, 124, 127, 205, 36, 37, 217, 218]",True,361822.0,74.0,47.2,,,,,,,,,
2762463013.0,196,13,8.0,13,86.6,26.5,13,"{'value': 1, 'displayName': 'FirstHalf'}","{'value': 1, 'displayName': 'Pass'}","{'value': 1, 'displayName': 'Successful'}","[{'type': {'value': 212, 'displayName': 'Length'}, 'value': '21.2'}, {'type': {'value': 155, 'displayName': 'Chipped'}}, {'type': {'value': 140, 'displayName': 'PassEndX'}, 'value': '85.6'}, {'type': {'value': 56, 'displayName': 'Zone'}, 'value': 'Center'}, {'type': {'value': 213, 'displayName': 'Angle'}, 'value': '1.62'}, {'type': {'value': 178, 'displayName': 'StandingSave'}}, {'type': {'value': 141, 'displayName': 'PassEndY'}, 'value': '57.7'}]","[91, 119, 117, 30, 124, 205, 35, 37, 217, 218]",True,279379.0,85.6,57.7,,,,,,,,,
2762463019.0,197,13,11.0,13,85.0,57.3,13,"{'value': 1, 'displayName': 'FirstHalf'}","{'value': 1, 'displayName': 'Pass'}","{'value': 1, 'displayName': 'Successful'}","[{'type': {'value': 178, 'displayName': 'StandingSave'}}, {'type': {'value': 56, 'displayName': 'Zone'}, 'value': 'Center'}, {'type': {'value': 213, 'displayName': 'Angle'}, 'value': '4.53'}, {'type': {'value': 212, 'displayName': 'Length'}, 'value': '4.6'}, {'type': {'value': 141, 'displayName': 'PassEndY'}, 'value': '50.7'}, {'type': {'value': 140, 'displayName': 'PassEndX'}, 'value': '84.2'}]","[91, 119, 117, 30, 205, 35, 38, 217, 218]",True,113994.0,84.2,50.7,,,,,,,,,
2762463025.0,198,13,11.0,13,83.7,50.7,13,"{'value': 1, 'displayName': 'FirstHalf'}","{'value': 1, 'displayName': 'Pass'}","{'value': 1, 'displayName': 'Successful'}","[{'type': {'value': 213, 'displayName': 'Angle'}, 'value': '1.70'}, {'type': {'value': 140, 'displayName': 'PassEndX'}, 'value': '82.1'}, {'type': {'value': 56, 'displayName': 'Zone'}, 'value': 'Center'}, {'type': {'value': 141, 'displayName': 'PassEndY'}, 'value': '69.5'}, {'type': {'value': 212, 'displayName': 'Length'}, 'value': '12.9'}, {'type': {'value': 178, 'displayName': 'StandingSave'}}]","[91, 119, 117, 30, 205, 35, 37, 217, 218]",True,247454.0,82.1,69.5,,,,,,,,,
2762463027.0,199,13,13.0,13,83.1,66.3,13,"{'value': 1, 'displayName': 'FirstHalf'}","{'value': 1, 'displayName': 'Pass'}","{'value': 1, 'displayName': 'Successful'}","[{'type': {'value': 56, 'displayName': 'Zone'}, 'value': 'Center'}, {'type': {'value': 213, 'displayName': 'Angle'}, 'value': '0.45'}, {'type': {'value': 210, 'displayName': 'ShotAssist'}, 'value': '15'}, {'type': {'value': 212, 'displayName': 'Length'}, 'value': '8.0'}, {'type': {'value': 141, 'displayName': 'PassEndY'}, 'value': '71.4'}, {'type': {'value': 178, 'displayName': 'StandingSave'}}, {'type': {'value': 154, 'displayName': 'IntentionalAssist'}}, {'type': {'value': 140, 'displayName': 'PassEndX'}, 'value': '90.0'}, {'type': {'value': 11113, 'displayName': 'KeyPass'}}]","[91, 119, 117, 30, 123, 205, 40, 46, 36, 37, 217, 218]",True,467918.0,90.0,71.4,,,,,,,,,
2762463029.0,200,13,15.0,13,88.5,67.4,13,"{'value': 1, 'displayName': 'FirstHalf'}","{'value': 15, 'displayName': 'SavedShot'}","{'value': 1, 'displayName': 'Successful'}","[{'type': {'value': 22, 'displayName': 'RegularPlay'}}, {'type': {'value': 154, 'displayName': 'IntentionalAssist'}}, {'type': {'value': 102, 'displayName': 'GoalMouthY'}, 'value': '52.6'}, {'type': {'value': 56, 'displayName': 'Zone'}, 'value': 'Center'}, {'type': {'value': 20, 'displayName': 'RightFoot'}}, {'type': {'value': 147, 'displayName': 'BlockedY'}, 'value': '63.7'}, {'type': {'value': 103, 'displayName': 'GoalMouthZ'}, 'value': '19'}, {'type': {'value': 76, 'displayName': 'LowLeft'}}, {'type': {'value': 146, 'displayName': 'BlockedX'}, 'value': '91.4'}, {'type': {'value': 178, 'displayName': 'StandingSave'}}, {'type': {'value': 82, 'displayName': 'Blocked'}}, {'type': {'value': 55, 'displayName': 'RelatedEventId'}, 'value': '199'}, {'type': {'value': 233, 'displayName': 'OppositeRelatedEvent'}, 'value': '65'}, {'type': {'value': 64, 'displayName': 'BoxLeft'}}, {'type': {'value': 29, 'displayName': 'Assisted'}}]","[91, 10, 1, 3, 11, 12]",True,113994.0,,,199.0,467918.0,91.4,63.7,19.0,52.6,True,,
2762463033.0,65,13,15.0,165,8.6,36.3,13,"{'value': 1, 'displayName': 'FirstHalf'}","{'value': 10, 'displayName': 'Save'}","{'value': 1, 'displayName': 'Successful'}","[{'type': {'value': 94, 'displayName': 'OutfielderBlock'}}, {'type': {'value': 233, 'displayName': 'OppositeRelatedEvent'}, 'value': '200'}, {'type': {'value': 178, 'displayName': 'StandingSave'}}, {'type': {'value': 56, 'displayName': 'Zone'}, 'value': 'Back'}]","[91, 58]",True,270446.0,,,,,,,,,,,
2762463035.0,66,13,17.0,165,3.6,25.8,13,"{'value': 1, 'displayName': 'FirstHalf'}","{'value': 6, 'displayName': 'CornerAwarded'}","{'value': 0, 'displayName': 'Unsuccessful'}","[{'type': {'value': 73, 'displayName': 'MissLeft'}}, {'type': {'value': 233, 'displayName': 'OppositeRelatedEvent'}, 'value': '201'}, {'type': {'value': 56, 'displayName': 'Zone'}, 'value': 'Back'}]",[122],False,270446.0,,,,,,,,,,,
2762463031.0,201,13,17.0,13,96.4,74.2,13,"{'value': 1, 'displayName': 'FirstHalf'}","{'value': 6, 'displayName': 'CornerAwarded'}","{'value': 1, 'displayName': 'Successful'}","[{'type': {'value': 233, 'displayName': 'OppositeRelatedEvent'}, 'value': '66'}, {'type': {'value': 73, 'displayName': 'MissLeft'}}, {'type': {'value': 56, 'displayName': 'Zone'}, 'value': 'Center'}]",[122],False,113994.0,,,,,,,,,,,
2762463141.0,202,14,0.0,13,99.5,99.5,14,"{'value': 1, 'displayName': 'FirstHalf'}","{'value': 1, 'displayName': 'Pass'}","{'value': 1, 'displayName': 'Successful'}","[{'type': {'value': 20, 'displayName': 'RightFoot'}}, {'type': {'value': 213, 'displayName': 'Angle'}, 'value': '4.69'}, {'type': {'value': 178, 'displayName': 'StandingSave'}}, {'type': {'value': 6, 'displayName': 'CornerTaken'}}, {'type': {'value': 1, 'displayName': 'Longball'}}, {'type': {'value': 56, 'displayName': 'Zone'}, 'value': 'Center'}, {'type': {'value': 141, 'displayName': 'PassEndY'}, 'value': '29.9'}, {'type': {'value': 140, 'displayName': 'PassEndX'}, 'value': '98.4'}, {'type': {'value': 212, 'displayName': 'Length'}, 'value': '47.3'}, {'type': {'value': 155, 'displayName': 'Chipped'}}, {'type': {'value': 2, 'displayName': 'Cross'}}]","[91, 119, 137, 124, 125, 31, 32, 34, 35, 38, 217, 218]",True,332325.0,98.4,29.9,,,,,,,,,
2762463143.0,203,14,3.0,13,98.4,29.2,14,"{'value': 1, 'displayName': 'FirstHalf'}","{'value': 1, 'displayName': 'Pass'}","{'value': 1, 'displayName': 'Successful'}","[{'type': {'value': 3, 'displayName': 'HeadPass'}}, {'type': {'value': 213, 'displayName': 'Angle'}, 'value': '3.33'}, {'type': {'value': 56, 'displayName': 'Zone'}, 'value': 'Center'}, {'type': {'value': 141, 'displayName': 'PassEndY'}, 'value': '25.0'}, {'type': {'value': 212, 'displayName': 'Length'}, 'value': '15.1'}, {'type': {'value': 178, 'displayName': 'StandingSave'}}, {'type': {'value': 140, 'displayName': 'PassEndX'}, 'value': '84.3'}]","[91, 119, 117, 30, 139, 205, 35, 38, 217, 218]",True,113994.0,84.3,25.0,,,,,,,,,
2762463163.0,204,14,11.0,13,90.3,13.0,14,"{'value': 1, 'displayName': 'FirstHalf'}","{'value': 1, 'displayName': 'Pass'}","{'value': 1, 'displayName': 'Successful'}","[{'type': {'value': 178, 'displayName': 'StandingSave'}}, {'type': {'value': 141, 'displayName': 'PassEndY'}, 'value': '8.9'}, {'type': {'value': 140, 'displayName': 'PassEndX'}, 'value': '93.1'}, {'type': {'value': 213, 'displayName': 'Angle'}, 'value': '5.52'}, {'type': {'value': 56, 'displayName': 'Zone'}, 'value': 'Right'}, {'type': {'value': 212, 'displayName': 'Length'}, 'value': '4.1'}]","[91, 119, 117, 30, 205, 36, 38, 217, 218]",True,247454.0,93.1,8.9,,,,,,,,,
2762463171.0,205,14,12.0,13,93.1,8.9,14,"{'value': 1, 'displayName': 'FirstHalf'}","{'value': 1, 'displayName': 'Pass'}","{'value': 0, 'displayName': 'Unsuccessful'}","[{'type': {'value': 213, 'displayName': 'Angle'}, 'value': '1.71'}, {'type': {'value': 2, 'displayName': 'Cross'}}, {'type': {'value': 140, 'displayName': 'PassEndX'}, 'value': '88.5'}, {'type': {'value': 1, 'displayName': 'Longball'}}, {'type': {'value': 56, 'displayName': 'Zone'}, 'value': 'Center'}, {'type': {'value': 155, 'displayName': 'Chipped'}}, {'type': {'value': 212, 'displayName': 'Length'}, 'value': '35.0'}, {'type': {'value': 20, 'displayName': 'RightFoot'}}, {'type': {'value': 178, 'displayName': 'StandingSave'}}, {'type': {'value': 141, 'displayName': 'PassEndY'}, 'value': '59.9'}]","[91, 137, 124, 126, 35, 37, 217, 218]",True,113994.0,88.5,59.9,,,,,,,,,
2762463175.0,68,14,14.0,165,10.4,42.6,14,"{'value': 1, 'displayName': 'FirstHalf'}","{'value': 44, 'displayName': 'Aerial'}","{'value': 1, 'displayName': 'Successful'}","[{'type': {'value': 233, 'displayName': 'OppositeRelatedEvent'}, 'value': '206'}, {'type': {'value': 285, 'displayName': 'Defensive'}}, {'type': {'value': 56, 'displayName': 'Zone'}, 'value': 'Back'}]","[197, 200]",False,270446.0,,,,,,,,,,,
2762463177.0,206,14,14.0,13,89.6,57.4,14,"{'value': 1, 'displayName': 'FirstHalf'}","{'value': 44, 'displayName': 'Aerial'}","{'value': 0, 'displayName': 'Unsuccessful'}","[{'type': {'value': 286, 'displayName': 'Offensive'}}, {'type': {'value': 233, 'displayName': 'OppositeRelatedEvent'}, 'value': '68'}, {'type': {'value': 56, 'displayName': 'Zone'}, 'value': 'Center'}]","[198, 199]",False,334087.0,,,,,,,,,,,
2762463181.0,69,14,14.0,165,9.0,45.0,14,"{'value': 1, 'displayName': 'FirstHalf'}","{'value': 12, 'displayName': 'Clearance'}","{'value': 1, 'displayName': 'Successful'}","[{'type': {'value': 212, 'displayName': 'Length'}, 'value': '2.9'}, {'type': {'value': 140, 'displayName': 'PassEndX'}, 'value': '11.2'}, {'type': {'value': 213, 'displayName': 'Angle'}, 'value': '5.65'}, {'type': {'value': 56, 'displayName': 'Zone'}, 'value': 'Back'}, {'type': {'value': 15, 'displayName': 'Head'}}, {'type': {'value': 141, 'displayName': 'PassEndY'}, 'value': '42.5'}]","[91, 94, 95, 57, 215]",True,270446.0,11.2,42.5,,,,,,,,,
2762464107.0,293,14,14.0,13,90.6,56.8,14,"{'value': 1, 'displayName': 'FirstHalf'}","{'value': 61, 'displayName': 'BallTouch'}","{'value': 1, 'displayName': 'Successful'}","[{'type': {'value': 21, 'displayName': 'OtherBodyPart'}}, {'type': {'value': 56, 'displayName': 'Zone'}, 'value': 'Center'}]",[91],True,334087.0,,,,,,,,,,,
2762463191.0,70,14,16.0,165,10.8,28.3,14,"{'value': 1, 'displayName': 'FirstHalf'}","{'value': 49, 'displayName': 'BallRecovery'}","{'value': 1, 'displayName': 'Successful'}",[],[93],False,430908.0,,,,,,,,,,,
2762463215.0,71,14,23.0,165,3.8,13.5,14,"{'value': 1, 'displayName': 'FirstHalf'}","{'value': 50, 'displayName': 'Dispossessed'}","{'value': 1, 'displayName': 'Successful'}","[{'type': {'value': 233, 'displayName': 'OppositeRelatedEvent'}, 'value': '208'}, {'type': {'value': 56, 'displayName': 'Zone'}, 'value': 'Back'}, {'type': {'value': 285, 'displayName': 'Defensive'}}]","[91, 70]",True,430908.0,,,,,,,,,,,
2762463217.0,208,14,23.0,13,96.2,86.5,14,"{'value': 1, 'displayName': 'FirstHalf'}","{'value': 7, 'displayName': 'Tackle'}","{'value': 0, 'displayName': 'Unsuccessful'}","[{'type': {'value': 286, 'displayName': 'Offensive'}}, {'type': {'value': 178, 'displayName': 'StandingSave'}}, {'type': {'value': 233, 'displayName': 'OppositeRelatedEvent'}, 'value': '71'}, {'type': {'value': 56, 'displayName': 'Zone'}, 'value': 'Left'}]","[91, 142]",True,332325.0,,,,,,,,,,,
2762463219.0,72,14,24.0,165,2.6,13.7,14,"{'value': 1, 'displayName': 'FirstHalf'}","{'value': 1, 'displayName': 'Pass'}","{'value': 0, 'displayName': 'Unsuccessful'}","[{'type': {'value': 212, 'displayName': 'Length'}, 'value': '2.5'}, {'type': {'value': 56, 'displayName': 'Zone'}, 'value': 'Back'}, {'type': {'value': 141, 'displayName': 'PassEndY'}, 'value': '12.3'}, {'type': {'value': 178, 'displayName': 'StandingSave'}}, {'type': {'value': 140, 'displayName': 'PassEndX'}, 'value': '4.8'}, {'type': {'value': 213, 'displayName': 'Angle'}, 'value': '5.89'}]","[91, 118, 120, 29, 36, 38, 215, 218]",True,430908.0,4.8,12.3,,,,,,,,,
2762463229.0,209,14,25.0,13,92.5,88.7,14,"{'value': 1, 'displayName': 'FirstHalf'}","{'value': 49, 'displayName': 'BallRecovery'}","{'value': 1, 'displayName': 'Successful'}",[],[93],False,334087.0,,,,,,,,,,,
2762463249.0,210,14,30.0,13,96.0,92.8,14,"{'value': 1, 'displayName': 'FirstHalf'}","{'value': 1, 'displayName': 'Pass'}","{'value': 0, 'displayName': 'Unsuccessful'}","[{'type': {'value': 56, 'displayName': 'Zone'}, 'value': 'Left'}, {'type': {'value': 140, 'displayName': 'PassEndX'}, 'value': '95.6'}, {'type': {'value': 141, 'displayName': 'PassEndY'}, 'value': '89.9'}, {'type': {'value': 213, 'displayName': 'Angle'}, 'value': '4.50'}, {'type': {'value': 212, 'displayName': 'Length'}, 'value': '2.0'}]","[91, 120, 29, 35, 38, 217, 218]",True,334087.0,95.6,89.9,,,,,,,,,
2762463243.0,74,14,30.0,165,5.5,14.4,14,"{'value': 1, 'displayName': 'FirstHalf'}","{'value': 61, 'displayName': 'BallTouch'}","{'value': 1, 'displayName': 'Successful'}","[{'type': {'value': 56, 'displayName': 'Zone'}, 'value': 'Back'}, {'type': {'value': 178, 'displayName': 'StandingSave'}}]",[91],True,270446.0,,,,,,,,,,,
2762463259.0,211,14,32.0,13,93.1,77.3,14,"{'value': 1, 'displayName': 'FirstHalf'}","{'value': 1, 'displayName': 'Pass'}","{'value': 1, 'displayName': 'Successful'}","[{'type': {'value': 212, 'displayName': 'Length'}, 'value': '5.4'}, {'type': {'value': 213, 'displayName': 'Angle'}, 'value': '2.44'}, {'type': {'value': 56, 'displayName': 'Zone'}, 'value': 'Left'}, {'type': {'value': 140, 'displayName': 'PassEndX'}, 'value': '89.2'}, {'type': {'value': 141, 'displayName': 'PassEndY'}, 'value': '82.4'}, {'type': {'value': 178, 'displayName': 'StandingSave'}}, {'type': {'value': 156, 'displayName': 'LayOff'}}]","[91, 119, 117, 30, 205, 35, 37, 217, 218]",True,113994.0,89.2,82.4,,,,,,,,,
2762463265.0,212,14,33.0,13,88.5,82.9,14,"{'value': 1, 'displayName': 'FirstHalf'}","{'value': 1, 'displayName': 'Pass'}","{'value': 1, 'displayName': 'Successful'}","[{'type': {'value': 140, 'displayName': 'PassEndX'}, 'value': '81.1'}, {'type': {'value': 213, 'displayName': 'Angle'}, 'value': '3.95'}, {'type': {'value': 212, 'displayName': 'Length'}, 'value': '11.3'}, {'type': {'value': 56, 'displayName': 'Zone'}, 'value': 'Center'}, {'type': {'value': 141, 'displayName': 'PassEndY'}, 'value': '70.9'}, {'type': {'value': 178, 'displayName': 'StandingSave'}}]","[91, 119, 117, 30, 205, 35, 38, 217, 218]",True,332325.0,81.1,70.9,,,,,,,,,
2762463269.0,213,14,36.0,13,86.6,81.5,14,"{'value': 1, 'displayName': 'FirstHalf'}","{'value': 1, 'displayName': 'Pass'}","{'value': 1, 'displayName': 'Successful'}","[{'type': {'value': 141, 'displayName': 'PassEndY'}, 'value': '92.7'}, {'type': {'value': 213, 'displayName': 'Angle'}, 'value': '0.91'}, {'type': {'value': 56, 'displayName': 'Zone'}, 'value': 'Left'}, {'type': {'value': 212, 'displayName': 'Length'}, 'value': '9.6'}, {'type': {'value': 140, 'displayName': 'PassEndX'}, 'value': '92.2'}, {'type': {'value': 178, 'displayName': 'StandingSave'}}]","[91, 119, 117, 30, 205, 36, 37, 217, 218]",True,247454.0,92.2,92.7,,,,,,,,,
2762463281.0,214,14,38.0,13,92.2,92.7,14,"{'value': 1, 'displayName': 'FirstHalf'}","{'value': 1, 'displayName': 'Pass'}","{'value': 1, 'displayName': 'Successful'}","[{'type': {'value': 212, 'displayName': 'Length'}, 'value': '11.1'}, {'type': {'value': 56, 'displayName': 'Zone'}, 'value': 'Left'}, {'type': {'value': 213, 'displayName': 'Angle'}, 'value': '3.52'}, {'type': {'value': 178, 'displayName': 'StandingSave'}}, {'type': {'value': 141, 'displayName': 'PassEndY'}, 'value': '86.7'}, {'type': {'value': 140, 'displayName': 'PassEndX'}, 'value': '82.4'}]","[91, 119, 117, 30, 205, 35, 38, 217, 218]",True,334087.0,82.4,86.7,,,,,,,,,
2762463291.0,215,14,40.0,13,79.9,80.9,14,"{'value': 1, 'displayName': 'FirstHalf'}","{'value': 1, 'displayName': 'Pass'}","{'value': 0, 'displayName': 'Unsuccessful'}","[{'type': {'value': 140, 'displayName': 'PassEndX'}, 'value': '92.1'}, {'type': {'value': 212, 'displayName': 'Length'}, 'value': '30.7'}, {'type': {'value': 213, 'displayName': 'Angle'}, 'value': '5.14'}, {'type': {'value': 2, 'displayName': 'Cross'}}, {'type': {'value': 155, 'displayName': 'Chipped'}}, {'type': {'value': 178, 'displayName': 'StandingSave'}}, {'type': {'value': 56, 'displayName': 'Zone'}, 'value': 'Center'}, {'type': {'value': 141, 'displayName': 'PassEndY'}, 'value': '39.8'}, {'type': {'value': 20, 'displayName': 'RightFoot'}}]","[91, 137, 124, 126, 36, 38, 217, 218]",True,332325.0,92.1,39.8,,,,,,,,,
2762463295.0,75,14,42.0,165,7.8,60.2,14,"{'value': 1, 'displayName': 'FirstHalf'}","{'value': 12, 'displayName': 'Clearance'}","{'value': 1, 'displayName': 'Successful'}","[{'type': {'value': 213, 'displayName': 'Angle'}, 'value': '0.21'}, {'type': {'value': 56, 'displayName': 'Zone'}, 'value': 'Back'}, {'type': {'value': 140, 'displayName': 'PassEndX'}, 'value': '27.1'}, {'type': {'value': 141, 'displayName': 'PassEndY'}, 'value': '66.7'}, {'type': {'value': 15, 'displayName': 'Head'}}, {'type': {'value': 212, 'displayName': 'Length'}, 'value': '20.7'}]","[91, 94, 95, 57, 215]",True,366211.0,27.1,66.7,,,,,,,,,
2762463297.0,76,14,44.0,165,27.1,66.7,14,"{'value': 1, 'displayName': 'FirstHalf'}","{'value': 49, 'displayName': 'BallRecovery'}","{'value': 1, 'displayName': 'Successful'}",[],[93],False,138686.0,,,,,,,,,,,
2762463309.0,77,14,45.0,165,29.8,69.7,14,"{'value': 1, 'displayName': 'FirstHalf'}","{'value': 1, 'displayName': 'Pass'}","{'value': 0, 'displayName': 'Unsuccessful'}","[{'type': {'value': 212, 'displayName': 'Length'}, 'value': '31.9'}, {'type': {'value': 140, 'displayName': 'PassEndX'}, 'value': '52.2'}, {'type': {'value': 141, 'displayName': 'PassEndY'}, 'value': '100.0'}, {'type': {'value': 56, 'displayName': 'Zone'}, 'value': 'Left'}, {'type': {'value': 178, 'displayName': 'StandingSave'}}, {'type': {'value': 213, 'displayName': 'Angle'}, 'value': '0.74'}]","[91, 120, 29, 36, 37, 216, 218]",True,138686.0,52.2,100.0,,,,,,,,,
2762463363.0,217,14,53.0,13,48.6,0.0,14,"{'value': 1, 'displayName': 'FirstHalf'}","{'value': 1, 'displayName': 'Pass'}","{'value': 1, 'displayName': 'Successful'}","[{'type': {'value': 140, 'displayName': 'PassEndX'}, 'value': '35.6'}, {'type': {'value': 141, 'displayName': 'PassEndY'}, 'value': '7.4'}, {'type': {'value': 56, 'displayName': 'Zone'}, 'value': 'Back'}, {'type': {'value': 212, 'displayName': 'Length'}, 'value': '14.9'}, {'type': {'value': 213, 'displayName': 'Angle'}, 'value': '2.73'}, {'type': {'value': 107, 'displayName': 'ThrowIn'}}]","[91, 212, 35, 37, 216]",True,388650.0,35.6,7.4,,,,,,,,,
2762463365.0,218,14,58.0,13,42.6,21.6,14,"{'value': 1, 'displayName': 'FirstHalf'}","{'value': 1, 'displayName': 'Pass'}","{'value': 1, 'displayName': 'Successful'}","[{'type': {'value': 141, 'displayName': 'PassEndY'}, 'value': '43.5'}, {'type': {'value': 178, 'displayName': 'StandingSave'}}, {'type': {'value': 140, 'displayName': 'PassEndX'}, 'value': '43.2'}, {'type': {'value': 213, 'displayName': 'Angle'}, 'value': '1.53'}, {'type': {'value': 212, 'displayName': 'Length'}, 'value': '14.9'}, {'type': {'value': 56, 'displayName': 'Zone'}, 'value': 'Back'}]","[91, 117, 30, 36, 37, 216, 218]",True,361822.0,43.2,43.5,,,,,,,,,
2762463367.0,219,14,59.0,13,43.2,43.5,14,"{'value': 1, 'displayName': 'FirstHalf'}","{'value': 1, 'displayName': 'Pass'}","{'value': 1, 'displayName': 'Successful'}","[{'type': {'value': 213, 'displayName': 'Angle'}, 'value': '1.43'}, {'type': {'value': 140, 'displayName': 'PassEndX'}, 'value': '46.1'}, {'type': {'value': 178, 'displayName': 'StandingSave'}}, {'type': {'value': 212, 'displayName': 'Length'}, 'value': '22.0'}, {'type': {'value': 141, 'displayName': 'PassEndY'}, 'value': '75.5'}, {'type': {'value': 56, 'displayName': 'Zone'}, 'value': 'Back'}]","[91, 117, 30, 36, 37, 216, 218]",True,332325.0,46.1,75.5,,,,,,,,,
2762463381.0,220,15,2.0,13,46.1,75.5,15,"{'value': 1, 'displayName': 'FirstHalf'}","{'value': 1, 'displayName': 'Pass'}","{'value': 1, 'displayName': 'Successful'}","[{'type': {'value': 140, 'displayName': 'PassEndX'}, 'value': '64.8'}, {'type': {'value': 56, 'displayName': 'Zone'}, 'value': 'Left'}, {'type': {'value': 178, 'displayName': 'StandingSave'}}, {'type': {'value': 213, 'displayName': 'Angle'}, 'value': '0.47'}, {'type': {'value': 212, 'displayName': 'Length'}, 'value': '22.0'}, {'type': {'value': 141, 'displayName': 'PassEndY'}, 'value': '90.2'}]","[91, 119, 117, 30, 36, 37, 216, 218]",True,334087.0,64.8,90.2,,,,,,,,,
2762463391.0,221,15,7.0,13,62.3,81.0,15,"{'value': 1, 'displayName': 'FirstHalf'}","{'value': 1, 'displayName': 'Pass'}","{'value': 1, 'displayName': 'Successful'}","[{'type': {'value': 141, 'displayName': 'PassEndY'}, 'value': '69.8'}, {'type': {'value': 56, 'displayName': 'Zone'}, 'value': 'Center'}, {'type': {'value': 140, 'displayName': 'PassEndX'}, 'value': '58.4'}, {'type': {'value': 178, 'displayName': 'StandingSave'}}, {'type': {'value': 213, 'displayName': 'Angle'}, 'value': '4.22'}, {'type': {'value': 212, 'displayName': 'Length'}, 'value': '8.6'}]","[91, 119, 117, 30, 35, 38, 216, 218]",True,113994.0,58.4,69.8,,,,,,,,,
2762463397.0,222,15,9.0,13,57.7,65.2,15,"{'value': 1, 'displayName': 'FirstHalf'}","{'value': 1, 'displayName': 'Pass'}","{'value': 1, 'displayName': 'Successful'}","[{'type': {'value': 141, 'displayName': 'PassEndY'}, 'value': '27.6'}, {'type': {'value': 213, 'displayName': 'Angle'}, 'value': '4.69'}, {'type': {'value': 212, 'displayName': 'Length'}, 'value': '25.6'}, {'type': {'value': 140, 'displayName': 'PassEndX'}, 'value': '57.1'}, {'type': {'value': 178, 'displayName': 'StandingSave'}}, {'type': {'value': 56, 'displayName': 'Zone'}, 'value': 'Center'}]","[91, 119, 117, 30, 35, 38, 216, 218]",True,467918.0,57.1,27.6,,,,,,,,,
2762463409.0,223,15,12.0,13,58.1,26.5,15,"{'value': 1, 'displayName': 'FirstHalf'}","{'value': 1, 'displayName': 'Pass'}","{'value': 1, 'displayName': 'Successful'}","[{'type': {'value': 56, 'displayName': 'Zone'}, 'value': 'Right'}, {'type': {'value': 178, 'displayName': 'StandingSave'}}, {'type': {'value': 140, 'displayName': 'PassEndX'}, 'value': '65.3'}, {'type': {'value': 141, 'displayName': 'PassEndY'}, 'value': '3.4'}, {'type': {'value': 213, 'displayName': 'Angle'}, 'value': '5.16'}, {'type': {'value': 212, 'displayName': 'Length'}, 'value': '17.4'}]","[91, 119, 117, 30, 36, 38, 216, 218]",True,388650.0,65.3,3.4,,,,,,,,,
2762463417.0,224,15,15.0,13,64.8,3.4,15,"{'value': 1, 'displayName': 'FirstHalf'}","{'value': 1, 'displayName': 'Pass'}","{'value': 1, 'displayName': 'Successful'}","[{'type': {'value': 56, 'displayName': 'Zone'}, 'value': 'Center'}, {'type': {'value': 178, 'displayName': 'StandingSave'}}, {'type': {'value': 140, 'displayName': 'PassEndX'}, 'value': '59.0'}, {'type': {'value': 213, 'displayName': 'Angle'}, 'value': '2.01'}, {'type': {'value': 212, 'displayName': 'Length'}, 'value': '14.3'}, {'type': {'value': 141, 'displayName': 'PassEndY'}, 'value': '22.5'}]","[91, 119, 117, 30, 35, 37, 216, 218]",True,380706.0,59.0,22.5,,,,,,,,,
2762463433.0,225,15,18.0,13,58.6,24.2,15,"{'value': 1, 'displayName': 'FirstHalf'}","{'value': 1, 'displayName': 'Pass'}","{'value': 1, 'displayName': 'Successful'}","[{'type': {'value': 213, 'displayName': 'Angle'}, 'value': '2.13'}, {'type': {'value': 141, 'displayName': 'PassEndY'}, 'value': '40.4'}, {'type': {'value': 140, 'displayName': 'PassEndX'}, 'value': '52.0'}, {'type': {'value': 56, 'displayName': 'Zone'}, 'value': 'Center'}, {'type': {'value': 178, 'displayName': 'StandingSave'}}, {'type': {'value': 212, 'displayName': 'Length'}, 'value': '13.0'}]","[91, 119, 117, 30, 35, 37, 216, 218]",True,388650.0,52.0,40.4,,,,,,,,,
2762463447.0,226,15,22.0,13,54.4,44.4,15,"{'value': 1, 'displayName': 'FirstHalf'}","{'value': 1, 'displayName': 'Pass'}","{'value': 1, 'displayName': 'Successful'}","[{'type': {'value': 212, 'displayName': 'Length'}, 'value': '24.7'}, {'type': {'value': 178, 'displayName': 'StandingSave'}}, {'type': {'value': 56, 'displayName': 'Zone'}, 'value': 'Right'}, {'type': {'value': 213, 'displayName': 'Angle'}, 'value': '5.33'}, {'type': {'value': 141, 'displayName': 'PassEndY'}, 'value': '14.7'}, {'type': {'value': 140, 'displayName': 'PassEndX'}, 'value': '68.0'}]","[91, 119, 117, 30, 205, 36, 38, 217, 218]",True,361822.0,68.0,14.7,,,,,,,,,
2762463453.0,227,15,27.0,13,76.7,15.3,15,"{'value': 1, 'displayName': 'FirstHalf'}","{'value': 1, 'displayName': 'Pass'}","{'value': 1, 'displayName': 'Successful'}","[{'type': {'value': 141, 'displayName': 'PassEndY'}, 'value': '4.3'}, {'type': {'value': 56, 'displayName': 'Zone'}, 'value': 'Right'}, {'type': {'value': 178, 'displayName': 'StandingSave'}}, {'type': {'value': 212, 'displayName': 'Length'}, 'value': '9.1'}, {'type': {'value': 140, 'displayName': 'PassEndX'}, 'value': '81.6'}, {'type': {'value': 213, 'displayName': 'Angle'}, 'value': '5.31'}]","[91, 119, 117, 30, 205, 36, 38, 217, 218]",True,247454.0,81.6,4.3,,,,,,,,,
2762463475.0,228,15,30.0,13,80.8,5.7,15,"{'value': 1, 'displayName': 'FirstHalf'}","{'value': 1, 'displayName': 'Pass'}","{'value': 1, 'displayName': 'Successful'}","[{'type': {'value': 178, 'displayName': 'StandingSave'}}, {'type': {'value': 213, 'displayName': 'Angle'}, 'value': '2.33'}, {'type': {'value': 140, 'displayName': 'PassEndX'}, 'value': '71.9'}, {'type': {'value': 212, 'displayName': 'Length'}, 'value': '13.6'}, {'type': {'value': 141, 'displayName': 'PassEndY'}, 'value': '20.2'}, {'type': {'value': 56, 'displayName': 'Zone'}, 'value': 'Right'}]","[91, 119, 117, 30, 205, 35, 37, 217, 218]",True,380706.0,71.9,20.2,,,,,,,,,
2762463481.0,229,15,35.0,13,71.2,19.7,15,"{'value': 1, 'displayName': 'FirstHalf'}","{'value': 1, 'displayName': 'Pass'}","{'value': 1, 'displayName': 'Successful'}","[{'type': {'value': 212, 'displayName': 'Length'}, 'value': '9.1'}, {'type': {'value': 178, 'displayName': 'StandingSave'}}, {'type': {'value': 56, 'displayName': 'Zone'}, 'value': 'Center'}, {'type': {'value': 213, 'displayName': 'Angle'}, 'value': '2.16'}, {'type': {'value': 141, 'displayName': 'PassEndY'}, 'value': '30.9'}, {'type': {'value': 140, 'displayName': 'PassEndX'}, 'value': '66.4'}]","[91, 119, 117, 30, 35, 37, 216, 218]",True,388650.0,66.4,30.9,,,,,,,,,
2762463491.0,230,15,38.0,13,66.3,31.5,15,"{'value': 1, 'displayName': 'FirstHalf'}","{'value': 1, 'displayName': 'Pass'}","{'value': 1, 'displayName': 'Successful'}","[{'type': {'value': 213, 'displayName': 'Angle'}, 'value': '1.73'}, {'type': {'value': 141, 'displayName': 'PassEndY'}, 'value': '56.2'}, {'type': {'value': 140, 'displayName': 'PassEndX'}, 'value': '63.7'}, {'type': {'value': 178, 'displayName': 'StandingSave'}}, {'type': {'value': 56, 'displayName': 'Zone'}, 'value': 'Center'}, {'type': {'value': 212, 'displayName': 'Length'}, 'value': '17.0'}]","[91, 119, 117, 30, 35, 37, 216, 218]",True,361822.0,63.7,56.2,,,,,,,,,
2762463497.0,231,15,40.0,13,63.9,56.7,15,"{'value': 1, 'displayName': 'FirstHalf'}","{'value': 1, 'displayName': 'Pass'}","{'value': 1, 'displayName': 'Successful'}","[{'type': {'value': 212, 'displayName': 'Length'}, 'value': '17.1'}, {'type': {'value': 213, 'displayName': 'Angle'}, 'value': '0.86'}, {'type': {'value': 178, 'displayName': 'StandingSave'}}, {'type': {'value': 140, 'displayName': 'PassEndX'}, 'value': '74.5'}, {'type': {'value': 141, 'displayName': 'PassEndY'}, 'value': '75.7'}, {'type': {'value': 56, 'displayName': 'Zone'}, 'value': 'Center'}]","[91, 119, 117, 30, 205, 36, 37, 217, 218]",True,334087.0,74.5,75.7,,,,,,,,,
2762463503.0,232,15,44.0,13,78.0,82.4,15,"{'value': 1, 'displayName': 'FirstHalf'}","{'value': 1, 'displayName': 'Pass'}","{'value': 1, 'displayName': 'Successful'}","[{'type': {'value': 56, 'displayName': 'Zone'}, 'value': 'Left'}, {'type': {'value': 212, 'displayName': 'Length'}, 'value': '7.5'}, {'type': {'value': 140, 'displayName': 'PassEndX'}, 'value': '76.7'}, {'type': {'value': 178, 'displayName': 'StandingSave'}}, {'type': {'value': 141, 'displayName': 'PassEndY'}, 'value': '93.3'}, {'type': {'value': 213, 'displayName': 'Angle'}, 'value': '1.75'}]","[91, 119, 117, 30, 205, 35, 37, 217, 218]",True,467918.0,76.7,93.3,,,,,,,,,
2762463505.0,233,15,46.0,13,74.1,91.3,15,"{'value': 1, 'displayName': 'FirstHalf'}","{'value': 1, 'displayName': 'Pass'}","{'value': 1, 'displayName': 'Successful'}","[{'type': {'value': 213, 'displayName': 'Angle'}, 'value': '4.11'}, {'type': {'value': 56, 'displayName': 'Zone'}, 'value': 'Center'}, {'type': {'value': 140, 'displayName': 'PassEndX'}, 'value': '67.6'}, {'type': {'value': 141, 'displayName': 'PassEndY'}, 'value': '76.6'}, {'type': {'value': 212, 'displayName': 'Length'}, 'value': '12.1'}, {'type': {'value': 178, 'displayName': 'StandingSave'}}]","[91, 119, 117, 30, 205, 35, 38, 217, 218]",True,113994.0,67.6,76.6,,,,,,,,,
2762463515.0,234,15,48.0,13,67.6,75.3,15,"{'value': 1, 'displayName': 'FirstHalf'}","{'value': 1, 'displayName': 'Pass'}","{'value': 1, 'displayName': 'Successful'}","[{'type': {'value': 141, 'displayName': 'PassEndY'}, 'value': '47.6'}, {'type': {'value': 56, 'displayName': 'Zone'}, 'value': 'Center'}, {'type': {'value': 178, 'displayName': 'StandingSave'}}, {'type': {'value': 140, 'displayName': 'PassEndX'}, 'value': '66.3'}, {'type': {'value': 213, 'displayName': 'Angle'}, 'value': '4.64'}, {'type': {'value': 212, 'displayName': 'Length'}, 'value': '18.9'}]","[91, 119, 117, 30, 35, 38, 216, 218]",True,334087.0,66.3,47.6,,,,,,,,,
2762463519.0,235,15,51.0,13,67.7,43.6,15,"{'value': 1, 'displayName': 'FirstHalf'}","{'value': 1, 'displayName': 'Pass'}","{'value': 1, 'displayName': 'Successful'}","[{'type': {'value': 141, 'displayName': 'PassEndY'}, 'value': '28.9'}, {'type': {'value': 213, 'displayName': 'Angle'}, 'value': '4.70'}, {'type': {'value': 56, 'displayName': 'Zone'}, 'value': 'Center'}, {'type': {'value': 212, 'displayName': 'Length'}, 'value': '10.0'}, {'type': {'value': 140, 'displayName': 'PassEndX'}, 'value': '67.6'}, {'type': {'value': 178, 'displayName': 'StandingSave'}}]","[91, 119, 117, 30, 205, 35, 38, 217, 218]",True,361822.0,67.6,28.9,,,,,,,,,
2762463533.0,236,15,53.0,13,69.2,25.9,15,"{'value': 1, 'displayName': 'FirstHalf'}","{'value': 1, 'displayName': 'Pass'}","{'value': 1, 'displayName': 'Successful'}","[{'type': {'value': 178, 'displayName': 'StandingSave'}}, {'type': {'value': 212, 'displayName': 'Length'}, 'value': '15.4'}, {'type': {'value': 213, 'displayName': 'Angle'}, 'value': '5.24'}, {'type': {'value': 141, 'displayName': 'PassEndY'}, 'value': '6.3'}, {'type': {'value': 140, 'displayName': 'PassEndX'}, 'value': '76.6'}, {'type': {'value': 56, 'displayName': 'Zone'}, 'value': 'Right'}]","[91, 119, 117, 30, 205, 36, 38, 217, 218]",True,388650.0,76.6,6.3,,,,,,,,,
2762463539.0,237,15,56.0,13,80.6,7.0,15,"{'value': 1, 'displayName': 'FirstHalf'}","{'value': 1, 'displayName': 'Pass'}","{'value': 1, 'displayName': 'Successful'}","[{'type': {'value': 140, 'displayName': 'PassEndX'}, 'value': '74.2'}, {'type': {'value': 178, 'displayName': 'StandingSave'}}, {'type': {'value': 141, 'displayName': 'PassEndY'}, 'value': '19.0'}, {'type': {'value': 213, 'displayName': 'Angle'}, 'value': '2.26'}, {'type': {'value': 56, 'displayName': 'Zone'}, 'value': 'Right'}, {'type': {'value': 212, 'displayName': 'Length'}, 'value': '10.6'}]","[91, 119, 117, 30, 205, 35, 37, 217, 218]",True,247454.0,74.2,19.0,,,,,,,,,
2762463545.0,238,15,59.0,13,74.1,15.6,15,"{'value': 1, 'displayName': 'FirstHalf'}","{'value': 1, 'displayName': 'Pass'}","{'value': 1, 'displayName': 'Successful'}","[{'type': {'value': 56, 'displayName': 'Zone'}, 'value': 'Right'}, {'type': {'value': 212, 'displayName': 'Length'}, 'value': '15.1'}, {'type': {'value': 141, 'displayName': 'PassEndY'}, 'value': '4.3'}, {'type': {'value': 140, 'displayName': 'PassEndX'}, 'value': '86.5'}, {'type': {'value': 178, 'displayName': 'StandingSave'}}, {'type': {'value': 213, 'displayName': 'Angle'}, 'value': '5.75'}]","[91, 119, 117, 30, 205, 36, 38, 217, 218]",True,388650.0,86.5,4.3,,,,,,,,,
2762463553.0,239,16,4.0,13,87.2,7.0,16,"{'value': 1, 'displayName': 'FirstHalf'}","{'value': 3, 'displayName': 'TakeOn'}","{'value': 0, 'displayName': 'Unsuccessful'}","[{'type': {'value': 178, 'displayName': 'StandingSave'}}, {'type': {'value': 233, 'displayName': 'OppositeRelatedEvent'}, 'value': '80'}, {'type': {'value': 286, 'displayName': 'Offensive'}}, {'type': {'value': 56, 'displayName': 'Zone'}, 'value': 'Right'}]","[91, 53]",True,380706.0,,,,,,,,,,,
2762463547.0,80,16,4.0,165,12.8,93.0,16,"{'value': 1, 'displayName': 'FirstHalf'}","{'value': 7, 'displayName': 'Tackle'}","{'value': 0, 'displayName': 'Unsuccessful'}","[{'type': {'value': 56, 'displayName': 'Zone'}, 'value': 'Back'}, {'type': {'value': 233, 'displayName': 'OppositeRelatedEvent'}, 'value': '239'}, {'type': {'value': 285, 'displayName': 'Defensive'}}, {'type': {'value': 178, 'displayName': 'StandingSave'}}]","[91, 142]",True,366211.0,,,,,,,,,,,
2762463559.0,240,16,4.0,13,88.8,7.8,16,"{'value': 1, 'displayName': 'FirstHalf'}","{'value': 3, 'displayName': 'TakeOn'}","{'value': 0, 'displayName': 'Unsuccessful'}","[{'type': {'value': 286, 'displayName': 'Offensive'}}, {'type': {'value': 233, 'displayName': 'OppositeRelatedEvent'}, 'value': '1175'}, {'type': {'value': 56, 'displayName': 'Zone'}, 'value': 'Right'}]","[91, 53]",True,380706.0,,,,,,,,,,,
2762597175.0,1175,16,4.0,165,11.2,92.2,16,"{'value': 1, 'displayName': 'FirstHalf'}","{'value': 7, 'displayName': 'Tackle'}","{'value': 1, 'displayName': 'Successful'}","[{'type': {'value': 285, 'displayName': 'Defensive'}}, {'type': {'value': 56, 'displayName': 'Zone'}, 'value': 'Back'}, {'type': {'value': 178, 'displayName': 'StandingSave'}}, {'type': {'value': 233, 'displayName': 'OppositeRelatedEvent'}, 'value': '240'}]","[91, 143]",True,366211.0,,,,,,,,,,,
2762477659.0,663,16,5.0,165,8.8,85.9,16,"{'value': 1, 'displayName': 'FirstHalf'}","{'value': 49, 'displayName': 'BallRecovery'}","{'value': 1, 'displayName': 'Successful'}",[],[93],False,366211.0,,,,,,,,,,,
2762477665.0,664,16,6.0,165,8.8,85.9,16,"{'value': 1, 'displayName': 'FirstHalf'}","{'value': 3, 'displayName': 'TakeOn'}","{'value': 0, 'displayName': 'Unsuccessful'}","[{'type': {'value': 178, 'displayName': 'StandingSave'}}, {'type': {'value': 285, 'displayName': 'Defensive'}}, {'type': {'value': 56, 'displayName': 'Zone'}, 'value': 'Back'}]","[91, 53]",True,366211.0,,,,,,,,,,,
2762463565.0,81,16,7.0,165,12.1,94.1,16,"{'value': 1, 'displayName': 'FirstHalf'}","{'value': 4, 'displayName': 'Foul'}","{'value': 1, 'displayName': 'Successful'}","[{'type': {'value': 285, 'displayName': 'Defensive'}}, {'type': {'value': 56, 'displayName': 'Zone'}, 'value': 'Back'}, {'type': {'value': 233, 'displayName': 'OppositeRelatedEvent'}, 'value': '241'}, {'type': {'value': 13, 'displayName': 'Foul'}}]","[91, 63]",True,366211.0,,,,,,,,,,,
2762463567.0,241,16,7.0,13,87.9,5.9,16,"{'value': 1, 'displayName': 'FirstHalf'}","{'value': 4, 'displayName': 'Foul'}","{'value': 0, 'displayName': 'Unsuccessful'}","[{'type': {'value': 178, 'displayName': 'StandingSave'}}, {'type': {'value': 56, 'displayName': 'Zone'}, 'value': 'Right'}, {'type': {'value': 13, 'displayName': 'Foul'}}, {'type': {'value': 286, 'displayName': 'Offensive'}}, {'type': {'value': 233, 'displayName': 'OppositeRelatedEvent'}, 'value': '81'}]",[64],False,380706.0,,,,,,,,,,,
2762463653.0,82,16,45.0,165,15.2,91.5,16,"{'value': 1, 'displayName': 'FirstHalf'}","{'value': 1, 'displayName': 'Pass'}","{'value': 0, 'displayName': 'Unsuccessful'}","[{'type': {'value': 56, 'displayName': 'Zone'}, 'value': 'Left'}, {'type': {'value': 212, 'displayName': 'Length'}, 'value': '47.1'}, {'type': {'value': 141, 'displayName': 'PassEndY'}, 'value': '89.7'}, {'type': {'value': 140, 'displayName': 'PassEndX'}, 'value': '60.0'}, {'type': {'value': 1, 'displayName': 'Longball'}}, {'type': {'value': 178, 'displayName': 'StandingSave'}}, {'type': {'value': 5, 'displayName': 'FreekickTaken'}}, {'type': {'value': 213, 'displayName': 'Angle'}, 'value': '6.26'}]","[91, 120, 128, 133, 36, 38, 216, 218]",True,362426.0,60.0,89.7,,,,,,,,,
2762463655.0,242,16,48.0,13,35.7,11.2,16,"{'value': 1, 'displayName': 'FirstHalf'}","{'value': 1, 'displayName': 'Pass'}","{'value': 1, 'displayName': 'Successful'}","[{'type': {'value': 141, 'displayName': 'PassEndY'}, 'value': '12.6'}, {'type': {'value': 56, 'displayName': 'Zone'}, 'value': 'Back'}, {'type': {'value': 3, 'displayName': 'HeadPass'}}, {'type': {'value': 212, 'displayName': 'Length'}, 'value': '8.8'}, {'type': {'value': 140, 'displayName': 'PassEndX'}, 'value': '44.0'}, {'type': {'value': 213, 'displayName': 'Angle'}, 'value': '0.11'}]","[91, 117, 30, 139, 36, 37, 216, 218]",True,388650.0,44.0,12.6,,,,,,,,,
2762463659.0,243,16,50.0,13,44.0,12.6,16,"{'value': 1, 'displayName': 'FirstHalf'}","{'value': 1, 'displayName': 'Pass'}","{'value': 1, 'displayName': 'Successful'}","[{'type': {'value': 156, 'displayName': 'LayOff'}}, {'type': {'value': 140, 'displayName': 'PassEndX'}, 'value': '43.5'}, {'type': {'value': 213, 'displayName': 'Angle'}, 'value': '4.58'}, {'type': {'value': 178, 'displayName': 'StandingSave'}}, {'type': {'value': 212, 'displayName': 'Length'}, 'value': '4.1'}, {'type': {'value': 141, 'displayName': 'PassEndY'}, 'value': '6.6'}, {'type': {'value': 56, 'displayName': 'Zone'}, 'value': 'Back'}]","[91, 117, 30, 35, 38, 216, 218]",True,279379.0,43.5,6.6,,,,,,,,,
2762463661.0,244,16,51.0,13,43.4,6.4,16,"{'value': 1, 'displayName': 'FirstHalf'}","{'value': 49, 'displayName': 'BallRecovery'}","{'value': 1, 'displayName': 'Successful'}",[],[93],False,380706.0,,,,,,,,,,,
2762477815.0,1010,16,52.0,13,43.2,11.8,16,"{'value': 1, 'displayName': 'FirstHalf'}","{'value': 3, 'displayName': 'TakeOn'}","{'value': 0, 'displayName': 'Unsuccessful'}","[{'type': {'value': 56, 'displayName': 'Zone'}, 'value': 'Back'}, {'type': {'value': 178, 'displayName': 'StandingSave'}}, {'type': {'value': 286, 'displayName': 'Offensive'}}]","[91, 53]",True,380706.0,,,,,,,,,,,
2762463665.0,245,16,52.0,13,44.1,7.8,16,"{'value': 1, 'displayName': 'FirstHalf'}","{'value': 4, 'displayName': 'Foul'}","{'value': 1, 'displayName': 'Successful'}","[{'type': {'value': 13, 'displayName': 'Foul'}}, {'type': {'value': 286, 'displayName': 'Offensive'}}, {'type': {'value': 56, 'displayName': 'Zone'}, 'value': 'Back'}, {'type': {'value': 233, 'displayName': 'OppositeRelatedEvent'}, 'value': '83'}]","[91, 63]",True,380706.0,,,,,,,,,,,
2762463671.0,83,16,52.0,165,55.9,92.2,16,"{'value': 1, 'displayName': 'FirstHalf'}","{'value': 4, 'displayName': 'Foul'}","{'value': 0, 'displayName': 'Unsuccessful'}","[{'type': {'value': 178, 'displayName': 'StandingSave'}}, {'type': {'value': 285, 'displayName': 'Defensive'}}, {'type': {'value': 56, 'displayName': 'Zone'}, 'value': 'Left'}, {'type': {'value': 13, 'displayName': 'Foul'}}, {'type': {'value': 233, 'displayName': 'OppositeRelatedEvent'}, 'value': '245'}]",[64],False,381161.0,,,,,,,,,,,
2762463699.0,246,17,2.0,13,41.5,16.8,17,"{'value': 1, 'displayName': 'FirstHalf'}","{'value': 1, 'displayName': 'Pass'}","{'value': 1, 'displayName': 'Successful'}","[{'type': {'value': 56, 'displayName': 'Zone'}, 'value': 'Back'}, {'type': {'value': 140, 'displayName': 'PassEndX'}, 'value': '37.5'}, {'type': {'value': 212, 'displayName': 'Length'}, 'value': '25.5'}, {'type': {'value': 178, 'displayName': 'StandingSave'}}, {'type': {'value': 213, 'displayName': 'Angle'}, 'value': '1.74'}, {'type': {'value': 5, 'displayName': 'FreekickTaken'}}, {'type': {'value': 141, 'displayName': 'PassEndY'}, 'value': '53.8'}]","[91, 117, 30, 132, 35, 37, 216, 218]",True,361822.0,37.5,53.8,,,,,,,,,
2762463705.0,247,17,6.0,13,37.5,53.8,17,"{'value': 1, 'displayName': 'FirstHalf'}","{'value': 1, 'displayName': 'Pass'}","{'value': 1, 'displayName': 'Successful'}","[{'type': {'value': 178, 'displayName': 'StandingSave'}}, {'type': {'value': 212, 'displayName': 'Length'}, 'value': '6.0'}, {'type': {'value': 213, 'displayName': 'Angle'}, 'value': '4.96'}, {'type': {'value': 141, 'displayName': 'PassEndY'}, 'value': '45.3'}, {'type': {'value': 140, 'displayName': 'PassEndX'}, 'value': '38.9'}, {'type': {'value': 56, 'displayName': 'Zone'}, 'value': 'Back'}]","[91, 117, 30, 36, 38, 216, 218]",True,334087.0,38.9,45.3,,,,,,,,,
2762463715.0,248,17,8.0,13,39.5,44.3,17,"{'value': 1, 'displayName': 'FirstHalf'}","{'value': 1, 'displayName': 'Pass'}","{'value': 1, 'displayName': 'Successful'}","[{'type': {'value': 213, 'displayName': 'Angle'}, 'value': '5.06'}, {'type': {'value': 56, 'displayName': 'Zone'}, 'value': 'Back'}, {'type': {'value': 212, 'displayName': 'Length'}, 'value': '12.9'}, {'type': {'value': 141, 'displayName': 'PassEndY'}, 'value': '26.5'}, {'type': {'value': 178, 'displayName': 'StandingSave'}}, {'type': {'value': 140, 'displayName': 'PassEndX'}, 'value': '43.7'}]","[91, 117, 30, 36, 38, 216, 218]",True,332325.0,43.7,26.5,,,,,,,,,
2762463719.0,249,17,15.0,13,54.5,20.8,17,"{'value': 1, 'displayName': 'FirstHalf'}","{'value': 1, 'displayName': 'Pass'}","{'value': 1, 'displayName': 'Successful'}","[{'type': {'value': 56, 'displayName': 'Zone'}, 'value': 'Back'}, {'type': {'value': 140, 'displayName': 'PassEndX'}, 'value': '45.4'}, {'type': {'value': 141, 'displayName': 'PassEndY'}, 'value': '36.1'}, {'type': {'value': 212, 'displayName': 'Length'}, 'value': '14.1'}, {'type': {'value': 213, 'displayName': 'Angle'}, 'value': '2.31'}, {'type': {'value': 178, 'displayName': 'StandingSave'}}]","[91, 117, 30, 35, 37, 216, 218]",True,388650.0,45.4,36.1,,,,,,,,,
2762463733.0,250,17,17.0,13,45.4,36.1,17,"{'value': 1, 'displayName': 'FirstHalf'}","{'value': 1, 'displayName': 'Pass'}","{'value': 1, 'displayName': 'Successful'}","[{'type': {'value': 140, 'displayName': 'PassEndX'}, 'value': '45.9'}, {'type': {'value': 56, 'displayName': 'Zone'}, 'value': 'Back'}, {'type': {'value': 178, 'displayName': 'StandingSave'}}, {'type': {'value': 212, 'displayName': 'Length'}, 'value': '20.7'}, {'type': {'value': 141, 'displayName': 'PassEndY'}, 'value': '66.6'}, {'type': {'value': 213, 'displayName': 'Angle'}, 'value': '1.55'}]","[91, 117, 30, 36, 37, 216, 218]",True,361822.0,45.9,66.6,,,,,,,,,
2762463743.0,251,17,21.0,13,52.6,67.5,17,"{'value': 1, 'displayName': 'FirstHalf'}","{'value': 1, 'displayName': 'Pass'}","{'value': 1, 'displayName': 'Successful'}","[{'type': {'value': 212, 'displayName': 'Length'}, 'value': '9.0'}, {'type': {'value': 56, 'displayName': 'Zone'}, 'value': 'Center'}, {'type': {'value': 213, 'displayName': 'Angle'}, 'value': '6.18'}, {'type': {'value': 140, 'displayName': 'PassEndX'}, 'value': '61.1'}, {'type': {'value': 141, 'displayName': 'PassEndY'}, 'value': '66.2'}, {'type': {'value': 178, 'displayName': 'StandingSave'}}]","[91, 119, 117, 30, 36, 38, 216, 218]",True,334087.0,61.1,66.2,,,,,,,,,
2762463749.0,252,17,24.0,13,65.0,79.6,17,"{'value': 1, 'displayName': 'FirstHalf'}","{'value': 1, 'displayName': 'Pass'}","{'value': 1, 'displayName': 'Successful'}","[{'type': {'value': 212, 'displayName': 'Length'}, 'value': '10.9'}, {'type': {'value': 213, 'displayName': 'Angle'}, 'value': '2.46'}, {'type': {'value': 178, 'displayName': 'StandingSave'}}, {'type': {'value': 56, 'displayName': 'Zone'}, 'value': 'Left'}, {'type': {'value': 141, 'displayName': 'PassEndY'}, 'value': '89.7'}, {'type': {'value': 140, 'displayName': 'PassEndX'}, 'value': '56.9'}]","[91, 119, 117, 30, 35, 37, 216, 218]",True,332325.0,56.9,89.7,,,,,,,,,
2762463753.0,253,17,26.0,13,55.8,89.7,17,"{'value': 1, 'displayName': 'FirstHalf'}","{'value': 1, 'displayName': 'Pass'}","{'value': 1, 'displayName': 'Successful'}","[{'type': {'value': 141, 'displayName': 'PassEndY'}, 'value': '74.7'}, {'type': {'value': 56, 'displayName': 'Zone'}, 'value': 'Back'}, {'type': {'value': 212, 'displayName': 'Length'}, 'value': '13.0'}, {'type': {'value': 178, 'displayName': 'StandingSave'}}, {'type': {'value': 213, 'displayName': 'Angle'}, 'value': '4.05'}, {'type': {'value': 140, 'displayName': 'PassEndX'}, 'value': '48.2'}]","[91, 117, 30, 35, 38, 216, 218]",True,467918.0,48.2,74.7,,,,,,,,,
2762463765.0,254,17,28.0,13,48.3,71.2,17,"{'value': 1, 'displayName': 'FirstHalf'}","{'value': 1, 'displayName': 'Pass'}","{'value': 1, 'displayName': 'Successful'}","[{'type': {'value': 141, 'displayName': 'PassEndY'}, 'value': '53.3'}, {'type': {'value': 212, 'displayName': 'Length'}, 'value': '12.3'}, {'type': {'value': 213, 'displayName': 'Angle'}, 'value': '4.55'}, {'type': {'value': 56, 'displayName': 'Zone'}, 'value': 'Back'}, {'type': {'value': 178, 'displayName': 'StandingSave'}}, {'type': {'value': 140, 'displayName': 'PassEndX'}, 'value': '46.4'}]","[91, 117, 30, 35, 38, 216, 218]",True,334087.0,46.4,53.3,,,,,,,,,
2762463773.0,255,17,34.0,13,51.8,43.8,17,"{'value': 1, 'displayName': 'FirstHalf'}","{'value': 1, 'displayName': 'Pass'}","{'value': 1, 'displayName': 'Successful'}","[{'type': {'value': 213, 'displayName': 'Angle'}, 'value': '1.30'}, {'type': {'value': 178, 'displayName': 'StandingSave'}}, {'type': {'value': 141, 'displayName': 'PassEndY'}, 'value': '81.0'}, {'type': {'value': 140, 'displayName': 'PassEndX'}, 'value': '58.6'}, {'type': {'value': 212, 'displayName': 'Length'}, 'value': '26.3'}, {'type': {'value': 56, 'displayName': 'Zone'}, 'value': 'Left'}]","[91, 119, 117, 30, 36, 37, 216, 218]",True,361822.0,58.6,81.0,,,,,,,,,
2762463785.0,256,17,40.0,13,62.2,85.9,17,"{'value': 1, 'displayName': 'FirstHalf'}","{'value': 1, 'displayName': 'Pass'}","{'value': 1, 'displayName': 'Successful'}","[{'type': {'value': 213, 'displayName': 'Angle'}, 'value': '4.34'}, {'type': {'value': 140, 'displayName': 'PassEndX'}, 'value': '58.8'}, {'type': {'value': 141, 'displayName': 'PassEndY'}, 'value': '72.6'}, {'type': {'value': 212, 'displayName': 'Length'}, 'value': '9.7'}, {'type': {'value': 56, 'displayName': 'Zone'}, 'value': 'Center'}, {'type': {'value': 178, 'displayName': 'StandingSave'}}]","[91, 119, 117, 30, 35, 38, 216, 218]",True,467918.0,58.8,72.6,,,,,,,,,
2762463793.0,257,17,42.0,13,58.0,68.2,17,"{'value': 1, 'displayName': 'FirstHalf'}","{'value': 1, 'displayName': 'Pass'}","{'value': 1, 'displayName': 'Successful'}","[{'type': {'value': 141, 'displayName': 'PassEndY'}, 'value': '49.6'}, {'type': {'value': 56, 'displayName': 'Zone'}, 'value': 'Center'}, {'type': {'value': 178, 'displayName': 'StandingSave'}}, {'type': {'value': 213, 'displayName': 'Angle'}, 'value': '4.39'}, {'type': {'value': 212, 'displayName': 'Length'}, 'value': '13.3'}, {'type': {'value': 140, 'displayName': 'PassEndX'}, 'value': '54.0'}]","[91, 119, 117, 30, 35, 38, 216, 218]",True,332325.0,54.0,49.6,,,,,,,,,
2762463801.0,258,17,44.0,13,54.0,45.2,17,"{'value': 1, 'displayName': 'FirstHalf'}","{'value': 1, 'displayName': 'Pass'}","{'value': 1, 'displayName': 'Successful'}","[{'type': {'value': 213, 'displayName': 'Angle'}, 'value': '4.81'}, {'type': {'value': 178, 'displayName': 'StandingSave'}}, {'type': {'value': 140, 'displayName': 'PassEndX'}, 'value': '54.8'}, {'type': {'value': 141, 'displayName': 'PassEndY'}, 'value': '32.5'}, {'type': {'value': 212, 'displayName': 'Length'}, 'value': '8.7'}, {'type': {'value': 56, 'displayName': 'Zone'}, 'value': 'Center'}]","[91, 119, 117, 30, 36, 38, 216, 218]",True,361822.0,54.8,32.5,,,,,,,,,
2762463813.0,259,17,49.0,13,52.4,42.1,17,"{'value': 1, 'displayName': 'FirstHalf'}","{'value': 1, 'displayName': 'Pass'}","{'value': 1, 'displayName': 'Successful'}","[{'type': {'value': 56, 'displayName': 'Zone'}, 'value': 'Back'}, {'type': {'value': 178, 'displayName': 'StandingSave'}}, {'type': {'value': 213, 'displayName': 'Angle'}, 'value': '2.35'}, {'type': {'value': 212, 'displayName': 'Length'}, 'value': '7.8'}, {'type': {'value': 141, 'displayName': 'PassEndY'}, 'value': '50.2'}, {'type': {'value': 140, 'displayName': 'PassEndX'}, 'value': '47.2'}]","[91, 117, 30, 35, 37, 216, 218]",True,388650.0,47.2,50.2,,,,,,,,,
2762463821.0,260,17,53.0,13,48.0,52.2,17,"{'value': 1, 'displayName': 'FirstHalf'}","{'value': 1, 'displayName': 'Pass'}","{'value': 1, 'displayName': 'Successful'}","[{'type': {'value': 213, 'displayName': 'Angle'}, 'value': '1.65'}, {'type': {'value': 56, 'displayName': 'Zone'}, 'value': 'Back'}, {'type': {'value': 178, 'displayName': 'StandingSave'}}, {'type': {'value': 140, 'displayName': 'PassEndX'}, 'value': '46.8'}, {'type': {'value': 212, 'displayName': 'Length'}, 'value': '16.2'}, {'type': {'value': 141, 'displayName': 'PassEndY'}, 'value': '76.0'}]","[91, 117, 30, 35, 37, 216, 218]",True,361822.0,46.8,76.0,,,,,,,,,
2762463829.0,261,17,55.0,13,46.8,76.0,17,"{'value': 1, 'displayName': 'FirstHalf'}","{'value': 1, 'displayName': 'Pass'}","{'value': 1, 'displayName': 'Successful'}","[{'type': {'value': 141, 'displayName': 'PassEndY'}, 'value': '89.7'}, {'type': {'value': 212, 'displayName': 'Length'}, 'value': '19.4'}, {'type': {'value': 178, 'displayName': 'StandingSave'}}, {'type': {'value': 56, 'displayName': 'Zone'}, 'value': 'Left'}, {'type': {'value': 140, 'displayName': 'PassEndX'}, 'value': '63.0'}, {'type': {'value': 213, 'displayName': 'Angle'}, 'value': '0.50'}]","[91, 119, 117, 30, 36, 37, 216, 218]",True,334087.0,63.0,89.7,,,,,,,,,
2762463831.0,262,17,59.0,13,68.1,89.4,17,"{'value': 1, 'displayName': 'FirstHalf'}","{'value': 1, 'displayName': 'Pass'}","{'value': 1, 'displayName': 'Successful'}","[{'type': {'value': 212, 'displayName': 'Length'}, 'value': '11.1'}, {'type': {'value': 141, 'displayName': 'PassEndY'}, 'value': '82.4'}, {'type': {'value': 140, 'displayName': 'PassEndX'}, 'value': '58.5'}, {'type': {'value': 56, 'displayName': 'Zone'}, 'value': 'Left'}, {'type': {'value': 178, 'displayName': 'StandingSave'}}, {'type': {'value': 213, 'displayName': 'Angle'}, 'value': '3.58'}]","[91, 119, 117, 30, 35, 38, 216, 218]",True,467918.0,58.5,82.4,,,,,,,,,
2762463839.0,263,18,3.0,13,61.8,75.3,18,"{'value': 1, 'displayName': 'FirstHalf'}","{'value': 1, 'displayName': 'Pass'}","{'value': 1, 'displayName': 'Successful'}","[{'type': {'value': 140, 'displayName': 'PassEndX'}, 'value': '57.0'}, {'type': {'value': 141, 'displayName': 'PassEndY'}, 'value': '58.5'}, {'type': {'value': 178, 'displayName': 'StandingSave'}}, {'type': {'value': 212, 'displayName': 'Length'}, 'value': '12.5'}, {'type': {'value': 56, 'displayName': 'Zone'}, 'value': 'Center'}, {'type': {'value': 213, 'displayName': 'Angle'}, 'value': '4.30'}]","[91, 119, 117, 30, 35, 38, 216, 218]",True,334087.0,57.0,58.5,,,,,,,,,
2762463843.0,264,18,6.0,13,55.2,52.2,18,"{'value': 1, 'displayName': 'FirstHalf'}","{'value': 1, 'displayName': 'Pass'}","{'value': 1, 'displayName': 'Successful'}","[{'type': {'value': 212, 'displayName': 'Length'}, 'value': '25.3'}, {'type': {'value': 141, 'displayName': 'PassEndY'}, 'value': '17.1'}, {'type': {'value': 213, 'displayName': 'Angle'}, 'value': '5.05'}, {'type': {'value': 56, 'displayName': 'Zone'}, 'value': 'Right'}, {'type': {'value': 178, 'displayName': 'StandingSave'}}, {'type': {'value': 140, 'displayName': 'PassEndX'}, 'value': '63.1'}]","[91, 119, 117, 30, 36, 38, 216, 218]",True,361822.0,63.1,17.1,,,,,,,,,
2762463847.0,265,18,10.0,13,63.1,7.0,18,"{'value': 1, 'displayName': 'FirstHalf'}","{'value': 1, 'displayName': 'Pass'}","{'value': 1, 'displayName': 'Successful'}","[{'type': {'value': 212, 'displayName': 'Length'}, 'value': '8.8'}, {'type': {'value': 141, 'displayName': 'PassEndY'}, 'value': '19.9'}, {'type': {'value': 213, 'displayName': 'Angle'}, 'value': '1.69'}, {'type': {'value': 140, 'displayName': 'PassEndX'}, 'value': '62.1'}, {'type': {'value': 178, 'displayName': 'StandingSave'}}, {'type': {'value': 56, 'displayName': 'Zone'}, 'value': 'Right'}]","[91, 119, 117, 30, 35, 37, 216, 218]",True,380706.0,62.1,19.9,,,,,,,,,
2762463851.0,266,18,11.0,13,62.1,19.7,18,"{'value': 1, 'displayName': 'FirstHalf'}","{'value': 1, 'displayName': 'Pass'}","{'value': 1, 'displayName': 'Successful'}","[{'type': {'value': 212, 'displayName': 'Length'}, 'value': '11.0'}, {'type': {'value': 56, 'displayName': 'Zone'}, 'value': 'Right'}, {'type': {'value': 178, 'displayName': 'StandingSave'}}, {'type': {'value': 140, 'displayName': 'PassEndX'}, 'value': '71.4'}, {'type': {'value': 141, 'displayName': 'PassEndY'}, 'value': '12.2'}, {'type': {'value': 213, 'displayName': 'Angle'}, 'value': '5.80'}]","[91, 119, 117, 30, 205, 36, 38, 217, 218]",True,388650.0,71.4,12.2,,,,,,,,,
2762463855.0,267,18,14.0,13,79.4,15.6,18,"{'value': 1, 'displayName': 'FirstHalf'}","{'value': 1, 'displayName': 'Pass'}","{'value': 1, 'displayName': 'Successful'}","[{'type': {'value': 141, 'displayName': 'PassEndY'}, 'value': '32.3'}, {'type': {'value': 140, 'displayName': 'PassEndX'}, 'value': '83.3'}, {'type': {'value': 212, 'displayName': 'Length'}, 'value': '12.1'}, {'type': {'value': 56, 'displayName': 'Zone'}, 'value': 'Center'}, {'type': {'value': 213, 'displayName': 'Angle'}, 'value': '1.22'}, {'type': {'value': 178, 'displayName': 'StandingSave'}}]","[91, 119, 117, 30, 205, 36, 37, 217, 218]",True,326413.0,83.3,32.3,,,,,,,,,
2762463857.0,268,18,15.0,13,83.3,32.3,18,"{'value': 1, 'displayName': 'FirstHalf'}","{'value': 61, 'displayName': 'BallTouch'}","{'value': 0, 'displayName': 'Unsuccessful'}","[{'type': {'value': 56, 'displayName': 'Zone'}, 'value': 'Center'}, {'type': {'value': 178, 'displayName': 'StandingSave'}}]","[91, 69]",True,247454.0,,,,,,,,,,,
2762463899.0,84,18,16.0,165,14.2,72.6,18,"{'value': 1, 'displayName': 'FirstHalf'}","{'value': 12, 'displayName': 'Clearance'}","{'value': 1, 'displayName': 'Successful'}","[{'type': {'value': 56, 'displayName': 'Zone'}, 'value': 'Back'}, {'type': {'value': 141, 'displayName': 'PassEndY'}, 'value': '59.4'}, {'type': {'value': 212, 'displayName': 'Length'}, 'value': '15.9'}, {'type': {'value': 178, 'displayName': 'StandingSave'}}, {'type': {'value': 213, 'displayName': 'Angle'}, 'value': '5.68'}, {'type': {'value': 140, 'displayName': 'PassEndX'}, 'value': '26.7'}]","[91, 94, 95, 215]",True,404108.0,26.7,59.4,,,,,,,,,
2762463873.0,269,18,18.0,13,76.1,37.2,18,"{'value': 1, 'displayName': 'FirstHalf'}","{'value': 1, 'displayName': 'Pass'}","{'value': 1, 'displayName': 'Successful'}","[{'type': {'value': 140, 'displayName': 'PassEndX'}, 'value': '67.5'}, {'type': {'value': 213, 'displayName': 'Angle'}, 'value': '1.84'}, {'type': {'value': 212, 'displayName': 'Length'}, 'value': '34.5'}, {'type': {'value': 56, 'displayName': 'Zone'}, 'value': 'Left'}, {'type': {'value': 1, 'displayName': 'Longball'}}, {'type': {'value': 141, 'displayName': 'PassEndY'}, 'value': '86.1'}, {'type': {'value': 178, 'displayName': 'StandingSave'}}]","[91, 119, 117, 127, 205, 35, 37, 217, 218]",True,332325.0,67.5,86.1,,,,,,,,,
2762463879.0,270,18,24.0,13,65.8,83.3,18,"{'value': 1, 'displayName': 'FirstHalf'}","{'value': 1, 'displayName': 'Pass'}","{'value': 1, 'displayName': 'Successful'}","[{'type': {'value': 141, 'displayName': 'PassEndY'}, 'value': '68.8'}, {'type': {'value': 212, 'displayName': 'Length'}, 'value': '10.2'}, {'type': {'value': 56, 'displayName': 'Zone'}, 'value': 'Center'}, {'type': {'value': 213, 'displayName': 'Angle'}, 'value': '4.46'}, {'type': {'value': 178, 'displayName': 'StandingSave'}}, {'type': {'value': 140, 'displayName': 'PassEndX'}, 'value': '63.4'}]","[91, 119, 117, 30, 35, 38, 216, 218]",True,467918.0,63.4,68.8,,,,,,,,,
2762463885.0,271,18,30.0,13,63.4,65.7,18,"{'value': 1, 'displayName': 'FirstHalf'}","{'value': 1, 'displayName': 'Pass'}","{'value': 1, 'displayName': 'Successful'}","[{'type': {'value': 141, 'displayName': 'PassEndY'}, 'value': '48.4'}, {'type': {'value': 178, 'displayName': 'StandingSave'}}, {'type': {'value': 212, 'displayName': 'Length'}, 'value': '14.4'}, {'type': {'value': 56, 'displayName': 'Zone'}, 'value': 'Center'}, {'type': {'value': 213, 'displayName': 'Angle'}, 'value': '4.10'}, {'type': {'value': 140, 'displayName': 'PassEndX'}, 'value': '55.5'}]","[91, 119, 117, 30, 35, 38, 216, 218]",True,334087.0,55.5,48.4,,,,,,,,,
2762463893.0,272,18,32.0,13,55.5,48.4,18,"{'value': 1, 'displayName': 'FirstHalf'}","{'value': 1, 'displayName': 'Pass'}","{'value': 1, 'displayName': 'Successful'}","[{'type': {'value': 178, 'displayName': 'StandingSave'}}, {'type': {'value': 212, 'displayName': 'Length'}, 'value': '11.2'}, {'type': {'value': 210, 'displayName': 'ShotAssist'}, 'value': '15'}, {'type': {'value': 140, 'displayName': 'PassEndX'}, 'value': '58.1'}, {'type': {'value': 56, 'displayName': 'Zone'}, 'value': 'Center'}, {'type': {'value': 213, 'displayName': 'Angle'}, 'value': '4.96'}, {'type': {'value': 141, 'displayName': 'PassEndY'}, 'value': '32.5'}, {'type': {'value': 11113, 'displayName': 'KeyPass'}}]","[91, 119, 117, 30, 123, 40, 46, 36, 38, 216, 218]",True,361822.0,58.1,32.5,,,,,,,,,
2762463895.0,273,18,38.0,13,74.3,45.6,18,"{'value': 1, 'displayName': 'FirstHalf'}","{'value': 15, 'displayName': 'SavedShot'}","{'value': 1, 'displayName': 'Successful'}","[{'type': {'value': 215, 'displayName': 'IndividualPlay'}}, {'type': {'value': 20, 'displayName': 'RightFoot'}}, {'type': {'value': 55, 'displayName': 'RelatedEventId'}, 'value': '272'}, {'type': {'value': 147, 'displayName': 'BlockedY'}, 'value': '50'}, {'type': {'value': 103, 'displayName': 'GoalMouthZ'}, 'value': '15.2'}, {'type': {'value': 102, 'displayName': 'GoalMouthY'}, 'value': '51.1'}, {'type': {'value': 56, 'displayName': 'Zone'}, 'value': 'Center'}, {'type': {'value': 233, 'displayName': 'OppositeRelatedEvent'}, 'value': '85'}, {'type': {'value': 178, 'displayName': 'StandingSave'}}, {'type': {'value': 22, 'displayName': 'RegularPlay'}}, {'type': {'value': 18, 'displayName': 'OutOfBoxCentre'}}, {'type': {'value': 29, 'displayName': 'Assisted'}}, {'type': {'value': 78, 'displayName': 'LowCentre'}}, {'type': {'value': 146, 'displayName': 'BlockedX'}, 'value': '95.8'}]","[91, 9, 10, 2, 3, 12]",True,388650.0,,,272.0,361822.0,95.8,50.0,15.2,51.1,True,,
2762463901.0,85,18,38.0,165,3.6,50.0,18,"{'value': 1, 'displayName': 'FirstHalf'}","{'value': 10, 'displayName': 'Save'}","{'value': 1, 'displayName': 'Successful'}","[{'type': {'value': 56, 'displayName': 'Zone'}, 'value': 'Back'}, {'type': {'value': 178, 'displayName': 'StandingSave'}}, {'type': {'value': 233, 'displayName': 'OppositeRelatedEvent'}, 'value': '273'}, {'type': {'value': 177, 'displayName': 'Collected'}}, {'type': {'value': 182, 'displayName': 'Hands'}}, {'type': {'value': 11117, 'displayName': 'KeeperSaveObox'}}]","[91, 110, 113, 77, 79, 84, 82]",True,362426.0,,,,,,,,,,,
2762463913.0,86,18,39.0,165,3.6,50.0,18,"{'value': 1, 'displayName': 'FirstHalf'}","{'value': 52, 'displayName': 'KeeperPickup'}","{'value': 1, 'displayName': 'Successful'}","[{'type': {'value': 178, 'displayName': 'StandingSave'}}]",[93],False,362426.0,,,,,,,,,,,
2762474967.0,11087,19,,165,61.0,34.6,19,"{'value': 1, 'displayName': 'FirstHalf'}","{'value': 10000, 'displayName': 'OffsideGiven'}","{'value': 0, 'displayName': 'Unsuccessful'}",[],[61],False,401254.0,,,,,,,,,,,
2762463967.0,87,19,6.0,165,15.8,26.6,19,"{'value': 1, 'displayName': 'FirstHalf'}","{'value': 2, 'displayName': 'OffsidePass'}","{'value': 1, 'displayName': 'Successful'}","[{'type': {'value': 178, 'displayName': 'StandingSave'}}, {'type': {'value': 56, 'displayName': 'Zone'}, 'value': 'Center'}, {'type': {'value': 7, 'displayName': 'PlayerCaughtOffside'}, 'value': '401254'}, {'type': {'value': 1, 'displayName': 'Longball'}}, {'type': {'value': 141, 'displayName': 'PassEndY'}, 'value': '34.6'}, {'type': {'value': 140, 'displayName': 'PassEndX'}, 'value': '61.0'}]","[91, 216]",True,362426.0,61.0,34.6,,,,,,,,,
2762463963.0,274,19,6.0,13,40.2,70.7,19,"{'value': 1, 'displayName': 'FirstHalf'}","{'value': 55, 'displayName': 'OffsideProvoked'}","{'value': 1, 'displayName': 'Successful'}",[],[62],False,332325.0,,,,,,,,,,,
2762463975.0,275,19,17.0,13,39.6,72.1,19,"{'value': 1, 'displayName': 'FirstHalf'}","{'value': 1, 'displayName': 'Pass'}","{'value': 1, 'displayName': 'Successful'}","[{'type': {'value': 5, 'displayName': 'FreekickTaken'}}, {'type': {'value': 212, 'displayName': 'Length'}, 'value': '9.2'}, {'type': {'value': 140, 'displayName': 'PassEndX'}, 'value': '35.5'}, {'type': {'value': 141, 'displayName': 'PassEndY'}, 'value': '60.2'}, {'type': {'value': 56, 'displayName': 'Zone'}, 'value': 'Back'}, {'type': {'value': 178, 'displayName': 'StandingSave'}}, {'type': {'value': 241, 'displayName': 'IndirectFreekickTaken'}}, {'type': {'value': 213, 'displayName': 'Angle'}, 'value': '4.22'}]","[91, 117, 30, 132, 35, 38, 216, 218]",True,326413.0,35.5,60.2,,,,,,,,,
2762463993.0,276,19,19.0,13,35.5,60.2,19,"{'value': 1, 'displayName': 'FirstHalf'}","{'value': 1, 'displayName': 'Pass'}","{'value': 1, 'displayName': 'Successful'}","[{'type': {'value': 56, 'displayName': 'Zone'}, 'value': 'Back'}, {'type': {'value': 178, 'displayName': 'StandingSave'}}, {'type': {'value': 140, 'displayName': 'PassEndX'}, 'value': '35.9'}, {'type': {'value': 212, 'displayName': 'Length'}, 'value': '17.1'}, {'type': {'value': 213, 'displayName': 'Angle'}, 'value': '4.74'}, {'type': {'value': 141, 'displayName': 'PassEndY'}, 'value': '35.1'}]","[91, 117, 30, 36, 38, 216, 218]",True,334087.0,35.9,35.1,,,,,,,,,
2762464003.0,277,19,24.0,13,40.8,39.8,19,"{'value': 1, 'displayName': 'FirstHalf'}","{'value': 1, 'displayName': 'Pass'}","{'value': 1, 'displayName': 'Successful'}","[{'type': {'value': 141, 'displayName': 'PassEndY'}, 'value': '65.4'}, {'type': {'value': 56, 'displayName': 'Zone'}, 'value': 'Back'}, {'type': {'value': 212, 'displayName': 'Length'}, 'value': '18.8'}, {'type': {'value': 213, 'displayName': 'Angle'}, 'value': '1.96'}, {'type': {'value': 178, 'displayName': 'StandingSave'}}, {'type': {'value': 140, 'displayName': 'PassEndX'}, 'value': '34.0'}]","[91, 117, 30, 35, 37, 216, 218]",True,361822.0,34.0,65.4,,,,,,,,,
2762464011.0,278,19,26.0,13,34.1,67.5,19,"{'value': 1, 'displayName': 'FirstHalf'}","{'value': 1, 'displayName': 'Pass'}","{'value': 1, 'displayName': 'Successful'}","[{'type': {'value': 56, 'displayName': 'Zone'}, 'value': 'Left'}, {'type': {'value': 178, 'displayName': 'StandingSave'}}, {'type': {'value': 212, 'displayName': 'Length'}, 'value': '23.9'}, {'type': {'value': 141, 'displayName': 'PassEndY'}, 'value': '90.2'}, {'type': {'value': 140, 'displayName': 'PassEndX'}, 'value': '51.5'}, {'type': {'value': 213, 'displayName': 'Angle'}, 'value': '0.70'}]","[91, 119, 117, 30, 36, 37, 216, 218]",True,334087.0,51.5,90.2,,,,,,,,,
2762464015.0,279,19,29.0,13,51.7,90.2,19,"{'value': 1, 'displayName': 'FirstHalf'}","{'value': 1, 'displayName': 'Pass'}","{'value': 1, 'displayName': 'Successful'}","[{'type': {'value': 56, 'displayName': 'Zone'}, 'value': 'Back'}, {'type': {'value': 212, 'displayName': 'Length'}, 'value': '15.1'}, {'type': {'value': 140, 'displayName': 'PassEndX'}, 'value': '42.9'}, {'type': {'value': 141, 'displayName': 'PassEndY'}, 'value': '72.6'}, {'type': {'value': 213, 'displayName': 'Angle'}, 'value': '4.05'}, {'type': {'value': 178, 'displayName': 'StandingSave'}}]","[91, 117, 30, 35, 38, 216, 218]",True,467918.0,42.9,72.6,,,,,,,,,
2762464029.0,280,19,33.0,13,43.6,71.1,19,"{'value': 1, 'displayName': 'FirstHalf'}","{'value': 1, 'displayName': 'Pass'}","{'value': 1, 'displayName': 'Successful'}","[{'type': {'value': 56, 'displayName': 'Zone'}, 'value': 'Back'}, {'type': {'value': 213, 'displayName': 'Angle'}, 'value': '4.43'}, {'type': {'value': 212, 'displayName': 'Length'}, 'value': '15.7'}, {'type': {'value': 141, 'displayName': 'PassEndY'}, 'value': '48.9'}, {'type': {'value': 178, 'displayName': 'StandingSave'}}, {'type': {'value': 140, 'displayName': 'PassEndX'}, 'value': '39.5'}]","[91, 117, 30, 35, 38, 216, 218]",True,334087.0,39.5,48.9,,,,,,,,,
2762464043.0,281,19,39.0,13,38.3,49.6,19,"{'value': 1, 'displayName': 'FirstHalf'}","{'value': 1, 'displayName': 'Pass'}","{'value': 1, 'displayName': 'Successful'}","[{'type': {'value': 140, 'displayName': 'PassEndX'}, 'value': '37.8'}, {'type': {'value': 178, 'displayName': 'StandingSave'}}, {'type': {'value': 56, 'displayName': 'Zone'}, 'value': 'Back'}, {'type': {'value': 213, 'displayName': 'Angle'}, 'value': '1.60'}, {'type': {'value': 212, 'displayName': 'Length'}, 'value': '15.6'}, {'type': {'value': 141, 'displayName': 'PassEndY'}, 'value': '72.6'}]","[91, 117, 30, 35, 37, 216, 218]",True,361822.0,37.8,72.6,,,,,,,,,
2762464053.0,282,19,43.0,13,38.0,72.4,19,"{'value': 1, 'displayName': 'FirstHalf'}","{'value': 1, 'displayName': 'Pass'}","{'value': 1, 'displayName': 'Successful'}","[{'type': {'value': 141, 'displayName': 'PassEndY'}, 'value': '62.5'}, {'type': {'value': 178, 'displayName': 'StandingSave'}}, {'type': {'value': 213, 'displayName': 'Angle'}, 'value': '5.22'}, {'type': {'value': 56, 'displayName': 'Zone'}, 'value': 'Back'}, {'type': {'value': 212, 'displayName': 'Length'}, 'value': '7.7'}, {'type': {'value': 140, 'displayName': 'PassEndX'}, 'value': '41.6'}]","[91, 117, 30, 36, 38, 216, 218]",True,334087.0,41.6,62.5,,,,,,,,,
2762464063.0,283,19,46.0,13,46.0,53.1,19,"{'value': 1, 'displayName': 'FirstHalf'}","{'value': 1, 'displayName': 'Pass'}","{'value': 1, 'displayName': 'Successful'}","[{'type': {'value': 140, 'displayName': 'PassEndX'}, 'value': '42.4'}, {'type': {'value': 141, 'displayName': 'PassEndY'}, 'value': '33.5'}, {'type': {'value': 56, 'displayName': 'Zone'}, 'value': 'Back'}, {'type': {'value': 178, 'displayName': 'StandingSave'}}, {'type': {'value': 212, 'displayName': 'Length'}, 'value': '13.9'}, {'type': {'value': 213, 'displayName': 'Angle'}, 'value': '4.44'}]","[91, 117, 30, 35, 38, 216, 218]",True,467918.0,42.4,33.5,,,,,,,,,
2762464065.0,284,19,50.0,13,43.4,34.9,19,"{'value': 1, 'displayName': 'FirstHalf'}","{'value': 1, 'displayName': 'Pass'}","{'value': 1, 'displayName': 'Successful'}","[{'type': {'value': 178, 'displayName': 'StandingSave'}}, {'type': {'value': 141, 'displayName': 'PassEndY'}, 'value': '75.2'}, {'type': {'value': 56, 'displayName': 'Zone'}, 'value': 'Back'}, {'type': {'value': 213, 'displayName': 'Angle'}, 'value': '1.41'}, {'type': {'value': 212, 'displayName': 'Length'}, 'value': '27.7'}, {'type': {'value': 140, 'displayName': 'PassEndX'}, 'value': '47.5'}]","[91, 117, 30, 36, 37, 216, 218]",True,361822.0,47.5,75.2,,,,,,,,,
2762464067.0,285,19,54.0,13,57.7,79.5,19,"{'value': 1, 'displayName': 'FirstHalf'}","{'value': 1, 'displayName': 'Pass'}","{'value': 1, 'displayName': 'Successful'}","[{'type': {'value': 178, 'displayName': 'StandingSave'}}, {'type': {'value': 56, 'displayName': 'Zone'}, 'value': 'Left'}, {'type': {'value': 141, 'displayName': 'PassEndY'}, 'value': '94.3'}, {'type': {'value': 212, 'displayName': 'Length'}, 'value': '18.2'}, {'type': {'value': 213, 'displayName': 'Angle'}, 'value': '0.59'}, {'type': {'value': 140, 'displayName': 'PassEndX'}, 'value': '72.1'}]","[91, 119, 117, 30, 205, 36, 37, 217, 218]",True,334087.0,72.1,94.3,,,,,,,,,
2762464073.0,287,19,58.0,13,69.9,78.1,19,"{'value': 1, 'displayName': 'FirstHalf'}","{'value': 61, 'displayName': 'BallTouch'}","{'value': 1, 'displayName': 'Successful'}","[{'type': {'value': 56, 'displayName': 'Zone'}, 'value': 'Center'}, {'type': {'value': 178, 'displayName': 'StandingSave'}}]",[91],True,113994.0,,,,,,,,,,,
2762464083.0,288,20,3.0,13,67.5,71.7,20,"{'value': 1, 'displayName': 'FirstHalf'}","{'value': 1, 'displayName': 'Pass'}","{'value': 1, 'displayName': 'Successful'}","[{'type': {'value': 178, 'displayName': 'StandingSave'}}, {'type': {'value': 212, 'displayName': 'Length'}, 'value': '7.2'}, {'type': {'value': 141, 'displayName': 'PassEndY'}, 'value': '78.6'}, {'type': {'value': 140, 'displayName': 'PassEndX'}, 'value': '72.7'}, {'type': {'value': 213, 'displayName': 'Angle'}, 'value': '0.71'}, {'type': {'value': 56, 'displayName': 'Zone'}, 'value': 'Center'}]","[91, 119, 117, 30, 205, 36, 37, 217, 218]",True,467918.0,72.7,78.6,,,,,,,,,
2762464095.0,289,20,6.0,13,71.5,75.5,20,"{'value': 1, 'displayName': 'FirstHalf'}","{'value': 1, 'displayName': 'Pass'}","{'value': 0, 'displayName': 'Unsuccessful'}","[{'type': {'value': 141, 'displayName': 'PassEndY'}, 'value': '29.6'}, {'type': {'value': 20, 'displayName': 'RightFoot'}}, {'type': {'value': 1, 'displayName': 'Longball'}}, {'type': {'value': 155, 'displayName': 'Chipped'}}, {'type': {'value': 178, 'displayName': 'StandingSave'}}, {'type': {'value': 56, 'displayName': 'Zone'}, 'value': 'Center'}, {'type': {'value': 213, 'displayName': 'Angle'}, 'value': '5.33'}, {'type': {'value': 140, 'displayName': 'PassEndX'}, 'value': '92.7'}, {'type': {'value': 2, 'displayName': 'Cross'}}, {'type': {'value': 212, 'displayName': 'Length'}, 'value': '38.3'}]","[91, 137, 124, 126, 36, 38, 217, 218]",True,113994.0,92.7,29.6,,,,,,,,,
2762464093.0,90,20,8.0,165,8.9,71.9,20,"{'value': 1, 'displayName': 'FirstHalf'}","{'value': 44, 'displayName': 'Aerial'}","{'value': 1, 'displayName': 'Successful'}","[{'type': {'value': 233, 'displayName': 'OppositeRelatedEvent'}, 'value': '290'}, {'type': {'value': 56, 'displayName': 'Zone'}, 'value': 'Back'}, {'type': {'value': 285, 'displayName': 'Defensive'}}]","[197, 200]",False,366211.0,,,,,,,,,,,
2762464097.0,290,20,8.0,13,91.1,28.1,20,"{'value': 1, 'displayName': 'FirstHalf'}","{'value': 44, 'displayName': 'Aerial'}","{'value': 0, 'displayName': 'Unsuccessful'}","[{'type': {'value': 56, 'displayName': 'Zone'}, 'value': 'Center'}, {'type': {'value': 233, 'displayName': 'OppositeRelatedEvent'}, 'value': '90'}, {'type': {'value': 286, 'displayName': 'Offensive'}}]","[198, 199]",False,380706.0,,,,,,,,,,,
2762464099.0,91,20,9.0,165,11.6,74.5,20,"{'value': 1, 'displayName': 'FirstHalf'}","{'value': 12, 'displayName': 'Clearance'}","{'value': 1, 'displayName': 'Successful'}","[{'type': {'value': 213, 'displayName': 'Angle'}, 'value': '0.09'}, {'type': {'value': 15, 'displayName': 'Head'}}, {'type': {'value': 141, 'displayName': 'PassEndY'}, 'value': '76.6'}, {'type': {'value': 140, 'displayName': 'PassEndX'}, 'value': '26.0'}, {'type': {'value': 56, 'displayName': 'Zone'}, 'value': 'Back'}, {'type': {'value': 212, 'displayName': 'Length'}, 'value': '15.2'}]","[91, 94, 95, 57, 215]",True,366211.0,26.0,76.6,,,,,,,,,
2762464101.0,291,20,10.0,13,80.7,29.2,20,"{'value': 1, 'displayName': 'FirstHalf'}","{'value': 1, 'displayName': 'Pass'}","{'value': 1, 'displayName': 'Successful'}","[{'type': {'value': 56, 'displayName': 'Zone'}, 'value': 'Center'}, {'type': {'value': 212, 'displayName': 'Length'}, 'value': '6.2'}, {'type': {'value': 140, 'displayName': 'PassEndX'}, 'value': '77.3'}, {'type': {'value': 178, 'displayName': 'StandingSave'}}, {'type': {'value': 3, 'displayName': 'HeadPass'}}, {'type': {'value': 213, 'displayName': 'Angle'}, 'value': '2.19'}, {'type': {'value': 141, 'displayName': 'PassEndY'}, 'value': '36.6'}]","[91, 119, 117, 30, 139, 205, 35, 37, 217, 218]",True,388650.0,77.3,36.6,,,,,,,,,
2762464103.0,292,20,11.0,13,77.3,36.6,20,"{'value': 1, 'displayName': 'FirstHalf'}","{'value': 1, 'displayName': 'Pass'}","{'value': 1, 'displayName': 'Successful'}","[{'type': {'value': 212, 'displayName': 'Length'}, 'value': '18.9'}, {'type': {'value': 213, 'displayName': 'Angle'}, 'value': '5.35'}, {'type': {'value': 56, 'displayName': 'Zone'}, 'value': 'Right'}, {'type': {'value': 3, 'displayName': 'HeadPass'}}, {'type': {'value': 141, 'displayName': 'PassEndY'}, 'value': '14.2'}, {'type': {'value': 140, 'displayName': 'PassEndX'}, 'value': '88.0'}]","[91, 119, 117, 30, 139, 205, 36, 38, 217, 218]",True,332325.0,88.0,14.2,,,,,,,,,
2762464137.0,294,20,20.0,13,77.6,9.0,20,"{'value': 1, 'displayName': 'FirstHalf'}","{'value': 1, 'displayName': 'Pass'}","{'value': 1, 'displayName': 'Successful'}","[{'type': {'value': 212, 'displayName': 'Length'}, 'value': '10.2'}, {'type': {'value': 56, 'displayName': 'Zone'}, 'value': 'Right'}, {'type': {'value': 213, 'displayName': 'Angle'}, 'value': '3.19'}, {'type': {'value': 178, 'displayName': 'StandingSave'}}, {'type': {'value': 141, 'displayName': 'PassEndY'}, 'value': '8.3'}, {'type': {'value': 140, 'displayName': 'PassEndX'}, 'value': '67.9'}]","[91, 119, 117, 30, 205, 35, 38, 217, 218]",True,380706.0,67.9,8.3,,,,,,,,,
2762464139.0,295,20,23.0,13,68.0,9.0,20,"{'value': 1, 'displayName': 'FirstHalf'}","{'value': 1, 'displayName': 'Pass'}","{'value': 1, 'displayName': 'Successful'}","[{'type': {'value': 56, 'displayName': 'Zone'}, 'value': 'Right'}, {'type': {'value': 212, 'displayName': 'Length'}, 'value': '6.8'}, {'type': {'value': 141, 'displayName': 'PassEndY'}, 'value': '18.7'}, {'type': {'value': 178, 'displayName': 'StandingSave'}}, {'type': {'value': 140, 'displayName': 'PassEndX'}, 'value': '66.6'}, {'type': {'value': 213, 'displayName': 'Angle'}, 'value': '1.79'}]","[91, 119, 117, 30, 35, 37, 216, 218]",True,361822.0,66.6,18.7,,,,,,,,,
2762464141.0,296,20,28.0,13,62.2,35.4,20,"{'value': 1, 'displayName': 'FirstHalf'}","{'value': 1, 'displayName': 'Pass'}","{'value': 1, 'displayName': 'Successful'}","[{'type': {'value': 178, 'displayName': 'StandingSave'}}, {'type': {'value': 212, 'displayName': 'Length'}, 'value': '12.4'}, {'type': {'value': 140, 'displayName': 'PassEndX'}, 'value': '56.1'}, {'type': {'value': 213, 'displayName': 'Angle'}, 'value': '2.11'}, {'type': {'value': 141, 'displayName': 'PassEndY'}, 'value': '51.1'}, {'type': {'value': 56, 'displayName': 'Zone'}, 'value': 'Center'}]","[91, 119, 117, 30, 35, 37, 216, 218]",True,380706.0,56.1,51.1,,,,,,,,,
2762464143.0,297,20,31.0,13,56.6,56.2,20,"{'value': 1, 'displayName': 'FirstHalf'}","{'value': 1, 'displayName': 'Pass'}","{'value': 1, 'displayName': 'Successful'}","[{'type': {'value': 212, 'displayName': 'Length'}, 'value': '18.4'}, {'type': {'value': 178, 'displayName': 'StandingSave'}}, {'type': {'value': 140, 'displayName': 'PassEndX'}, 'value': '66.7'}, {'type': {'value': 56, 'displayName': 'Zone'}, 'value': 'Center'}, {'type': {'value': 213, 'displayName': 'Angle'}, 'value': '0.96'}, {'type': {'value': 141, 'displayName': 'PassEndY'}, 'value': '78.4'}]","[91, 119, 117, 30, 205, 36, 37, 217, 218]",True,334087.0,66.7,78.4,,,,,,,,,
2762464147.0,298,20,33.0,13,67.0,79.3,20,"{'value': 1, 'displayName': 'FirstHalf'}","{'value': 1, 'displayName': 'Pass'}","{'value': 1, 'displayName': 'Successful'}","[{'type': {'value': 56, 'displayName': 'Zone'}, 'value': 'Left'}, {'type': {'value': 213, 'displayName': 'Angle'}, 'value': '0.79'}, {'type': {'value': 178, 'displayName': 'StandingSave'}}, {'type': {'value': 140, 'displayName': 'PassEndX'}, 'value': '76.3'}, {'type': {'value': 141, 'displayName': 'PassEndY'}, 'value': '93.9'}, {'type': {'value': 212, 'displayName': 'Length'}, 'value': '13.9'}]","[91, 119, 117, 30, 205, 36, 37, 217, 218]",True,467918.0,76.3,93.9,,,,,,,,,
2762464149.0,299,20,37.0,13,74.2,90.7,20,"{'value': 1, 'displayName': 'FirstHalf'}","{'value': 1, 'displayName': 'Pass'}","{'value': 1, 'displayName': 'Successful'}","[{'type': {'value': 212, 'displayName': 'Length'}, 'value': '11.1'}, {'type': {'value': 178, 'displayName': 'StandingSave'}}, {'type': {'value': 56, 'displayName': 'Zone'}, 'value': 'Center'}, {'type': {'value': 140, 'displayName': 'PassEndX'}, 'value': '69.5'}, {'type': {'value': 141, 'displayName': 'PassEndY'}, 'value': '76.0'}, {'type': {'value': 213, 'displayName': 'Angle'}, 'value': '4.25'}]","[91, 119, 117, 30, 205, 35, 38, 217, 218]",True,113994.0,69.5,76.0,,,,,,,,,
2762464151.0,300,20,40.0,13,69.6,76.1,20,"{'value': 1, 'displayName': 'FirstHalf'}","{'value': 1, 'displayName': 'Pass'}","{'value': 1, 'displayName': 'Successful'}","[{'type': {'value': 56, 'displayName': 'Zone'}, 'value': 'Left'}, {'type': {'value': 140, 'displayName': 'PassEndX'}, 'value': '75.6'}, {'type': {'value': 212, 'displayName': 'Length'}, 'value': '10.0'}, {'type': {'value': 213, 'displayName': 'Angle'}, 'value': '0.89'}, {'type': {'value': 178, 'displayName': 'StandingSave'}}, {'type': {'value': 141, 'displayName': 'PassEndY'}, 'value': '87.6'}]","[91, 119, 117, 30, 205, 36, 37, 217, 218]",True,334087.0,75.6,87.6,,,,,,,,,
2762464153.0,301,20,42.0,13,80.5,81.9,20,"{'value': 1, 'displayName': 'FirstHalf'}","{'value': 1, 'displayName': 'Pass'}","{'value': 0, 'displayName': 'Unsuccessful'}","[{'type': {'value': 141, 'displayName': 'PassEndY'}, 'value': '66.9'}, {'type': {'value': 140, 'displayName': 'PassEndX'}, 'value': '86.1'}, {'type': {'value': 178, 'displayName': 'StandingSave'}}, {'type': {'value': 56, 'displayName': 'Zone'}, 'value': 'Center'}, {'type': {'value': 213, 'displayName': 'Angle'}, 'value': '5.24'}, {'type': {'value': 212, 'displayName': 'Length'}, 'value': '11.8'}]","[91, 120, 29, 36, 38, 217, 218]",True,113994.0,86.1,66.9,,,,,,,,,
2762464155.0,92,20,44.0,165,12.1,37.0,20,"{'value': 1, 'displayName': 'FirstHalf'}","{'value': 12, 'displayName': 'Clearance'}","{'value': 1, 'displayName': 'Successful'}","[{'type': {'value': 178, 'displayName': 'StandingSave'}}, {'type': {'value': 140, 'displayName': 'PassEndX'}, 'value': '31.0'}, {'type': {'value': 213, 'displayName': 'Angle'}, 'value': '5.35'}, {'type': {'value': 56, 'displayName': 'Zone'}, 'value': 'Back'}, {'type': {'value': 212, 'displayName': 'Length'}, 'value': '33.1'}, {'type': {'value': 141, 'displayName': 'PassEndY'}, 'value': '0.0'}]","[91, 94, 95, 215]",True,356599.0,31.0,0.0,,,,,,,,,
2762464183.0,303,20,54.0,13,67.5,100.0,20,"{'value': 1, 'displayName': 'FirstHalf'}","{'value': 1, 'displayName': 'Pass'}","{'value': 1, 'displayName': 'Successful'}","[{'type': {'value': 1, 'displayName': 'Longball'}}, {'type': {'value': 56, 'displayName': 'Zone'}, 'value': 'Center'}, {'type': {'value': 212, 'displayName': 'Length'}, 'value': '28.2'}, {'type': {'value': 107, 'displayName': 'ThrowIn'}}, {'type': {'value': 213, 'displayName': 'Angle'}, 'value': '4.34'}, {'type': {'value': 140, 'displayName': 'PassEndX'}, 'value': '57.8'}, {'type': {'value': 141, 'displayName': 'PassEndY'}, 'value': '63.0'}]","[91, 212, 35, 38, 216]",True,467918.0,57.8,63.0,,,,,,,,,
2762464203.0,304,21,2.0,13,66.0,57.9,21,"{'value': 1, 'displayName': 'FirstHalf'}","{'value': 1, 'displayName': 'Pass'}","{'value': 1, 'displayName': 'Successful'}","[{'type': {'value': 140, 'displayName': 'PassEndX'}, 'value': '65.3'}, {'type': {'value': 141, 'displayName': 'PassEndY'}, 'value': '31.1'}, {'type': {'value': 56, 'displayName': 'Zone'}, 'value': 'Center'}, {'type': {'value': 212, 'displayName': 'Length'}, 'value': '18.2'}, {'type': {'value': 213, 'displayName': 'Angle'}, 'value': '4.67'}, {'type': {'value': 178, 'displayName': 'StandingSave'}}]","[91, 119, 117, 30, 35, 38, 216, 218]",True,332325.0,65.3,31.1,,,,,,,,,
2762464211.0,305,21,5.0,13,65.3,31.1,21,"{'value': 1, 'displayName': 'FirstHalf'}","{'value': 1, 'displayName': 'Pass'}","{'value': 1, 'displayName': 'Successful'}","[{'type': {'value': 56, 'displayName': 'Zone'}, 'value': 'Center'}, {'type': {'value': 213, 'displayName': 'Angle'}, 'value': '2.27'}, {'type': {'value': 178, 'displayName': 'StandingSave'}}, {'type': {'value': 140, 'displayName': 'PassEndX'}, 'value': '57.2'}, {'type': {'value': 141, 'displayName': 'PassEndY'}, 'value': '46.1'}, {'type': {'value': 212, 'displayName': 'Length'}, 'value': '13.3'}]","[91, 119, 117, 30, 35, 37, 216, 218]",True,388650.0,57.2,46.1,,,,,,,,,
2762464217.0,306,21,9.0,13,57.6,47.0,21,"{'value': 1, 'displayName': 'FirstHalf'}","{'value': 1, 'displayName': 'Pass'}","{'value': 1, 'displayName': 'Successful'}","[{'type': {'value': 213, 'displayName': 'Angle'}, 'value': '4.70'}, {'type': {'value': 140, 'displayName': 'PassEndX'}, 'value': '57.4'}, {'type': {'value': 178, 'displayName': 'StandingSave'}}, {'type': {'value': 212, 'displayName': 'Length'}, 'value': '13.3'}, {'type': {'value': 56, 'displayName': 'Zone'}, 'value': 'Center'}, {'type': {'value': 141, 'displayName': 'PassEndY'}, 'value': '27.4'}]","[91, 119, 117, 30, 35, 38, 216, 218]",True,361822.0,57.4,27.4,,,,,,,,,
2762464219.0,307,21,12.0,13,55.6,30.0,21,"{'value': 1, 'displayName': 'FirstHalf'}","{'value': 1, 'displayName': 'Pass'}","{'value': 1, 'displayName': 'Successful'}","[{'type': {'value': 140, 'displayName': 'PassEndX'}, 'value': '49.7'}, {'type': {'value': 212, 'displayName': 'Length'}, 'value': '10.9'}, {'type': {'value': 213, 'displayName': 'Angle'}, 'value': '2.17'}, {'type': {'value': 56, 'displayName': 'Zone'}, 'value': 'Back'}, {'type': {'value': 141, 'displayName': 'PassEndY'}, 'value': '43.2'}, {'type': {'value': 178, 'displayName': 'StandingSave'}}]","[91, 117, 30, 35, 37, 216, 218]",True,388650.0,49.7,43.2,,,,,,,,,
2762464239.0,308,21,14.0,13,50.4,40.7,21,"{'value': 1, 'displayName': 'FirstHalf'}","{'value': 1, 'displayName': 'Pass'}","{'value': 1, 'displayName': 'Successful'}","[{'type': {'value': 141, 'displayName': 'PassEndY'}, 'value': '3.4'}, {'type': {'value': 178, 'displayName': 'StandingSave'}}, {'type': {'value': 213, 'displayName': 'Angle'}, 'value': '5.26'}, {'type': {'value': 56, 'displayName': 'Zone'}, 'value': 'Right'}, {'type': {'value': 140, 'displayName': 'PassEndX'}, 'value': '65.2'}, {'type': {'value': 212, 'displayName': 'Length'}, 'value': '29.7'}]","[91, 119, 117, 30, 36, 38, 216, 218]",True,361822.0,65.2,3.4,,,,,,,,,
2762464243.0,309,21,23.0,13,67.2,19.3,21,"{'value': 1, 'displayName': 'FirstHalf'}","{'value': 1, 'displayName': 'Pass'}","{'value': 1, 'displayName': 'Successful'}","[{'type': {'value': 212, 'displayName': 'Length'}, 'value': '10.6'}, {'type': {'value': 56, 'displayName': 'Zone'}, 'value': 'Right'}, {'type': {'value': 213, 'displayName': 'Angle'}, 'value': '5.27'}, {'type': {'value': 141, 'displayName': 'PassEndY'}, 'value': '6.1'}, {'type': {'value': 178, 'displayName': 'StandingSave'}}, {'type': {'value': 140, 'displayName': 'PassEndX'}, 'value': '72.5'}]","[91, 119, 117, 30, 205, 36, 38, 217, 218]",True,247454.0,72.5,6.1,,,,,,,,,
2762464245.0,310,21,25.0,13,72.3,5.7,21,"{'value': 1, 'displayName': 'FirstHalf'}","{'value': 1, 'displayName': 'Pass'}","{'value': 1, 'displayName': 'Successful'}","[{'type': {'value': 140, 'displayName': 'PassEndX'}, 'value': '79.6'}, {'type': {'value': 212, 'displayName': 'Length'}, 'value': '8.0'}, {'type': {'value': 56, 'displayName': 'Zone'}, 'value': 'Right'}, {'type': {'value': 213, 'displayName': 'Angle'}, 'value': '6.00'}, {'type': {'value': 178, 'displayName': 'StandingSave'}}, {'type': {'value': 141, 'displayName': 'PassEndY'}, 'value': '2.4'}]","[91, 119, 117, 30, 205, 36, 38, 217, 218]",True,388650.0,79.6,2.4,,,,,,,,,
2762464247.0,311,21,26.0,13,79.6,2.4,21,"{'value': 1, 'displayName': 'FirstHalf'}","{'value': 1, 'displayName': 'Pass'}","{'value': 1, 'displayName': 'Successful'}","[{'type': {'value': 178, 'displayName': 'StandingSave'}}, {'type': {'value': 212, 'displayName': 'Length'}, 'value': '4.6'}, {'type': {'value': 140, 'displayName': 'PassEndX'}, 'value': '80.6'}, {'type': {'value': 141, 'displayName': 'PassEndY'}, 'value': '9.0'}, {'type': {'value': 56, 'displayName': 'Zone'}, 'value': 'Right'}, {'type': {'value': 213, 'displayName': 'Angle'}, 'value': '1.34'}]","[91, 119, 117, 30, 205, 36, 37, 217, 218]",True,380706.0,80.6,9.0,,,,,,,,,
2762464251.0,312,21,27.0,13,80.6,9.0,21,"{'value': 1, 'displayName': 'FirstHalf'}","{'value': 1, 'displayName': 'Pass'}","{'value': 1, 'displayName': 'Successful'}","[{'type': {'value': 178, 'displayName': 'StandingSave'}}, {'type': {'value': 56, 'displayName': 'Zone'}, 'value': 'Right'}, {'type': {'value': 141, 'displayName': 'PassEndY'}, 'value': '4.1'}, {'type': {'value': 212, 'displayName': 'Length'}, 'value': '3.7'}, {'type': {'value': 156, 'displayName': 'LayOff'}}, {'type': {'value': 213, 'displayName': 'Angle'}, 'value': '4.25'}, {'type': {'value': 140, 'displayName': 'PassEndX'}, 'value': '79.0'}]","[91, 119, 117, 30, 205, 35, 38, 217, 218]",True,279379.0,79.0,4.1,,,,,,,,,
2762464253.0,313,21,31.0,13,73.4,11.8,21,"{'value': 1, 'displayName': 'FirstHalf'}","{'value': 1, 'displayName': 'Pass'}","{'value': 1, 'displayName': 'Successful'}","[{'type': {'value': 212, 'displayName': 'Length'}, 'value': '12.1'}, {'type': {'value': 178, 'displayName': 'StandingSave'}}, {'type': {'value': 56, 'displayName': 'Zone'}, 'value': 'Right'}, {'type': {'value': 141, 'displayName': 'PassEndY'}, 'value': '2.7'}, {'type': {'value': 140, 'displayName': 'PassEndX'}, 'value': '83.3'}, {'type': {'value': 213, 'displayName': 'Angle'}, 'value': '5.75'}]","[91, 119, 117, 30, 205, 36, 38, 217, 218]",True,380706.0,83.3,2.7,,,,,,,,,
2762464257.0,314,21,32.0,13,83.5,2.9,21,"{'value': 1, 'displayName': 'FirstHalf'}","{'value': 1, 'displayName': 'Pass'}","{'value': 0, 'displayName': 'Unsuccessful'}","[{'type': {'value': 178, 'displayName': 'StandingSave'}}, {'type': {'value': 140, 'displayName': 'PassEndX'}, 'value': '83.8'}, {'type': {'value': 213, 'displayName': 'Angle'}, 'value': '1.54'}, {'type': {'value': 141, 'displayName': 'PassEndY'}, 'value': '16.1'}, {'type': {'value': 212, 'displayName': 'Length'}, 'value': '9.0'}, {'type': {'value': 56, 'displayName': 'Zone'}, 'value': 'Right'}]","[91, 120, 29, 36, 37, 217, 218]",True,279379.0,83.8,16.1,,,,,,,,,
2762464255.0,94,21,33.0,165,16.9,83.6,21,"{'value': 1, 'displayName': 'FirstHalf'}","{'value': 8, 'displayName': 'Interception'}","{'value': 1, 'displayName': 'Successful'}","[{'type': {'value': 56, 'displayName': 'Zone'}, 'value': 'Back'}, {'type': {'value': 178, 'displayName': 'StandingSave'}}]","[91, 101, 56]",True,381161.0,,,,,,,,,,,
2762464259.0,95,21,34.0,165,14.4,91.8,21,"{'value': 1, 'displayName': 'FirstHalf'}","{'value': 49, 'displayName': 'BallRecovery'}","{'value': 1, 'displayName': 'Successful'}",[],[93],False,138686.0,,,,,,,,,,,
2762464265.0,96,21,34.0,165,14.4,91.8,21,"{'value': 1, 'displayName': 'FirstHalf'}","{'value': 1, 'displayName': 'Pass'}","{'value': 1, 'displayName': 'Successful'}","[{'type': {'value': 213, 'displayName': 'Angle'}, 'value': '3.68'}, {'type': {'value': 140, 'displayName': 'PassEndX'}, 'value': '9.6'}, {'type': {'value': 56, 'displayName': 'Zone'}, 'value': 'Back'}, {'type': {'value': 212, 'displayName': 'Length'}, 'value': '5.9'}, {'type': {'value': 178, 'displayName': 'StandingSave'}}, {'type': {'value': 141, 'displayName': 'PassEndY'}, 'value': '87.4'}]","[91, 117, 30, 35, 38, 215, 218]",True,138686.0,9.6,87.4,,,,,,,,,
2762464271.0,97,21,36.0,165,7.2,89.1,21,"{'value': 1, 'displayName': 'FirstHalf'}","{'value': 1, 'displayName': 'Pass'}","{'value': 1, 'displayName': 'Successful'}","[{'type': {'value': 141, 'displayName': 'PassEndY'}, 'value': '96.2'}, {'type': {'value': 140, 'displayName': 'PassEndX'}, 'value': '9.0'}, {'type': {'value': 56, 'displayName': 'Zone'}, 'value': 'Back'}, {'type': {'value': 212, 'displayName': 'Length'}, 'value': '5.2'}, {'type': {'value': 178, 'displayName': 'StandingSave'}}, {'type': {'value': 213, 'displayName': 'Angle'}, 'value': '1.20'}]","[91, 117, 30, 36, 37, 215, 218]",True,366211.0,9.0,96.2,,,,,,,,,
2762464273.0,98,21,38.0,165,9.7,96.6,21,"{'value': 1, 'displayName': 'FirstHalf'}","{'value': 1, 'displayName': 'Pass'}","{'value': 0, 'displayName': 'Unsuccessful'}","[{'type': {'value': 286, 'displayName': 'Offensive'}}, {'type': {'value': 178, 'displayName': 'StandingSave'}}, {'type': {'value': 233, 'displayName': 'OppositeRelatedEvent'}, 'value': '315'}, {'type': {'value': 212, 'displayName': 'Length'}, 'value': '0.9'}, {'type': {'value': 213, 'displayName': 'Angle'}, 'value': '4.05'}, {'type': {'value': 56, 'displayName': 'Zone'}, 'value': 'Back'}, {'type': {'value': 141, 'displayName': 'PassEndY'}, 'value': '95.6'}, {'type': {'value': 140, 'displayName': 'PassEndX'}, 'value': '9.2'}]","[91, 118, 120, 29, 35, 38, 215, 218]",True,138686.0,9.2,95.6,,,,,,,,,
2762464275.0,315,21,38.0,13,87.8,6.0,21,"{'value': 1, 'displayName': 'FirstHalf'}","{'value': 74, 'displayName': 'BlockedPass'}","{'value': 1, 'displayName': 'Successful'}","[{'type': {'value': 178, 'displayName': 'StandingSave'}}, {'type': {'value': 233, 'displayName': 'OppositeRelatedEvent'}, 'value': '98'}, {'type': {'value': 56, 'displayName': 'Zone'}, 'value': 'Right'}, {'type': {'value': 285, 'displayName': 'Defensive'}}]","[91, 60]",True,279379.0,,,,,,,,,,,
2762464277.0,99,21,38.0,165,10.0,95.4,21,"{'value': 1, 'displayName': 'FirstHalf'}","{'value': 61, 'displayName': 'BallTouch'}","{'value': 0, 'displayName': 'Unsuccessful'}","[{'type': {'value': 56, 'displayName': 'Zone'}, 'value': 'Back'}, {'type': {'value': 178, 'displayName': 'StandingSave'}}]","[91, 69]",True,138686.0,,,,,,,,,,,
2762464281.0,316,21,39.0,13,88.2,9.9,21,"{'value': 1, 'displayName': 'FirstHalf'}","{'value': 49, 'displayName': 'BallRecovery'}","{'value': 1, 'displayName': 'Successful'}",[],[93],False,279379.0,,,,,,,,,,,
2762464285.0,317,21,40.0,13,89.8,12.6,21,"{'value': 1, 'displayName': 'FirstHalf'}","{'value': 3, 'displayName': 'TakeOn'}","{'value': 0, 'displayName': 'Unsuccessful'}","[{'type': {'value': 178, 'displayName': 'StandingSave'}}, {'type': {'value': 233, 'displayName': 'OppositeRelatedEvent'}, 'value': '100'}, {'type': {'value': 286, 'displayName': 'Offensive'}}, {'type': {'value': 56, 'displayName': 'Zone'}, 'value': 'Right'}]","[91, 53]",True,279379.0,,,,,,,,,,,
2762464283.0,100,21,41.0,165,10.2,87.4,21,"{'value': 1, 'displayName': 'FirstHalf'}","{'value': 7, 'displayName': 'Tackle'}","{'value': 0, 'displayName': 'Unsuccessful'}","[{'type': {'value': 56, 'displayName': 'Zone'}, 'value': 'Back'}, {'type': {'value': 233, 'displayName': 'OppositeRelatedEvent'}, 'value': '317'}, {'type': {'value': 178, 'displayName': 'StandingSave'}}, {'type': {'value': 285, 'displayName': 'Defensive'}}]","[91, 142]",True,366211.0,,,,,,,,,,,
2762464289.0,318,21,41.0,13,91.3,12.9,21,"{'value': 1, 'displayName': 'FirstHalf'}","{'value': 1, 'displayName': 'Pass'}","{'value': 0, 'displayName': 'Unsuccessful'}","[{'type': {'value': 212, 'displayName': 'Length'}, 'value': '13.2'}, {'type': {'value': 213, 'displayName': 'Angle'}, 'value': '1.76'}, {'type': {'value': 178, 'displayName': 'StandingSave'}}, {'type': {'value': 56, 'displayName': 'Zone'}, 'value': 'Center'}, {'type': {'value': 141, 'displayName': 'PassEndY'}, 'value': '31.9'}, {'type': {'value': 140, 'displayName': 'PassEndX'}, 'value': '88.9'}]","[91, 120, 29, 35, 37, 217, 218]",True,279379.0,88.9,31.9,,,,,,,,,
2762464299.0,101,21,42.0,165,10.4,67.5,21,"{'value': 1, 'displayName': 'FirstHalf'}","{'value': 12, 'displayName': 'Clearance'}","{'value': 1, 'displayName': 'Successful'}","[{'type': {'value': 140, 'displayName': 'PassEndX'}, 'value': '10.6'}, {'type': {'value': 178, 'displayName': 'StandingSave'}}, {'type': {'value': 233, 'displayName': 'OppositeRelatedEvent'}, 'value': '319'}, {'type': {'value': 141, 'displayName': 'PassEndY'}, 'value': '70.5'}, {'type': {'value': 56, 'displayName': 'Zone'}, 'value': 'Back'}, {'type': {'value': 213, 'displayName': 'Angle'}, 'value': '1.47'}, {'type': {'value': 212, 'displayName': 'Length'}, 'value': '2.1'}]","[91, 94, 95, 215]",True,270446.0,10.6,70.5,,,,,,,,,
2762464293.0,319,21,42.0,13,87.1,25.9,21,"{'value': 1, 'displayName': 'FirstHalf'}","{'value': 74, 'displayName': 'BlockedPass'}","{'value': 1, 'displayName': 'Successful'}","[{'type': {'value': 178, 'displayName': 'StandingSave'}}, {'type': {'value': 56, 'displayName': 'Zone'}, 'value': 'Center'}, {'type': {'value': 285, 'displayName': 'Defensive'}}, {'type': {'value': 233, 'displayName': 'OppositeRelatedEvent'}, 'value': '101'}]","[91, 60]",True,247454.0,,,,,,,,,,,
2762464301.0,102,21,45.0,165,23.1,57.4,21,"{'value': 1, 'displayName': 'FirstHalf'}","{'value': 44, 'displayName': 'Aerial'}","{'value': 1, 'displayName': 'Successful'}","[{'type': {'value': 56, 'displayName': 'Zone'}, 'value': 'Back'}, {'type': {'value': 233, 'displayName': 'OppositeRelatedEvent'}, 'value': '320'}, {'type': {'value': 285, 'displayName': 'Defensive'}}]","[197, 200]",False,362826.0,,,,,,,,,,,
2762464297.0,320,21,45.0,13,76.9,42.6,21,"{'value': 1, 'displayName': 'FirstHalf'}","{'value': 44, 'displayName': 'Aerial'}","{'value': 0, 'displayName': 'Unsuccessful'}","[{'type': {'value': 56, 'displayName': 'Zone'}, 'value': 'Center'}, {'type': {'value': 233, 'displayName': 'OppositeRelatedEvent'}, 'value': '102'}, {'type': {'value': 286, 'displayName': 'Offensive'}}]","[198, 199]",False,326413.0,,,,,,,,,,,
2762464303.0,103,21,45.0,165,20.7,55.4,21,"{'value': 1, 'displayName': 'FirstHalf'}","{'value': 1, 'displayName': 'Pass'}","{'value': 0, 'displayName': 'Unsuccessful'}","[{'type': {'value': 141, 'displayName': 'PassEndY'}, 'value': '72.0'}, {'type': {'value': 213, 'displayName': 'Angle'}, 'value': '1.16'}, {'type': {'value': 3, 'displayName': 'HeadPass'}}, {'type': {'value': 140, 'displayName': 'PassEndX'}, 'value': '25.4'}, {'type': {'value': 212, 'displayName': 'Length'}, 'value': '12.3'}, {'type': {'value': 56, 'displayName': 'Zone'}, 'value': 'Back'}]","[91, 118, 120, 29, 139, 36, 37, 215, 218]",True,362826.0,25.4,72.0,,,,,,,,,
2762464307.0,321,21,48.0,13,71.1,24.7,21,"{'value': 1, 'displayName': 'FirstHalf'}","{'value': 1, 'displayName': 'Pass'}","{'value': 1, 'displayName': 'Successful'}","[{'type': {'value': 141, 'displayName': 'PassEndY'}, 'value': '14.7'}, {'type': {'value': 56, 'displayName': 'Zone'}, 'value': 'Right'}, {'type': {'value': 212, 'displayName': 'Length'}, 'value': '6.9'}, {'type': {'value': 213, 'displayName': 'Angle'}, 'value': '4.56'}, {'type': {'value': 140, 'displayName': 'PassEndX'}, 'value': '70.1'}, {'type': {'value': 178, 'displayName': 'StandingSave'}}]","[91, 119, 117, 30, 205, 35, 38, 217, 218]",True,332325.0,70.1,14.7,,,,,,,,,
2762464315.0,322,21,50.0,13,70.1,14.5,21,"{'value': 1, 'displayName': 'FirstHalf'}","{'value': 1, 'displayName': 'Pass'}","{'value': 1, 'displayName': 'Successful'}","[{'type': {'value': 212, 'displayName': 'Length'}, 'value': '9.6'}, {'type': {'value': 213, 'displayName': 'Angle'}, 'value': '2.70'}, {'type': {'value': 141, 'displayName': 'PassEndY'}, 'value': '20.5'}, {'type': {'value': 140, 'displayName': 'PassEndX'}, 'value': '61.8'}, {'type': {'value': 178, 'displayName': 'StandingSave'}}, {'type': {'value': 56, 'displayName': 'Zone'}, 'value': 'Right'}]","[91, 119, 117, 30, 35, 37, 216, 218]",True,388650.0,61.8,20.5,,,,,,,,,
2762464335.0,323,21,51.0,13,61.9,20.5,21,"{'value': 1, 'displayName': 'FirstHalf'}","{'value': 1, 'displayName': 'Pass'}","{'value': 1, 'displayName': 'Successful'}","[{'type': {'value': 56, 'displayName': 'Zone'}, 'value': 'Center'}, {'type': {'value': 178, 'displayName': 'StandingSave'}}, {'type': {'value': 140, 'displayName': 'PassEndX'}, 'value': '63.2'}, {'type': {'value': 213, 'displayName': 'Angle'}, 'value': '1.52'}, {'type': {'value': 212, 'displayName': 'Length'}, 'value': '25.5'}, {'type': {'value': 141, 'displayName': 'PassEndY'}, 'value': '58.0'}]","[91, 119, 117, 30, 36, 37, 216, 218]",True,361822.0,63.2,58.0,,,,,,,,,
2762464343.0,324,21,55.0,13,69.3,66.9,21,"{'value': 1, 'displayName': 'FirstHalf'}","{'value': 1, 'displayName': 'Pass'}","{'value': 1, 'displayName': 'Successful'}","[{'type': {'value': 141, 'displayName': 'PassEndY'}, 'value': '95.1'}, {'type': {'value': 56, 'displayName': 'Zone'}, 'value': 'Left'}, {'type': {'value': 213, 'displayName': 'Angle'}, 'value': '1.33'}, {'type': {'value': 212, 'displayName': 'Length'}, 'value': '19.7'}, {'type': {'value': 178, 'displayName': 'StandingSave'}}, {'type': {'value': 140, 'displayName': 'PassEndX'}, 'value': '73.7'}]","[91, 119, 117, 30, 205, 36, 37, 217, 218]",True,334087.0,73.7,95.1,,,,,,,,,
2762464347.0,325,21,59.0,13,73.7,82.7,21,"{'value': 1, 'displayName': 'FirstHalf'}","{'value': 1, 'displayName': 'Pass'}","{'value': 0, 'displayName': 'Unsuccessful'}","[{'type': {'value': 140, 'displayName': 'PassEndX'}, 'value': '92.2'}, {'type': {'value': 178, 'displayName': 'StandingSave'}}, {'type': {'value': 141, 'displayName': 'PassEndY'}, 'value': '39.8'}, {'type': {'value': 2, 'displayName': 'Cross'}}, {'type': {'value': 155, 'displayName': 'Chipped'}}, {'type': {'value': 56, 'displayName': 'Zone'}, 'value': 'Center'}, {'type': {'value': 213, 'displayName': 'Angle'}, 'value': '5.30'}, {'type': {'value': 20, 'displayName': 'RightFoot'}}, {'type': {'value': 1, 'displayName': 'Longball'}}, {'type': {'value': 212, 'displayName': 'Length'}, 'value': '35.0'}]","[91, 137, 124, 126, 36, 38, 217, 218]",True,113994.0,92.2,39.8,,,,,,,,,
2762464349.0,104,22,1.0,165,9.1,61.7,22,"{'value': 1, 'displayName': 'FirstHalf'}","{'value': 12, 'displayName': 'Clearance'}","{'value': 1, 'displayName': 'Successful'}","[{'type': {'value': 140, 'displayName': 'PassEndX'}, 'value': '16.2'}, {'type': {'value': 141, 'displayName': 'PassEndY'}, 'value': '66.7'}, {'type': {'value': 15, 'displayName': 'Head'}}, {'type': {'value': 213, 'displayName': 'Angle'}, 'value': '0.43'}, {'type': {'value': 56, 'displayName': 'Zone'}, 'value': 'Back'}, {'type': {'value': 212, 'displayName': 'Length'}, 'value': '8.2'}]","[91, 94, 95, 57, 215]",True,366211.0,16.2,66.7,,,,,,,,,
2762464357.0,105,22,2.0,165,15.9,65.3,22,"{'value': 1, 'displayName': 'FirstHalf'}","{'value': 44, 'displayName': 'Aerial'}","{'value': 1, 'displayName': 'Successful'}","[{'type': {'value': 56, 'displayName': 'Zone'}, 'value': 'Back'}, {'type': {'value': 233, 'displayName': 'OppositeRelatedEvent'}, 'value': '326'}, {'type': {'value': 285, 'displayName': 'Defensive'}}]","[197, 200]",False,138686.0,,,,,,,,,,,
2762464353.0,326,22,2.0,13,84.1,34.7,22,"{'value': 1, 'displayName': 'FirstHalf'}","{'value': 44, 'displayName': 'Aerial'}","{'value': 0, 'displayName': 'Unsuccessful'}","[{'type': {'value': 233, 'displayName': 'OppositeRelatedEvent'}, 'value': '105'}, {'type': {'value': 56, 'displayName': 'Zone'}, 'value': 'Center'}, {'type': {'value': 286, 'displayName': 'Offensive'}}]","[198, 199]",False,247454.0,,,,,,,,,,,
2762464715.0,125,22,3.0,165,16.3,69.0,22,"{'value': 1, 'displayName': 'FirstHalf'}","{'value': 12, 'displayName': 'Clearance'}","{'value': 1, 'displayName': 'Successful'}","[{'type': {'value': 140, 'displayName': 'PassEndX'}, 'value': '17.2'}, {'type': {'value': 15, 'displayName': 'Head'}}, {'type': {'value': 141, 'displayName': 'PassEndY'}, 'value': '68.1'}, {'type': {'value': 212, 'displayName': 'Length'}, 'value': '1.1'}, {'type': {'value': 56, 'displayName': 'Zone'}, 'value': 'Back'}, {'type': {'value': 213, 'displayName': 'Angle'}, 'value': '5.71'}]","[91, 94, 95, 57, 215]",True,138686.0,17.2,68.1,,,,,,,,,
2762464355.0,327,22,3.0,13,85.0,38.9,22,"{'value': 1, 'displayName': 'FirstHalf'}","{'value': 61, 'displayName': 'BallTouch'}","{'value': 1, 'displayName': 'Successful'}","[{'type': {'value': 21, 'displayName': 'OtherBodyPart'}}, {'type': {'value': 56, 'displayName': 'Zone'}, 'value': 'Center'}]",[91],True,247454.0,,,,,,,,,,,
2762464359.0,106,22,4.0,165,15.5,66.9,22,"{'value': 1, 'displayName': 'FirstHalf'}","{'value': 12, 'displayName': 'Clearance'}","{'value': 1, 'displayName': 'Successful'}","[{'type': {'value': 213, 'displayName': 'Angle'}, 'value': '5.59'}, {'type': {'value': 178, 'displayName': 'StandingSave'}}, {'type': {'value': 140, 'displayName': 'PassEndX'}, 'value': '22.6'}, {'type': {'value': 56, 'displayName': 'Zone'}, 'value': 'Back'}, {'type': {'value': 141, 'displayName': 'PassEndY'}, 'value': '57.7'}, {'type': {'value': 212, 'displayName': 'Length'}, 'value': '9.7'}]","[91, 94, 95, 215]",True,138686.0,22.6,57.7,,,,,,,,,
2762464361.0,107,22,7.0,165,25.7,63.4,22,"{'value': 1, 'displayName': 'FirstHalf'}","{'value': 44, 'displayName': 'Aerial'}","{'value': 1, 'displayName': 'Successful'}","[{'type': {'value': 285, 'displayName': 'Defensive'}}, {'type': {'value': 56, 'displayName': 'Zone'}, 'value': 'Back'}, {'type': {'value': 233, 'displayName': 'OppositeRelatedEvent'}, 'value': '328'}]","[197, 200]",False,430908.0,,,,,,,,,,,
2762464363.0,328,22,7.0,13,74.3,36.6,22,"{'value': 1, 'displayName': 'FirstHalf'}","{'value': 44, 'displayName': 'Aerial'}","{'value': 0, 'displayName': 'Unsuccessful'}","[{'type': {'value': 286, 'displayName': 'Offensive'}}, {'type': {'value': 56, 'displayName': 'Zone'}, 'value': 'Center'}, {'type': {'value': 233, 'displayName': 'OppositeRelatedEvent'}, 'value': '107'}]","[198, 199]",False,332325.0,,,,,,,,,,,
2762464749.0,126,22,7.0,165,25.7,66.4,22,"{'value': 1, 'displayName': 'FirstHalf'}","{'value': 61, 'displayName': 'BallTouch'}","{'value': 0, 'displayName': 'Unsuccessful'}","[{'type': {'value': 56, 'displayName': 'Zone'}, 'value': 'Back'}, {'type': {'value': 15, 'displayName': 'Head'}}]","[91, 69]",True,430908.0,,,,,,,,,,,
2762464379.0,330,22,15.0,13,88.6,8.7,22,"{'value': 1, 'displayName': 'FirstHalf'}","{'value': 1, 'displayName': 'Pass'}","{'value': 0, 'displayName': 'Unsuccessful'}","[{'type': {'value': 155, 'displayName': 'Chipped'}}, {'type': {'value': 213, 'displayName': 'Angle'}, 'value': '1.51'}, {'type': {'value': 140, 'displayName': 'PassEndX'}, 'value': '90.2'}, {'type': {'value': 141, 'displayName': 'PassEndY'}, 'value': '48.9'}, {'type': {'value': 20, 'displayName': 'RightFoot'}}, {'type': {'value': 212, 'displayName': 'Length'}, 'value': '27.4'}, {'type': {'value': 2, 'displayName': 'Cross'}}, {'type': {'value': 178, 'displayName': 'StandingSave'}}, {'type': {'value': 56, 'displayName': 'Zone'}, 'value': 'Center'}]","[91, 137, 124, 126, 36, 37, 217, 218]",True,380706.0,90.2,48.9,,,,,,,,,
2762464385.0,108,22,16.0,165,10.8,55.1,22,"{'value': 1, 'displayName': 'FirstHalf'}","{'value': 12, 'displayName': 'Clearance'}","{'value': 1, 'displayName': 'Successful'}","[{'type': {'value': 141, 'displayName': 'PassEndY'}, 'value': '22.8'}, {'type': {'value': 15, 'displayName': 'Head'}}, {'type': {'value': 213, 'displayName': 'Angle'}, 'value': '4.92'}, {'type': {'value': 212, 'displayName': 'Length'}, 'value': '22.4'}, {'type': {'value': 140, 'displayName': 'PassEndX'}, 'value': '15.2'}, {'type': {'value': 56, 'displayName': 'Zone'}, 'value': 'Back'}]","[91, 94, 95, 57, 215]",True,356599.0,15.2,22.8,,,,,,,,,
2762464401.0,331,22,22.0,13,93.3,76.4,22,"{'value': 1, 'displayName': 'FirstHalf'}","{'value': 1, 'displayName': 'Pass'}","{'value': 1, 'displayName': 'Successful'}","[{'type': {'value': 22, 'displayName': 'RegularPlay'}}, {'type': {'value': 2, 'displayName': 'Cross'}}, {'type': {'value': 56, 'displayName': 'Zone'}, 'value': 'Center'}, {'type': {'value': 212, 'displayName': 'Length'}, 'value': '21.4'}, {'type': {'value': 140, 'displayName': 'PassEndX'}, 'value': '96.2'}, {'type': {'value': 141, 'displayName': 'PassEndY'}, 'value': '45.2'}, {'type': {'value': 72, 'displayName': 'LeftFoot'}}, {'type': {'value': 213, 'displayName': 'Angle'}, 'value': '4.85'}, {'type': {'value': 178, 'displayName': 'StandingSave'}}, {'type': {'value': 154, 'displayName': 'IntentionalAssist'}}, {'type': {'value': 210, 'displayName': 'ShotAssist'}, 'value': '16'}, {'type': {'value': 11112, 'displayName': 'BigChanceCreated'}}, {'type': {'value': 11111, 'displayName': 'IntentionalGoalAssist'}}, {'type': {'value': 11113, 'displayName': 'KeyPass'}}]","[91, 92, 100, 119, 123, 138, 125, 203, 40, 41, 47, 36, 38, 217, 218]",True,113994.0,96.2,45.2,,,,,,,,,
2762464403.0,332,22,23.0,13,96.9,46.8,22,"{'value': 1, 'displayName': 'FirstHalf'}","{'value': 16, 'displayName': 'Goal'}","{'value': 1, 'displayName': 'Successful'}","[{'type': {'value': 214, 'displayName': 'BigChance'}}, {'type': {'value': 328, 'displayName': 'FirstTouch'}}, {'type': {'value': 103, 'displayName': 'GoalMouthZ'}, 'value': '26.6'}, {'type': {'value': 79, 'displayName': 'HighCentre'}}, {'type': {'value': 56, 'displayName': 'Zone'}, 'value': 'Center'}, {'type': {'value': 154, 'displayName': 'IntentionalAssist'}}, {'type': {'value': 22, 'displayName': 'RegularPlay'}}, {'type': {'value': 178, 'displayName': 'StandingSave'}}, {'type': {'value': 55, 'displayName': 'RelatedEventId'}, 'value': '331'}, {'type': {'value': 16, 'displayName': 'SmallBoxCentre'}}, {'type': {'value': 102, 'displayName': 'GoalMouthY'}, 'value': '51.4'}, {'type': {'value': 20, 'displayName': 'RightFoot'}}, {'type': {'value': 29, 'displayName': 'Assisted'}}]","[91, 24, 9, 10, 202, 0, 3, 12, 16, 19, 25]",True,326413.0,,,331.0,113994.0,,,26.6,51.4,True,True,
2762464511.0,109,23,36.0,165,50.1,49.9,23,"{'value': 1, 'displayName': 'FirstHalf'}","{'value': 1, 'displayName': 'Pass'}","{'value': 1, 'displayName': 'Successful'}","[{'type': {'value': 56, 'displayName': 'Zone'}, 'value': 'Back'}, {'type': {'value': 141, 'displayName': 'PassEndY'}, 'value': '43.0'}, {'type': {'value': 212, 'displayName': 'Length'}, 'value': '20.1'}, {'type': {'value': 178, 'displayName': 'StandingSave'}}, {'type': {'value': 213, 'displayName': 'Angle'}, 'value': '3.38'}, {'type': {'value': 140, 'displayName': 'PassEndX'}, 'value': '31.5'}]","[91, 117, 30, 35, 38, 215, 218]",True,430908.0,31.5,43.0,,,,,,,,,
2762464513.0,110,23,41.0,165,35.9,43.8,23,"{'value': 1, 'displayName': 'FirstHalf'}","{'value': 1, 'displayName': 'Pass'}","{'value': 0, 'displayName': 'Unsuccessful'}","[{'type': {'value': 178, 'displayName': 'StandingSave'}}, {'type': {'value': 56, 'displayName': 'Zone'}, 'value': 'Center'}, {'type': {'value': 1, 'displayName': 'Longball'}}, {'type': {'value': 212, 'displayName': 'Length'}, 'value': '47.0'}, {'type': {'value': 141, 'displayName': 'PassEndY'}, 'value': '67.9'}, {'type': {'value': 140, 'displayName': 'PassEndX'}, 'value': '77.9'}, {'type': {'value': 213, 'displayName': 'Angle'}, 'value': '0.36'}]","[91, 120, 128, 36, 37, 217, 218]",True,356599.0,77.9,67.9,,,,,,,,,
2762478413.0,1021,23,44.0,13,19.5,34.0,23,"{'value': 1, 'displayName': 'FirstHalf'}","{'value': 12, 'displayName': 'Clearance'}","{'value': 1, 'displayName': 'Successful'}","[{'type': {'value': 212, 'displayName': 'Length'}, 'value': '13.2'}, {'type': {'value': 213, 'displayName': 'Angle'}, 'value': '6.24'}, {'type': {'value': 140, 'displayName': 'PassEndX'}, 'value': '32.1'}, {'type': {'value': 56, 'displayName': 'Zone'}, 'value': 'Back'}, {'type': {'value': 15, 'displayName': 'Head'}}, {'type': {'value': 141, 'displayName': 'PassEndY'}, 'value': '33.1'}]","[91, 94, 95, 57, 215]",True,332325.0,32.1,33.1,,,,,,,,,
2762464517.0,111,23,47.0,165,65.8,63.1,23,"{'value': 1, 'displayName': 'FirstHalf'}","{'value': 1, 'displayName': 'Pass'}","{'value': 0, 'displayName': 'Unsuccessful'}","[{'type': {'value': 178, 'displayName': 'StandingSave'}}, {'type': {'value': 141, 'displayName': 'PassEndY'}, 'value': '43.4'}, {'type': {'value': 140, 'displayName': 'PassEndX'}, 'value': '84.9'}, {'type': {'value': 212, 'displayName': 'Length'}, 'value': '24.1'}, {'type': {'value': 56, 'displayName': 'Zone'}, 'value': 'Center'}, {'type': {'value': 213, 'displayName': 'Angle'}, 'value': '5.69'}]","[91, 120, 29, 36, 38, 217, 218]",True,270446.0,84.9,43.4,,,,,,,,,
2762464521.0,333,23,50.0,13,14.4,51.5,23,"{'value': 1, 'displayName': 'FirstHalf'}","{'value': 49, 'displayName': 'BallRecovery'}","{'value': 1, 'displayName': 'Successful'}",[],[93],False,467918.0,,,,,,,,,,,
2762464523.0,334,23,51.0,13,14.4,50.8,23,"{'value': 1, 'displayName': 'FirstHalf'}","{'value': 61, 'displayName': 'BallTouch'}","{'value': 1, 'displayName': 'Successful'}","[{'type': {'value': 178, 'displayName': 'StandingSave'}}, {'type': {'value': 56, 'displayName': 'Zone'}, 'value': 'Back'}]",[91],True,467918.0,,,,,,,,,,,
2762464529.0,335,23,52.0,13,13.9,48.2,23,"{'value': 1, 'displayName': 'FirstHalf'}","{'value': 12, 'displayName': 'Clearance'}","{'value': 1, 'displayName': 'Successful'}","[{'type': {'value': 212, 'displayName': 'Length'}, 'value': '24.7'}, {'type': {'value': 140, 'displayName': 'PassEndX'}, 'value': '31.5'}, {'type': {'value': 56, 'displayName': 'Zone'}, 'value': 'Back'}, {'type': {'value': 178, 'displayName': 'StandingSave'}}, {'type': {'value': 141, 'displayName': 'PassEndY'}, 'value': '24.0'}, {'type': {'value': 213, 'displayName': 'Angle'}, 'value': '5.56'}]","[91, 94, 95, 215]",True,334087.0,31.5,24.0,,,,,,,,,
2762464531.0,112,23,53.0,165,65.3,77.8,23,"{'value': 1, 'displayName': 'FirstHalf'}","{'value': 61, 'displayName': 'BallTouch'}","{'value': 1, 'displayName': 'Successful'}","[{'type': {'value': 178, 'displayName': 'StandingSave'}}, {'type': {'value': 56, 'displayName': 'Zone'}, 'value': 'Center'}]",[91],True,404108.0,,,,,,,,,,,
2762464541.0,113,23,56.0,165,61.7,92.4,23,"{'value': 1, 'displayName': 'FirstHalf'}","{'value': 49, 'displayName': 'BallRecovery'}","{'value': 1, 'displayName': 'Successful'}",[],[93],False,366211.0,,,,,,,,,,,
2762464545.0,114,23,56.0,165,61.7,92.4,23,"{'value': 1, 'displayName': 'FirstHalf'}","{'value': 1, 'displayName': 'Pass'}","{'value': 1, 'displayName': 'Successful'}","[{'type': {'value': 212, 'displayName': 'Length'}, 'value': '20.4'}, {'type': {'value': 178, 'displayName': 'StandingSave'}}, {'type': {'value': 213, 'displayName': 'Angle'}, 'value': '3.27'}, {'type': {'value': 140, 'displayName': 'PassEndX'}, 'value': '42.4'}, {'type': {'value': 56, 'displayName': 'Zone'}, 'value': 'Back'}, {'type': {'value': 141, 'displayName': 'PassEndY'}, 'value': '88.7'}]","[91, 117, 30, 35, 38, 216, 218]",True,366211.0,42.4,88.7,,,,,,,,,
2762464557.0,115,23,59.0,165,42.6,86.8,23,"{'value': 1, 'displayName': 'FirstHalf'}","{'value': 1, 'displayName': 'Pass'}","{'value': 1, 'displayName': 'Successful'}","[{'type': {'value': 140, 'displayName': 'PassEndX'}, 'value': '35.0'}, {'type': {'value': 178, 'displayName': 'StandingSave'}}, {'type': {'value': 141, 'displayName': 'PassEndY'}, 'value': '51.2'}, {'type': {'value': 212, 'displayName': 'Length'}, 'value': '25.5'}, {'type': {'value': 56, 'displayName': 'Zone'}, 'value': 'Back'}, {'type': {'value': 213, 'displayName': 'Angle'}, 'value': '4.39'}]","[91, 117, 30, 35, 38, 216, 218]",True,381161.0,35.0,51.2,,,,,,,,,
2762464565.0,116,24,2.0,165,34.6,48.4,24,"{'value': 1, 'displayName': 'FirstHalf'}","{'value': 1, 'displayName': 'Pass'}","{'value': 1, 'displayName': 'Successful'}","[{'type': {'value': 213, 'displayName': 'Angle'}, 'value': '4.62'}, {'type': {'value': 141, 'displayName': 'PassEndY'}, 'value': '8.9'}, {'type': {'value': 178, 'displayName': 'StandingSave'}}, {'type': {'value': 140, 'displayName': 'PassEndX'}, 'value': '32.2'}, {'type': {'value': 56, 'displayName': 'Zone'}, 'value': 'Back'}, {'type': {'value': 212, 'displayName': 'Length'}, 'value': '27.0'}]","[91, 117, 30, 35, 38, 215, 218]",True,356599.0,32.2,8.9,,,,,,,,,
2762464567.0,117,24,5.0,165,32.6,8.0,24,"{'value': 1, 'displayName': 'FirstHalf'}","{'value': 1, 'displayName': 'Pass'}","{'value': 0, 'displayName': 'Unsuccessful'}","[{'type': {'value': 178, 'displayName': 'StandingSave'}}, {'type': {'value': 213, 'displayName': 'Angle'}, 'value': '5.92'}, {'type': {'value': 56, 'displayName': 'Zone'}, 'value': 'Back'}, {'type': {'value': 140, 'displayName': 'PassEndX'}, 'value': '35.7'}, {'type': {'value': 141, 'displayName': 'PassEndY'}, 'value': '6.2'}, {'type': {'value': 212, 'displayName': 'Length'}, 'value': '3.5'}]","[91, 118, 120, 29, 36, 38, 216, 218]",True,362826.0,35.7,6.2,,,,,,,,,
2762464569.0,336,24,5.0,13,69.7,93.9,24,"{'value': 1, 'displayName': 'FirstHalf'}","{'value': 61, 'displayName': 'BallTouch'}","{'value': 1, 'displayName': 'Successful'}","[{'type': {'value': 56, 'displayName': 'Zone'}, 'value': 'Left'}, {'type': {'value': 178, 'displayName': 'StandingSave'}}]",[91],True,113994.0,,,,,,,,,,,
2762464595.0,119,24,29.0,165,41.7,0.0,24,"{'value': 1, 'displayName': 'FirstHalf'}","{'value': 1, 'displayName': 'Pass'}","{'value': 1, 'displayName': 'Successful'}","[{'type': {'value': 141, 'displayName': 'PassEndY'}, 'value': '6.8'}, {'type': {'value': 212, 'displayName': 'Length'}, 'value': '21.6'}, {'type': {'value': 107, 'displayName': 'ThrowIn'}}, {'type': {'value': 140, 'displayName': 'PassEndX'}, 'value': '61.5'}, {'type': {'value': 1, 'displayName': 'Longball'}}, {'type': {'value': 56, 'displayName': 'Zone'}, 'value': 'Right'}, {'type': {'value': 213, 'displayName': 'Angle'}, 'value': '0.27'}]","[91, 212, 36, 37, 216]",True,362826.0,61.5,6.8,,,,,,,,,
2762464597.0,120,24,30.0,165,61.5,6.5,24,"{'value': 1, 'displayName': 'FirstHalf'}","{'value': 1, 'displayName': 'Pass'}","{'value': 0, 'displayName': 'Unsuccessful'}","[{'type': {'value': 141, 'displayName': 'PassEndY'}, 'value': '10.3'}, {'type': {'value': 56, 'displayName': 'Zone'}, 'value': 'Right'}, {'type': {'value': 213, 'displayName': 'Angle'}, 'value': '0.44'}, {'type': {'value': 140, 'displayName': 'PassEndX'}, 'value': '66.7'}, {'type': {'value': 3, 'displayName': 'HeadPass'}}, {'type': {'value': 212, 'displayName': 'Length'}, 'value': '6.0'}, {'type': {'value': 178, 'displayName': 'StandingSave'}}]","[91, 120, 29, 139, 36, 37, 217, 218]",True,401254.0,66.7,10.3,,,,,,,,,
2762464603.0,338,24,31.0,13,42.0,83.8,24,"{'value': 1, 'displayName': 'FirstHalf'}","{'value': 1, 'displayName': 'Pass'}","{'value': 0, 'displayName': 'Unsuccessful'}","[{'type': {'value': 141, 'displayName': 'PassEndY'}, 'value': '88.1'}, {'type': {'value': 56, 'displayName': 'Zone'}, 'value': 'Left'}, {'type': {'value': 212, 'displayName': 'Length'}, 'value': '35.2'}, {'type': {'value': 213, 'displayName': 'Angle'}, 'value': '0.08'}, {'type': {'value': 178, 'displayName': 'StandingSave'}}, {'type': {'value': 140, 'displayName': 'PassEndX'}, 'value': '75.4'}, {'type': {'value': 1, 'displayName': 'Longball'}}]","[91, 120, 128, 36, 37, 217, 218]",True,334087.0,75.4,88.1,,,,,,,,,
2762464615.0,121,24,34.0,165,27.6,10.6,24,"{'value': 1, 'displayName': 'FirstHalf'}","{'value': 1, 'displayName': 'Pass'}","{'value': 1, 'displayName': 'Successful'}","[{'type': {'value': 213, 'displayName': 'Angle'}, 'value': '5.84'}, {'type': {'value': 56, 'displayName': 'Zone'}, 'value': 'Back'}, {'type': {'value': 178, 'displayName': 'StandingSave'}}, {'type': {'value': 141, 'displayName': 'PassEndY'}, 'value': '6.1'}, {'type': {'value': 140, 'displayName': 'PassEndX'}, 'value': '33.8'}, {'type': {'value': 3, 'displayName': 'HeadPass'}}, {'type': {'value': 212, 'displayName': 'Length'}, 'value': '7.2'}]","[91, 117, 30, 139, 36, 38, 216, 218]",True,356599.0,33.8,6.1,,,,,,,,,
2762464617.0,122,24,38.0,165,19.9,3.4,24,"{'value': 1, 'displayName': 'FirstHalf'}","{'value': 1, 'displayName': 'Pass'}","{'value': 0, 'displayName': 'Unsuccessful'}","[{'type': {'value': 56, 'displayName': 'Zone'}, 'value': 'Back'}, {'type': {'value': 1, 'displayName': 'Longball'}}, {'type': {'value': 178, 'displayName': 'StandingSave'}}, {'type': {'value': 213, 'displayName': 'Angle'}, 'value': '0.03'}, {'type': {'value': 141, 'displayName': 'PassEndY'}, 'value': '3.5'}, {'type': {'value': 233, 'displayName': 'OppositeRelatedEvent'}, 'value': '339'}, {'type': {'value': 212, 'displayName': 'Length'}, 'value': '2.4'}, {'type': {'value': 286, 'displayName': 'Offensive'}}, {'type': {'value': 140, 'displayName': 'PassEndX'}, 'value': '22.2'}]","[91, 118, 120, 128, 36, 37, 215, 218]",True,362826.0,22.2,3.5,,,,,,,,,
2762464619.0,339,24,38.0,13,78.9,94.5,24,"{'value': 1, 'displayName': 'FirstHalf'}","{'value': 74, 'displayName': 'BlockedPass'}","{'value': 1, 'displayName': 'Successful'}","[{'type': {'value': 285, 'displayName': 'Defensive'}}, {'type': {'value': 233, 'displayName': 'OppositeRelatedEvent'}, 'value': '122'}, {'type': {'value': 56, 'displayName': 'Zone'}, 'value': 'Left'}, {'type': {'value': 178, 'displayName': 'StandingSave'}}]","[91, 60]",True,113994.0,,,,,,,,,,,
2762464641.0,124,24,45.0,165,21.1,0.0,24,"{'value': 1, 'displayName': 'FirstHalf'}","{'value': 1, 'displayName': 'Pass'}","{'value': 1, 'displayName': 'Successful'}","[{'type': {'value': 56, 'displayName': 'Zone'}, 'value': 'Back'}, {'type': {'value': 107, 'displayName': 'ThrowIn'}}, {'type': {'value': 212, 'displayName': 'Length'}, 'value': '17.0'}, {'type': {'value': 213, 'displayName': 'Angle'}, 'value': '0.21'}, {'type': {'value': 141, 'displayName': 'PassEndY'}, 'value': '3.5'}, {'type': {'value': 140, 'displayName': 'PassEndX'}, 'value': '36.9'}]","[91, 212, 36, 37, 216]",True,362826.0,36.9,3.5,,,,,,,,,
2762478461.0,677,24,46.0,165,34.3,8.4,24,"{'value': 1, 'displayName': 'FirstHalf'}","{'value': 50, 'displayName': 'Dispossessed'}","{'value': 1, 'displayName': 'Successful'}","[{'type': {'value': 286, 'displayName': 'Offensive'}}, {'type': {'value': 233, 'displayName': 'OppositeRelatedEvent'}, 'value': '1022'}, {'type': {'value': 56, 'displayName': 'Zone'}, 'value': 'Back'}]","[91, 70]",True,430908.0,,,,,,,,,,,
2762478459.0,1022,24,47.0,13,65.7,91.6,24,"{'value': 1, 'displayName': 'FirstHalf'}","{'value': 7, 'displayName': 'Tackle'}","{'value': 1, 'displayName': 'Successful'}","[{'type': {'value': 178, 'displayName': 'StandingSave'}}, {'type': {'value': 285, 'displayName': 'Defensive'}}, {'type': {'value': 233, 'displayName': 'OppositeRelatedEvent'}, 'value': '677'}, {'type': {'value': 56, 'displayName': 'Zone'}, 'value': 'Left'}]","[91, 143]",True,113994.0,,,,,,,,,,,
2762464643.0,341,24,48.0,13,63.2,86.9,24,"{'value': 1, 'displayName': 'FirstHalf'}","{'value': 49, 'displayName': 'BallRecovery'}","{'value': 1, 'displayName': 'Successful'}",[],[93],False,113994.0,,,,,,,,,,,
2762464649.0,342,24,50.0,13,64.5,75.7,24,"{'value': 1, 'displayName': 'FirstHalf'}","{'value': 1, 'displayName': 'Pass'}","{'value': 1, 'displayName': 'Successful'}","[{'type': {'value': 56, 'displayName': 'Zone'}, 'value': 'Back'}, {'type': {'value': 141, 'displayName': 'PassEndY'}, 'value': '63.9'}, {'type': {'value': 213, 'displayName': 'Angle'}, 'value': '3.52'}, {'type': {'value': 140, 'displayName': 'PassEndX'}, 'value': '45.0'}, {'type': {'value': 212, 'displayName': 'Length'}, 'value': '22.0'}, {'type': {'value': 178, 'displayName': 'StandingSave'}}]","[91, 117, 30, 35, 38, 216, 218]",True,113994.0,45.0,63.9,,,,,,,,,
2762464663.0,343,24,55.0,13,45.0,63.9,24,"{'value': 1, 'displayName': 'FirstHalf'}","{'value': 1, 'displayName': 'Pass'}","{'value': 1, 'displayName': 'Successful'}","[{'type': {'value': 141, 'displayName': 'PassEndY'}, 'value': '53.8'}, {'type': {'value': 212, 'displayName': 'Length'}, 'value': '11.9'}, {'type': {'value': 56, 'displayName': 'Zone'}, 'value': 'Center'}, {'type': {'value': 213, 'displayName': 'Angle'}, 'value': '5.67'}, {'type': {'value': 140, 'displayName': 'PassEndX'}, 'value': '54.2'}, {'type': {'value': 178, 'displayName': 'StandingSave'}}]","[91, 119, 117, 30, 36, 38, 216, 218]",True,361822.0,54.2,53.8,,,,,,,,,
2762464665.0,344,24,58.0,13,54.8,50.1,24,"{'value': 1, 'displayName': 'FirstHalf'}","{'value': 1, 'displayName': 'Pass'}","{'value': 1, 'displayName': 'Successful'}","[{'type': {'value': 56, 'displayName': 'Zone'}, 'value': 'Back'}, {'type': {'value': 213, 'displayName': 'Angle'}, 'value': '2.61'}, {'type': {'value': 140, 'displayName': 'PassEndX'}, 'value': '47.2'}, {'type': {'value': 178, 'displayName': 'StandingSave'}}, {'type': {'value': 212, 'displayName': 'Length'}, 'value': '9.3'}, {'type': {'value': 141, 'displayName': 'PassEndY'}, 'value': '57.0'}]","[91, 117, 30, 35, 37, 216, 218]",True,332325.0,47.2,57.0,,,,,,,,,
2762464669.0,345,25,0.0,13,47.2,57.0,25,"{'value': 1, 'displayName': 'FirstHalf'}","{'value': 1, 'displayName': 'Pass'}","{'value': 1, 'displayName': 'Successful'}","[{'type': {'value': 212, 'displayName': 'Length'}, 'value': '17.6'}, {'type': {'value': 141, 'displayName': 'PassEndY'}, 'value': '82.9'}, {'type': {'value': 56, 'displayName': 'Zone'}, 'value': 'Back'}, {'type': {'value': 178, 'displayName': 'StandingSave'}}, {'type': {'value': 213, 'displayName': 'Angle'}, 'value': '1.61'}, {'type': {'value': 140, 'displayName': 'PassEndX'}, 'value': '46.5'}]","[91, 117, 30, 35, 37, 216, 218]",True,361822.0,46.5,82.9,,,,,,,,,
2762464673.0,346,25,1.0,13,46.5,82.9,25,"{'value': 1, 'displayName': 'FirstHalf'}","{'value': 1, 'displayName': 'Pass'}","{'value': 1, 'displayName': 'Successful'}","[{'type': {'value': 141, 'displayName': 'PassEndY'}, 'value': '93.3'}, {'type': {'value': 178, 'displayName': 'StandingSave'}}, {'type': {'value': 213, 'displayName': 'Angle'}, 'value': '0.55'}, {'type': {'value': 56, 'displayName': 'Zone'}, 'value': 'Left'}, {'type': {'value': 212, 'displayName': 'Length'}, 'value': '13.5'}, {'type': {'value': 140, 'displayName': 'PassEndX'}, 'value': '57.4'}]","[91, 119, 117, 30, 36, 37, 216, 218]",True,334087.0,57.4,93.3,,,,,,,,,
2762464677.0,347,25,5.0,13,54.3,78.4,25,"{'value': 1, 'displayName': 'FirstHalf'}","{'value': 1, 'displayName': 'Pass'}","{'value': 1, 'displayName': 'Successful'}","[{'type': {'value': 141, 'displayName': 'PassEndY'}, 'value': '57.9'}, {'type': {'value': 213, 'displayName': 'Angle'}, 'value': '3.85'}, {'type': {'value': 56, 'displayName': 'Zone'}, 'value': 'Back'}, {'type': {'value': 212, 'displayName': 'Length'}, 'value': '21.4'}, {'type': {'value': 140, 'displayName': 'PassEndX'}, 'value': '38.8'}, {'type': {'value': 178, 'displayName': 'StandingSave'}}]","[91, 117, 30, 35, 38, 216, 218]",True,467918.0,38.8,57.9,,,,,,,,,
2762464697.0,348,25,8.0,13,38.5,57.4,25,"{'value': 1, 'displayName': 'FirstHalf'}","{'value': 1, 'displayName': 'Pass'}","{'value': 1, 'displayName': 'Successful'}","[{'type': {'value': 178, 'displayName': 'StandingSave'}}, {'type': {'value': 140, 'displayName': 'PassEndX'}, 'value': '43.3'}, {'type': {'value': 212, 'displayName': 'Length'}, 'value': '16.4'}, {'type': {'value': 213, 'displayName': 'Angle'}, 'value': '5.03'}, {'type': {'value': 56, 'displayName': 'Zone'}, 'value': 'Back'}, {'type': {'value': 141, 'displayName': 'PassEndY'}, 'value': '34.5'}]","[91, 117, 30, 36, 38, 216, 218]",True,361822.0,43.3,34.5,,,,,,,,,
2762464701.0,349,25,14.0,13,48.1,30.3,25,"{'value': 1, 'displayName': 'FirstHalf'}","{'value': 1, 'displayName': 'Pass'}","{'value': 1, 'displayName': 'Successful'}","[{'type': {'value': 213, 'displayName': 'Angle'}, 'value': '1.49'}, {'type': {'value': 178, 'displayName': 'StandingSave'}}, {'type': {'value': 56, 'displayName': 'Zone'}, 'value': 'Back'}, {'type': {'value': 212, 'displayName': 'Length'}, 'value': '10.2'}, {'type': {'value': 140, 'displayName': 'PassEndX'}, 'value': '48.9'}, {'type': {'value': 141, 'displayName': 'PassEndY'}, 'value': '45.3'}]","[91, 117, 30, 36, 37, 216, 218]",True,388650.0,48.9,45.3,,,,,,,,,
2762464703.0,350,25,15.0,13,48.9,45.3,25,"{'value': 1, 'displayName': 'FirstHalf'}","{'value': 1, 'displayName': 'Pass'}","{'value': 1, 'displayName': 'Successful'}","[{'type': {'value': 140, 'displayName': 'PassEndX'}, 'value': '47.5'}, {'type': {'value': 213, 'displayName': 'Angle'}, 'value': '4.58'}, {'type': {'value': 56, 'displayName': 'Zone'}, 'value': 'Back'}, {'type': {'value': 141, 'displayName': 'PassEndY'}, 'value': '28.6'}, {'type': {'value': 212, 'displayName': 'Length'}, 'value': '11.5'}, {'type': {'value': 178, 'displayName': 'StandingSave'}}]","[91, 117, 30, 35, 38, 216, 218]",True,467918.0,47.5,28.6,,,,,,,,,
2762464709.0,351,25,17.0,13,47.1,29.2,25,"{'value': 1, 'displayName': 'FirstHalf'}","{'value': 1, 'displayName': 'Pass'}","{'value': 1, 'displayName': 'Successful'}","[{'type': {'value': 178, 'displayName': 'StandingSave'}}, {'type': {'value': 56, 'displayName': 'Zone'}, 'value': 'Back'}, {'type': {'value': 212, 'displayName': 'Length'}, 'value': '14.5'}, {'type': {'value': 213, 'displayName': 'Angle'}, 'value': '2.15'}, {'type': {'value': 141, 'displayName': 'PassEndY'}, 'value': '47.0'}, {'type': {'value': 140, 'displayName': 'PassEndX'}, 'value': '39.5'}]","[91, 117, 30, 35, 37, 216, 218]",True,388650.0,39.5,47.0,,,,,,,,,
2762464719.0,352,25,18.0,13,39.5,47.0,25,"{'value': 1, 'displayName': 'FirstHalf'}","{'value': 1, 'displayName': 'Pass'}","{'value': 1, 'displayName': 'Successful'}","[{'type': {'value': 56, 'displayName': 'Zone'}, 'value': 'Center'}, {'type': {'value': 178, 'displayName': 'StandingSave'}}, {'type': {'value': 213, 'displayName': 'Angle'}, 'value': '1.04'}, {'type': {'value': 140, 'displayName': 'PassEndX'}, 'value': '51.3'}, {'type': {'value': 212, 'displayName': 'Length'}, 'value': '24.3'}, {'type': {'value': 141, 'displayName': 'PassEndY'}, 'value': '77.8'}]","[91, 119, 117, 30, 36, 37, 216, 218]",True,361822.0,51.3,77.8,,,,,,,,,
2762464725.0,353,25,22.0,13,55.8,78.3,25,"{'value': 1, 'displayName': 'FirstHalf'}","{'value': 1, 'displayName': 'Pass'}","{'value': 1, 'displayName': 'Successful'}","[{'type': {'value': 212, 'displayName': 'Length'}, 'value': '13.3'}, {'type': {'value': 178, 'displayName': 'StandingSave'}}, {'type': {'value': 140, 'displayName': 'PassEndX'}, 'value': '62.6'}, {'type': {'value': 56, 'displayName': 'Zone'}, 'value': 'Left'}, {'type': {'value': 213, 'displayName': 'Angle'}, 'value': '1.00'}, {'type': {'value': 141, 'displayName': 'PassEndY'}, 'value': '94.8'}]","[91, 119, 117, 30, 36, 37, 216, 218]",True,334087.0,62.6,94.8,,,,,,,,,
2762464729.0,354,25,25.0,13,62.9,92.5,25,"{'value': 1, 'displayName': 'FirstHalf'}","{'value': 1, 'displayName': 'Pass'}","{'value': 1, 'displayName': 'Successful'}","[{'type': {'value': 178, 'displayName': 'StandingSave'}}, {'type': {'value': 140, 'displayName': 'PassEndX'}, 'value': '55.9'}, {'type': {'value': 213, 'displayName': 'Angle'}, 'value': '4.25'}, {'type': {'value': 56, 'displayName': 'Zone'}, 'value': 'Center'}, {'type': {'value': 212, 'displayName': 'Length'}, 'value': '16.6'}, {'type': {'value': 141, 'displayName': 'PassEndY'}, 'value': '70.6'}]","[91, 119, 117, 30, 35, 38, 216, 218]",True,279379.0,55.9,70.6,,,,,,,,,
2762464739.0,355,25,30.0,13,56.0,69.7,25,"{'value': 1, 'displayName': 'FirstHalf'}","{'value': 1, 'displayName': 'Pass'}","{'value': 1, 'displayName': 'Successful'}","[{'type': {'value': 140, 'displayName': 'PassEndX'}, 'value': '63.6'}, {'type': {'value': 141, 'displayName': 'PassEndY'}, 'value': '86.8'}, {'type': {'value': 178, 'displayName': 'StandingSave'}}, {'type': {'value': 212, 'displayName': 'Length'}, 'value': '14.1'}, {'type': {'value': 56, 'displayName': 'Zone'}, 'value': 'Left'}, {'type': {'value': 213, 'displayName': 'Angle'}, 'value': '0.97'}]","[91, 119, 117, 30, 36, 37, 216, 218]",True,467918.0,63.6,86.8,,,,,,,,,
2762464741.0,356,25,32.0,13,65.8,84.5,25,"{'value': 1, 'displayName': 'FirstHalf'}","{'value': 1, 'displayName': 'Pass'}","{'value': 1, 'displayName': 'Successful'}","[{'type': {'value': 56, 'displayName': 'Zone'}, 'value': 'Left'}, {'type': {'value': 178, 'displayName': 'StandingSave'}}, {'type': {'value': 140, 'displayName': 'PassEndX'}, 'value': '68.5'}, {'type': {'value': 213, 'displayName': 'Angle'}, 'value': '5.41'}, {'type': {'value': 212, 'displayName': 'Length'}, 'value': '4.4'}, {'type': {'value': 141, 'displayName': 'PassEndY'}, 'value': '79.5'}]","[91, 119, 117, 30, 205, 36, 38, 217, 218]",True,326413.0,68.5,79.5,,,,,,,,,
2762464743.0,357,25,33.0,13,68.5,79.5,25,"{'value': 1, 'displayName': 'FirstHalf'}","{'value': 1, 'displayName': 'Pass'}","{'value': 1, 'displayName': 'Successful'}","[{'type': {'value': 156, 'displayName': 'LayOff'}}, {'type': {'value': 212, 'displayName': 'Length'}, 'value': '6.4'}, {'type': {'value': 56, 'displayName': 'Zone'}, 'value': 'Left'}, {'type': {'value': 140, 'displayName': 'PassEndX'}, 'value': '65.4'}, {'type': {'value': 213, 'displayName': 'Angle'}, 'value': '2.10'}, {'type': {'value': 178, 'displayName': 'StandingSave'}}, {'type': {'value': 141, 'displayName': 'PassEndY'}, 'value': '87.6'}]","[91, 119, 117, 30, 35, 37, 216, 218]",True,279379.0,65.4,87.6,,,,,,,,,
2762464751.0,358,25,33.0,13,65.4,87.6,25,"{'value': 1, 'displayName': 'FirstHalf'}","{'value': 1, 'displayName': 'Pass'}","{'value': 1, 'displayName': 'Successful'}","[{'type': {'value': 56, 'displayName': 'Zone'}, 'value': 'Left'}, {'type': {'value': 141, 'displayName': 'PassEndY'}, 'value': '81.9'}, {'type': {'value': 140, 'displayName': 'PassEndX'}, 'value': '58.0'}, {'type': {'value': 213, 'displayName': 'Angle'}, 'value': '3.60'}, {'type': {'value': 178, 'displayName': 'StandingSave'}}, {'type': {'value': 212, 'displayName': 'Length'}, 'value': '8.7'}]","[91, 119, 117, 30, 35, 38, 216, 218]",True,326413.0,58.0,81.9,,,,,,,,,
2762464757.0,359,25,36.0,13,59.0,81.3,25,"{'value': 1, 'displayName': 'FirstHalf'}","{'value': 1, 'displayName': 'Pass'}","{'value': 1, 'displayName': 'Successful'}","[{'type': {'value': 141, 'displayName': 'PassEndY'}, 'value': '70.0'}, {'type': {'value': 213, 'displayName': 'Angle'}, 'value': '5.23'}, {'type': {'value': 56, 'displayName': 'Zone'}, 'value': 'Center'}, {'type': {'value': 212, 'displayName': 'Length'}, 'value': '8.9'}, {'type': {'value': 178, 'displayName': 'StandingSave'}}, {'type': {'value': 140, 'displayName': 'PassEndX'}, 'value': '63.2'}]","[91, 119, 117, 30, 36, 38, 216, 218]",True,334087.0,63.2,70.0,,,,,,,,,
2762464759.0,360,25,39.0,13,65.4,64.2,25,"{'value': 1, 'displayName': 'FirstHalf'}","{'value': 1, 'displayName': 'Pass'}","{'value': 1, 'displayName': 'Successful'}","[{'type': {'value': 141, 'displayName': 'PassEndY'}, 'value': '51.1'}, {'type': {'value': 178, 'displayName': 'StandingSave'}}, {'type': {'value': 213, 'displayName': 'Angle'}, 'value': '3.93'}, {'type': {'value': 140, 'displayName': 'PassEndX'}, 'value': '56.9'}, {'type': {'value': 212, 'displayName': 'Length'}, 'value': '12.6'}, {'type': {'value': 56, 'displayName': 'Zone'}, 'value': 'Center'}]","[91, 119, 117, 30, 35, 38, 216, 218]",True,467918.0,56.9,51.1,,,,,,,,,
2762464767.0,361,25,42.0,13,56.7,51.9,25,"{'value': 1, 'displayName': 'FirstHalf'}","{'value': 1, 'displayName': 'Pass'}","{'value': 1, 'displayName': 'Successful'}","[{'type': {'value': 141, 'displayName': 'PassEndY'}, 'value': '79.6'}, {'type': {'value': 212, 'displayName': 'Length'}, 'value': '19.0'}, {'type': {'value': 140, 'displayName': 'PassEndX'}, 'value': '58.7'}, {'type': {'value': 56, 'displayName': 'Zone'}, 'value': 'Left'}, {'type': {'value': 178, 'displayName': 'StandingSave'}}, {'type': {'value': 213, 'displayName': 'Angle'}, 'value': '1.46'}]","[91, 119, 117, 30, 36, 37, 216, 218]",True,361822.0,58.7,79.6,,,,,,,,,
2762464775.0,362,25,45.0,13,59.8,78.1,25,"{'value': 1, 'displayName': 'FirstHalf'}","{'value': 1, 'displayName': 'Pass'}","{'value': 1, 'displayName': 'Successful'}","[{'type': {'value': 56, 'displayName': 'Zone'}, 'value': 'Center'}, {'type': {'value': 178, 'displayName': 'StandingSave'}}, {'type': {'value': 212, 'displayName': 'Length'}, 'value': '8.3'}, {'type': {'value': 141, 'displayName': 'PassEndY'}, 'value': '66.5'}, {'type': {'value': 140, 'displayName': 'PassEndX'}, 'value': '62.3'}, {'type': {'value': 213, 'displayName': 'Angle'}, 'value': '5.03'}]","[91, 119, 117, 30, 36, 38, 216, 218]",True,334087.0,62.3,66.5,,,,,,,,,
2762464777.0,363,25,48.0,13,59.5,67.7,25,"{'value': 1, 'displayName': 'FirstHalf'}","{'value': 1, 'displayName': 'Pass'}","{'value': 1, 'displayName': 'Successful'}","[{'type': {'value': 178, 'displayName': 'StandingSave'}}, {'type': {'value': 213, 'displayName': 'Angle'}, 'value': '3.57'}, {'type': {'value': 212, 'displayName': 'Length'}, 'value': '13.7'}, {'type': {'value': 56, 'displayName': 'Zone'}, 'value': 'Back'}, {'type': {'value': 141, 'displayName': 'PassEndY'}, 'value': '59.3'}, {'type': {'value': 140, 'displayName': 'PassEndX'}, 'value': '47.6'}]","[91, 117, 30, 35, 38, 216, 218]",True,467918.0,47.6,59.3,,,,,,,,,
2762464785.0,364,25,49.0,13,47.6,59.3,25,"{'value': 1, 'displayName': 'FirstHalf'}","{'value': 1, 'displayName': 'Pass'}","{'value': 1, 'displayName': 'Successful'}","[{'type': {'value': 212, 'displayName': 'Length'}, 'value': '14.0'}, {'type': {'value': 178, 'displayName': 'StandingSave'}}, {'type': {'value': 56, 'displayName': 'Zone'}, 'value': 'Back'}, {'type': {'value': 140, 'displayName': 'PassEndX'}, 'value': '46.1'}, {'type': {'value': 213, 'displayName': 'Angle'}, 'value': '1.68'}, {'type': {'value': 141, 'displayName': 'PassEndY'}, 'value': '79.8'}]","[91, 117, 30, 35, 37, 216, 218]",True,361822.0,46.1,79.8,,,,,,,,,
2762464789.0,365,25,51.0,13,46.0,80.6,25,"{'value': 1, 'displayName': 'FirstHalf'}","{'value': 1, 'displayName': 'Pass'}","{'value': 0, 'displayName': 'Unsuccessful'}","[{'type': {'value': 140, 'displayName': 'PassEndX'}, 'value': '87.1'}, {'type': {'value': 178, 'displayName': 'StandingSave'}}, {'type': {'value': 155, 'displayName': 'Chipped'}}, {'type': {'value': 141, 'displayName': 'PassEndY'}, 'value': '96.5'}, {'type': {'value': 1, 'displayName': 'Longball'}}, {'type': {'value': 56, 'displayName': 'Zone'}, 'value': 'Left'}, {'type': {'value': 213, 'displayName': 'Angle'}, 'value': '0.25'}, {'type': {'value': 212, 'displayName': 'Length'}, 'value': '44.5'}]","[91, 120, 124, 128, 36, 37, 217, 218]",True,334087.0,87.1,96.5,,,,,,,,,
2762464791.0,129,25,56.0,165,15.2,5.8,25,"{'value': 1, 'displayName': 'FirstHalf'}","{'value': 49, 'displayName': 'BallRecovery'}","{'value': 1, 'displayName': 'Successful'}",[],[93],False,349484.0,,,,,,,,,,,
2762464797.0,130,25,56.0,165,13.3,7.0,25,"{'value': 1, 'displayName': 'FirstHalf'}","{'value': 1, 'displayName': 'Pass'}","{'value': 1, 'displayName': 'Successful'}","[{'type': {'value': 141, 'displayName': 'PassEndY'}, 'value': '17.9'}, {'type': {'value': 56, 'displayName': 'Zone'}, 'value': 'Back'}, {'type': {'value': 178, 'displayName': 'StandingSave'}}, {'type': {'value': 140, 'displayName': 'PassEndX'}, 'value': '10.5'}, {'type': {'value': 213, 'displayName': 'Angle'}, 'value': '1.95'}, {'type': {'value': 212, 'displayName': 'Length'}, 'value': '8.0'}]","[91, 117, 30, 35, 37, 215, 218]",True,349484.0,10.5,17.9,,,,,,,,,
2762464799.0,131,25,57.0,165,8.2,18.6,25,"{'value': 1, 'displayName': 'FirstHalf'}","{'value': 50, 'displayName': 'Dispossessed'}","{'value': 1, 'displayName': 'Successful'}","[{'type': {'value': 56, 'displayName': 'Zone'}, 'value': 'Back'}, {'type': {'value': 285, 'displayName': 'Defensive'}}, {'type': {'value': 233, 'displayName': 'OppositeRelatedEvent'}, 'value': '366'}]","[91, 70]",True,362826.0,,,,,,,,,,,
2762464801.0,366,25,58.0,13,91.8,81.4,25,"{'value': 1, 'displayName': 'FirstHalf'}","{'value': 7, 'displayName': 'Tackle'}","{'value': 0, 'displayName': 'Unsuccessful'}","[{'type': {'value': 286, 'displayName': 'Offensive'}}, {'type': {'value': 178, 'displayName': 'StandingSave'}}, {'type': {'value': 233, 'displayName': 'OppositeRelatedEvent'}, 'value': '131'}, {'type': {'value': 56, 'displayName': 'Zone'}, 'value': 'Left'}]","[91, 142]",True,279379.0,,,,,,,,,,,
2762464843.0,134,25,58.0,165,2.8,9.1,25,"{'value': 1, 'displayName': 'FirstHalf'}","{'value': 61, 'displayName': 'BallTouch'}","{'value': 1, 'displayName': 'Successful'}","[{'type': {'value': 178, 'displayName': 'StandingSave'}}, {'type': {'value': 56, 'displayName': 'Zone'}, 'value': 'Back'}]",[91],True,362826.0,,,,,,,,,,,
2762464805.0,132,26,1.0,165,3.1,5.6,26,"{'value': 1, 'displayName': 'FirstHalf'}","{'value': 1, 'displayName': 'Pass'}","{'value': 0, 'displayName': 'Unsuccessful'}","[{'type': {'value': 178, 'displayName': 'StandingSave'}}, {'type': {'value': 140, 'displayName': 'PassEndX'}, 'value': '5.4'}, {'type': {'value': 212, 'displayName': 'Length'}, 'value': '2.4'}, {'type': {'value': 213, 'displayName': 'Angle'}, 'value': '6.26'}, {'type': {'value': 56, 'displayName': 'Zone'}, 'value': 'Back'}, {'type': {'value': 286, 'displayName': 'Offensive'}}, {'type': {'value': 1, 'displayName': 'Longball'}}, {'type': {'value': 233, 'displayName': 'OppositeRelatedEvent'}, 'value': '367'}, {'type': {'value': 141, 'displayName': 'PassEndY'}, 'value': '5.5'}]","[91, 118, 120, 128, 36, 38, 215, 218]",True,362826.0,5.4,5.5,,,,,,,,,
2762464807.0,367,26,1.0,13,94.0,93.9,26,"{'value': 1, 'displayName': 'FirstHalf'}","{'value': 74, 'displayName': 'BlockedPass'}","{'value': 1, 'displayName': 'Successful'}","[{'type': {'value': 56, 'displayName': 'Zone'}, 'value': 'Left'}, {'type': {'value': 233, 'displayName': 'OppositeRelatedEvent'}, 'value': '132'}, {'type': {'value': 285, 'displayName': 'Defensive'}}, {'type': {'value': 178, 'displayName': 'StandingSave'}}]","[91, 60]",True,279379.0,,,,,,,,,,,
2762464861.0,369,26,29.0,13,86.3,100.0,26,"{'value': 1, 'displayName': 'FirstHalf'}","{'value': 1, 'displayName': 'Pass'}","{'value': 1, 'displayName': 'Successful'}","[{'type': {'value': 107, 'displayName': 'ThrowIn'}}, {'type': {'value': 213, 'displayName': 'Angle'}, 'value': '3.47'}, {'type': {'value': 212, 'displayName': 'Length'}, 'value': '18.1'}, {'type': {'value': 56, 'displayName': 'Zone'}, 'value': 'Left'}, {'type': {'value': 140, 'displayName': 'PassEndX'}, 'value': '70.0'}, {'type': {'value': 141, 'displayName': 'PassEndY'}, 'value': '93.0'}]","[91, 212, 35, 38, 217]",True,467918.0,70.0,93.0,,,,,,,,,
2762464865.0,370,26,32.0,13,69.6,90.7,26,"{'value': 1, 'displayName': 'FirstHalf'}","{'value': 1, 'displayName': 'Pass'}","{'value': 1, 'displayName': 'Successful'}","[{'type': {'value': 213, 'displayName': 'Angle'}, 'value': '4.38'}, {'type': {'value': 56, 'displayName': 'Zone'}, 'value': 'Center'}, {'type': {'value': 212, 'displayName': 'Length'}, 'value': '17.6'}, {'type': {'value': 141, 'displayName': 'PassEndY'}, 'value': '66.3'}, {'type': {'value': 178, 'displayName': 'StandingSave'}}, {'type': {'value': 140, 'displayName': 'PassEndX'}, 'value': '64.1'}]","[91, 119, 117, 30, 35, 38, 216, 218]",True,334087.0,64.1,66.3,,,,,,,,,
2762464869.0,371,26,34.0,13,64.1,66.3,26,"{'value': 1, 'displayName': 'FirstHalf'}","{'value': 1, 'displayName': 'Pass'}","{'value': 1, 'displayName': 'Successful'}","[{'type': {'value': 140, 'displayName': 'PassEndX'}, 'value': '63.6'}, {'type': {'value': 56, 'displayName': 'Zone'}, 'value': 'Left'}, {'type': {'value': 141, 'displayName': 'PassEndY'}, 'value': '86.7'}, {'type': {'value': 213, 'displayName': 'Angle'}, 'value': '1.61'}, {'type': {'value': 178, 'displayName': 'StandingSave'}}, {'type': {'value': 212, 'displayName': 'Length'}, 'value': '13.9'}]","[91, 119, 117, 30, 35, 37, 216, 218]",True,361822.0,63.6,86.7,,,,,,,,,
2762464875.0,372,26,36.0,13,63.6,86.7,26,"{'value': 1, 'displayName': 'FirstHalf'}","{'value': 1, 'displayName': 'Pass'}","{'value': 1, 'displayName': 'Successful'}","[{'type': {'value': 178, 'displayName': 'StandingSave'}}, {'type': {'value': 212, 'displayName': 'Length'}, 'value': '11.6'}, {'type': {'value': 141, 'displayName': 'PassEndY'}, 'value': '95.6'}, {'type': {'value': 213, 'displayName': 'Angle'}, 'value': '0.55'}, {'type': {'value': 140, 'displayName': 'PassEndX'}, 'value': '73.0'}, {'type': {'value': 56, 'displayName': 'Zone'}, 'value': 'Left'}]","[91, 119, 117, 30, 205, 36, 37, 217, 218]",True,334087.0,73.0,95.6,,,,,,,,,
2762464879.0,373,26,40.0,13,70.3,93.3,26,"{'value': 1, 'displayName': 'FirstHalf'}","{'value': 1, 'displayName': 'Pass'}","{'value': 1, 'displayName': 'Successful'}","[{'type': {'value': 141, 'displayName': 'PassEndY'}, 'value': '75.0'}, {'type': {'value': 178, 'displayName': 'StandingSave'}}, {'type': {'value': 212, 'displayName': 'Length'}, 'value': '13.4'}, {'type': {'value': 56, 'displayName': 'Zone'}, 'value': 'Center'}, {'type': {'value': 213, 'displayName': 'Angle'}, 'value': '4.33'}, {'type': {'value': 140, 'displayName': 'PassEndX'}, 'value': '65.6'}]","[91, 119, 117, 30, 35, 38, 216, 218]",True,113994.0,65.6,75.0,,,,,,,,,
2762464883.0,374,26,42.0,13,65.4,75.0,26,"{'value': 1, 'displayName': 'FirstHalf'}","{'value': 1, 'displayName': 'Pass'}","{'value': 1, 'displayName': 'Successful'}","[{'type': {'value': 140, 'displayName': 'PassEndX'}, 'value': '71.5'}, {'type': {'value': 178, 'displayName': 'StandingSave'}}, {'type': {'value': 141, 'displayName': 'PassEndY'}, 'value': '72.0'}, {'type': {'value': 212, 'displayName': 'Length'}, 'value': '6.7'}, {'type': {'value': 56, 'displayName': 'Zone'}, 'value': 'Center'}, {'type': {'value': 213, 'displayName': 'Angle'}, 'value': '5.97'}]","[91, 119, 117, 30, 205, 36, 38, 217, 218]",True,334087.0,71.5,72.0,,,,,,,,,
2762464885.0,375,26,43.0,13,71.5,72.0,26,"{'value': 1, 'displayName': 'FirstHalf'}","{'value': 1, 'displayName': 'Pass'}","{'value': 0, 'displayName': 'Unsuccessful'}","[{'type': {'value': 140, 'displayName': 'PassEndX'}, 'value': '73.0'}, {'type': {'value': 56, 'displayName': 'Zone'}, 'value': 'Center'}, {'type': {'value': 213, 'displayName': 'Angle'}, 'value': '1.01'}, {'type': {'value': 233, 'displayName': 'OppositeRelatedEvent'}, 'value': '135'}, {'type': {'value': 178, 'displayName': 'StandingSave'}}, {'type': {'value': 212, 'displayName': 'Length'}, 'value': '3.0'}, {'type': {'value': 286, 'displayName': 'Offensive'}}, {'type': {'value': 141, 'displayName': 'PassEndY'}, 'value': '75.7'}]","[91, 120, 29, 36, 37, 217, 218]",True,332325.0,73.0,75.7,,,,,,,,,
2762464891.0,135,26,43.0,165,32.5,19.5,26,"{'value': 1, 'displayName': 'FirstHalf'}","{'value': 74, 'displayName': 'BlockedPass'}","{'value': 1, 'displayName': 'Successful'}","[{'type': {'value': 233, 'displayName': 'OppositeRelatedEvent'}, 'value': '375'}, {'type': {'value': 178, 'displayName': 'StandingSave'}}, {'type': {'value': 56, 'displayName': 'Zone'}, 'value': 'Back'}, {'type': {'value': 285, 'displayName': 'Defensive'}}]","[91, 60]",True,270446.0,,,,,,,,,,,
2762478061.0,668,26,43.0,165,34.5,16.4,26,"{'value': 1, 'displayName': 'FirstHalf'}","{'value': 61, 'displayName': 'BallTouch'}","{'value': 0, 'displayName': 'Unsuccessful'}","[{'type': {'value': 56, 'displayName': 'Zone'}, 'value': 'Back'}, {'type': {'value': 178, 'displayName': 'StandingSave'}}]","[91, 69]",True,430908.0,,,,,,,,,,,
2762464903.0,376,26,44.0,13,70.4,90.7,26,"{'value': 1, 'displayName': 'FirstHalf'}","{'value': 1, 'displayName': 'Pass'}","{'value': 1, 'displayName': 'Successful'}","[{'type': {'value': 140, 'displayName': 'PassEndX'}, 'value': '59.2'}, {'type': {'value': 178, 'displayName': 'StandingSave'}}, {'type': {'value': 212, 'displayName': 'Length'}, 'value': '12.6'}, {'type': {'value': 141, 'displayName': 'PassEndY'}, 'value': '83.9'}, {'type': {'value': 56, 'displayName': 'Zone'}, 'value': 'Left'}, {'type': {'value': 213, 'displayName': 'Angle'}, 'value': '3.52'}]","[91, 119, 117, 30, 35, 38, 216, 218]",True,113994.0,59.2,83.9,,,,,,,,,
2762464911.0,377,26,47.0,13,60.4,83.2,26,"{'value': 1, 'displayName': 'FirstHalf'}","{'value': 1, 'displayName': 'Pass'}","{'value': 1, 'displayName': 'Successful'}","[{'type': {'value': 213, 'displayName': 'Angle'}, 'value': '4.90'}, {'type': {'value': 56, 'displayName': 'Zone'}, 'value': 'Center'}, {'type': {'value': 212, 'displayName': 'Length'}, 'value': '11.7'}, {'type': {'value': 178, 'displayName': 'StandingSave'}}, {'type': {'value': 141, 'displayName': 'PassEndY'}, 'value': '66.3'}, {'type': {'value': 140, 'displayName': 'PassEndX'}, 'value': '62.5'}]","[91, 119, 117, 30, 36, 38, 216, 218]",True,334087.0,62.5,66.3,,,,,,,,,
2762464917.0,378,26,50.0,13,61.9,65.2,26,"{'value': 1, 'displayName': 'FirstHalf'}","{'value': 1, 'displayName': 'Pass'}","{'value': 1, 'displayName': 'Successful'}","[{'type': {'value': 212, 'displayName': 'Length'}, 'value': '9.7'}, {'type': {'value': 56, 'displayName': 'Zone'}, 'value': 'Left'}, {'type': {'value': 140, 'displayName': 'PassEndX'}, 'value': '63.2'}, {'type': {'value': 213, 'displayName': 'Angle'}, 'value': '1.43'}, {'type': {'value': 141, 'displayName': 'PassEndY'}, 'value': '79.3'}, {'type': {'value': 178, 'displayName': 'StandingSave'}}]","[91, 119, 117, 30, 36, 37, 216, 218]",True,332325.0,63.2,79.3,,,,,,,,,
2762464921.0,379,26,53.0,13,63.3,77.3,26,"{'value': 1, 'displayName': 'FirstHalf'}","{'value': 1, 'displayName': 'Pass'}","{'value': 1, 'displayName': 'Successful'}","[{'type': {'value': 213, 'displayName': 'Angle'}, 'value': '4.46'}, {'type': {'value': 56, 'displayName': 'Zone'}, 'value': 'Center'}, {'type': {'value': 212, 'displayName': 'Length'}, 'value': '8.4'}, {'type': {'value': 141, 'displayName': 'PassEndY'}, 'value': '65.4'}, {'type': {'value': 178, 'displayName': 'StandingSave'}}, {'type': {'value': 140, 'displayName': 'PassEndX'}, 'value': '61.3'}]","[91, 119, 117, 30, 35, 38, 216, 218]",True,334087.0,61.3,65.4,,,,,,,,,
2762464927.0,380,26,55.0,13,61.7,60.6,26,"{'value': 1, 'displayName': 'FirstHalf'}","{'value': 1, 'displayName': 'Pass'}","{'value': 1, 'displayName': 'Successful'}","[{'type': {'value': 141, 'displayName': 'PassEndY'}, 'value': '37.5'}, {'type': {'value': 178, 'displayName': 'StandingSave'}}, {'type': {'value': 56, 'displayName': 'Zone'}, 'value': 'Center'}, {'type': {'value': 213, 'displayName': 'Angle'}, 'value': '4.82'}, {'type': {'value': 212, 'displayName': 'Length'}, 'value': '15.8'}, {'type': {'value': 140, 'displayName': 'PassEndX'}, 'value': '63.3'}]","[91, 119, 117, 30, 36, 38, 216, 218]",True,332325.0,63.3,37.5,,,,,,,,,
2762464929.0,381,26,58.0,13,70.9,32.2,26,"{'value': 1, 'displayName': 'FirstHalf'}","{'value': 1, 'displayName': 'Pass'}","{'value': 1, 'displayName': 'Successful'}","[{'type': {'value': 140, 'displayName': 'PassEndX'}, 'value': '72.7'}, {'type': {'value': 213, 'displayName': 'Angle'}, 'value': '4.87'}, {'type': {'value': 212, 'displayName': 'Length'}, 'value': '12.2'}, {'type': {'value': 141, 'displayName': 'PassEndY'}, 'value': '14.5'}, {'type': {'value': 56, 'displayName': 'Zone'}, 'value': 'Right'}, {'type': {'value': 178, 'displayName': 'StandingSave'}}]","[91, 119, 117, 30, 205, 36, 38, 217, 218]",True,388650.0,72.7,14.5,,,,,,,,,
2762464931.0,382,27,0.0,13,73.7,7.3,27,"{'value': 1, 'displayName': 'FirstHalf'}","{'value': 1, 'displayName': 'Pass'}","{'value': 1, 'displayName': 'Successful'}","[{'type': {'value': 213, 'displayName': 'Angle'}, 'value': '5.96'}, {'type': {'value': 141, 'displayName': 'PassEndY'}, 'value': '2.6'}, {'type': {'value': 140, 'displayName': 'PassEndX'}, 'value': '82.7'}, {'type': {'value': 56, 'displayName': 'Zone'}, 'value': 'Right'}, {'type': {'value': 178, 'displayName': 'StandingSave'}}, {'type': {'value': 212, 'displayName': 'Length'}, 'value': '10.0'}]","[91, 119, 117, 30, 205, 36, 38, 217, 218]",True,247454.0,82.7,2.6,,,,,,,,,
2762464935.0,383,27,2.0,13,82.0,2.6,27,"{'value': 1, 'displayName': 'FirstHalf'}","{'value': 1, 'displayName': 'Pass'}","{'value': 1, 'displayName': 'Successful'}","[{'type': {'value': 141, 'displayName': 'PassEndY'}, 'value': '7.5'}, {'type': {'value': 213, 'displayName': 'Angle'}, 'value': '2.90'}, {'type': {'value': 178, 'displayName': 'StandingSave'}}, {'type': {'value': 56, 'displayName': 'Zone'}, 'value': 'Right'}, {'type': {'value': 140, 'displayName': 'PassEndX'}, 'value': '68.9'}, {'type': {'value': 212, 'displayName': 'Length'}, 'value': '14.2'}]","[91, 119, 117, 30, 205, 35, 37, 217, 218]",True,380706.0,68.9,7.5,,,,,,,,,
2762464939.0,384,27,4.0,13,68.7,7.6,27,"{'value': 1, 'displayName': 'FirstHalf'}","{'value': 1, 'displayName': 'Pass'}","{'value': 1, 'displayName': 'Successful'}","[{'type': {'value': 141, 'displayName': 'PassEndY'}, 'value': '19.9'}, {'type': {'value': 178, 'displayName': 'StandingSave'}}, {'type': {'value': 140, 'displayName': 'PassEndX'}, 'value': '71.0'}, {'type': {'value': 213, 'displayName': 'Angle'}, 'value': '1.29'}, {'type': {'value': 212, 'displayName': 'Length'}, 'value': '8.7'}, {'type': {'value': 56, 'displayName': 'Zone'}, 'value': 'Right'}]","[91, 119, 117, 30, 205, 36, 37, 217, 218]",True,247454.0,71.0,19.9,,,,,,,,,
2762464945.0,385,27,6.0,13,69.8,18.5,27,"{'value': 1, 'displayName': 'FirstHalf'}","{'value': 1, 'displayName': 'Pass'}","{'value': 1, 'displayName': 'Successful'}","[{'type': {'value': 56, 'displayName': 'Zone'}, 'value': 'Right'}, {'type': {'value': 212, 'displayName': 'Length'}, 'value': '10.2'}, {'type': {'value': 141, 'displayName': 'PassEndY'}, 'value': '9.3'}, {'type': {'value': 140, 'displayName': 'PassEndX'}, 'value': '77.5'}, {'type': {'value': 178, 'displayName': 'StandingSave'}}, {'type': {'value': 213, 'displayName': 'Angle'}, 'value': '5.62'}]","[91, 119, 117, 30, 205, 36, 38, 217, 218]",True,326413.0,77.5,9.3,,,,,,,,,
2762464949.0,386,27,10.0,13,78.9,9.0,27,"{'value': 1, 'displayName': 'FirstHalf'}","{'value': 1, 'displayName': 'Pass'}","{'value': 1, 'displayName': 'Successful'}","[{'type': {'value': 141, 'displayName': 'PassEndY'}, 'value': '11.3'}, {'type': {'value': 212, 'displayName': 'Length'}, 'value': '10.0'}, {'type': {'value': 56, 'displayName': 'Zone'}, 'value': 'Right'}, {'type': {'value': 140, 'displayName': 'PassEndX'}, 'value': '69.5'}, {'type': {'value': 178, 'displayName': 'StandingSave'}}, {'type': {'value': 213, 'displayName': 'Angle'}, 'value': '2.98'}]","[91, 119, 117, 30, 205, 35, 37, 217, 218]",True,388650.0,69.5,11.3,,,,,,,,,
2762464951.0,387,27,11.0,13,69.5,11.2,27,"{'value': 1, 'displayName': 'FirstHalf'}","{'value': 1, 'displayName': 'Pass'}","{'value': 1, 'displayName': 'Successful'}","[{'type': {'value': 178, 'displayName': 'StandingSave'}}, {'type': {'value': 140, 'displayName': 'PassEndX'}, 'value': '74.7'}, {'type': {'value': 141, 'displayName': 'PassEndY'}, 'value': '4.1'}, {'type': {'value': 56, 'displayName': 'Zone'}, 'value': 'Right'}, {'type': {'value': 213, 'displayName': 'Angle'}, 'value': '5.56'}, {'type': {'value': 212, 'displayName': 'Length'}, 'value': '7.3'}]","[91, 119, 117, 30, 205, 36, 38, 217, 218]",True,326413.0,74.7,4.1,,,,,,,,,
2762464955.0,136,27,13.0,165,21.5,96.2,27,"{'value': 1, 'displayName': 'FirstHalf'}","{'value': 45, 'displayName': 'Challenge'}","{'value': 0, 'displayName': 'Unsuccessful'}","[{'type': {'value': 285, 'displayName': 'Defensive'}}, {'type': {'value': 233, 'displayName': 'OppositeRelatedEvent'}, 'value': '388'}, {'type': {'value': 56, 'displayName': 'Zone'}, 'value': 'Back'}]",[55],False,138686.0,,,,,,,,,,,
2762464959.0,388,27,13.0,13,78.5,3.8,27,"{'value': 1, 'displayName': 'FirstHalf'}","{'value': 3, 'displayName': 'TakeOn'}","{'value': 1, 'displayName': 'Successful'}","[{'type': {'value': 56, 'displayName': 'Zone'}, 'value': 'Right'}, {'type': {'value': 178, 'displayName': 'StandingSave'}}, {'type': {'value': 233, 'displayName': 'OppositeRelatedEvent'}, 'value': '136'}, {'type': {'value': 286, 'displayName': 'Offensive'}}]","[91, 54]",True,388650.0,,,,,,,,,,,
2762464969.0,389,27,15.0,13,86.4,6.1,27,"{'value': 1, 'displayName': 'FirstHalf'}","{'value': 1, 'displayName': 'Pass'}","{'value': 0, 'displayName': 'Unsuccessful'}","[{'type': {'value': 213, 'displayName': 'Angle'}, 'value': '1.48'}, {'type': {'value': 141, 'displayName': 'PassEndY'}, 'value': '28.6'}, {'type': {'value': 140, 'displayName': 'PassEndX'}, 'value': '87.7'}, {'type': {'value': 56, 'displayName': 'Zone'}, 'value': 'Center'}, {'type': {'value': 178, 'displayName': 'StandingSave'}}, {'type': {'value': 212, 'displayName': 'Length'}, 'value': '15.4'}]","[91, 120, 29, 36, 37, 217, 218]",True,388650.0,87.7,28.6,,,,,,,,,
2762464977.0,137,27,17.0,165,12.0,69.9,27,"{'value': 1, 'displayName': 'FirstHalf'}","{'value': 50, 'displayName': 'Dispossessed'}","{'value': 1, 'displayName': 'Successful'}","[{'type': {'value': 56, 'displayName': 'Zone'}, 'value': 'Back'}, {'type': {'value': 233, 'displayName': 'OppositeRelatedEvent'}, 'value': '390'}, {'type': {'value': 285, 'displayName': 'Defensive'}}]","[91, 70]",True,270446.0,,,,,,,,,,,
2762464971.0,390,27,17.0,13,88.0,30.1,27,"{'value': 1, 'displayName': 'FirstHalf'}","{'value': 7, 'displayName': 'Tackle'}","{'value': 0, 'displayName': 'Unsuccessful'}","[{'type': {'value': 286, 'displayName': 'Offensive'}}, {'type': {'value': 178, 'displayName': 'StandingSave'}}, {'type': {'value': 56, 'displayName': 'Zone'}, 'value': 'Center'}, {'type': {'value': 233, 'displayName': 'OppositeRelatedEvent'}, 'value': '137'}]","[91, 142]",True,247454.0,,,,,,,,,,,
2762478511.0,678,27,17.0,165,12.5,68.9,27,"{'value': 1, 'displayName': 'FirstHalf'}","{'value': 61, 'displayName': 'BallTouch'}","{'value': 1, 'displayName': 'Successful'}","[{'type': {'value': 178, 'displayName': 'StandingSave'}}, {'type': {'value': 56, 'displayName': 'Zone'}, 'value': 'Back'}]",[91],True,270446.0,,,,,,,,,,,
2762464979.0,138,27,18.0,165,9.6,72.6,27,"{'value': 1, 'displayName': 'FirstHalf'}","{'value': 3, 'displayName': 'TakeOn'}","{'value': 0, 'displayName': 'Unsuccessful'}","[{'type': {'value': 233, 'displayName': 'OppositeRelatedEvent'}, 'value': '391'}, {'type': {'value': 285, 'displayName': 'Defensive'}}, {'type': {'value': 178, 'displayName': 'StandingSave'}}, {'type': {'value': 56, 'displayName': 'Zone'}, 'value': 'Back'}]","[91, 53]",True,366211.0,,,,,,,,,,,
2762464989.0,391,27,18.0,13,90.4,27.4,27,"{'value': 1, 'displayName': 'FirstHalf'}","{'value': 7, 'displayName': 'Tackle'}","{'value': 0, 'displayName': 'Unsuccessful'}","[{'type': {'value': 286, 'displayName': 'Offensive'}}, {'type': {'value': 56, 'displayName': 'Zone'}, 'value': 'Center'}, {'type': {'value': 178, 'displayName': 'StandingSave'}}, {'type': {'value': 233, 'displayName': 'OppositeRelatedEvent'}, 'value': '138'}]","[91, 142]",True,388650.0,,,,,,,,,,,
2762464981.0,139,27,18.0,165,8.6,73.0,27,"{'value': 1, 'displayName': 'FirstHalf'}","{'value': 61, 'displayName': 'BallTouch'}","{'value': 1, 'displayName': 'Successful'}","[{'type': {'value': 56, 'displayName': 'Zone'}, 'value': 'Back'}, {'type': {'value': 178, 'displayName': 'StandingSave'}}]",[91],True,366211.0,,,,,,,,,,,
2762464991.0,140,27,20.0,165,11.9,76.7,27,"{'value': 1, 'displayName': 'FirstHalf'}","{'value': 1, 'displayName': 'Pass'}","{'value': 1, 'displayName': 'Successful'}","[{'type': {'value': 212, 'displayName': 'Length'}, 'value': '13.1'}, {'type': {'value': 178, 'displayName': 'StandingSave'}}, {'type': {'value': 140, 'displayName': 'PassEndX'}, 'value': '6.9'}, {'type': {'value': 213, 'displayName': 'Angle'}, 'value': '1.98'}, {'type': {'value': 56, 'displayName': 'Zone'}, 'value': 'Back'}, {'type': {'value': 141, 'displayName': 'PassEndY'}, 'value': '94.4'}]","[91, 117, 30, 35, 37, 215, 218]",True,404108.0,6.9,94.4,,,,,,,,,
2762464993.0,141,27,22.0,165,6.9,94.2,27,"{'value': 1, 'displayName': 'FirstHalf'}","{'value': 49, 'displayName': 'BallRecovery'}","{'value': 1, 'displayName': 'Successful'}",[],[93],False,138686.0,,,,,,,,,,,
2762464999.0,142,27,22.0,165,6.9,94.2,27,"{'value': 1, 'displayName': 'FirstHalf'}","{'value': 1, 'displayName': 'Pass'}","{'value': 1, 'displayName': 'Successful'}","[{'type': {'value': 213, 'displayName': 'Angle'}, 'value': '0.15'}, {'type': {'value': 56, 'displayName': 'Zone'}, 'value': 'Back'}, {'type': {'value': 141, 'displayName': 'PassEndY'}, 'value': '96.8'}, {'type': {'value': 212, 'displayName': 'Length'}, 'value': '11.6'}, {'type': {'value': 178, 'displayName': 'StandingSave'}}, {'type': {'value': 140, 'displayName': 'PassEndX'}, 'value': '17.8'}]","[91, 117, 30, 36, 37, 215, 218]",True,138686.0,17.8,96.8,,,,,,,,,
2762465003.0,143,27,23.0,165,17.9,96.8,27,"{'value': 1, 'displayName': 'FirstHalf'}","{'value': 1, 'displayName': 'Pass'}","{'value': 0, 'displayName': 'Unsuccessful'}","[{'type': {'value': 140, 'displayName': 'PassEndX'}, 'value': '19.2'}, {'type': {'value': 286, 'displayName': 'Offensive'}}, {'type': {'value': 212, 'displayName': 'Length'}, 'value': '1.4'}, {'type': {'value': 233, 'displayName': 'OppositeRelatedEvent'}, 'value': '392'}, {'type': {'value': 213, 'displayName': 'Angle'}, 'value': '6.04'}, {'type': {'value': 178, 'displayName': 'StandingSave'}}, {'type': {'value': 56, 'displayName': 'Zone'}, 'value': 'Back'}, {'type': {'value': 141, 'displayName': 'PassEndY'}, 'value': '96.3'}]","[91, 118, 120, 29, 36, 38, 215, 218]",True,404108.0,19.2,96.3,,,,,,,,,
2762465001.0,392,27,24.0,13,70.1,5.4,27,"{'value': 1, 'displayName': 'FirstHalf'}","{'value': 74, 'displayName': 'BlockedPass'}","{'value': 1, 'displayName': 'Successful'}","[{'type': {'value': 178, 'displayName': 'StandingSave'}}, {'type': {'value': 56, 'displayName': 'Zone'}, 'value': 'Right'}, {'type': {'value': 233, 'displayName': 'OppositeRelatedEvent'}, 'value': '143'}, {'type': {'value': 285, 'displayName': 'Defensive'}}]","[91, 60]",True,279379.0,,,,,,,,,,,
2762465049.0,145,27,47.0,165,22.5,100.0,27,"{'value': 1, 'displayName': 'FirstHalf'}","{'value': 1, 'displayName': 'Pass'}","{'value': 1, 'displayName': 'Successful'}","[{'type': {'value': 56, 'displayName': 'Zone'}, 'value': 'Back'}, {'type': {'value': 213, 'displayName': 'Angle'}, 'value': '5.92'}, {'type': {'value': 140, 'displayName': 'PassEndX'}, 'value': '37.1'}, {'type': {'value': 141, 'displayName': 'PassEndY'}, 'value': '93.0'}, {'type': {'value': 107, 'displayName': 'ThrowIn'}}, {'type': {'value': 212, 'displayName': 'Length'}, 'value': '16.4'}]","[91, 212, 36, 38, 216]",True,366211.0,37.1,93.0,,,,,,,,,
2762465051.0,146,27,47.0,165,37.1,93.0,27,"{'value': 1, 'displayName': 'FirstHalf'}","{'value': 1, 'displayName': 'Pass'}","{'value': 0, 'displayName': 'Unsuccessful'}","[{'type': {'value': 213, 'displayName': 'Angle'}, 'value': '0.17'}, {'type': {'value': 178, 'displayName': 'StandingSave'}}, {'type': {'value': 141, 'displayName': 'PassEndY'}, 'value': '94.4'}, {'type': {'value': 56, 'displayName': 'Zone'}, 'value': 'Back'}, {'type': {'value': 212, 'displayName': 'Length'}, 'value': '5.5'}, {'type': {'value': 140, 'displayName': 'PassEndX'}, 'value': '42.3'}, {'type': {'value': 155, 'displayName': 'Chipped'}}]","[91, 118, 120, 29, 124, 36, 37, 216, 218]",True,404108.0,42.3,94.4,,,,,,,,,
2762465055.0,394,27,48.0,13,53.3,5.5,27,"{'value': 1, 'displayName': 'FirstHalf'}","{'value': 1, 'displayName': 'Pass'}","{'value': 0, 'displayName': 'Unsuccessful'}","[{'type': {'value': 140, 'displayName': 'PassEndX'}, 'value': '68.7'}, {'type': {'value': 212, 'displayName': 'Length'}, 'value': '16.2'}, {'type': {'value': 3, 'displayName': 'HeadPass'}}, {'type': {'value': 141, 'displayName': 'PassEndY'}, 'value': '4.6'}, {'type': {'value': 213, 'displayName': 'Angle'}, 'value': '6.25'}, {'type': {'value': 56, 'displayName': 'Zone'}, 'value': 'Right'}]","[91, 120, 29, 139, 36, 38, 217, 218]",True,388650.0,68.7,4.6,,,,,,,,,
2762465053.0,147,27,50.0,165,29.9,95.7,27,"{'value': 1, 'displayName': 'FirstHalf'}","{'value': 44, 'displayName': 'Aerial'}","{'value': 1, 'displayName': 'Successful'}","[{'type': {'value': 233, 'displayName': 'OppositeRelatedEvent'}, 'value': '395'}, {'type': {'value': 285, 'displayName': 'Defensive'}}, {'type': {'value': 56, 'displayName': 'Zone'}, 'value': 'Back'}]","[197, 200]",False,366211.0,,,,,,,,,,,
2762465057.0,395,27,50.0,13,70.1,4.3,27,"{'value': 1, 'displayName': 'FirstHalf'}","{'value': 44, 'displayName': 'Aerial'}","{'value': 0, 'displayName': 'Unsuccessful'}","[{'type': {'value': 286, 'displayName': 'Offensive'}}, {'type': {'value': 56, 'displayName': 'Zone'}, 'value': 'Right'}, {'type': {'value': 233, 'displayName': 'OppositeRelatedEvent'}, 'value': '147'}]","[198, 199]",False,279379.0,,,,,,,,,,,
2762465059.0,148,27,50.0,165,27.6,96.3,27,"{'value': 1, 'displayName': 'FirstHalf'}","{'value': 1, 'displayName': 'Pass'}","{'value': 1, 'displayName': 'Successful'}","[{'type': {'value': 141, 'displayName': 'PassEndY'}, 'value': '88.4'}, {'type': {'value': 213, 'displayName': 'Angle'}, 'value': '5.69'}, {'type': {'value': 56, 'displayName': 'Zone'}, 'value': 'Back'}, {'type': {'value': 3, 'displayName': 'HeadPass'}}, {'type': {'value': 212, 'displayName': 'Length'}, 'value': '9.6'}, {'type': {'value': 140, 'displayName': 'PassEndX'}, 'value': '35.2'}]","[91, 117, 30, 139, 36, 38, 216, 218]",True,366211.0,35.2,88.4,,,,,,,,,
2762465061.0,149,27,52.0,165,35.2,88.4,27,"{'value': 1, 'displayName': 'FirstHalf'}","{'value': 1, 'displayName': 'Pass'}","{'value': 1, 'displayName': 'Successful'}","[{'type': {'value': 140, 'displayName': 'PassEndX'}, 'value': '40.7'}, {'type': {'value': 178, 'displayName': 'StandingSave'}}, {'type': {'value': 141, 'displayName': 'PassEndY'}, 'value': '88.9'}, {'type': {'value': 212, 'displayName': 'Length'}, 'value': '5.8'}, {'type': {'value': 213, 'displayName': 'Angle'}, 'value': '0.06'}, {'type': {'value': 56, 'displayName': 'Zone'}, 'value': 'Back'}]","[91, 117, 30, 36, 37, 216, 218]",True,404108.0,40.7,88.9,,,,,,,,,
2762465063.0,150,27,53.0,165,40.4,87.2,27,"{'value': 1, 'displayName': 'FirstHalf'}","{'value': 61, 'displayName': 'BallTouch'}","{'value': 1, 'displayName': 'Successful'}","[{'type': {'value': 178, 'displayName': 'StandingSave'}}, {'type': {'value': 56, 'displayName': 'Zone'}, 'value': 'Back'}]",[91],True,401254.0,,,,,,,,,,,
2762465065.0,151,27,55.0,165,38.2,82.8,27,"{'value': 1, 'displayName': 'FirstHalf'}","{'value': 50, 'displayName': 'Dispossessed'}","{'value': 1, 'displayName': 'Successful'}","[{'type': {'value': 286, 'displayName': 'Offensive'}}, {'type': {'value': 233, 'displayName': 'OppositeRelatedEvent'}, 'value': '396'}, {'type': {'value': 56, 'displayName': 'Zone'}, 'value': 'Back'}]","[91, 70]",True,404108.0,,,,,,,,,,,
2762465067.0,396,27,55.0,13,61.8,17.2,27,"{'value': 1, 'displayName': 'FirstHalf'}","{'value': 7, 'displayName': 'Tackle'}","{'value': 0, 'displayName': 'Unsuccessful'}","[{'type': {'value': 178, 'displayName': 'StandingSave'}}, {'type': {'value': 233, 'displayName': 'OppositeRelatedEvent'}, 'value': '151'}, {'type': {'value': 56, 'displayName': 'Zone'}, 'value': 'Right'}, {'type': {'value': 285, 'displayName': 'Defensive'}}]","[91, 142]",True,247454.0,,,,,,,,,,,
2762465069.0,152,27,56.0,165,42.1,77.8,27,"{'value': 1, 'displayName': 'FirstHalf'}","{'value': 1, 'displayName': 'Pass'}","{'value': 1, 'displayName': 'Successful'}","[{'type': {'value': 140, 'displayName': 'PassEndX'}, 'value': '37.4'}, {'type': {'value': 178, 'displayName': 'StandingSave'}}, {'type': {'value': 141, 'displayName': 'PassEndY'}, 'value': '70.5'}, {'type': {'value': 212, 'displayName': 'Length'}, 'value': '7.0'}, {'type': {'value': 213, 'displayName': 'Angle'}, 'value': '3.93'}, {'type': {'value': 56, 'displayName': 'Zone'}, 'value': 'Back'}]","[91, 117, 30, 35, 38, 216, 218]",True,430908.0,37.4,70.5,,,,,,,,,
2762465071.0,153,27,58.0,165,37.3,69.4,27,"{'value': 1, 'displayName': 'FirstHalf'}","{'value': 1, 'displayName': 'Pass'}","{'value': 1, 'displayName': 'Successful'}","[{'type': {'value': 212, 'displayName': 'Length'}, 'value': '13.7'}, {'type': {'value': 178, 'displayName': 'StandingSave'}}, {'type': {'value': 140, 'displayName': 'PassEndX'}, 'value': '27.9'}, {'type': {'value': 56, 'displayName': 'Zone'}, 'value': 'Back'}, {'type': {'value': 213, 'displayName': 'Angle'}, 'value': '3.91'}, {'type': {'value': 141, 'displayName': 'PassEndY'}, 'value': '55.5'}]","[91, 117, 30, 35, 38, 215, 218]",True,270446.0,27.9,55.5,,,,,,,,,
2762465073.0,154,28,0.0,165,27.9,55.5,28,"{'value': 1, 'displayName': 'FirstHalf'}","{'value': 1, 'displayName': 'Pass'}","{'value': 1, 'displayName': 'Successful'}","[{'type': {'value': 56, 'displayName': 'Zone'}, 'value': 'Back'}, {'type': {'value': 212, 'displayName': 'Length'}, 'value': '28.4'}, {'type': {'value': 213, 'displayName': 'Angle'}, 'value': '5.38'}, {'type': {'value': 178, 'displayName': 'StandingSave'}}, {'type': {'value': 140, 'displayName': 'PassEndX'}, 'value': '44.6'}, {'type': {'value': 141, 'displayName': 'PassEndY'}, 'value': '22.7'}]","[91, 117, 30, 36, 38, 216, 218]",True,356599.0,44.6,22.7,,,,,,,,,
2762465075.0,155,28,5.0,165,56.2,13.1,28,"{'value': 1, 'displayName': 'FirstHalf'}","{'value': 1, 'displayName': 'Pass'}","{'value': 1, 'displayName': 'Successful'}","[{'type': {'value': 141, 'displayName': 'PassEndY'}, 'value': '22.2'}, {'type': {'value': 56, 'displayName': 'Zone'}, 'value': 'Center'}, {'type': {'value': 213, 'displayName': 'Angle'}, 'value': '2.26'}, {'type': {'value': 178, 'displayName': 'StandingSave'}}, {'type': {'value': 212, 'displayName': 'Length'}, 'value': '8.0'}, {'type': {'value': 140, 'displayName': 'PassEndX'}, 'value': '51.3'}]","[91, 119, 117, 30, 35, 37, 216, 218]",True,362826.0,51.3,22.2,,,,,,,,,
2762465077.0,156,28,7.0,165,53.4,24.7,28,"{'value': 1, 'displayName': 'FirstHalf'}","{'value': 1, 'displayName': 'Pass'}","{'value': 1, 'displayName': 'Successful'}","[{'type': {'value': 56, 'displayName': 'Zone'}, 'value': 'Center'}, {'type': {'value': 213, 'displayName': 'Angle'}, 'value': '6.24'}, {'type': {'value': 178, 'displayName': 'StandingSave'}}, {'type': {'value': 140, 'displayName': 'PassEndX'}, 'value': '62.6'}, {'type': {'value': 212, 'displayName': 'Length'}, 'value': '9.7'}, {'type': {'value': 141, 'displayName': 'PassEndY'}, 'value': '24.1'}]","[91, 119, 117, 30, 36, 38, 216, 218]",True,270446.0,62.6,24.1,,,,,,,,,
2762465079.0,157,28,8.0,165,62.6,24.1,28,"{'value': 1, 'displayName': 'FirstHalf'}","{'value': 1, 'displayName': 'Pass'}","{'value': 1, 'displayName': 'Successful'}","[{'type': {'value': 140, 'displayName': 'PassEndX'}, 'value': '54.1'}, {'type': {'value': 178, 'displayName': 'StandingSave'}}, {'type': {'value': 141, 'displayName': 'PassEndY'}, 'value': '25.8'}, {'type': {'value': 212, 'displayName': 'Length'}, 'value': '9.0'}, {'type': {'value': 56, 'displayName': 'Zone'}, 'value': 'Center'}, {'type': {'value': 213, 'displayName': 'Angle'}, 'value': '3.01'}]","[91, 119, 117, 30, 35, 37, 216, 218]",True,430908.0,54.1,25.8,,,,,,,,,
2762465087.0,158,28,9.0,165,54.1,25.8,28,"{'value': 1, 'displayName': 'FirstHalf'}","{'value': 1, 'displayName': 'Pass'}","{'value': 1, 'displayName': 'Successful'}","[{'type': {'value': 213, 'displayName': 'Angle'}, 'value': '2.17'}, {'type': {'value': 56, 'displayName': 'Zone'}, 'value': 'Back'}, {'type': {'value': 140, 'displayName': 'PassEndX'}, 'value': '44.8'}, {'type': {'value': 178, 'displayName': 'StandingSave'}}, {'type': {'value': 141, 'displayName': 'PassEndY'}, 'value': '46.9'}, {'type': {'value': 212, 'displayName': 'Length'}, 'value': '17.4'}]","[91, 117, 30, 35, 37, 216, 218]",True,270446.0,44.8,46.9,,,,,,,,,
2762465089.0,159,28,14.0,165,50.3,52.5,28,"{'value': 1, 'displayName': 'FirstHalf'}","{'value': 1, 'displayName': 'Pass'}","{'value': 1, 'displayName': 'Successful'}","[{'type': {'value': 212, 'displayName': 'Length'}, 'value': '11.5'}, {'type': {'value': 141, 'displayName': 'PassEndY'}, 'value': '35.8'}, {'type': {'value': 140, 'displayName': 'PassEndX'}, 'value': '52.1'}, {'type': {'value': 56, 'displayName': 'Zone'}, 'value': 'Center'}, {'type': {'value': 178, 'displayName': 'StandingSave'}}, {'type': {'value': 213, 'displayName': 'Angle'}, 'value': '4.88'}]","[91, 119, 117, 30, 36, 38, 216, 218]",True,356599.0,52.1,35.8,,,,,,,,,
2762465103.0,160,28,15.0,165,52.1,35.8,28,"{'value': 1, 'displayName': 'FirstHalf'}","{'value': 1, 'displayName': 'Pass'}","{'value': 1, 'displayName': 'Successful'}","[{'type': {'value': 178, 'displayName': 'StandingSave'}}, {'type': {'value': 212, 'displayName': 'Length'}, 'value': '9.6'}, {'type': {'value': 140, 'displayName': 'PassEndX'}, 'value': '50.4'}, {'type': {'value': 56, 'displayName': 'Zone'}, 'value': 'Center'}, {'type': {'value': 141, 'displayName': 'PassEndY'}, 'value': '49.7'}, {'type': {'value': 213, 'displayName': 'Angle'}, 'value': '1.76'}]","[91, 119, 117, 30, 35, 37, 216, 218]",True,270446.0,50.4,49.7,,,,,,,,,
2762465107.0,161,28,22.0,165,54.5,55.8,28,"{'value': 1, 'displayName': 'FirstHalf'}","{'value': 1, 'displayName': 'Pass'}","{'value': 1, 'displayName': 'Successful'}","[{'type': {'value': 212, 'displayName': 'Length'}, 'value': '13.6'}, {'type': {'value': 213, 'displayName': 'Angle'}, 'value': '2.19'}, {'type': {'value': 140, 'displayName': 'PassEndX'}, 'value': '47.0'}, {'type': {'value': 141, 'displayName': 'PassEndY'}, 'value': '72.1'}, {'type': {'value': 56, 'displayName': 'Zone'}, 'value': 'Back'}, {'type': {'value': 178, 'displayName': 'StandingSave'}}]","[91, 117, 30, 35, 37, 216, 218]",True,356599.0,47.0,72.1,,,,,,,,,
2762465109.0,162,28,24.0,165,46.1,75.0,28,"{'value': 1, 'displayName': 'FirstHalf'}","{'value': 1, 'displayName': 'Pass'}","{'value': 1, 'displayName': 'Successful'}","[{'type': {'value': 56, 'displayName': 'Zone'}, 'value': 'Left'}, {'type': {'value': 212, 'displayName': 'Length'}, 'value': '17.9'}, {'type': {'value': 141, 'displayName': 'PassEndY'}, 'value': '95.4'}, {'type': {'value': 140, 'displayName': 'PassEndX'}, 'value': '56.9'}, {'type': {'value': 178, 'displayName': 'StandingSave'}}, {'type': {'value': 213, 'displayName': 'Angle'}, 'value': '0.89'}]","[91, 119, 117, 30, 36, 37, 216, 218]",True,381161.0,56.9,95.4,,,,,,,,,
2762465111.0,163,28,26.0,165,56.9,95.4,28,"{'value': 1, 'displayName': 'FirstHalf'}","{'value': 1, 'displayName': 'Pass'}","{'value': 1, 'displayName': 'Successful'}","[{'type': {'value': 56, 'displayName': 'Zone'}, 'value': 'Center'}, {'type': {'value': 213, 'displayName': 'Angle'}, 'value': '5.11'}, {'type': {'value': 212, 'displayName': 'Length'}, 'value': '21.2'}, {'type': {'value': 140, 'displayName': 'PassEndX'}, 'value': '64.8'}, {'type': {'value': 178, 'displayName': 'StandingSave'}}, {'type': {'value': 141, 'displayName': 'PassEndY'}, 'value': '66.7'}]","[91, 119, 117, 30, 36, 38, 216, 218]",True,366211.0,64.8,66.7,,,,,,,,,
2762465113.0,164,28,28.0,165,65.2,66.9,28,"{'value': 1, 'displayName': 'FirstHalf'}","{'value': 61, 'displayName': 'BallTouch'}","{'value': 0, 'displayName': 'Unsuccessful'}","[{'type': {'value': 56, 'displayName': 'Zone'}, 'value': 'Center'}, {'type': {'value': 178, 'displayName': 'StandingSave'}}]","[91, 69]",True,401254.0,,,,,,,,,,,
2762465115.0,397,28,28.0,13,34.1,36.3,28,"{'value': 1, 'displayName': 'FirstHalf'}","{'value': 61, 'displayName': 'BallTouch'}","{'value': 1, 'displayName': 'Successful'}","[{'type': {'value': 56, 'displayName': 'Zone'}, 'value': 'Back'}, {'type': {'value': 178, 'displayName': 'StandingSave'}}]",[91],True,361822.0,,,,,,,,,,,
2762465117.0,398,28,30.0,13,37.1,45.5,28,"{'value': 1, 'displayName': 'FirstHalf'}","{'value': 49, 'displayName': 'BallRecovery'}","{'value': 1, 'displayName': 'Successful'}",[],[93],False,332325.0,,,,,,,,,,,
2762465119.0,399,28,31.0,13,37.8,46.7,28,"{'value': 1, 'displayName': 'FirstHalf'}","{'value': 1, 'displayName': 'Pass'}","{'value': 1, 'displayName': 'Successful'}","[{'type': {'value': 212, 'displayName': 'Length'}, 'value': '11.1'}, {'type': {'value': 141, 'displayName': 'PassEndY'}, 'value': '59.0'}, {'type': {'value': 213, 'displayName': 'Angle'}, 'value': '2.28'}, {'type': {'value': 56, 'displayName': 'Zone'}, 'value': 'Back'}, {'type': {'value': 178, 'displayName': 'StandingSave'}}, {'type': {'value': 140, 'displayName': 'PassEndX'}, 'value': '30.9'}]","[91, 117, 30, 35, 37, 215, 218]",True,332325.0,30.9,59.0,,,,,,,,,
2762465121.0,400,28,34.0,13,30.9,57.4,28,"{'value': 1, 'displayName': 'FirstHalf'}","{'value': 1, 'displayName': 'Pass'}","{'value': 1, 'displayName': 'Successful'}","[{'type': {'value': 140, 'displayName': 'PassEndX'}, 'value': '25.3'}, {'type': {'value': 178, 'displayName': 'StandingSave'}}, {'type': {'value': 212, 'displayName': 'Length'}, 'value': '7.7'}, {'type': {'value': 213, 'displayName': 'Angle'}, 'value': '3.84'}, {'type': {'value': 56, 'displayName': 'Zone'}, 'value': 'Back'}, {'type': {'value': 141, 'displayName': 'PassEndY'}, 'value': '50.1'}]","[91, 117, 30, 35, 38, 215, 218]",True,467918.0,25.3,50.1,,,,,,,,,
2762465125.0,401,28,36.0,13,25.9,49.9,28,"{'value': 1, 'displayName': 'FirstHalf'}","{'value': 1, 'displayName': 'Pass'}","{'value': 1, 'displayName': 'Successful'}","[{'type': {'value': 178, 'displayName': 'StandingSave'}}, {'type': {'value': 212, 'displayName': 'Length'}, 'value': '8.4'}, {'type': {'value': 140, 'displayName': 'PassEndX'}, 'value': '27.7'}, {'type': {'value': 56, 'displayName': 'Zone'}, 'value': 'Back'}, {'type': {'value': 141, 'displayName': 'PassEndY'}, 'value': '37.8'}, {'type': {'value': 213, 'displayName': 'Angle'}, 'value': '4.94'}]","[91, 117, 30, 36, 38, 215, 218]",True,334087.0,27.7,37.8,,,,,,,,,
2762465129.0,402,28,39.0,13,30.8,34.8,28,"{'value': 1, 'displayName': 'FirstHalf'}","{'value': 1, 'displayName': 'Pass'}","{'value': 1, 'displayName': 'Successful'}","[{'type': {'value': 178, 'displayName': 'StandingSave'}}, {'type': {'value': 56, 'displayName': 'Zone'}, 'value': 'Back'}, {'type': {'value': 140, 'displayName': 'PassEndX'}, 'value': '28.4'}, {'type': {'value': 141, 'displayName': 'PassEndY'}, 'value': '66.3'}, {'type': {'value': 213, 'displayName': 'Angle'}, 'value': '1.69'}, {'type': {'value': 212, 'displayName': 'Length'}, 'value': '21.6'}]","[91, 117, 30, 35, 37, 215, 218]",True,361822.0,28.4,66.3,,,,,,,,,
2762465135.0,403,28,46.0,13,32.8,63.1,28,"{'value': 1, 'displayName': 'FirstHalf'}","{'value': 1, 'displayName': 'Pass'}","{'value': 1, 'displayName': 'Successful'}","[{'type': {'value': 56, 'displayName': 'Zone'}, 'value': 'Back'}, {'type': {'value': 178, 'displayName': 'StandingSave'}}, {'type': {'value': 213, 'displayName': 'Angle'}, 'value': '4.59'}, {'type': {'value': 140, 'displayName': 'PassEndX'}, 'value': '30.7'}, {'type': {'value': 141, 'displayName': 'PassEndY'}, 'value': '36.9'}, {'type': {'value': 212, 'displayName': 'Length'}, 'value': '18.0'}]","[91, 117, 30, 35, 38, 215, 218]",True,334087.0,30.7,36.9,,,,,,,,,
2762465139.0,404,28,49.0,13,30.1,34.5,28,"{'value': 1, 'displayName': 'FirstHalf'}","{'value': 1, 'displayName': 'Pass'}","{'value': 1, 'displayName': 'Successful'}","[{'type': {'value': 141, 'displayName': 'PassEndY'}, 'value': '17.6'}, {'type': {'value': 56, 'displayName': 'Zone'}, 'value': 'Back'}, {'type': {'value': 178, 'displayName': 'StandingSave'}}, {'type': {'value': 212, 'displayName': 'Length'}, 'value': '11.5'}, {'type': {'value': 140, 'displayName': 'PassEndX'}, 'value': '31.2'}, {'type': {'value': 213, 'displayName': 'Angle'}, 'value': '4.81'}]","[91, 117, 30, 36, 38, 215, 218]",True,361822.0,31.2,17.6,,,,,,,,,
2762465161.0,405,28,54.0,13,33.9,15.0,28,"{'value': 1, 'displayName': 'FirstHalf'}","{'value': 1, 'displayName': 'Pass'}","{'value': 1, 'displayName': 'Successful'}","[{'type': {'value': 140, 'displayName': 'PassEndX'}, 'value': '33.1'}, {'type': {'value': 213, 'displayName': 'Angle'}, 'value': '1.60'}, {'type': {'value': 212, 'displayName': 'Length'}, 'value': '30.7'}, {'type': {'value': 56, 'displayName': 'Zone'}, 'value': 'Back'}, {'type': {'value': 178, 'displayName': 'StandingSave'}}, {'type': {'value': 141, 'displayName': 'PassEndY'}, 'value': '60.2'}]","[91, 117, 30, 35, 37, 215, 218]",True,388650.0,33.1,60.2,,,,,,,,,
2762465167.0,406,29,2.0,13,33.4,59.6,29,"{'value': 1, 'displayName': 'FirstHalf'}","{'value': 1, 'displayName': 'Pass'}","{'value': 1, 'displayName': 'Successful'}","[{'type': {'value': 178, 'displayName': 'StandingSave'}}, {'type': {'value': 212, 'displayName': 'Length'}, 'value': '12.0'}, {'type': {'value': 56, 'displayName': 'Zone'}, 'value': 'Back'}, {'type': {'value': 213, 'displayName': 'Angle'}, 'value': '4.48'}, {'type': {'value': 140, 'displayName': 'PassEndX'}, 'value': '30.8'}, {'type': {'value': 141, 'displayName': 'PassEndY'}, 'value': '42.4'}]","[91, 117, 30, 35, 38, 215, 218]",True,332325.0,30.8,42.4,,,,,,,,,
2762465175.0,407,29,3.0,13,30.8,42.4,29,"{'value': 1, 'displayName': 'FirstHalf'}","{'value': 1, 'displayName': 'Pass'}","{'value': 1, 'displayName': 'Successful'}","[{'type': {'value': 212, 'displayName': 'Length'}, 'value': '9.5'}, {'type': {'value': 213, 'displayName': 'Angle'}, 'value': '4.79'}, {'type': {'value': 140, 'displayName': 'PassEndX'}, 'value': '31.5'}, {'type': {'value': 56, 'displayName': 'Zone'}, 'value': 'Back'}, {'type': {'value': 141, 'displayName': 'PassEndY'}, 'value': '28.5'}, {'type': {'value': 178, 'displayName': 'StandingSave'}}]","[91, 117, 30, 36, 38, 215, 218]",True,361822.0,31.5,28.5,,,,,,,,,
2762465183.0,408,29,12.0,13,37.2,20.2,29,"{'value': 1, 'displayName': 'FirstHalf'}","{'value': 1, 'displayName': 'Pass'}","{'value': 1, 'displayName': 'Successful'}","[{'type': {'value': 178, 'displayName': 'StandingSave'}}, {'type': {'value': 212, 'displayName': 'Length'}, 'value': '14.3'}, {'type': {'value': 56, 'displayName': 'Zone'}, 'value': 'Back'}, {'type': {'value': 141, 'displayName': 'PassEndY'}, 'value': '38.1'}, {'type': {'value': 140, 'displayName': 'PassEndX'}, 'value': '30.0'}, {'type': {'value': 213, 'displayName': 'Angle'}, 'value': '2.13'}]","[91, 117, 30, 35, 37, 215, 218]",True,388650.0,30.0,38.1,,,,,,,,,
2762465187.0,409,29,14.0,13,30.0,38.6,29,"{'value': 1, 'displayName': 'FirstHalf'}","{'value': 1, 'displayName': 'Pass'}","{'value': 1, 'displayName': 'Successful'}","[{'type': {'value': 140, 'displayName': 'PassEndX'}, 'value': '34.4'}, {'type': {'value': 213, 'displayName': 'Angle'}, 'value': '5.21'}, {'type': {'value': 178, 'displayName': 'StandingSave'}}, {'type': {'value': 56, 'displayName': 'Zone'}, 'value': 'Back'}, {'type': {'value': 212, 'displayName': 'Length'}, 'value': '9.6'}, {'type': {'value': 141, 'displayName': 'PassEndY'}, 'value': '26.2'}]","[91, 117, 30, 36, 38, 216, 218]",True,361822.0,34.4,26.2,,,,,,,,,
2762465195.0,410,29,16.0,13,34.4,26.2,29,"{'value': 1, 'displayName': 'FirstHalf'}","{'value': 1, 'displayName': 'Pass'}","{'value': 1, 'displayName': 'Successful'}","[{'type': {'value': 140, 'displayName': 'PassEndX'}, 'value': '37.5'}, {'type': {'value': 141, 'displayName': 'PassEndY'}, 'value': '33.1'}, {'type': {'value': 178, 'displayName': 'StandingSave'}}, {'type': {'value': 213, 'displayName': 'Angle'}, 'value': '0.96'}, {'type': {'value': 56, 'displayName': 'Zone'}, 'value': 'Back'}, {'type': {'value': 212, 'displayName': 'Length'}, 'value': '5.7'}]","[91, 117, 30, 36, 37, 216, 218]",True,388650.0,37.5,33.1,,,,,,,,,
2762465205.0,411,29,19.0,13,34.7,39.0,29,"{'value': 1, 'displayName': 'FirstHalf'}","{'value': 1, 'displayName': 'Pass'}","{'value': 1, 'displayName': 'Successful'}","[{'type': {'value': 213, 'displayName': 'Angle'}, 'value': '1.77'}, {'type': {'value': 140, 'displayName': 'PassEndX'}, 'value': '32.0'}, {'type': {'value': 141, 'displayName': 'PassEndY'}, 'value': '59.7'}, {'type': {'value': 212, 'displayName': 'Length'}, 'value': '14.4'}, {'type': {'value': 178, 'displayName': 'StandingSave'}}, {'type': {'value': 56, 'displayName': 'Zone'}, 'value': 'Back'}]","[91, 117, 30, 35, 37, 215, 218]",True,467918.0,32.0,59.7,,,,,,,,,
2762465213.0,412,29,22.0,13,30.1,56.8,29,"{'value': 1, 'displayName': 'FirstHalf'}","{'value': 1, 'displayName': 'Pass'}","{'value': 1, 'displayName': 'Successful'}","[{'type': {'value': 140, 'displayName': 'PassEndX'}, 'value': '31.3'}, {'type': {'value': 213, 'displayName': 'Angle'}, 'value': '4.77'}, {'type': {'value': 212, 'displayName': 'Length'}, 'value': '21.7'}, {'type': {'value': 178, 'displayName': 'StandingSave'}}, {'type': {'value': 56, 'displayName': 'Zone'}, 'value': 'Back'}, {'type': {'value': 141, 'displayName': 'PassEndY'}, 'value': '25.0'}]","[91, 117, 30, 36, 38, 215, 218]",True,332325.0,31.3,25.0,,,,,,,,,
2762465223.0,413,29,25.0,13,36.4,17.6,29,"{'value': 1, 'displayName': 'FirstHalf'}","{'value': 1, 'displayName': 'Pass'}","{'value': 1, 'displayName': 'Successful'}","[{'type': {'value': 140, 'displayName': 'PassEndX'}, 'value': '54.1'}, {'type': {'value': 212, 'displayName': 'Length'}, 'value': '19.2'}, {'type': {'value': 141, 'displayName': 'PassEndY'}, 'value': '10.3'}, {'type': {'value': 56, 'displayName': 'Zone'}, 'value': 'Right'}, {'type': {'value': 213, 'displayName': 'Angle'}, 'value': '6.02'}, {'type': {'value': 178, 'displayName': 'StandingSave'}}]","[91, 119, 117, 30, 36, 38, 216, 218]",True,388650.0,54.1,10.3,,,,,,,,,
2762465229.0,414,29,29.0,13,68.7,20.5,29,"{'value': 1, 'displayName': 'FirstHalf'}","{'value': 1, 'displayName': 'Pass'}","{'value': 1, 'displayName': 'Successful'}","[{'type': {'value': 56, 'displayName': 'Zone'}, 'value': 'Center'}, {'type': {'value': 212, 'displayName': 'Length'}, 'value': '9.1'}, {'type': {'value': 140, 'displayName': 'PassEndX'}, 'value': '73.4'}, {'type': {'value': 141, 'displayName': 'PassEndY'}, 'value': '31.7'}, {'type': {'value': 178, 'displayName': 'StandingSave'}}, {'type': {'value': 213, 'displayName': 'Angle'}, 'value': '1.00'}]","[91, 119, 117, 30, 205, 36, 37, 217, 218]",True,247454.0,73.4,31.7,,,,,,,,,
2762465233.0,415,29,31.0,13,73.2,21.4,29,"{'value': 1, 'displayName': 'FirstHalf'}","{'value': 1, 'displayName': 'Pass'}","{'value': 1, 'displayName': 'Successful'}","[{'type': {'value': 141, 'displayName': 'PassEndY'}, 'value': '7.0'}, {'type': {'value': 56, 'displayName': 'Zone'}, 'value': 'Right'}, {'type': {'value': 213, 'displayName': 'Angle'}, 'value': '5.45'}, {'type': {'value': 140, 'displayName': 'PassEndX'}, 'value': '81.7'}, {'type': {'value': 212, 'displayName': 'Length'}, 'value': '13.2'}, {'type': {'value': 178, 'displayName': 'StandingSave'}}]","[91, 119, 117, 30, 205, 36, 38, 217, 218]",True,326413.0,81.7,7.0,,,,,,,,,
2762465235.0,416,29,34.0,13,82.2,7.6,29,"{'value': 1, 'displayName': 'FirstHalf'}","{'value': 1, 'displayName': 'Pass'}","{'value': 1, 'displayName': 'Successful'}","[{'type': {'value': 140, 'displayName': 'PassEndX'}, 'value': '86.8'}, {'type': {'value': 178, 'displayName': 'StandingSave'}}, {'type': {'value': 56, 'displayName': 'Zone'}, 'value': 'Center'}, {'type': {'value': 213, 'displayName': 'Angle'}, 'value': '1.24'}, {'type': {'value': 212, 'displayName': 'Length'}, 'value': '15.1'}, {'type': {'value': 141, 'displayName': 'PassEndY'}, 'value': '28.6'}]","[91, 119, 117, 30, 205, 36, 37, 217, 218]",True,279379.0,86.8,28.6,,,,,,,,,
2762465237.0,417,29,35.0,13,86.8,28.6,29,"{'value': 1, 'displayName': 'FirstHalf'}","{'value': 1, 'displayName': 'Pass'}","{'value': 1, 'displayName': 'Successful'}","[{'type': {'value': 56, 'displayName': 'Zone'}, 'value': 'Center'}, {'type': {'value': 178, 'displayName': 'StandingSave'}}, {'type': {'value': 213, 'displayName': 'Angle'}, 'value': '2.91'}, {'type': {'value': 140, 'displayName': 'PassEndX'}, 'value': '84.6'}, {'type': {'value': 141, 'displayName': 'PassEndY'}, 'value': '29.4'}, {'type': {'value': 212, 'displayName': 'Length'}, 'value': '2.4'}]","[91, 119, 117, 30, 205, 35, 37, 217, 218]",True,247454.0,84.6,29.4,,,,,,,,,
2762465239.0,418,29,36.0,13,84.6,29.4,29,"{'value': 1, 'displayName': 'FirstHalf'}","{'value': 1, 'displayName': 'Pass'}","{'value': 1, 'displayName': 'Successful'}","[{'type': {'value': 140, 'displayName': 'PassEndX'}, 'value': '84.4'}, {'type': {'value': 213, 'displayName': 'Angle'}, 'value': '1.59'}, {'type': {'value': 178, 'displayName': 'StandingSave'}}, {'type': {'value': 141, 'displayName': 'PassEndY'}, 'value': '42.6'}, {'type': {'value': 56, 'displayName': 'Zone'}, 'value': 'Center'}, {'type': {'value': 212, 'displayName': 'Length'}, 'value': '9.0'}]","[91, 119, 117, 30, 205, 35, 37, 217, 218]",True,326413.0,84.4,42.6,,,,,,,,,
2762465241.0,419,29,37.0,13,84.4,42.6,29,"{'value': 1, 'displayName': 'FirstHalf'}","{'value': 1, 'displayName': 'Pass'}","{'value': 1, 'displayName': 'Successful'}","[{'type': {'value': 212, 'displayName': 'Length'}, 'value': '4.6'}, {'type': {'value': 140, 'displayName': 'PassEndX'}, 'value': '87.9'}, {'type': {'value': 56, 'displayName': 'Zone'}, 'value': 'Center'}, {'type': {'value': 141, 'displayName': 'PassEndY'}, 'value': '38.6'}, {'type': {'value': 213, 'displayName': 'Angle'}, 'value': '5.65'}, {'type': {'value': 178, 'displayName': 'StandingSave'}}]","[91, 119, 117, 30, 205, 36, 38, 217, 218]",True,380706.0,87.9,38.6,,,,,,,,,
2762465321.0,426,29,37.0,13,86.9,37.7,29,"{'value': 1, 'displayName': 'FirstHalf'}","{'value': 61, 'displayName': 'BallTouch'}","{'value': 0, 'displayName': 'Unsuccessful'}","[{'type': {'value': 178, 'displayName': 'StandingSave'}}, {'type': {'value': 56, 'displayName': 'Zone'}, 'value': 'Center'}]","[91, 69]",True,326413.0,,,,,,,,,,,
2762465279.0,165,29,38.0,165,14.5,57.8,29,"{'value': 1, 'displayName': 'FirstHalf'}","{'value': 12, 'displayName': 'Clearance'}","{'value': 1, 'displayName': 'Successful'}","[{'type': {'value': 141, 'displayName': 'PassEndY'}, 'value': '69.7'}, {'type': {'value': 56, 'displayName': 'Zone'}, 'value': 'Back'}, {'type': {'value': 212, 'displayName': 'Length'}, 'value': '8.2'}, {'type': {'value': 140, 'displayName': 'PassEndX'}, 'value': '15.9'}, {'type': {'value': 178, 'displayName': 'StandingSave'}}, {'type': {'value': 213, 'displayName': 'Angle'}, 'value': '1.39'}]","[91, 94, 95, 215]",True,356599.0,15.9,69.7,,,,,,,,,
2762465253.0,420,29,41.0,13,78.5,41.5,29,"{'value': 1, 'displayName': 'FirstHalf'}","{'value': 1, 'displayName': 'Pass'}","{'value': 1, 'displayName': 'Successful'}","[{'type': {'value': 141, 'displayName': 'PassEndY'}, 'value': '60.2'}, {'type': {'value': 213, 'displayName': 'Angle'}, 'value': '1.81'}, {'type': {'value': 56, 'displayName': 'Zone'}, 'value': 'Center'}, {'type': {'value': 178, 'displayName': 'StandingSave'}}, {'type': {'value': 140, 'displayName': 'PassEndX'}, 'value': '75.5'}, {'type': {'value': 212, 'displayName': 'Length'}, 'value': '13.1'}]","[91, 119, 117, 30, 205, 35, 37, 217, 218]",True,279379.0,75.5,60.2,,,,,,,,,
2762465265.0,421,29,43.0,13,76.5,63.6,29,"{'value': 1, 'displayName': 'FirstHalf'}","{'value': 1, 'displayName': 'Pass'}","{'value': 1, 'displayName': 'Successful'}","[{'type': {'value': 178, 'displayName': 'StandingSave'}}, {'type': {'value': 212, 'displayName': 'Length'}, 'value': '16.6'}, {'type': {'value': 213, 'displayName': 'Angle'}, 'value': '1.06'}, {'type': {'value': 141, 'displayName': 'PassEndY'}, 'value': '85.0'}, {'type': {'value': 140, 'displayName': 'PassEndX'}, 'value': '84.2'}, {'type': {'value': 56, 'displayName': 'Zone'}, 'value': 'Left'}]","[91, 119, 117, 30, 205, 36, 37, 217, 218]",True,467918.0,84.2,85.0,,,,,,,,,
2762465271.0,422,29,48.0,13,86.5,81.8,29,"{'value': 1, 'displayName': 'FirstHalf'}","{'value': 1, 'displayName': 'Pass'}","{'value': 1, 'displayName': 'Successful'}","[{'type': {'value': 178, 'displayName': 'StandingSave'}}, {'type': {'value': 141, 'displayName': 'PassEndY'}, 'value': '75.7'}, {'type': {'value': 212, 'displayName': 'Length'}, 'value': '9.4'}, {'type': {'value': 56, 'displayName': 'Zone'}, 'value': 'Center'}, {'type': {'value': 213, 'displayName': 'Angle'}, 'value': '3.60'}, {'type': {'value': 140, 'displayName': 'PassEndX'}, 'value': '78.5'}]","[91, 119, 117, 30, 205, 35, 38, 217, 218]",True,113994.0,78.5,75.7,,,,,,,,,
2762465275.0,423,29,50.0,13,78.5,75.7,29,"{'value': 1, 'displayName': 'FirstHalf'}","{'value': 1, 'displayName': 'Pass'}","{'value': 1, 'displayName': 'Successful'}","[{'type': {'value': 154, 'displayName': 'IntentionalAssist'}}, {'type': {'value': 178, 'displayName': 'StandingSave'}}, {'type': {'value': 213, 'displayName': 'Angle'}, 'value': '4.60'}, {'type': {'value': 212, 'displayName': 'Length'}, 'value': '8.8'}, {'type': {'value': 210, 'displayName': 'ShotAssist'}, 'value': '13'}, {'type': {'value': 56, 'displayName': 'Zone'}, 'value': 'Center'}, {'type': {'value': 140, 'displayName': 'PassEndX'}, 'value': '77.6'}, {'type': {'value': 141, 'displayName': 'PassEndY'}, 'value': '62.9'}, {'type': {'value': 11113, 'displayName': 'KeyPass'}}]","[91, 119, 117, 30, 123, 205, 40, 46, 35, 38, 217, 218]",True,334087.0,77.6,62.9,,,,,,,,,
2762465277.0,424,29,51.0,13,76.9,59.7,29,"{'value': 1, 'displayName': 'FirstHalf'}","{'value': 13, 'displayName': 'MissedShots'}","{'value': 1, 'displayName': 'Successful'}","[{'type': {'value': 103, 'displayName': 'GoalMouthZ'}, 'value': '56.9'}, {'type': {'value': 215, 'displayName': 'IndividualPlay'}}, {'type': {'value': 20, 'displayName': 'RightFoot'}}, {'type': {'value': 178, 'displayName': 'StandingSave'}}, {'type': {'value': 22, 'displayName': 'RegularPlay'}}, {'type': {'value': 18, 'displayName': 'OutOfBoxCentre'}}, {'type': {'value': 154, 'displayName': 'IntentionalAssist'}}, {'type': {'value': 29, 'displayName': 'Assisted'}}, {'type': {'value': 55, 'displayName': 'RelatedEventId'}, 'value': '423'}, {'type': {'value': 56, 'displayName': 'Zone'}, 'value': 'Center'}, {'type': {'value': 102, 'displayName': 'GoalMouthY'}, 'value': '54.6'}]","[91, 7, 10, 85, 2, 3, 12]",True,332325.0,,,423.0,334087.0,,,56.9,54.6,True,,
2762465371.0,167,30,30.0,165,5.0,37.0,30,"{'value': 1, 'displayName': 'FirstHalf'}","{'value': 1, 'displayName': 'Pass'}","{'value': 1, 'displayName': 'Successful'}","[{'type': {'value': 141, 'displayName': 'PassEndY'}, 'value': '6.5'}, {'type': {'value': 56, 'displayName': 'Zone'}, 'value': 'Right'}, {'type': {'value': 213, 'displayName': 'Angle'}, 'value': '5.94'}, {'type': {'value': 74, 'displayName': 'MissHigh'}}, {'type': {'value': 1, 'displayName': 'Longball'}}, {'type': {'value': 140, 'displayName': 'PassEndX'}, 'value': '60.8'}, {'type': {'value': 124, 'displayName': 'GoalKick'}}, {'type': {'value': 212, 'displayName': 'Length'}, 'value': '62.2'}]","[91, 119, 117, 127, 36, 38, 216, 218]",True,362426.0,60.8,6.5,,,,,,,,,
2762465373.0,168,30,34.0,165,60.8,7.9,30,"{'value': 1, 'displayName': 'FirstHalf'}","{'value': 44, 'displayName': 'Aerial'}","{'value': 1, 'displayName': 'Successful'}","[{'type': {'value': 56, 'displayName': 'Zone'}, 'value': 'Right'}, {'type': {'value': 233, 'displayName': 'OppositeRelatedEvent'}, 'value': '427'}, {'type': {'value': 286, 'displayName': 'Offensive'}}]","[197, 199]",False,362826.0,,,,,,,,,,,
2762465367.0,427,30,34.0,13,39.2,92.1,30,"{'value': 1, 'displayName': 'FirstHalf'}","{'value': 44, 'displayName': 'Aerial'}","{'value': 0, 'displayName': 'Unsuccessful'}","[{'type': {'value': 56, 'displayName': 'Zone'}, 'value': 'Back'}, {'type': {'value': 285, 'displayName': 'Defensive'}}, {'type': {'value': 233, 'displayName': 'OppositeRelatedEvent'}, 'value': '168'}]","[198, 200]",False,467918.0,,,,,,,,,,,
2762465375.0,169,30,34.0,165,60.8,6.5,30,"{'value': 1, 'displayName': 'FirstHalf'}","{'value': 1, 'displayName': 'Pass'}","{'value': 0, 'displayName': 'Unsuccessful'}","[{'type': {'value': 213, 'displayName': 'Angle'}, 'value': '6.23'}, {'type': {'value': 141, 'displayName': 'PassEndY'}, 'value': '5.9'}, {'type': {'value': 212, 'displayName': 'Length'}, 'value': '7.4'}, {'type': {'value': 3, 'displayName': 'HeadPass'}}, {'type': {'value': 56, 'displayName': 'Zone'}, 'value': 'Right'}, {'type': {'value': 140, 'displayName': 'PassEndX'}, 'value': '67.8'}]","[91, 120, 29, 139, 36, 38, 217, 218]",True,362826.0,67.8,5.9,,,,,,,,,
2762465383.0,428,30,35.0,13,36.1,90.1,30,"{'value': 1, 'displayName': 'FirstHalf'}","{'value': 1, 'displayName': 'Pass'}","{'value': 0, 'displayName': 'Unsuccessful'}","[{'type': {'value': 213, 'displayName': 'Angle'}, 'value': '0.01'}, {'type': {'value': 178, 'displayName': 'StandingSave'}}, {'type': {'value': 56, 'displayName': 'Zone'}, 'value': 'Left'}, {'type': {'value': 1, 'displayName': 'Longball'}}, {'type': {'value': 141, 'displayName': 'PassEndY'}, 'value': '91.0'}, {'type': {'value': 212, 'displayName': 'Length'}, 'value': '51.0'}, {'type': {'value': 140, 'displayName': 'PassEndX'}, 'value': '84.7'}]","[91, 120, 128, 36, 37, 217, 218]",True,334087.0,84.7,91.0,,,,,,,,,
2762465385.0,170,30,42.0,165,14.7,11.4,30,"{'value': 1, 'displayName': 'FirstHalf'}","{'value': 1, 'displayName': 'Pass'}","{'value': 1, 'displayName': 'Successful'}","[{'type': {'value': 141, 'displayName': 'PassEndY'}, 'value': '21.9'}, {'type': {'value': 178, 'displayName': 'StandingSave'}}, {'type': {'value': 212, 'displayName': 'Length'}, 'value': '10.8'}, {'type': {'value': 56, 'displayName': 'Zone'}, 'value': 'Back'}, {'type': {'value': 213, 'displayName': 'Angle'}, 'value': '0.72'}, {'type': {'value': 140, 'displayName': 'PassEndX'}, 'value': '22.4'}]","[91, 117, 30, 36, 37, 215, 218]",True,356599.0,22.4,21.9,,,,,,,,,
2762465387.0,171,30,43.0,165,22.4,21.9,30,"{'value': 1, 'displayName': 'FirstHalf'}","{'value': 1, 'displayName': 'Pass'}","{'value': 1, 'displayName': 'Successful'}","[{'type': {'value': 178, 'displayName': 'StandingSave'}}, {'type': {'value': 56, 'displayName': 'Zone'}, 'value': 'Back'}, {'type': {'value': 156, 'displayName': 'LayOff'}}, {'type': {'value': 141, 'displayName': 'PassEndY'}, 'value': '40.6'}, {'type': {'value': 212, 'displayName': 'Length'}, 'value': '23.3'}, {'type': {'value': 213, 'displayName': 'Angle'}, 'value': '2.56'}, {'type': {'value': 140, 'displayName': 'PassEndX'}, 'value': '3.8'}]","[91, 117, 30, 35, 37, 215, 218]",True,270446.0,3.8,40.6,,,,,,,,,
2762465397.0,172,30,46.0,165,4.5,42.7,30,"{'value': 1, 'displayName': 'FirstHalf'}","{'value': 1, 'displayName': 'Pass'}","{'value': 1, 'displayName': 'Successful'}","[{'type': {'value': 141, 'displayName': 'PassEndY'}, 'value': '56.3'}, {'type': {'value': 178, 'displayName': 'StandingSave'}}, {'type': {'value': 212, 'displayName': 'Length'}, 'value': '23.2'}, {'type': {'value': 56, 'displayName': 'Zone'}, 'value': 'Back'}, {'type': {'value': 140, 'displayName': 'PassEndX'}, 'value': '24.8'}, {'type': {'value': 213, 'displayName': 'Angle'}, 'value': '0.41'}]","[91, 117, 30, 36, 37, 215, 218]",True,362426.0,24.8,56.3,,,,,,,,,
2762465411.0,173,30,51.0,165,27.7,62.9,30,"{'value': 1, 'displayName': 'FirstHalf'}","{'value': 1, 'displayName': 'Pass'}","{'value': 1, 'displayName': 'Successful'}","[{'type': {'value': 141, 'displayName': 'PassEndY'}, 'value': '95.4'}, {'type': {'value': 178, 'displayName': 'StandingSave'}}, {'type': {'value': 212, 'displayName': 'Length'}, 'value': '23.3'}, {'type': {'value': 140, 'displayName': 'PassEndX'}, 'value': '34.6'}, {'type': {'value': 56, 'displayName': 'Zone'}, 'value': 'Back'}, {'type': {'value': 213, 'displayName': 'Angle'}, 'value': '1.25'}]","[91, 117, 30, 36, 37, 216, 218]",True,404108.0,34.6,95.4,,,,,,,,,
2762465415.0,174,30,56.0,165,39.0,93.0,30,"{'value': 1, 'displayName': 'FirstHalf'}","{'value': 1, 'displayName': 'Pass'}","{'value': 1, 'displayName': 'Successful'}","[{'type': {'value': 141, 'displayName': 'PassEndY'}, 'value': '81.7'}, {'type': {'value': 178, 'displayName': 'StandingSave'}}, {'type': {'value': 212, 'displayName': 'Length'}, 'value': '17.1'}, {'type': {'value': 56, 'displayName': 'Zone'}, 'value': 'Back'}, {'type': {'value': 140, 'displayName': 'PassEndX'}, 'value': '24.4'}, {'type': {'value': 213, 'displayName': 'Angle'}, 'value': '3.61'}]","[91, 117, 30, 35, 38, 215, 218]",True,366211.0,24.4,81.7,,,,,,,,,
2762465423.0,175,30,58.0,165,24.4,81.7,30,"{'value': 1, 'displayName': 'FirstHalf'}","{'value': 1, 'displayName': 'Pass'}","{'value': 1, 'displayName': 'Successful'}","[{'type': {'value': 178, 'displayName': 'StandingSave'}}, {'type': {'value': 140, 'displayName': 'PassEndX'}, 'value': '24.0'}, {'type': {'value': 141, 'displayName': 'PassEndY'}, 'value': '46.1'}, {'type': {'value': 56, 'displayName': 'Zone'}, 'value': 'Back'}, {'type': {'value': 213, 'displayName': 'Angle'}, 'value': '4.70'}, {'type': {'value': 212, 'displayName': 'Length'}, 'value': '24.2'}]","[91, 117, 30, 35, 38, 215, 218]",True,381161.0,24.0,46.1,,,,,,,,,
2762465433.0,176,31,2.0,165,24.2,48.7,31,"{'value': 1, 'displayName': 'FirstHalf'}","{'value': 1, 'displayName': 'Pass'}","{'value': 1, 'displayName': 'Successful'}","[{'type': {'value': 213, 'displayName': 'Angle'}, 'value': '1.44'}, {'type': {'value': 141, 'displayName': 'PassEndY'}, 'value': '79.4'}, {'type': {'value': 56, 'displayName': 'Zone'}, 'value': 'Back'}, {'type': {'value': 140, 'displayName': 'PassEndX'}, 'value': '26.8'}, {'type': {'value': 178, 'displayName': 'StandingSave'}}, {'type': {'value': 212, 'displayName': 'Length'}, 'value': '21.1'}]","[91, 117, 30, 36, 37, 215, 218]",True,356599.0,26.8,79.4,,,,,,,,,
2762465437.0,177,31,8.0,165,11.6,92.1,31,"{'value': 1, 'displayName': 'FirstHalf'}","{'value': 1, 'displayName': 'Pass'}","{'value': 1, 'displayName': 'Successful'}","[{'type': {'value': 56, 'displayName': 'Zone'}, 'value': 'Back'}, {'type': {'value': 178, 'displayName': 'StandingSave'}}, {'type': {'value': 140, 'displayName': 'PassEndX'}, 'value': '3.4'}, {'type': {'value': 212, 'displayName': 'Length'}, 'value': '15.9'}, {'type': {'value': 141, 'displayName': 'PassEndY'}, 'value': '72.4'}, {'type': {'value': 213, 'displayName': 'Angle'}, 'value': '4.14'}]","[91, 117, 30, 35, 38, 215, 218]",True,381161.0,3.4,72.4,,,,,,,,,
2762465443.0,178,31,10.0,165,3.2,69.1,31,"{'value': 1, 'displayName': 'FirstHalf'}","{'value': 1, 'displayName': 'Pass'}","{'value': 1, 'displayName': 'Successful'}","[{'type': {'value': 212, 'displayName': 'Length'}, 'value': '16.3'}, {'type': {'value': 140, 'displayName': 'PassEndX'}, 'value': '8.6'}, {'type': {'value': 213, 'displayName': 'Angle'}, 'value': '5.07'}, {'type': {'value': 56, 'displayName': 'Zone'}, 'value': 'Back'}, {'type': {'value': 141, 'displayName': 'PassEndY'}, 'value': '46.6'}, {'type': {'value': 178, 'displayName': 'StandingSave'}}]","[91, 117, 30, 36, 38, 215, 218]",True,362426.0,8.6,46.6,,,,,,,,,
2762465457.0,179,31,12.0,165,9.2,43.6,31,"{'value': 1, 'displayName': 'FirstHalf'}","{'value': 1, 'displayName': 'Pass'}","{'value': 1, 'displayName': 'Successful'}","[{'type': {'value': 140, 'displayName': 'PassEndX'}, 'value': '33.7'}, {'type': {'value': 56, 'displayName': 'Zone'}, 'value': 'Back'}, {'type': {'value': 178, 'displayName': 'StandingSave'}}, {'type': {'value': 212, 'displayName': 'Length'}, 'value': '26.9'}, {'type': {'value': 141, 'displayName': 'PassEndY'}, 'value': '31.8'}, {'type': {'value': 213, 'displayName': 'Angle'}, 'value': '5.98'}]","[91, 117, 30, 36, 38, 216, 218]",True,356599.0,33.7,31.8,,,,,,,,,
2762465471.0,180,31,17.0,165,58.0,28.6,31,"{'value': 1, 'displayName': 'FirstHalf'}","{'value': 1, 'displayName': 'Pass'}","{'value': 1, 'displayName': 'Successful'}","[{'type': {'value': 178, 'displayName': 'StandingSave'}}, {'type': {'value': 141, 'displayName': 'PassEndY'}, 'value': '5.8'}, {'type': {'value': 56, 'displayName': 'Zone'}, 'value': 'Right'}, {'type': {'value': 213, 'displayName': 'Angle'}, 'value': '5.42'}, {'type': {'value': 140, 'displayName': 'PassEndX'}, 'value': '70.6'}, {'type': {'value': 212, 'displayName': 'Length'}, 'value': '20.4'}]","[91, 119, 117, 30, 205, 36, 38, 217, 218]",True,430908.0,70.6,5.8,,,,,,,,,
2762478063.0,669,31,22.0,165,80.5,6.1,31,"{'value': 1, 'displayName': 'FirstHalf'}","{'value': 3, 'displayName': 'TakeOn'}","{'value': 0, 'displayName': 'Unsuccessful'}","[{'type': {'value': 178, 'displayName': 'StandingSave'}}, {'type': {'value': 56, 'displayName': 'Zone'}, 'value': 'Right'}, {'type': {'value': 286, 'displayName': 'Offensive'}}]","[91, 53]",True,349484.0,,,,,,,,,,,
2762465479.0,181,31,24.0,165,96.3,8.4,31,"{'value': 1, 'displayName': 'FirstHalf'}","{'value': 1, 'displayName': 'Pass'}","{'value': 0, 'displayName': 'Unsuccessful'}","[{'type': {'value': 140, 'displayName': 'PassEndX'}, 'value': '96.6'}, {'type': {'value': 155, 'displayName': 'Chipped'}}, {'type': {'value': 2, 'displayName': 'Cross'}}, {'type': {'value': 178, 'displayName': 'StandingSave'}}, {'type': {'value': 212, 'displayName': 'Length'}, 'value': '2.3'}, {'type': {'value': 141, 'displayName': 'PassEndY'}, 'value': '11.7'}, {'type': {'value': 20, 'displayName': 'RightFoot'}}, {'type': {'value': 56, 'displayName': 'Zone'}, 'value': 'Right'}, {'type': {'value': 213, 'displayName': 'Angle'}, 'value': '1.43'}]","[91, 137, 124, 126, 36, 37, 217, 218]",True,349484.0,96.6,11.7,,,,,,,,,
2762465485.0,431,31,24.0,13,3.5,91.1,31,"{'value': 1, 'displayName': 'FirstHalf'}","{'value': 61, 'displayName': 'BallTouch'}","{'value': 1, 'displayName': 'Successful'}","[{'type': {'value': 56, 'displayName': 'Zone'}, 'value': 'Back'}]",[91],True,467918.0,,,,,,,,,,,
2762465481.0,430,31,27.0,13,1.7,48.1,31,"{'value': 1, 'displayName': 'FirstHalf'}","{'value': 11, 'displayName': 'Claim'}","{'value': 1, 'displayName': 'Successful'}","[{'type': {'value': 56, 'displayName': 'Zone'}, 'value': 'Back'}, {'type': {'value': 88, 'displayName': 'HighClaim'}}]","[91, 93, 104]",True,276366.0,,,,,,,,,,,
2762465491.0,432,31,47.0,13,11.4,51.0,31,"{'value': 1, 'displayName': 'FirstHalf'}","{'value': 1, 'displayName': 'Pass'}","{'value': 1, 'displayName': 'Successful'}","[{'type': {'value': 140, 'displayName': 'PassEndX'}, 'value': '10.7'}, {'type': {'value': 178, 'displayName': 'StandingSave'}}, {'type': {'value': 123, 'displayName': 'KeeperThrow'}}, {'type': {'value': 141, 'displayName': 'PassEndY'}, 'value': '28.0'}, {'type': {'value': 212, 'displayName': 'Length'}, 'value': '15.7'}, {'type': {'value': 56, 'displayName': 'Zone'}, 'value': 'Back'}, {'type': {'value': 213, 'displayName': 'Angle'}, 'value': '4.67'}]","[91, 35, 38, 215, 218]",True,276366.0,10.7,28.0,,,,,,,,,
2762465495.0,433,31,49.0,13,10.7,28.0,31,"{'value': 1, 'displayName': 'FirstHalf'}","{'value': 1, 'displayName': 'Pass'}","{'value': 1, 'displayName': 'Successful'}","[{'type': {'value': 213, 'displayName': 'Angle'}, 'value': '1.73'}, {'type': {'value': 56, 'displayName': 'Zone'}, 'value': 'Back'}, {'type': {'value': 140, 'displayName': 'PassEndX'}, 'value': '8.2'}, {'type': {'value': 141, 'displayName': 'PassEndY'}, 'value': '51.5'}, {'type': {'value': 178, 'displayName': 'StandingSave'}}, {'type': {'value': 212, 'displayName': 'Length'}, 'value': '16.2'}]","[91, 117, 30, 35, 37, 215, 218]",True,361822.0,8.2,51.5,,,,,,,,,
2762465497.0,434,31,51.0,13,8.2,51.5,31,"{'value': 1, 'displayName': 'FirstHalf'}","{'value': 1, 'displayName': 'Pass'}","{'value': 1, 'displayName': 'Successful'}","[{'type': {'value': 141, 'displayName': 'PassEndY'}, 'value': '50.8'}, {'type': {'value': 140, 'displayName': 'PassEndX'}, 'value': '15.8'}, {'type': {'value': 213, 'displayName': 'Angle'}, 'value': '6.22'}, {'type': {'value': 56, 'displayName': 'Zone'}, 'value': 'Back'}, {'type': {'value': 178, 'displayName': 'StandingSave'}}, {'type': {'value': 212, 'displayName': 'Length'}, 'value': '8.0'}]","[91, 117, 30, 36, 38, 215, 218]",True,276366.0,15.8,50.8,,,,,,,,,
2762465503.0,435,31,52.0,13,15.8,50.8,31,"{'value': 1, 'displayName': 'FirstHalf'}","{'value': 1, 'displayName': 'Pass'}","{'value': 1, 'displayName': 'Successful'}","[{'type': {'value': 212, 'displayName': 'Length'}, 'value': '17.9'}, {'type': {'value': 213, 'displayName': 'Angle'}, 'value': '4.35'}, {'type': {'value': 140, 'displayName': 'PassEndX'}, 'value': '9.8'}, {'type': {'value': 56, 'displayName': 'Zone'}, 'value': 'Back'}, {'type': {'value': 141, 'displayName': 'PassEndY'}, 'value': '26.2'}, {'type': {'value': 178, 'displayName': 'StandingSave'}}]","[91, 117, 30, 35, 38, 215, 218]",True,467918.0,9.8,26.2,,,,,,,,,
2762465511.0,436,31,57.0,13,22.4,25.4,31,"{'value': 1, 'displayName': 'FirstHalf'}","{'value': 1, 'displayName': 'Pass'}","{'value': 1, 'displayName': 'Successful'}","[{'type': {'value': 212, 'displayName': 'Length'}, 'value': '32.0'}, {'type': {'value': 178, 'displayName': 'StandingSave'}}, {'type': {'value': 213, 'displayName': 'Angle'}, 'value': '1.77'}, {'type': {'value': 141, 'displayName': 'PassEndY'}, 'value': '71.5'}, {'type': {'value': 140, 'displayName': 'PassEndX'}, 'value': '16.4'}, {'type': {'value': 56, 'displayName': 'Zone'}, 'value': 'Back'}]","[91, 117, 30, 35, 37, 215, 218]",True,361822.0,16.4,71.5,,,,,,,,,
2762465517.0,437,32,2.0,13,24.3,75.3,32,"{'value': 1, 'displayName': 'FirstHalf'}","{'value': 1, 'displayName': 'Pass'}","{'value': 1, 'displayName': 'Successful'}","[{'type': {'value': 141, 'displayName': 'PassEndY'}, 'value': '74.3'}, {'type': {'value': 56, 'displayName': 'Zone'}, 'value': 'Back'}, {'type': {'value': 213, 'displayName': 'Angle'}, 'value': '6.23'}, {'type': {'value': 178, 'displayName': 'StandingSave'}}, {'type': {'value': 212, 'displayName': 'Length'}, 'value': '12.7'}, {'type': {'value': 140, 'displayName': 'PassEndX'}, 'value': '36.4'}]","[91, 117, 30, 36, 38, 216, 218]",True,334087.0,36.4,74.3,,,,,,,,,
2762465525.0,438,32,4.0,13,36.1,74.3,32,"{'value': 1, 'displayName': 'FirstHalf'}","{'value': 1, 'displayName': 'Pass'}","{'value': 1, 'displayName': 'Successful'}","[{'type': {'value': 213, 'displayName': 'Angle'}, 'value': '3.03'}, {'type': {'value': 178, 'displayName': 'StandingSave'}}, {'type': {'value': 56, 'displayName': 'Zone'}, 'value': 'Back'}, {'type': {'value': 140, 'displayName': 'PassEndX'}, 'value': '26.4'}, {'type': {'value': 212, 'displayName': 'Length'}, 'value': '10.3'}, {'type': {'value': 141, 'displayName': 'PassEndY'}, 'value': '76.0'}]","[91, 117, 30, 35, 37, 215, 218]",True,326413.0,26.4,76.0,,,,,,,,,
2762465531.0,439,32,7.0,13,27.5,74.6,32,"{'value': 1, 'displayName': 'FirstHalf'}","{'value': 1, 'displayName': 'Pass'}","{'value': 1, 'displayName': 'Successful'}","[{'type': {'value': 212, 'displayName': 'Length'}, 'value': '12.6'}, {'type': {'value': 213, 'displayName': 'Angle'}, 'value': '4.14'}, {'type': {'value': 141, 'displayName': 'PassEndY'}, 'value': '59.0'}, {'type': {'value': 140, 'displayName': 'PassEndX'}, 'value': '21.0'}, {'type': {'value': 56, 'displayName': 'Zone'}, 'value': 'Back'}, {'type': {'value': 178, 'displayName': 'StandingSave'}}]","[91, 117, 30, 35, 38, 215, 218]",True,334087.0,21.0,59.0,,,,,,,,,
2762465537.0,440,32,10.0,13,20.8,57.9,32,"{'value': 1, 'displayName': 'FirstHalf'}","{'value': 1, 'displayName': 'Pass'}","{'value': 1, 'displayName': 'Successful'}","[{'type': {'value': 140, 'displayName': 'PassEndX'}, 'value': '22.3'}, {'type': {'value': 178, 'displayName': 'StandingSave'}}, {'type': {'value': 141, 'displayName': 'PassEndY'}, 'value': '32.8'}, {'type': {'value': 213, 'displayName': 'Angle'}, 'value': '4.80'}, {'type': {'value': 56, 'displayName': 'Zone'}, 'value': 'Back'}, {'type': {'value': 212, 'displayName': 'Length'}, 'value': '17.1'}]","[91, 117, 30, 36, 38, 215, 218]",True,276366.0,22.3,32.8,,,,,,,,,
2762465549.0,441,32,15.0,13,27.4,41.8,32,"{'value': 1, 'displayName': 'FirstHalf'}","{'value': 1, 'displayName': 'Pass'}","{'value': 1, 'displayName': 'Successful'}","[{'type': {'value': 178, 'displayName': 'StandingSave'}}, {'type': {'value': 213, 'displayName': 'Angle'}, 'value': '1.59'}, {'type': {'value': 212, 'displayName': 'Length'}, 'value': '28.8'}, {'type': {'value': 140, 'displayName': 'PassEndX'}, 'value': '27.0'}, {'type': {'value': 56, 'displayName': 'Zone'}, 'value': 'Back'}, {'type': {'value': 141, 'displayName': 'PassEndY'}, 'value': '84.2'}]","[91, 117, 30, 35, 37, 215, 218]",True,361822.0,27.0,84.2,,,,,,,,,
2762465553.0,442,32,20.0,13,29.3,85.2,32,"{'value': 1, 'displayName': 'FirstHalf'}","{'value': 1, 'displayName': 'Pass'}","{'value': 1, 'displayName': 'Successful'}","[{'type': {'value': 213, 'displayName': 'Angle'}, 'value': '4.92'}, {'type': {'value': 178, 'displayName': 'StandingSave'}}, {'type': {'value': 140, 'displayName': 'PassEndX'}, 'value': '31.6'}, {'type': {'value': 56, 'displayName': 'Zone'}, 'value': 'Back'}, {'type': {'value': 212, 'displayName': 'Length'}, 'value': '11.8'}, {'type': {'value': 141, 'displayName': 'PassEndY'}, 'value': '68.2'}]","[91, 117, 30, 36, 38, 215, 218]",True,334087.0,31.6,68.2,,,,,,,,,
2762465561.0,443,32,22.0,13,31.6,67.5,32,"{'value': 1, 'displayName': 'FirstHalf'}","{'value': 1, 'displayName': 'Pass'}","{'value': 1, 'displayName': 'Successful'}","[{'type': {'value': 141, 'displayName': 'PassEndY'}, 'value': '40.4'}, {'type': {'value': 178, 'displayName': 'StandingSave'}}, {'type': {'value': 213, 'displayName': 'Angle'}, 'value': '4.72'}, {'type': {'value': 56, 'displayName': 'Zone'}, 'value': 'Back'}, {'type': {'value': 212, 'displayName': 'Length'}, 'value': '18.4'}, {'type': {'value': 140, 'displayName': 'PassEndX'}, 'value': '31.7'}]","[91, 117, 30, 36, 38, 215, 218]",True,467918.0,31.7,40.4,,,,,,,,,
2762465587.0,444,32,26.0,13,31.7,40.4,32,"{'value': 1, 'displayName': 'FirstHalf'}","{'value': 1, 'displayName': 'Pass'}","{'value': 1, 'displayName': 'Successful'}","[{'type': {'value': 140, 'displayName': 'PassEndX'}, 'value': '25.4'}, {'type': {'value': 178, 'displayName': 'StandingSave'}}, {'type': {'value': 213, 'displayName': 'Angle'}, 'value': '2.07'}, {'type': {'value': 212, 'displayName': 'Length'}, 'value': '13.8'}, {'type': {'value': 141, 'displayName': 'PassEndY'}, 'value': '58.2'}, {'type': {'value': 56, 'displayName': 'Zone'}, 'value': 'Back'}]","[91, 117, 30, 35, 37, 215, 218]",True,361822.0,25.4,58.2,,,,,,,,,
2762465595.0,445,32,33.0,13,26.0,56.4,32,"{'value': 1, 'displayName': 'FirstHalf'}","{'value': 1, 'displayName': 'Pass'}","{'value': 1, 'displayName': 'Successful'}","[{'type': {'value': 212, 'displayName': 'Length'}, 'value': '14.4'}, {'type': {'value': 141, 'displayName': 'PassEndY'}, 'value': '35.4'}, {'type': {'value': 140, 'displayName': 'PassEndX'}, 'value': '24.3'}, {'type': {'value': 213, 'displayName': 'Angle'}, 'value': '4.59'}, {'type': {'value': 56, 'displayName': 'Zone'}, 'value': 'Back'}, {'type': {'value': 178, 'displayName': 'StandingSave'}}]","[91, 117, 30, 35, 38, 215, 218]",True,276366.0,24.3,35.4,,,,,,,,,
2762465599.0,446,32,35.0,13,25.3,36.1,32,"{'value': 1, 'displayName': 'FirstHalf'}","{'value': 1, 'displayName': 'Pass'}","{'value': 1, 'displayName': 'Successful'}","[{'type': {'value': 212, 'displayName': 'Length'}, 'value': '16.0'}, {'type': {'value': 141, 'displayName': 'PassEndY'}, 'value': '59.6'}, {'type': {'value': 213, 'displayName': 'Angle'}, 'value': '1.64'}, {'type': {'value': 140, 'displayName': 'PassEndX'}, 'value': '24.2'}, {'type': {'value': 178, 'displayName': 'StandingSave'}}, {'type': {'value': 56, 'displayName': 'Zone'}, 'value': 'Back'}]","[91, 117, 30, 35, 37, 215, 218]",True,361822.0,24.2,59.6,,,,,,,,,
2762465615.0,447,32,37.0,13,24.6,59.6,32,"{'value': 1, 'displayName': 'FirstHalf'}","{'value': 1, 'displayName': 'Pass'}","{'value': 1, 'displayName': 'Successful'}","[{'type': {'value': 141, 'displayName': 'PassEndY'}, 'value': '86.8'}, {'type': {'value': 56, 'displayName': 'Zone'}, 'value': 'Back'}, {'type': {'value': 178, 'displayName': 'StandingSave'}}, {'type': {'value': 140, 'displayName': 'PassEndX'}, 'value': '27.3'}, {'type': {'value': 213, 'displayName': 'Angle'}, 'value': '1.42'}, {'type': {'value': 212, 'displayName': 'Length'}, 'value': '18.7'}]","[91, 117, 30, 36, 37, 215, 218]",True,276366.0,27.3,86.8,,,,,,,,,
2762465621.0,448,32,42.0,13,29.6,87.0,32,"{'value': 1, 'displayName': 'FirstHalf'}","{'value': 1, 'displayName': 'Pass'}","{'value': 1, 'displayName': 'Successful'}","[{'type': {'value': 212, 'displayName': 'Length'}, 'value': '13.8'}, {'type': {'value': 140, 'displayName': 'PassEndX'}, 'value': '20.2'}, {'type': {'value': 213, 'displayName': 'Angle'}, 'value': '3.91'}, {'type': {'value': 141, 'displayName': 'PassEndY'}, 'value': '72.9'}, {'type': {'value': 178, 'displayName': 'StandingSave'}}, {'type': {'value': 56, 'displayName': 'Zone'}, 'value': 'Back'}]","[91, 117, 30, 35, 38, 215, 218]",True,334087.0,20.2,72.9,,,,,,,,,
2762465627.0,449,32,44.0,13,20.7,71.4,32,"{'value': 1, 'displayName': 'FirstHalf'}","{'value': 1, 'displayName': 'Pass'}","{'value': 1, 'displayName': 'Successful'}","[{'type': {'value': 140, 'displayName': 'PassEndX'}, 'value': '25.9'}, {'type': {'value': 56, 'displayName': 'Zone'}, 'value': 'Back'}, {'type': {'value': 212, 'displayName': 'Length'}, 'value': '16.1'}, {'type': {'value': 213, 'displayName': 'Angle'}, 'value': '1.23'}, {'type': {'value': 141, 'displayName': 'PassEndY'}, 'value': '93.7'}, {'type': {'value': 178, 'displayName': 'StandingSave'}}]","[91, 117, 30, 36, 37, 215, 218]",True,276366.0,25.9,93.7,,,,,,,,,
2762465631.0,450,32,45.0,13,25.9,93.7,32,"{'value': 1, 'displayName': 'FirstHalf'}","{'value': 1, 'displayName': 'Pass'}","{'value': 1, 'displayName': 'Successful'}","[{'type': {'value': 140, 'displayName': 'PassEndX'}, 'value': '31.1'}, {'type': {'value': 141, 'displayName': 'PassEndY'}, 'value': '78.7'}, {'type': {'value': 56, 'displayName': 'Zone'}, 'value': 'Back'}, {'type': {'value': 213, 'displayName': 'Angle'}, 'value': '5.20'}, {'type': {'value': 178, 'displayName': 'StandingSave'}}, {'type': {'value': 212, 'displayName': 'Length'}, 'value': '11.6'}]","[91, 117, 30, 36, 38, 215, 218]",True,334087.0,31.1,78.7,,,,,,,,,
2762465637.0,451,32,48.0,13,33.6,78.4,32,"{'value': 1, 'displayName': 'FirstHalf'}","{'value': 1, 'displayName': 'Pass'}","{'value': 1, 'displayName': 'Successful'}","[{'type': {'value': 141, 'displayName': 'PassEndY'}, 'value': '93.4'}, {'type': {'value': 178, 'displayName': 'StandingSave'}}, {'type': {'value': 56, 'displayName': 'Zone'}, 'value': 'Back'}, {'type': {'value': 213, 'displayName': 'Angle'}, 'value': '1.77'}, {'type': {'value': 212, 'displayName': 'Length'}, 'value': '10.4'}, {'type': {'value': 140, 'displayName': 'PassEndX'}, 'value': '31.6'}]","[91, 117, 30, 35, 37, 215, 218]",True,467918.0,31.6,93.4,,,,,,,,,
2762465661.0,452,32,50.0,13,32.1,93.0,32,"{'value': 1, 'displayName': 'FirstHalf'}","{'value': 1, 'displayName': 'Pass'}","{'value': 1, 'displayName': 'Successful'}","[{'type': {'value': 140, 'displayName': 'PassEndX'}, 'value': '25.7'}, {'type': {'value': 178, 'displayName': 'StandingSave'}}, {'type': {'value': 141, 'displayName': 'PassEndY'}, 'value': '79.2'}, {'type': {'value': 212, 'displayName': 'Length'}, 'value': '11.5'}, {'type': {'value': 56, 'displayName': 'Zone'}, 'value': 'Back'}, {'type': {'value': 213, 'displayName': 'Angle'}, 'value': '4.09'}]","[91, 117, 30, 35, 38, 215, 218]",True,334087.0,25.7,79.2,,,,,,,,,
2762476751.0,11467,33,,13,94.1,64.6,33,"{'value': 1, 'displayName': 'FirstHalf'}","{'value': 10000, 'displayName': 'OffsideGiven'}","{'value': 0, 'displayName': 'Unsuccessful'}",[],[61],False,279379.0,,,,,,,,,,,
2762465669.0,453,33,2.0,13,30.6,64.9,33,"{'value': 1, 'displayName': 'FirstHalf'}","{'value': 1, 'displayName': 'Pass'}","{'value': 1, 'displayName': 'Successful'}","[{'type': {'value': 56, 'displayName': 'Zone'}, 'value': 'Back'}, {'type': {'value': 213, 'displayName': 'Angle'}, 'value': '4.61'}, {'type': {'value': 178, 'displayName': 'StandingSave'}}, {'type': {'value': 140, 'displayName': 'PassEndX'}, 'value': '29.1'}, {'type': {'value': 212, 'displayName': 'Length'}, 'value': '16.0'}, {'type': {'value': 141, 'displayName': 'PassEndY'}, 'value': '41.5'}]","[91, 117, 30, 35, 38, 215, 218]",True,276366.0,29.1,41.5,,,,,,,,,
2762465673.0,454,33,3.0,13,29.1,41.5,33,"{'value': 1, 'displayName': 'FirstHalf'}","{'value': 1, 'displayName': 'Pass'}","{'value': 1, 'displayName': 'Successful'}","[{'type': {'value': 141, 'displayName': 'PassEndY'}, 'value': '45.2'}, {'type': {'value': 212, 'displayName': 'Length'}, 'value': '9.1'}, {'type': {'value': 140, 'displayName': 'PassEndX'}, 'value': '37.4'}, {'type': {'value': 56, 'displayName': 'Zone'}, 'value': 'Back'}, {'type': {'value': 178, 'displayName': 'StandingSave'}}, {'type': {'value': 213, 'displayName': 'Angle'}, 'value': '0.28'}]","[91, 117, 30, 36, 37, 216, 218]",True,361822.0,37.4,45.2,,,,,,,,,
2762465679.0,455,33,5.0,13,36.9,42.7,33,"{'value': 1, 'displayName': 'FirstHalf'}","{'value': 1, 'displayName': 'Pass'}","{'value': 1, 'displayName': 'Successful'}","[{'type': {'value': 178, 'displayName': 'StandingSave'}}, {'type': {'value': 141, 'displayName': 'PassEndY'}, 'value': '20.2'}, {'type': {'value': 212, 'displayName': 'Length'}, 'value': '16.1'}, {'type': {'value': 213, 'displayName': 'Angle'}, 'value': '4.39'}, {'type': {'value': 140, 'displayName': 'PassEndX'}, 'value': '32.0'}, {'type': {'value': 56, 'displayName': 'Zone'}, 'value': 'Back'}]","[91, 117, 30, 35, 38, 215, 218]",True,332325.0,32.0,20.2,,,,,,,,,
2762465689.0,456,33,8.0,13,33.2,25.9,33,"{'value': 1, 'displayName': 'FirstHalf'}","{'value': 1, 'displayName': 'Pass'}","{'value': 1, 'displayName': 'Successful'}","[{'type': {'value': 178, 'displayName': 'StandingSave'}}, {'type': {'value': 140, 'displayName': 'PassEndX'}, 'value': '28.5'}, {'type': {'value': 212, 'displayName': 'Length'}, 'value': '12.3'}, {'type': {'value': 213, 'displayName': 'Angle'}, 'value': '1.99'}, {'type': {'value': 56, 'displayName': 'Zone'}, 'value': 'Back'}, {'type': {'value': 141, 'displayName': 'PassEndY'}, 'value': '42.4'}]","[91, 117, 30, 35, 37, 215, 218]",True,388650.0,28.5,42.4,,,,,,,,,
2762465699.0,457,33,10.0,13,28.0,44.1,33,"{'value': 1, 'displayName': 'FirstHalf'}","{'value': 1, 'displayName': 'Pass'}","{'value': 1, 'displayName': 'Successful'}","[{'type': {'value': 140, 'displayName': 'PassEndX'}, 'value': '35.4'}, {'type': {'value': 178, 'displayName': 'StandingSave'}}, {'type': {'value': 213, 'displayName': 'Angle'}, 'value': '0.76'}, {'type': {'value': 56, 'displayName': 'Zone'}, 'value': 'Back'}, {'type': {'value': 212, 'displayName': 'Length'}, 'value': '10.7'}, {'type': {'value': 141, 'displayName': 'PassEndY'}, 'value': '55.0'}]","[91, 117, 30, 36, 37, 216, 218]",True,361822.0,35.4,55.0,,,,,,,,,
2762465703.0,458,33,12.0,13,35.4,55.0,33,"{'value': 1, 'displayName': 'FirstHalf'}","{'value': 1, 'displayName': 'Pass'}","{'value': 1, 'displayName': 'Successful'}","[{'type': {'value': 56, 'displayName': 'Zone'}, 'value': 'Back'}, {'type': {'value': 140, 'displayName': 'PassEndX'}, 'value': '28.0'}, {'type': {'value': 141, 'displayName': 'PassEndY'}, 'value': '51.5'}, {'type': {'value': 213, 'displayName': 'Angle'}, 'value': '3.44'}, {'type': {'value': 212, 'displayName': 'Length'}, 'value': '8.1'}, {'type': {'value': 178, 'displayName': 'StandingSave'}}]","[91, 117, 30, 35, 38, 215, 218]",True,467918.0,28.0,51.5,,,,,,,,,
2762465711.0,459,33,13.0,13,28.0,51.5,33,"{'value': 1, 'displayName': 'FirstHalf'}","{'value': 1, 'displayName': 'Pass'}","{'value': 1, 'displayName': 'Successful'}","[{'type': {'value': 212, 'displayName': 'Length'}, 'value': '21.3'}, {'type': {'value': 213, 'displayName': 'Angle'}, 'value': '1.21'}, {'type': {'value': 140, 'displayName': 'PassEndX'}, 'value': '35.1'}, {'type': {'value': 56, 'displayName': 'Zone'}, 'value': 'Back'}, {'type': {'value': 141, 'displayName': 'PassEndY'}, 'value': '80.9'}, {'type': {'value': 178, 'displayName': 'StandingSave'}}]","[91, 117, 30, 36, 37, 216, 218]",True,361822.0,35.1,80.9,,,,,,,,,
2762465713.0,460,33,17.0,13,42.5,77.2,33,"{'value': 1, 'displayName': 'FirstHalf'}","{'value': 1, 'displayName': 'Pass'}","{'value': 1, 'displayName': 'Successful'}","[{'type': {'value': 140, 'displayName': 'PassEndX'}, 'value': '52.0'}, {'type': {'value': 56, 'displayName': 'Zone'}, 'value': 'Left'}, {'type': {'value': 178, 'displayName': 'StandingSave'}}, {'type': {'value': 213, 'displayName': 'Angle'}, 'value': '0.91'}, {'type': {'value': 212, 'displayName': 'Length'}, 'value': '16.2'}, {'type': {'value': 141, 'displayName': 'PassEndY'}, 'value': '95.9'}]","[91, 119, 117, 30, 36, 37, 216, 218]",True,334087.0,52.0,95.9,,,,,,,,,
2762465723.0,461,33,22.0,13,58.2,94.6,33,"{'value': 1, 'displayName': 'FirstHalf'}","{'value': 1, 'displayName': 'Pass'}","{'value': 1, 'displayName': 'Successful'}","[{'type': {'value': 213, 'displayName': 'Angle'}, 'value': '4.39'}, {'type': {'value': 56, 'displayName': 'Zone'}, 'value': 'Center'}, {'type': {'value': 178, 'displayName': 'StandingSave'}}, {'type': {'value': 140, 'displayName': 'PassEndX'}, 'value': '53.5'}, {'type': {'value': 141, 'displayName': 'PassEndY'}, 'value': '72.6'}, {'type': {'value': 212, 'displayName': 'Length'}, 'value': '15.8'}]","[91, 119, 117, 30, 35, 38, 216, 218]",True,113994.0,53.5,72.6,,,,,,,,,
2762465729.0,462,33,26.0,13,55.0,70.6,33,"{'value': 1, 'displayName': 'FirstHalf'}","{'value': 1, 'displayName': 'Pass'}","{'value': 1, 'displayName': 'Successful'}","[{'type': {'value': 178, 'displayName': 'StandingSave'}}, {'type': {'value': 212, 'displayName': 'Length'}, 'value': '7.1'}, {'type': {'value': 213, 'displayName': 'Angle'}, 'value': '5.13'}, {'type': {'value': 140, 'displayName': 'PassEndX'}, 'value': '57.7'}, {'type': {'value': 141, 'displayName': 'PassEndY'}, 'value': '61.1'}, {'type': {'value': 56, 'displayName': 'Zone'}, 'value': 'Center'}]","[91, 119, 117, 30, 36, 38, 216, 218]",True,467918.0,57.7,61.1,,,,,,,,,
2762465733.0,463,33,28.0,13,57.7,61.7,33,"{'value': 1, 'displayName': 'FirstHalf'}","{'value': 1, 'displayName': 'Pass'}","{'value': 1, 'displayName': 'Successful'}","[{'type': {'value': 140, 'displayName': 'PassEndX'}, 'value': '56.6'}, {'type': {'value': 56, 'displayName': 'Zone'}, 'value': 'Left'}, {'type': {'value': 178, 'displayName': 'StandingSave'}}, {'type': {'value': 212, 'displayName': 'Length'}, 'value': '15.5'}, {'type': {'value': 213, 'displayName': 'Angle'}, 'value': '1.65'}, {'type': {'value': 141, 'displayName': 'PassEndY'}, 'value': '84.5'}]","[91, 119, 117, 30, 35, 37, 216, 218]",True,332325.0,56.6,84.5,,,,,,,,,
2762465739.0,464,33,30.0,13,56.6,85.3,33,"{'value': 1, 'displayName': 'FirstHalf'}","{'value': 1, 'displayName': 'Pass'}","{'value': 1, 'displayName': 'Successful'}","[{'type': {'value': 140, 'displayName': 'PassEndX'}, 'value': '75.3'}, {'type': {'value': 141, 'displayName': 'PassEndY'}, 'value': '94.8'}, {'type': {'value': 212, 'displayName': 'Length'}, 'value': '20.7'}, {'type': {'value': 56, 'displayName': 'Zone'}, 'value': 'Left'}, {'type': {'value': 178, 'displayName': 'StandingSave'}}, {'type': {'value': 213, 'displayName': 'Angle'}, 'value': '0.32'}]","[91, 119, 117, 30, 205, 36, 37, 217, 218]",True,334087.0,75.3,94.8,,,,,,,,,
2762465747.0,465,33,34.0,13,73.0,92.5,33,"{'value': 1, 'displayName': 'FirstHalf'}","{'value': 1, 'displayName': 'Pass'}","{'value': 1, 'displayName': 'Successful'}","[{'type': {'value': 213, 'displayName': 'Angle'}, 'value': '4.45'}, {'type': {'value': 56, 'displayName': 'Zone'}, 'value': 'Center'}, {'type': {'value': 178, 'displayName': 'StandingSave'}}, {'type': {'value': 212, 'displayName': 'Length'}, 'value': '12.1'}, {'type': {'value': 141, 'displayName': 'PassEndY'}, 'value': '75.3'}, {'type': {'value': 140, 'displayName': 'PassEndX'}, 'value': '70.0'}]","[91, 119, 117, 30, 205, 35, 38, 217, 218]",True,326413.0,70.0,75.3,,,,,,,,,
2762465749.0,466,33,37.0,13,69.6,75.0,33,"{'value': 1, 'displayName': 'FirstHalf'}","{'value': 1, 'displayName': 'Pass'}","{'value': 1, 'displayName': 'Successful'}","[{'type': {'value': 178, 'displayName': 'StandingSave'}}, {'type': {'value': 213, 'displayName': 'Angle'}, 'value': '1.19'}, {'type': {'value': 56, 'displayName': 'Zone'}, 'value': 'Left'}, {'type': {'value': 212, 'displayName': 'Length'}, 'value': '15.1'}, {'type': {'value': 141, 'displayName': 'PassEndY'}, 'value': '95.6'}, {'type': {'value': 140, 'displayName': 'PassEndX'}, 'value': '75.0'}]","[91, 119, 117, 30, 205, 36, 37, 217, 218]",True,467918.0,75.0,95.6,,,,,,,,,
2762465751.0,467,33,39.0,13,74.3,89.6,33,"{'value': 1, 'displayName': 'FirstHalf'}","{'value': 2, 'displayName': 'OffsidePass'}","{'value': 1, 'displayName': 'Successful'}","[{'type': {'value': 7, 'displayName': 'PlayerCaughtOffside'}, 'value': '279379'}, {'type': {'value': 56, 'displayName': 'Zone'}, 'value': 'Center'}, {'type': {'value': 8, 'displayName': 'GoalDisallowed'}}, {'type': {'value': 140, 'displayName': 'PassEndX'}, 'value': '94.1'}, {'type': {'value': 141, 'displayName': 'PassEndY'}, 'value': '64.6'}, {'type': {'value': 178, 'displayName': 'StandingSave'}}]","[91, 217]",True,113994.0,94.1,64.6,,,,,,,,,
2762465759.0,182,33,39.0,165,18.9,44.6,33,"{'value': 1, 'displayName': 'FirstHalf'}","{'value': 55, 'displayName': 'OffsideProvoked'}","{'value': 1, 'displayName': 'Successful'}",[],[62],False,381161.0,,,,,,,,,,,
2762465831.0,183,34,23.0,165,14.1,42.4,34,"{'value': 1, 'displayName': 'FirstHalf'}","{'value': 1, 'displayName': 'Pass'}","{'value': 1, 'displayName': 'Successful'}","[{'type': {'value': 241, 'displayName': 'IndirectFreekickTaken'}}, {'type': {'value': 5, 'displayName': 'FreekickTaken'}}, {'type': {'value': 1, 'displayName': 'Longball'}}, {'type': {'value': 178, 'displayName': 'StandingSave'}}, {'type': {'value': 212, 'displayName': 'Length'}, 'value': '61.0'}, {'type': {'value': 213, 'displayName': 'Angle'}, 'value': '5.84'}, {'type': {'value': 140, 'displayName': 'PassEndX'}, 'value': '66.5'}, {'type': {'value': 56, 'displayName': 'Zone'}, 'value': 'Right'}, {'type': {'value': 141, 'displayName': 'PassEndY'}, 'value': '3.5'}]","[91, 119, 117, 127, 132, 36, 38, 216, 218]",True,362426.0,66.5,3.5,,,,,,,,,
2762465835.0,184,34,27.0,165,68.5,5.6,34,"{'value': 1, 'displayName': 'FirstHalf'}","{'value': 44, 'displayName': 'Aerial'}","{'value': 1, 'displayName': 'Successful'}","[{'type': {'value': 286, 'displayName': 'Offensive'}}, {'type': {'value': 56, 'displayName': 'Zone'}, 'value': 'Right'}, {'type': {'value': 233, 'displayName': 'OppositeRelatedEvent'}, 'value': '469'}]","[197, 199]",False,362826.0,,,,,,,,,,,
2762465843.0,469,34,27.0,13,31.5,94.4,34,"{'value': 1, 'displayName': 'FirstHalf'}","{'value': 44, 'displayName': 'Aerial'}","{'value': 0, 'displayName': 'Unsuccessful'}","[{'type': {'value': 285, 'displayName': 'Defensive'}}, {'type': {'value': 56, 'displayName': 'Zone'}, 'value': 'Back'}, {'type': {'value': 233, 'displayName': 'OppositeRelatedEvent'}, 'value': '184'}]","[198, 200]",False,467918.0,,,,,,,,,,,
2762465837.0,185,34,27.0,165,65.2,3.7,34,"{'value': 1, 'displayName': 'FirstHalf'}","{'value': 1, 'displayName': 'Pass'}","{'value': 0, 'displayName': 'Unsuccessful'}","[{'type': {'value': 3, 'displayName': 'HeadPass'}}, {'type': {'value': 141, 'displayName': 'PassEndY'}, 'value': '0.0'}, {'type': {'value': 140, 'displayName': 'PassEndX'}, 'value': '84.0'}, {'type': {'value': 213, 'displayName': 'Angle'}, 'value': '6.10'}, {'type': {'value': 56, 'displayName': 'Zone'}, 'value': 'Right'}, {'type': {'value': 178, 'displayName': 'StandingSave'}}, {'type': {'value': 212, 'displayName': 'Length'}, 'value': '20.1'}]","[91, 120, 29, 139, 36, 38, 217, 218]",True,362826.0,84.0,0.0,,,,,,,,,
2762465849.0,470,34,28.0,13,24.8,96.2,34,"{'value': 1, 'displayName': 'FirstHalf'}","{'value': 56, 'displayName': 'ShieldBallOpp'}","{'value': 1, 'displayName': 'Successful'}","[{'type': {'value': 56, 'displayName': 'Zone'}, 'value': 'Back'}]",[],False,334087.0,,,,,,,,,,,
2762465907.0,472,34,54.0,13,29.4,100.0,34,"{'value': 1, 'displayName': 'FirstHalf'}","{'value': 1, 'displayName': 'Pass'}","{'value': 0, 'displayName': 'Unsuccessful'}","[{'type': {'value': 107, 'displayName': 'ThrowIn'}}, {'type': {'value': 56, 'displayName': 'Zone'}, 'value': 'Back'}, {'type': {'value': 212, 'displayName': 'Length'}, 'value': '15.1'}, {'type': {'value': 141, 'displayName': 'PassEndY'}, 'value': '96.5'}, {'type': {'value': 213, 'displayName': 'Angle'}, 'value': '6.03'}, {'type': {'value': 140, 'displayName': 'PassEndX'}, 'value': '43.3'}]","[91, 212, 36, 38, 216]",True,467918.0,43.3,96.5,,,,,,,,,
2762465905.0,187,34,56.0,165,56.0,5.0,34,"{'value': 1, 'displayName': 'FirstHalf'}","{'value': 44, 'displayName': 'Aerial'}","{'value': 1, 'displayName': 'Successful'}","[{'type': {'value': 233, 'displayName': 'OppositeRelatedEvent'}, 'value': '473'}, {'type': {'value': 56, 'displayName': 'Zone'}, 'value': 'Right'}, {'type': {'value': 286, 'displayName': 'Offensive'}}]","[197, 199]",False,362826.0,,,,,,,,,,,
2762465909.0,473,34,56.0,13,44.0,95.0,34,"{'value': 1, 'displayName': 'FirstHalf'}","{'value': 44, 'displayName': 'Aerial'}","{'value': 0, 'displayName': 'Unsuccessful'}","[{'type': {'value': 233, 'displayName': 'OppositeRelatedEvent'}, 'value': '187'}, {'type': {'value': 56, 'displayName': 'Zone'}, 'value': 'Back'}, {'type': {'value': 285, 'displayName': 'Defensive'}}]","[198, 200]",False,279379.0,,,,,,,,,,,
2762466175.0,203,34,56.0,165,55.6,5.6,34,"{'value': 1, 'displayName': 'FirstHalf'}","{'value': 1, 'displayName': 'Pass'}","{'value': 1, 'displayName': 'Successful'}","[{'type': {'value': 56, 'displayName': 'Zone'}, 'value': 'Right'}, {'type': {'value': 141, 'displayName': 'PassEndY'}, 'value': '11.5'}, {'type': {'value': 212, 'displayName': 'Length'}, 'value': '4.9'}, {'type': {'value': 213, 'displayName': 'Angle'}, 'value': '0.96'}, {'type': {'value': 3, 'displayName': 'HeadPass'}}, {'type': {'value': 140, 'displayName': 'PassEndX'}, 'value': '58.3'}]","[91, 119, 117, 30, 139, 36, 37, 216, 218]",True,362826.0,58.3,11.5,,,,,,,,,
2762465913.0,188,34,58.0,165,58.7,7.2,34,"{'value': 1, 'displayName': 'FirstHalf'}","{'value': 44, 'displayName': 'Aerial'}","{'value': 1, 'displayName': 'Successful'}","[{'type': {'value': 286, 'displayName': 'Offensive'}}, {'type': {'value': 233, 'displayName': 'OppositeRelatedEvent'}, 'value': '474'}, {'type': {'value': 56, 'displayName': 'Zone'}, 'value': 'Right'}]","[197, 199]",False,349484.0,,,,,,,,,,,
2762465917.0,474,34,58.0,13,41.3,92.8,34,"{'value': 1, 'displayName': 'FirstHalf'}","{'value': 44, 'displayName': 'Aerial'}","{'value': 0, 'displayName': 'Unsuccessful'}","[{'type': {'value': 285, 'displayName': 'Defensive'}}, {'type': {'value': 233, 'displayName': 'OppositeRelatedEvent'}, 'value': '188'}, {'type': {'value': 56, 'displayName': 'Zone'}, 'value': 'Back'}]","[198, 200]",False,279379.0,,,,,,,,,,,
2762466055.0,194,34,58.0,165,58.1,10.5,34,"{'value': 1, 'displayName': 'FirstHalf'}","{'value': 1, 'displayName': 'Pass'}","{'value': 0, 'displayName': 'Unsuccessful'}","[{'type': {'value': 141, 'displayName': 'PassEndY'}, 'value': '11.3'}, {'type': {'value': 56, 'displayName': 'Zone'}, 'value': 'Right'}, {'type': {'value': 3, 'displayName': 'HeadPass'}}, {'type': {'value': 213, 'displayName': 'Angle'}, 'value': '0.13'}, {'type': {'value': 140, 'displayName': 'PassEndX'}, 'value': '62.1'}, {'type': {'value': 212, 'displayName': 'Length'}, 'value': '4.2'}]","[91, 120, 29, 139, 36, 37, 216, 218]",True,349484.0,62.1,11.3,,,,,,,,,
2762478065.0,1012,34,59.0,13,38.6,88.7,34,"{'value': 1, 'displayName': 'FirstHalf'}","{'value': 61, 'displayName': 'BallTouch'}","{'value': 1, 'displayName': 'Successful'}","[{'type': {'value': 56, 'displayName': 'Zone'}, 'value': 'Back'}, {'type': {'value': 15, 'displayName': 'Head'}}]",[91],True,279379.0,,,,,,,,,,,
2762466673.0,218,35,41.0,165,47.6,5.8,35,"{'value': 1, 'displayName': 'FirstHalf'}","{'value': 49, 'displayName': 'BallRecovery'}","{'value': 1, 'displayName': 'Successful'}",[],[93],False,349484.0,,,,,,,,,,,
2762466091.0,196,36,7.0,165,48.1,5.8,36,"{'value': 1, 'displayName': 'FirstHalf'}","{'value': 1, 'displayName': 'Pass'}","{'value': 1, 'displayName': 'Successful'}","[{'type': {'value': 56, 'displayName': 'Zone'}, 'value': 'Back'}, {'type': {'value': 141, 'displayName': 'PassEndY'}, 'value': '24.4'}, {'type': {'value': 212, 'displayName': 'Length'}, 'value': '21.1'}, {'type': {'value': 178, 'displayName': 'StandingSave'}}, {'type': {'value': 140, 'displayName': 'PassEndX'}, 'value': '32.0'}, {'type': {'value': 213, 'displayName': 'Angle'}, 'value': '2.50'}]","[91, 117, 30, 35, 37, 215, 218]",True,349484.0,32.0,24.4,,,,,,,,,
2762466093.0,197,36,10.0,165,33.6,23.7,36,"{'value': 1, 'displayName': 'FirstHalf'}","{'value': 1, 'displayName': 'Pass'}","{'value': 1, 'displayName': 'Successful'}","[{'type': {'value': 56, 'displayName': 'Zone'}, 'value': 'Back'}, {'type': {'value': 178, 'displayName': 'StandingSave'}}, {'type': {'value': 140, 'displayName': 'PassEndX'}, 'value': '37.1'}, {'type': {'value': 213, 'displayName': 'Angle'}, 'value': '5.07'}, {'type': {'value': 212, 'displayName': 'Length'}, 'value': '10.5'}, {'type': {'value': 141, 'displayName': 'PassEndY'}, 'value': '9.2'}]","[91, 117, 30, 36, 38, 216, 218]",True,356599.0,37.1,9.2,,,,,,,,,
2762466095.0,198,36,12.0,165,36.0,9.2,36,"{'value': 1, 'displayName': 'FirstHalf'}","{'value': 1, 'displayName': 'Pass'}","{'value': 1, 'displayName': 'Successful'}","[{'type': {'value': 212, 'displayName': 'Length'}, 'value': '3.7'}, {'type': {'value': 56, 'displayName': 'Zone'}, 'value': 'Back'}, {'type': {'value': 140, 'displayName': 'PassEndX'}, 'value': '37.1'}, {'type': {'value': 178, 'displayName': 'StandingSave'}}, {'type': {'value': 213, 'displayName': 'Angle'}, 'value': '1.26'}, {'type': {'value': 141, 'displayName': 'PassEndY'}, 'value': '14.4'}]","[91, 117, 30, 36, 37, 216, 218]",True,362826.0,37.1,14.4,,,,,,,,,
2762466097.0,199,36,13.0,165,37.1,14.4,36,"{'value': 1, 'displayName': 'FirstHalf'}","{'value': 1, 'displayName': 'Pass'}","{'value': 1, 'displayName': 'Successful'}","[{'type': {'value': 178, 'displayName': 'StandingSave'}}, {'type': {'value': 141, 'displayName': 'PassEndY'}, 'value': '8.2'}, {'type': {'value': 156, 'displayName': 'LayOff'}}, {'type': {'value': 140, 'displayName': 'PassEndX'}, 'value': '33.9'}, {'type': {'value': 56, 'displayName': 'Zone'}, 'value': 'Back'}, {'type': {'value': 213, 'displayName': 'Angle'}, 'value': '4.04'}, {'type': {'value': 212, 'displayName': 'Length'}, 'value': '5.4'}]","[91, 117, 30, 35, 38, 216, 218]",True,270446.0,33.9,8.2,,,,,,,,,
2762466117.0,200,36,14.0,165,32.8,7.3,36,"{'value': 1, 'displayName': 'FirstHalf'}","{'value': 1, 'displayName': 'Pass'}","{'value': 1, 'displayName': 'Successful'}","[{'type': {'value': 213, 'displayName': 'Angle'}, 'value': '6.07'}, {'type': {'value': 56, 'displayName': 'Zone'}, 'value': 'Back'}, {'type': {'value': 178, 'displayName': 'StandingSave'}}, {'type': {'value': 141, 'displayName': 'PassEndY'}, 'value': '4.4'}, {'type': {'value': 212, 'displayName': 'Length'}, 'value': '9.2'}, {'type': {'value': 140, 'displayName': 'PassEndX'}, 'value': '41.4'}]","[91, 117, 30, 36, 38, 216, 218]",True,362826.0,41.4,4.4,,,,,,,,,
2762466119.0,201,36,17.0,165,36.8,5.0,36,"{'value': 1, 'displayName': 'FirstHalf'}","{'value': 50, 'displayName': 'Dispossessed'}","{'value': 1, 'displayName': 'Successful'}","[{'type': {'value': 286, 'displayName': 'Offensive'}}, {'type': {'value': 233, 'displayName': 'OppositeRelatedEvent'}, 'value': '481'}, {'type': {'value': 56, 'displayName': 'Zone'}, 'value': 'Back'}]","[91, 70]",True,349484.0,,,,,,,,,,,
2762466125.0,481,36,18.0,13,63.2,95.0,36,"{'value': 1, 'displayName': 'FirstHalf'}","{'value': 7, 'displayName': 'Tackle'}","{'value': 0, 'displayName': 'Unsuccessful'}","[{'type': {'value': 56, 'displayName': 'Zone'}, 'value': 'Left'}, {'type': {'value': 233, 'displayName': 'OppositeRelatedEvent'}, 'value': '201'}, {'type': {'value': 178, 'displayName': 'StandingSave'}}, {'type': {'value': 285, 'displayName': 'Defensive'}}]","[91, 142]",True,113994.0,,,,,,,,,,,
2762466121.0,202,36,18.0,165,36.8,5.8,36,"{'value': 1, 'displayName': 'FirstHalf'}","{'value': 50, 'displayName': 'Dispossessed'}","{'value': 1, 'displayName': 'Successful'}","[{'type': {'value': 286, 'displayName': 'Offensive'}}, {'type': {'value': 233, 'displayName': 'OppositeRelatedEvent'}, 'value': '549'}, {'type': {'value': 56, 'displayName': 'Zone'}, 'value': 'Back'}]","[91, 70]",True,349484.0,,,,,,,,,,,
2762467131.0,549,36,20.0,13,63.2,94.2,36,"{'value': 1, 'displayName': 'FirstHalf'}","{'value': 7, 'displayName': 'Tackle'}","{'value': 0, 'displayName': 'Unsuccessful'}","[{'type': {'value': 178, 'displayName': 'StandingSave'}}, {'type': {'value': 285, 'displayName': 'Defensive'}}, {'type': {'value': 233, 'displayName': 'OppositeRelatedEvent'}, 'value': '202'}, {'type': {'value': 56, 'displayName': 'Zone'}, 'value': 'Left'}]","[91, 142]",True,113994.0,,,,,,,,,,,
2762467551.0,244,36,20.0,165,36.9,6.4,36,"{'value': 1, 'displayName': 'FirstHalf'}","{'value': 61, 'displayName': 'BallTouch'}","{'value': 1, 'displayName': 'Successful'}","[{'type': {'value': 56, 'displayName': 'Zone'}, 'value': 'Back'}]",[91],True,349484.0,,,,,,,,,,,
2762466133.0,482,36,21.0,13,56.5,90.8,36,"{'value': 1, 'displayName': 'FirstHalf'}","{'value': 49, 'displayName': 'BallRecovery'}","{'value': 1, 'displayName': 'Successful'}",[],[93],False,326413.0,,,,,,,,,,,
2762466137.0,483,36,22.0,13,54.9,90.1,36,"{'value': 1, 'displayName': 'FirstHalf'}","{'value': 1, 'displayName': 'Pass'}","{'value': 1, 'displayName': 'Successful'}","[{'type': {'value': 212, 'displayName': 'Length'}, 'value': '7.3'}, {'type': {'value': 213, 'displayName': 'Angle'}, 'value': '5.02'}, {'type': {'value': 56, 'displayName': 'Zone'}, 'value': 'Left'}, {'type': {'value': 141, 'displayName': 'PassEndY'}, 'value': '79.9'}, {'type': {'value': 178, 'displayName': 'StandingSave'}}, {'type': {'value': 140, 'displayName': 'PassEndX'}, 'value': '57.0'}]","[91, 119, 117, 30, 36, 38, 216, 218]",True,326413.0,57.0,79.9,,,,,,,,,
2762466143.0,484,36,24.0,13,56.7,80.1,36,"{'value': 1, 'displayName': 'FirstHalf'}","{'value': 1, 'displayName': 'Pass'}","{'value': 1, 'displayName': 'Successful'}","[{'type': {'value': 178, 'displayName': 'StandingSave'}}, {'type': {'value': 213, 'displayName': 'Angle'}, 'value': '1.88'}, {'type': {'value': 212, 'displayName': 'Length'}, 'value': '9.6'}, {'type': {'value': 140, 'displayName': 'PassEndX'}, 'value': '53.9'}, {'type': {'value': 141, 'displayName': 'PassEndY'}, 'value': '93.6'}, {'type': {'value': 56, 'displayName': 'Zone'}, 'value': 'Left'}]","[91, 119, 117, 30, 35, 37, 216, 218]",True,332325.0,53.9,93.6,,,,,,,,,
2762466147.0,485,36,25.0,13,53.9,93.6,36,"{'value': 1, 'displayName': 'FirstHalf'}","{'value': 1, 'displayName': 'Pass'}","{'value': 1, 'displayName': 'Successful'}","[{'type': {'value': 212, 'displayName': 'Length'}, 'value': '19.9'}, {'type': {'value': 178, 'displayName': 'StandingSave'}}, {'type': {'value': 56, 'displayName': 'Zone'}, 'value': 'Back'}, {'type': {'value': 140, 'displayName': 'PassEndX'}, 'value': '37.7'}, {'type': {'value': 213, 'displayName': 'Angle'}, 'value': '3.69'}, {'type': {'value': 141, 'displayName': 'PassEndY'}, 'value': '78.4'}]","[91, 117, 30, 35, 38, 216, 218]",True,467918.0,37.7,78.4,,,,,,,,,
2762466149.0,486,36,27.0,13,37.7,78.4,36,"{'value': 1, 'displayName': 'FirstHalf'}","{'value': 1, 'displayName': 'Pass'}","{'value': 1, 'displayName': 'Successful'}","[{'type': {'value': 212, 'displayName': 'Length'}, 'value': '6.0'}, {'type': {'value': 56, 'displayName': 'Zone'}, 'value': 'Back'}, {'type': {'value': 213, 'displayName': 'Angle'}, 'value': '5.02'}, {'type': {'value': 178, 'displayName': 'StandingSave'}}, {'type': {'value': 140, 'displayName': 'PassEndX'}, 'value': '39.4'}, {'type': {'value': 141, 'displayName': 'PassEndY'}, 'value': '70.0'}]","[91, 117, 30, 36, 38, 216, 218]",True,334087.0,39.4,70.0,,,,,,,,,
2762466155.0,487,36,29.0,13,39.4,70.0,36,"{'value': 1, 'displayName': 'FirstHalf'}","{'value': 1, 'displayName': 'Pass'}","{'value': 1, 'displayName': 'Successful'}","[{'type': {'value': 56, 'displayName': 'Zone'}, 'value': 'Back'}, {'type': {'value': 212, 'displayName': 'Length'}, 'value': '17.5'}, {'type': {'value': 141, 'displayName': 'PassEndY'}, 'value': '47.6'}, {'type': {'value': 140, 'displayName': 'PassEndX'}, 'value': '31.1'}, {'type': {'value': 178, 'displayName': 'StandingSave'}}, {'type': {'value': 213, 'displayName': 'Angle'}, 'value': '4.19'}]","[91, 117, 30, 35, 38, 215, 218]",True,326413.0,31.1,47.6,,,,,,,,,
2762466161.0,488,36,31.0,13,29.4,42.4,36,"{'value': 1, 'displayName': 'FirstHalf'}","{'value': 1, 'displayName': 'Pass'}","{'value': 1, 'displayName': 'Successful'}","[{'type': {'value': 141, 'displayName': 'PassEndY'}, 'value': '42.0'}, {'type': {'value': 212, 'displayName': 'Length'}, 'value': '11.1'}, {'type': {'value': 178, 'displayName': 'StandingSave'}}, {'type': {'value': 140, 'displayName': 'PassEndX'}, 'value': '40.0'}, {'type': {'value': 213, 'displayName': 'Angle'}, 'value': '6.26'}, {'type': {'value': 56, 'displayName': 'Zone'}, 'value': 'Back'}]","[91, 117, 30, 36, 38, 216, 218]",True,361822.0,40.0,42.0,,,,,,,,,
2762466169.0,489,36,33.0,13,39.0,38.1,36,"{'value': 1, 'displayName': 'FirstHalf'}","{'value': 1, 'displayName': 'Pass'}","{'value': 1, 'displayName': 'Successful'}","[{'type': {'value': 56, 'displayName': 'Zone'}, 'value': 'Back'}, {'type': {'value': 212, 'displayName': 'Length'}, 'value': '16.5'}, {'type': {'value': 140, 'displayName': 'PassEndX'}, 'value': '38.1'}, {'type': {'value': 213, 'displayName': 'Angle'}, 'value': '4.66'}, {'type': {'value': 141, 'displayName': 'PassEndY'}, 'value': '13.9'}, {'type': {'value': 178, 'displayName': 'StandingSave'}}]","[91, 117, 30, 35, 38, 216, 218]",True,326413.0,38.1,13.9,,,,,,,,,
2762466173.0,490,36,35.0,13,38.1,13.9,36,"{'value': 1, 'displayName': 'FirstHalf'}","{'value': 1, 'displayName': 'Pass'}","{'value': 1, 'displayName': 'Successful'}","[{'type': {'value': 56, 'displayName': 'Zone'}, 'value': 'Back'}, {'type': {'value': 178, 'displayName': 'StandingSave'}}, {'type': {'value': 140, 'displayName': 'PassEndX'}, 'value': '27.3'}, {'type': {'value': 213, 'displayName': 'Angle'}, 'value': '2.19'}, {'type': {'value': 212, 'displayName': 'Length'}, 'value': '19.4'}, {'type': {'value': 141, 'displayName': 'PassEndY'}, 'value': '37.1'}]","[91, 117, 30, 35, 37, 215, 218]",True,388650.0,27.3,37.1,,,,,,,,,
2762466183.0,491,36,38.0,13,24.0,38.3,36,"{'value': 1, 'displayName': 'FirstHalf'}","{'value': 1, 'displayName': 'Pass'}","{'value': 1, 'displayName': 'Successful'}","[{'type': {'value': 140, 'displayName': 'PassEndX'}, 'value': '15.5'}, {'type': {'value': 141, 'displayName': 'PassEndY'}, 'value': '60.0'}, {'type': {'value': 178, 'displayName': 'StandingSave'}}, {'type': {'value': 56, 'displayName': 'Zone'}, 'value': 'Back'}, {'type': {'value': 213, 'displayName': 'Angle'}, 'value': '2.11'}, {'type': {'value': 212, 'displayName': 'Length'}, 'value': '17.2'}]","[91, 117, 30, 35, 37, 215, 218]",True,361822.0,15.5,60.0,,,,,,,,,
2762466189.0,492,36,41.0,13,15.5,60.0,36,"{'value': 1, 'displayName': 'FirstHalf'}","{'value': 1, 'displayName': 'Pass'}","{'value': 1, 'displayName': 'Successful'}","[{'type': {'value': 56, 'displayName': 'Zone'}, 'value': 'Back'}, {'type': {'value': 213, 'displayName': 'Angle'}, 'value': '1.43'}, {'type': {'value': 140, 'displayName': 'PassEndX'}, 'value': '18.3'}, {'type': {'value': 212, 'displayName': 'Length'}, 'value': '21.4'}, {'type': {'value': 178, 'displayName': 'StandingSave'}}, {'type': {'value': 141, 'displayName': 'PassEndY'}, 'value': '91.1'}]","[91, 117, 30, 36, 37, 215, 218]",True,276366.0,18.3,91.1,,,,,,,,,
2762466203.0,493,36,44.0,13,19.4,92.4,36,"{'value': 1, 'displayName': 'FirstHalf'}","{'value': 1, 'displayName': 'Pass'}","{'value': 0, 'displayName': 'Unsuccessful'}","[{'type': {'value': 213, 'displayName': 'Angle'}, 'value': '6.10'}, {'type': {'value': 155, 'displayName': 'Chipped'}}, {'type': {'value': 1, 'displayName': 'Longball'}}, {'type': {'value': 178, 'displayName': 'StandingSave'}}, {'type': {'value': 56, 'displayName': 'Zone'}, 'value': 'Left'}, {'type': {'value': 140, 'displayName': 'PassEndX'}, 'value': '54.4'}, {'type': {'value': 212, 'displayName': 'Length'}, 'value': '37.4'}, {'type': {'value': 141, 'displayName': 'PassEndY'}, 'value': '82.4'}]","[91, 120, 124, 128, 36, 38, 216, 218]",True,334087.0,54.4,82.4,,,,,,,,,
2762466201.0,204,36,46.0,165,46.4,28.9,36,"{'value': 1, 'displayName': 'FirstHalf'}","{'value': 8, 'displayName': 'Interception'}","{'value': 1, 'displayName': 'Successful'}","[{'type': {'value': 15, 'displayName': 'Head'}}, {'type': {'value': 56, 'displayName': 'Zone'}, 'value': 'Back'}]","[91, 101, 56]",True,356599.0,,,,,,,,,,,
2762466209.0,205,36,48.0,165,42.8,34.8,36,"{'value': 1, 'displayName': 'FirstHalf'}","{'value': 1, 'displayName': 'Pass'}","{'value': 0, 'displayName': 'Unsuccessful'}","[{'type': {'value': 213, 'displayName': 'Angle'}, 'value': '5.74'}, {'type': {'value': 212, 'displayName': 'Length'}, 'value': '27.5'}, {'type': {'value': 141, 'displayName': 'PassEndY'}, 'value': '13.8'}, {'type': {'value': 140, 'displayName': 'PassEndX'}, 'value': '65.2'}, {'type': {'value': 178, 'displayName': 'StandingSave'}}, {'type': {'value': 56, 'displayName': 'Zone'}, 'value': 'Right'}, {'type': {'value': 1, 'displayName': 'Longball'}}]","[91, 120, 128, 36, 38, 216, 218]",True,381161.0,65.2,13.8,,,,,,,,,
2762466211.0,494,36,50.0,13,34.5,85.2,36,"{'value': 1, 'displayName': 'FirstHalf'}","{'value': 44, 'displayName': 'Aerial'}","{'value': 1, 'displayName': 'Successful'}","[{'type': {'value': 56, 'displayName': 'Zone'}, 'value': 'Back'}, {'type': {'value': 285, 'displayName': 'Defensive'}}, {'type': {'value': 233, 'displayName': 'OppositeRelatedEvent'}, 'value': '206'}]","[197, 200]",False,467918.0,,,,,,,,,,,
2762466213.0,206,36,50.0,165,65.5,14.8,36,"{'value': 1, 'displayName': 'FirstHalf'}","{'value': 44, 'displayName': 'Aerial'}","{'value': 0, 'displayName': 'Unsuccessful'}","[{'type': {'value': 286, 'displayName': 'Offensive'}}, {'type': {'value': 233, 'displayName': 'OppositeRelatedEvent'}, 'value': '494'}, {'type': {'value': 56, 'displayName': 'Zone'}, 'value': 'Right'}]","[198, 199]",False,430908.0,,,,,,,,,,,
2762466217.0,495,36,50.0,13,34.2,83.6,36,"{'value': 1, 'displayName': 'FirstHalf'}","{'value': 1, 'displayName': 'Pass'}","{'value': 1, 'displayName': 'Successful'}","[{'type': {'value': 3, 'displayName': 'HeadPass'}}, {'type': {'value': 56, 'displayName': 'Zone'}, 'value': 'Back'}, {'type': {'value': 140, 'displayName': 'PassEndX'}, 'value': '25.1'}, {'type': {'value': 212, 'displayName': 'Length'}, 'value': '9.6'}, {'type': {'value': 141, 'displayName': 'PassEndY'}, 'value': '83.8'}, {'type': {'value': 213, 'displayName': 'Angle'}, 'value': '3.13'}]","[91, 117, 30, 139, 35, 37, 215, 218]",True,467918.0,25.1,83.8,,,,,,,,,
2762466225.0,496,36,53.0,13,24.1,82.4,36,"{'value': 1, 'displayName': 'FirstHalf'}","{'value': 1, 'displayName': 'Pass'}","{'value': 1, 'displayName': 'Successful'}","[{'type': {'value': 141, 'displayName': 'PassEndY'}, 'value': '62.8'}, {'type': {'value': 212, 'displayName': 'Length'}, 'value': '18.9'}, {'type': {'value': 213, 'displayName': 'Angle'}, 'value': '3.93'}, {'type': {'value': 56, 'displayName': 'Zone'}, 'value': 'Back'}, {'type': {'value': 140, 'displayName': 'PassEndX'}, 'value': '11.4'}, {'type': {'value': 178, 'displayName': 'StandingSave'}}]","[91, 117, 30, 35, 38, 215, 218]",True,334087.0,11.4,62.8,,,,,,,,,
2762466239.0,497,36,57.0,13,11.1,57.9,36,"{'value': 1, 'displayName': 'FirstHalf'}","{'value': 1, 'displayName': 'Pass'}","{'value': 1, 'displayName': 'Successful'}","[{'type': {'value': 212, 'displayName': 'Length'}, 'value': '21.0'}, {'type': {'value': 140, 'displayName': 'PassEndX'}, 'value': '14.8'}, {'type': {'value': 56, 'displayName': 'Zone'}, 'value': 'Back'}, {'type': {'value': 213, 'displayName': 'Angle'}, 'value': '4.90'}, {'type': {'value': 178, 'displayName': 'StandingSave'}}, {'type': {'value': 141, 'displayName': 'PassEndY'}, 'value': '27.6'}]","[91, 117, 30, 36, 38, 215, 218]",True,276366.0,14.8,27.6,,,,,,,,,
2762466243.0,498,36,59.0,13,17.5,24.8,36,"{'value': 1, 'displayName': 'FirstHalf'}","{'value': 1, 'displayName': 'Pass'}","{'value': 1, 'displayName': 'Successful'}","[{'type': {'value': 178, 'displayName': 'StandingSave'}}, {'type': {'value': 140, 'displayName': 'PassEndX'}, 'value': '26.8'}, {'type': {'value': 56, 'displayName': 'Zone'}, 'value': 'Back'}, {'type': {'value': 213, 'displayName': 'Angle'}, 'value': '5.33'}, {'type': {'value': 212, 'displayName': 'Length'}, 'value': '17.0'}, {'type': {'value': 141, 'displayName': 'PassEndY'}, 'value': '4.4'}]","[91, 117, 30, 36, 38, 215, 218]",True,361822.0,26.8,4.4,,,,,,,,,
2762466247.0,499,37,2.0,13,26.8,4.7,37,"{'value': 1, 'displayName': 'FirstHalf'}","{'value': 1, 'displayName': 'Pass'}","{'value': 1, 'displayName': 'Successful'}","[{'type': {'value': 212, 'displayName': 'Length'}, 'value': '15.6'}, {'type': {'value': 178, 'displayName': 'StandingSave'}}, {'type': {'value': 140, 'displayName': 'PassEndX'}, 'value': '14.6'}, {'type': {'value': 141, 'displayName': 'PassEndY'}, 'value': '17.8'}, {'type': {'value': 213, 'displayName': 'Angle'}, 'value': '2.53'}, {'type': {'value': 56, 'displayName': 'Zone'}, 'value': 'Back'}]","[91, 117, 30, 35, 37, 215, 218]",True,326413.0,14.6,17.8,,,,,,,,,
2762466255.0,500,37,4.0,13,14.2,18.4,37,"{'value': 1, 'displayName': 'FirstHalf'}","{'value': 1, 'displayName': 'Pass'}","{'value': 1, 'displayName': 'Successful'}","[{'type': {'value': 178, 'displayName': 'StandingSave'}}, {'type': {'value': 212, 'displayName': 'Length'}, 'value': '22.9'}, {'type': {'value': 140, 'displayName': 'PassEndX'}, 'value': '8.8'}, {'type': {'value': 141, 'displayName': 'PassEndY'}, 'value': '51.1'}, {'type': {'value': 213, 'displayName': 'Angle'}, 'value': '1.82'}, {'type': {'value': 56, 'displayName': 'Zone'}, 'value': 'Back'}]","[91, 117, 30, 35, 37, 215, 218]",True,361822.0,8.8,51.1,,,,,,,,,
2762466261.0,501,37,7.0,13,8.9,50.8,37,"{'value': 1, 'displayName': 'FirstHalf'}","{'value': 1, 'displayName': 'Pass'}","{'value': 1, 'displayName': 'Successful'}","[{'type': {'value': 213, 'displayName': 'Angle'}, 'value': '5.54'}, {'type': {'value': 140, 'displayName': 'PassEndX'}, 'value': '15.7'}, {'type': {'value': 56, 'displayName': 'Zone'}, 'value': 'Back'}, {'type': {'value': 212, 'displayName': 'Length'}, 'value': '9.7'}, {'type': {'value': 178, 'displayName': 'StandingSave'}}, {'type': {'value': 141, 'displayName': 'PassEndY'}, 'value': '41.2'}]","[91, 117, 30, 36, 38, 215, 218]",True,276366.0,15.7,41.2,,,,,,,,,
2762466271.0,502,37,9.0,13,19.2,36.4,37,"{'value': 1, 'displayName': 'FirstHalf'}","{'value': 1, 'displayName': 'Pass'}","{'value': 1, 'displayName': 'Successful'}","[{'type': {'value': 56, 'displayName': 'Zone'}, 'value': 'Back'}, {'type': {'value': 213, 'displayName': 'Angle'}, 'value': '4.22'}, {'type': {'value': 212, 'displayName': 'Length'}, 'value': '10.1'}, {'type': {'value': 141, 'displayName': 'PassEndY'}, 'value': '23.3'}, {'type': {'value': 140, 'displayName': 'PassEndX'}, 'value': '14.7'}, {'type': {'value': 178, 'displayName': 'StandingSave'}}]","[91, 117, 30, 35, 38, 215, 218]",True,332325.0,14.7,23.3,,,,,,,,,
2762466297.0,503,37,15.0,13,18.7,23.0,37,"{'value': 1, 'displayName': 'FirstHalf'}","{'value': 1, 'displayName': 'Pass'}","{'value': 1, 'displayName': 'Successful'}","[{'type': {'value': 213, 'displayName': 'Angle'}, 'value': '1.94'}, {'type': {'value': 140, 'displayName': 'PassEndX'}, 'value': '10.5'}, {'type': {'value': 56, 'displayName': 'Zone'}, 'value': 'Back'}, {'type': {'value': 212, 'displayName': 'Length'}, 'value': '23.6'}, {'type': {'value': 141, 'displayName': 'PassEndY'}, 'value': '55.3'}, {'type': {'value': 178, 'displayName': 'StandingSave'}}]","[91, 117, 30, 35, 37, 215, 218]",True,361822.0,10.5,55.3,,,,,,,,,
2762466317.0,504,37,23.0,13,15.7,55.7,37,"{'value': 1, 'displayName': 'FirstHalf'}","{'value': 1, 'displayName': 'Pass'}","{'value': 1, 'displayName': 'Successful'}","[{'type': {'value': 140, 'displayName': 'PassEndX'}, 'value': '18.1'}, {'type': {'value': 212, 'displayName': 'Length'}, 'value': '16.2'}, {'type': {'value': 141, 'displayName': 'PassEndY'}, 'value': '32.2'}, {'type': {'value': 213, 'displayName': 'Angle'}, 'value': '4.87'}, {'type': {'value': 56, 'displayName': 'Zone'}, 'value': 'Back'}, {'type': {'value': 178, 'displayName': 'StandingSave'}}]","[91, 117, 30, 36, 38, 215, 218]",True,276366.0,18.1,32.2,,,,,,,,,
2762466319.0,505,37,29.0,13,19.9,36.1,37,"{'value': 1, 'displayName': 'FirstHalf'}","{'value': 1, 'displayName': 'Pass'}","{'value': 1, 'displayName': 'Successful'}","[{'type': {'value': 140, 'displayName': 'PassEndX'}, 'value': '21.3'}, {'type': {'value': 141, 'displayName': 'PassEndY'}, 'value': '73.4'}, {'type': {'value': 178, 'displayName': 'StandingSave'}}, {'type': {'value': 56, 'displayName': 'Zone'}, 'value': 'Back'}, {'type': {'value': 212, 'displayName': 'Length'}, 'value': '25.4'}, {'type': {'value': 213, 'displayName': 'Angle'}, 'value': '1.51'}]","[91, 117, 30, 36, 37, 215, 218]",True,361822.0,21.3,73.4,,,,,,,,,
2762466325.0,506,37,32.0,13,24.1,73.2,37,"{'value': 1, 'displayName': 'FirstHalf'}","{'value': 1, 'displayName': 'Pass'}","{'value': 0, 'displayName': 'Unsuccessful'}","[{'type': {'value': 141, 'displayName': 'PassEndY'}, 'value': '50.1'}, {'type': {'value': 56, 'displayName': 'Zone'}, 'value': 'Center'}, {'type': {'value': 213, 'displayName': 'Angle'}, 'value': '5.97'}, {'type': {'value': 1, 'displayName': 'Longball'}}, {'type': {'value': 140, 'displayName': 'PassEndX'}, 'value': '70.9'}, {'type': {'value': 155, 'displayName': 'Chipped'}}, {'type': {'value': 178, 'displayName': 'StandingSave'}}, {'type': {'value': 212, 'displayName': 'Length'}, 'value': '51.6'}]","[91, 120, 124, 128, 36, 38, 217, 218]",True,334087.0,70.9,50.1,,,,,,,,,
2762466329.0,207,37,35.0,165,34.9,54.2,37,"{'value': 1, 'displayName': 'FirstHalf'}","{'value': 8, 'displayName': 'Interception'}","{'value': 1, 'displayName': 'Successful'}","[{'type': {'value': 56, 'displayName': 'Zone'}, 'value': 'Back'}, {'type': {'value': 21, 'displayName': 'OtherBodyPart'}}]","[91, 101, 56]",True,366211.0,,,,,,,,,,,
2762466335.0,208,37,36.0,165,36.6,54.5,37,"{'value': 1, 'displayName': 'FirstHalf'}","{'value': 49, 'displayName': 'BallRecovery'}","{'value': 1, 'displayName': 'Successful'}",[],[93],False,366211.0,,,,,,,,,,,
2762466343.0,209,37,36.0,165,36.7,54.5,37,"{'value': 1, 'displayName': 'FirstHalf'}","{'value': 1, 'displayName': 'Pass'}","{'value': 1, 'displayName': 'Successful'}","[{'type': {'value': 212, 'displayName': 'Length'}, 'value': '21.0'}, {'type': {'value': 213, 'displayName': 'Angle'}, 'value': '5.92'}, {'type': {'value': 56, 'displayName': 'Zone'}, 'value': 'Center'}, {'type': {'value': 178, 'displayName': 'StandingSave'}}, {'type': {'value': 141, 'displayName': 'PassEndY'}, 'value': '43.4'}, {'type': {'value': 140, 'displayName': 'PassEndX'}, 'value': '55.4'}]","[91, 119, 117, 30, 36, 38, 216, 218]",True,366211.0,55.4,43.4,,,,,,,,,
2762466385.0,210,37,38.0,165,55.5,43.4,37,"{'value': 1, 'displayName': 'FirstHalf'}","{'value': 1, 'displayName': 'Pass'}","{'value': 1, 'displayName': 'Successful'}","[{'type': {'value': 56, 'displayName': 'Zone'}, 'value': 'Center'}, {'type': {'value': 140, 'displayName': 'PassEndX'}, 'value': '55.4'}, {'type': {'value': 213, 'displayName': 'Angle'}, 'value': '1.58'}, {'type': {'value': 178, 'displayName': 'StandingSave'}}, {'type': {'value': 212, 'displayName': 'Length'}, 'value': '11.6'}, {'type': {'value': 141, 'displayName': 'PassEndY'}, 'value': '60.5'}]","[91, 119, 117, 30, 35, 37, 216, 218]",True,401254.0,55.4,60.5,,,,,,,,,
2762467941.0,250,37,46.0,165,73.3,94.1,37,"{'value': 1, 'displayName': 'FirstHalf'}","{'value': 61, 'displayName': 'BallTouch'}","{'value': 0, 'displayName': 'Unsuccessful'}","[{'type': {'value': 56, 'displayName': 'Zone'}, 'value': 'Left'}]","[91, 69]",True,430908.0,,,,,,,,,,,
2762466389.0,508,37,47.0,13,31.0,4.8,37,"{'value': 1, 'displayName': 'FirstHalf'}","{'value': 4, 'displayName': 'Foul'}","{'value': 1, 'displayName': 'Successful'}","[{'type': {'value': 56, 'displayName': 'Zone'}, 'value': 'Back'}, {'type': {'value': 285, 'displayName': 'Defensive'}}, {'type': {'value': 233, 'displayName': 'OppositeRelatedEvent'}, 'value': '211'}]","[91, 63]",True,,,,,,,,,,,,
2762466387.0,211,37,47.0,165,69.0,95.2,37,"{'value': 1, 'displayName': 'FirstHalf'}","{'value': 4, 'displayName': 'Foul'}","{'value': 0, 'displayName': 'Unsuccessful'}","[{'type': {'value': 233, 'displayName': 'OppositeRelatedEvent'}, 'value': '508'}, {'type': {'value': 56, 'displayName': 'Zone'}, 'value': 'Left'}, {'type': {'value': 286, 'displayName': 'Offensive'}}]",[64],False,430908.0,,,,,,,,,,,
2762466443.0,509,38,3.0,13,24.8,6.0,38,"{'value': 1, 'displayName': 'FirstHalf'}","{'value': 1, 'displayName': 'Pass'}","{'value': 1, 'displayName': 'Successful'}","[{'type': {'value': 140, 'displayName': 'PassEndX'}, 'value': '11.4'}, {'type': {'value': 212, 'displayName': 'Length'}, 'value': '16.0'}, {'type': {'value': 5, 'displayName': 'FreekickTaken'}}, {'type': {'value': 178, 'displayName': 'StandingSave'}}, {'type': {'value': 56, 'displayName': 'Zone'}, 'value': 'Back'}, {'type': {'value': 213, 'displayName': 'Angle'}, 'value': '2.65'}, {'type': {'value': 141, 'displayName': 'PassEndY'}, 'value': '17.2'}]","[91, 117, 30, 132, 35, 37, 215, 218]",True,388650.0,11.4,17.2,,,,,,,,,
2762466447.0,510,38,5.0,13,9.5,24.8,38,"{'value': 1, 'displayName': 'FirstHalf'}","{'value': 1, 'displayName': 'Pass'}","{'value': 1, 'displayName': 'Successful'}","[{'type': {'value': 213, 'displayName': 'Angle'}, 'value': '0.82'}, {'type': {'value': 140, 'displayName': 'PassEndX'}, 'value': '24.9'}, {'type': {'value': 141, 'displayName': 'PassEndY'}, 'value': '50.1'}, {'type': {'value': 212, 'displayName': 'Length'}, 'value': '23.6'}, {'type': {'value': 56, 'displayName': 'Zone'}, 'value': 'Back'}, {'type': {'value': 178, 'displayName': 'StandingSave'}}]","[91, 117, 30, 36, 37, 215, 218]",True,361822.0,24.9,50.1,,,,,,,,,
2762466461.0,511,38,14.0,13,34.6,60.5,38,"{'value': 1, 'displayName': 'FirstHalf'}","{'value': 1, 'displayName': 'Pass'}","{'value': 1, 'displayName': 'Successful'}","[{'type': {'value': 141, 'displayName': 'PassEndY'}, 'value': '76.7'}, {'type': {'value': 212, 'displayName': 'Length'}, 'value': '11.0'}, {'type': {'value': 140, 'displayName': 'PassEndX'}, 'value': '34.0'}, {'type': {'value': 213, 'displayName': 'Angle'}, 'value': '1.63'}, {'type': {'value': 178, 'displayName': 'StandingSave'}}, {'type': {'value': 56, 'displayName': 'Zone'}, 'value': 'Back'}]","[91, 117, 30, 35, 37, 216, 218]",True,467918.0,34.0,76.7,,,,,,,,,
2762466485.0,512,38,18.0,13,38.4,75.8,38,"{'value': 1, 'displayName': 'FirstHalf'}","{'value': 1, 'displayName': 'Pass'}","{'value': 1, 'displayName': 'Successful'}","[{'type': {'value': 212, 'displayName': 'Length'}, 'value': '16.1'}, {'type': {'value': 178, 'displayName': 'StandingSave'}}, {'type': {'value': 56, 'displayName': 'Zone'}, 'value': 'Back'}, {'type': {'value': 213, 'displayName': 'Angle'}, 'value': '4.30'}, {'type': {'value': 141, 'displayName': 'PassEndY'}, 'value': '54.1'}, {'type': {'value': 140, 'displayName': 'PassEndX'}, 'value': '32.3'}]","[91, 117, 30, 35, 38, 215, 218]",True,334087.0,32.3,54.1,,,,,,,,,
2762466493.0,513,38,24.0,13,33.6,53.4,38,"{'value': 1, 'displayName': 'FirstHalf'}","{'value': 1, 'displayName': 'Pass'}","{'value': 1, 'displayName': 'Successful'}","[{'type': {'value': 141, 'displayName': 'PassEndY'}, 'value': '80.7'}, {'type': {'value': 213, 'displayName': 'Angle'}, 'value': '1.02'}, {'type': {'value': 56, 'displayName': 'Zone'}, 'value': 'Back'}, {'type': {'value': 212, 'displayName': 'Length'}, 'value': '21.8'}, {'type': {'value': 140, 'displayName': 'PassEndX'}, 'value': '44.5'}, {'type': {'value': 178, 'displayName': 'StandingSave'}}]","[91, 117, 30, 36, 37, 216, 218]",True,361822.0,44.5,80.7,,,,,,,,,
2762466507.0,514,38,26.0,13,44.5,80.7,38,"{'value': 1, 'displayName': 'FirstHalf'}","{'value': 1, 'displayName': 'Pass'}","{'value': 1, 'displayName': 'Successful'}","[{'type': {'value': 178, 'displayName': 'StandingSave'}}, {'type': {'value': 140, 'displayName': 'PassEndX'}, 'value': '38.6'}, {'type': {'value': 212, 'displayName': 'Length'}, 'value': '6.3'}, {'type': {'value': 213, 'displayName': 'Angle'}, 'value': '3.34'}, {'type': {'value': 56, 'displayName': 'Zone'}, 'value': 'Back'}, {'type': {'value': 141, 'displayName': 'PassEndY'}, 'value': '78.9'}]","[91, 117, 30, 35, 38, 216, 218]",True,326413.0,38.6,78.9,,,,,,,,,
2762466521.0,515,38,31.0,13,39.7,71.4,38,"{'value': 1, 'displayName': 'FirstHalf'}","{'value': 1, 'displayName': 'Pass'}","{'value': 1, 'displayName': 'Successful'}","[{'type': {'value': 212, 'displayName': 'Length'}, 'value': '13.4'}, {'type': {'value': 141, 'displayName': 'PassEndY'}, 'value': '53.4'}, {'type': {'value': 140, 'displayName': 'PassEndX'}, 'value': '34.4'}, {'type': {'value': 178, 'displayName': 'StandingSave'}}, {'type': {'value': 56, 'displayName': 'Zone'}, 'value': 'Back'}, {'type': {'value': 213, 'displayName': 'Angle'}, 'value': '4.29'}]","[91, 117, 30, 35, 38, 216, 218]",True,334087.0,34.4,53.4,,,,,,,,,
2762466531.0,516,38,33.0,13,34.3,54.1,38,"{'value': 1, 'displayName': 'FirstHalf'}","{'value': 1, 'displayName': 'Pass'}","{'value': 1, 'displayName': 'Successful'}","[{'type': {'value': 212, 'displayName': 'Length'}, 'value': '34.9'}, {'type': {'value': 178, 'displayName': 'StandingSave'}}, {'type': {'value': 213, 'displayName': 'Angle'}, 'value': '0.91'}, {'type': {'value': 140, 'displayName': 'PassEndX'}, 'value': '54.8'}, {'type': {'value': 1, 'displayName': 'Longball'}}, {'type': {'value': 56, 'displayName': 'Zone'}, 'value': 'Left'}, {'type': {'value': 141, 'displayName': 'PassEndY'}, 'value': '94.5'}]","[91, 119, 117, 127, 36, 37, 216, 218]",True,361822.0,54.8,94.5,,,,,,,,,
2762466549.0,517,38,37.0,13,54.8,93.7,38,"{'value': 1, 'displayName': 'FirstHalf'}","{'value': 1, 'displayName': 'Pass'}","{'value': 1, 'displayName': 'Successful'}","[{'type': {'value': 56, 'displayName': 'Zone'}, 'value': 'Back'}, {'type': {'value': 141, 'displayName': 'PassEndY'}, 'value': '80.6'}, {'type': {'value': 212, 'displayName': 'Length'}, 'value': '13.2'}, {'type': {'value': 140, 'displayName': 'PassEndX'}, 'value': '45.5'}, {'type': {'value': 213, 'displayName': 'Angle'}, 'value': '3.88'}, {'type': {'value': 178, 'displayName': 'StandingSave'}}]","[91, 117, 30, 35, 38, 216, 218]",True,326413.0,45.5,80.6,,,,,,,,,
2762466555.0,518,38,42.0,13,43.2,71.8,38,"{'value': 1, 'displayName': 'FirstHalf'}","{'value': 1, 'displayName': 'Pass'}","{'value': 1, 'displayName': 'Successful'}","[{'type': {'value': 140, 'displayName': 'PassEndX'}, 'value': '37.5'}, {'type': {'value': 178, 'displayName': 'StandingSave'}}, {'type': {'value': 141, 'displayName': 'PassEndY'}, 'value': '53.9'}, {'type': {'value': 56, 'displayName': 'Zone'}, 'value': 'Back'}, {'type': {'value': 213, 'displayName': 'Angle'}, 'value': '4.26'}, {'type': {'value': 212, 'displayName': 'Length'}, 'value': '13.6'}]","[91, 117, 30, 35, 38, 216, 218]",True,334087.0,37.5,53.9,,,,,,,,,
2762466561.0,519,38,47.0,13,39.7,54.8,38,"{'value': 1, 'displayName': 'FirstHalf'}","{'value': 1, 'displayName': 'Pass'}","{'value': 1, 'displayName': 'Successful'}","[{'type': {'value': 212, 'displayName': 'Length'}, 'value': '13.7'}, {'type': {'value': 56, 'displayName': 'Zone'}, 'value': 'Back'}, {'type': {'value': 140, 'displayName': 'PassEndX'}, 'value': '35.3'}, {'type': {'value': 141, 'displayName': 'PassEndY'}, 'value': '73.8'}, {'type': {'value': 178, 'displayName': 'StandingSave'}}, {'type': {'value': 213, 'displayName': 'Angle'}, 'value': '1.91'}]","[91, 117, 30, 35, 37, 216, 218]",True,361822.0,35.3,73.8,,,,,,,,,
2762466573.0,520,38,50.0,13,36.1,73.8,38,"{'value': 1, 'displayName': 'FirstHalf'}","{'value': 1, 'displayName': 'Pass'}","{'value': 1, 'displayName': 'Successful'}","[{'type': {'value': 56, 'displayName': 'Zone'}, 'value': 'Back'}, {'type': {'value': 141, 'displayName': 'PassEndY'}, 'value': '49.9'}, {'type': {'value': 178, 'displayName': 'StandingSave'}}, {'type': {'value': 212, 'displayName': 'Length'}, 'value': '17.3'}, {'type': {'value': 140, 'displayName': 'PassEndX'}, 'value': '30.4'}, {'type': {'value': 213, 'displayName': 'Angle'}, 'value': '4.36'}]","[91, 117, 30, 35, 38, 215, 218]",True,334087.0,30.4,49.9,,,,,,,,,
2762466589.0,521,38,53.0,13,31.8,45.9,38,"{'value': 1, 'displayName': 'FirstHalf'}","{'value': 1, 'displayName': 'Pass'}","{'value': 0, 'displayName': 'Unsuccessful'}","[{'type': {'value': 155, 'displayName': 'Chipped'}}, {'type': {'value': 212, 'displayName': 'Length'}, 'value': '45.1'}, {'type': {'value': 141, 'displayName': 'PassEndY'}, 'value': '41.2'}, {'type': {'value': 140, 'displayName': 'PassEndX'}, 'value': '74.6'}, {'type': {'value': 213, 'displayName': 'Angle'}, 'value': '6.21'}, {'type': {'value': 178, 'displayName': 'StandingSave'}}, {'type': {'value': 1, 'displayName': 'Longball'}}, {'type': {'value': 56, 'displayName': 'Zone'}, 'value': 'Center'}]","[91, 120, 124, 128, 36, 38, 217, 218]",True,361822.0,74.6,41.2,,,,,,,,,
2762466591.0,212,38,57.0,165,24.6,73.2,38,"{'value': 1, 'displayName': 'FirstHalf'}","{'value': 61, 'displayName': 'BallTouch'}","{'value': 1, 'displayName': 'Successful'}","[{'type': {'value': 178, 'displayName': 'StandingSave'}}, {'type': {'value': 56, 'displayName': 'Zone'}, 'value': 'Back'}]",[91],True,366211.0,,,,,,,,,,,
2762466599.0,213,38,58.0,165,26.0,73.8,38,"{'value': 1, 'displayName': 'FirstHalf'}","{'value': 12, 'displayName': 'Clearance'}","{'value': 1, 'displayName': 'Successful'}","[{'type': {'value': 56, 'displayName': 'Zone'}, 'value': 'Back'}, {'type': {'value': 212, 'displayName': 'Length'}, 'value': '18.1'}, {'type': {'value': 141, 'displayName': 'PassEndY'}, 'value': '94.8'}, {'type': {'value': 140, 'displayName': 'PassEndX'}, 'value': '36.6'}, {'type': {'value': 178, 'displayName': 'StandingSave'}}, {'type': {'value': 213, 'displayName': 'Angle'}, 'value': '0.91'}]","[91, 94, 95, 216]",True,381161.0,36.6,94.8,,,,,,,,,
2762466601.0,522,39,0.0,13,62.8,18.2,39,"{'value': 1, 'displayName': 'FirstHalf'}","{'value': 1, 'displayName': 'Pass'}","{'value': 0, 'displayName': 'Unsuccessful'}","[{'type': {'value': 178, 'displayName': 'StandingSave'}}, {'type': {'value': 213, 'displayName': 'Angle'}, 'value': '6.07'}, {'type': {'value': 3, 'displayName': 'HeadPass'}}, {'type': {'value': 212, 'displayName': 'Length'}, 'value': '18.5'}, {'type': {'value': 140, 'displayName': 'PassEndX'}, 'value': '80.0'}, {'type': {'value': 141, 'displayName': 'PassEndY'}, 'value': '12.4'}, {'type': {'value': 56, 'displayName': 'Zone'}, 'value': 'Right'}]","[91, 120, 29, 139, 36, 38, 217, 218]",True,388650.0,80.0,12.4,,,,,,,,,
2762466603.0,214,39,3.0,165,22.4,95.7,39,"{'value': 1, 'displayName': 'FirstHalf'}","{'value': 49, 'displayName': 'BallRecovery'}","{'value': 1, 'displayName': 'Successful'}",[],[93],False,366211.0,,,,,,,,,,,
2762466607.0,215,39,5.0,165,26.9,96.0,39,"{'value': 1, 'displayName': 'FirstHalf'}","{'value': 61, 'displayName': 'BallTouch'}","{'value': 1, 'displayName': 'Successful'}","[{'type': {'value': 178, 'displayName': 'StandingSave'}}, {'type': {'value': 56, 'displayName': 'Zone'}, 'value': 'Back'}]",[91],True,366211.0,,,,,,,,,,,
2762466611.0,216,39,8.0,165,27.6,94.7,39,"{'value': 1, 'displayName': 'FirstHalf'}","{'value': 50, 'displayName': 'Dispossessed'}","{'value': 1, 'displayName': 'Successful'}","[{'type': {'value': 233, 'displayName': 'OppositeRelatedEvent'}, 'value': '523'}, {'type': {'value': 285, 'displayName': 'Defensive'}}, {'type': {'value': 56, 'displayName': 'Zone'}, 'value': 'Back'}]","[91, 70]",True,138686.0,,,,,,,,,,,
2762466617.0,523,39,8.0,13,72.4,5.3,39,"{'value': 1, 'displayName': 'FirstHalf'}","{'value': 7, 'displayName': 'Tackle'}","{'value': 0, 'displayName': 'Unsuccessful'}","[{'type': {'value': 286, 'displayName': 'Offensive'}}, {'type': {'value': 56, 'displayName': 'Zone'}, 'value': 'Right'}, {'type': {'value': 178, 'displayName': 'StandingSave'}}, {'type': {'value': 233, 'displayName': 'OppositeRelatedEvent'}, 'value': '216'}]","[91, 142]",True,279379.0,,,,,,,,,,,
2762467049.0,228,39,8.0,165,29.0,96.5,39,"{'value': 1, 'displayName': 'FirstHalf'}","{'value': 61, 'displayName': 'BallTouch'}","{'value': 1, 'displayName': 'Successful'}","[{'type': {'value': 178, 'displayName': 'StandingSave'}}, {'type': {'value': 56, 'displayName': 'Zone'}, 'value': 'Back'}]",[91],True,138686.0,,,,,,,,,,,
2762466625.0,524,39,8.0,13,73.0,5.0,39,"{'value': 1, 'displayName': 'FirstHalf'}","{'value': 1, 'displayName': 'Pass'}","{'value': 1, 'displayName': 'Successful'}","[{'type': {'value': 140, 'displayName': 'PassEndX'}, 'value': '67.4'}, {'type': {'value': 213, 'displayName': 'Angle'}, 'value': '2.86'}, {'type': {'value': 212, 'displayName': 'Length'}, 'value': '6.1'}, {'type': {'value': 178, 'displayName': 'StandingSave'}}, {'type': {'value': 141, 'displayName': 'PassEndY'}, 'value': '7.5'}, {'type': {'value': 56, 'displayName': 'Zone'}, 'value': 'Right'}]","[91, 119, 117, 30, 205, 35, 37, 217, 218]",True,279379.0,67.4,7.5,,,,,,,,,
2762466631.0,526,39,9.0,13,66.4,5.5,39,"{'value': 1, 'displayName': 'FirstHalf'}","{'value': 49, 'displayName': 'BallRecovery'}","{'value': 1, 'displayName': 'Successful'}",[],[93],False,380706.0,,,,,,,,,,,
2762466635.0,527,39,9.0,13,66.4,5.5,39,"{'value': 1, 'displayName': 'FirstHalf'}","{'value': 1, 'displayName': 'Pass'}","{'value': 0, 'displayName': 'Unsuccessful'}","[{'type': {'value': 213, 'displayName': 'Angle'}, 'value': '5.59'}, {'type': {'value': 140, 'displayName': 'PassEndX'}, 'value': '71.6'}, {'type': {'value': 178, 'displayName': 'StandingSave'}}, {'type': {'value': 141, 'displayName': 'PassEndY'}, 'value': '0.0'}, {'type': {'value': 56, 'displayName': 'Zone'}, 'value': 'Right'}, {'type': {'value': 212, 'displayName': 'Length'}, 'value': '7.1'}]","[91, 120, 29, 36, 38, 217, 218]",True,380706.0,71.6,0.0,,,,,,,,,
2762466695.0,219,39,31.0,165,28.8,100.0,39,"{'value': 1, 'displayName': 'FirstHalf'}","{'value': 1, 'displayName': 'Pass'}","{'value': 0, 'displayName': 'Unsuccessful'}","[{'type': {'value': 140, 'displayName': 'PassEndX'}, 'value': '41.4'}, {'type': {'value': 213, 'displayName': 'Angle'}, 'value': '5.70'}, {'type': {'value': 141, 'displayName': 'PassEndY'}, 'value': '88.4'}, {'type': {'value': 56, 'displayName': 'Zone'}, 'value': 'Back'}, {'type': {'value': 107, 'displayName': 'ThrowIn'}}, {'type': {'value': 212, 'displayName': 'Length'}, 'value': '15.8'}]","[91, 212, 36, 38, 216]",True,366211.0,41.4,88.4,,,,,,,,,
2762466705.0,529,39,33.0,13,57.4,13.5,39,"{'value': 1, 'displayName': 'FirstHalf'}","{'value': 1, 'displayName': 'Pass'}","{'value': 0, 'displayName': 'Unsuccessful'}","[{'type': {'value': 212, 'displayName': 'Length'}, 'value': '18.5'}, {'type': {'value': 213, 'displayName': 'Angle'}, 'value': '0.38'}, {'type': {'value': 140, 'displayName': 'PassEndX'}, 'value': '73.8'}, {'type': {'value': 56, 'displayName': 'Zone'}, 'value': 'Center'}, {'type': {'value': 141, 'displayName': 'PassEndY'}, 'value': '23.5'}, {'type': {'value': 3, 'displayName': 'HeadPass'}}, {'type': {'value': 178, 'displayName': 'StandingSave'}}]","[91, 120, 29, 139, 36, 37, 217, 218]",True,334087.0,73.8,23.5,,,,,,,,,
2762466715.0,220,39,35.0,165,29.5,85.9,39,"{'value': 1, 'displayName': 'FirstHalf'}","{'value': 1, 'displayName': 'Pass'}","{'value': 0, 'displayName': 'Unsuccessful'}","[{'type': {'value': 140, 'displayName': 'PassEndX'}, 'value': '56.8'}, {'type': {'value': 141, 'displayName': 'PassEndY'}, 'value': '80.5'}, {'type': {'value': 213, 'displayName': 'Angle'}, 'value': '6.16'}, {'type': {'value': 56, 'displayName': 'Zone'}, 'value': 'Left'}, {'type': {'value': 212, 'displayName': 'Length'}, 'value': '28.9'}, {'type': {'value': 3, 'displayName': 'HeadPass'}}]","[91, 120, 29, 139, 36, 38, 216, 218]",True,381161.0,56.8,80.5,,,,,,,,,
2762466725.0,530,39,39.0,13,43.3,19.0,39,"{'value': 1, 'displayName': 'FirstHalf'}","{'value': 49, 'displayName': 'BallRecovery'}","{'value': 1, 'displayName': 'Successful'}",[],[93],False,361822.0,,,,,,,,,,,
2762466745.0,531,39,41.0,13,43.1,19.7,39,"{'value': 1, 'displayName': 'FirstHalf'}","{'value': 1, 'displayName': 'Pass'}","{'value': 1, 'displayName': 'Successful'}","[{'type': {'value': 140, 'displayName': 'PassEndX'}, 'value': '39.5'}, {'type': {'value': 141, 'displayName': 'PassEndY'}, 'value': '42.9'}, {'type': {'value': 212, 'displayName': 'Length'}, 'value': '16.2'}, {'type': {'value': 56, 'displayName': 'Zone'}, 'value': 'Back'}, {'type': {'value': 178, 'displayName': 'StandingSave'}}, {'type': {'value': 213, 'displayName': 'Angle'}, 'value': '1.81'}]","[91, 117, 30, 35, 37, 216, 218]",True,361822.0,39.5,42.9,,,,,,,,,
2762466885.0,535,40,29.0,13,42.1,27.6,40,"{'value': 1, 'displayName': 'FirstHalf'}","{'value': 1, 'displayName': 'Pass'}","{'value': 1, 'displayName': 'Successful'}","[{'type': {'value': 141, 'displayName': 'PassEndY'}, 'value': '55.6'}, {'type': {'value': 56, 'displayName': 'Zone'}, 'value': 'Back'}, {'type': {'value': 212, 'displayName': 'Length'}, 'value': '21.0'}, {'type': {'value': 178, 'displayName': 'StandingSave'}}, {'type': {'value': 213, 'displayName': 'Angle'}, 'value': '2.00'}, {'type': {'value': 140, 'displayName': 'PassEndX'}, 'value': '33.7'}]","[91, 117, 30, 35, 37, 216, 218]",True,332325.0,33.7,55.6,,,,,,,,,
2762466889.0,536,40,34.0,13,34.1,55.6,40,"{'value': 1, 'displayName': 'FirstHalf'}","{'value': 1, 'displayName': 'Pass'}","{'value': 1, 'displayName': 'Successful'}","[{'type': {'value': 56, 'displayName': 'Zone'}, 'value': 'Back'}, {'type': {'value': 141, 'displayName': 'PassEndY'}, 'value': '55.0'}, {'type': {'value': 213, 'displayName': 'Angle'}, 'value': '6.24'}, {'type': {'value': 212, 'displayName': 'Length'}, 'value': '10.4'}, {'type': {'value': 178, 'displayName': 'StandingSave'}}, {'type': {'value': 140, 'displayName': 'PassEndX'}, 'value': '44.0'}]","[91, 117, 30, 36, 38, 216, 218]",True,361822.0,44.0,55.0,,,,,,,,,
2762466897.0,537,40,35.0,13,44.0,55.0,40,"{'value': 1, 'displayName': 'FirstHalf'}","{'value': 1, 'displayName': 'Pass'}","{'value': 1, 'displayName': 'Successful'}","[{'type': {'value': 141, 'displayName': 'PassEndY'}, 'value': '54.8'}, {'type': {'value': 178, 'displayName': 'StandingSave'}}, {'type': {'value': 213, 'displayName': 'Angle'}, 'value': '3.16'}, {'type': {'value': 56, 'displayName': 'Zone'}, 'value': 'Back'}, {'type': {'value': 212, 'displayName': 'Length'}, 'value': '9.8'}, {'type': {'value': 140, 'displayName': 'PassEndX'}, 'value': '34.7'}]","[91, 117, 30, 35, 38, 216, 218]",True,467918.0,34.7,54.8,,,,,,,,,
2762466905.0,538,40,36.0,13,34.7,54.8,40,"{'value': 1, 'displayName': 'FirstHalf'}","{'value': 1, 'displayName': 'Pass'}","{'value': 1, 'displayName': 'Successful'}","[{'type': {'value': 178, 'displayName': 'StandingSave'}}, {'type': {'value': 213, 'displayName': 'Angle'}, 'value': '1.16'}, {'type': {'value': 56, 'displayName': 'Zone'}, 'value': 'Back'}, {'type': {'value': 212, 'displayName': 'Length'}, 'value': '25.2'}, {'type': {'value': 141, 'displayName': 'PassEndY'}, 'value': '88.8'}, {'type': {'value': 140, 'displayName': 'PassEndX'}, 'value': '44.2'}]","[91, 117, 30, 36, 37, 216, 218]",True,361822.0,44.2,88.8,,,,,,,,,
2762466907.0,539,40,40.0,13,44.5,88.1,40,"{'value': 1, 'displayName': 'FirstHalf'}","{'value': 1, 'displayName': 'Pass'}","{'value': 1, 'displayName': 'Successful'}","[{'type': {'value': 212, 'displayName': 'Length'}, 'value': '10.6'}, {'type': {'value': 178, 'displayName': 'StandingSave'}}, {'type': {'value': 213, 'displayName': 'Angle'}, 'value': '4.30'}, {'type': {'value': 141, 'displayName': 'PassEndY'}, 'value': '73.8'}, {'type': {'value': 56, 'displayName': 'Zone'}, 'value': 'Back'}, {'type': {'value': 140, 'displayName': 'PassEndX'}, 'value': '40.4'}]","[91, 117, 30, 35, 38, 216, 218]",True,326413.0,40.4,73.8,,,,,,,,,
2762466913.0,540,40,43.0,13,40.8,71.8,40,"{'value': 1, 'displayName': 'FirstHalf'}","{'value': 1, 'displayName': 'Pass'}","{'value': 1, 'displayName': 'Successful'}","[{'type': {'value': 212, 'displayName': 'Length'}, 'value': '13.6'}, {'type': {'value': 178, 'displayName': 'StandingSave'}}, {'type': {'value': 141, 'displayName': 'PassEndY'}, 'value': '53.1'}, {'type': {'value': 140, 'displayName': 'PassEndX'}, 'value': '36.1'}, {'type': {'value': 56, 'displayName': 'Zone'}, 'value': 'Back'}, {'type': {'value': 213, 'displayName': 'Angle'}, 'value': '4.34'}]","[91, 117, 30, 35, 38, 216, 218]",True,334087.0,36.1,53.1,,,,,,,,,
2762466921.0,541,40,46.0,13,35.4,52.8,40,"{'value': 1, 'displayName': 'FirstHalf'}","{'value': 1, 'displayName': 'Pass'}","{'value': 1, 'displayName': 'Successful'}","[{'type': {'value': 140, 'displayName': 'PassEndX'}, 'value': '44.0'}, {'type': {'value': 56, 'displayName': 'Zone'}, 'value': 'Back'}, {'type': {'value': 213, 'displayName': 'Angle'}, 'value': '0.71'}, {'type': {'value': 178, 'displayName': 'StandingSave'}}, {'type': {'value': 141, 'displayName': 'PassEndY'}, 'value': '64.2'}, {'type': {'value': 212, 'displayName': 'Length'}, 'value': '11.9'}]","[91, 117, 30, 36, 37, 216, 218]",True,361822.0,44.0,64.2,,,,,,,,,
2762466923.0,224,40,47.0,165,55.7,36.8,40,"{'value': 1, 'displayName': 'FirstHalf'}","{'value': 45, 'displayName': 'Challenge'}","{'value': 0, 'displayName': 'Unsuccessful'}","[{'type': {'value': 233, 'displayName': 'OppositeRelatedEvent'}, 'value': '542'}, {'type': {'value': 56, 'displayName': 'Zone'}, 'value': 'Center'}, {'type': {'value': 285, 'displayName': 'Defensive'}}]",[55],False,270446.0,,,,,,,,,,,
2762466949.0,542,40,47.0,13,44.3,63.2,40,"{'value': 1, 'displayName': 'FirstHalf'}","{'value': 3, 'displayName': 'TakeOn'}","{'value': 1, 'displayName': 'Successful'}","[{'type': {'value': 178, 'displayName': 'StandingSave'}}, {'type': {'value': 233, 'displayName': 'OppositeRelatedEvent'}, 'value': '224'}, {'type': {'value': 56, 'displayName': 'Zone'}, 'value': 'Back'}, {'type': {'value': 286, 'displayName': 'Offensive'}}]","[91, 54]",True,467918.0,,,,,,,,,,,
2762466961.0,543,40,54.0,13,78.3,75.5,40,"{'value': 1, 'displayName': 'FirstHalf'}","{'value': 1, 'displayName': 'Pass'}","{'value': 1, 'displayName': 'Successful'}","[{'type': {'value': 141, 'displayName': 'PassEndY'}, 'value': '92.4'}, {'type': {'value': 212, 'displayName': 'Length'}, 'value': '11.6'}, {'type': {'value': 56, 'displayName': 'Zone'}, 'value': 'Left'}, {'type': {'value': 213, 'displayName': 'Angle'}, 'value': '1.42'}, {'type': {'value': 178, 'displayName': 'StandingSave'}}, {'type': {'value': 140, 'displayName': 'PassEndX'}, 'value': '80.0'}]","[91, 119, 117, 30, 205, 36, 37, 217, 218]",True,467918.0,80.0,92.4,,,,,,,,,
2762466971.0,544,40,56.0,13,78.3,88.8,40,"{'value': 1, 'displayName': 'FirstHalf'}","{'value': 1, 'displayName': 'Pass'}","{'value': 1, 'displayName': 'Successful'}","[{'type': {'value': 178, 'displayName': 'StandingSave'}}, {'type': {'value': 213, 'displayName': 'Angle'}, 'value': '4.32'}, {'type': {'value': 56, 'displayName': 'Zone'}, 'value': 'Center'}, {'type': {'value': 212, 'displayName': 'Length'}, 'value': '13.2'}, {'type': {'value': 141, 'displayName': 'PassEndY'}, 'value': '70.8'}, {'type': {'value': 140, 'displayName': 'PassEndX'}, 'value': '73.5'}]","[91, 119, 117, 30, 205, 35, 38, 217, 218]",True,113994.0,73.5,70.8,,,,,,,,,
2762466983.0,545,40,59.0,13,72.2,63.1,40,"{'value': 1, 'displayName': 'FirstHalf'}","{'value': 1, 'displayName': 'Pass'}","{'value': 1, 'displayName': 'Successful'}","[{'type': {'value': 155, 'displayName': 'Chipped'}}, {'type': {'value': 140, 'displayName': 'PassEndX'}, 'value': '93.1'}, {'type': {'value': 213, 'displayName': 'Angle'}, 'value': '5.63'}, {'type': {'value': 56, 'displayName': 'Zone'}, 'value': 'Center'}, {'type': {'value': 212, 'displayName': 'Length'}, 'value': '27.6'}, {'type': {'value': 141, 'displayName': 'PassEndY'}, 'value': '38.4'}, {'type': {'value': 178, 'displayName': 'StandingSave'}}]","[91, 119, 117, 30, 124, 205, 36, 38, 217, 218]",True,332325.0,93.1,38.4,,,,,,,,,
2762466985.0,546,41,1.0,13,93.2,37.8,41,"{'value': 1, 'displayName': 'FirstHalf'}","{'value': 1, 'displayName': 'Pass'}","{'value': 0, 'displayName': 'Unsuccessful'}","[{'type': {'value': 141, 'displayName': 'PassEndY'}, 'value': '46.9'}, {'type': {'value': 140, 'displayName': 'PassEndX'}, 'value': '92.2'}, {'type': {'value': 213, 'displayName': 'Angle'}, 'value': '1.74'}, {'type': {'value': 56, 'displayName': 'Zone'}, 'value': 'Center'}, {'type': {'value': 212, 'displayName': 'Length'}, 'value': '6.3'}, {'type': {'value': 3, 'displayName': 'HeadPass'}}]","[91, 120, 29, 139, 35, 37, 217, 218]",True,380706.0,92.2,46.9,,,,,,,,,
2762467021.0,225,41,2.0,165,7.5,55.7,41,"{'value': 1, 'displayName': 'FirstHalf'}","{'value': 12, 'displayName': 'Clearance'}","{'value': 1, 'displayName': 'Successful'}","[{'type': {'value': 212, 'displayName': 'Length'}, 'value': '15.6'}, {'type': {'value': 140, 'displayName': 'PassEndX'}, 'value': '10.9'}, {'type': {'value': 56, 'displayName': 'Zone'}, 'value': 'Back'}, {'type': {'value': 213, 'displayName': 'Angle'}, 'value': '1.34'}, {'type': {'value': 141, 'displayName': 'PassEndY'}, 'value': '78.1'}]","[91, 94, 95, 215]",True,381161.0,10.9,78.1,,,,,,,,,
2762467027.0,547,41,10.0,13,94.5,2.3,41,"{'value': 1, 'displayName': 'FirstHalf'}","{'value': 61, 'displayName': 'BallTouch'}","{'value': 0, 'displayName': 'Unsuccessful'}","[{'type': {'value': 178, 'displayName': 'StandingSave'}}, {'type': {'value': 56, 'displayName': 'Zone'}, 'value': 'Right'}]","[91, 69]",True,380706.0,,,,,,,,,,,
2762467135.0,229,41,57.0,165,4.1,52.5,41,"{'value': 1, 'displayName': 'FirstHalf'}","{'value': 1, 'displayName': 'Pass'}","{'value': 0, 'displayName': 'Unsuccessful'}","[{'type': {'value': 213, 'displayName': 'Angle'}, 'value': '5.69'}, {'type': {'value': 124, 'displayName': 'GoalKick'}}, {'type': {'value': 1, 'displayName': 'Longball'}}, {'type': {'value': 56, 'displayName': 'Zone'}, 'value': 'Right'}, {'type': {'value': 212, 'displayName': 'Length'}, 'value': '65.8'}, {'type': {'value': 140, 'displayName': 'PassEndX'}, 'value': '55.9'}, {'type': {'value': 141, 'displayName': 'PassEndY'}, 'value': '0.0'}, {'type': {'value': 74, 'displayName': 'MissHigh'}}]","[91, 120, 128, 36, 38, 216, 218]",True,362426.0,55.9,0.0,,,,,,,,,
2762467217.0,551,42,20.0,13,54.5,100.0,42,"{'value': 1, 'displayName': 'FirstHalf'}","{'value': 1, 'displayName': 'Pass'}","{'value': 1, 'displayName': 'Successful'}","[{'type': {'value': 212, 'displayName': 'Length'}, 'value': '12.7'}, {'type': {'value': 107, 'displayName': 'ThrowIn'}}, {'type': {'value': 56, 'displayName': 'Zone'}, 'value': 'Back'}, {'type': {'value': 140, 'displayName': 'PassEndX'}, 'value': '45.4'}, {'type': {'value': 213, 'displayName': 'Angle'}, 'value': '3.86'}, {'type': {'value': 141, 'displayName': 'PassEndY'}, 'value': '89.6'}]","[91, 212, 35, 38, 216]",True,467918.0,45.4,89.6,,,,,,,,,
2762467219.0,552,42,23.0,13,42.9,92.0,42,"{'value': 1, 'displayName': 'FirstHalf'}","{'value': 61, 'displayName': 'BallTouch'}","{'value': 0, 'displayName': 'Unsuccessful'}","[{'type': {'value': 56, 'displayName': 'Zone'}, 'value': 'Back'}, {'type': {'value': 178, 'displayName': 'StandingSave'}}]","[91, 69]",True,332325.0,,,,,,,,,,,
2762467283.0,233,42,40.0,165,58.7,0.0,42,"{'value': 1, 'displayName': 'FirstHalf'}","{'value': 1, 'displayName': 'Pass'}","{'value': 1, 'displayName': 'Successful'}","[{'type': {'value': 212, 'displayName': 'Length'}, 'value': '21.8'}, {'type': {'value': 107, 'displayName': 'ThrowIn'}}, {'type': {'value': 1, 'displayName': 'Longball'}}, {'type': {'value': 56, 'displayName': 'Zone'}, 'value': 'Back'}, {'type': {'value': 213, 'displayName': 'Angle'}, 'value': '2.65'}, {'type': {'value': 141, 'displayName': 'PassEndY'}, 'value': '13.4'}, {'type': {'value': 140, 'displayName': 'PassEndX'}, 'value': '40.4'}]","[91, 212, 35, 37, 216]",True,362826.0,40.4,13.4,,,,,,,,,
2762467301.0,234,42,46.0,165,39.9,23.7,42,"{'value': 1, 'displayName': 'FirstHalf'}","{'value': 1, 'displayName': 'Pass'}","{'value': 1, 'displayName': 'Successful'}","[{'type': {'value': 212, 'displayName': 'Length'}, 'value': '20.2'}, {'type': {'value': 56, 'displayName': 'Zone'}, 'value': 'Back'}, {'type': {'value': 178, 'displayName': 'StandingSave'}}, {'type': {'value': 141, 'displayName': 'PassEndY'}, 'value': '40.7'}, {'type': {'value': 213, 'displayName': 'Angle'}, 'value': '2.53'}, {'type': {'value': 140, 'displayName': 'PassEndX'}, 'value': '24.1'}]","[91, 117, 30, 35, 37, 215, 218]",True,356599.0,24.1,40.7,,,,,,,,,
2762467307.0,235,42,50.0,165,24.3,44.0,42,"{'value': 1, 'displayName': 'FirstHalf'}","{'value': 1, 'displayName': 'Pass'}","{'value': 0, 'displayName': 'Unsuccessful'}","[{'type': {'value': 140, 'displayName': 'PassEndX'}, 'value': '64.2'}, {'type': {'value': 178, 'displayName': 'StandingSave'}}, {'type': {'value': 141, 'displayName': 'PassEndY'}, 'value': '55.5'}, {'type': {'value': 213, 'displayName': 'Angle'}, 'value': '0.18'}, {'type': {'value': 56, 'displayName': 'Zone'}, 'value': 'Center'}, {'type': {'value': 1, 'displayName': 'Longball'}}, {'type': {'value': 212, 'displayName': 'Length'}, 'value': '42.6'}]","[91, 120, 128, 36, 37, 216, 218]",True,362426.0,64.2,55.5,,,,,,,,,
2762467315.0,554,42,53.0,13,39.9,38.7,42,"{'value': 1, 'displayName': 'FirstHalf'}","{'value': 1, 'displayName': 'Pass'}","{'value': 1, 'displayName': 'Successful'}","[{'type': {'value': 140, 'displayName': 'PassEndX'}, 'value': '46.0'}, {'type': {'value': 141, 'displayName': 'PassEndY'}, 'value': '30.5'}, {'type': {'value': 213, 'displayName': 'Angle'}, 'value': '5.57'}, {'type': {'value': 56, 'displayName': 'Zone'}, 'value': 'Back'}, {'type': {'value': 212, 'displayName': 'Length'}, 'value': '8.5'}, {'type': {'value': 3, 'displayName': 'HeadPass'}}]","[91, 117, 30, 139, 36, 38, 216, 218]",True,332325.0,46.0,30.5,,,,,,,,,
2762467319.0,555,42,54.0,13,43.6,27.3,42,"{'value': 1, 'displayName': 'FirstHalf'}","{'value': 49, 'displayName': 'BallRecovery'}","{'value': 1, 'displayName': 'Successful'}",[],[93],False,247454.0,,,,,,,,,,,
2762467323.0,556,42,55.0,13,42.6,25.9,42,"{'value': 1, 'displayName': 'FirstHalf'}","{'value': 1, 'displayName': 'Pass'}","{'value': 1, 'displayName': 'Successful'}","[{'type': {'value': 56, 'displayName': 'Zone'}, 'value': 'Back'}, {'type': {'value': 178, 'displayName': 'StandingSave'}}, {'type': {'value': 213, 'displayName': 'Angle'}, 'value': '3.74'}, {'type': {'value': 140, 'displayName': 'PassEndX'}, 'value': '33.5'}, {'type': {'value': 141, 'displayName': 'PassEndY'}, 'value': '16.4'}, {'type': {'value': 212, 'displayName': 'Length'}, 'value': '11.5'}]","[91, 117, 30, 35, 38, 216, 218]",True,247454.0,33.5,16.4,,,,,,,,,
2762467339.0,557,42,57.0,13,33.5,16.4,42,"{'value': 1, 'displayName': 'FirstHalf'}","{'value': 1, 'displayName': 'Pass'}","{'value': 1, 'displayName': 'Successful'}","[{'type': {'value': 141, 'displayName': 'PassEndY'}, 'value': '35.1'}, {'type': {'value': 178, 'displayName': 'StandingSave'}}, {'type': {'value': 140, 'displayName': 'PassEndX'}, 'value': '21.7'}, {'type': {'value': 213, 'displayName': 'Angle'}, 'value': '2.34'}, {'type': {'value': 56, 'displayName': 'Zone'}, 'value': 'Back'}, {'type': {'value': 212, 'displayName': 'Length'}, 'value': '17.8'}]","[91, 117, 30, 35, 37, 215, 218]",True,388650.0,21.7,35.1,,,,,,,,,
2762467347.0,558,43,0.0,13,21.6,37.8,43,"{'value': 1, 'displayName': 'FirstHalf'}","{'value': 1, 'displayName': 'Pass'}","{'value': 1, 'displayName': 'Successful'}","[{'type': {'value': 141, 'displayName': 'PassEndY'}, 'value': '76.1'}, {'type': {'value': 140, 'displayName': 'PassEndX'}, 'value': '25.3'}, {'type': {'value': 56, 'displayName': 'Zone'}, 'value': 'Back'}, {'type': {'value': 213, 'displayName': 'Angle'}, 'value': '1.42'}, {'type': {'value': 178, 'displayName': 'StandingSave'}}, {'type': {'value': 212, 'displayName': 'Length'}, 'value': '26.3'}]","[91, 117, 30, 36, 37, 215, 218]",True,361822.0,25.3,76.1,,,,,,,,,
2762467353.0,559,43,3.0,13,24.8,74.3,43,"{'value': 1, 'displayName': 'FirstHalf'}","{'value': 1, 'displayName': 'Pass'}","{'value': 1, 'displayName': 'Successful'}","[{'type': {'value': 140, 'displayName': 'PassEndX'}, 'value': '8.8'}, {'type': {'value': 178, 'displayName': 'StandingSave'}}, {'type': {'value': 212, 'displayName': 'Length'}, 'value': '19.4'}, {'type': {'value': 213, 'displayName': 'Angle'}, 'value': '3.67'}, {'type': {'value': 56, 'displayName': 'Zone'}, 'value': 'Back'}, {'type': {'value': 141, 'displayName': 'PassEndY'}, 'value': '59.9'}]","[91, 117, 30, 35, 38, 215, 218]",True,334087.0,8.8,59.9,,,,,,,,,
2762467365.0,560,43,6.0,13,9.3,56.2,43,"{'value': 1, 'displayName': 'FirstHalf'}","{'value': 1, 'displayName': 'Pass'}","{'value': 0, 'displayName': 'Unsuccessful'}","[{'type': {'value': 56, 'displayName': 'Zone'}, 'value': 'Back'}, {'type': {'value': 213, 'displayName': 'Angle'}, 'value': '5.48'}, {'type': {'value': 140, 'displayName': 'PassEndX'}, 'value': '39.7'}, {'type': {'value': 1, 'displayName': 'Longball'}}, {'type': {'value': 178, 'displayName': 'StandingSave'}}, {'type': {'value': 212, 'displayName': 'Length'}, 'value': '46.1'}, {'type': {'value': 155, 'displayName': 'Chipped'}}, {'type': {'value': 141, 'displayName': 'PassEndY'}, 'value': '7.2'}]","[91, 118, 120, 124, 128, 36, 38, 216, 218]",True,276366.0,39.7,7.2,,,,,,,,,
2762467363.0,236,43,9.0,165,58.6,92.0,43,"{'value': 1, 'displayName': 'FirstHalf'}","{'value': 44, 'displayName': 'Aerial'}","{'value': 1, 'displayName': 'Successful'}","[{'type': {'value': 286, 'displayName': 'Offensive'}}, {'type': {'value': 56, 'displayName': 'Zone'}, 'value': 'Left'}, {'type': {'value': 233, 'displayName': 'OppositeRelatedEvent'}, 'value': '561'}]","[197, 199]",False,366211.0,,,,,,,,,,,
2762467367.0,561,43,9.0,13,41.4,8.0,43,"{'value': 1, 'displayName': 'FirstHalf'}","{'value': 44, 'displayName': 'Aerial'}","{'value': 0, 'displayName': 'Unsuccessful'}","[{'type': {'value': 285, 'displayName': 'Defensive'}}, {'type': {'value': 56, 'displayName': 'Zone'}, 'value': 'Back'}, {'type': {'value': 233, 'displayName': 'OppositeRelatedEvent'}, 'value': '236'}]","[198, 200]",False,380706.0,,,,,,,,,,,
2762467369.0,237,43,9.0,165,55.6,90.8,43,"{'value': 1, 'displayName': 'FirstHalf'}","{'value': 1, 'displayName': 'Pass'}","{'value': 0, 'displayName': 'Unsuccessful'}","[{'type': {'value': 56, 'displayName': 'Zone'}, 'value': 'Left'}, {'type': {'value': 3, 'displayName': 'HeadPass'}}, {'type': {'value': 212, 'displayName': 'Length'}, 'value': '3.9'}, {'type': {'value': 141, 'displayName': 'PassEndY'}, 'value': '88.9'}, {'type': {'value': 140, 'displayName': 'PassEndX'}, 'value': '59.1'}, {'type': {'value': 213, 'displayName': 'Angle'}, 'value': '5.95'}]","[91, 120, 29, 139, 36, 38, 216, 218]",True,366211.0,59.1,88.9,,,,,,,,,
2762467371.0,562,43,9.0,13,39.7,7.2,43,"{'value': 1, 'displayName': 'FirstHalf'}","{'value': 61, 'displayName': 'BallTouch'}","{'value': 1, 'displayName': 'Successful'}","[{'type': {'value': 15, 'displayName': 'Head'}}, {'type': {'value': 56, 'displayName': 'Zone'}, 'value': 'Back'}]",[91],True,380706.0,,,,,,,,,,,
2762467379.0,238,43,10.0,165,60.8,86.6,43,"{'value': 1, 'displayName': 'FirstHalf'}","{'value': 1, 'displayName': 'Pass'}","{'value': 1, 'displayName': 'Successful'}","[{'type': {'value': 213, 'displayName': 'Angle'}, 'value': '0.30'}, {'type': {'value': 140, 'displayName': 'PassEndX'}, 'value': '70.7'}, {'type': {'value': 212, 'displayName': 'Length'}, 'value': '10.9'}, {'type': {'value': 3, 'displayName': 'HeadPass'}}, {'type': {'value': 56, 'displayName': 'Zone'}, 'value': 'Left'}, {'type': {'value': 178, 'displayName': 'StandingSave'}}, {'type': {'value': 141, 'displayName': 'PassEndY'}, 'value': '91.4'}]","[91, 119, 117, 30, 139, 205, 36, 37, 217, 218]",True,404108.0,70.7,91.4,,,,,,,,,
2762467381.0,239,43,13.0,165,67.4,92.4,43,"{'value': 1, 'displayName': 'FirstHalf'}","{'value': 50, 'displayName': 'Dispossessed'}","{'value': 1, 'displayName': 'Successful'}","[{'type': {'value': 286, 'displayName': 'Offensive'}}, {'type': {'value': 56, 'displayName': 'Zone'}, 'value': 'Left'}, {'type': {'value': 233, 'displayName': 'OppositeRelatedEvent'}, 'value': '563'}]","[91, 70]",True,401254.0,,,,,,,,,,,
2762467385.0,563,43,14.0,13,32.6,7.6,43,"{'value': 1, 'displayName': 'FirstHalf'}","{'value': 7, 'displayName': 'Tackle'}","{'value': 1, 'displayName': 'Successful'}","[{'type': {'value': 233, 'displayName': 'OppositeRelatedEvent'}, 'value': '239'}, {'type': {'value': 56, 'displayName': 'Zone'}, 'value': 'Back'}, {'type': {'value': 285, 'displayName': 'Defensive'}}, {'type': {'value': 178, 'displayName': 'StandingSave'}}]","[91, 143]",True,380706.0,,,,,,,,,,,
2762467391.0,564,43,15.0,13,31.5,11.5,43,"{'value': 1, 'displayName': 'FirstHalf'}","{'value': 1, 'displayName': 'Pass'}","{'value': 1, 'displayName': 'Successful'}","[{'type': {'value': 178, 'displayName': 'StandingSave'}}, {'type': {'value': 56, 'displayName': 'Zone'}, 'value': 'Back'}, {'type': {'value': 141, 'displayName': 'PassEndY'}, 'value': '37.7'}, {'type': {'value': 212, 'displayName': 'Length'}, 'value': '18.3'}, {'type': {'value': 140, 'displayName': 'PassEndX'}, 'value': '35.6'}, {'type': {'value': 213, 'displayName': 'Angle'}, 'value': '1.33'}]","[91, 117, 30, 36, 37, 216, 218]",True,361822.0,35.6,37.7,,,,,,,,,
2762467395.0,565,43,18.0,13,35.2,53.9,43,"{'value': 1, 'displayName': 'FirstHalf'}","{'value': 1, 'displayName': 'Pass'}","{'value': 1, 'displayName': 'Successful'}","[{'type': {'value': 56, 'displayName': 'Zone'}, 'value': 'Back'}, {'type': {'value': 213, 'displayName': 'Angle'}, 'value': '1.87'}, {'type': {'value': 212, 'displayName': 'Length'}, 'value': '11.3'}, {'type': {'value': 141, 'displayName': 'PassEndY'}, 'value': '69.7'}, {'type': {'value': 178, 'displayName': 'StandingSave'}}, {'type': {'value': 140, 'displayName': 'PassEndX'}, 'value': '32.0'}]","[91, 117, 30, 35, 37, 215, 218]",True,326413.0,32.0,69.7,,,,,,,,,
2762467403.0,566,43,21.0,13,31.6,69.5,43,"{'value': 1, 'displayName': 'FirstHalf'}","{'value': 1, 'displayName': 'Pass'}","{'value': 1, 'displayName': 'Successful'}","[{'type': {'value': 56, 'displayName': 'Zone'}, 'value': 'Back'}, {'type': {'value': 213, 'displayName': 'Angle'}, 'value': '4.81'}, {'type': {'value': 212, 'displayName': 'Length'}, 'value': '13.4'}, {'type': {'value': 141, 'displayName': 'PassEndY'}, 'value': '49.9'}, {'type': {'value': 178, 'displayName': 'StandingSave'}}, {'type': {'value': 140, 'displayName': 'PassEndX'}, 'value': '32.8'}]","[91, 117, 30, 36, 38, 215, 218]",True,467918.0,32.8,49.9,,,,,,,,,
2762467415.0,567,43,25.0,13,33.4,46.2,43,"{'value': 1, 'displayName': 'FirstHalf'}","{'value': 1, 'displayName': 'Pass'}","{'value': 1, 'displayName': 'Successful'}","[{'type': {'value': 141, 'displayName': 'PassEndY'}, 'value': '46.9'}, {'type': {'value': 212, 'displayName': 'Length'}, 'value': '16.3'}, {'type': {'value': 213, 'displayName': 'Angle'}, 'value': '0.03'}, {'type': {'value': 140, 'displayName': 'PassEndX'}, 'value': '48.9'}, {'type': {'value': 178, 'displayName': 'StandingSave'}}, {'type': {'value': 56, 'displayName': 'Zone'}, 'value': 'Back'}]","[91, 117, 30, 36, 37, 216, 218]",True,332325.0,48.9,46.9,,,,,,,,,
2762467417.0,568,43,29.0,13,50.0,45.8,43,"{'value': 1, 'displayName': 'FirstHalf'}","{'value': 4, 'displayName': 'Foul'}","{'value': 1, 'displayName': 'Successful'}","[{'type': {'value': 233, 'displayName': 'OppositeRelatedEvent'}, 'value': '240'}, {'type': {'value': 286, 'displayName': 'Offensive'}}, {'type': {'value': 13, 'displayName': 'Foul'}}, {'type': {'value': 56, 'displayName': 'Zone'}, 'value': 'Center'}]","[91, 63]",True,467918.0,,,,,,,,,,,
2762467419.0,240,43,29.0,165,50.0,54.2,43,"{'value': 1, 'displayName': 'FirstHalf'}","{'value': 4, 'displayName': 'Foul'}","{'value': 0, 'displayName': 'Unsuccessful'}","[{'type': {'value': 178, 'displayName': 'StandingSave'}}, {'type': {'value': 285, 'displayName': 'Defensive'}}, {'type': {'value': 13, 'displayName': 'Foul'}}, {'type': {'value': 233, 'displayName': 'OppositeRelatedEvent'}, 'value': '568'}, {'type': {'value': 56, 'displayName': 'Zone'}, 'value': 'Center'}]",[64],False,270446.0,,,,,,,,,,,
2762467447.0,569,43,40.0,13,50.4,47.4,43,"{'value': 1, 'displayName': 'FirstHalf'}","{'value': 1, 'displayName': 'Pass'}","{'value': 1, 'displayName': 'Successful'}","[{'type': {'value': 212, 'displayName': 'Length'}, 'value': '16.4'}, {'type': {'value': 213, 'displayName': 'Angle'}, 'value': '5.09'}, {'type': {'value': 56, 'displayName': 'Zone'}, 'value': 'Center'}, {'type': {'value': 5, 'displayName': 'FreekickTaken'}}, {'type': {'value': 178, 'displayName': 'StandingSave'}}, {'type': {'value': 141, 'displayName': 'PassEndY'}, 'value': '25.0'}, {'type': {'value': 140, 'displayName': 'PassEndX'}, 'value': '56.1'}]","[91, 119, 117, 30, 132, 36, 38, 216, 218]",True,467918.0,56.1,25.0,,,,,,,,,
2762467451.0,570,43,42.0,13,54.8,23.7,43,"{'value': 1, 'displayName': 'FirstHalf'}","{'value': 1, 'displayName': 'Pass'}","{'value': 0, 'displayName': 'Unsuccessful'}","[{'type': {'value': 140, 'displayName': 'PassEndX'}, 'value': '65.1'}, {'type': {'value': 56, 'displayName': 'Zone'}, 'value': 'Right'}, {'type': {'value': 212, 'displayName': 'Length'}, 'value': '20.4'}, {'type': {'value': 213, 'displayName': 'Angle'}, 'value': '5.27'}, {'type': {'value': 178, 'displayName': 'StandingSave'}}, {'type': {'value': 141, 'displayName': 'PassEndY'}, 'value': '0.0'}]","[91, 120, 29, 36, 38, 216, 218]",True,388650.0,65.1,0.0,,,,,,,,,
2762467509.0,242,44,4.0,165,32.8,100.0,44,"{'value': 1, 'displayName': 'FirstHalf'}","{'value': 1, 'displayName': 'Pass'}","{'value': 0, 'displayName': 'Unsuccessful'}","[{'type': {'value': 141, 'displayName': 'PassEndY'}, 'value': '94.8'}, {'type': {'value': 212, 'displayName': 'Length'}, 'value': '13.9'}, {'type': {'value': 56, 'displayName': 'Zone'}, 'value': 'Back'}, {'type': {'value': 107, 'displayName': 'ThrowIn'}}, {'type': {'value': 140, 'displayName': 'PassEndX'}, 'value': '45.3'}, {'type': {'value': 213, 'displayName': 'Angle'}, 'value': '5.94'}]","[91, 212, 36, 38, 216]",True,366211.0,45.3,94.8,,,,,,,,,
2762467507.0,572,44,6.0,13,55.1,6.0,44,"{'value': 1, 'displayName': 'FirstHalf'}","{'value': 44, 'displayName': 'Aerial'}","{'value': 1, 'displayName': 'Successful'}","[{'type': {'value': 286, 'displayName': 'Offensive'}}, {'type': {'value': 233, 'displayName': 'OppositeRelatedEvent'}, 'value': '243'}, {'type': {'value': 56, 'displayName': 'Zone'}, 'value': 'Right'}]","[197, 199]",False,388650.0,,,,,,,,,,,
2762467511.0,243,44,6.0,165,44.9,94.0,44,"{'value': 1, 'displayName': 'FirstHalf'}","{'value': 44, 'displayName': 'Aerial'}","{'value': 0, 'displayName': 'Unsuccessful'}","[{'type': {'value': 233, 'displayName': 'OppositeRelatedEvent'}, 'value': '572'}, {'type': {'value': 56, 'displayName': 'Zone'}, 'value': 'Back'}, {'type': {'value': 285, 'displayName': 'Defensive'}}]","[198, 200]",False,401254.0,,,,,,,,,,,
2762467519.0,573,44,6.0,13,55.7,7.3,44,"{'value': 1, 'displayName': 'FirstHalf'}","{'value': 1, 'displayName': 'Pass'}","{'value': 1, 'displayName': 'Successful'}","[{'type': {'value': 141, 'displayName': 'PassEndY'}, 'value': '12.6'}, {'type': {'value': 56, 'displayName': 'Zone'}, 'value': 'Right'}, {'type': {'value': 213, 'displayName': 'Angle'}, 'value': '0.49'}, {'type': {'value': 140, 'displayName': 'PassEndX'}, 'value': '62.2'}, {'type': {'value': 3, 'displayName': 'HeadPass'}}, {'type': {'value': 212, 'displayName': 'Length'}, 'value': '7.7'}]","[91, 119, 117, 30, 139, 36, 37, 216, 218]",True,388650.0,62.2,12.6,,,,,,,,,
2762467531.0,574,44,7.0,13,62.2,12.6,44,"{'value': 1, 'displayName': 'FirstHalf'}","{'value': 1, 'displayName': 'Pass'}","{'value': 1, 'displayName': 'Successful'}","[{'type': {'value': 178, 'displayName': 'StandingSave'}}, {'type': {'value': 56, 'displayName': 'Zone'}, 'value': 'Back'}, {'type': {'value': 141, 'displayName': 'PassEndY'}, 'value': '25.1'}, {'type': {'value': 212, 'displayName': 'Length'}, 'value': '16.7'}, {'type': {'value': 156, 'displayName': 'LayOff'}}, {'type': {'value': 213, 'displayName': 'Angle'}, 'value': '2.61'}, {'type': {'value': 140, 'displayName': 'PassEndX'}, 'value': '48.5'}]","[91, 117, 30, 35, 37, 216, 218]",True,247454.0,48.5,25.1,,,,,,,,,
2762467533.0,575,44,8.0,13,46.7,27.6,44,"{'value': 1, 'displayName': 'FirstHalf'}","{'value': 49, 'displayName': 'BallRecovery'}","{'value': 1, 'displayName': 'Successful'}",[],[93],False,332325.0,,,,,,,,,,,
2762467575.0,576,44,14.0,13,62.6,66.6,44,"{'value': 1, 'displayName': 'FirstHalf'}","{'value': 1, 'displayName': 'Pass'}","{'value': 1, 'displayName': 'Successful'}","[{'type': {'value': 140, 'displayName': 'PassEndX'}, 'value': '67.2'}, {'type': {'value': 213, 'displayName': 'Angle'}, 'value': '1.24'}, {'type': {'value': 141, 'displayName': 'PassEndY'}, 'value': '87.6'}, {'type': {'value': 56, 'displayName': 'Zone'}, 'value': 'Left'}, {'type': {'value': 178, 'displayName': 'StandingSave'}}, {'type': {'value': 212, 'displayName': 'Length'}, 'value': '15.1'}]","[91, 119, 117, 30, 205, 36, 37, 217, 218]",True,332325.0,67.2,87.6,,,,,,,,,
2762467587.0,577,44,22.0,13,65.7,71.1,44,"{'value': 1, 'displayName': 'FirstHalf'}","{'value': 1, 'displayName': 'Pass'}","{'value': 1, 'displayName': 'Successful'}","[{'type': {'value': 178, 'displayName': 'StandingSave'}}, {'type': {'value': 140, 'displayName': 'PassEndX'}, 'value': '61.8'}, {'type': {'value': 213, 'displayName': 'Angle'}, 'value': '4.55'}, {'type': {'value': 56, 'displayName': 'Zone'}, 'value': 'Center'}, {'type': {'value': 212, 'displayName': 'Length'}, 'value': '25.0'}, {'type': {'value': 141, 'displayName': 'PassEndY'}, 'value': '34.9'}]","[91, 119, 117, 30, 35, 38, 216, 218]",True,113994.0,61.8,34.9,,,,,,,,,
2762467609.0,578,44,25.0,13,64.5,29.9,44,"{'value': 1, 'displayName': 'FirstHalf'}","{'value': 1, 'displayName': 'Pass'}","{'value': 1, 'displayName': 'Successful'}","[{'type': {'value': 141, 'displayName': 'PassEndY'}, 'value': '14.1'}, {'type': {'value': 178, 'displayName': 'StandingSave'}}, {'type': {'value': 212, 'displayName': 'Length'}, 'value': '11.3'}, {'type': {'value': 213, 'displayName': 'Angle'}, 'value': '5.02'}, {'type': {'value': 140, 'displayName': 'PassEndX'}, 'value': '67.7'}, {'type': {'value': 56, 'displayName': 'Zone'}, 'value': 'Right'}]","[91, 119, 117, 30, 205, 36, 38, 217, 218]",True,361822.0,67.7,14.1,,,,,,,,,
2762467623.0,579,44,30.0,13,66.9,13.5,44,"{'value': 1, 'displayName': 'FirstHalf'}","{'value': 1, 'displayName': 'Pass'}","{'value': 1, 'displayName': 'Successful'}","[{'type': {'value': 140, 'displayName': 'PassEndX'}, 'value': '58.9'}, {'type': {'value': 212, 'displayName': 'Length'}, 'value': '12.4'}, {'type': {'value': 141, 'displayName': 'PassEndY'}, 'value': '26.9'}, {'type': {'value': 178, 'displayName': 'StandingSave'}}, {'type': {'value': 213, 'displayName': 'Angle'}, 'value': '2.32'}, {'type': {'value': 56, 'displayName': 'Zone'}, 'value': 'Center'}]","[91, 119, 117, 30, 35, 37, 216, 218]",True,247454.0,58.9,26.9,,,,,,,,,
2762467655.0,580,44,33.0,13,58.4,25.9,44,"{'value': 1, 'displayName': 'FirstHalf'}","{'value': 1, 'displayName': 'Pass'}","{'value': 1, 'displayName': 'Successful'}","[{'type': {'value': 56, 'displayName': 'Zone'}, 'value': 'Right'}, {'type': {'value': 213, 'displayName': 'Angle'}, 'value': '5.18'}, {'type': {'value': 141, 'displayName': 'PassEndY'}, 'value': '10.6'}, {'type': {'value': 178, 'displayName': 'StandingSave'}}, {'type': {'value': 140, 'displayName': 'PassEndX'}, 'value': '63.4'}, {'type': {'value': 212, 'displayName': 'Length'}, 'value': '11.7'}]","[91, 119, 117, 30, 36, 38, 216, 218]",True,361822.0,63.4,10.6,,,,,,,,,
2762467673.0,581,44,39.0,13,64.4,19.1,44,"{'value': 1, 'displayName': 'FirstHalf'}","{'value': 1, 'displayName': 'Pass'}","{'value': 1, 'displayName': 'Successful'}","[{'type': {'value': 141, 'displayName': 'PassEndY'}, 'value': '21.3'}, {'type': {'value': 212, 'displayName': 'Length'}, 'value': '10.8'}, {'type': {'value': 56, 'displayName': 'Zone'}, 'value': 'Center'}, {'type': {'value': 213, 'displayName': 'Angle'}, 'value': '0.14'}, {'type': {'value': 140, 'displayName': 'PassEndX'}, 'value': '74.6'}, {'type': {'value': 178, 'displayName': 'StandingSave'}}]","[91, 119, 117, 30, 205, 36, 37, 217, 218]",True,247454.0,74.6,21.3,,,,,,,,,
2762467677.0,582,44,42.0,13,75.0,33.7,44,"{'value': 1, 'displayName': 'FirstHalf'}","{'value': 1, 'displayName': 'Pass'}","{'value': 1, 'displayName': 'Successful'}","[{'type': {'value': 178, 'displayName': 'StandingSave'}}, {'type': {'value': 155, 'displayName': 'Chipped'}}, {'type': {'value': 141, 'displayName': 'PassEndY'}, 'value': '72.0'}, {'type': {'value': 56, 'displayName': 'Zone'}, 'value': 'Center'}, {'type': {'value': 213, 'displayName': 'Angle'}, 'value': '1.67'}, {'type': {'value': 140, 'displayName': 'PassEndX'}, 'value': '72.5'}, {'type': {'value': 212, 'displayName': 'Length'}, 'value': '26.2'}]","[91, 119, 117, 30, 124, 205, 35, 37, 217, 218]",True,279379.0,72.5,72.0,,,,,,,,,
2762467687.0,583,44,45.0,13,72.6,67.1,44,"{'value': 1, 'displayName': 'FirstHalf'}","{'value': 1, 'displayName': 'Pass'}","{'value': 1, 'displayName': 'Successful'}","[{'type': {'value': 56, 'displayName': 'Zone'}, 'value': 'Center'}, {'type': {'value': 178, 'displayName': 'StandingSave'}}, {'type': {'value': 213, 'displayName': 'Angle'}, 'value': '4.52'}, {'type': {'value': 140, 'displayName': 'PassEndX'}, 'value': '70.5'}, {'type': {'value': 141, 'displayName': 'PassEndY'}, 'value': '50.4'}, {'type': {'value': 212, 'displayName': 'Length'}, 'value': '11.6'}]","[91, 119, 117, 30, 205, 35, 38, 217, 218]",True,113994.0,70.5,50.4,,,,,,,,,
2762467705.0,584,44,47.0,13,70.5,50.2,44,"{'value': 1, 'displayName': 'FirstHalf'}","{'value': 1, 'displayName': 'Pass'}","{'value': 1, 'displayName': 'Successful'}","[{'type': {'value': 178, 'displayName': 'StandingSave'}}, {'type': {'value': 141, 'displayName': 'PassEndY'}, 'value': '76.7'}, {'type': {'value': 212, 'displayName': 'Length'}, 'value': '18.0'}, {'type': {'value': 140, 'displayName': 'PassEndX'}, 'value': '70.6'}, {'type': {'value': 56, 'displayName': 'Zone'}, 'value': 'Center'}, {'type': {'value': 213, 'displayName': 'Angle'}, 'value': '1.56'}]","[91, 119, 117, 30, 205, 36, 37, 217, 218]",True,332325.0,70.6,76.7,,,,,,,,,
2762467709.0,585,44,55.0,13,77.0,85.2,44,"{'value': 1, 'displayName': 'FirstHalf'}","{'value': 1, 'displayName': 'Pass'}","{'value': 1, 'displayName': 'Successful'}","[{'type': {'value': 213, 'displayName': 'Angle'}, 'value': '4.87'}, {'type': {'value': 140, 'displayName': 'PassEndX'}, 'value': '78.4'}, {'type': {'value': 178, 'displayName': 'StandingSave'}}, {'type': {'value': 212, 'displayName': 'Length'}, 'value': '9.1'}, {'type': {'value': 56, 'displayName': 'Zone'}, 'value': 'Center'}, {'type': {'value': 141, 'displayName': 'PassEndY'}, 'value': '72.0'}]","[91, 119, 117, 30, 205, 36, 38, 217, 218]",True,113994.0,78.4,72.0,,,,,,,,,
2762467715.0,586,44,57.0,13,78.4,72.0,44,"{'value': 1, 'displayName': 'FirstHalf'}","{'value': 1, 'displayName': 'Pass'}","{'value': 0, 'displayName': 'Unsuccessful'}","[{'type': {'value': 212, 'displayName': 'Length'}, 'value': '14.0'}, {'type': {'value': 141, 'displayName': 'PassEndY'}, 'value': '60.3'}, {'type': {'value': 155, 'displayName': 'Chipped'}}, {'type': {'value': 178, 'displayName': 'StandingSave'}}, {'type': {'value': 56, 'displayName': 'Zone'}, 'value': 'Center'}, {'type': {'value': 213, 'displayName': 'Angle'}, 'value': '5.68'}, {'type': {'value': 140, 'displayName': 'PassEndX'}, 'value': '89.4'}]","[91, 120, 29, 124, 36, 38, 217, 218]",True,247454.0,89.4,60.3,,,,,,,,,
2762467713.0,245,44,58.0,165,8.7,40.7,44,"{'value': 1, 'displayName': 'FirstHalf'}","{'value': 8, 'displayName': 'Interception'}","{'value': 1, 'displayName': 'Successful'}","[{'type': {'value': 56, 'displayName': 'Zone'}, 'value': 'Back'}, {'type': {'value': 178, 'displayName': 'StandingSave'}}]","[91, 101, 102, 56]",True,356599.0,,,,,,,,,,,
2762467721.0,246,44,59.0,165,10.2,40.0,44,"{'value': 1, 'displayName': 'FirstHalf'}","{'value': 12, 'displayName': 'Clearance'}","{'value': 1, 'displayName': 'Successful'}","[{'type': {'value': 212, 'displayName': 'Length'}, 'value': '31.8'}, {'type': {'value': 178, 'displayName': 'StandingSave'}}, {'type': {'value': 140, 'displayName': 'PassEndX'}, 'value': '24.7'}, {'type': {'value': 56, 'displayName': 'Zone'}, 'value': 'Back'}, {'type': {'value': 141, 'displayName': 'PassEndY'}, 'value': '0.0'}, {'type': {'value': 213, 'displayName': 'Angle'}, 'value': '5.21'}]","[91, 94, 95, 215]",True,404108.0,24.7,0.0,,,,,,,,,
2762467729.0,589,45,5.0,13,80.2,100.0,45,"{'value': 1, 'displayName': 'FirstHalf'}","{'value': 1, 'displayName': 'Pass'}","{'value': 1, 'displayName': 'Successful'}","[{'type': {'value': 212, 'displayName': 'Length'}, 'value': '13.2'}, {'type': {'value': 56, 'displayName': 'Zone'}, 'value': 'Left'}, {'type': {'value': 213, 'displayName': 'Angle'}, 'value': '3.99'}, {'type': {'value': 140, 'displayName': 'PassEndX'}, 'value': '71.9'}, {'type': {'value': 107, 'displayName': 'ThrowIn'}}, {'type': {'value': 141, 'displayName': 'PassEndY'}, 'value': '86.8'}]","[91, 212, 35, 38, 217]",True,467918.0,71.9,86.8,,,,,,,,,
2762467735.0,590,45,8.0,13,71.9,86.8,45,"{'value': 1, 'displayName': 'FirstHalf'}","{'value': 1, 'displayName': 'Pass'}","{'value': 1, 'displayName': 'Successful'}","[{'type': {'value': 56, 'displayName': 'Zone'}, 'value': 'Center'}, {'type': {'value': 178, 'displayName': 'StandingSave'}}, {'type': {'value': 212, 'displayName': 'Length'}, 'value': '10.2'}, {'type': {'value': 141, 'displayName': 'PassEndY'}, 'value': '72.3'}, {'type': {'value': 213, 'displayName': 'Angle'}, 'value': '4.44'}, {'type': {'value': 140, 'displayName': 'PassEndX'}, 'value': '69.3'}]","[91, 119, 117, 30, 205, 35, 38, 217, 218]",True,334087.0,69.3,72.3,,,,,,,,,
2762467741.0,591,45,12.0,13,71.3,72.6,45,"{'value': 1, 'displayName': 'FirstHalf'}","{'value': 1, 'displayName': 'Pass'}","{'value': 1, 'displayName': 'Successful'}","[{'type': {'value': 212, 'displayName': 'Length'}, 'value': '18.6'}, {'type': {'value': 56, 'displayName': 'Zone'}, 'value': 'Left'}, {'type': {'value': 213, 'displayName': 'Angle'}, 'value': '1.01'}, {'type': {'value': 178, 'displayName': 'StandingSave'}}, {'type': {'value': 141, 'displayName': 'PassEndY'}, 'value': '95.7'}, {'type': {'value': 140, 'displayName': 'PassEndX'}, 'value': '80.7'}]","[91, 119, 117, 30, 205, 36, 37, 217, 218]",True,332325.0,80.7,95.7,,,,,,,,,
2762467745.0,592,45,13.0,13,80.6,95.7,45,"{'value': 1, 'displayName': 'FirstHalf'}","{'value': 1, 'displayName': 'Pass'}","{'value': 1, 'displayName': 'Successful'}","[{'type': {'value': 56, 'displayName': 'Zone'}, 'value': 'Left'}, {'type': {'value': 212, 'displayName': 'Length'}, 'value': '12.2'}, {'type': {'value': 140, 'displayName': 'PassEndX'}, 'value': '69.4'}, {'type': {'value': 141, 'displayName': 'PassEndY'}, 'value': '91.1'}, {'type': {'value': 178, 'displayName': 'StandingSave'}}, {'type': {'value': 213, 'displayName': 'Angle'}, 'value': '3.40'}]","[91, 119, 117, 30, 205, 35, 38, 217, 218]",True,467918.0,69.4,91.1,,,,,,,,,
2762467755.0,593,45,15.0,13,68.9,89.0,45,"{'value': 1, 'displayName': 'FirstHalf'}","{'value': 1, 'displayName': 'Pass'}","{'value': 1, 'displayName': 'Successful'}","[{'type': {'value': 141, 'displayName': 'PassEndY'}, 'value': '72.3'}, {'type': {'value': 140, 'displayName': 'PassEndX'}, 'value': '66.5'}, {'type': {'value': 213, 'displayName': 'Angle'}, 'value': '4.49'}, {'type': {'value': 56, 'displayName': 'Zone'}, 'value': 'Center'}, {'type': {'value': 178, 'displayName': 'StandingSave'}}, {'type': {'value': 212, 'displayName': 'Length'}, 'value': '11.6'}]","[91, 119, 117, 30, 35, 38, 216, 218]",True,334087.0,66.5,72.3,,,,,,,,,
2762467759.0,594,45,18.0,13,67.6,74.6,45,"{'value': 1, 'displayName': 'FirstHalf'}","{'value': 1, 'displayName': 'Pass'}","{'value': 1, 'displayName': 'Successful'}","[{'type': {'value': 141, 'displayName': 'PassEndY'}, 'value': '94.2'}, {'type': {'value': 178, 'displayName': 'StandingSave'}}, {'type': {'value': 56, 'displayName': 'Zone'}, 'value': 'Left'}, {'type': {'value': 213, 'displayName': 'Angle'}, 'value': '1.21'}, {'type': {'value': 212, 'displayName': 'Length'}, 'value': '14.2'}, {'type': {'value': 140, 'displayName': 'PassEndX'}, 'value': '72.4'}]","[91, 119, 117, 30, 205, 36, 37, 217, 218]",True,332325.0,72.4,94.2,,,,,,,,,
2762467763.0,595,45,21.0,13,72.0,94.3,45,"{'value': 1, 'displayName': 'FirstHalf'}","{'value': 1, 'displayName': 'Pass'}","{'value': 0, 'displayName': 'Unsuccessful'}","[{'type': {'value': 141, 'displayName': 'PassEndY'}, 'value': '91.0'}, {'type': {'value': 213, 'displayName': 'Angle'}, 'value': '5.68'}, {'type': {'value': 178, 'displayName': 'StandingSave'}}, {'type': {'value': 212, 'displayName': 'Length'}, 'value': '4.0'}, {'type': {'value': 140, 'displayName': 'PassEndX'}, 'value': '75.1'}, {'type': {'value': 56, 'displayName': 'Zone'}, 'value': 'Left'}]","[91, 120, 29, 36, 38, 217, 218]",True,113994.0,75.1,91.0,,,,,,,,,
2762467769.0,248,45,21.0,165,26.3,6.2,45,"{'value': 1, 'displayName': 'FirstHalf'}","{'value': 61, 'displayName': 'BallTouch'}","{'value': 1, 'displayName': 'Successful'}","[{'type': {'value': 178, 'displayName': 'StandingSave'}}, {'type': {'value': 56, 'displayName': 'Zone'}, 'value': 'Back'}]",[91],True,349484.0,,,,,,,,,,,
2762467785.0,596,45,23.0,13,71.1,91.7,45,"{'value': 1, 'displayName': 'FirstHalf'}","{'value': 1, 'displayName': 'Pass'}","{'value': 1, 'displayName': 'Successful'}","[{'type': {'value': 212, 'displayName': 'Length'}, 'value': '13.7'}, {'type': {'value': 140, 'displayName': 'PassEndX'}, 'value': '63.5'}, {'type': {'value': 213, 'displayName': 'Angle'}, 'value': '4.09'}, {'type': {'value': 56, 'displayName': 'Zone'}, 'value': 'Center'}, {'type': {'value': 141, 'displayName': 'PassEndY'}, 'value': '75.3'}, {'type': {'value': 178, 'displayName': 'StandingSave'}}]","[91, 119, 117, 30, 35, 38, 216, 218]",True,113994.0,63.5,75.3,,,,,,,,,
2762467787.0,597,45,28.0,13,70.8,61.0,45,"{'value': 1, 'displayName': 'FirstHalf'}","{'value': 1, 'displayName': 'Pass'}","{'value': 1, 'displayName': 'Successful'}","[{'type': {'value': 56, 'displayName': 'Zone'}, 'value': 'Center'}, {'type': {'value': 141, 'displayName': 'PassEndY'}, 'value': '37.2'}, {'type': {'value': 212, 'displayName': 'Length'}, 'value': '16.7'}, {'type': {'value': 140, 'displayName': 'PassEndX'}, 'value': '67.0'}, {'type': {'value': 213, 'displayName': 'Angle'}, 'value': '4.47'}, {'type': {'value': 178, 'displayName': 'StandingSave'}}]","[91, 119, 117, 30, 205, 35, 38, 217, 218]",True,332325.0,67.0,37.2,,,,,,,,,
2762467793.0,598,45,30.0,13,66.2,35.5,45,"{'value': 1, 'displayName': 'FirstHalf'}","{'value': 1, 'displayName': 'Pass'}","{'value': 1, 'displayName': 'Successful'}","[{'type': {'value': 212, 'displayName': 'Length'}, 'value': '17.3'}, {'type': {'value': 213, 'displayName': 'Angle'}, 'value': '5.24'}, {'type': {'value': 141, 'displayName': 'PassEndY'}, 'value': '13.5'}, {'type': {'value': 140, 'displayName': 'PassEndX'}, 'value': '74.5'}, {'type': {'value': 178, 'displayName': 'StandingSave'}}, {'type': {'value': 56, 'displayName': 'Zone'}, 'value': 'Right'}]","[91, 119, 117, 30, 205, 36, 38, 217, 218]",True,388650.0,74.5,13.5,,,,,,,,,
2762467795.0,599,45,34.0,13,71.5,27.9,45,"{'value': 1, 'displayName': 'FirstHalf'}","{'value': 1, 'displayName': 'Pass'}","{'value': 1, 'displayName': 'Successful'}","[{'type': {'value': 213, 'displayName': 'Angle'}, 'value': '1.65'}, {'type': {'value': 140, 'displayName': 'PassEndX'}, 'value': '70.8'}, {'type': {'value': 56, 'displayName': 'Zone'}, 'value': 'Center'}, {'type': {'value': 141, 'displayName': 'PassEndY'}, 'value': '42.0'}, {'type': {'value': 178, 'displayName': 'StandingSave'}}, {'type': {'value': 212, 'displayName': 'Length'}, 'value': '9.6'}]","[91, 119, 117, 30, 205, 35, 37, 217, 218]",True,247454.0,70.8,42.0,,,,,,,,,
2762467803.0,600,45,36.0,13,70.8,33.5,45,"{'value': 1, 'displayName': 'FirstHalf'}","{'value': 1, 'displayName': 'Pass'}","{'value': 1, 'displayName': 'Successful'}","[{'type': {'value': 56, 'displayName': 'Zone'}, 'value': 'Right'}, {'type': {'value': 140, 'displayName': 'PassEndX'}, 'value': '78.6'}, {'type': {'value': 213, 'displayName': 'Angle'}, 'value': '5.18'}, {'type': {'value': 212, 'displayName': 'Length'}, 'value': '18.2'}, {'type': {'value': 178, 'displayName': 'StandingSave'}}, {'type': {'value': 141, 'displayName': 'PassEndY'}, 'value': '9.6'}]","[91, 119, 117, 30, 205, 36, 38, 217, 218]",True,332325.0,78.6,9.6,,,,,,,,,
2762467815.0,601,45,39.0,13,79.6,9.5,45,"{'value': 1, 'displayName': 'FirstHalf'}","{'value': 1, 'displayName': 'Pass'}","{'value': 1, 'displayName': 'Successful'}","[{'type': {'value': 212, 'displayName': 'Length'}, 'value': '6.8'}, {'type': {'value': 56, 'displayName': 'Zone'}, 'value': 'Right'}, {'type': {'value': 213, 'displayName': 'Angle'}, 'value': '2.79'}, {'type': {'value': 141, 'displayName': 'PassEndY'}, 'value': '13.0'}, {'type': {'value': 140, 'displayName': 'PassEndX'}, 'value': '73.5'}, {'type': {'value': 178, 'displayName': 'StandingSave'}}]","[91, 119, 117, 30, 205, 35, 37, 217, 218]",True,388650.0,73.5,13.0,,,,,,,,,
2762467817.0,602,45,42.0,13,71.6,16.4,45,"{'value': 1, 'displayName': 'FirstHalf'}","{'value': 1, 'displayName': 'Pass'}","{'value': 1, 'displayName': 'Successful'}","[{'type': {'value': 178, 'displayName': 'StandingSave'}}, {'type': {'value': 212, 'displayName': 'Length'}, 'value': '11.4'}, {'type': {'value': 56, 'displayName': 'Zone'}, 'value': 'Center'}, {'type': {'value': 213, 'displayName': 'Angle'}, 'value': '2.32'}, {'type': {'value': 141, 'displayName': 'PassEndY'}, 'value': '28.6'}, {'type': {'value': 140, 'displayName': 'PassEndX'}, 'value': '64.2'}]","[91, 119, 117, 30, 35, 37, 216, 218]",True,326413.0,64.2,28.6,,,,,,,,,
2762467827.0,603,45,44.0,13,64.9,30.3,45,"{'value': 1, 'displayName': 'FirstHalf'}","{'value': 1, 'displayName': 'Pass'}","{'value': 1, 'displayName': 'Successful'}","[{'type': {'value': 141, 'displayName': 'PassEndY'}, 'value': '64.5'}, {'type': {'value': 213, 'displayName': 'Angle'}, 'value': '1.82'}, {'type': {'value': 56, 'displayName': 'Zone'}, 'value': 'Center'}, {'type': {'value': 140, 'displayName': 'PassEndX'}, 'value': '59.2'}, {'type': {'value': 178, 'displayName': 'StandingSave'}}, {'type': {'value': 212, 'displayName': 'Length'}, 'value': '24.0'}]","[91, 119, 117, 30, 35, 37, 216, 218]",True,361822.0,59.2,64.5,,,,,,,,,
2762467837.0,604,45,46.0,13,59.2,64.5,45,"{'value': 1, 'displayName': 'FirstHalf'}","{'value': 1, 'displayName': 'Pass'}","{'value': 1, 'displayName': 'Successful'}","[{'type': {'value': 178, 'displayName': 'StandingSave'}}, {'type': {'value': 212, 'displayName': 'Length'}, 'value': '13.6'}, {'type': {'value': 141, 'displayName': 'PassEndY'}, 'value': '75.5'}, {'type': {'value': 213, 'displayName': 'Angle'}, 'value': '0.58'}, {'type': {'value': 140, 'displayName': 'PassEndX'}, 'value': '70.0'}, {'type': {'value': 56, 'displayName': 'Zone'}, 'value': 'Center'}]","[91, 119, 117, 30, 205, 36, 37, 217, 218]",True,334087.0,70.0,75.5,,,,,,,,,
2762467841.0,605,45,48.0,13,71.9,78.6,45,"{'value': 1, 'displayName': 'FirstHalf'}","{'value': 1, 'displayName': 'Pass'}","{'value': 1, 'displayName': 'Successful'}","[{'type': {'value': 212, 'displayName': 'Length'}, 'value': '55.9'}, {'type': {'value': 1, 'displayName': 'Longball'}}, {'type': {'value': 213, 'displayName': 'Angle'}, 'value': '5.20'}, {'type': {'value': 155, 'displayName': 'Chipped'}}, {'type': {'value': 2, 'displayName': 'Cross'}}, {'type': {'value': 178, 'displayName': 'StandingSave'}}, {'type': {'value': 140, 'displayName': 'PassEndX'}, 'value': '96.9'}, {'type': {'value': 56, 'displayName': 'Zone'}, 'value': 'Right'}, {'type': {'value': 72, 'displayName': 'LeftFoot'}}, {'type': {'value': 141, 'displayName': 'PassEndY'}, 'value': '6.0'}]","[91, 119, 138, 124, 125, 36, 38, 217, 218]",True,467918.0,96.9,6.0,,,,,,,,,
2762467855.0,606,45,56.0,13,86.3,12.7,45,"{'value': 1, 'displayName': 'FirstHalf'}","{'value': 1, 'displayName': 'Pass'}","{'value': 1, 'displayName': 'Successful'}","[{'type': {'value': 178, 'displayName': 'StandingSave'}}, {'type': {'value': 141, 'displayName': 'PassEndY'}, 'value': '12.7'}, {'type': {'value': 140, 'displayName': 'PassEndX'}, 'value': '77.1'}, {'type': {'value': 213, 'displayName': 'Angle'}, 'value': '3.14'}, {'type': {'value': 212, 'displayName': 'Length'}, 'value': '9.7'}, {'type': {'value': 56, 'displayName': 'Zone'}, 'value': 'Right'}]","[91, 119, 117, 30, 205, 35, 217, 218]",True,388650.0,77.1,12.7,,,,,,,,,
2762467859.0,607,45,59.0,13,75.8,12.9,45,"{'value': 1, 'displayName': 'FirstHalf'}","{'value': 1, 'displayName': 'Pass'}","{'value': 1, 'displayName': 'Successful'}","[{'type': {'value': 141, 'displayName': 'PassEndY'}, 'value': '49.2'}, {'type': {'value': 140, 'displayName': 'PassEndX'}, 'value': '68.4'}, {'type': {'value': 56, 'displayName': 'Zone'}, 'value': 'Center'}, {'type': {'value': 212, 'displayName': 'Length'}, 'value': '25.9'}, {'type': {'value': 213, 'displayName': 'Angle'}, 'value': '1.88'}, {'type': {'value': 178, 'displayName': 'StandingSave'}}]","[91, 119, 117, 30, 205, 35, 37, 217, 218]",True,326413.0,68.4,49.2,,,,,,,,,
2762467863.0,608,46,4.0,13,70.1,49.0,46,"{'value': 1, 'displayName': 'FirstHalf'}","{'value': 1, 'displayName': 'Pass'}","{'value': 1, 'displayName': 'Successful'}","[{'type': {'value': 213, 'displayName': 'Angle'}, 'value': '4.65'}, {'type': {'value': 140, 'displayName': 'PassEndX'}, 'value': '69.3'}, {'type': {'value': 56, 'displayName': 'Zone'}, 'value': 'Center'}, {'type': {'value': 212, 'displayName': 'Length'}, 'value': '14.1'}, {'type': {'value': 178, 'displayName': 'StandingSave'}}, {'type': {'value': 141, 'displayName': 'PassEndY'}, 'value': '28.3'}]","[91, 119, 117, 30, 205, 35, 38, 217, 218]",True,334087.0,69.3,28.3,,,,,,,,,
2762467869.0,609,46,7.0,13,68.0,29.6,46,"{'value': 1, 'displayName': 'FirstHalf'}","{'value': 1, 'displayName': 'Pass'}","{'value': 0, 'displayName': 'Unsuccessful'}","[{'type': {'value': 56, 'displayName': 'Zone'}, 'value': 'Center'}, {'type': {'value': 141, 'displayName': 'PassEndY'}, 'value': '53.9'}, {'type': {'value': 140, 'displayName': 'PassEndX'}, 'value': '65.1'}, {'type': {'value': 178, 'displayName': 'StandingSave'}}, {'type': {'value': 213, 'displayName': 'Angle'}, 'value': '1.75'}, {'type': {'value': 212, 'displayName': 'Length'}, 'value': '16.8'}]","[91, 120, 29, 35, 37, 216, 218]",True,361822.0,65.1,53.9,,,,,,,,,
2762467867.0,249,46,8.0,165,0.0,0.0,46,"{'value': 1, 'displayName': 'FirstHalf'}","{'value': 30, 'displayName': 'End'}","{'value': 1, 'displayName': 'Successful'}",[],[],False,,,,,,,,,,,,
2762467871.0,610,46,8.0,13,0.0,0.0,46,"{'value': 1, 'displayName': 'FirstHalf'}","{'value': 30, 'displayName': 'End'}","{'value': 1, 'displayName': 'Successful'}",[],[],False,,,,,,,,,,,,
2762469573.0,251,45,0.0,165,0.0,0.0,47,"{'value': 2, 'displayName': 'SecondHalf'}","{'value': 32, 'displayName': 'Start'}","{'value': 1, 'displayName': 'Successful'}",[],[],False,,,,,,,,,,,,
2762469563.0,611,45,0.0,13,0.0,0.0,47,"{'value': 2, 'displayName': 'SecondHalf'}","{'value': 32, 'displayName': 'Start'}","{'value': 1, 'displayName': 'Successful'}",[],[],False,,,,,,,,,,,,
2762469597.0,612,45,0.0,13,50.2,50.1,47,"{'value': 2, 'displayName': 'SecondHalf'}","{'value': 1, 'displayName': 'Pass'}","{'value': 1, 'displayName': 'Successful'}","[{'type': {'value': 56, 'displayName': 'Zone'}, 'value': 'Back'}, {'type': {'value': 212, 'displayName': 'Length'}, 'value': '23.5'}, {'type': {'value': 140, 'displayName': 'PassEndX'}, 'value': '28.6'}, {'type': {'value': 178, 'displayName': 'StandingSave'}}, {'type': {'value': 213, 'displayName': 'Angle'}, 'value': '2.88'}, {'type': {'value': 141, 'displayName': 'PassEndY'}, 'value': '59.1'}]","[91, 117, 30, 35, 37, 215, 218]",True,247454.0,28.6,59.1,,,,,,,,,
2762469619.0,613,45,4.0,13,30.3,57.6,47,"{'value': 2, 'displayName': 'SecondHalf'}","{'value': 1, 'displayName': 'Pass'}","{'value': 1, 'displayName': 'Successful'}","[{'type': {'value': 140, 'displayName': 'PassEndX'}, 'value': '42.3'}, {'type': {'value': 141, 'displayName': 'PassEndY'}, 'value': '36.6'}, {'type': {'value': 212, 'displayName': 'Length'}, 'value': '19.0'}, {'type': {'value': 178, 'displayName': 'StandingSave'}}, {'type': {'value': 56, 'displayName': 'Zone'}, 'value': 'Back'}, {'type': {'value': 213, 'displayName': 'Angle'}, 'value': '5.44'}]","[91, 117, 30, 36, 38, 216, 218]",True,276366.0,42.3,36.6,,,,,,,,,
2762469625.0,614,45,6.0,13,39.8,33.4,47,"{'value': 2, 'displayName': 'SecondHalf'}","{'value': 50, 'displayName': 'Dispossessed'}","{'value': 1, 'displayName': 'Successful'}","[{'type': {'value': 286, 'displayName': 'Offensive'}}, {'type': {'value': 233, 'displayName': 'OppositeRelatedEvent'}, 'value': '252'}, {'type': {'value': 56, 'displayName': 'Zone'}, 'value': 'Back'}]","[91, 70]",True,361822.0,,,,,,,,,,,
2762469615.0,252,45,7.0,165,60.2,66.6,47,"{'value': 2, 'displayName': 'SecondHalf'}","{'value': 7, 'displayName': 'Tackle'}","{'value': 1, 'displayName': 'Successful'}","[{'type': {'value': 178, 'displayName': 'StandingSave'}}, {'type': {'value': 56, 'displayName': 'Zone'}, 'value': 'Center'}, {'type': {'value': 285, 'displayName': 'Defensive'}}, {'type': {'value': 233, 'displayName': 'OppositeRelatedEvent'}, 'value': '614'}]","[91, 143]",True,138686.0,,,,,,,,,,,
2762469623.0,253,45,8.0,165,61.8,76.0,47,"{'value': 2, 'displayName': 'SecondHalf'}","{'value': 49, 'displayName': 'BallRecovery'}","{'value': 1, 'displayName': 'Successful'}",[],[93],False,138686.0,,,,,,,,,,,
2762469639.0,254,45,12.0,165,89.9,77.6,47,"{'value': 2, 'displayName': 'SecondHalf'}","{'value': 61, 'displayName': 'BallTouch'}","{'value': 0, 'displayName': 'Unsuccessful'}","[{'type': {'value': 56, 'displayName': 'Zone'}, 'value': 'Center'}]","[91, 69]",True,138686.0,,,,,,,,,,,
2762469647.0,615,45,12.0,13,9.1,10.4,47,"{'value': 2, 'displayName': 'SecondHalf'}","{'value': 49, 'displayName': 'BallRecovery'}","{'value': 1, 'displayName': 'Successful'}",[],[93],False,361822.0,,,,,,,,,,,
2762469651.0,616,45,14.0,13,8.9,5.4,47,"{'value': 2, 'displayName': 'SecondHalf'}","{'value': 1, 'displayName': 'Pass'}","{'value': 0, 'displayName': 'Unsuccessful'}","[{'type': {'value': 212, 'displayName': 'Length'}, 'value': '32.6'}, {'type': {'value': 141, 'displayName': 'PassEndY'}, 'value': '13.6'}, {'type': {'value': 213, 'displayName': 'Angle'}, 'value': '0.17'}, {'type': {'value': 140, 'displayName': 'PassEndX'}, 'value': '39.5'}, {'type': {'value': 1, 'displayName': 'Longball'}}, {'type': {'value': 178, 'displayName': 'StandingSave'}}, {'type': {'value': 56, 'displayName': 'Zone'}, 'value': 'Back'}]","[91, 118, 120, 128, 36, 37, 216, 218]",True,361822.0,39.5,13.6,,,,,,,,,
2762469653.0,255,45,16.0,165,60.1,88.6,47,"{'value': 2, 'displayName': 'SecondHalf'}","{'value': 44, 'displayName': 'Aerial'}","{'value': 1, 'displayName': 'Successful'}","[{'type': {'value': 286, 'displayName': 'Offensive'}}, {'type': {'value': 56, 'displayName': 'Zone'}, 'value': 'Left'}, {'type': {'value': 233, 'displayName': 'OppositeRelatedEvent'}, 'value': '617'}]","[197, 199]",False,366211.0,,,,,,,,,,,
2762469655.0,617,45,16.0,13,39.9,11.4,47,"{'value': 2, 'displayName': 'SecondHalf'}","{'value': 44, 'displayName': 'Aerial'}","{'value': 0, 'displayName': 'Unsuccessful'}","[{'type': {'value': 56, 'displayName': 'Zone'}, 'value': 'Back'}, {'type': {'value': 285, 'displayName': 'Defensive'}}, {'type': {'value': 233, 'displayName': 'OppositeRelatedEvent'}, 'value': '255'}]","[198, 200]",False,380706.0,,,,,,,,,,,
2762469659.0,256,45,17.0,165,59.4,92.3,47,"{'value': 2, 'displayName': 'SecondHalf'}","{'value': 1, 'displayName': 'Pass'}","{'value': 0, 'displayName': 'Unsuccessful'}","[{'type': {'value': 3, 'displayName': 'HeadPass'}}, {'type': {'value': 141, 'displayName': 'PassEndY'}, 'value': '90.8'}, {'type': {'value': 212, 'displayName': 'Length'}, 'value': '5.2'}, {'type': {'value': 56, 'displayName': 'Zone'}, 'value': 'Left'}, {'type': {'value': 213, 'displayName': 'Angle'}, 'value': '6.09'}, {'type': {'value': 140, 'displayName': 'PassEndX'}, 'value': '64.3'}]","[91, 120, 29, 139, 36, 38, 216, 218]",True,366211.0,64.3,90.8,,,,,,,,,
2762469663.0,618,45,18.0,13,38.2,12.7,47,"{'value': 2, 'displayName': 'SecondHalf'}","{'value': 1, 'displayName': 'Pass'}","{'value': 1, 'displayName': 'Successful'}","[{'type': {'value': 56, 'displayName': 'Zone'}, 'value': 'Back'}, {'type': {'value': 140, 'displayName': 'PassEndX'}, 'value': '48.1'}, {'type': {'value': 213, 'displayName': 'Angle'}, 'value': '0.11'}, {'type': {'value': 3, 'displayName': 'HeadPass'}}, {'type': {'value': 212, 'displayName': 'Length'}, 'value': '10.5'}, {'type': {'value': 141, 'displayName': 'PassEndY'}, 'value': '14.4'}]","[91, 117, 30, 139, 36, 37, 216, 218]",True,247454.0,48.1,14.4,,,,,,,,,
2762469665.0,619,45,19.0,13,48.1,14.4,47,"{'value': 2, 'displayName': 'SecondHalf'}","{'value': 1, 'displayName': 'Pass'}","{'value': 0, 'displayName': 'Unsuccessful'}","[{'type': {'value': 140, 'displayName': 'PassEndX'}, 'value': '55.4'}, {'type': {'value': 213, 'displayName': 'Angle'}, 'value': '5.73'}, {'type': {'value': 212, 'displayName': 'Length'}, 'value': '9.0'}, {'type': {'value': 56, 'displayName': 'Zone'}, 'value': 'Right'}, {'type': {'value': 178, 'displayName': 'StandingSave'}}, {'type': {'value': 141, 'displayName': 'PassEndY'}, 'value': '7.5'}]","[91, 120, 29, 36, 38, 216, 218]",True,279379.0,55.4,7.5,,,,,,,,,
2762469683.0,257,45,21.0,165,45.9,93.5,47,"{'value': 2, 'displayName': 'SecondHalf'}","{'value': 12, 'displayName': 'Clearance'}","{'value': 1, 'displayName': 'Successful'}","[{'type': {'value': 141, 'displayName': 'PassEndY'}, 'value': '96.0'}, {'type': {'value': 178, 'displayName': 'StandingSave'}}, {'type': {'value': 213, 'displayName': 'Angle'}, 'value': '0.17'}, {'type': {'value': 212, 'displayName': 'Length'}, 'value': '9.8'}, {'type': {'value': 140, 'displayName': 'PassEndX'}, 'value': '55.1'}, {'type': {'value': 56, 'displayName': 'Zone'}, 'value': 'Left'}]","[91, 94, 95, 216]",True,381161.0,55.1,96.0,,,,,,,,,
2762469681.0,620,45,23.0,13,45.8,4.9,47,"{'value': 2, 'displayName': 'SecondHalf'}","{'value': 1, 'displayName': 'Pass'}","{'value': 1, 'displayName': 'Successful'}","[{'type': {'value': 178, 'displayName': 'StandingSave'}}, {'type': {'value': 212, 'displayName': 'Length'}, 'value': '12.7'}, {'type': {'value': 56, 'displayName': 'Zone'}, 'value': 'Back'}, {'type': {'value': 141, 'displayName': 'PassEndY'}, 'value': '7.0'}, {'type': {'value': 213, 'displayName': 'Angle'}, 'value': '3.03'}, {'type': {'value': 140, 'displayName': 'PassEndX'}, 'value': '33.8'}]","[91, 117, 30, 35, 37, 216, 218]",True,279379.0,33.8,7.0,,,,,,,,,
2762469685.0,258,45,27.0,165,66.7,94.0,47,"{'value': 2, 'displayName': 'SecondHalf'}","{'value': 45, 'displayName': 'Challenge'}","{'value': 0, 'displayName': 'Unsuccessful'}","[{'type': {'value': 286, 'displayName': 'Offensive'}}, {'type': {'value': 56, 'displayName': 'Zone'}, 'value': 'Left'}, {'type': {'value': 233, 'displayName': 'OppositeRelatedEvent'}, 'value': '621'}]",[55],False,138686.0,,,,,,,,,,,
2762469687.0,621,45,27.0,13,33.3,6.0,47,"{'value': 2, 'displayName': 'SecondHalf'}","{'value': 3, 'displayName': 'TakeOn'}","{'value': 1, 'displayName': 'Successful'}","[{'type': {'value': 178, 'displayName': 'StandingSave'}}, {'type': {'value': 56, 'displayName': 'Zone'}, 'value': 'Back'}, {'type': {'value': 233, 'displayName': 'OppositeRelatedEvent'}, 'value': '258'}, {'type': {'value': 285, 'displayName': 'Defensive'}}]","[91, 54]",True,388650.0,,,,,,,,,,,
2762469689.0,622,45,29.0,13,33.0,9.5,47,"{'value': 2, 'displayName': 'SecondHalf'}","{'value': 61, 'displayName': 'BallTouch'}","{'value': 0, 'displayName': 'Unsuccessful'}","[{'type': {'value': 178, 'displayName': 'StandingSave'}}, {'type': {'value': 56, 'displayName': 'Zone'}, 'value': 'Back'}]","[91, 69]",True,388650.0,,,,,,,,,,,
2762469703.0,260,45,29.0,165,64.6,93.9,47,"{'value': 2, 'displayName': 'SecondHalf'}","{'value': 1, 'displayName': 'Pass'}","{'value': 0, 'displayName': 'Unsuccessful'}","[{'type': {'value': 1, 'displayName': 'Longball'}}, {'type': {'value': 213, 'displayName': 'Angle'}, 'value': '0.00'}, {'type': {'value': 286, 'displayName': 'Offensive'}}, {'type': {'value': 233, 'displayName': 'OppositeRelatedEvent'}, 'value': '623'}, {'type': {'value': 56, 'displayName': 'Zone'}, 'value': 'Left'}, {'type': {'value': 141, 'displayName': 'PassEndY'}, 'value': '93.9'}, {'type': {'value': 140, 'displayName': 'PassEndX'}, 'value': '65.8'}, {'type': {'value': 178, 'displayName': 'StandingSave'}}, {'type': {'value': 212, 'displayName': 'Length'}, 'value': '1.3'}]","[91, 120, 128, 36, 216, 218]",True,138686.0,65.8,93.9,,,,,,,,,
2762469705.0,623,45,30.0,13,33.7,7.0,47,"{'value': 2, 'displayName': 'SecondHalf'}","{'value': 74, 'displayName': 'BlockedPass'}","{'value': 1, 'displayName': 'Successful'}","[{'type': {'value': 178, 'displayName': 'StandingSave'}}, {'type': {'value': 56, 'displayName': 'Zone'}, 'value': 'Back'}, {'type': {'value': 233, 'displayName': 'OppositeRelatedEvent'}, 'value': '260'}, {'type': {'value': 285, 'displayName': 'Defensive'}}]","[91, 60]",True,388650.0,,,,,,,,,,,
2762469735.0,262,45,43.0,165,59.7,100.0,47,"{'value': 2, 'displayName': 'SecondHalf'}","{'value': 1, 'displayName': 'Pass'}","{'value': 1, 'displayName': 'Successful'}","[{'type': {'value': 212, 'displayName': 'Length'}, 'value': '20.0'}, {'type': {'value': 107, 'displayName': 'ThrowIn'}}, {'type': {'value': 140, 'displayName': 'PassEndX'}, 'value': '42.4'}, {'type': {'value': 213, 'displayName': 'Angle'}, 'value': '3.57'}, {'type': {'value': 141, 'displayName': 'PassEndY'}, 'value': '89.6'}, {'type': {'value': 56, 'displayName': 'Zone'}, 'value': 'Back'}]","[91, 212, 35, 38, 216]",True,366211.0,42.4,89.6,,,,,,,,,
2762469739.0,263,45,46.0,165,40.2,89.9,47,"{'value': 2, 'displayName': 'SecondHalf'}","{'value': 1, 'displayName': 'Pass'}","{'value': 1, 'displayName': 'Successful'}","[{'type': {'value': 213, 'displayName': 'Angle'}, 'value': '4.28'}, {'type': {'value': 56, 'displayName': 'Zone'}, 'value': 'Back'}, {'type': {'value': 212, 'displayName': 'Length'}, 'value': '26.6'}, {'type': {'value': 141, 'displayName': 'PassEndY'}, 'value': '54.3'}, {'type': {'value': 178, 'displayName': 'StandingSave'}}, {'type': {'value': 140, 'displayName': 'PassEndX'}, 'value': '29.6'}]","[91, 117, 30, 35, 38, 215, 218]",True,381161.0,29.6,54.3,,,,,,,,,
2762469745.0,264,45,50.0,165,28.8,53.3,47,"{'value': 2, 'displayName': 'SecondHalf'}","{'value': 1, 'displayName': 'Pass'}","{'value': 1, 'displayName': 'Successful'}","[{'type': {'value': 141, 'displayName': 'PassEndY'}, 'value': '48.1'}, {'type': {'value': 178, 'displayName': 'StandingSave'}}, {'type': {'value': 140, 'displayName': 'PassEndX'}, 'value': '12.0'}, {'type': {'value': 56, 'displayName': 'Zone'}, 'value': 'Back'}, {'type': {'value': 213, 'displayName': 'Angle'}, 'value': '3.34'}, {'type': {'value': 212, 'displayName': 'Length'}, 'value': '18.0'}]","[91, 117, 30, 35, 38, 215, 218]",True,356599.0,12.0,48.1,,,,,,,,,
2762469749.0,265,45,54.0,165,9.2,47.8,47,"{'value': 2, 'displayName': 'SecondHalf'}","{'value': 1, 'displayName': 'Pass'}","{'value': 1, 'displayName': 'Successful'}","[{'type': {'value': 213, 'displayName': 'Angle'}, 'value': '0.53'}, {'type': {'value': 56, 'displayName': 'Zone'}, 'value': 'Back'}, {'type': {'value': 141, 'displayName': 'PassEndY'}, 'value': '65.5'}, {'type': {'value': 212, 'displayName': 'Length'}, 'value': '23.9'}, {'type': {'value': 140, 'displayName': 'PassEndX'}, 'value': '28.9'}, {'type': {'value': 178, 'displayName': 'StandingSave'}}]","[91, 117, 30, 36, 37, 215, 218]",True,362426.0,28.9,65.5,,,,,,,,,
2762469751.0,266,45,55.0,165,28.0,66.0,47,"{'value': 2, 'displayName': 'SecondHalf'}","{'value': 1, 'displayName': 'Pass'}","{'value': 0, 'displayName': 'Unsuccessful'}","[{'type': {'value': 156, 'displayName': 'LayOff'}}, {'type': {'value': 213, 'displayName': 'Angle'}, 'value': '2.00'}, {'type': {'value': 141, 'displayName': 'PassEndY'}, 'value': '76.0'}, {'type': {'value': 178, 'displayName': 'StandingSave'}}, {'type': {'value': 56, 'displayName': 'Zone'}, 'value': 'Back'}, {'type': {'value': 140, 'displayName': 'PassEndX'}, 'value': '25.0'}, {'type': {'value': 212, 'displayName': 'Length'}, 'value': '7.5'}]","[91, 118, 120, 29, 35, 37, 215, 218]",True,404108.0,25.0,76.0,,,,,,,,,
2762469761.0,626,45,57.0,13,79.7,20.5,47,"{'value': 2, 'displayName': 'SecondHalf'}","{'value': 49, 'displayName': 'BallRecovery'}","{'value': 1, 'displayName': 'Successful'}",[],[93],False,380706.0,,,,,,,,,,,
2762469767.0,627,45,59.0,13,85.3,25.6,47,"{'value': 2, 'displayName': 'SecondHalf'}","{'value': 1, 'displayName': 'Pass'}","{'value': 0, 'displayName': 'Unsuccessful'}","[{'type': {'value': 2, 'displayName': 'Cross'}}, {'type': {'value': 140, 'displayName': 'PassEndX'}, 'value': '87.8'}, {'type': {'value': 213, 'displayName': 'Angle'}, 'value': '1.42'}, {'type': {'value': 212, 'displayName': 'Length'}, 'value': '17.5'}, {'type': {'value': 155, 'displayName': 'Chipped'}}, {'type': {'value': 178, 'displayName': 'StandingSave'}}, {'type': {'value': 141, 'displayName': 'PassEndY'}, 'value': '51.1'}, {'type': {'value': 56, 'displayName': 'Zone'}, 'value': 'Center'}, {'type': {'value': 20, 'displayName': 'RightFoot'}}]","[91, 137, 124, 126, 36, 37, 217, 218]",True,380706.0,87.8,51.1,,,,,,,,,
2762469823.0,267,46,0.0,165,9.9,44.3,48,"{'value': 2, 'displayName': 'SecondHalf'}","{'value': 12, 'displayName': 'Clearance'}","{'value': 1, 'displayName': 'Successful'}","[{'type': {'value': 178, 'displayName': 'StandingSave'}}, {'type': {'value': 141, 'displayName': 'PassEndY'}, 'value': '52.5'}, {'type': {'value': 213, 'displayName': 'Angle'}, 'value': '0.19'}, {'type': {'value': 140, 'displayName': 'PassEndX'}, 'value': '36.8'}, {'type': {'value': 56, 'displayName': 'Zone'}, 'value': 'Back'}, {'type': {'value': 212, 'displayName': 'Length'}, 'value': '28.8'}]","[91, 94, 95, 216]",True,362826.0,36.8,52.5,,,,,,,,,
2762469793.0,628,46,4.0,13,62.7,43.8,48,"{'value': 2, 'displayName': 'SecondHalf'}","{'value': 1, 'displayName': 'Pass'}","{'value': 1, 'displayName': 'Successful'}","[{'type': {'value': 3, 'displayName': 'HeadPass'}}, {'type': {'value': 56, 'displayName': 'Zone'}, 'value': 'Center'}, {'type': {'value': 140, 'displayName': 'PassEndX'}, 'value': '62.7'}, {'type': {'value': 178, 'displayName': 'StandingSave'}}, {'type': {'value': 213, 'displayName': 'Angle'}, 'value': '4.71'}, {'type': {'value': 141, 'displayName': 'PassEndY'}, 'value': '35.5'}, {'type': {'value': 212, 'displayName': 'Length'}, 'value': '5.6'}]","[91, 119, 117, 30, 139, 38, 216, 218]",True,361822.0,62.7,35.5,,,,,,,,,
2762469809.0,629,46,6.0,13,62.1,34.9,48,"{'value': 2, 'displayName': 'SecondHalf'}","{'value': 1, 'displayName': 'Pass'}","{'value': 1, 'displayName': 'Successful'}","[{'type': {'value': 212, 'displayName': 'Length'}, 'value': '20.6'}, {'type': {'value': 141, 'displayName': 'PassEndY'}, 'value': '20.5'}, {'type': {'value': 56, 'displayName': 'Zone'}, 'value': 'Back'}, {'type': {'value': 178, 'displayName': 'StandingSave'}}, {'type': {'value': 213, 'displayName': 'Angle'}, 'value': '3.64'}, {'type': {'value': 140, 'displayName': 'PassEndX'}, 'value': '44.8'}]","[91, 117, 30, 35, 38, 216, 218]",True,332325.0,44.8,20.5,,,,,,,,,
2762469819.0,630,46,10.0,13,44.4,21.6,48,"{'value': 2, 'displayName': 'SecondHalf'}","{'value': 1, 'displayName': 'Pass'}","{'value': 1, 'displayName': 'Successful'}","[{'type': {'value': 56, 'displayName': 'Zone'}, 'value': 'Right'}, {'type': {'value': 212, 'displayName': 'Length'}, 'value': '16.2'}, {'type': {'value': 141, 'displayName': 'PassEndY'}, 'value': '11.6'}, {'type': {'value': 213, 'displayName': 'Angle'}, 'value': '5.85'}, {'type': {'value': 140, 'displayName': 'PassEndX'}, 'value': '58.4'}, {'type': {'value': 178, 'displayName': 'StandingSave'}}]","[91, 119, 117, 30, 36, 38, 216, 218]",True,388650.0,58.4,11.6,,,,,,,,,
2762469821.0,631,46,12.0,13,57.4,8.0,48,"{'value': 2, 'displayName': 'SecondHalf'}","{'value': 1, 'displayName': 'Pass'}","{'value': 0, 'displayName': 'Unsuccessful'}","[{'type': {'value': 286, 'displayName': 'Offensive'}}, {'type': {'value': 56, 'displayName': 'Zone'}, 'value': 'Right'}, {'type': {'value': 213, 'displayName': 'Angle'}, 'value': '6.25'}, {'type': {'value': 178, 'displayName': 'StandingSave'}}, {'type': {'value': 233, 'displayName': 'OppositeRelatedEvent'}, 'value': '268'}, {'type': {'value': 212, 'displayName': 'Length'}, 'value': '4.0'}, {'type': {'value': 140, 'displayName': 'PassEndX'}, 'value': '61.2'}, {'type': {'value': 141, 'displayName': 'PassEndY'}, 'value': '7.8'}]","[91, 120, 29, 36, 38, 216, 218]",True,247454.0,61.2,7.8,,,,,,,,,
2762469827.0,268,46,12.0,165,41.7,93.5,48,"{'value': 2, 'displayName': 'SecondHalf'}","{'value': 74, 'displayName': 'BlockedPass'}","{'value': 1, 'displayName': 'Successful'}","[{'type': {'value': 285, 'displayName': 'Defensive'}}, {'type': {'value': 56, 'displayName': 'Zone'}, 'value': 'Back'}, {'type': {'value': 233, 'displayName': 'OppositeRelatedEvent'}, 'value': '631'}, {'type': {'value': 178, 'displayName': 'StandingSave'}}]","[91, 60]",True,366211.0,,,,,,,,,,,
2762469837.0,632,46,13.0,13,56.9,8.9,48,"{'value': 2, 'displayName': 'SecondHalf'}","{'value': 61, 'displayName': 'BallTouch'}","{'value': 1, 'displayName': 'Successful'}","[{'type': {'value': 56, 'displayName': 'Zone'}, 'value': 'Right'}]",[91],True,247454.0,,,,,,,,,,,
2762469839.0,269,46,15.0,165,43.4,94.1,48,"{'value': 2, 'displayName': 'SecondHalf'}","{'value': 49, 'displayName': 'BallRecovery'}","{'value': 1, 'displayName': 'Successful'}",[],[93],False,366211.0,,,,,,,,,,,
2762469875.0,270,46,16.0,165,56.3,94.8,48,"{'value': 2, 'displayName': 'SecondHalf'}","{'value': 1, 'displayName': 'Pass'}","{'value': 1, 'displayName': 'Successful'}","[{'type': {'value': 140, 'displayName': 'PassEndX'}, 'value': '52.7'}, {'type': {'value': 141, 'displayName': 'PassEndY'}, 'value': '76.3'}, {'type': {'value': 178, 'displayName': 'StandingSave'}}, {'type': {'value': 212, 'displayName': 'Length'}, 'value': '13.1'}, {'type': {'value': 213, 'displayName': 'Angle'}, 'value': '4.42'}, {'type': {'value': 56, 'displayName': 'Zone'}, 'value': 'Center'}]","[91, 119, 117, 30, 35, 38, 216, 218]",True,366211.0,52.7,76.3,,,,,,,,,
2762469881.0,271,46,23.0,165,40.4,65.7,48,"{'value': 2, 'displayName': 'SecondHalf'}","{'value': 1, 'displayName': 'Pass'}","{'value': 1, 'displayName': 'Successful'}","[{'type': {'value': 178, 'displayName': 'StandingSave'}}, {'type': {'value': 213, 'displayName': 'Angle'}, 'value': '4.48'}, {'type': {'value': 141, 'displayName': 'PassEndY'}, 'value': '23.1'}, {'type': {'value': 140, 'displayName': 'PassEndX'}, 'value': '33.8'}, {'type': {'value': 56, 'displayName': 'Zone'}, 'value': 'Back'}, {'type': {'value': 212, 'displayName': 'Length'}, 'value': '29.8'}]","[91, 117, 30, 35, 38, 216, 218]",True,404108.0,33.8,23.1,,,,,,,,,
2762469899.0,272,46,29.0,165,34.8,26.8,48,"{'value': 2, 'displayName': 'SecondHalf'}","{'value': 1, 'displayName': 'Pass'}","{'value': 1, 'displayName': 'Successful'}","[{'type': {'value': 56, 'displayName': 'Zone'}, 'value': 'Back'}, {'type': {'value': 140, 'displayName': 'PassEndX'}, 'value': '30.3'}, {'type': {'value': 213, 'displayName': 'Angle'}, 'value': '1.78'}, {'type': {'value': 212, 'displayName': 'Length'}, 'value': '23.3'}, {'type': {'value': 141, 'displayName': 'PassEndY'}, 'value': '60.3'}, {'type': {'value': 178, 'displayName': 'StandingSave'}}]","[91, 117, 30, 35, 37, 215, 218]",True,362826.0,30.3,60.3,,,,,,,,,
2762469923.0,273,46,32.0,165,33.8,66.1,48,"{'value': 2, 'displayName': 'SecondHalf'}","{'value': 1, 'displayName': 'Pass'}","{'value': 1, 'displayName': 'Successful'}","[{'type': {'value': 141, 'displayName': 'PassEndY'}, 'value': '89.6'}, {'type': {'value': 212, 'displayName': 'Length'}, 'value': '16.5'}, {'type': {'value': 213, 'displayName': 'Angle'}, 'value': '1.83'}, {'type': {'value': 140, 'displayName': 'PassEndX'}, 'value': '29.7'}, {'type': {'value': 178, 'displayName': 'StandingSave'}}, {'type': {'value': 56, 'displayName': 'Zone'}, 'value': 'Back'}]","[91, 117, 30, 35, 37, 215, 218]",True,356599.0,29.7,89.6,,,,,,,,,
2762469927.0,274,46,36.0,165,29.4,88.7,48,"{'value': 2, 'displayName': 'SecondHalf'}","{'value': 1, 'displayName': 'Pass'}","{'value': 1, 'displayName': 'Successful'}","[{'type': {'value': 178, 'displayName': 'StandingSave'}}, {'type': {'value': 212, 'displayName': 'Length'}, 'value': '12.0'}, {'type': {'value': 141, 'displayName': 'PassEndY'}, 'value': '71.5'}, {'type': {'value': 140, 'displayName': 'PassEndX'}, 'value': '31.8'}, {'type': {'value': 56, 'displayName': 'Zone'}, 'value': 'Back'}, {'type': {'value': 213, 'displayName': 'Angle'}, 'value': '4.92'}]","[91, 117, 30, 36, 38, 215, 218]",True,381161.0,31.8,71.5,,,,,,,,,
2762469949.0,275,46,37.0,165,31.8,71.5,48,"{'value': 2, 'displayName': 'SecondHalf'}","{'value': 1, 'displayName': 'Pass'}","{'value': 1, 'displayName': 'Successful'}","[{'type': {'value': 140, 'displayName': 'PassEndX'}, 'value': '7.6'}, {'type': {'value': 212, 'displayName': 'Length'}, 'value': '25.5'}, {'type': {'value': 141, 'displayName': 'PassEndY'}, 'value': '67.9'}, {'type': {'value': 56, 'displayName': 'Zone'}, 'value': 'Back'}, {'type': {'value': 213, 'displayName': 'Angle'}, 'value': '3.24'}, {'type': {'value': 178, 'displayName': 'StandingSave'}}]","[91, 117, 30, 35, 38, 215, 218]",True,270446.0,7.6,67.9,,,,,,,,,
2762469961.0,276,46,45.0,165,3.9,58.1,48,"{'value': 2, 'displayName': 'SecondHalf'}","{'value': 1, 'displayName': 'Pass'}","{'value': 1, 'displayName': 'Successful'}","[{'type': {'value': 140, 'displayName': 'PassEndX'}, 'value': '29.6'}, {'type': {'value': 212, 'displayName': 'Length'}, 'value': '28.5'}, {'type': {'value': 213, 'displayName': 'Angle'}, 'value': '0.33'}, {'type': {'value': 56, 'displayName': 'Zone'}, 'value': 'Back'}, {'type': {'value': 178, 'displayName': 'StandingSave'}}, {'type': {'value': 141, 'displayName': 'PassEndY'}, 'value': '71.5'}]","[91, 117, 30, 36, 37, 215, 218]",True,362426.0,29.6,71.5,,,,,,,,,
2762469963.0,277,46,47.0,165,29.6,71.5,48,"{'value': 2, 'displayName': 'SecondHalf'}","{'value': 1, 'displayName': 'Pass'}","{'value': 1, 'displayName': 'Successful'}","[{'type': {'value': 56, 'displayName': 'Zone'}, 'value': 'Back'}, {'type': {'value': 140, 'displayName': 'PassEndX'}, 'value': '20.8'}, {'type': {'value': 213, 'displayName': 'Angle'}, 'value': '2.10'}, {'type': {'value': 178, 'displayName': 'StandingSave'}}, {'type': {'value': 212, 'displayName': 'Length'}, 'value': '18.2'}, {'type': {'value': 156, 'displayName': 'LayOff'}}, {'type': {'value': 141, 'displayName': 'PassEndY'}, 'value': '94.5'}]","[91, 117, 30, 35, 37, 215, 218]",True,404108.0,20.8,94.5,,,,,,,,,
2762469973.0,278,46,49.0,165,20.8,94.5,48,"{'value': 2, 'displayName': 'SecondHalf'}","{'value': 1, 'displayName': 'Pass'}","{'value': 1, 'displayName': 'Successful'}","[{'type': {'value': 213, 'displayName': 'Angle'}, 'value': '3.77'}, {'type': {'value': 140, 'displayName': 'PassEndX'}, 'value': '10.1'}, {'type': {'value': 141, 'displayName': 'PassEndY'}, 'value': '82.4'}, {'type': {'value': 212, 'displayName': 'Length'}, 'value': '13.9'}, {'type': {'value': 56, 'displayName': 'Zone'}, 'value': 'Back'}, {'type': {'value': 178, 'displayName': 'StandingSave'}}]","[91, 117, 30, 35, 38, 215, 218]",True,366211.0,10.1,82.4,,,,,,,,,
2762469975.0,279,46,51.0,165,10.9,83.3,48,"{'value': 2, 'displayName': 'SecondHalf'}","{'value': 1, 'displayName': 'Pass'}","{'value': 0, 'displayName': 'Unsuccessful'}","[{'type': {'value': 141, 'displayName': 'PassEndY'}, 'value': '75.9'}, {'type': {'value': 1, 'displayName': 'Longball'}}, {'type': {'value': 213, 'displayName': 'Angle'}, 'value': '6.14'}, {'type': {'value': 56, 'displayName': 'Zone'}, 'value': 'Back'}, {'type': {'value': 212, 'displayName': 'Length'}, 'value': '34.4'}, {'type': {'value': 140, 'displayName': 'PassEndX'}, 'value': '43.3'}, {'type': {'value': 178, 'displayName': 'StandingSave'}}]","[91, 118, 120, 128, 36, 38, 216, 218]",True,381161.0,43.3,75.9,,,,,,,,,
2762469983.0,634,46,53.0,13,58.4,21.9,48,"{'value': 2, 'displayName': 'SecondHalf'}","{'value': 8, 'displayName': 'Interception'}","{'value': 1, 'displayName': 'Successful'}","[{'type': {'value': 178, 'displayName': 'StandingSave'}}, {'type': {'value': 56, 'displayName': 'Zone'}, 'value': 'Center'}]","[91, 101, 56]",True,361822.0,,,,,,,,,,,
2762469989.0,635,46,55.0,13,63.5,23.3,48,"{'value': 2, 'displayName': 'SecondHalf'}","{'value': 49, 'displayName': 'BallRecovery'}","{'value': 1, 'displayName': 'Successful'}",[],[93],False,332325.0,,,,,,,,,,,
2762469991.0,636,46,55.0,13,63.5,23.3,48,"{'value': 2, 'displayName': 'SecondHalf'}","{'value': 1, 'displayName': 'Pass'}","{'value': 1, 'displayName': 'Successful'}","[{'type': {'value': 141, 'displayName': 'PassEndY'}, 'value': '30.3'}, {'type': {'value': 212, 'displayName': 'Length'}, 'value': '5.2'}, {'type': {'value': 178, 'displayName': 'StandingSave'}}, {'type': {'value': 140, 'displayName': 'PassEndX'}, 'value': '61.4'}, {'type': {'value': 213, 'displayName': 'Angle'}, 'value': '2.00'}, {'type': {'value': 56, 'displayName': 'Zone'}, 'value': 'Center'}]","[91, 119, 117, 30, 35, 37, 216, 218]",True,332325.0,61.4,30.3,,,,,,,,,
2762469995.0,637,46,57.0,13,61.4,30.3,48,"{'value': 2, 'displayName': 'SecondHalf'}","{'value': 1, 'displayName': 'Pass'}","{'value': 1, 'displayName': 'Successful'}","[{'type': {'value': 56, 'displayName': 'Zone'}, 'value': 'Center'}, {'type': {'value': 178, 'displayName': 'StandingSave'}}, {'type': {'value': 212, 'displayName': 'Length'}, 'value': '5.2'}, {'type': {'value': 213, 'displayName': 'Angle'}, 'value': '3.61'}, {'type': {'value': 140, 'displayName': 'PassEndX'}, 'value': '57.0'}, {'type': {'value': 141, 'displayName': 'PassEndY'}, 'value': '26.9'}]","[91, 119, 117, 30, 35, 38, 216, 218]",True,326413.0,57.0,26.9,,,,,,,,,
2762470001.0,638,46,57.0,13,56.9,27.1,48,"{'value': 2, 'displayName': 'SecondHalf'}","{'value': 1, 'displayName': 'Pass'}","{'value': 1, 'displayName': 'Successful'}","[{'type': {'value': 178, 'displayName': 'StandingSave'}}, {'type': {'value': 141, 'displayName': 'PassEndY'}, 'value': '48.4'}, {'type': {'value': 56, 'displayName': 'Zone'}, 'value': 'Back'}, {'type': {'value': 212, 'displayName': 'Length'}, 'value': '18.2'}, {'type': {'value': 213, 'displayName': 'Angle'}, 'value': '2.22'}, {'type': {'value': 140, 'displayName': 'PassEndX'}, 'value': '46.4'}]","[91, 117, 30, 35, 37, 216, 218]",True,332325.0,46.4,48.4,,,,,,,,,
2762470007.0,639,47,2.0,13,48.3,44.9,49,"{'value': 2, 'displayName': 'SecondHalf'}","{'value': 1, 'displayName': 'Pass'}","{'value': 1, 'displayName': 'Successful'}","[{'type': {'value': 212, 'displayName': 'Length'}, 'value': '13.4'}, {'type': {'value': 56, 'displayName': 'Zone'}, 'value': 'Center'}, {'type': {'value': 213, 'displayName': 'Angle'}, 'value': '4.93'}, {'type': {'value': 178, 'displayName': 'StandingSave'}}, {'type': {'value': 141, 'displayName': 'PassEndY'}, 'value': '25.7'}, {'type': {'value': 140, 'displayName': 'PassEndX'}, 'value': '51.1'}]","[91, 119, 117, 30, 36, 38, 216, 218]",True,334087.0,51.1,25.7,,,,,,,,,
2762470011.0,640,47,5.0,13,53.9,24.5,49,"{'value': 2, 'displayName': 'SecondHalf'}","{'value': 1, 'displayName': 'Pass'}","{'value': 1, 'displayName': 'Successful'}","[{'type': {'value': 56, 'displayName': 'Zone'}, 'value': 'Right'}, {'type': {'value': 140, 'displayName': 'PassEndX'}, 'value': '62.3'}, {'type': {'value': 178, 'displayName': 'StandingSave'}}, {'type': {'value': 213, 'displayName': 'Angle'}, 'value': '5.32'}, {'type': {'value': 141, 'displayName': 'PassEndY'}, 'value': '6.0'}, {'type': {'value': 212, 'displayName': 'Length'}, 'value': '15.4'}]","[91, 119, 117, 30, 36, 38, 216, 218]",True,332325.0,62.3,6.0,,,,,,,,,
2762470021.0,641,47,6.0,13,62.6,6.3,49,"{'value': 2, 'displayName': 'SecondHalf'}","{'value': 1, 'displayName': 'Pass'}","{'value': 1, 'displayName': 'Successful'}","[{'type': {'value': 140, 'displayName': 'PassEndX'}, 'value': '41.9'}, {'type': {'value': 178, 'displayName': 'StandingSave'}}, {'type': {'value': 213, 'displayName': 'Angle'}, 'value': '2.67'}, {'type': {'value': 56, 'displayName': 'Zone'}, 'value': 'Back'}, {'type': {'value': 212, 'displayName': 'Length'}, 'value': '24.4'}, {'type': {'value': 141, 'displayName': 'PassEndY'}, 'value': '22.7'}]","[91, 117, 30, 35, 37, 216, 218]",True,247454.0,41.9,22.7,,,,,,,,,
2762470037.0,642,47,9.0,13,41.5,23.7,49,"{'value': 2, 'displayName': 'SecondHalf'}","{'value': 1, 'displayName': 'Pass'}","{'value': 1, 'displayName': 'Successful'}","[{'type': {'value': 212, 'displayName': 'Length'}, 'value': '9.3'}, {'type': {'value': 213, 'displayName': 'Angle'}, 'value': '1.76'}, {'type': {'value': 56, 'displayName': 'Zone'}, 'value': 'Back'}, {'type': {'value': 140, 'displayName': 'PassEndX'}, 'value': '39.8'}, {'type': {'value': 178, 'displayName': 'StandingSave'}}, {'type': {'value': 141, 'displayName': 'PassEndY'}, 'value': '37.1'}]","[91, 117, 30, 35, 37, 216, 218]",True,388650.0,39.8,37.1,,,,,,,,,
2762470055.0,643,47,12.0,13,39.3,32.9,49,"{'value': 2, 'displayName': 'SecondHalf'}","{'value': 1, 'displayName': 'Pass'}","{'value': 1, 'displayName': 'Successful'}","[{'type': {'value': 56, 'displayName': 'Zone'}, 'value': 'Right'}, {'type': {'value': 178, 'displayName': 'StandingSave'}}, {'type': {'value': 213, 'displayName': 'Angle'}, 'value': '5.41'}, {'type': {'value': 210, 'displayName': 'ShotAssist'}, 'value': '15'}, {'type': {'value': 140, 'displayName': 'PassEndX'}, 'value': '55.0'}, {'type': {'value': 141, 'displayName': 'PassEndY'}, 'value': '4.0'}, {'type': {'value': 212, 'displayName': 'Length'}, 'value': '25.7'}, {'type': {'value': 11113, 'displayName': 'KeyPass'}}]","[91, 119, 117, 30, 123, 40, 46, 36, 38, 216, 218]",True,361822.0,55.0,4.0,,,,,,,,,
2762470059.0,644,47,20.0,13,85.9,36.2,49,"{'value': 2, 'displayName': 'SecondHalf'}","{'value': 15, 'displayName': 'SavedShot'}","{'value': 1, 'displayName': 'Successful'}","[{'type': {'value': 215, 'displayName': 'IndividualPlay'}}, {'type': {'value': 29, 'displayName': 'Assisted'}}, {'type': {'value': 72, 'displayName': 'LeftFoot'}}, {'type': {'value': 22, 'displayName': 'RegularPlay'}}, {'type': {'value': 82, 'displayName': 'Blocked'}}, {'type': {'value': 147, 'displayName': 'BlockedY'}, 'value': '39.3'}, {'type': {'value': 63, 'displayName': 'BoxRight'}}, {'type': {'value': 102, 'displayName': 'GoalMouthY'}, 'value': '51.0'}, {'type': {'value': 103, 'displayName': 'GoalMouthZ'}, 'value': '19'}, {'type': {'value': 78, 'displayName': 'LowCentre'}}, {'type': {'value': 56, 'displayName': 'Zone'}, 'value': 'Center'}, {'type': {'value': 55, 'displayName': 'RelatedEventId'}, 'value': '643'}, {'type': {'value': 233, 'displayName': 'OppositeRelatedEvent'}, 'value': '280'}, {'type': {'value': 146, 'displayName': 'BlockedX'}, 'value': '88.9'}, {'type': {'value': 178, 'displayName': 'StandingSave'}}]","[91, 10, 1, 3, 11, 13]",True,247454.0,,,643.0,361822.0,88.9,39.3,19.0,51.0,True,,
2762470057.0,280,47,20.0,165,10.3,60.3,49,"{'value': 2, 'displayName': 'SecondHalf'}","{'value': 10, 'displayName': 'Save'}","{'value': 1, 'displayName': 'Successful'}","[{'type': {'value': 233, 'displayName': 'OppositeRelatedEvent'}, 'value': '644'}, {'type': {'value': 56, 'displayName': 'Zone'}, 'value': 'Back'}, {'type': {'value': 178, 'displayName': 'StandingSave'}}, {'type': {'value': 94, 'displayName': 'OutfielderBlock'}}]","[91, 58]",True,381161.0,,,,,,,,,,,
2762470063.0,281,47,21.0,165,12.2,57.3,49,"{'value': 2, 'displayName': 'SecondHalf'}","{'value': 1, 'displayName': 'Pass'}","{'value': 1, 'displayName': 'Successful'}","[{'type': {'value': 178, 'displayName': 'StandingSave'}}, {'type': {'value': 141, 'displayName': 'PassEndY'}, 'value': '66.9'}, {'type': {'value': 212, 'displayName': 'Length'}, 'value': '6.5'}, {'type': {'value': 56, 'displayName': 'Zone'}, 'value': 'Back'}, {'type': {'value': 213, 'displayName': 'Angle'}, 'value': '1.57'}, {'type': {'value': 140, 'displayName': 'PassEndX'}, 'value': '12.2'}]","[91, 117, 30, 37, 215, 218]",True,356599.0,12.2,66.9,,,,,,,,,
2762470067.0,282,47,22.0,165,12.2,67.5,49,"{'value': 2, 'displayName': 'SecondHalf'}","{'value': 61, 'displayName': 'BallTouch'}","{'value': 1, 'displayName': 'Successful'}","[{'type': {'value': 178, 'displayName': 'StandingSave'}}, {'type': {'value': 56, 'displayName': 'Zone'}, 'value': 'Back'}]",[91],True,366211.0,,,,,,,,,,,
2762470073.0,283,47,23.0,165,12.6,69.6,49,"{'value': 2, 'displayName': 'SecondHalf'}","{'value': 49, 'displayName': 'BallRecovery'}","{'value': 1, 'displayName': 'Successful'}",[],[93],False,404108.0,,,,,,,,,,,
2762470089.0,284,47,25.0,165,13.5,75.4,49,"{'value': 2, 'displayName': 'SecondHalf'}","{'value': 1, 'displayName': 'Pass'}","{'value': 1, 'displayName': 'Successful'}","[{'type': {'value': 141, 'displayName': 'PassEndY'}, 'value': '96.0'}, {'type': {'value': 212, 'displayName': 'Length'}, 'value': '15.8'}, {'type': {'value': 178, 'displayName': 'StandingSave'}}, {'type': {'value': 140, 'displayName': 'PassEndX'}, 'value': '20.5'}, {'type': {'value': 213, 'displayName': 'Angle'}, 'value': '1.09'}, {'type': {'value': 56, 'displayName': 'Zone'}, 'value': 'Back'}]","[91, 117, 30, 36, 37, 215, 218]",True,404108.0,20.5,96.0,,,,,,,,,
2762470097.0,285,47,27.0,165,20.3,96.2,49,"{'value': 2, 'displayName': 'SecondHalf'}","{'value': 1, 'displayName': 'Pass'}","{'value': 1, 'displayName': 'Successful'}","[{'type': {'value': 56, 'displayName': 'Zone'}, 'value': 'Back'}, {'type': {'value': 178, 'displayName': 'StandingSave'}}, {'type': {'value': 140, 'displayName': 'PassEndX'}, 'value': '37.7'}, {'type': {'value': 213, 'displayName': 'Angle'}, 'value': '6.17'}, {'type': {'value': 212, 'displayName': 'Length'}, 'value': '18.4'}, {'type': {'value': 141, 'displayName': 'PassEndY'}, 'value': '93.2'}]","[91, 117, 30, 36, 38, 216, 218]",True,138686.0,37.7,93.2,,,,,,,,,
2762470099.0,286,47,30.0,165,37.8,94.8,49,"{'value': 2, 'displayName': 'SecondHalf'}","{'value': 4, 'displayName': 'Foul'}","{'value': 1, 'displayName': 'Successful'}","[{'type': {'value': 286, 'displayName': 'Offensive'}}, {'type': {'value': 13, 'displayName': 'Foul'}}, {'type': {'value': 56, 'displayName': 'Zone'}, 'value': 'Back'}, {'type': {'value': 233, 'displayName': 'OppositeRelatedEvent'}, 'value': '645'}]","[91, 63]",True,401254.0,,,,,,,,,,,
2762470101.0,645,47,30.0,13,62.2,5.2,49,"{'value': 2, 'displayName': 'SecondHalf'}","{'value': 4, 'displayName': 'Foul'}","{'value': 0, 'displayName': 'Unsuccessful'}","[{'type': {'value': 56, 'displayName': 'Zone'}, 'value': 'Right'}, {'type': {'value': 13, 'displayName': 'Foul'}}, {'type': {'value': 233, 'displayName': 'OppositeRelatedEvent'}, 'value': '286'}, {'type': {'value': 285, 'displayName': 'Defensive'}}, {'type': {'value': 178, 'displayName': 'StandingSave'}}]",[64],False,361822.0,,,,,,,,,,,
2762481209.0,11287,48,,165,81.2,84.7,50,"{'value': 2, 'displayName': 'SecondHalf'}","{'value': 10000, 'displayName': 'OffsideGiven'}","{'value': 0, 'displayName': 'Unsuccessful'}",[],[61],False,401254.0,,,,,,,,,,,
2762470209.0,287,48,4.0,165,38.1,93.9,50,"{'value': 2, 'displayName': 'SecondHalf'}","{'value': 2, 'displayName': 'OffsidePass'}","{'value': 1, 'displayName': 'Successful'}","[{'type': {'value': 7, 'displayName': 'PlayerCaughtOffside'}, 'value': '401254'}, {'type': {'value': 178, 'displayName': 'StandingSave'}}, {'type': {'value': 56, 'displayName': 'Zone'}, 'value': 'Left'}, {'type': {'value': 140, 'displayName': 'PassEndX'}, 'value': '81.2'}, {'type': {'value': 1, 'displayName': 'Longball'}}, {'type': {'value': 5, 'displayName': 'FreekickTaken'}}, {'type': {'value': 141, 'displayName': 'PassEndY'}, 'value': '84.7'}]","[91, 217]",True,362426.0,81.2,84.7,,,,,,,,,
2762470199.0,646,48,4.0,13,29.7,19.3,50,"{'value': 2, 'displayName': 'SecondHalf'}","{'value': 55, 'displayName': 'OffsideProvoked'}","{'value': 1, 'displayName': 'Successful'}",[],[62],False,361822.0,,,,,,,,,,,
2762470237.0,647,48,21.0,13,22.9,26.5,50,"{'value': 2, 'displayName': 'SecondHalf'}","{'value': 1, 'displayName': 'Pass'}","{'value': 1, 'displayName': 'Successful'}","[{'type': {'value': 178, 'displayName': 'StandingSave'}}, {'type': {'value': 140, 'displayName': 'PassEndX'}, 'value': '13.6'}, {'type': {'value': 56, 'displayName': 'Zone'}, 'value': 'Back'}, {'type': {'value': 213, 'displayName': 'Angle'}, 'value': '2.14'}, {'type': {'value': 212, 'displayName': 'Length'}, 'value': '18.1'}, {'type': {'value': 141, 'displayName': 'PassEndY'}, 'value': '48.9'}, {'type': {'value': 5, 'displayName': 'FreekickTaken'}}, {'type': {'value': 241, 'displayName': 'IndirectFreekickTaken'}}]","[91, 117, 30, 132, 35, 37, 215, 218]",True,361822.0,13.6,48.9,,,,,,,,,
2762470239.0,648,48,24.0,13,13.6,48.9,50,"{'value': 2, 'displayName': 'SecondHalf'}","{'value': 1, 'displayName': 'Pass'}","{'value': 1, 'displayName': 'Successful'}","[{'type': {'value': 56, 'displayName': 'Zone'}, 'value': 'Back'}, {'type': {'value': 213, 'displayName': 'Angle'}, 'value': '4.80'}, {'type': {'value': 140, 'displayName': 'PassEndX'}, 'value': '14.9'}, {'type': {'value': 141, 'displayName': 'PassEndY'}, 'value': '26.2'}, {'type': {'value': 178, 'displayName': 'StandingSave'}}, {'type': {'value': 212, 'displayName': 'Length'}, 'value': '15.5'}]","[91, 117, 30, 36, 38, 215, 218]",True,276366.0,14.9,26.2,,,,,,,,,
2762470245.0,649,48,27.0,13,15.1,24.8,50,"{'value': 2, 'displayName': 'SecondHalf'}","{'value': 1, 'displayName': 'Pass'}","{'value': 1, 'displayName': 'Successful'}","[{'type': {'value': 178, 'displayName': 'StandingSave'}}, {'type': {'value': 140, 'displayName': 'PassEndX'}, 'value': '19.1'}, {'type': {'value': 56, 'displayName': 'Zone'}, 'value': 'Back'}, {'type': {'value': 213, 'displayName': 'Angle'}, 'value': '5.01'}, {'type': {'value': 212, 'displayName': 'Length'}, 'value': '14.4'}, {'type': {'value': 141, 'displayName': 'PassEndY'}, 'value': '4.6'}]","[91, 117, 30, 36, 38, 215, 218]",True,361822.0,19.1,4.6,,,,,,,,,
2762470251.0,650,48,29.0,13,15.8,8.6,50,"{'value': 2, 'displayName': 'SecondHalf'}","{'value': 1, 'displayName': 'Pass'}","{'value': 1, 'displayName': 'Successful'}","[{'type': {'value': 213, 'displayName': 'Angle'}, 'value': '2.21'}, {'type': {'value': 140, 'displayName': 'PassEndX'}, 'value': '4.2'}, {'type': {'value': 141, 'displayName': 'PassEndY'}, 'value': '32.5'}, {'type': {'value': 212, 'displayName': 'Length'}, 'value': '20.3'}, {'type': {'value': 56, 'displayName': 'Zone'}, 'value': 'Back'}, {'type': {'value': 178, 'displayName': 'StandingSave'}}]","[91, 117, 30, 35, 37, 215, 218]",True,388650.0,4.2,32.5,,,,,,,,,
2762470257.0,651,48,31.0,13,4.2,32.5,50,"{'value': 2, 'displayName': 'SecondHalf'}","{'value': 1, 'displayName': 'Pass'}","{'value': 1, 'displayName': 'Successful'}","[{'type': {'value': 141, 'displayName': 'PassEndY'}, 'value': '17.8'}, {'type': {'value': 1, 'displayName': 'Longball'}}, {'type': {'value': 213, 'displayName': 'Angle'}, 'value': '6.02'}, {'type': {'value': 178, 'displayName': 'StandingSave'}}, {'type': {'value': 212, 'displayName': 'Length'}, 'value': '38.7'}, {'type': {'value': 140, 'displayName': 'PassEndX'}, 'value': '39.8'}, {'type': {'value': 56, 'displayName': 'Zone'}, 'value': 'Back'}]","[91, 117, 127, 36, 38, 216, 218]",True,276366.0,39.8,17.8,,,,,,,,,
2762470261.0,652,48,34.0,13,36.6,14.1,50,"{'value': 2, 'displayName': 'SecondHalf'}","{'value': 1, 'displayName': 'Pass'}","{'value': 1, 'displayName': 'Successful'}","[{'type': {'value': 140, 'displayName': 'PassEndX'}, 'value': '34.7'}, {'type': {'value': 212, 'displayName': 'Length'}, 'value': '5.5'}, {'type': {'value': 141, 'displayName': 'PassEndY'}, 'value': '21.7'}, {'type': {'value': 213, 'displayName': 'Angle'}, 'value': '1.94'}, {'type': {'value': 56, 'displayName': 'Zone'}, 'value': 'Back'}, {'type': {'value': 178, 'displayName': 'StandingSave'}}]","[91, 117, 30, 35, 37, 216, 218]",True,279379.0,34.7,21.7,,,,,,,,,
2762470269.0,653,48,36.0,13,38.2,23.6,50,"{'value': 2, 'displayName': 'SecondHalf'}","{'value': 1, 'displayName': 'Pass'}","{'value': 1, 'displayName': 'Successful'}","[{'type': {'value': 141, 'displayName': 'PassEndY'}, 'value': '28.9'}, {'type': {'value': 212, 'displayName': 'Length'}, 'value': '17.9'}, {'type': {'value': 213, 'displayName': 'Angle'}, 'value': '0.20'}, {'type': {'value': 56, 'displayName': 'Zone'}, 'value': 'Center'}, {'type': {'value': 140, 'displayName': 'PassEndX'}, 'value': '54.9'}, {'type': {'value': 178, 'displayName': 'StandingSave'}}]","[91, 119, 117, 30, 36, 37, 216, 218]",True,247454.0,54.9,28.9,,,,,,,,,
2762470275.0,654,48,39.0,13,59.0,29.1,50,"{'value': 2, 'displayName': 'SecondHalf'}","{'value': 1, 'displayName': 'Pass'}","{'value': 1, 'displayName': 'Successful'}","[{'type': {'value': 140, 'displayName': 'PassEndX'}, 'value': '65.9'}, {'type': {'value': 213, 'displayName': 'Angle'}, 'value': '5.13'}, {'type': {'value': 56, 'displayName': 'Zone'}, 'value': 'Right'}, {'type': {'value': 212, 'displayName': 'Length'}, 'value': '17.9'}, {'type': {'value': 141, 'displayName': 'PassEndY'}, 'value': '5.0'}, {'type': {'value': 178, 'displayName': 'StandingSave'}}]","[91, 119, 117, 30, 36, 38, 216, 218]",True,380706.0,65.9,5.0,,,,,,,,,
2762470283.0,655,48,44.0,13,83.6,17.1,50,"{'value': 2, 'displayName': 'SecondHalf'}","{'value': 1, 'displayName': 'Pass'}","{'value': 1, 'displayName': 'Successful'}","[{'type': {'value': 2, 'displayName': 'Cross'}}, {'type': {'value': 213, 'displayName': 'Angle'}, 'value': '1.34'}, {'type': {'value': 56, 'displayName': 'Zone'}, 'value': 'Center'}, {'type': {'value': 210, 'displayName': 'ShotAssist'}, 'value': '15'}, {'type': {'value': 1, 'displayName': 'Longball'}}, {'type': {'value': 212, 'displayName': 'Length'}, 'value': '33.2'}, {'type': {'value': 155, 'displayName': 'Chipped'}}, {'type': {'value': 141, 'displayName': 'PassEndY'}, 'value': '64.6'}, {'type': {'value': 20, 'displayName': 'RightFoot'}}, {'type': {'value': 140, 'displayName': 'PassEndX'}, 'value': '90.9'}, {'type': {'value': 178, 'displayName': 'StandingSave'}}, {'type': {'value': 154, 'displayName': 'IntentionalAssist'}}, {'type': {'value': 11113, 'displayName': 'KeyPass'}}]","[91, 119, 123, 137, 124, 125, 39, 41, 36, 37, 217, 218]",True,279379.0,90.9,64.6,,,,,,,,,
2762470285.0,656,48,47.0,13,90.7,64.0,50,"{'value': 2, 'displayName': 'SecondHalf'}","{'value': 15, 'displayName': 'SavedShot'}","{'value': 1, 'displayName': 'Successful'}","[{'type': {'value': 56, 'displayName': 'Zone'}, 'value': 'Center'}, {'type': {'value': 29, 'displayName': 'Assisted'}}, {'type': {'value': 147, 'displayName': 'BlockedY'}, 'value': '61.0'}, {'type': {'value': 82, 'displayName': 'Blocked'}}, {'type': {'value': 64, 'displayName': 'BoxLeft'}}, {'type': {'value': 154, 'displayName': 'IntentionalAssist'}}, {'type': {'value': 178, 'displayName': 'StandingSave'}}, {'type': {'value': 20, 'displayName': 'RightFoot'}}, {'type': {'value': 55, 'displayName': 'RelatedEventId'}, 'value': '655'}, {'type': {'value': 103, 'displayName': 'GoalMouthZ'}, 'value': '19'}, {'type': {'value': 22, 'displayName': 'RegularPlay'}}, {'type': {'value': 146, 'displayName': 'BlockedX'}, 'value': '93.2'}, {'type': {'value': 102, 'displayName': 'GoalMouthY'}, 'value': '52.8'}, {'type': {'value': 233, 'displayName': 'OppositeRelatedEvent'}, 'value': '288'}, {'type': {'value': 76, 'displayName': 'LowLeft'}}]","[91, 10, 1, 3, 11, 12]",True,113994.0,,,655.0,279379.0,93.2,61.0,19.0,52.8,True,,
2762470281.0,288,48,47.0,165,6.8,39.0,50,"{'value': 2, 'displayName': 'SecondHalf'}","{'value': 10, 'displayName': 'Save'}","{'value': 1, 'displayName': 'Successful'}","[{'type': {'value': 178, 'displayName': 'StandingSave'}}, {'type': {'value': 233, 'displayName': 'OppositeRelatedEvent'}, 'value': '656'}, {'type': {'value': 94, 'displayName': 'OutfielderBlock'}}, {'type': {'value': 56, 'displayName': 'Zone'}, 'value': 'Back'}]","[91, 58]",True,349484.0,,,,,,,,,,,
2762470295.0,657,48,50.0,13,78.1,65.5,50,"{'value': 2, 'displayName': 'SecondHalf'}","{'value': 1, 'displayName': 'Pass'}","{'value': 1, 'displayName': 'Successful'}","[{'type': {'value': 212, 'displayName': 'Length'}, 'value': '6.5'}, {'type': {'value': 141, 'displayName': 'PassEndY'}, 'value': '74.7'}, {'type': {'value': 140, 'displayName': 'PassEndX'}, 'value': '79.7'}, {'type': {'value': 213, 'displayName': 'Angle'}, 'value': '1.31'}, {'type': {'value': 178, 'displayName': 'StandingSave'}}, {'type': {'value': 56, 'displayName': 'Zone'}, 'value': 'Center'}]","[91, 119, 117, 30, 205, 36, 37, 217, 218]",True,467918.0,79.7,74.7,,,,,,,,,
2762470303.0,658,48,53.0,13,79.7,74.7,50,"{'value': 2, 'displayName': 'SecondHalf'}","{'value': 1, 'displayName': 'Pass'}","{'value': 1, 'displayName': 'Successful'}","[{'type': {'value': 140, 'displayName': 'PassEndX'}, 'value': '92.7'}, {'type': {'value': 178, 'displayName': 'StandingSave'}}, {'type': {'value': 141, 'displayName': 'PassEndY'}, 'value': '66.9'}, {'type': {'value': 213, 'displayName': 'Angle'}, 'value': '5.91'}, {'type': {'value': 56, 'displayName': 'Zone'}, 'value': 'Center'}, {'type': {'value': 212, 'displayName': 'Length'}, 'value': '14.6'}]","[91, 119, 117, 30, 205, 36, 38, 217, 218]",True,113994.0,92.7,66.9,,,,,,,,,
2762470319.0,659,48,55.0,13,93.3,69.2,50,"{'value': 2, 'displayName': 'SecondHalf'}","{'value': 1, 'displayName': 'Pass'}","{'value': 1, 'displayName': 'Successful'}","[{'type': {'value': 141, 'displayName': 'PassEndY'}, 'value': '85.8'}, {'type': {'value': 178, 'displayName': 'StandingSave'}}, {'type': {'value': 212, 'displayName': 'Length'}, 'value': '11.6'}, {'type': {'value': 213, 'displayName': 'Angle'}, 'value': '1.82'}, {'type': {'value': 140, 'displayName': 'PassEndX'}, 'value': '90.6'}, {'type': {'value': 56, 'displayName': 'Zone'}, 'value': 'Left'}]","[91, 119, 117, 30, 205, 35, 37, 217, 218]",True,326413.0,90.6,85.8,,,,,,,,,
2762470323.0,660,48,58.0,13,90.1,86.8,50,"{'value': 2, 'displayName': 'SecondHalf'}","{'value': 1, 'displayName': 'Pass'}","{'value': 1, 'displayName': 'Successful'}","[{'type': {'value': 140, 'displayName': 'PassEndX'}, 'value': '74.9'}, {'type': {'value': 213, 'displayName': 'Angle'}, 'value': '3.90'}, {'type': {'value': 178, 'displayName': 'StandingSave'}}, {'type': {'value': 56, 'displayName': 'Zone'}, 'value': 'Center'}, {'type': {'value': 212, 'displayName': 'Length'}, 'value': '22.0'}, {'type': {'value': 141, 'displayName': 'PassEndY'}, 'value': '64.5'}]","[91, 119, 117, 30, 205, 35, 38, 217, 218]",True,467918.0,74.9,64.5,,,,,,,,,
2762470327.0,661,49,0.0,13,74.9,64.5,51,"{'value': 2, 'displayName': 'SecondHalf'}","{'value': 1, 'displayName': 'Pass'}","{'value': 1, 'displayName': 'Successful'}","[{'type': {'value': 212, 'displayName': 'Length'}, 'value': '4.7'}, {'type': {'value': 141, 'displayName': 'PassEndY'}, 'value': '57.6'}, {'type': {'value': 56, 'displayName': 'Zone'}, 'value': 'Center'}, {'type': {'value': 213, 'displayName': 'Angle'}, 'value': '4.65'}, {'type': {'value': 178, 'displayName': 'StandingSave'}}, {'type': {'value': 140, 'displayName': 'PassEndX'}, 'value': '74.6'}]","[91, 119, 117, 30, 205, 35, 38, 217, 218]",True,332325.0,74.6,57.6,,,,,,,,,
2762470331.0,662,49,1.0,13,74.6,57.6,51,"{'value': 2, 'displayName': 'SecondHalf'}","{'value': 1, 'displayName': 'Pass'}","{'value': 0, 'displayName': 'Unsuccessful'}","[{'type': {'value': 56, 'displayName': 'Zone'}, 'value': 'Center'}, {'type': {'value': 213, 'displayName': 'Angle'}, 'value': '0.30'}, {'type': {'value': 212, 'displayName': 'Length'}, 'value': '11.4'}, {'type': {'value': 140, 'displayName': 'PassEndX'}, 'value': '85.0'}, {'type': {'value': 141, 'displayName': 'PassEndY'}, 'value': '62.5'}, {'type': {'value': 178, 'displayName': 'StandingSave'}}]","[91, 120, 29, 36, 37, 217, 218]",True,247454.0,85.0,62.5,,,,,,,,,
2762470379.0,289,49,1.0,165,13.8,38.2,51,"{'value': 2, 'displayName': 'SecondHalf'}","{'value': 12, 'displayName': 'Clearance'}","{'value': 1, 'displayName': 'Successful'}","[{'type': {'value': 178, 'displayName': 'StandingSave'}}, {'type': {'value': 140, 'displayName': 'PassEndX'}, 'value': '46.6'}, {'type': {'value': 212, 'displayName': 'Length'}, 'value': '41.6'}, {'type': {'value': 56, 'displayName': 'Zone'}, 'value': 'Back'}, {'type': {'value': 213, 'displayName': 'Angle'}, 'value': '0.59'}, {'type': {'value': 141, 'displayName': 'PassEndY'}, 'value': '72.4'}]","[91, 94, 95, 216]",True,362826.0,46.6,72.4,,,,,,,,,
2762470373.0,663,49,4.0,13,56.1,24.7,51,"{'value': 2, 'displayName': 'SecondHalf'}","{'value': 1, 'displayName': 'Pass'}","{'value': 0, 'displayName': 'Unsuccessful'}","[{'type': {'value': 140, 'displayName': 'PassEndX'}, 'value': '59.0'}, {'type': {'value': 213, 'displayName': 'Angle'}, 'value': '4.98'}, {'type': {'value': 3, 'displayName': 'HeadPass'}}, {'type': {'value': 212, 'displayName': 'Length'}, 'value': '11.5'}, {'type': {'value': 141, 'displayName': 'PassEndY'}, 'value': '8.4'}, {'type': {'value': 56, 'displayName': 'Zone'}, 'value': 'Right'}]","[91, 120, 29, 139, 36, 38, 216, 218]",True,361822.0,59.0,8.4,,,,,,,,,
2762470381.0,290,49,8.0,165,40.0,95.3,51,"{'value': 2, 'displayName': 'SecondHalf'}","{'value': 49, 'displayName': 'BallRecovery'}","{'value': 1, 'displayName': 'Successful'}",[],[93],False,401254.0,,,,,,,,,,,
2762478067.0,670,49,10.0,165,39.0,92.5,51,"{'value': 2, 'displayName': 'SecondHalf'}","{'value': 3, 'displayName': 'TakeOn'}","{'value': 0, 'displayName': 'Unsuccessful'}","[{'type': {'value': 56, 'displayName': 'Zone'}, 'value': 'Back'}, {'type': {'value': 286, 'displayName': 'Offensive'}}, {'type': {'value': 178, 'displayName': 'StandingSave'}}]","[91, 53]",True,401254.0,,,,,,,,,,,
2762470393.0,291,49,13.0,165,43.0,78.8,51,"{'value': 2, 'displayName': 'SecondHalf'}","{'value': 1, 'displayName': 'Pass'}","{'value': 1, 'displayName': 'Successful'}","[{'type': {'value': 212, 'displayName': 'Length'}, 'value': '21.6'}, {'type': {'value': 140, 'displayName': 'PassEndX'}, 'value': '55.6'}, {'type': {'value': 213, 'displayName': 'Angle'}, 'value': '5.37'}, {'type': {'value': 141, 'displayName': 'PassEndY'}, 'value': '53.7'}, {'type': {'value': 56, 'displayName': 'Zone'}, 'value': 'Center'}]","[91, 119, 117, 30, 36, 38, 216, 218]",True,401254.0,55.6,53.7,,,,,,,,,
2762470395.0,292,49,16.0,165,54.4,52.2,51,"{'value': 2, 'displayName': 'SecondHalf'}","{'value': 1, 'displayName': 'Pass'}","{'value': 1, 'displayName': 'Successful'}","[{'type': {'value': 140, 'displayName': 'PassEndX'}, 'value': '62.8'}, {'type': {'value': 213, 'displayName': 'Angle'}, 'value': '5.06'}, {'type': {'value': 212, 'displayName': 'Length'}, 'value': '25.9'}, {'type': {'value': 155, 'displayName': 'Chipped'}}, {'type': {'value': 178, 'displayName': 'StandingSave'}}, {'type': {'value': 141, 'displayName': 'PassEndY'}, 'value': '16.4'}, {'type': {'value': 56, 'displayName': 'Zone'}, 'value': 'Right'}]","[91, 119, 117, 30, 124, 36, 38, 216, 218]",True,270446.0,62.8,16.4,,,,,,,,,
2762470409.0,293,49,20.0,165,60.4,15.9,51,"{'value': 2, 'displayName': 'SecondHalf'}","{'value': 1, 'displayName': 'Pass'}","{'value': 1, 'displayName': 'Successful'}","[{'type': {'value': 140, 'displayName': 'PassEndX'}, 'value': '57.8'}, {'type': {'value': 56, 'displayName': 'Zone'}, 'value': 'Center'}, {'type': {'value': 213, 'displayName': 'Angle'}, 'value': '1.77'}, {'type': {'value': 212, 'displayName': 'Length'}, 'value': '13.5'}, {'type': {'value': 141, 'displayName': 'PassEndY'}, 'value': '35.4'}, {'type': {'value': 178, 'displayName': 'StandingSave'}}]","[91, 119, 117, 30, 35, 37, 216, 218]",True,349484.0,57.8,35.4,,,,,,,,,
2762470423.0,294,49,23.0,165,59.4,36.0,51,"{'value': 2, 'displayName': 'SecondHalf'}","{'value': 1, 'displayName': 'Pass'}","{'value': 1, 'displayName': 'Successful'}","[{'type': {'value': 140, 'displayName': 'PassEndX'}, 'value': '56.3'}, {'type': {'value': 212, 'displayName': 'Length'}, 'value': '10.7'}, {'type': {'value': 141, 'displayName': 'PassEndY'}, 'value': '51.0'}, {'type': {'value': 56, 'displayName': 'Zone'}, 'value': 'Center'}, {'type': {'value': 178, 'displayName': 'StandingSave'}}, {'type': {'value': 213, 'displayName': 'Angle'}, 'value': '1.88'}]","[91, 119, 117, 30, 35, 37, 216, 218]",True,270446.0,56.3,51.0,,,,,,,,,
2762470427.0,295,49,25.0,165,55.7,47.5,51,"{'value': 2, 'displayName': 'SecondHalf'}","{'value': 1, 'displayName': 'Pass'}","{'value': 1, 'displayName': 'Successful'}","[{'type': {'value': 140, 'displayName': 'PassEndX'}, 'value': '57.6'}, {'type': {'value': 213, 'displayName': 'Angle'}, 'value': '4.92'}, {'type': {'value': 212, 'displayName': 'Length'}, 'value': '9.5'}, {'type': {'value': 56, 'displayName': 'Zone'}, 'value': 'Center'}, {'type': {'value': 178, 'displayName': 'StandingSave'}}, {'type': {'value': 141, 'displayName': 'PassEndY'}, 'value': '33.9'}]","[91, 119, 117, 30, 36, 38, 216, 218]",True,404108.0,57.6,33.9,,,,,,,,,
2762470439.0,296,49,27.0,165,56.9,33.3,51,"{'value': 2, 'displayName': 'SecondHalf'}","{'value': 1, 'displayName': 'Pass'}","{'value': 1, 'displayName': 'Successful'}","[{'type': {'value': 56, 'displayName': 'Zone'}, 'value': 'Center'}, {'type': {'value': 212, 'displayName': 'Length'}, 'value': '13.8'}, {'type': {'value': 178, 'displayName': 'StandingSave'}}, {'type': {'value': 141, 'displayName': 'PassEndY'}, 'value': '52.7'}, {'type': {'value': 140, 'displayName': 'PassEndX'}, 'value': '53.0'}, {'type': {'value': 213, 'displayName': 'Angle'}, 'value': '1.87'}]","[91, 119, 117, 30, 35, 37, 216, 218]",True,270446.0,53.0,52.7,,,,,,,,,
2762470447.0,297,49,29.0,165,53.9,54.2,51,"{'value': 2, 'displayName': 'SecondHalf'}","{'value': 1, 'displayName': 'Pass'}","{'value': 1, 'displayName': 'Successful'}","[{'type': {'value': 56, 'displayName': 'Zone'}, 'value': 'Center'}, {'type': {'value': 213, 'displayName': 'Angle'}, 'value': '1.65'}, {'type': {'value': 141, 'displayName': 'PassEndY'}, 'value': '74.2'}, {'type': {'value': 140, 'displayName': 'PassEndX'}, 'value': '52.9'}, {'type': {'value': 212, 'displayName': 'Length'}, 'value': '13.6'}, {'type': {'value': 178, 'displayName': 'StandingSave'}}]","[91, 119, 117, 30, 35, 37, 216, 218]",True,404108.0,52.9,74.2,,,,,,,,,
2762470463.0,298,49,31.0,165,52.9,74.2,51,"{'value': 2, 'displayName': 'SecondHalf'}","{'value': 1, 'displayName': 'Pass'}","{'value': 1, 'displayName': 'Successful'}","[{'type': {'value': 212, 'displayName': 'Length'}, 'value': '22.3'}, {'type': {'value': 141, 'displayName': 'PassEndY'}, 'value': '95.3'}, {'type': {'value': 178, 'displayName': 'StandingSave'}}, {'type': {'value': 213, 'displayName': 'Angle'}, 'value': '0.70'}, {'type': {'value': 56, 'displayName': 'Zone'}, 'value': 'Left'}, {'type': {'value': 140, 'displayName': 'PassEndX'}, 'value': '69.1'}]","[91, 119, 117, 30, 205, 36, 37, 217, 218]",True,381161.0,69.1,95.3,,,,,,,,,
2762470475.0,299,49,36.0,165,76.8,87.4,51,"{'value': 2, 'displayName': 'SecondHalf'}","{'value': 1, 'displayName': 'Pass'}","{'value': 1, 'displayName': 'Successful'}","[{'type': {'value': 141, 'displayName': 'PassEndY'}, 'value': '82.9'}, {'type': {'value': 212, 'displayName': 'Length'}, 'value': '14.2'}, {'type': {'value': 56, 'displayName': 'Zone'}, 'value': 'Left'}, {'type': {'value': 213, 'displayName': 'Angle'}, 'value': '3.36'}, {'type': {'value': 178, 'displayName': 'StandingSave'}}, {'type': {'value': 140, 'displayName': 'PassEndX'}, 'value': '63.6'}]","[91, 119, 117, 30, 35, 38, 216, 218]",True,366211.0,63.6,82.9,,,,,,,,,
2762470477.0,300,49,39.0,165,63.6,82.3,51,"{'value': 2, 'displayName': 'SecondHalf'}","{'value': 1, 'displayName': 'Pass'}","{'value': 1, 'displayName': 'Successful'}","[{'type': {'value': 56, 'displayName': 'Zone'}, 'value': 'Left'}, {'type': {'value': 213, 'displayName': 'Angle'}, 'value': '0.05'}, {'type': {'value': 178, 'displayName': 'StandingSave'}}, {'type': {'value': 140, 'displayName': 'PassEndX'}, 'value': '74.5'}, {'type': {'value': 212, 'displayName': 'Length'}, 'value': '11.5'}, {'type': {'value': 141, 'displayName': 'PassEndY'}, 'value': '83.2'}]","[91, 119, 117, 30, 205, 36, 37, 217, 218]",True,381161.0,74.5,83.2,,,,,,,,,
2762470479.0,301,49,40.0,165,74.5,83.2,51,"{'value': 2, 'displayName': 'SecondHalf'}","{'value': 1, 'displayName': 'Pass'}","{'value': 1, 'displayName': 'Successful'}","[{'type': {'value': 178, 'displayName': 'StandingSave'}}, {'type': {'value': 56, 'displayName': 'Zone'}, 'value': 'Left'}, {'type': {'value': 212, 'displayName': 'Length'}, 'value': '16.8'}, {'type': {'value': 140, 'displayName': 'PassEndX'}, 'value': '58.5'}, {'type': {'value': 141, 'displayName': 'PassEndY'}, 'value': '84.2'}, {'type': {'value': 213, 'displayName': 'Angle'}, 'value': '3.10'}]","[91, 119, 117, 30, 35, 37, 216, 218]",True,138686.0,58.5,84.2,,,,,,,,,
2762470497.0,302,49,43.0,165,58.8,80.6,51,"{'value': 2, 'displayName': 'SecondHalf'}","{'value': 1, 'displayName': 'Pass'}","{'value': 1, 'displayName': 'Successful'}","[{'type': {'value': 141, 'displayName': 'PassEndY'}, 'value': '68.5'}, {'type': {'value': 56, 'displayName': 'Zone'}, 'value': 'Center'}, {'type': {'value': 213, 'displayName': 'Angle'}, 'value': '4.26'}, {'type': {'value': 140, 'displayName': 'PassEndX'}, 'value': '55.0'}, {'type': {'value': 178, 'displayName': 'StandingSave'}}, {'type': {'value': 212, 'displayName': 'Length'}, 'value': '9.1'}]","[91, 119, 117, 30, 35, 38, 216, 218]",True,381161.0,55.0,68.5,,,,,,,,,
2762470507.0,303,49,45.0,165,54.5,56.6,51,"{'value': 2, 'displayName': 'SecondHalf'}","{'value': 1, 'displayName': 'Pass'}","{'value': 1, 'displayName': 'Successful'}","[{'type': {'value': 140, 'displayName': 'PassEndX'}, 'value': '46.2'}, {'type': {'value': 178, 'displayName': 'StandingSave'}}, {'type': {'value': 141, 'displayName': 'PassEndY'}, 'value': '31.8'}, {'type': {'value': 212, 'displayName': 'Length'}, 'value': '19.0'}, {'type': {'value': 56, 'displayName': 'Zone'}, 'value': 'Back'}, {'type': {'value': 213, 'displayName': 'Angle'}, 'value': '4.24'}]","[91, 117, 30, 35, 38, 216, 218]",True,356599.0,46.2,31.8,,,,,,,,,
2762470537.0,304,49,47.0,165,46.2,31.8,51,"{'value': 2, 'displayName': 'SecondHalf'}","{'value': 1, 'displayName': 'Pass'}","{'value': 1, 'displayName': 'Successful'}","[{'type': {'value': 140, 'displayName': 'PassEndX'}, 'value': '65.1'}, {'type': {'value': 213, 'displayName': 'Angle'}, 'value': '5.54'}, {'type': {'value': 212, 'displayName': 'Length'}, 'value': '26.9'}, {'type': {'value': 56, 'displayName': 'Zone'}, 'value': 'Right'}, {'type': {'value': 178, 'displayName': 'StandingSave'}}, {'type': {'value': 141, 'displayName': 'PassEndY'}, 'value': '5.2'}]","[91, 119, 117, 30, 36, 38, 216, 218]",True,362826.0,65.1,5.2,,,,,,,,,
2762470539.0,305,49,55.0,165,94.0,23.3,51,"{'value': 2, 'displayName': 'SecondHalf'}","{'value': 61, 'displayName': 'BallTouch'}","{'value': 0, 'displayName': 'Unsuccessful'}","[{'type': {'value': 178, 'displayName': 'StandingSave'}}, {'type': {'value': 56, 'displayName': 'Zone'}, 'value': 'Center'}]","[91, 69]",True,430908.0,,,,,,,,,,,
2762470557.0,665,49,56.0,13,7.0,76.6,51,"{'value': 2, 'displayName': 'SecondHalf'}","{'value': 4, 'displayName': 'Foul'}","{'value': 1, 'displayName': 'Successful'}","[{'type': {'value': 56, 'displayName': 'Zone'}, 'value': 'Back'}, {'type': {'value': 233, 'displayName': 'OppositeRelatedEvent'}, 'value': '306'}, {'type': {'value': 285, 'displayName': 'Defensive'}}]","[91, 63]",True,,,,,,,,,,,,
2762470545.0,306,49,56.0,165,93.0,23.4,51,"{'value': 2, 'displayName': 'SecondHalf'}","{'value': 4, 'displayName': 'Foul'}","{'value': 0, 'displayName': 'Unsuccessful'}","[{'type': {'value': 233, 'displayName': 'OppositeRelatedEvent'}, 'value': '665'}, {'type': {'value': 56, 'displayName': 'Zone'}, 'value': 'Center'}, {'type': {'value': 286, 'displayName': 'Offensive'}}]",[64],False,430908.0,,,,,,,,,,,
2762470613.0,666,50,10.0,13,6.4,75.6,52,"{'value': 2, 'displayName': 'SecondHalf'}","{'value': 1, 'displayName': 'Pass'}","{'value': 1, 'displayName': 'Successful'}","[{'type': {'value': 178, 'displayName': 'StandingSave'}}, {'type': {'value': 213, 'displayName': 'Angle'}, 'value': '5.70'}, {'type': {'value': 56, 'displayName': 'Zone'}, 'value': 'Back'}, {'type': {'value': 212, 'displayName': 'Length'}, 'value': '20.7'}, {'type': {'value': 141, 'displayName': 'PassEndY'}, 'value': '58.9'}, {'type': {'value': 5, 'displayName': 'FreekickTaken'}}, {'type': {'value': 140, 'displayName': 'PassEndX'}, 'value': '22.9'}]","[91, 117, 30, 132, 36, 38, 215, 218]",True,334087.0,22.9,58.9,,,,,,,,,
2762470649.0,668,50,20.0,13,43.3,33.8,52,"{'value': 2, 'displayName': 'SecondHalf'}","{'value': 1, 'displayName': 'Pass'}","{'value': 1, 'displayName': 'Successful'}","[{'type': {'value': 141, 'displayName': 'PassEndY'}, 'value': '6.9'}, {'type': {'value': 212, 'displayName': 'Length'}, 'value': '18.9'}, {'type': {'value': 178, 'displayName': 'StandingSave'}}, {'type': {'value': 56, 'displayName': 'Zone'}, 'value': 'Back'}, {'type': {'value': 140, 'displayName': 'PassEndX'}, 'value': '47.7'}, {'type': {'value': 213, 'displayName': 'Angle'}, 'value': '4.96'}]","[91, 117, 30, 36, 38, 216, 218]",True,332325.0,47.7,6.9,,,,,,,,,
2762470655.0,669,50,28.0,13,54.3,20.8,52,"{'value': 2, 'displayName': 'SecondHalf'}","{'value': 1, 'displayName': 'Pass'}","{'value': 1, 'displayName': 'Successful'}","[{'type': {'value': 213, 'displayName': 'Angle'}, 'value': '1.99'}, {'type': {'value': 141, 'displayName': 'PassEndY'}, 'value': '29.7'}, {'type': {'value': 56, 'displayName': 'Zone'}, 'value': 'Center'}, {'type': {'value': 178, 'displayName': 'StandingSave'}}, {'type': {'value': 140, 'displayName': 'PassEndX'}, 'value': '51.7'}, {'type': {'value': 212, 'displayName': 'Length'}, 'value': '6.6'}]","[91, 119, 117, 30, 35, 37, 216, 218]",True,247454.0,51.7,29.7,,,,,,,,,
2762470691.0,670,50,30.0,13,51.7,32.5,52,"{'value': 2, 'displayName': 'SecondHalf'}","{'value': 1, 'displayName': 'Pass'}","{'value': 1, 'displayName': 'Successful'}","[{'type': {'value': 56, 'displayName': 'Zone'}, 'value': 'Back'}, {'type': {'value': 141, 'displayName': 'PassEndY'}, 'value': '69.5'}, {'type': {'value': 140, 'displayName': 'PassEndX'}, 'value': '45.8'}, {'type': {'value': 213, 'displayName': 'Angle'}, 'value': '1.81'}, {'type': {'value': 178, 'displayName': 'StandingSave'}}, {'type': {'value': 212, 'displayName': 'Length'}, 'value': '25.9'}]","[91, 117, 30, 35, 37, 216, 218]",True,332325.0,45.8,69.5,,,,,,,,,
2762470699.0,671,50,36.0,13,52.4,69.8,52,"{'value': 2, 'displayName': 'SecondHalf'}","{'value': 1, 'displayName': 'Pass'}","{'value': 1, 'displayName': 'Successful'}","[{'type': {'value': 213, 'displayName': 'Angle'}, 'value': '4.26'}, {'type': {'value': 141, 'displayName': 'PassEndY'}, 'value': '47.8'}, {'type': {'value': 178, 'displayName': 'StandingSave'}}, {'type': {'value': 140, 'displayName': 'PassEndX'}, 'value': '45.5'}, {'type': {'value': 212, 'displayName': 'Length'}, 'value': '16.6'}, {'type': {'value': 56, 'displayName': 'Zone'}, 'value': 'Back'}]","[91, 117, 30, 35, 38, 216, 218]",True,334087.0,45.5,47.8,,,,,,,,,
2762470713.0,672,50,39.0,13,45.2,47.3,52,"{'value': 2, 'displayName': 'SecondHalf'}","{'value': 1, 'displayName': 'Pass'}","{'value': 1, 'displayName': 'Successful'}","[{'type': {'value': 140, 'displayName': 'PassEndX'}, 'value': '44.1'}, {'type': {'value': 178, 'displayName': 'StandingSave'}}, {'type': {'value': 213, 'displayName': 'Angle'}, 'value': '4.63'}, {'type': {'value': 56, 'displayName': 'Zone'}, 'value': 'Back'}, {'type': {'value': 212, 'displayName': 'Length'}, 'value': '14.3'}, {'type': {'value': 141, 'displayName': 'PassEndY'}, 'value': '26.3'}]","[91, 117, 30, 35, 38, 216, 218]",True,361822.0,44.1,26.3,,,,,,,,,
2762470735.0,673,50,41.0,13,44.1,26.3,52,"{'value': 2, 'displayName': 'SecondHalf'}","{'value': 1, 'displayName': 'Pass'}","{'value': 1, 'displayName': 'Successful'}","[{'type': {'value': 56, 'displayName': 'Zone'}, 'value': 'Right'}, {'type': {'value': 213, 'displayName': 'Angle'}, 'value': '5.66'}, {'type': {'value': 212, 'displayName': 'Length'}, 'value': '23.3'}, {'type': {'value': 141, 'displayName': 'PassEndY'}, 'value': '6.4'}, {'type': {'value': 178, 'displayName': 'StandingSave'}}, {'type': {'value': 140, 'displayName': 'PassEndX'}, 'value': '62.2'}]","[91, 119, 117, 30, 36, 38, 216, 218]",True,388650.0,62.2,6.4,,,,,,,,,
2762470739.0,674,50,48.0,13,67.4,29.7,52,"{'value': 2, 'displayName': 'SecondHalf'}","{'value': 1, 'displayName': 'Pass'}","{'value': 1, 'displayName': 'Successful'}","[{'type': {'value': 141, 'displayName': 'PassEndY'}, 'value': '42.6'}, {'type': {'value': 213, 'displayName': 'Angle'}, 'value': '1.03'}, {'type': {'value': 140, 'displayName': 'PassEndX'}, 'value': '72.4'}, {'type': {'value': 178, 'displayName': 'StandingSave'}}, {'type': {'value': 56, 'displayName': 'Zone'}, 'value': 'Center'}, {'type': {'value': 212, 'displayName': 'Length'}, 'value': '10.2'}]","[91, 119, 117, 30, 205, 36, 37, 217, 218]",True,247454.0,72.4,42.6,,,,,,,,,
2762470741.0,675,50,49.0,13,72.4,42.6,52,"{'value': 2, 'displayName': 'SecondHalf'}","{'value': 1, 'displayName': 'Pass'}","{'value': 1, 'displayName': 'Successful'}","[{'type': {'value': 212, 'displayName': 'Length'}, 'value': '4.4'}, {'type': {'value': 213, 'displayName': 'Angle'}, 'value': '3.61'}, {'type': {'value': 140, 'displayName': 'PassEndX'}, 'value': '68.7'}, {'type': {'value': 56, 'displayName': 'Zone'}, 'value': 'Center'}, {'type': {'value': 178, 'displayName': 'StandingSave'}}, {'type': {'value': 156, 'displayName': 'LayOff'}}, {'type': {'value': 141, 'displayName': 'PassEndY'}, 'value': '39.7'}]","[91, 119, 117, 30, 205, 35, 38, 217, 218]",True,326413.0,68.7,39.7,,,,,,,,,
2762470757.0,676,50,49.0,13,69.5,43.0,52,"{'value': 2, 'displayName': 'SecondHalf'}","{'value': 1, 'displayName': 'Pass'}","{'value': 1, 'displayName': 'Successful'}","[{'type': {'value': 140, 'displayName': 'PassEndX'}, 'value': '69.8'}, {'type': {'value': 178, 'displayName': 'StandingSave'}}, {'type': {'value': 213, 'displayName': 'Angle'}, 'value': '1.56'}, {'type': {'value': 212, 'displayName': 'Length'}, 'value': '26.8'}, {'type': {'value': 141, 'displayName': 'PassEndY'}, 'value': '82.4'}, {'type': {'value': 56, 'displayName': 'Zone'}, 'value': 'Left'}]","[91, 119, 117, 30, 205, 36, 37, 217, 218]",True,247454.0,69.8,82.4,,,,,,,,,
2762470771.0,677,50,52.0,13,69.7,83.3,52,"{'value': 2, 'displayName': 'SecondHalf'}","{'value': 1, 'displayName': 'Pass'}","{'value': 1, 'displayName': 'Successful'}","[{'type': {'value': 140, 'displayName': 'PassEndX'}, 'value': '77.2'}, {'type': {'value': 212, 'displayName': 'Length'}, 'value': '11.1'}, {'type': {'value': 56, 'displayName': 'Zone'}, 'value': 'Left'}, {'type': {'value': 213, 'displayName': 'Angle'}, 'value': '0.78'}, {'type': {'value': 141, 'displayName': 'PassEndY'}, 'value': '94.8'}, {'type': {'value': 178, 'displayName': 'StandingSave'}}]","[91, 119, 117, 30, 205, 36, 37, 217, 218]",True,334087.0,77.2,94.8,,,,,,,,,
2762470773.0,678,50,53.0,13,76.5,93.6,52,"{'value': 2, 'displayName': 'SecondHalf'}","{'value': 50, 'displayName': 'Dispossessed'}","{'value': 1, 'displayName': 'Successful'}","[{'type': {'value': 233, 'displayName': 'OppositeRelatedEvent'}, 'value': '307'}, {'type': {'value': 56, 'displayName': 'Zone'}, 'value': 'Left'}, {'type': {'value': 286, 'displayName': 'Offensive'}}]","[91, 70]",True,113994.0,,,,,,,,,,,
2762470761.0,307,50,54.0,165,23.5,6.4,52,"{'value': 2, 'displayName': 'SecondHalf'}","{'value': 7, 'displayName': 'Tackle'}","{'value': 0, 'displayName': 'Unsuccessful'}","[{'type': {'value': 233, 'displayName': 'OppositeRelatedEvent'}, 'value': '678'}, {'type': {'value': 178, 'displayName': 'StandingSave'}}, {'type': {'value': 285, 'displayName': 'Defensive'}}, {'type': {'value': 56, 'displayName': 'Zone'}, 'value': 'Back'}]","[91, 142]",True,349484.0,,,,,,,,,,,
2762470801.0,679,50,57.0,13,69.1,92.2,52,"{'value': 2, 'displayName': 'SecondHalf'}","{'value': 1, 'displayName': 'Pass'}","{'value': 1, 'displayName': 'Successful'}","[{'type': {'value': 213, 'displayName': 'Angle'}, 'value': '4.56'}, {'type': {'value': 141, 'displayName': 'PassEndY'}, 'value': '77.8'}, {'type': {'value': 178, 'displayName': 'StandingSave'}}, {'type': {'value': 140, 'displayName': 'PassEndX'}, 'value': '67.7'}, {'type': {'value': 56, 'displayName': 'Zone'}, 'value': 'Center'}, {'type': {'value': 212, 'displayName': 'Length'}, 'value': '9.9'}]","[91, 119, 117, 30, 205, 35, 38, 217, 218]",True,334087.0,67.7,77.8,,,,,,,,,
2762470803.0,680,51,1.0,13,67.6,74.1,53,"{'value': 2, 'displayName': 'SecondHalf'}","{'value': 1, 'displayName': 'Pass'}","{'value': 1, 'displayName': 'Successful'}","[{'type': {'value': 213, 'displayName': 'Angle'}, 'value': '4.47'}, {'type': {'value': 140, 'displayName': 'PassEndX'}, 'value': '62.3'}, {'type': {'value': 212, 'displayName': 'Length'}, 'value': '23.2'}, {'type': {'value': 178, 'displayName': 'StandingSave'}}, {'type': {'value': 141, 'displayName': 'PassEndY'}, 'value': '41.0'}, {'type': {'value': 56, 'displayName': 'Zone'}, 'value': 'Center'}]","[91, 119, 117, 30, 35, 38, 216, 218]",True,467918.0,62.3,41.0,,,,,,,,,
2762470823.0,681,51,4.0,13,62.3,40.1,53,"{'value': 2, 'displayName': 'SecondHalf'}","{'value': 1, 'displayName': 'Pass'}","{'value': 1, 'displayName': 'Successful'}","[{'type': {'value': 213, 'displayName': 'Angle'}, 'value': '4.60'}, {'type': {'value': 178, 'displayName': 'StandingSave'}}, {'type': {'value': 56, 'displayName': 'Zone'}, 'value': 'Center'}, {'type': {'value': 212, 'displayName': 'Length'}, 'value': '9.7'}, {'type': {'value': 140, 'displayName': 'PassEndX'}, 'value': '61.3'}, {'type': {'value': 141, 'displayName': 'PassEndY'}, 'value': '25.9'}]","[91, 119, 117, 30, 35, 38, 216, 218]",True,361822.0,61.3,25.9,,,,,,,,,
2762470833.0,682,51,9.0,13,66.3,27.9,53,"{'value': 2, 'displayName': 'SecondHalf'}","{'value': 1, 'displayName': 'Pass'}","{'value': 1, 'displayName': 'Successful'}","[{'type': {'value': 140, 'displayName': 'PassEndX'}, 'value': '71.2'}, {'type': {'value': 212, 'displayName': 'Length'}, 'value': '12.7'}, {'type': {'value': 56, 'displayName': 'Zone'}, 'value': 'Center'}, {'type': {'value': 213, 'displayName': 'Angle'}, 'value': '1.15'}, {'type': {'value': 178, 'displayName': 'StandingSave'}}, {'type': {'value': 141, 'displayName': 'PassEndY'}, 'value': '44.9'}]","[91, 119, 117, 30, 205, 36, 37, 217, 218]",True,388650.0,71.2,44.9,,,,,,,,,
2762470835.0,683,51,12.0,13,79.2,40.4,53,"{'value': 2, 'displayName': 'SecondHalf'}","{'value': 4, 'displayName': 'Foul'}","{'value': 1, 'displayName': 'Successful'}","[{'type': {'value': 56, 'displayName': 'Zone'}, 'value': 'Center'}, {'type': {'value': 286, 'displayName': 'Offensive'}}, {'type': {'value': 13, 'displayName': 'Foul'}}, {'type': {'value': 233, 'displayName': 'OppositeRelatedEvent'}, 'value': '308'}]","[91, 63]",True,332325.0,,,,,,,,,,,
2762470831.0,308,51,12.0,165,20.8,59.6,53,"{'value': 2, 'displayName': 'SecondHalf'}","{'value': 4, 'displayName': 'Foul'}","{'value': 0, 'displayName': 'Unsuccessful'}","[{'type': {'value': 233, 'displayName': 'OppositeRelatedEvent'}, 'value': '683'}, {'type': {'value': 56, 'displayName': 'Zone'}, 'value': 'Back'}, {'type': {'value': 285, 'displayName': 'Defensive'}}, {'type': {'value': 178, 'displayName': 'StandingSave'}}, {'type': {'value': 13, 'displayName': 'Foul'}}]",[64],False,270446.0,,,,,,,,,,,
2762471113.0,684,52,50.0,13,80.9,39.5,54,"{'value': 2, 'displayName': 'SecondHalf'}","{'value': 15, 'displayName': 'SavedShot'}","{'value': 1, 'displayName': 'Successful'}","[{'type': {'value': 233, 'displayName': 'OppositeRelatedEvent'}, 'value': '310'}, {'type': {'value': 102, 'displayName': 'GoalMouthY'}, 'value': '50.4'}, {'type': {'value': 78, 'displayName': 'LowCentre'}}, {'type': {'value': 56, 'displayName': 'Zone'}, 'value': 'Center'}, {'type': {'value': 147, 'displayName': 'BlockedY'}, 'value': '43.3'}, {'type': {'value': 18, 'displayName': 'OutOfBoxCentre'}}, {'type': {'value': 82, 'displayName': 'Blocked'}}, {'type': {'value': 26, 'displayName': 'DirectFreekick'}}, {'type': {'value': 146, 'displayName': 'BlockedX'}, 'value': '87.6'}, {'type': {'value': 72, 'displayName': 'LeftFoot'}}, {'type': {'value': 178, 'displayName': 'StandingSave'}}, {'type': {'value': 103, 'displayName': 'GoalMouthZ'}, 'value': '19'}]","[91, 10, 2, 5, 11, 13]",True,247454.0,,,,,87.6,43.3,19.0,50.4,True,,
2762471117.0,310,52,50.0,165,12.4,56.7,54,"{'value': 2, 'displayName': 'SecondHalf'}","{'value': 10, 'displayName': 'Save'}","{'value': 1, 'displayName': 'Successful'}","[{'type': {'value': 233, 'displayName': 'OppositeRelatedEvent'}, 'value': '684'}, {'type': {'value': 94, 'displayName': 'OutfielderBlock'}}, {'type': {'value': 56, 'displayName': 'Zone'}, 'value': 'Back'}, {'type': {'value': 21, 'displayName': 'OtherBodyPart'}}]","[91, 58]",True,362826.0,,,,,,,,,,,
2762471125.0,311,52,53.0,165,10.9,77.2,54,"{'value': 2, 'displayName': 'SecondHalf'}","{'value': 49, 'displayName': 'BallRecovery'}","{'value': 1, 'displayName': 'Successful'}",[],[93],False,430908.0,,,,,,,,,,,
2762471139.0,312,52,56.0,165,10.6,95.3,54,"{'value': 2, 'displayName': 'SecondHalf'}","{'value': 1, 'displayName': 'Pass'}","{'value': 1, 'displayName': 'Successful'}","[{'type': {'value': 178, 'displayName': 'StandingSave'}}, {'type': {'value': 140, 'displayName': 'PassEndX'}, 'value': '2.3'}, {'type': {'value': 56, 'displayName': 'Zone'}, 'value': 'Back'}, {'type': {'value': 141, 'displayName': 'PassEndY'}, 'value': '77.0'}, {'type': {'value': 212, 'displayName': 'Length'}, 'value': '15.2'}, {'type': {'value': 213, 'displayName': 'Angle'}, 'value': '4.10'}]","[91, 117, 30, 35, 38, 215, 218]",True,430908.0,2.3,77.0,,,,,,,,,
2762471149.0,313,52,57.0,165,2.3,76.7,54,"{'value': 2, 'displayName': 'SecondHalf'}","{'value': 1, 'displayName': 'Pass'}","{'value': 0, 'displayName': 'Unsuccessful'}","[{'type': {'value': 141, 'displayName': 'PassEndY'}, 'value': '79.3'}, {'type': {'value': 56, 'displayName': 'Zone'}, 'value': 'Back'}, {'type': {'value': 213, 'displayName': 'Angle'}, 'value': '0.05'}, {'type': {'value': 1, 'displayName': 'Longball'}}, {'type': {'value': 140, 'displayName': 'PassEndX'}, 'value': '36.5'}, {'type': {'value': 178, 'displayName': 'StandingSave'}}, {'type': {'value': 212, 'displayName': 'Length'}, 'value': '36.0'}]","[91, 118, 120, 128, 36, 37, 216, 218]",True,366211.0,36.5,79.3,,,,,,,,,
2762471153.0,685,52,59.0,13,61.0,21.7,54,"{'value': 2, 'displayName': 'SecondHalf'}","{'value': 8, 'displayName': 'Interception'}","{'value': 1, 'displayName': 'Successful'}","[{'type': {'value': 56, 'displayName': 'Zone'}, 'value': 'Center'}, {'type': {'value': 178, 'displayName': 'StandingSave'}}]","[91, 101, 56]",True,332325.0,,,,,,,,,,,
2762471157.0,686,53,0.0,13,63.5,20.1,55,"{'value': 2, 'displayName': 'SecondHalf'}","{'value': 49, 'displayName': 'BallRecovery'}","{'value': 1, 'displayName': 'Successful'}",[],[93],False,113994.0,,,,,,,,,,,
2762471161.0,314,53,1.0,165,32.9,83.8,55,"{'value': 2, 'displayName': 'SecondHalf'}","{'value': 45, 'displayName': 'Challenge'}","{'value': 0, 'displayName': 'Unsuccessful'}","[{'type': {'value': 233, 'displayName': 'OppositeRelatedEvent'}, 'value': '687'}, {'type': {'value': 56, 'displayName': 'Zone'}, 'value': 'Back'}, {'type': {'value': 285, 'displayName': 'Defensive'}}]",[55],False,430908.0,,,,,,,,,,,
2762471167.0,687,53,1.0,13,67.1,16.2,55,"{'value': 2, 'displayName': 'SecondHalf'}","{'value': 3, 'displayName': 'TakeOn'}","{'value': 1, 'displayName': 'Successful'}","[{'type': {'value': 56, 'displayName': 'Zone'}, 'value': 'Right'}, {'type': {'value': 286, 'displayName': 'Offensive'}}, {'type': {'value': 178, 'displayName': 'StandingSave'}}, {'type': {'value': 233, 'displayName': 'OppositeRelatedEvent'}, 'value': '314'}]","[91, 54]",True,113994.0,,,,,,,,,,,
2762471175.0,688,53,3.0,13,64.8,20.1,55,"{'value': 2, 'displayName': 'SecondHalf'}","{'value': 1, 'displayName': 'Pass'}","{'value': 1, 'displayName': 'Successful'}","[{'type': {'value': 141, 'displayName': 'PassEndY'}, 'value': '18.5'}, {'type': {'value': 178, 'displayName': 'StandingSave'}}, {'type': {'value': 212, 'displayName': 'Length'}, 'value': '8.1'}, {'type': {'value': 213, 'displayName': 'Angle'}, 'value': '6.15'}, {'type': {'value': 56, 'displayName': 'Zone'}, 'value': 'Right'}, {'type': {'value': 140, 'displayName': 'PassEndX'}, 'value': '72.4'}]","[91, 119, 117, 30, 205, 36, 38, 217, 218]",True,113994.0,72.4,18.5,,,,,,,,,
2762471179.0,689,53,7.0,13,83.1,22.8,55,"{'value': 2, 'displayName': 'SecondHalf'}","{'value': 1, 'displayName': 'Pass'}","{'value': 1, 'displayName': 'Successful'}","[{'type': {'value': 212, 'displayName': 'Length'}, 'value': '7.2'}, {'type': {'value': 140, 'displayName': 'PassEndX'}, 'value': '79.0'}, {'type': {'value': 56, 'displayName': 'Zone'}, 'value': 'Center'}, {'type': {'value': 213, 'displayName': 'Angle'}, 'value': '2.22'}, {'type': {'value': 141, 'displayName': 'PassEndY'}, 'value': '31.2'}, {'type': {'value': 178, 'displayName': 'StandingSave'}}]","[91, 119, 117, 30, 205, 35, 37, 217, 218]",True,247454.0,79.0,31.2,,,,,,,,,
2762471183.0,690,53,8.0,13,79.0,31.2,55,"{'value': 2, 'displayName': 'SecondHalf'}","{'value': 1, 'displayName': 'Pass'}","{'value': 1, 'displayName': 'Successful'}","[{'type': {'value': 178, 'displayName': 'StandingSave'}}, {'type': {'value': 213, 'displayName': 'Angle'}, 'value': '1.57'}, {'type': {'value': 56, 'displayName': 'Zone'}, 'value': 'Center'}, {'type': {'value': 141, 'displayName': 'PassEndY'}, 'value': '49.6'}, {'type': {'value': 212, 'displayName': 'Length'}, 'value': '12.5'}, {'type': {'value': 140, 'displayName': 'PassEndX'}, 'value': '79.0'}]","[91, 119, 117, 30, 205, 37, 217, 218]",True,113994.0,79.0,49.6,,,,,,,,,
2762471185.0,691,53,9.0,13,79.0,49.6,55,"{'value': 2, 'displayName': 'SecondHalf'}","{'value': 1, 'displayName': 'Pass'}","{'value': 0, 'displayName': 'Unsuccessful'}","[{'type': {'value': 212, 'displayName': 'Length'}, 'value': '11.4'}, {'type': {'value': 56, 'displayName': 'Zone'}, 'value': 'Center'}, {'type': {'value': 178, 'displayName': 'StandingSave'}}, {'type': {'value': 140, 'displayName': 'PassEndX'}, 'value': '88.5'}, {'type': {'value': 141, 'displayName': 'PassEndY'}, 'value': '57.7'}, {'type': {'value': 213, 'displayName': 'Angle'}, 'value': '0.50'}]","[91, 120, 29, 36, 37, 217, 218]",True,326413.0,88.5,57.7,,,,,,,,,
2762471187.0,315,53,10.0,165,14.8,35.2,55,"{'value': 2, 'displayName': 'SecondHalf'}","{'value': 49, 'displayName': 'BallRecovery'}","{'value': 1, 'displayName': 'Successful'}",[],[93],False,349484.0,,,,,,,,,,,
2762471207.0,316,53,11.0,165,22.2,36.7,55,"{'value': 2, 'displayName': 'SecondHalf'}","{'value': 1, 'displayName': 'Pass'}","{'value': 1, 'displayName': 'Successful'}","[{'type': {'value': 141, 'displayName': 'PassEndY'}, 'value': '53.1'}, {'type': {'value': 212, 'displayName': 'Length'}, 'value': '12.9'}, {'type': {'value': 140, 'displayName': 'PassEndX'}, 'value': '28.4'}, {'type': {'value': 213, 'displayName': 'Angle'}, 'value': '1.04'}, {'type': {'value': 56, 'displayName': 'Zone'}, 'value': 'Back'}, {'type': {'value': 178, 'displayName': 'StandingSave'}}]","[91, 117, 30, 36, 37, 215, 218]",True,349484.0,28.4,53.1,,,,,,,,,
2762471209.0,317,53,14.0,165,30.0,60.4,55,"{'value': 2, 'displayName': 'SecondHalf'}","{'value': 4, 'displayName': 'Foul'}","{'value': 1, 'displayName': 'Successful'}","[{'type': {'value': 13, 'displayName': 'Foul'}}, {'type': {'value': 233, 'displayName': 'OppositeRelatedEvent'}, 'value': '692'}, {'type': {'value': 285, 'displayName': 'Defensive'}}, {'type': {'value': 56, 'displayName': 'Zone'}, 'value': 'Back'}]","[91, 63]",True,430908.0,,,,,,,,,,,
2762471205.0,692,53,14.0,13,70.0,39.6,55,"{'value': 2, 'displayName': 'SecondHalf'}","{'value': 4, 'displayName': 'Foul'}","{'value': 0, 'displayName': 'Unsuccessful'}","[{'type': {'value': 13, 'displayName': 'Foul'}}, {'type': {'value': 286, 'displayName': 'Offensive'}}, {'type': {'value': 233, 'displayName': 'OppositeRelatedEvent'}, 'value': '317'}, {'type': {'value': 178, 'displayName': 'StandingSave'}}, {'type': {'value': 55, 'displayName': 'RelatedEventId'}, 'value': '693'}, {'type': {'value': 56, 'displayName': 'Zone'}, 'value': 'Center'}]",[64],False,326413.0,,,693.0,326413.0,,,,,,,
2762471215.0,693,53,18.0,13,0.0,0.0,55,"{'value': 2, 'displayName': 'SecondHalf'}","{'value': 17, 'displayName': 'Card'}","{'value': 1, 'displayName': 'Successful'}","[{'type': {'value': 13, 'displayName': 'Foul'}, 'value': '243'}, {'type': {'value': 31, 'displayName': 'Yellow'}}, {'type': {'value': 55, 'displayName': 'RelatedEventId'}, 'value': '692'}]",[65],False,326413.0,,,692.0,326413.0,,,,,,,"{'value': 31, 'displayName': 'Yellow'}"
2762471273.0,318,53,37.0,165,32.6,62.1,55,"{'value': 2, 'displayName': 'SecondHalf'}","{'value': 1, 'displayName': 'Pass'}","{'value': 1, 'displayName': 'Successful'}","[{'type': {'value': 212, 'displayName': 'Length'}, 'value': '13.6'}, {'type': {'value': 178, 'displayName': 'StandingSave'}}, {'type': {'value': 56, 'displayName': 'Zone'}, 'value': 'Back'}, {'type': {'value': 140, 'displayName': 'PassEndX'}, 'value': '35.9'}, {'type': {'value': 5, 'displayName': 'FreekickTaken'}}, {'type': {'value': 213, 'displayName': 'Angle'}, 'value': '1.31'}, {'type': {'value': 141, 'displayName': 'PassEndY'}, 'value': '81.5'}]","[91, 117, 30, 132, 36, 37, 216, 218]",True,356599.0,35.9,81.5,,,,,,,,,
2762471275.0,319,53,39.0,165,35.9,81.5,55,"{'value': 2, 'displayName': 'SecondHalf'}","{'value': 1, 'displayName': 'Pass'}","{'value': 1, 'displayName': 'Successful'}","[{'type': {'value': 140, 'displayName': 'PassEndX'}, 'value': '42.5'}, {'type': {'value': 141, 'displayName': 'PassEndY'}, 'value': '96.2'}, {'type': {'value': 56, 'displayName': 'Zone'}, 'value': 'Back'}, {'type': {'value': 213, 'displayName': 'Angle'}, 'value': '0.96'}, {'type': {'value': 178, 'displayName': 'StandingSave'}}, {'type': {'value': 212, 'displayName': 'Length'}, 'value': '12.2'}]","[91, 117, 30, 36, 37, 216, 218]",True,381161.0,42.5,96.2,,,,,,,,,
2762471277.0,320,53,42.0,165,41.3,94.4,55,"{'value': 2, 'displayName': 'SecondHalf'}","{'value': 1, 'displayName': 'Pass'}","{'value': 1, 'displayName': 'Successful'}","[{'type': {'value': 212, 'displayName': 'Length'}, 'value': '8.9'}, {'type': {'value': 178, 'displayName': 'StandingSave'}}, {'type': {'value': 141, 'displayName': 'PassEndY'}, 'value': '89.7'}, {'type': {'value': 56, 'displayName': 'Zone'}, 'value': 'Back'}, {'type': {'value': 140, 'displayName': 'PassEndX'}, 'value': '33.4'}, {'type': {'value': 213, 'displayName': 'Angle'}, 'value': '3.51'}]","[91, 117, 30, 35, 38, 216, 218]",True,366211.0,33.4,89.7,,,,,,,,,
2762471279.0,321,53,45.0,165,31.8,84.7,55,"{'value': 2, 'displayName': 'SecondHalf'}","{'value': 1, 'displayName': 'Pass'}","{'value': 1, 'displayName': 'Successful'}","[{'type': {'value': 212, 'displayName': 'Length'}, 'value': '10.4'}, {'type': {'value': 140, 'displayName': 'PassEndX'}, 'value': '34.2'}, {'type': {'value': 56, 'displayName': 'Zone'}, 'value': 'Back'}, {'type': {'value': 213, 'displayName': 'Angle'}, 'value': '4.96'}, {'type': {'value': 141, 'displayName': 'PassEndY'}, 'value': '69.9'}, {'type': {'value': 178, 'displayName': 'StandingSave'}}]","[91, 117, 30, 36, 38, 216, 218]",True,381161.0,34.2,69.9,,,,,,,,,
2762471289.0,322,53,46.0,165,28.5,68.5,55,"{'value': 2, 'displayName': 'SecondHalf'}","{'value': 1, 'displayName': 'Pass'}","{'value': 1, 'displayName': 'Successful'}","[{'type': {'value': 140, 'displayName': 'PassEndX'}, 'value': '2.3'}, {'type': {'value': 213, 'displayName': 'Angle'}, 'value': '3.47'}, {'type': {'value': 212, 'displayName': 'Length'}, 'value': '29.1'}, {'type': {'value': 141, 'displayName': 'PassEndY'}, 'value': '54.6'}, {'type': {'value': 56, 'displayName': 'Zone'}, 'value': 'Back'}, {'type': {'value': 178, 'displayName': 'StandingSave'}}]","[91, 117, 30, 35, 38, 215, 218]",True,270446.0,2.3,54.6,,,,,,,,,
2762471297.0,323,53,52.0,165,7.8,47.6,55,"{'value': 2, 'displayName': 'SecondHalf'}","{'value': 1, 'displayName': 'Pass'}","{'value': 1, 'displayName': 'Successful'}","[{'type': {'value': 178, 'displayName': 'StandingSave'}}, {'type': {'value': 213, 'displayName': 'Angle'}, 'value': '4.61'}, {'type': {'value': 56, 'displayName': 'Zone'}, 'value': 'Back'}, {'type': {'value': 212, 'displayName': 'Length'}, 'value': '17.2'}, {'type': {'value': 141, 'displayName': 'PassEndY'}, 'value': '22.5'}, {'type': {'value': 140, 'displayName': 'PassEndX'}, 'value': '6.2'}]","[91, 117, 30, 35, 38, 215, 218]",True,362426.0,6.2,22.5,,,,,,,,,
2762471303.0,324,53,55.0,165,9.3,12.8,55,"{'value': 2, 'displayName': 'SecondHalf'}","{'value': 1, 'displayName': 'Pass'}","{'value': 1, 'displayName': 'Successful'}","[{'type': {'value': 155, 'displayName': 'Chipped'}}, {'type': {'value': 178, 'displayName': 'StandingSave'}}, {'type': {'value': 140, 'displayName': 'PassEndX'}, 'value': '45.5'}, {'type': {'value': 212, 'displayName': 'Length'}, 'value': '38.3'}, {'type': {'value': 56, 'displayName': 'Zone'}, 'value': 'Back'}, {'type': {'value': 141, 'displayName': 'PassEndY'}, 'value': '19.7'}, {'type': {'value': 1, 'displayName': 'Longball'}}, {'type': {'value': 213, 'displayName': 'Angle'}, 'value': '0.12'}]","[91, 117, 124, 127, 36, 37, 216, 218]",True,356599.0,45.5,19.7,,,,,,,,,
2762471307.0,325,53,58.0,165,45.6,18.0,55,"{'value': 2, 'displayName': 'SecondHalf'}","{'value': 61, 'displayName': 'BallTouch'}","{'value': 0, 'displayName': 'Unsuccessful'}","[{'type': {'value': 56, 'displayName': 'Zone'}, 'value': 'Back'}, {'type': {'value': 178, 'displayName': 'StandingSave'}}]","[91, 69]",True,401254.0,,,,,,,,,,,
2762471347.0,695,54,7.0,13,49.2,100.0,56,"{'value': 2, 'displayName': 'SecondHalf'}","{'value': 1, 'displayName': 'Pass'}","{'value': 1, 'displayName': 'Successful'}","[{'type': {'value': 140, 'displayName': 'PassEndX'}, 'value': '31.7'}, {'type': {'value': 213, 'displayName': 'Angle'}, 'value': '3.48'}, {'type': {'value': 212, 'displayName': 'Length'}, 'value': '19.5'}, {'type': {'value': 56, 'displayName': 'Zone'}, 'value': 'Back'}, {'type': {'value': 107, 'displayName': 'ThrowIn'}}, {'type': {'value': 141, 'displayName': 'PassEndY'}, 'value': '92.5'}]","[91, 212, 35, 38, 215]",True,467918.0,31.7,92.5,,,,,,,,,
2762471361.0,696,54,11.0,13,31.2,91.6,56,"{'value': 2, 'displayName': 'SecondHalf'}","{'value': 1, 'displayName': 'Pass'}","{'value': 1, 'displayName': 'Successful'}","[{'type': {'value': 56, 'displayName': 'Zone'}, 'value': 'Back'}, {'type': {'value': 212, 'displayName': 'Length'}, 'value': '19.3'}, {'type': {'value': 141, 'displayName': 'PassEndY'}, 'value': '73.1'}, {'type': {'value': 178, 'displayName': 'StandingSave'}}, {'type': {'value': 140, 'displayName': 'PassEndX'}, 'value': '17.3'}, {'type': {'value': 213, 'displayName': 'Angle'}, 'value': '3.85'}]","[91, 117, 30, 35, 38, 215, 218]",True,334087.0,17.3,73.1,,,,,,,,,
2762471371.0,697,54,16.0,13,15.3,65.5,56,"{'value': 2, 'displayName': 'SecondHalf'}","{'value': 1, 'displayName': 'Pass'}","{'value': 1, 'displayName': 'Successful'}","[{'type': {'value': 178, 'displayName': 'StandingSave'}}, {'type': {'value': 141, 'displayName': 'PassEndY'}, 'value': '36.4'}, {'type': {'value': 213, 'displayName': 'Angle'}, 'value': '5.04'}, {'type': {'value': 140, 'displayName': 'PassEndX'}, 'value': '21.6'}, {'type': {'value': 56, 'displayName': 'Zone'}, 'value': 'Back'}, {'type': {'value': 212, 'displayName': 'Length'}, 'value': '20.9'}]","[91, 117, 30, 36, 38, 215, 218]",True,276366.0,21.6,36.4,,,,,,,,,
2762471393.0,698,54,20.0,13,21.6,36.4,56,"{'value': 2, 'displayName': 'SecondHalf'}","{'value': 1, 'displayName': 'Pass'}","{'value': 1, 'displayName': 'Successful'}","[{'type': {'value': 141, 'displayName': 'PassEndY'}, 'value': '63.7'}, {'type': {'value': 140, 'displayName': 'PassEndX'}, 'value': '20.8'}, {'type': {'value': 178, 'displayName': 'StandingSave'}}, {'type': {'value': 56, 'displayName': 'Zone'}, 'value': 'Back'}, {'type': {'value': 212, 'displayName': 'Length'}, 'value': '18.6'}, {'type': {'value': 213, 'displayName': 'Angle'}, 'value': '1.62'}]","[91, 117, 30, 35, 37, 215, 218]",True,361822.0,20.8,63.7,,,,,,,,,
2762471405.0,699,54,24.0,13,22.9,59.0,56,"{'value': 2, 'displayName': 'SecondHalf'}","{'value': 1, 'displayName': 'Pass'}","{'value': 0, 'displayName': 'Unsuccessful'}","[{'type': {'value': 56, 'displayName': 'Zone'}, 'value': 'Right'}, {'type': {'value': 155, 'displayName': 'Chipped'}}, {'type': {'value': 212, 'displayName': 'Length'}, 'value': '52.4'}, {'type': {'value': 213, 'displayName': 'Angle'}, 'value': '5.70'}, {'type': {'value': 1, 'displayName': 'Longball'}}, {'type': {'value': 140, 'displayName': 'PassEndX'}, 'value': '64.6'}, {'type': {'value': 141, 'displayName': 'PassEndY'}, 'value': '16.7'}, {'type': {'value': 178, 'displayName': 'StandingSave'}}]","[91, 120, 124, 128, 36, 38, 216, 218]",True,276366.0,64.6,16.7,,,,,,,,,
2762471409.0,327,54,27.0,165,33.6,83.5,56,"{'value': 2, 'displayName': 'SecondHalf'}","{'value': 4, 'displayName': 'Foul'}","{'value': 1, 'displayName': 'Successful'}","[{'type': {'value': 13, 'displayName': 'Foul'}}, {'type': {'value': 286, 'displayName': 'Offensive'}}, {'type': {'value': 56, 'displayName': 'Zone'}, 'value': 'Back'}, {'type': {'value': 233, 'displayName': 'OppositeRelatedEvent'}, 'value': '700'}]","[91, 63]",True,366211.0,,,,,,,,,,,
2762471411.0,700,54,27.0,13,66.4,16.5,56,"{'value': 2, 'displayName': 'SecondHalf'}","{'value': 4, 'displayName': 'Foul'}","{'value': 0, 'displayName': 'Unsuccessful'}","[{'type': {'value': 178, 'displayName': 'StandingSave'}}, {'type': {'value': 13, 'displayName': 'Foul'}}, {'type': {'value': 285, 'displayName': 'Defensive'}}, {'type': {'value': 56, 'displayName': 'Zone'}, 'value': 'Right'}, {'type': {'value': 233, 'displayName': 'OppositeRelatedEvent'}, 'value': '327'}]",[64],False,380706.0,,,,,,,,,,,
2762471459.0,328,54,50.0,165,35.3,84.2,56,"{'value': 2, 'displayName': 'SecondHalf'}","{'value': 1, 'displayName': 'Pass'}","{'value': 1, 'displayName': 'Successful'}","[{'type': {'value': 56, 'displayName': 'Zone'}, 'value': 'Back'}, {'type': {'value': 178, 'displayName': 'StandingSave'}}, {'type': {'value': 140, 'displayName': 'PassEndX'}, 'value': '22.1'}, {'type': {'value': 212, 'displayName': 'Length'}, 'value': '19.0'}, {'type': {'value': 213, 'displayName': 'Angle'}, 'value': '3.89'}, {'type': {'value': 141, 'displayName': 'PassEndY'}, 'value': '65.1'}, {'type': {'value': 5, 'displayName': 'FreekickTaken'}}]","[91, 117, 30, 132, 35, 38, 215, 218]",True,381161.0,22.1,65.1,,,,,,,,,
2762471463.0,329,54,53.0,165,21.2,64.5,56,"{'value': 2, 'displayName': 'SecondHalf'}","{'value': 1, 'displayName': 'Pass'}","{'value': 1, 'displayName': 'Successful'}","[{'type': {'value': 56, 'displayName': 'Zone'}, 'value': 'Back'}, {'type': {'value': 141, 'displayName': 'PassEndY'}, 'value': '36.9'}, {'type': {'value': 213, 'displayName': 'Angle'}, 'value': '4.75'}, {'type': {'value': 140, 'displayName': 'PassEndX'}, 'value': '21.9'}, {'type': {'value': 212, 'displayName': 'Length'}, 'value': '18.8'}, {'type': {'value': 178, 'displayName': 'StandingSave'}}]","[91, 117, 30, 36, 38, 215, 218]",True,362426.0,21.9,36.9,,,,,,,,,
2762471481.0,330,54,56.0,165,22.0,34.0,56,"{'value': 2, 'displayName': 'SecondHalf'}","{'value': 1, 'displayName': 'Pass'}","{'value': 1, 'displayName': 'Successful'}","[{'type': {'value': 212, 'displayName': 'Length'}, 'value': '18.7'}, {'type': {'value': 213, 'displayName': 'Angle'}, 'value': '4.49'}, {'type': {'value': 141, 'displayName': 'PassEndY'}, 'value': '7.1'}, {'type': {'value': 140, 'displayName': 'PassEndX'}, 'value': '18.1'}, {'type': {'value': 56, 'displayName': 'Zone'}, 'value': 'Back'}, {'type': {'value': 178, 'displayName': 'StandingSave'}}]","[91, 117, 30, 35, 38, 215, 218]",True,356599.0,18.1,7.1,,,,,,,,,
2762471487.0,331,54,59.0,165,18.1,7.1,56,"{'value': 2, 'displayName': 'SecondHalf'}","{'value': 1, 'displayName': 'Pass'}","{'value': 1, 'displayName': 'Successful'}","[{'type': {'value': 178, 'displayName': 'StandingSave'}}, {'type': {'value': 140, 'displayName': 'PassEndX'}, 'value': '45.8'}, {'type': {'value': 155, 'displayName': 'Chipped'}}, {'type': {'value': 141, 'displayName': 'PassEndY'}, 'value': '11.7'}, {'type': {'value': 56, 'displayName': 'Zone'}, 'value': 'Back'}, {'type': {'value': 213, 'displayName': 'Angle'}, 'value': '0.11'}, {'type': {'value': 212, 'displayName': 'Length'}, 'value': '29.3'}]","[91, 117, 30, 124, 36, 37, 216, 218]",True,362826.0,45.8,11.7,,,,,,,,,
2762471489.0,332,55,1.0,165,47.2,10.0,57,"{'value': 2, 'displayName': 'SecondHalf'}","{'value': 50, 'displayName': 'Dispossessed'}","{'value': 1, 'displayName': 'Successful'}","[{'type': {'value': 286, 'displayName': 'Offensive'}}, {'type': {'value': 233, 'displayName': 'OppositeRelatedEvent'}, 'value': '701'}, {'type': {'value': 56, 'displayName': 'Zone'}, 'value': 'Back'}]","[91, 70]",True,401254.0,,,,,,,,,,,
2762471497.0,701,55,1.0,13,52.8,90.0,57,"{'value': 2, 'displayName': 'SecondHalf'}","{'value': 7, 'displayName': 'Tackle'}","{'value': 1, 'displayName': 'Successful'}","[{'type': {'value': 285, 'displayName': 'Defensive'}}, {'type': {'value': 178, 'displayName': 'StandingSave'}}, {'type': {'value': 56, 'displayName': 'Zone'}, 'value': 'Left'}, {'type': {'value': 233, 'displayName': 'OppositeRelatedEvent'}, 'value': '332'}]","[91, 143]",True,361822.0,,,,,,,,,,,
2762471537.0,334,55,20.0,165,42.0,0.0,57,"{'value': 2, 'displayName': 'SecondHalf'}","{'value': 1, 'displayName': 'Pass'}","{'value': 0, 'displayName': 'Unsuccessful'}","[{'type': {'value': 107, 'displayName': 'ThrowIn'}}, {'type': {'value': 213, 'displayName': 'Angle'}, 'value': '0.17'}, {'type': {'value': 141, 'displayName': 'PassEndY'}, 'value': '4.1'}, {'type': {'value': 212, 'displayName': 'Length'}, 'value': '22.4'}, {'type': {'value': 140, 'displayName': 'PassEndX'}, 'value': '63.0'}, {'type': {'value': 56, 'displayName': 'Zone'}, 'value': 'Right'}, {'type': {'value': 1, 'displayName': 'Longball'}}]","[91, 212, 36, 37, 216]",True,362826.0,63.0,4.1,,,,,,,,,
2762471539.0,703,55,22.0,13,34.2,93.0,57,"{'value': 2, 'displayName': 'SecondHalf'}","{'value': 12, 'displayName': 'Clearance'}","{'value': 1, 'displayName': 'Successful'}","[{'type': {'value': 212, 'displayName': 'Length'}, 'value': '7.2'}, {'type': {'value': 213, 'displayName': 'Angle'}, 'value': '1.01'}, {'type': {'value': 15, 'displayName': 'Head'}}, {'type': {'value': 140, 'displayName': 'PassEndX'}, 'value': '37.9'}, {'type': {'value': 141, 'displayName': 'PassEndY'}, 'value': '100.0'}, {'type': {'value': 56, 'displayName': 'Zone'}, 'value': 'Back'}]","[91, 94, 95, 57, 216]",True,334087.0,37.9,100.0,,,,,,,,,
2762471561.0,336,55,37.0,165,60.8,0.0,57,"{'value': 2, 'displayName': 'SecondHalf'}","{'value': 1, 'displayName': 'Pass'}","{'value': 1, 'displayName': 'Successful'}","[{'type': {'value': 140, 'displayName': 'PassEndX'}, 'value': '65.0'}, {'type': {'value': 213, 'displayName': 'Angle'}, 'value': '1.16'}, {'type': {'value': 56, 'displayName': 'Zone'}, 'value': 'Right'}, {'type': {'value': 107, 'displayName': 'ThrowIn'}}, {'type': {'value': 212, 'displayName': 'Length'}, 'value': '11.1'}, {'type': {'value': 141, 'displayName': 'PassEndY'}, 'value': '12.9'}]","[91, 212, 36, 37, 216]",True,362826.0,65.0,12.9,,,,,,,,,
2762471563.0,337,55,39.0,165,64.3,13.1,57,"{'value': 2, 'displayName': 'SecondHalf'}","{'value': 1, 'displayName': 'Pass'}","{'value': 0, 'displayName': 'Unsuccessful'}","[{'type': {'value': 212, 'displayName': 'Length'}, 'value': '3.5'}, {'type': {'value': 141, 'displayName': 'PassEndY'}, 'value': '14.3'}, {'type': {'value': 178, 'displayName': 'StandingSave'}}, {'type': {'value': 213, 'displayName': 'Angle'}, 'value': '2.90'}, {'type': {'value': 56, 'displayName': 'Zone'}, 'value': 'Right'}, {'type': {'value': 140, 'displayName': 'PassEndX'}, 'value': '61.1'}]","[91, 120, 29, 35, 37, 216, 218]",True,270446.0,61.1,14.3,,,,,,,,,
2762471569.0,338,55,39.0,165,60.2,14.0,57,"{'value': 2, 'displayName': 'SecondHalf'}","{'value': 4, 'displayName': 'Foul'}","{'value': 1, 'displayName': 'Successful'}","[{'type': {'value': 56, 'displayName': 'Zone'}, 'value': 'Right'}, {'type': {'value': 286, 'displayName': 'Offensive'}}, {'type': {'value': 233, 'displayName': 'OppositeRelatedEvent'}, 'value': '705'}]","[91, 63]",True,,,,,,,,,,,,
2762471567.0,705,55,39.0,13,39.8,86.0,57,"{'value': 2, 'displayName': 'SecondHalf'}","{'value': 4, 'displayName': 'Foul'}","{'value': 0, 'displayName': 'Unsuccessful'}","[{'type': {'value': 56, 'displayName': 'Zone'}, 'value': 'Back'}, {'type': {'value': 178, 'displayName': 'StandingSave'}}, {'type': {'value': 233, 'displayName': 'OppositeRelatedEvent'}, 'value': '338'}, {'type': {'value': 285, 'displayName': 'Defensive'}}]",[64],False,279379.0,,,,,,,,,,,
2762471639.0,339,56,10.0,165,60.0,11.7,58,"{'value': 2, 'displayName': 'SecondHalf'}","{'value': 1, 'displayName': 'Pass'}","{'value': 0, 'displayName': 'Unsuccessful'}","[{'type': {'value': 212, 'displayName': 'Length'}, 'value': '44.7'}, {'type': {'value': 1, 'displayName': 'Longball'}}, {'type': {'value': 56, 'displayName': 'Zone'}, 'value': 'Center'}, {'type': {'value': 140, 'displayName': 'PassEndX'}, 'value': '84.6'}, {'type': {'value': 141, 'displayName': 'PassEndY'}, 'value': '65.4'}, {'type': {'value': 178, 'displayName': 'StandingSave'}}, {'type': {'value': 213, 'displayName': 'Angle'}, 'value': '0.96'}, {'type': {'value': 5, 'displayName': 'FreekickTaken'}}]","[91, 120, 128, 133, 36, 37, 217, 218]",True,356599.0,84.6,65.4,,,,,,,,,
2762471649.0,706,56,13.0,13,15.8,34.0,58,"{'value': 2, 'displayName': 'SecondHalf'}","{'value': 44, 'displayName': 'Aerial'}","{'value': 1, 'displayName': 'Successful'}","[{'type': {'value': 285, 'displayName': 'Defensive'}}, {'type': {'value': 56, 'displayName': 'Zone'}, 'value': 'Back'}, {'type': {'value': 233, 'displayName': 'OppositeRelatedEvent'}, 'value': '340'}]","[197, 200]",False,334087.0,,,,,,,,,,,
2762471641.0,340,56,13.0,165,84.2,66.0,58,"{'value': 2, 'displayName': 'SecondHalf'}","{'value': 44, 'displayName': 'Aerial'}","{'value': 0, 'displayName': 'Unsuccessful'}","[{'type': {'value': 286, 'displayName': 'Offensive'}}, {'type': {'value': 233, 'displayName': 'OppositeRelatedEvent'}, 'value': '706'}, {'type': {'value': 56, 'displayName': 'Zone'}, 'value': 'Center'}]","[198, 199]",False,381161.0,,,,,,,,,,,
2762471651.0,707,56,13.0,13,16.5,33.1,58,"{'value': 2, 'displayName': 'SecondHalf'}","{'value': 12, 'displayName': 'Clearance'}","{'value': 1, 'displayName': 'Successful'}","[{'type': {'value': 140, 'displayName': 'PassEndX'}, 'value': '29.2'}, {'type': {'value': 56, 'displayName': 'Zone'}, 'value': 'Back'}, {'type': {'value': 212, 'displayName': 'Length'}, 'value': '13.4'}, {'type': {'value': 141, 'displayName': 'PassEndY'}, 'value': '30.6'}, {'type': {'value': 15, 'displayName': 'Head'}}, {'type': {'value': 213, 'displayName': 'Angle'}, 'value': '6.16'}]","[91, 94, 95, 57, 215]",True,334087.0,29.2,30.6,,,,,,,,,
2762471667.0,341,56,18.0,165,69.8,65.1,58,"{'value': 2, 'displayName': 'SecondHalf'}","{'value': 1, 'displayName': 'Pass'}","{'value': 1, 'displayName': 'Successful'}","[{'type': {'value': 56, 'displayName': 'Zone'}, 'value': 'Center'}, {'type': {'value': 141, 'displayName': 'PassEndY'}, 'value': '47.6'}, {'type': {'value': 213, 'displayName': 'Angle'}, 'value': '3.92'}, {'type': {'value': 140, 'displayName': 'PassEndX'}, 'value': '58.4'}, {'type': {'value': 212, 'displayName': 'Length'}, 'value': '16.9'}, {'type': {'value': 178, 'displayName': 'StandingSave'}}]","[91, 119, 117, 30, 35, 38, 216, 218]",True,404108.0,58.4,47.6,,,,,,,,,
2762471685.0,342,56,28.0,165,76.8,7.1,58,"{'value': 2, 'displayName': 'SecondHalf'}","{'value': 1, 'displayName': 'Pass'}","{'value': 1, 'displayName': 'Successful'}","[{'type': {'value': 140, 'displayName': 'PassEndX'}, 'value': '80.4'}, {'type': {'value': 141, 'displayName': 'PassEndY'}, 'value': '12.6'}, {'type': {'value': 212, 'displayName': 'Length'}, 'value': '5.3'}, {'type': {'value': 178, 'displayName': 'StandingSave'}}, {'type': {'value': 56, 'displayName': 'Zone'}, 'value': 'Right'}, {'type': {'value': 213, 'displayName': 'Angle'}, 'value': '0.78'}]","[91, 119, 117, 30, 205, 36, 37, 217, 218]",True,356599.0,80.4,12.6,,,,,,,,,
2762471689.0,343,56,30.0,165,80.8,11.0,58,"{'value': 2, 'displayName': 'SecondHalf'}","{'value': 3, 'displayName': 'TakeOn'}","{'value': 0, 'displayName': 'Unsuccessful'}","[{'type': {'value': 56, 'displayName': 'Zone'}, 'value': 'Right'}, {'type': {'value': 286, 'displayName': 'Offensive'}}, {'type': {'value': 233, 'displayName': 'OppositeRelatedEvent'}, 'value': '710'}, {'type': {'value': 178, 'displayName': 'StandingSave'}}]","[91, 53]",True,349484.0,,,,,,,,,,,
2762471693.0,710,56,30.0,13,19.2,89.0,58,"{'value': 2, 'displayName': 'SecondHalf'}","{'value': 7, 'displayName': 'Tackle'}","{'value': 1, 'displayName': 'Successful'}","[{'type': {'value': 178, 'displayName': 'StandingSave'}}, {'type': {'value': 21, 'displayName': 'OtherBodyPart'}}, {'type': {'value': 285, 'displayName': 'Defensive'}}, {'type': {'value': 56, 'displayName': 'Zone'}, 'value': 'Back'}, {'type': {'value': 233, 'displayName': 'OppositeRelatedEvent'}, 'value': '343'}]","[91, 143]",True,467918.0,,,,,,,,,,,
2762471695.0,711,56,31.0,13,17.6,93.4,58,"{'value': 2, 'displayName': 'SecondHalf'}","{'value': 49, 'displayName': 'BallRecovery'}","{'value': 1, 'displayName': 'Successful'}",[],[93],False,467918.0,,,,,,,,,,,
2762471697.0,712,56,34.0,13,17.0,92.4,58,"{'value': 2, 'displayName': 'SecondHalf'}","{'value': 3, 'displayName': 'TakeOn'}","{'value': 0, 'displayName': 'Unsuccessful'}","[{'type': {'value': 178, 'displayName': 'StandingSave'}}, {'type': {'value': 285, 'displayName': 'Defensive'}}, {'type': {'value': 233, 'displayName': 'OppositeRelatedEvent'}, 'value': '344'}, {'type': {'value': 56, 'displayName': 'Zone'}, 'value': 'Back'}]","[91, 53]",True,467918.0,,,,,,,,,,,
2762471699.0,344,56,34.0,165,83.0,7.6,58,"{'value': 2, 'displayName': 'SecondHalf'}","{'value': 7, 'displayName': 'Tackle'}","{'value': 1, 'displayName': 'Successful'}","[{'type': {'value': 233, 'displayName': 'OppositeRelatedEvent'}, 'value': '712'}, {'type': {'value': 178, 'displayName': 'StandingSave'}}, {'type': {'value': 56, 'displayName': 'Zone'}, 'value': 'Right'}, {'type': {'value': 286, 'displayName': 'Offensive'}}]","[91, 143]",True,430908.0,,,,,,,,,,,
2762471701.0,345,56,36.0,165,89.5,4.7,58,"{'value': 2, 'displayName': 'SecondHalf'}","{'value': 49, 'displayName': 'BallRecovery'}","{'value': 1, 'displayName': 'Successful'}",[],[93],False,430908.0,,,,,,,,,,,
2762471715.0,346,56,40.0,165,95.2,9.5,58,"{'value': 2, 'displayName': 'SecondHalf'}","{'value': 1, 'displayName': 'Pass'}","{'value': 1, 'displayName': 'Successful'}","[{'type': {'value': 141, 'displayName': 'PassEndY'}, 'value': '68.4'}, {'type': {'value': 155, 'displayName': 'Chipped'}}, {'type': {'value': 1, 'displayName': 'Longball'}}, {'type': {'value': 212, 'displayName': 'Length'}, 'value': '40.3'}, {'type': {'value': 72, 'displayName': 'LeftFoot'}}, {'type': {'value': 140, 'displayName': 'PassEndX'}, 'value': '90.8'}, {'type': {'value': 178, 'displayName': 'StandingSave'}}, {'type': {'value': 2, 'displayName': 'Cross'}}, {'type': {'value': 56, 'displayName': 'Zone'}, 'value': 'Center'}, {'type': {'value': 213, 'displayName': 'Angle'}, 'value': '1.69'}]","[91, 119, 138, 124, 125, 35, 37, 217, 218]",True,430908.0,90.8,68.4,,,,,,,,,
2762471717.0,347,56,42.0,165,90.8,68.4,58,"{'value': 2, 'displayName': 'SecondHalf'}","{'value': 1, 'displayName': 'Pass'}","{'value': 0, 'displayName': 'Unsuccessful'}","[{'type': {'value': 140, 'displayName': 'PassEndX'}, 'value': '92.0'}, {'type': {'value': 213, 'displayName': 'Angle'}, 'value': '4.79'}, {'type': {'value': 212, 'displayName': 'Length'}, 'value': '15.6'}, {'type': {'value': 56, 'displayName': 'Zone'}, 'value': 'Center'}, {'type': {'value': 3, 'displayName': 'HeadPass'}}, {'type': {'value': 178, 'displayName': 'StandingSave'}}, {'type': {'value': 141, 'displayName': 'PassEndY'}, 'value': '45.5'}]","[91, 120, 29, 139, 36, 38, 217, 218]",True,366211.0,92.0,45.5,,,,,,,,,
2762471731.0,713,56,45.0,13,8.6,58.5,58,"{'value': 2, 'displayName': 'SecondHalf'}","{'value': 12, 'displayName': 'Clearance'}","{'value': 1, 'displayName': 'Successful'}","[{'type': {'value': 141, 'displayName': 'PassEndY'}, 'value': '54.8'}, {'type': {'value': 212, 'displayName': 'Length'}, 'value': '20.2'}, {'type': {'value': 178, 'displayName': 'StandingSave'}}, {'type': {'value': 213, 'displayName': 'Angle'}, 'value': '6.16'}, {'type': {'value': 56, 'displayName': 'Zone'}, 'value': 'Back'}, {'type': {'value': 140, 'displayName': 'PassEndX'}, 'value': '27.7'}]","[91, 94, 95, 215]",True,467918.0,27.7,54.8,,,,,,,,,
2762471723.0,348,56,47.0,165,72.6,44.6,58,"{'value': 2, 'displayName': 'SecondHalf'}","{'value': 15, 'displayName': 'SavedShot'}","{'value': 1, 'displayName': 'Successful'}","[{'type': {'value': 78, 'displayName': 'LowCentre'}}, {'type': {'value': 102, 'displayName': 'GoalMouthY'}, 'value': '51.1'}, {'type': {'value': 178, 'displayName': 'StandingSave'}}, {'type': {'value': 147, 'displayName': 'BlockedY'}, 'value': '45.8'}, {'type': {'value': 146, 'displayName': 'BlockedX'}, 'value': '77.9'}, {'type': {'value': 215, 'displayName': 'IndividualPlay'}}, {'type': {'value': 233, 'displayName': 'OppositeRelatedEvent'}, 'value': '714'}, {'type': {'value': 82, 'displayName': 'Blocked'}}, {'type': {'value': 56, 'displayName': 'Zone'}, 'value': 'Center'}, {'type': {'value': 20, 'displayName': 'RightFoot'}}, {'type': {'value': 22, 'displayName': 'RegularPlay'}}, {'type': {'value': 18, 'displayName': 'OutOfBoxCentre'}}, {'type': {'value': 103, 'displayName': 'GoalMouthZ'}, 'value': '19'}]","[91, 10, 2, 3, 11, 12]",True,270446.0,,,,,77.9,45.8,19.0,51.1,True,,
2762471733.0,714,56,48.0,13,21.8,56.5,58,"{'value': 2, 'displayName': 'SecondHalf'}","{'value': 10, 'displayName': 'Save'}","{'value': 1, 'displayName': 'Successful'}","[{'type': {'value': 56, 'displayName': 'Zone'}, 'value': 'Back'}, {'type': {'value': 178, 'displayName': 'StandingSave'}}, {'type': {'value': 233, 'displayName': 'OppositeRelatedEvent'}, 'value': '348'}, {'type': {'value': 94, 'displayName': 'OutfielderBlock'}}]","[91, 58]",True,332325.0,,,,,,,,,,,
2762471743.0,349,56,49.0,165,73.3,39.1,58,"{'value': 2, 'displayName': 'SecondHalf'}","{'value': 1, 'displayName': 'Pass'}","{'value': 1, 'displayName': 'Successful'}","[{'type': {'value': 212, 'displayName': 'Length'}, 'value': '8.8'}, {'type': {'value': 141, 'displayName': 'PassEndY'}, 'value': '26.8'}, {'type': {'value': 56, 'displayName': 'Zone'}, 'value': 'Center'}, {'type': {'value': 178, 'displayName': 'StandingSave'}}, {'type': {'value': 213, 'displayName': 'Angle'}, 'value': '4.40'}, {'type': {'value': 140, 'displayName': 'PassEndX'}, 'value': '70.7'}]","[91, 119, 117, 30, 205, 35, 38, 217, 218]",True,270446.0,70.7,26.8,,,,,,,,,
2762471747.0,350,56,54.0,165,73.4,31.8,58,"{'value': 2, 'displayName': 'SecondHalf'}","{'value': 1, 'displayName': 'Pass'}","{'value': 1, 'displayName': 'Successful'}","[{'type': {'value': 212, 'displayName': 'Length'}, 'value': '19.6'}, {'type': {'value': 178, 'displayName': 'StandingSave'}}, {'type': {'value': 56, 'displayName': 'Zone'}, 'value': 'Right'}, {'type': {'value': 141, 'displayName': 'PassEndY'}, 'value': '5.3'}, {'type': {'value': 213, 'displayName': 'Angle'}, 'value': '5.11'}, {'type': {'value': 140, 'displayName': 'PassEndX'}, 'value': '80.7'}]","[91, 119, 117, 30, 205, 36, 38, 217, 218]",True,362826.0,80.7,5.3,,,,,,,,,
2762471753.0,351,56,59.0,165,82.8,7.4,58,"{'value': 2, 'displayName': 'SecondHalf'}","{'value': 1, 'displayName': 'Pass'}","{'value': 1, 'displayName': 'Successful'}","[{'type': {'value': 213, 'displayName': 'Angle'}, 'value': '2.72'}, {'type': {'value': 141, 'displayName': 'PassEndY'}, 'value': '11.4'}, {'type': {'value': 178, 'displayName': 'StandingSave'}}, {'type': {'value': 140, 'displayName': 'PassEndX'}, 'value': '77.1'}, {'type': {'value': 56, 'displayName': 'Zone'}, 'value': 'Right'}, {'type': {'value': 212, 'displayName': 'Length'}, 'value': '6.6'}]","[91, 119, 117, 30, 205, 35, 37, 217, 218]",True,349484.0,77.1,11.4,,,,,,,,,
2762471755.0,352,57,1.0,165,75.3,14.1,59,"{'value': 2, 'displayName': 'SecondHalf'}","{'value': 1, 'displayName': 'Pass'}","{'value': 0, 'displayName': 'Unsuccessful'}","[{'type': {'value': 212, 'displayName': 'Length'}, 'value': '25.0'}, {'type': {'value': 155, 'displayName': 'Chipped'}}, {'type': {'value': 213, 'displayName': 'Angle'}, 'value': '1.09'}, {'type': {'value': 56, 'displayName': 'Zone'}, 'value': 'Center'}, {'type': {'value': 2, 'displayName': 'Cross'}}, {'type': {'value': 141, 'displayName': 'PassEndY'}, 'value': '46.7'}, {'type': {'value': 178, 'displayName': 'StandingSave'}}, {'type': {'value': 72, 'displayName': 'LeftFoot'}}, {'type': {'value': 140, 'displayName': 'PassEndX'}, 'value': '86.4'}]","[91, 138, 124, 126, 36, 37, 217, 218]",True,430908.0,86.4,46.7,,,,,,,,,
2762471761.0,715,57,3.0,13,20.4,61.0,59,"{'value': 2, 'displayName': 'SecondHalf'}","{'value': 3, 'displayName': 'TakeOn'}","{'value': 0, 'displayName': 'Unsuccessful'}","[{'type': {'value': 285, 'displayName': 'Defensive'}}, {'type': {'value': 178, 'displayName': 'StandingSave'}}, {'type': {'value': 56, 'displayName': 'Zone'}, 'value': 'Back'}, {'type': {'value': 233, 'displayName': 'OppositeRelatedEvent'}, 'value': '353'}]","[91, 53]",True,332325.0,,,,,,,,,,,
2762471763.0,353,57,4.0,165,79.6,39.0,59,"{'value': 2, 'displayName': 'SecondHalf'}","{'value': 7, 'displayName': 'Tackle'}","{'value': 1, 'displayName': 'Successful'}","[{'type': {'value': 286, 'displayName': 'Offensive'}}, {'type': {'value': 56, 'displayName': 'Zone'}, 'value': 'Center'}, {'type': {'value': 178, 'displayName': 'StandingSave'}}, {'type': {'value': 233, 'displayName': 'OppositeRelatedEvent'}, 'value': '715'}]","[91, 143]",True,270446.0,,,,,,,,,,,
2762471767.0,354,57,6.0,165,71.2,48.2,59,"{'value': 2, 'displayName': 'SecondHalf'}","{'value': 1, 'displayName': 'Pass'}","{'value': 1, 'displayName': 'Successful'}","[{'type': {'value': 212, 'displayName': 'Length'}, 'value': '16.8'}, {'type': {'value': 56, 'displayName': 'Zone'}, 'value': 'Center'}, {'type': {'value': 140, 'displayName': 'PassEndX'}, 'value': '67.5'}, {'type': {'value': 178, 'displayName': 'StandingSave'}}, {'type': {'value': 141, 'displayName': 'PassEndY'}, 'value': '72.3'}, {'type': {'value': 213, 'displayName': 'Angle'}, 'value': '1.80'}]","[91, 119, 117, 30, 205, 35, 37, 217, 218]",True,270446.0,67.5,72.3,,,,,,,,,
2762471779.0,355,57,8.0,165,67.5,72.3,59,"{'value': 2, 'displayName': 'SecondHalf'}","{'value': 1, 'displayName': 'Pass'}","{'value': 1, 'displayName': 'Successful'}","[{'type': {'value': 178, 'displayName': 'StandingSave'}}, {'type': {'value': 212, 'displayName': 'Length'}, 'value': '19.7'}, {'type': {'value': 141, 'displayName': 'PassEndY'}, 'value': '94.1'}, {'type': {'value': 140, 'displayName': 'PassEndX'}, 'value': '79.9'}, {'type': {'value': 213, 'displayName': 'Angle'}, 'value': '0.85'}, {'type': {'value': 56, 'displayName': 'Zone'}, 'value': 'Left'}]","[91, 119, 117, 30, 205, 36, 37, 217, 218]",True,381161.0,79.9,94.1,,,,,,,,,
2762471781.0,356,57,11.0,165,86.6,93.8,59,"{'value': 2, 'displayName': 'SecondHalf'}","{'value': 1, 'displayName': 'Pass'}","{'value': 0, 'displayName': 'Unsuccessful'}","[{'type': {'value': 155, 'displayName': 'Chipped'}}, {'type': {'value': 140, 'displayName': 'PassEndX'}, 'value': '89.9'}, {'type': {'value': 213, 'displayName': 'Angle'}, 'value': '4.86'}, {'type': {'value': 141, 'displayName': 'PassEndY'}, 'value': '60.0'}, {'type': {'value': 2, 'displayName': 'Cross'}}, {'type': {'value': 212, 'displayName': 'Length'}, 'value': '23.2'}, {'type': {'value': 72, 'displayName': 'LeftFoot'}}, {'type': {'value': 178, 'displayName': 'StandingSave'}}, {'type': {'value': 56, 'displayName': 'Zone'}, 'value': 'Center'}]","[91, 138, 124, 126, 36, 38, 217, 218]",True,366211.0,89.9,60.0,,,,,,,,,
2762471793.0,716,57,12.0,13,8.9,35.7,59,"{'value': 2, 'displayName': 'SecondHalf'}","{'value': 12, 'displayName': 'Clearance'}","{'value': 1, 'displayName': 'Successful'}","[{'type': {'value': 140, 'displayName': 'PassEndX'}, 'value': '8.4'}, {'type': {'value': 213, 'displayName': 'Angle'}, 'value': '1.58'}, {'type': {'value': 212, 'displayName': 'Length'}, 'value': '41.0'}, {'type': {'value': 56, 'displayName': 'Zone'}, 'value': 'Back'}, {'type': {'value': 15, 'displayName': 'Head'}}, {'type': {'value': 141, 'displayName': 'PassEndY'}, 'value': '96.0'}]","[91, 94, 95, 57, 215]",True,361822.0,8.4,96.0,,,,,,,,,
2762471805.0,717,57,14.0,13,8.4,96.2,59,"{'value': 2, 'displayName': 'SecondHalf'}","{'value': 49, 'displayName': 'BallRecovery'}","{'value': 1, 'displayName': 'Successful'}",[],[93],False,113994.0,,,,,,,,,,,
2762471813.0,718,57,19.0,13,7.9,95.9,59,"{'value': 2, 'displayName': 'SecondHalf'}","{'value': 1, 'displayName': 'Pass'}","{'value': 1, 'displayName': 'Successful'}","[{'type': {'value': 212, 'displayName': 'Length'}, 'value': '9.4'}, {'type': {'value': 178, 'displayName': 'StandingSave'}}, {'type': {'value': 56, 'displayName': 'Zone'}, 'value': 'Back'}, {'type': {'value': 141, 'displayName': 'PassEndY'}, 'value': '82.2'}, {'type': {'value': 140, 'displayName': 'PassEndX'}, 'value': '6.4'}, {'type': {'value': 213, 'displayName': 'Angle'}, 'value': '4.54'}]","[91, 117, 30, 35, 38, 215, 218]",True,113994.0,6.4,82.2,,,,,,,,,
2762471815.0,719,57,23.0,13,4.6,85.6,59,"{'value': 2, 'displayName': 'SecondHalf'}","{'value': 1, 'displayName': 'Pass'}","{'value': 1, 'displayName': 'Successful'}","[{'type': {'value': 141, 'displayName': 'PassEndY'}, 'value': '72.7'}, {'type': {'value': 178, 'displayName': 'StandingSave'}}, {'type': {'value': 56, 'displayName': 'Zone'}, 'value': 'Back'}, {'type': {'value': 213, 'displayName': 'Angle'}, 'value': '4.63'}, {'type': {'value': 140, 'displayName': 'PassEndX'}, 'value': '3.9'}, {'type': {'value': 212, 'displayName': 'Length'}, 'value': '8.8'}]","[91, 117, 30, 35, 38, 215, 218]",True,467918.0,3.9,72.7,,,,,,,,,
2762471823.0,720,57,24.0,13,3.9,72.7,59,"{'value': 2, 'displayName': 'SecondHalf'}","{'value': 1, 'displayName': 'Pass'}","{'value': 0, 'displayName': 'Unsuccessful'}","[{'type': {'value': 178, 'displayName': 'StandingSave'}}, {'type': {'value': 140, 'displayName': 'PassEndX'}, 'value': '31.7'}, {'type': {'value': 56, 'displayName': 'Zone'}, 'value': 'Back'}, {'type': {'value': 213, 'displayName': 'Angle'}, 'value': '0.26'}, {'type': {'value': 212, 'displayName': 'Length'}, 'value': '30.2'}, {'type': {'value': 141, 'displayName': 'PassEndY'}, 'value': '83.9'}, {'type': {'value': 1, 'displayName': 'Longball'}}]","[91, 118, 120, 128, 36, 37, 215, 218]",True,334087.0,31.7,83.9,,,,,,,,,
2762471821.0,357,57,27.0,165,67.8,13.8,59,"{'value': 2, 'displayName': 'SecondHalf'}","{'value': 4, 'displayName': 'Foul'}","{'value': 1, 'displayName': 'Successful'}","[{'type': {'value': 286, 'displayName': 'Offensive'}}, {'type': {'value': 233, 'displayName': 'OppositeRelatedEvent'}, 'value': '721'}, {'type': {'value': 56, 'displayName': 'Zone'}, 'value': 'Right'}, {'type': {'value': 13, 'displayName': 'Foul'}}, {'type': {'value': 264, 'displayName': 'AerialFoul'}}]","[91, 63, 197, 199]",True,362826.0,,,,,,,,,,,
2762471829.0,721,57,27.0,13,32.2,86.2,59,"{'value': 2, 'displayName': 'SecondHalf'}","{'value': 4, 'displayName': 'Foul'}","{'value': 0, 'displayName': 'Unsuccessful'}","[{'type': {'value': 13, 'displayName': 'Foul'}}, {'type': {'value': 56, 'displayName': 'Zone'}, 'value': 'Back'}, {'type': {'value': 264, 'displayName': 'AerialFoul'}}, {'type': {'value': 233, 'displayName': 'OppositeRelatedEvent'}, 'value': '357'}, {'type': {'value': 285, 'displayName': 'Defensive'}}]","[198, 200, 64]",False,279379.0,,,,,,,,,,,
2762471967.0,359,58,22.0,165,72.7,9.1,60,"{'value': 2, 'displayName': 'SecondHalf'}","{'value': 1, 'displayName': 'Pass'}","{'value': 0, 'displayName': 'Unsuccessful'}","[{'type': {'value': 2, 'displayName': 'Cross'}}, {'type': {'value': 178, 'displayName': 'StandingSave'}}, {'type': {'value': 155, 'displayName': 'Chipped'}}, {'type': {'value': 141, 'displayName': 'PassEndY'}, 'value': '45.7'}, {'type': {'value': 213, 'displayName': 'Angle'}, 'value': '0.94'}, {'type': {'value': 20, 'displayName': 'RightFoot'}}, {'type': {'value': 56, 'displayName': 'Zone'}, 'value': 'Center'}, {'type': {'value': 140, 'displayName': 'PassEndX'}, 'value': '89.9'}, {'type': {'value': 5, 'displayName': 'FreekickTaken'}}, {'type': {'value': 212, 'displayName': 'Length'}, 'value': '30.8'}]","[91, 137, 124, 126, 36, 37, 217, 218]",True,270446.0,89.9,45.7,,,,,,,,,
2762471971.0,722,58,24.0,13,6.9,49.5,60,"{'value': 2, 'displayName': 'SecondHalf'}","{'value': 12, 'displayName': 'Clearance'}","{'value': 1, 'displayName': 'Successful'}","[{'type': {'value': 213, 'displayName': 'Angle'}, 'value': '2.01'}, {'type': {'value': 15, 'displayName': 'Head'}}, {'type': {'value': 212, 'displayName': 'Length'}, 'value': '19.1'}, {'type': {'value': 56, 'displayName': 'Zone'}, 'value': 'Back'}, {'type': {'value': 140, 'displayName': 'PassEndX'}, 'value': '0.0'}, {'type': {'value': 141, 'displayName': 'PassEndY'}, 'value': '75.0'}]","[91, 94, 95, 57, 215]",True,332325.0,0.0,75.0,,,,,,,,,
2762471969.0,360,58,25.0,165,97.8,27.2,60,"{'value': 2, 'displayName': 'SecondHalf'}","{'value': 6, 'displayName': 'CornerAwarded'}","{'value': 1, 'displayName': 'Successful'}","[{'type': {'value': 75, 'displayName': 'MissRight'}}, {'type': {'value': 233, 'displayName': 'OppositeRelatedEvent'}, 'value': '723'}, {'type': {'value': 56, 'displayName': 'Zone'}, 'value': 'Center'}]",[122],False,270446.0,,,,,,,,,,,
2762471975.0,723,58,25.0,13,2.2,72.8,60,"{'value': 2, 'displayName': 'SecondHalf'}","{'value': 6, 'displayName': 'CornerAwarded'}","{'value': 0, 'displayName': 'Unsuccessful'}","[{'type': {'value': 56, 'displayName': 'Zone'}, 'value': 'Back'}, {'type': {'value': 233, 'displayName': 'OppositeRelatedEvent'}, 'value': '360'}, {'type': {'value': 73, 'displayName': 'MissLeft'}}]",[122],False,332325.0,,,,,,,,,,,
2762472049.0,361,59,1.0,165,99.5,0.5,61,"{'value': 2, 'displayName': 'SecondHalf'}","{'value': 1, 'displayName': 'Pass'}","{'value': 0, 'displayName': 'Unsuccessful'}","[{'type': {'value': 141, 'displayName': 'PassEndY'}, 'value': '39.4'}, {'type': {'value': 213, 'displayName': 'Angle'}, 'value': '1.69'}, {'type': {'value': 155, 'displayName': 'Chipped'}}, {'type': {'value': 56, 'displayName': 'Zone'}, 'value': 'Center'}, {'type': {'value': 2, 'displayName': 'Cross'}}, {'type': {'value': 72, 'displayName': 'LeftFoot'}}, {'type': {'value': 6, 'displayName': 'CornerTaken'}}, {'type': {'value': 140, 'displayName': 'PassEndX'}, 'value': '96.4'}, {'type': {'value': 178, 'displayName': 'StandingSave'}}, {'type': {'value': 212, 'displayName': 'Length'}, 'value': '26.7'}]","[91, 138, 124, 126, 31, 33, 34, 35, 37, 217, 218]",True,366211.0,96.4,39.4,,,,,,,,,
2762472051.0,724,59,2.0,13,4.3,62.2,61,"{'value': 2, 'displayName': 'SecondHalf'}","{'value': 12, 'displayName': 'Clearance'}","{'value': 1, 'displayName': 'Successful'}","[{'type': {'value': 212, 'displayName': 'Length'}, 'value': '37.0'}, {'type': {'value': 141, 'displayName': 'PassEndY'}, 'value': '91.3'}, {'type': {'value': 15, 'displayName': 'Head'}}, {'type': {'value': 213, 'displayName': 'Angle'}, 'value': '0.56'}, {'type': {'value': 140, 'displayName': 'PassEndX'}, 'value': '34.1'}, {'type': {'value': 56, 'displayName': 'Zone'}, 'value': 'Back'}]","[91, 94, 95, 57, 216]",True,279379.0,34.1,91.3,,,,,,,,,
2762472053.0,362,59,5.0,165,70.6,12.2,61,"{'value': 2, 'displayName': 'SecondHalf'}","{'value': 1, 'displayName': 'Pass'}","{'value': 1, 'displayName': 'Successful'}","[{'type': {'value': 178, 'displayName': 'StandingSave'}}, {'type': {'value': 56, 'displayName': 'Zone'}, 'value': 'Center'}, {'type': {'value': 213, 'displayName': 'Angle'}, 'value': '2.42'}, {'type': {'value': 140, 'displayName': 'PassEndX'}, 'value': '54.5'}, {'type': {'value': 212, 'displayName': 'Length'}, 'value': '22.5'}, {'type': {'value': 141, 'displayName': 'PassEndY'}, 'value': '34.0'}]","[91, 119, 117, 30, 35, 37, 216, 218]",True,430908.0,54.5,34.0,,,,,,,,,
2762472055.0,363,59,8.0,165,54.5,34.0,61,"{'value': 2, 'displayName': 'SecondHalf'}","{'value': 1, 'displayName': 'Pass'}","{'value': 0, 'displayName': 'Unsuccessful'}","[{'type': {'value': 141, 'displayName': 'PassEndY'}, 'value': '68.7'}, {'type': {'value': 178, 'displayName': 'StandingSave'}}, {'type': {'value': 212, 'displayName': 'Length'}, 'value': '34.8'}, {'type': {'value': 1, 'displayName': 'Longball'}}, {'type': {'value': 213, 'displayName': 'Angle'}, 'value': '0.74'}, {'type': {'value': 56, 'displayName': 'Zone'}, 'value': 'Center'}, {'type': {'value': 140, 'displayName': 'PassEndX'}, 'value': '78.9'}]","[91, 120, 128, 36, 37, 217, 218]",True,356599.0,78.9,68.7,,,,,,,,,
2762472057.0,725,59,10.0,13,21.7,28.3,61,"{'value': 2, 'displayName': 'SecondHalf'}","{'value': 1, 'displayName': 'Pass'}","{'value': 1, 'displayName': 'Successful'}","[{'type': {'value': 212, 'displayName': 'Length'}, 'value': '14.1'}, {'type': {'value': 178, 'displayName': 'StandingSave'}}, {'type': {'value': 56, 'displayName': 'Zone'}, 'value': 'Back'}, {'type': {'value': 213, 'displayName': 'Angle'}, 'value': '2.40'}, {'type': {'value': 3, 'displayName': 'HeadPass'}}, {'type': {'value': 140, 'displayName': 'PassEndX'}, 'value': '11.8'}, {'type': {'value': 141, 'displayName': 'PassEndY'}, 'value': '42.3'}]","[91, 117, 30, 139, 35, 37, 215, 218]",True,467918.0,11.8,42.3,,,,,,,,,
2762472059.0,726,59,12.0,13,7.8,42.3,61,"{'value': 2, 'displayName': 'SecondHalf'}","{'value': 52, 'displayName': 'KeeperPickup'}","{'value': 1, 'displayName': 'Successful'}","[{'type': {'value': 178, 'displayName': 'StandingSave'}}]",[93],False,276366.0,,,,,,,,,,,
2762472071.0,727,59,21.0,13,13.6,49.6,61,"{'value': 2, 'displayName': 'SecondHalf'}","{'value': 1, 'displayName': 'Pass'}","{'value': 1, 'displayName': 'Successful'}","[{'type': {'value': 212, 'displayName': 'Length'}, 'value': '16.6'}, {'type': {'value': 123, 'displayName': 'KeeperThrow'}}, {'type': {'value': 213, 'displayName': 'Angle'}, 'value': '4.79'}, {'type': {'value': 141, 'displayName': 'PassEndY'}, 'value': '25.3'}, {'type': {'value': 140, 'displayName': 'PassEndX'}, 'value': '14.8'}, {'type': {'value': 178, 'displayName': 'StandingSave'}}, {'type': {'value': 56, 'displayName': 'Zone'}, 'value': 'Back'}]","[91, 36, 38, 215, 218]",True,276366.0,14.8,25.3,,,,,,,,,
2762472077.0,728,59,28.0,13,21.9,30.8,61,"{'value': 2, 'displayName': 'SecondHalf'}","{'value': 1, 'displayName': 'Pass'}","{'value': 1, 'displayName': 'Successful'}","[{'type': {'value': 212, 'displayName': 'Length'}, 'value': '7.8'}, {'type': {'value': 140, 'displayName': 'PassEndX'}, 'value': '23.3'}, {'type': {'value': 56, 'displayName': 'Zone'}, 'value': 'Back'}, {'type': {'value': 213, 'displayName': 'Angle'}, 'value': '4.90'}, {'type': {'value': 178, 'displayName': 'StandingSave'}}, {'type': {'value': 141, 'displayName': 'PassEndY'}, 'value': '19.6'}]","[91, 117, 30, 36, 38, 215, 218]",True,361822.0,23.3,19.6,,,,,,,,,
2762472085.0,729,59,30.0,13,23.3,19.6,61,"{'value': 2, 'displayName': 'SecondHalf'}","{'value': 1, 'displayName': 'Pass'}","{'value': 1, 'displayName': 'Successful'}","[{'type': {'value': 56, 'displayName': 'Zone'}, 'value': 'Back'}, {'type': {'value': 141, 'displayName': 'PassEndY'}, 'value': '3.1'}, {'type': {'value': 212, 'displayName': 'Length'}, 'value': '14.8'}, {'type': {'value': 178, 'displayName': 'StandingSave'}}, {'type': {'value': 213, 'displayName': 'Angle'}, 'value': '5.42'}, {'type': {'value': 140, 'displayName': 'PassEndX'}, 'value': '32.5'}]","[91, 117, 30, 36, 38, 215, 218]",True,388650.0,32.5,3.1,,,,,,,,,
2762472091.0,730,59,37.0,13,39.5,22.8,61,"{'value': 2, 'displayName': 'SecondHalf'}","{'value': 1, 'displayName': 'Pass'}","{'value': 1, 'displayName': 'Successful'}","[{'type': {'value': 212, 'displayName': 'Length'}, 'value': '11.4'}, {'type': {'value': 213, 'displayName': 'Angle'}, 'value': '2.16'}, {'type': {'value': 141, 'displayName': 'PassEndY'}, 'value': '36.8'}, {'type': {'value': 178, 'displayName': 'StandingSave'}}, {'type': {'value': 140, 'displayName': 'PassEndX'}, 'value': '33.5'}, {'type': {'value': 56, 'displayName': 'Zone'}, 'value': 'Back'}]","[91, 117, 30, 35, 37, 216, 218]",True,247454.0,33.5,36.8,,,,,,,,,
2762472097.0,731,59,40.0,13,33.3,38.1,61,"{'value': 2, 'displayName': 'SecondHalf'}","{'value': 1, 'displayName': 'Pass'}","{'value': 1, 'displayName': 'Successful'}","[{'type': {'value': 213, 'displayName': 'Angle'}, 'value': '5.21'}, {'type': {'value': 56, 'displayName': 'Zone'}, 'value': 'Back'}, {'type': {'value': 178, 'displayName': 'StandingSave'}}, {'type': {'value': 140, 'displayName': 'PassEndX'}, 'value': '37.2'}, {'type': {'value': 212, 'displayName': 'Length'}, 'value': '8.6'}, {'type': {'value': 141, 'displayName': 'PassEndY'}, 'value': '26.9'}]","[91, 117, 30, 36, 38, 216, 218]",True,361822.0,37.2,26.9,,,,,,,,,
2762472109.0,732,59,42.0,13,40.5,27.4,61,"{'value': 2, 'displayName': 'SecondHalf'}","{'value': 1, 'displayName': 'Pass'}","{'value': 1, 'displayName': 'Successful'}","[{'type': {'value': 140, 'displayName': 'PassEndX'}, 'value': '57.3'}, {'type': {'value': 212, 'displayName': 'Length'}, 'value': '22.1'}, {'type': {'value': 141, 'displayName': 'PassEndY'}, 'value': '7.8'}, {'type': {'value': 56, 'displayName': 'Zone'}, 'value': 'Right'}, {'type': {'value': 178, 'displayName': 'StandingSave'}}, {'type': {'value': 213, 'displayName': 'Angle'}, 'value': '5.64'}]","[91, 119, 117, 30, 36, 38, 216, 218]",True,332325.0,57.3,7.8,,,,,,,,,
2762472117.0,733,59,46.0,13,62.7,7.8,61,"{'value': 2, 'displayName': 'SecondHalf'}","{'value': 1, 'displayName': 'Pass'}","{'value': 1, 'displayName': 'Successful'}","[{'type': {'value': 141, 'displayName': 'PassEndY'}, 'value': '14.8'}, {'type': {'value': 212, 'displayName': 'Length'}, 'value': '5.8'}, {'type': {'value': 213, 'displayName': 'Angle'}, 'value': '2.19'}, {'type': {'value': 56, 'displayName': 'Zone'}, 'value': 'Right'}, {'type': {'value': 178, 'displayName': 'StandingSave'}}, {'type': {'value': 140, 'displayName': 'PassEndX'}, 'value': '59.5'}]","[91, 119, 117, 30, 35, 37, 216, 218]",True,388650.0,59.5,14.8,,,,,,,,,
2762472123.0,734,59,52.0,13,71.2,25.9,61,"{'value': 2, 'displayName': 'SecondHalf'}","{'value': 1, 'displayName': 'Pass'}","{'value': 1, 'displayName': 'Successful'}","[{'type': {'value': 56, 'displayName': 'Zone'}, 'value': 'Right'}, {'type': {'value': 141, 'displayName': 'PassEndY'}, 'value': '4.4'}, {'type': {'value': 178, 'displayName': 'StandingSave'}}, {'type': {'value': 212, 'displayName': 'Length'}, 'value': '15.7'}, {'type': {'value': 213, 'displayName': 'Angle'}, 'value': '5.09'}, {'type': {'value': 140, 'displayName': 'PassEndX'}, 'value': '76.7'}]","[91, 119, 117, 30, 205, 36, 38, 217, 218]",True,247454.0,76.7,4.4,,,,,,,,,
2762472125.0,735,59,54.0,13,76.7,4.4,61,"{'value': 2, 'displayName': 'SecondHalf'}","{'value': 1, 'displayName': 'Pass'}","{'value': 1, 'displayName': 'Successful'}","[{'type': {'value': 140, 'displayName': 'PassEndX'}, 'value': '77.6'}, {'type': {'value': 141, 'displayName': 'PassEndY'}, 'value': '10.4'}, {'type': {'value': 213, 'displayName': 'Angle'}, 'value': '1.34'}, {'type': {'value': 178, 'displayName': 'StandingSave'}}, {'type': {'value': 56, 'displayName': 'Zone'}, 'value': 'Right'}, {'type': {'value': 212, 'displayName': 'Length'}, 'value': '4.2'}]","[91, 119, 117, 30, 205, 36, 37, 217, 218]",True,388650.0,77.6,10.4,,,,,,,,,
2762472127.0,736,59,55.0,13,77.1,10.4,61,"{'value': 2, 'displayName': 'SecondHalf'}","{'value': 1, 'displayName': 'Pass'}","{'value': 1, 'displayName': 'Successful'}","[{'type': {'value': 178, 'displayName': 'StandingSave'}}, {'type': {'value': 212, 'displayName': 'Length'}, 'value': '5.0'}, {'type': {'value': 140, 'displayName': 'PassEndX'}, 'value': '72.9'}, {'type': {'value': 56, 'displayName': 'Zone'}, 'value': 'Right'}, {'type': {'value': 213, 'displayName': 'Angle'}, 'value': '2.65'}, {'type': {'value': 141, 'displayName': 'PassEndY'}, 'value': '13.9'}]","[91, 119, 117, 30, 205, 35, 37, 217, 218]",True,326413.0,72.9,13.9,,,,,,,,,
2762472129.0,737,59,56.0,13,72.9,13.9,61,"{'value': 2, 'displayName': 'SecondHalf'}","{'value': 1, 'displayName': 'Pass'}","{'value': 1, 'displayName': 'Successful'}","[{'type': {'value': 212, 'displayName': 'Length'}, 'value': '4.8'}, {'type': {'value': 178, 'displayName': 'StandingSave'}}, {'type': {'value': 213, 'displayName': 'Angle'}, 'value': '5.82'}, {'type': {'value': 56, 'displayName': 'Zone'}, 'value': 'Right'}, {'type': {'value': 140, 'displayName': 'PassEndX'}, 'value': '77.0'}, {'type': {'value': 141, 'displayName': 'PassEndY'}, 'value': '10.7'}]","[91, 119, 117, 30, 205, 36, 38, 217, 218]",True,247454.0,77.0,10.7,,,,,,,,,
2762472131.0,738,59,56.0,13,77.0,10.7,61,"{'value': 2, 'displayName': 'SecondHalf'}","{'value': 1, 'displayName': 'Pass'}","{'value': 1, 'displayName': 'Successful'}","[{'type': {'value': 212, 'displayName': 'Length'}, 'value': '5.9'}, {'type': {'value': 56, 'displayName': 'Zone'}, 'value': 'Right'}, {'type': {'value': 213, 'displayName': 'Angle'}, 'value': '2.69'}, {'type': {'value': 141, 'displayName': 'PassEndY'}, 'value': '14.5'}, {'type': {'value': 178, 'displayName': 'StandingSave'}}, {'type': {'value': 140, 'displayName': 'PassEndX'}, 'value': '71.9'}]","[91, 119, 117, 30, 205, 35, 37, 217, 218]",True,326413.0,71.9,14.5,,,,,,,,,
2762472133.0,739,59,57.0,13,71.9,14.5,61,"{'value': 2, 'displayName': 'SecondHalf'}","{'value': 1, 'displayName': 'Pass'}","{'value': 1, 'displayName': 'Successful'}","[{'type': {'value': 213, 'displayName': 'Angle'}, 'value': '5.96'}, {'type': {'value': 178, 'displayName': 'StandingSave'}}, {'type': {'value': 141, 'displayName': 'PassEndY'}, 'value': '11.8'}, {'type': {'value': 56, 'displayName': 'Zone'}, 'value': 'Right'}, {'type': {'value': 212, 'displayName': 'Length'}, 'value': '5.9'}, {'type': {'value': 140, 'displayName': 'PassEndX'}, 'value': '77.2'}]","[91, 119, 117, 30, 205, 36, 38, 217, 218]",True,247454.0,77.2,11.8,,,,,,,,,
2762472147.0,740,59,58.0,13,77.2,11.8,61,"{'value': 2, 'displayName': 'SecondHalf'}","{'value': 1, 'displayName': 'Pass'}","{'value': 1, 'displayName': 'Successful'}","[{'type': {'value': 212, 'displayName': 'Length'}, 'value': '5.9'}, {'type': {'value': 140, 'displayName': 'PassEndX'}, 'value': '72.0'}, {'type': {'value': 213, 'displayName': 'Angle'}, 'value': '2.76'}, {'type': {'value': 141, 'displayName': 'PassEndY'}, 'value': '15.0'}, {'type': {'value': 178, 'displayName': 'StandingSave'}}, {'type': {'value': 56, 'displayName': 'Zone'}, 'value': 'Right'}]","[91, 119, 117, 30, 205, 35, 37, 217, 218]",True,326413.0,72.0,15.0,,,,,,,,,
2762472151.0,741,60,2.0,13,70.9,21.3,62,"{'value': 2, 'displayName': 'SecondHalf'}","{'value': 1, 'displayName': 'Pass'}","{'value': 1, 'displayName': 'Successful'}","[{'type': {'value': 56, 'displayName': 'Zone'}, 'value': 'Right'}, {'type': {'value': 213, 'displayName': 'Angle'}, 'value': '4.37'}, {'type': {'value': 141, 'displayName': 'PassEndY'}, 'value': '8.7'}, {'type': {'value': 178, 'displayName': 'StandingSave'}}, {'type': {'value': 212, 'displayName': 'Length'}, 'value': '9.1'}, {'type': {'value': 140, 'displayName': 'PassEndX'}, 'value': '68.0'}]","[91, 119, 117, 30, 205, 35, 38, 217, 218]",True,247454.0,68.0,8.7,,,,,,,,,
2762472157.0,742,60,4.0,13,67.8,10.6,62,"{'value': 2, 'displayName': 'SecondHalf'}","{'value': 1, 'displayName': 'Pass'}","{'value': 1, 'displayName': 'Successful'}","[{'type': {'value': 141, 'displayName': 'PassEndY'}, 'value': '28.5'}, {'type': {'value': 140, 'displayName': 'PassEndX'}, 'value': '57.4'}, {'type': {'value': 56, 'displayName': 'Zone'}, 'value': 'Center'}, {'type': {'value': 212, 'displayName': 'Length'}, 'value': '16.4'}, {'type': {'value': 178, 'displayName': 'StandingSave'}}, {'type': {'value': 213, 'displayName': 'Angle'}, 'value': '2.30'}]","[91, 119, 117, 30, 35, 37, 216, 218]",True,326413.0,57.4,28.5,,,,,,,,,
2762472165.0,743,60,6.0,13,57.5,28.8,62,"{'value': 2, 'displayName': 'SecondHalf'}","{'value': 1, 'displayName': 'Pass'}","{'value': 1, 'displayName': 'Successful'}","[{'type': {'value': 212, 'displayName': 'Length'}, 'value': '14.8'}, {'type': {'value': 141, 'displayName': 'PassEndY'}, 'value': '50.1'}, {'type': {'value': 140, 'displayName': 'PassEndX'}, 'value': '54.8'}, {'type': {'value': 178, 'displayName': 'StandingSave'}}, {'type': {'value': 213, 'displayName': 'Angle'}, 'value': '1.76'}, {'type': {'value': 56, 'displayName': 'Zone'}, 'value': 'Center'}]","[91, 119, 117, 30, 35, 37, 216, 218]",True,361822.0,54.8,50.1,,,,,,,,,
2762472175.0,744,60,7.0,13,54.8,50.1,62,"{'value': 2, 'displayName': 'SecondHalf'}","{'value': 1, 'displayName': 'Pass'}","{'value': 0, 'displayName': 'Unsuccessful'}","[{'type': {'value': 155, 'displayName': 'Chipped'}}, {'type': {'value': 141, 'displayName': 'PassEndY'}, 'value': '46.4'}, {'type': {'value': 213, 'displayName': 'Angle'}, 'value': '6.04'}, {'type': {'value': 178, 'displayName': 'StandingSave'}}, {'type': {'value': 140, 'displayName': 'PassEndX'}, 'value': '64.6'}, {'type': {'value': 56, 'displayName': 'Zone'}, 'value': 'Center'}, {'type': {'value': 212, 'displayName': 'Length'}, 'value': '10.6'}]","[91, 120, 29, 124, 36, 38, 216, 218]",True,334087.0,64.6,46.4,,,,,,,,,
2762472181.0,364,60,8.0,165,36.1,55.2,62,"{'value': 2, 'displayName': 'SecondHalf'}","{'value': 1, 'displayName': 'Pass'}","{'value': 0, 'displayName': 'Unsuccessful'}","[{'type': {'value': 141, 'displayName': 'PassEndY'}, 'value': '59.1'}, {'type': {'value': 140, 'displayName': 'PassEndX'}, 'value': '40.8'}, {'type': {'value': 56, 'displayName': 'Zone'}, 'value': 'Back'}, {'type': {'value': 212, 'displayName': 'Length'}, 'value': '5.6'}, {'type': {'value': 178, 'displayName': 'StandingSave'}}, {'type': {'value': 213, 'displayName': 'Angle'}, 'value': '0.49'}, {'type': {'value': 3, 'displayName': 'HeadPass'}}]","[91, 118, 120, 29, 139, 36, 37, 216, 218]",True,270446.0,40.8,59.1,,,,,,,,,
2762472185.0,745,60,9.0,13,62.6,41.0,62,"{'value': 2, 'displayName': 'SecondHalf'}","{'value': 61, 'displayName': 'BallTouch'}","{'value': 0, 'displayName': 'Unsuccessful'}","[{'type': {'value': 178, 'displayName': 'StandingSave'}}, {'type': {'value': 56, 'displayName': 'Zone'}, 'value': 'Center'}]","[91, 69]",True,332325.0,,,,,,,,,,,
2762472191.0,365,60,10.0,165,39.4,57.3,62,"{'value': 2, 'displayName': 'SecondHalf'}","{'value': 1, 'displayName': 'Pass'}","{'value': 0, 'displayName': 'Unsuccessful'}","[{'type': {'value': 140, 'displayName': 'PassEndX'}, 'value': '43.7'}, {'type': {'value': 141, 'displayName': 'PassEndY'}, 'value': '46.4'}, {'type': {'value': 178, 'displayName': 'StandingSave'}}, {'type': {'value': 212, 'displayName': 'Length'}, 'value': '8.7'}, {'type': {'value': 213, 'displayName': 'Angle'}, 'value': '5.26'}, {'type': {'value': 56, 'displayName': 'Zone'}, 'value': 'Back'}]","[91, 118, 120, 29, 36, 38, 216, 218]",True,401254.0,43.7,46.4,,,,,,,,,
2762472211.0,747,60,12.0,13,49.5,52.3,62,"{'value': 2, 'displayName': 'SecondHalf'}","{'value': 50, 'displayName': 'Dispossessed'}","{'value': 1, 'displayName': 'Successful'}","[{'type': {'value': 286, 'displayName': 'Offensive'}}, {'type': {'value': 56, 'displayName': 'Zone'}, 'value': 'Back'}, {'type': {'value': 233, 'displayName': 'OppositeRelatedEvent'}, 'value': '369'}]","[91, 70]",True,326413.0,,,,,,,,,,,
2762472329.0,369,60,13.0,165,50.5,47.7,62,"{'value': 2, 'displayName': 'SecondHalf'}","{'value': 7, 'displayName': 'Tackle'}","{'value': 0, 'displayName': 'Unsuccessful'}","[{'type': {'value': 233, 'displayName': 'OppositeRelatedEvent'}, 'value': '747'}, {'type': {'value': 56, 'displayName': 'Zone'}, 'value': 'Center'}, {'type': {'value': 178, 'displayName': 'StandingSave'}}, {'type': {'value': 285, 'displayName': 'Defensive'}}]","[91, 142]",True,430908.0,,,,,,,,,,,
2762472357.0,752,60,13.0,13,46.5,53.1,62,"{'value': 2, 'displayName': 'SecondHalf'}","{'value': 61, 'displayName': 'BallTouch'}","{'value': 1, 'displayName': 'Successful'}","[{'type': {'value': 56, 'displayName': 'Zone'}, 'value': 'Back'}]",[91],True,326413.0,,,,,,,,,,,
2762472229.0,366,60,13.0,165,53.8,47.0,62,"{'value': 2, 'displayName': 'SecondHalf'}","{'value': 49, 'displayName': 'BallRecovery'}","{'value': 1, 'displayName': 'Successful'}",[],[93],False,430908.0,,,,,,,,,,,
2762472249.0,367,60,16.0,165,63.4,58.7,62,"{'value': 2, 'displayName': 'SecondHalf'}","{'value': 1, 'displayName': 'Pass'}","{'value': 0, 'displayName': 'Unsuccessful'}","[{'type': {'value': 178, 'displayName': 'StandingSave'}}, {'type': {'value': 212, 'displayName': 'Length'}, 'value': '50.3'}, {'type': {'value': 1, 'displayName': 'Longball'}}, {'type': {'value': 141, 'displayName': 'PassEndY'}, 'value': '14.1'}, {'type': {'value': 155, 'displayName': 'Chipped'}}, {'type': {'value': 56, 'displayName': 'Zone'}, 'value': 'Right'}, {'type': {'value': 213, 'displayName': 'Angle'}, 'value': '5.64'}, {'type': {'value': 140, 'displayName': 'PassEndX'}, 'value': '100.0'}]","[91, 120, 124, 128, 36, 38, 217, 218]",True,430908.0,100.0,14.1,,,,,,,,,
2762472255.0,748,60,22.0,13,8.3,87.3,62,"{'value': 2, 'displayName': 'SecondHalf'}","{'value': 56, 'displayName': 'ShieldBallOpp'}","{'value': 1, 'displayName': 'Successful'}","[{'type': {'value': 56, 'displayName': 'Zone'}, 'value': 'Back'}]",[],False,334087.0,,,,,,,,,,,
2762472339.0,750,61,6.0,13,4.7,51.5,63,"{'value': 2, 'displayName': 'SecondHalf'}","{'value': 1, 'displayName': 'Pass'}","{'value': 1, 'displayName': 'Successful'}","[{'type': {'value': 212, 'displayName': 'Length'}, 'value': '16.4'}, {'type': {'value': 124, 'displayName': 'GoalKick'}}, {'type': {'value': 141, 'displayName': 'PassEndY'}, 'value': '27.4'}, {'type': {'value': 140, 'displayName': 'PassEndX'}, 'value': '5.6'}, {'type': {'value': 213, 'displayName': 'Angle'}, 'value': '4.77'}, {'type': {'value': 56, 'displayName': 'Zone'}, 'value': 'Back'}]","[91, 117, 30, 36, 38, 215, 218]",True,276366.0,5.6,27.4,,,,,,,,,
2762472353.0,751,61,9.0,13,5.6,27.4,63,"{'value': 2, 'displayName': 'SecondHalf'}","{'value': 1, 'displayName': 'Pass'}","{'value': 1, 'displayName': 'Successful'}","[{'type': {'value': 140, 'displayName': 'PassEndX'}, 'value': '15.6'}, {'type': {'value': 56, 'displayName': 'Zone'}, 'value': 'Back'}, {'type': {'value': 212, 'displayName': 'Length'}, 'value': '16.7'}, {'type': {'value': 178, 'displayName': 'StandingSave'}}, {'type': {'value': 141, 'displayName': 'PassEndY'}, 'value': '8.3'}, {'type': {'value': 213, 'displayName': 'Angle'}, 'value': '5.39'}]","[91, 117, 30, 36, 38, 215, 218]",True,361822.0,15.6,8.3,,,,,,,,,
2762472363.0,753,61,18.0,13,38.6,37.2,63,"{'value': 2, 'displayName': 'SecondHalf'}","{'value': 1, 'displayName': 'Pass'}","{'value': 1, 'displayName': 'Successful'}","[{'type': {'value': 212, 'displayName': 'Length'}, 'value': '7.9'}, {'type': {'value': 178, 'displayName': 'StandingSave'}}, {'type': {'value': 141, 'displayName': 'PassEndY'}, 'value': '35.5'}, {'type': {'value': 140, 'displayName': 'PassEndX'}, 'value': '31.2'}, {'type': {'value': 56, 'displayName': 'Zone'}, 'value': 'Back'}, {'type': {'value': 213, 'displayName': 'Angle'}, 'value': '3.29'}]","[91, 117, 30, 35, 38, 215, 218]",True,247454.0,31.2,35.5,,,,,,,,,
2762472365.0,754,61,19.0,13,31.2,35.5,63,"{'value': 2, 'displayName': 'SecondHalf'}","{'value': 1, 'displayName': 'Pass'}","{'value': 1, 'displayName': 'Successful'}","[{'type': {'value': 141, 'displayName': 'PassEndY'}, 'value': '66.8'}, {'type': {'value': 140, 'displayName': 'PassEndX'}, 'value': '29.5'}, {'type': {'value': 213, 'displayName': 'Angle'}, 'value': '1.65'}, {'type': {'value': 56, 'displayName': 'Zone'}, 'value': 'Back'}, {'type': {'value': 212, 'displayName': 'Length'}, 'value': '21.4'}, {'type': {'value': 178, 'displayName': 'StandingSave'}}]","[91, 117, 30, 35, 37, 215, 218]",True,361822.0,29.5,66.8,,,,,,,,,
2762472369.0,755,61,21.0,13,29.5,66.8,63,"{'value': 2, 'displayName': 'SecondHalf'}","{'value': 1, 'displayName': 'Pass'}","{'value': 1, 'displayName': 'Successful'}","[{'type': {'value': 56, 'displayName': 'Zone'}, 'value': 'Back'}, {'type': {'value': 213, 'displayName': 'Angle'}, 'value': '0.84'}, {'type': {'value': 140, 'displayName': 'PassEndX'}, 'value': '34.3'}, {'type': {'value': 141, 'displayName': 'PassEndY'}, 'value': '75.0'}, {'type': {'value': 212, 'displayName': 'Length'}, 'value': '7.5'}, {'type': {'value': 178, 'displayName': 'StandingSave'}}]","[91, 117, 30, 36, 37, 216, 218]",True,334087.0,34.3,75.0,,,,,,,,,
2762472373.0,756,61,25.0,13,41.7,79.2,63,"{'value': 2, 'displayName': 'SecondHalf'}","{'value': 1, 'displayName': 'Pass'}","{'value': 1, 'displayName': 'Successful'}","[{'type': {'value': 212, 'displayName': 'Length'}, 'value': '20.3'}, {'type': {'value': 178, 'displayName': 'StandingSave'}}, {'type': {'value': 141, 'displayName': 'PassEndY'}, 'value': '89.4'}, {'type': {'value': 56, 'displayName': 'Zone'}, 'value': 'Left'}, {'type': {'value': 213, 'displayName': 'Angle'}, 'value': '0.35'}, {'type': {'value': 140, 'displayName': 'PassEndX'}, 'value': '59.9'}]","[91, 119, 117, 30, 36, 37, 216, 218]",True,247454.0,59.9,89.4,,,,,,,,,
2762472375.0,757,61,26.0,13,59.8,89.6,63,"{'value': 2, 'displayName': 'SecondHalf'}","{'value': 1, 'displayName': 'Pass'}","{'value': 1, 'displayName': 'Successful'}","[{'type': {'value': 141, 'displayName': 'PassEndY'}, 'value': '94.5'}, {'type': {'value': 56, 'displayName': 'Zone'}, 'value': 'Left'}, {'type': {'value': 212, 'displayName': 'Length'}, 'value': '9.1'}, {'type': {'value': 213, 'displayName': 'Angle'}, 'value': '0.37'}, {'type': {'value': 178, 'displayName': 'StandingSave'}}, {'type': {'value': 140, 'displayName': 'PassEndX'}, 'value': '67.9'}]","[91, 119, 117, 30, 205, 36, 37, 217, 218]",True,326413.0,67.9,94.5,,,,,,,,,
2762472379.0,758,61,28.0,13,67.8,94.3,63,"{'value': 2, 'displayName': 'SecondHalf'}","{'value': 1, 'displayName': 'Pass'}","{'value': 1, 'displayName': 'Successful'}","[{'type': {'value': 212, 'displayName': 'Length'}, 'value': '13.9'}, {'type': {'value': 140, 'displayName': 'PassEndX'}, 'value': '69.6'}, {'type': {'value': 178, 'displayName': 'StandingSave'}}, {'type': {'value': 213, 'displayName': 'Angle'}, 'value': '4.85'}, {'type': {'value': 56, 'displayName': 'Zone'}, 'value': 'Center'}, {'type': {'value': 141, 'displayName': 'PassEndY'}, 'value': '74.0'}]","[91, 119, 117, 30, 205, 36, 38, 217, 218]",True,113994.0,69.6,74.0,,,,,,,,,
2762472385.0,759,61,30.0,13,69.6,74.0,63,"{'value': 2, 'displayName': 'SecondHalf'}","{'value': 1, 'displayName': 'Pass'}","{'value': 1, 'displayName': 'Successful'}","[{'type': {'value': 212, 'displayName': 'Length'}, 'value': '28.0'}, {'type': {'value': 56, 'displayName': 'Zone'}, 'value': 'Center'}, {'type': {'value': 178, 'displayName': 'StandingSave'}}, {'type': {'value': 140, 'displayName': 'PassEndX'}, 'value': '96.2'}, {'type': {'value': 141, 'displayName': 'PassEndY'}, 'value': '71.5'}, {'type': {'value': 213, 'displayName': 'Angle'}, 'value': '6.22'}]","[91, 119, 117, 30, 205, 36, 38, 217, 218]",True,247454.0,96.2,71.5,,,,,,,,,
2762472389.0,760,61,32.0,13,96.7,71.6,63,"{'value': 2, 'displayName': 'SecondHalf'}","{'value': 1, 'displayName': 'Pass'}","{'value': 0, 'displayName': 'Unsuccessful'}","[{'type': {'value': 178, 'displayName': 'StandingSave'}}, {'type': {'value': 212, 'displayName': 'Length'}, 'value': '9.4'}, {'type': {'value': 56, 'displayName': 'Zone'}, 'value': 'Center'}, {'type': {'value': 141, 'displayName': 'PassEndY'}, 'value': '57.9'}, {'type': {'value': 213, 'displayName': 'Angle'}, 'value': '4.54'}, {'type': {'value': 140, 'displayName': 'PassEndX'}, 'value': '95.2'}]","[91, 120, 29, 35, 38, 217, 218]",True,326413.0,95.2,57.9,,,,,,,,,
2762472387.0,370,61,33.0,165,4.4,39.7,63,"{'value': 2, 'displayName': 'SecondHalf'}","{'value': 12, 'displayName': 'Clearance'}","{'value': 1, 'displayName': 'Successful'}","[{'type': {'value': 212, 'displayName': 'Length'}, 'value': '6.6'}, {'type': {'value': 140, 'displayName': 'PassEndX'}, 'value': '0.0'}, {'type': {'value': 178, 'displayName': 'StandingSave'}}, {'type': {'value': 213, 'displayName': 'Angle'}, 'value': '3.69'}, {'type': {'value': 141, 'displayName': 'PassEndY'}, 'value': '34.6'}, {'type': {'value': 56, 'displayName': 'Zone'}, 'value': 'Back'}]","[91, 94, 95, 215]",True,356599.0,0.0,34.6,,,,,,,,,
2762472397.0,371,61,34.0,165,0.5,35.8,63,"{'value': 2, 'displayName': 'SecondHalf'}","{'value': 6, 'displayName': 'CornerAwarded'}","{'value': 0, 'displayName': 'Unsuccessful'}","[{'type': {'value': 56, 'displayName': 'Zone'}, 'value': 'Back'}, {'type': {'value': 233, 'displayName': 'OppositeRelatedEvent'}, 'value': '761'}, {'type': {'value': 73, 'displayName': 'MissLeft'}}]",[122],False,356599.0,,,,,,,,,,,
2762472393.0,761,61,34.0,13,99.5,64.2,63,"{'value': 2, 'displayName': 'SecondHalf'}","{'value': 6, 'displayName': 'CornerAwarded'}","{'value': 1, 'displayName': 'Successful'}","[{'type': {'value': 73, 'displayName': 'MissLeft'}}, {'type': {'value': 233, 'displayName': 'OppositeRelatedEvent'}, 'value': '371'}, {'type': {'value': 56, 'displayName': 'Zone'}, 'value': 'Center'}]",[122],False,326413.0,,,,,,,,,,,
2762472517.0,762,62,19.0,13,99.5,99.5,64,"{'value': 2, 'displayName': 'SecondHalf'}","{'value': 1, 'displayName': 'Pass'}","{'value': 1, 'displayName': 'Successful'}","[{'type': {'value': 140, 'displayName': 'PassEndX'}, 'value': '96.9'}, {'type': {'value': 2, 'displayName': 'Cross'}}, {'type': {'value': 178, 'displayName': 'StandingSave'}}, {'type': {'value': 154, 'displayName': 'IntentionalAssist'}}, {'type': {'value': 155, 'displayName': 'Chipped'}}, {'type': {'value': 213, 'displayName': 'Angle'}, 'value': '4.64'}, {'type': {'value': 212, 'displayName': 'Length'}, 'value': '37.0'}, {'type': {'value': 210, 'displayName': 'ShotAssist'}, 'value': '13'}, {'type': {'value': 141, 'displayName': 'PassEndY'}, 'value': '45.3'}, {'type': {'value': 20, 'displayName': 'RightFoot'}}, {'type': {'value': 1, 'displayName': 'Longball'}}, {'type': {'value': 56, 'displayName': 'Zone'}, 'value': 'Center'}, {'type': {'value': 6, 'displayName': 'CornerTaken'}}, {'type': {'value': 11112, 'displayName': 'BigChanceCreated'}}, {'type': {'value': 11113, 'displayName': 'KeyPass'}}]","[91, 119, 123, 137, 124, 125, 203, 31, 32, 34, 39, 41, 42, 35, 38, 217, 218]",True,332325.0,96.9,45.3,,,,,,,,,
2762472519.0,763,62,21.0,13,97.4,45.2,64,"{'value': 2, 'displayName': 'SecondHalf'}","{'value': 13, 'displayName': 'MissedShots'}","{'value': 1, 'displayName': 'Successful'}","[{'type': {'value': 102, 'displayName': 'GoalMouthY'}, 'value': '43.9'}, {'type': {'value': 328, 'displayName': 'FirstTouch'}}, {'type': {'value': 103, 'displayName': 'GoalMouthZ'}, 'value': '18.1'}, {'type': {'value': 15, 'displayName': 'Head'}}, {'type': {'value': 25, 'displayName': 'FromCorner'}}, {'type': {'value': 154, 'displayName': 'IntentionalAssist'}}, {'type': {'value': 29, 'displayName': 'Assisted'}}, {'type': {'value': 214, 'displayName': 'BigChance'}}, {'type': {'value': 55, 'displayName': 'RelatedEventId'}, 'value': '762'}, {'type': {'value': 16, 'displayName': 'SmallBoxCentre'}}, {'type': {'value': 56, 'displayName': 'Zone'}, 'value': 'Center'}]","[91, 7, 90, 10, 89, 201, 0, 5, 14]",True,334087.0,,,762.0,332325.0,,,18.1,43.9,True,,
2762472607.0,373,62,55.0,165,5.3,50.9,64,"{'value': 2, 'displayName': 'SecondHalf'}","{'value': 1, 'displayName': 'Pass'}","{'value': 0, 'displayName': 'Unsuccessful'}","[{'type': {'value': 74, 'displayName': 'MissHigh'}}, {'type': {'value': 141, 'displayName': 'PassEndY'}, 'value': '60.9'}, {'type': {'value': 124, 'displayName': 'GoalKick'}}, {'type': {'value': 1, 'displayName': 'Longball'}}, {'type': {'value': 213, 'displayName': 'Angle'}, 'value': '0.11'}, {'type': {'value': 56, 'displayName': 'Zone'}, 'value': 'Center'}, {'type': {'value': 140, 'displayName': 'PassEndX'}, 'value': '65.7'}, {'type': {'value': 212, 'displayName': 'Length'}, 'value': '63.8'}]","[91, 120, 128, 36, 37, 216, 218]",True,362426.0,65.7,60.9,,,,,,,,,
2762472613.0,765,62,59.0,13,36.3,32.6,64,"{'value': 2, 'displayName': 'SecondHalf'}","{'value': 1, 'displayName': 'Pass'}","{'value': 0, 'displayName': 'Unsuccessful'}","[{'type': {'value': 212, 'displayName': 'Length'}, 'value': '32.0'}, {'type': {'value': 1, 'displayName': 'Longball'}}, {'type': {'value': 3, 'displayName': 'HeadPass'}}, {'type': {'value': 141, 'displayName': 'PassEndY'}, 'value': '21.9'}, {'type': {'value': 140, 'displayName': 'PassEndX'}, 'value': '66.0'}, {'type': {'value': 56, 'displayName': 'Zone'}, 'value': 'Center'}, {'type': {'value': 213, 'displayName': 'Angle'}, 'value': '6.05'}]","[91, 120, 139, 128, 36, 38, 216, 218]",True,332325.0,66.0,21.9,,,,,,,,,
2762472619.0,374,63,2.0,165,27.9,88.1,65,"{'value': 2, 'displayName': 'SecondHalf'}","{'value': 1, 'displayName': 'Pass'}","{'value': 1, 'displayName': 'Successful'}","[{'type': {'value': 56, 'displayName': 'Zone'}, 'value': 'Back'}, {'type': {'value': 212, 'displayName': 'Length'}, 'value': '9.6'}, {'type': {'value': 141, 'displayName': 'PassEndY'}, 'value': '94.8'}, {'type': {'value': 178, 'displayName': 'StandingSave'}}, {'type': {'value': 140, 'displayName': 'PassEndX'}, 'value': '36.0'}, {'type': {'value': 213, 'displayName': 'Angle'}, 'value': '0.49'}]","[91, 117, 30, 36, 37, 216, 218]",True,381161.0,36.0,94.8,,,,,,,,,
2762472629.0,375,63,3.0,165,34.9,94.2,65,"{'value': 2, 'displayName': 'SecondHalf'}","{'value': 1, 'displayName': 'Pass'}","{'value': 0, 'displayName': 'Unsuccessful'}","[{'type': {'value': 141, 'displayName': 'PassEndY'}, 'value': '93.4'}, {'type': {'value': 178, 'displayName': 'StandingSave'}}, {'type': {'value': 212, 'displayName': 'Length'}, 'value': '2.3'}, {'type': {'value': 56, 'displayName': 'Zone'}, 'value': 'Back'}, {'type': {'value': 213, 'displayName': 'Angle'}, 'value': '3.38'}, {'type': {'value': 140, 'displayName': 'PassEndX'}, 'value': '32.8'}]","[91, 118, 120, 29, 35, 38, 215, 218]",True,366211.0,32.8,93.4,,,,,,,,,
2762472627.0,766,63,3.0,13,64.6,17.0,65,"{'value': 2, 'displayName': 'SecondHalf'}","{'value': 61, 'displayName': 'BallTouch'}","{'value': 1, 'displayName': 'Successful'}","[{'type': {'value': 56, 'displayName': 'Zone'}, 'value': 'Right'}, {'type': {'value': 178, 'displayName': 'StandingSave'}}]",[91],True,279379.0,,,,,,,,,,,
2762472641.0,376,63,4.0,165,26.0,88.7,65,"{'value': 2, 'displayName': 'SecondHalf'}","{'value': 1, 'displayName': 'Pass'}","{'value': 1, 'displayName': 'Successful'}","[{'type': {'value': 141, 'displayName': 'PassEndY'}, 'value': '77.8'}, {'type': {'value': 56, 'displayName': 'Zone'}, 'value': 'Back'}, {'type': {'value': 212, 'displayName': 'Length'}, 'value': '11.7'}, {'type': {'value': 178, 'displayName': 'StandingSave'}}, {'type': {'value': 140, 'displayName': 'PassEndX'}, 'value': '34.6'}, {'type': {'value': 213, 'displayName': 'Angle'}, 'value': '5.60'}]","[91, 117, 30, 36, 38, 216, 218]",True,381161.0,34.6,77.8,,,,,,,,,
2762472651.0,377,63,8.0,165,38.9,60.2,65,"{'value': 2, 'displayName': 'SecondHalf'}","{'value': 1, 'displayName': 'Pass'}","{'value': 1, 'displayName': 'Successful'}","[{'type': {'value': 141, 'displayName': 'PassEndY'}, 'value': '18.5'}, {'type': {'value': 178, 'displayName': 'StandingSave'}}, {'type': {'value': 56, 'displayName': 'Zone'}, 'value': 'Back'}, {'type': {'value': 212, 'displayName': 'Length'}, 'value': '28.4'}, {'type': {'value': 140, 'displayName': 'PassEndX'}, 'value': '40.0'}, {'type': {'value': 213, 'displayName': 'Angle'}, 'value': '4.75'}]","[91, 117, 30, 36, 38, 216, 218]",True,404108.0,40.0,18.5,,,,,,,,,
2762472659.0,378,63,11.0,165,40.0,18.5,65,"{'value': 2, 'displayName': 'SecondHalf'}","{'value': 1, 'displayName': 'Pass'}","{'value': 1, 'displayName': 'Successful'}","[{'type': {'value': 213, 'displayName': 'Angle'}, 'value': '5.41'}, {'type': {'value': 140, 'displayName': 'PassEndX'}, 'value': '47.4'}, {'type': {'value': 178, 'displayName': 'StandingSave'}}, {'type': {'value': 56, 'displayName': 'Zone'}, 'value': 'Back'}, {'type': {'value': 212, 'displayName': 'Length'}, 'value': '12.1'}, {'type': {'value': 141, 'displayName': 'PassEndY'}, 'value': '4.9'}]","[91, 117, 30, 36, 38, 216, 218]",True,362826.0,47.4,4.9,,,,,,,,,
2762472671.0,379,63,13.0,165,47.4,4.9,65,"{'value': 2, 'displayName': 'SecondHalf'}","{'value': 1, 'displayName': 'Pass'}","{'value': 1, 'displayName': 'Successful'}","[{'type': {'value': 140, 'displayName': 'PassEndX'}, 'value': '45.3'}, {'type': {'value': 141, 'displayName': 'PassEndY'}, 'value': '20.7'}, {'type': {'value': 178, 'displayName': 'StandingSave'}}, {'type': {'value': 213, 'displayName': 'Angle'}, 'value': '1.77'}, {'type': {'value': 56, 'displayName': 'Zone'}, 'value': 'Back'}, {'type': {'value': 212, 'displayName': 'Length'}, 'value': '11.0'}]","[91, 117, 30, 35, 37, 216, 218]",True,349484.0,45.3,20.7,,,,,,,,,
2762472677.0,380,63,19.0,165,48.6,29.8,65,"{'value': 2, 'displayName': 'SecondHalf'}","{'value': 1, 'displayName': 'Pass'}","{'value': 1, 'displayName': 'Successful'}","[{'type': {'value': 140, 'displayName': 'PassEndX'}, 'value': '44.4'}, {'type': {'value': 56, 'displayName': 'Zone'}, 'value': 'Back'}, {'type': {'value': 213, 'displayName': 'Angle'}, 'value': '1.85'}, {'type': {'value': 141, 'displayName': 'PassEndY'}, 'value': '52.7'}, {'type': {'value': 178, 'displayName': 'StandingSave'}}, {'type': {'value': 212, 'displayName': 'Length'}, 'value': '16.2'}]","[91, 117, 30, 35, 37, 216, 218]",True,270446.0,44.4,52.7,,,,,,,,,
2762472685.0,381,63,20.0,165,44.6,53.4,65,"{'value': 2, 'displayName': 'SecondHalf'}","{'value': 1, 'displayName': 'Pass'}","{'value': 1, 'displayName': 'Successful'}","[{'type': {'value': 178, 'displayName': 'StandingSave'}}, {'type': {'value': 141, 'displayName': 'PassEndY'}, 'value': '79.0'}, {'type': {'value': 213, 'displayName': 'Angle'}, 'value': '1.66'}, {'type': {'value': 140, 'displayName': 'PassEndX'}, 'value': '43.1'}, {'type': {'value': 56, 'displayName': 'Zone'}, 'value': 'Back'}, {'type': {'value': 212, 'displayName': 'Length'}, 'value': '17.5'}]","[91, 117, 30, 35, 37, 216, 218]",True,404108.0,43.1,79.0,,,,,,,,,
2762472701.0,382,63,24.0,165,42.0,76.9,65,"{'value': 2, 'displayName': 'SecondHalf'}","{'value': 1, 'displayName': 'Pass'}","{'value': 1, 'displayName': 'Successful'}","[{'type': {'value': 213, 'displayName': 'Angle'}, 'value': '5.04'}, {'type': {'value': 141, 'displayName': 'PassEndY'}, 'value': '63.6'}, {'type': {'value': 212, 'displayName': 'Length'}, 'value': '9.5'}, {'type': {'value': 140, 'displayName': 'PassEndX'}, 'value': '44.9'}, {'type': {'value': 56, 'displayName': 'Zone'}, 'value': 'Back'}, {'type': {'value': 178, 'displayName': 'StandingSave'}}]","[91, 117, 30, 36, 38, 216, 218]",True,381161.0,44.9,63.6,,,,,,,,,
2762472703.0,383,63,28.0,165,44.9,54.9,65,"{'value': 2, 'displayName': 'SecondHalf'}","{'value': 1, 'displayName': 'Pass'}","{'value': 1, 'displayName': 'Successful'}","[{'type': {'value': 141, 'displayName': 'PassEndY'}, 'value': '21.3'}, {'type': {'value': 56, 'displayName': 'Zone'}, 'value': 'Back'}, {'type': {'value': 213, 'displayName': 'Angle'}, 'value': '4.82'}, {'type': {'value': 178, 'displayName': 'StandingSave'}}, {'type': {'value': 212, 'displayName': 'Length'}, 'value': '23.0'}, {'type': {'value': 140, 'displayName': 'PassEndX'}, 'value': '47.3'}]","[91, 117, 30, 36, 38, 216, 218]",True,404108.0,47.3,21.3,,,,,,,,,
2762472709.0,384,63,31.0,165,44.7,19.4,65,"{'value': 2, 'displayName': 'SecondHalf'}","{'value': 1, 'displayName': 'Pass'}","{'value': 1, 'displayName': 'Successful'}","[{'type': {'value': 141, 'displayName': 'PassEndY'}, 'value': '4.4'}, {'type': {'value': 56, 'displayName': 'Zone'}, 'value': 'Right'}, {'type': {'value': 213, 'displayName': 'Angle'}, 'value': '5.56'}, {'type': {'value': 212, 'displayName': 'Length'}, 'value': '15.3'}, {'type': {'value': 140, 'displayName': 'PassEndX'}, 'value': '55.6'}, {'type': {'value': 178, 'displayName': 'StandingSave'}}]","[91, 119, 117, 30, 36, 38, 216, 218]",True,362826.0,55.6,4.4,,,,,,,,,
2762472717.0,385,63,34.0,165,55.2,4.9,65,"{'value': 2, 'displayName': 'SecondHalf'}","{'value': 1, 'displayName': 'Pass'}","{'value': 1, 'displayName': 'Successful'}","[{'type': {'value': 212, 'displayName': 'Length'}, 'value': '15.9'}, {'type': {'value': 140, 'displayName': 'PassEndX'}, 'value': '41.6'}, {'type': {'value': 141, 'displayName': 'PassEndY'}, 'value': '15.2'}, {'type': {'value': 56, 'displayName': 'Zone'}, 'value': 'Back'}, {'type': {'value': 213, 'displayName': 'Angle'}, 'value': '2.69'}, {'type': {'value': 178, 'displayName': 'StandingSave'}}]","[91, 117, 30, 35, 37, 216, 218]",True,349484.0,41.6,15.2,,,,,,,,,
2762472721.0,386,63,37.0,165,41.0,11.7,65,"{'value': 2, 'displayName': 'SecondHalf'}","{'value': 1, 'displayName': 'Pass'}","{'value': 1, 'displayName': 'Successful'}","[{'type': {'value': 141, 'displayName': 'PassEndY'}, 'value': '44.3'}, {'type': {'value': 56, 'displayName': 'Zone'}, 'value': 'Back'}, {'type': {'value': 178, 'displayName': 'StandingSave'}}, {'type': {'value': 213, 'displayName': 'Angle'}, 'value': '2.07'}, {'type': {'value': 212, 'displayName': 'Length'}, 'value': '25.3'}, {'type': {'value': 140, 'displayName': 'PassEndX'}, 'value': '29.4'}]","[91, 117, 30, 35, 37, 215, 218]",True,362826.0,29.4,44.3,,,,,,,,,
2762472723.0,387,63,40.0,165,25.9,48.1,65,"{'value': 2, 'displayName': 'SecondHalf'}","{'value': 1, 'displayName': 'Pass'}","{'value': 1, 'displayName': 'Successful'}","[{'type': {'value': 141, 'displayName': 'PassEndY'}, 'value': '59.7'}, {'type': {'value': 212, 'displayName': 'Length'}, 'value': '19.3'}, {'type': {'value': 140, 'displayName': 'PassEndX'}, 'value': '9.1'}, {'type': {'value': 213, 'displayName': 'Angle'}, 'value': '2.72'}, {'type': {'value': 178, 'displayName': 'StandingSave'}}, {'type': {'value': 56, 'displayName': 'Zone'}, 'value': 'Back'}]","[91, 117, 30, 35, 37, 215, 218]",True,356599.0,9.1,59.7,,,,,,,,,
2762472727.0,388,63,43.0,165,9.1,59.7,65,"{'value': 2, 'displayName': 'SecondHalf'}","{'value': 1, 'displayName': 'Pass'}","{'value': 1, 'displayName': 'Successful'}","[{'type': {'value': 212, 'displayName': 'Length'}, 'value': '17.7'}, {'type': {'value': 213, 'displayName': 'Angle'}, 'value': '6.04'}, {'type': {'value': 56, 'displayName': 'Zone'}, 'value': 'Back'}, {'type': {'value': 141, 'displayName': 'PassEndY'}, 'value': '53.4'}, {'type': {'value': 178, 'displayName': 'StandingSave'}}, {'type': {'value': 140, 'displayName': 'PassEndX'}, 'value': '25.5'}]","[91, 117, 30, 36, 38, 215, 218]",True,362426.0,25.5,53.4,,,,,,,,,
2762472767.0,395,63,45.0,165,28.0,52.0,65,"{'value': 2, 'displayName': 'SecondHalf'}","{'value': 3, 'displayName': 'TakeOn'}","{'value': 1, 'displayName': 'Successful'}","[{'type': {'value': 285, 'displayName': 'Defensive'}}, {'type': {'value': 178, 'displayName': 'StandingSave'}}, {'type': {'value': 56, 'displayName': 'Zone'}, 'value': 'Back'}, {'type': {'value': 233, 'displayName': 'OppositeRelatedEvent'}, 'value': '767'}]","[91, 54]",True,404108.0,,,,,,,,,,,
2762472725.0,767,63,45.0,13,72.0,48.0,65,"{'value': 2, 'displayName': 'SecondHalf'}","{'value': 45, 'displayName': 'Challenge'}","{'value': 0, 'displayName': 'Unsuccessful'}","[{'type': {'value': 286, 'displayName': 'Offensive'}}, {'type': {'value': 233, 'displayName': 'OppositeRelatedEvent'}, 'value': '395'}, {'type': {'value': 56, 'displayName': 'Zone'}, 'value': 'Center'}]",[55],False,332325.0,,,,,,,,,,,
2762472731.0,389,63,46.0,165,28.9,48.2,65,"{'value': 2, 'displayName': 'SecondHalf'}","{'value': 1, 'displayName': 'Pass'}","{'value': 0, 'displayName': 'Unsuccessful'}","[{'type': {'value': 212, 'displayName': 'Length'}, 'value': '1.5'}, {'type': {'value': 213, 'displayName': 'Angle'}, 'value': '5.06'}, {'type': {'value': 56, 'displayName': 'Zone'}, 'value': 'Back'}, {'type': {'value': 178, 'displayName': 'StandingSave'}}, {'type': {'value': 140, 'displayName': 'PassEndX'}, 'value': '29.4'}, {'type': {'value': 286, 'displayName': 'Offensive'}}, {'type': {'value': 233, 'displayName': 'OppositeRelatedEvent'}, 'value': '768'}, {'type': {'value': 141, 'displayName': 'PassEndY'}, 'value': '46.1'}]","[91, 118, 120, 29, 36, 38, 215, 218]",True,404108.0,29.4,46.1,,,,,,,,,
2762472729.0,768,63,46.0,13,69.1,59.4,65,"{'value': 2, 'displayName': 'SecondHalf'}","{'value': 74, 'displayName': 'BlockedPass'}","{'value': 1, 'displayName': 'Successful'}","[{'type': {'value': 285, 'displayName': 'Defensive'}}, {'type': {'value': 56, 'displayName': 'Zone'}, 'value': 'Center'}, {'type': {'value': 233, 'displayName': 'OppositeRelatedEvent'}, 'value': '389'}, {'type': {'value': 178, 'displayName': 'StandingSave'}}]","[91, 60]",True,326413.0,,,,,,,,,,,
2762472733.0,390,63,46.0,165,29.4,46.1,65,"{'value': 2, 'displayName': 'SecondHalf'}","{'value': 61, 'displayName': 'BallTouch'}","{'value': 1, 'displayName': 'Successful'}","[{'type': {'value': 56, 'displayName': 'Zone'}, 'value': 'Back'}, {'type': {'value': 178, 'displayName': 'StandingSave'}}]",[91],True,404108.0,,,,,,,,,,,
2762472735.0,391,63,48.0,165,28.4,42.1,65,"{'value': 2, 'displayName': 'SecondHalf'}","{'value': 1, 'displayName': 'Pass'}","{'value': 1, 'displayName': 'Successful'}","[{'type': {'value': 213, 'displayName': 'Angle'}, 'value': '5.60'}, {'type': {'value': 178, 'displayName': 'StandingSave'}}, {'type': {'value': 141, 'displayName': 'PassEndY'}, 'value': '27.7'}, {'type': {'value': 212, 'displayName': 'Length'}, 'value': '15.5'}, {'type': {'value': 140, 'displayName': 'PassEndX'}, 'value': '39.8'}, {'type': {'value': 56, 'displayName': 'Zone'}, 'value': 'Back'}]","[91, 117, 30, 36, 38, 216, 218]",True,270446.0,39.8,27.7,,,,,,,,,
2762472737.0,392,63,54.0,165,74.5,37.7,65,"{'value': 2, 'displayName': 'SecondHalf'}","{'value': 1, 'displayName': 'Pass'}","{'value': 0, 'displayName': 'Unsuccessful'}","[{'type': {'value': 56, 'displayName': 'Zone'}, 'value': 'Center'}, {'type': {'value': 140, 'displayName': 'PassEndX'}, 'value': '77.6'}, {'type': {'value': 212, 'displayName': 'Length'}, 'value': '9.0'}, {'type': {'value': 141, 'displayName': 'PassEndY'}, 'value': '50.0'}, {'type': {'value': 178, 'displayName': 'StandingSave'}}, {'type': {'value': 213, 'displayName': 'Angle'}, 'value': '1.20'}]","[91, 120, 29, 36, 37, 217, 218]",True,430908.0,77.6,50.0,,,,,,,,,
2762472741.0,770,63,55.0,13,21.3,50.7,65,"{'value': 2, 'displayName': 'SecondHalf'}","{'value': 49, 'displayName': 'BallRecovery'}","{'value': 1, 'displayName': 'Successful'}",[],[93],False,388650.0,,,,,,,,,,,
2762472743.0,771,63,56.0,13,21.3,50.7,65,"{'value': 2, 'displayName': 'SecondHalf'}","{'value': 1, 'displayName': 'Pass'}","{'value': 1, 'displayName': 'Successful'}","[{'type': {'value': 141, 'displayName': 'PassEndY'}, 'value': '72.1'}, {'type': {'value': 212, 'displayName': 'Length'}, 'value': '15.4'}, {'type': {'value': 56, 'displayName': 'Zone'}, 'value': 'Back'}, {'type': {'value': 178, 'displayName': 'StandingSave'}}, {'type': {'value': 140, 'displayName': 'PassEndX'}, 'value': '26.1'}, {'type': {'value': 213, 'displayName': 'Angle'}, 'value': '1.24'}]","[91, 117, 30, 36, 37, 215, 218]",True,388650.0,26.1,72.1,,,,,,,,,
2762472745.0,772,63,58.0,13,26.1,72.1,65,"{'value': 2, 'displayName': 'SecondHalf'}","{'value': 1, 'displayName': 'Pass'}","{'value': 1, 'displayName': 'Successful'}","[{'type': {'value': 141, 'displayName': 'PassEndY'}, 'value': '64.8'}, {'type': {'value': 213, 'displayName': 'Angle'}, 'value': '4.06'}, {'type': {'value': 56, 'displayName': 'Zone'}, 'value': 'Back'}, {'type': {'value': 212, 'displayName': 'Length'}, 'value': '6.2'}, {'type': {'value': 140, 'displayName': 'PassEndX'}, 'value': '22.5'}, {'type': {'value': 178, 'displayName': 'StandingSave'}}]","[91, 117, 30, 35, 38, 215, 218]",True,113994.0,22.5,64.8,,,,,,,,,
2762472747.0,773,63,59.0,13,22.5,64.8,65,"{'value': 2, 'displayName': 'SecondHalf'}","{'value': 1, 'displayName': 'Pass'}","{'value': 1, 'displayName': 'Successful'}","[{'type': {'value': 141, 'displayName': 'PassEndY'}, 'value': '77.6'}, {'type': {'value': 212, 'displayName': 'Length'}, 'value': '9.2'}, {'type': {'value': 213, 'displayName': 'Angle'}, 'value': '1.90'}, {'type': {'value': 140, 'displayName': 'PassEndX'}, 'value': '19.7'}, {'type': {'value': 178, 'displayName': 'StandingSave'}}, {'type': {'value': 56, 'displayName': 'Zone'}, 'value': 'Back'}]","[91, 117, 30, 35, 37, 215, 218]",True,326413.0,19.7,77.6,,,,,,,,,
2762472751.0,774,64,2.0,13,19.7,77.6,66,"{'value': 2, 'displayName': 'SecondHalf'}","{'value': 1, 'displayName': 'Pass'}","{'value': 1, 'displayName': 'Successful'}","[{'type': {'value': 178, 'displayName': 'StandingSave'}}, {'type': {'value': 56, 'displayName': 'Zone'}, 'value': 'Back'}, {'type': {'value': 140, 'displayName': 'PassEndX'}, 'value': '13.1'}, {'type': {'value': 141, 'displayName': 'PassEndY'}, 'value': '60.3'}, {'type': {'value': 213, 'displayName': 'Angle'}, 'value': '4.18'}, {'type': {'value': 212, 'displayName': 'Length'}, 'value': '13.7'}]","[91, 117, 30, 35, 38, 215, 218]",True,467918.0,13.1,60.3,,,,,,,,,
2762472755.0,775,64,6.0,13,15.2,53.9,66,"{'value': 2, 'displayName': 'SecondHalf'}","{'value': 1, 'displayName': 'Pass'}","{'value': 1, 'displayName': 'Successful'}","[{'type': {'value': 212, 'displayName': 'Length'}, 'value': '18.6'}, {'type': {'value': 178, 'displayName': 'StandingSave'}}, {'type': {'value': 141, 'displayName': 'PassEndY'}, 'value': '26.8'}, {'type': {'value': 56, 'displayName': 'Zone'}, 'value': 'Back'}, {'type': {'value': 213, 'displayName': 'Angle'}, 'value': '4.59'}, {'type': {'value': 140, 'displayName': 'PassEndX'}, 'value': '13.0'}]","[91, 117, 30, 35, 38, 215, 218]",True,334087.0,13.0,26.8,,,,,,,,,
2762472757.0,776,64,9.0,13,12.9,26.6,66,"{'value': 2, 'displayName': 'SecondHalf'}","{'value': 1, 'displayName': 'Pass'}","{'value': 1, 'displayName': 'Successful'}","[{'type': {'value': 178, 'displayName': 'StandingSave'}}, {'type': {'value': 212, 'displayName': 'Length'}, 'value': '12.6'}, {'type': {'value': 56, 'displayName': 'Zone'}, 'value': 'Back'}, {'type': {'value': 213, 'displayName': 'Angle'}, 'value': '5.73'}, {'type': {'value': 140, 'displayName': 'PassEndX'}, 'value': '23.1'}, {'type': {'value': 141, 'displayName': 'PassEndY'}, 'value': '16.8'}]","[91, 117, 30, 36, 38, 215, 218]",True,361822.0,23.1,16.8,,,,,,,,,
2762472761.0,777,64,12.0,13,22.9,25.7,66,"{'value': 2, 'displayName': 'SecondHalf'}","{'value': 4, 'displayName': 'Foul'}","{'value': 1, 'displayName': 'Successful'}","[{'type': {'value': 233, 'displayName': 'OppositeRelatedEvent'}, 'value': '393'}, {'type': {'value': 56, 'displayName': 'Zone'}, 'value': 'Back'}, {'type': {'value': 285, 'displayName': 'Defensive'}}, {'type': {'value': 13, 'displayName': 'Foul'}}]","[91, 63]",True,247454.0,,,,,,,,,,,
2762472759.0,393,64,12.0,165,77.1,74.3,66,"{'value': 2, 'displayName': 'SecondHalf'}","{'value': 4, 'displayName': 'Foul'}","{'value': 0, 'displayName': 'Unsuccessful'}","[{'type': {'value': 178, 'displayName': 'StandingSave'}}, {'type': {'value': 233, 'displayName': 'OppositeRelatedEvent'}, 'value': '777'}, {'type': {'value': 286, 'displayName': 'Offensive'}}, {'type': {'value': 13, 'displayName': 'Foul'}}, {'type': {'value': 55, 'displayName': 'RelatedEventId'}, 'value': '394'}, {'type': {'value': 56, 'displayName': 'Zone'}, 'value': 'Center'}]",[64],False,366211.0,,,394.0,366211.0,,,,,,,
2762472765.0,394,64,26.0,165,0.0,0.0,66,"{'value': 2, 'displayName': 'SecondHalf'}","{'value': 17, 'displayName': 'Card'}","{'value': 1, 'displayName': 'Successful'}","[{'type': {'value': 31, 'displayName': 'Yellow'}}, {'type': {'value': 55, 'displayName': 'RelatedEventId'}, 'value': '393'}, {'type': {'value': 13, 'displayName': 'Foul'}, 'value': '243'}]",[65],False,366211.0,,,393.0,366211.0,,,,,,,"{'value': 31, 'displayName': 'Yellow'}"
2762472973.0,780,66,32.0,13,24.1,29.6,68,"{'value': 2, 'displayName': 'SecondHalf'}","{'value': 1, 'displayName': 'Pass'}","{'value': 1, 'displayName': 'Successful'}","[{'type': {'value': 1, 'displayName': 'Longball'}}, {'type': {'value': 5, 'displayName': 'FreekickTaken'}}, {'type': {'value': 178, 'displayName': 'StandingSave'}}, {'type': {'value': 212, 'displayName': 'Length'}, 'value': '48.3'}, {'type': {'value': 141, 'displayName': 'PassEndY'}, 'value': '10.4'}, {'type': {'value': 56, 'displayName': 'Zone'}, 'value': 'Right'}, {'type': {'value': 140, 'displayName': 'PassEndX'}, 'value': '68.4'}, {'type': {'value': 213, 'displayName': 'Angle'}, 'value': '6.01'}]","[91, 119, 117, 127, 132, 205, 36, 38, 217, 218]",True,276366.0,68.4,10.4,,,,,,,,,
2762472977.0,781,66,35.0,13,69.1,10.6,68,"{'value': 2, 'displayName': 'SecondHalf'}","{'value': 1, 'displayName': 'Pass'}","{'value': 0, 'displayName': 'Unsuccessful'}","[{'type': {'value': 140, 'displayName': 'PassEndX'}, 'value': '77.7'}, {'type': {'value': 212, 'displayName': 'Length'}, 'value': '11.7'}, {'type': {'value': 213, 'displayName': 'Angle'}, 'value': '0.69'}, {'type': {'value': 56, 'displayName': 'Zone'}, 'value': 'Center'}, {'type': {'value': 3, 'displayName': 'HeadPass'}}, {'type': {'value': 141, 'displayName': 'PassEndY'}, 'value': '21.6'}]","[91, 120, 29, 139, 36, 37, 217, 218]",True,326413.0,77.7,21.6,,,,,,,,,
2762472987.0,398,66,38.0,165,22.1,76.9,68,"{'value': 2, 'displayName': 'SecondHalf'}","{'value': 1, 'displayName': 'Pass'}","{'value': 0, 'displayName': 'Unsuccessful'}","[{'type': {'value': 141, 'displayName': 'PassEndY'}, 'value': '82.9'}, {'type': {'value': 213, 'displayName': 'Angle'}, 'value': '0.42'}, {'type': {'value': 212, 'displayName': 'Length'}, 'value': '10.0'}, {'type': {'value': 140, 'displayName': 'PassEndX'}, 'value': '30.8'}, {'type': {'value': 178, 'displayName': 'StandingSave'}}, {'type': {'value': 1, 'displayName': 'Longball'}}, {'type': {'value': 56, 'displayName': 'Zone'}, 'value': 'Back'}]","[91, 118, 120, 128, 36, 37, 215, 218]",True,381161.0,30.8,82.9,,,,,,,,,
2762472991.0,782,66,39.0,13,70.5,18.4,68,"{'value': 2, 'displayName': 'SecondHalf'}","{'value': 8, 'displayName': 'Interception'}","{'value': 1, 'displayName': 'Successful'}","[{'type': {'value': 178, 'displayName': 'StandingSave'}}, {'type': {'value': 56, 'displayName': 'Zone'}, 'value': 'Right'}]","[91, 101, 56]",True,388650.0,,,,,,,,,,,
2762472997.0,783,66,41.0,13,78.0,13.9,68,"{'value': 2, 'displayName': 'SecondHalf'}","{'value': 1, 'displayName': 'Pass'}","{'value': 1, 'displayName': 'Successful'}","[{'type': {'value': 140, 'displayName': 'PassEndX'}, 'value': '73.6'}, {'type': {'value': 212, 'displayName': 'Length'}, 'value': '6.4'}, {'type': {'value': 56, 'displayName': 'Zone'}, 'value': 'Right'}, {'type': {'value': 3, 'displayName': 'HeadPass'}}, {'type': {'value': 213, 'displayName': 'Angle'}, 'value': '3.91'}, {'type': {'value': 156, 'displayName': 'LayOff'}}, {'type': {'value': 141, 'displayName': 'PassEndY'}, 'value': '7.3'}]","[91, 119, 117, 30, 139, 205, 35, 38, 217, 218]",True,279379.0,73.6,7.3,,,,,,,,,
2762473001.0,784,66,43.0,13,73.5,7.3,68,"{'value': 2, 'displayName': 'SecondHalf'}","{'value': 1, 'displayName': 'Pass'}","{'value': 1, 'displayName': 'Successful'}","[{'type': {'value': 141, 'displayName': 'PassEndY'}, 'value': '15.3'}, {'type': {'value': 178, 'displayName': 'StandingSave'}}, {'type': {'value': 56, 'displayName': 'Zone'}, 'value': 'Right'}, {'type': {'value': 213, 'displayName': 'Angle'}, 'value': '2.10'}, {'type': {'value': 212, 'displayName': 'Length'}, 'value': '6.3'}, {'type': {'value': 140, 'displayName': 'PassEndX'}, 'value': '70.5'}]","[91, 119, 117, 30, 205, 35, 37, 217, 218]",True,326413.0,70.5,15.3,,,,,,,,,
2762473005.0,785,66,46.0,13,70.5,15.5,68,"{'value': 2, 'displayName': 'SecondHalf'}","{'value': 1, 'displayName': 'Pass'}","{'value': 1, 'displayName': 'Successful'}","[{'type': {'value': 213, 'displayName': 'Angle'}, 'value': '0.25'}, {'type': {'value': 212, 'displayName': 'Length'}, 'value': '8.3'}, {'type': {'value': 140, 'displayName': 'PassEndX'}, 'value': '78.2'}, {'type': {'value': 141, 'displayName': 'PassEndY'}, 'value': '18.5'}, {'type': {'value': 56, 'displayName': 'Zone'}, 'value': 'Right'}, {'type': {'value': 178, 'displayName': 'StandingSave'}}]","[91, 119, 117, 30, 205, 36, 37, 217, 218]",True,388650.0,78.2,18.5,,,,,,,,,
2762473009.0,786,66,47.0,13,78.2,18.5,68,"{'value': 2, 'displayName': 'SecondHalf'}","{'value': 1, 'displayName': 'Pass'}","{'value': 0, 'displayName': 'Unsuccessful'}","[{'type': {'value': 178, 'displayName': 'StandingSave'}}, {'type': {'value': 141, 'displayName': 'PassEndY'}, 'value': '25.3'}, {'type': {'value': 56, 'displayName': 'Zone'}, 'value': 'Center'}, {'type': {'value': 213, 'displayName': 'Angle'}, 'value': '0.47'}, {'type': {'value': 140, 'displayName': 'PassEndX'}, 'value': '86.8'}, {'type': {'value': 212, 'displayName': 'Length'}, 'value': '10.1'}]","[91, 120, 29, 36, 37, 217, 218]",True,247454.0,86.8,25.3,,,,,,,,,
2762473007.0,399,66,48.0,165,10.5,73.2,68,"{'value': 2, 'displayName': 'SecondHalf'}","{'value': 8, 'displayName': 'Interception'}","{'value': 1, 'displayName': 'Successful'}","[{'type': {'value': 178, 'displayName': 'StandingSave'}}, {'type': {'value': 56, 'displayName': 'Zone'}, 'value': 'Back'}]","[91, 101, 102, 56]",True,381161.0,,,,,,,,,,,
2762473013.0,400,66,49.0,165,11.1,73.2,68,"{'value': 2, 'displayName': 'SecondHalf'}","{'value': 49, 'displayName': 'BallRecovery'}","{'value': 1, 'displayName': 'Successful'}",[],[93],False,381161.0,,,,,,,,,,,
2762473015.0,401,66,49.0,165,11.6,74.4,68,"{'value': 2, 'displayName': 'SecondHalf'}","{'value': 1, 'displayName': 'Pass'}","{'value': 1, 'displayName': 'Successful'}","[{'type': {'value': 56, 'displayName': 'Zone'}, 'value': 'Back'}, {'type': {'value': 178, 'displayName': 'StandingSave'}}, {'type': {'value': 212, 'displayName': 'Length'}, 'value': '6.1'}, {'type': {'value': 141, 'displayName': 'PassEndY'}, 'value': '66.4'}, {'type': {'value': 140, 'displayName': 'PassEndX'}, 'value': '14.2'}, {'type': {'value': 213, 'displayName': 'Angle'}, 'value': '5.18'}]","[91, 117, 30, 36, 38, 215, 218]",True,381161.0,14.2,66.4,,,,,,,,,
2762473031.0,402,66,51.0,165,16.0,66.1,68,"{'value': 2, 'displayName': 'SecondHalf'}","{'value': 1, 'displayName': 'Pass'}","{'value': 1, 'displayName': 'Successful'}","[{'type': {'value': 178, 'displayName': 'StandingSave'}}, {'type': {'value': 213, 'displayName': 'Angle'}, 'value': '5.56'}, {'type': {'value': 140, 'displayName': 'PassEndX'}, 'value': '29.6'}, {'type': {'value': 212, 'displayName': 'Length'}, 'value': '19.0'}, {'type': {'value': 141, 'displayName': 'PassEndY'}, 'value': '47.6'}, {'type': {'value': 56, 'displayName': 'Zone'}, 'value': 'Back'}]","[91, 117, 30, 36, 38, 215, 218]",True,270446.0,29.6,47.6,,,,,,,,,
2762473043.0,403,66,54.0,165,29.1,47.8,68,"{'value': 2, 'displayName': 'SecondHalf'}","{'value': 1, 'displayName': 'Pass'}","{'value': 1, 'displayName': 'Successful'}","[{'type': {'value': 140, 'displayName': 'PassEndX'}, 'value': '18.4'}, {'type': {'value': 141, 'displayName': 'PassEndY'}, 'value': '12.0'}, {'type': {'value': 178, 'displayName': 'StandingSave'}}, {'type': {'value': 213, 'displayName': 'Angle'}, 'value': '4.28'}, {'type': {'value': 56, 'displayName': 'Zone'}, 'value': 'Back'}, {'type': {'value': 212, 'displayName': 'Length'}, 'value': '26.8'}]","[91, 117, 30, 35, 38, 215, 218]",True,430908.0,18.4,12.0,,,,,,,,,
2762473051.0,404,66,59.0,165,19.0,9.7,68,"{'value': 2, 'displayName': 'SecondHalf'}","{'value': 1, 'displayName': 'Pass'}","{'value': 1, 'displayName': 'Successful'}","[{'type': {'value': 140, 'displayName': 'PassEndX'}, 'value': '24.8'}, {'type': {'value': 141, 'displayName': 'PassEndY'}, 'value': '16.7'}, {'type': {'value': 213, 'displayName': 'Angle'}, 'value': '0.66'}, {'type': {'value': 56, 'displayName': 'Zone'}, 'value': 'Back'}, {'type': {'value': 212, 'displayName': 'Length'}, 'value': '7.7'}, {'type': {'value': 178, 'displayName': 'StandingSave'}}]","[91, 117, 30, 36, 37, 215, 218]",True,362826.0,24.8,16.7,,,,,,,,,
2762473053.0,405,67,0.0,165,24.8,16.7,69,"{'value': 2, 'displayName': 'SecondHalf'}","{'value': 1, 'displayName': 'Pass'}","{'value': 1, 'displayName': 'Successful'}","[{'type': {'value': 212, 'displayName': 'Length'}, 'value': '21.9'}, {'type': {'value': 178, 'displayName': 'StandingSave'}}, {'type': {'value': 56, 'displayName': 'Zone'}, 'value': 'Back'}, {'type': {'value': 213, 'displayName': 'Angle'}, 'value': '2.89'}, {'type': {'value': 140, 'displayName': 'PassEndX'}, 'value': '4.6'}, {'type': {'value': 156, 'displayName': 'LayOff'}}, {'type': {'value': 141, 'displayName': 'PassEndY'}, 'value': '24.7'}]","[91, 117, 30, 35, 37, 215, 218]",True,430908.0,4.6,24.7,,,,,,,,,
2762473067.0,406,67,3.0,165,5.6,21.6,69,"{'value': 2, 'displayName': 'SecondHalf'}","{'value': 1, 'displayName': 'Pass'}","{'value': 1, 'displayName': 'Successful'}","[{'type': {'value': 140, 'displayName': 'PassEndX'}, 'value': '4.8'}, {'type': {'value': 178, 'displayName': 'StandingSave'}}, {'type': {'value': 213, 'displayName': 'Angle'}, 'value': '1.63'}, {'type': {'value': 56, 'displayName': 'Zone'}, 'value': 'Back'}, {'type': {'value': 212, 'displayName': 'Length'}, 'value': '15.0'}, {'type': {'value': 141, 'displayName': 'PassEndY'}, 'value': '43.6'}]","[91, 117, 30, 35, 37, 215, 218]",True,356599.0,4.8,43.6,,,,,,,,,
2762473069.0,407,67,5.0,165,8.3,44.5,69,"{'value': 2, 'displayName': 'SecondHalf'}","{'value': 1, 'displayName': 'Pass'}","{'value': 0, 'displayName': 'Unsuccessful'}","[{'type': {'value': 56, 'displayName': 'Zone'}, 'value': 'Back'}, {'type': {'value': 213, 'displayName': 'Angle'}, 'value': '1.15'}, {'type': {'value': 140, 'displayName': 'PassEndX'}, 'value': '25.0'}, {'type': {'value': 1, 'displayName': 'Longball'}}, {'type': {'value': 178, 'displayName': 'StandingSave'}}, {'type': {'value': 212, 'displayName': 'Length'}, 'value': '42.5'}, {'type': {'value': 155, 'displayName': 'Chipped'}}, {'type': {'value': 141, 'displayName': 'PassEndY'}, 'value': '100.0'}]","[91, 118, 120, 124, 128, 36, 37, 215, 218]",True,362426.0,25.0,100.0,,,,,,,,,
2762473101.0,788,67,15.0,13,80.3,0.0,69,"{'value': 2, 'displayName': 'SecondHalf'}","{'value': 1, 'displayName': 'Pass'}","{'value': 1, 'displayName': 'Successful'}","[{'type': {'value': 212, 'displayName': 'Length'}, 'value': '12.0'}, {'type': {'value': 213, 'displayName': 'Angle'}, 'value': '2.73'}, {'type': {'value': 56, 'displayName': 'Zone'}, 'value': 'Right'}, {'type': {'value': 107, 'displayName': 'ThrowIn'}}, {'type': {'value': 141, 'displayName': 'PassEndY'}, 'value': '5.2'}, {'type': {'value': 140, 'displayName': 'PassEndX'}, 'value': '69.8'}]","[91, 212, 35, 37, 217]",True,388650.0,69.8,5.2,,,,,,,,,
2762478609.0,1023,67,18.0,13,66.7,6.4,69,"{'value': 2, 'displayName': 'SecondHalf'}","{'value': 1, 'displayName': 'Pass'}","{'value': 1, 'displayName': 'Successful'}","[{'type': {'value': 140, 'displayName': 'PassEndX'}, 'value': '52.2'}, {'type': {'value': 178, 'displayName': 'StandingSave'}}, {'type': {'value': 141, 'displayName': 'PassEndY'}, 'value': '10.1'}, {'type': {'value': 212, 'displayName': 'Length'}, 'value': '15.4'}, {'type': {'value': 56, 'displayName': 'Zone'}, 'value': 'Right'}, {'type': {'value': 213, 'displayName': 'Angle'}, 'value': '2.98'}]","[91, 119, 117, 30, 35, 37, 216, 218]",True,380706.0,52.2,10.1,,,,,,,,,
2762473105.0,789,67,20.0,13,56.3,13.5,69,"{'value': 2, 'displayName': 'SecondHalf'}","{'value': 1, 'displayName': 'Pass'}","{'value': 1, 'displayName': 'Successful'}","[{'type': {'value': 141, 'displayName': 'PassEndY'}, 'value': '41.8'}, {'type': {'value': 212, 'displayName': 'Length'}, 'value': '21.2'}, {'type': {'value': 178, 'displayName': 'StandingSave'}}, {'type': {'value': 213, 'displayName': 'Angle'}, 'value': '2.00'}, {'type': {'value': 56, 'displayName': 'Zone'}, 'value': 'Back'}, {'type': {'value': 140, 'displayName': 'PassEndX'}, 'value': '47.9'}]","[91, 117, 30, 35, 37, 216, 218]",True,361822.0,47.9,41.8,,,,,,,,,
2762473111.0,790,67,26.0,13,49.2,46.9,69,"{'value': 2, 'displayName': 'SecondHalf'}","{'value': 1, 'displayName': 'Pass'}","{'value': 1, 'displayName': 'Successful'}","[{'type': {'value': 140, 'displayName': 'PassEndX'}, 'value': '48.9'}, {'type': {'value': 213, 'displayName': 'Angle'}, 'value': '4.69'}, {'type': {'value': 56, 'displayName': 'Zone'}, 'value': 'Back'}, {'type': {'value': 212, 'displayName': 'Length'}, 'value': '14.3'}, {'type': {'value': 141, 'displayName': 'PassEndY'}, 'value': '25.9'}, {'type': {'value': 178, 'displayName': 'StandingSave'}}]","[91, 117, 30, 35, 38, 216, 218]",True,334087.0,48.9,25.9,,,,,,,,,
2762473113.0,791,67,28.0,13,48.9,25.9,69,"{'value': 2, 'displayName': 'SecondHalf'}","{'value': 1, 'displayName': 'Pass'}","{'value': 1, 'displayName': 'Successful'}","[{'type': {'value': 178, 'displayName': 'StandingSave'}}, {'type': {'value': 56, 'displayName': 'Zone'}, 'value': 'Right'}, {'type': {'value': 213, 'displayName': 'Angle'}, 'value': '5.24'}, {'type': {'value': 212, 'displayName': 'Length'}, 'value': '16.5'}, {'type': {'value': 141, 'displayName': 'PassEndY'}, 'value': '4.9'}, {'type': {'value': 140, 'displayName': 'PassEndX'}, 'value': '56.8'}]","[91, 119, 117, 30, 36, 38, 216, 218]",True,361822.0,56.8,4.9,,,,,,,,,
2762473115.0,792,67,30.0,13,56.8,4.9,69,"{'value': 2, 'displayName': 'SecondHalf'}","{'value': 1, 'displayName': 'Pass'}","{'value': 1, 'displayName': 'Successful'}","[{'type': {'value': 141, 'displayName': 'PassEndY'}, 'value': '17.1'}, {'type': {'value': 140, 'displayName': 'PassEndX'}, 'value': '56.3'}, {'type': {'value': 56, 'displayName': 'Zone'}, 'value': 'Right'}, {'type': {'value': 212, 'displayName': 'Length'}, 'value': '8.3'}, {'type': {'value': 178, 'displayName': 'StandingSave'}}, {'type': {'value': 213, 'displayName': 'Angle'}, 'value': '1.63'}]","[91, 119, 117, 30, 35, 37, 216, 218]",True,247454.0,56.3,17.1,,,,,,,,,
2762473121.0,793,67,31.0,13,56.3,17.1,69,"{'value': 2, 'displayName': 'SecondHalf'}","{'value': 1, 'displayName': 'Pass'}","{'value': 1, 'displayName': 'Successful'}","[{'type': {'value': 178, 'displayName': 'StandingSave'}}, {'type': {'value': 140, 'displayName': 'PassEndX'}, 'value': '56.3'}, {'type': {'value': 213, 'displayName': 'Angle'}, 'value': '4.71'}, {'type': {'value': 56, 'displayName': 'Zone'}, 'value': 'Right'}, {'type': {'value': 212, 'displayName': 'Length'}, 'value': '8.1'}, {'type': {'value': 141, 'displayName': 'PassEndY'}, 'value': '5.2'}]","[91, 119, 117, 30, 38, 216, 218]",True,332325.0,56.3,5.2,,,,,,,,,
2762473127.0,794,67,32.0,13,56.3,5.2,69,"{'value': 2, 'displayName': 'SecondHalf'}","{'value': 1, 'displayName': 'Pass'}","{'value': 1, 'displayName': 'Successful'}","[{'type': {'value': 141, 'displayName': 'PassEndY'}, 'value': '28.8'}, {'type': {'value': 212, 'displayName': 'Length'}, 'value': '21.8'}, {'type': {'value': 213, 'displayName': 'Angle'}, 'value': '2.31'}, {'type': {'value': 56, 'displayName': 'Zone'}, 'value': 'Back'}, {'type': {'value': 140, 'displayName': 'PassEndX'}, 'value': '42.3'}, {'type': {'value': 178, 'displayName': 'StandingSave'}}]","[91, 117, 30, 35, 37, 216, 218]",True,247454.0,42.3,28.8,,,,,,,,,
2762473129.0,795,67,38.0,13,42.3,29.9,69,"{'value': 2, 'displayName': 'SecondHalf'}","{'value': 1, 'displayName': 'Pass'}","{'value': 1, 'displayName': 'Successful'}","[{'type': {'value': 141, 'displayName': 'PassEndY'}, 'value': '21.1'}, {'type': {'value': 212, 'displayName': 'Length'}, 'value': '6.7'}, {'type': {'value': 140, 'displayName': 'PassEndX'}, 'value': '45.1'}, {'type': {'value': 178, 'displayName': 'StandingSave'}}, {'type': {'value': 213, 'displayName': 'Angle'}, 'value': '5.17'}, {'type': {'value': 56, 'displayName': 'Zone'}, 'value': 'Back'}]","[91, 117, 30, 36, 38, 216, 218]",True,361822.0,45.1,21.1,,,,,,,,,
2762473133.0,796,67,40.0,13,44.6,23.3,69,"{'value': 2, 'displayName': 'SecondHalf'}","{'value': 1, 'displayName': 'Pass'}","{'value': 1, 'displayName': 'Successful'}","[{'type': {'value': 212, 'displayName': 'Length'}, 'value': '10.9'}, {'type': {'value': 178, 'displayName': 'StandingSave'}}, {'type': {'value': 56, 'displayName': 'Zone'}, 'value': 'Back'}, {'type': {'value': 213, 'displayName': 'Angle'}, 'value': '2.36'}, {'type': {'value': 140, 'displayName': 'PassEndX'}, 'value': '37.2'}, {'type': {'value': 141, 'displayName': 'PassEndY'}, 'value': '34.6'}]","[91, 117, 30, 35, 37, 216, 218]",True,332325.0,37.2,34.6,,,,,,,,,
2762473141.0,797,67,43.0,13,40.4,38.4,69,"{'value': 2, 'displayName': 'SecondHalf'}","{'value': 1, 'displayName': 'Pass'}","{'value': 1, 'displayName': 'Successful'}","[{'type': {'value': 141, 'displayName': 'PassEndY'}, 'value': '64.0'}, {'type': {'value': 213, 'displayName': 'Angle'}, 'value': '1.44'}, {'type': {'value': 178, 'displayName': 'StandingSave'}}, {'type': {'value': 56, 'displayName': 'Zone'}, 'value': 'Back'}, {'type': {'value': 140, 'displayName': 'PassEndX'}, 'value': '42.6'}, {'type': {'value': 212, 'displayName': 'Length'}, 'value': '17.6'}]","[91, 117, 30, 36, 37, 216, 218]",True,361822.0,42.6,64.0,,,,,,,,,
2762473143.0,798,67,47.0,13,47.0,72.0,69,"{'value': 2, 'displayName': 'SecondHalf'}","{'value': 1, 'displayName': 'Pass'}","{'value': 0, 'displayName': 'Unsuccessful'}","[{'type': {'value': 141, 'displayName': 'PassEndY'}, 'value': '83.2'}, {'type': {'value': 178, 'displayName': 'StandingSave'}}, {'type': {'value': 212, 'displayName': 'Length'}, 'value': '25.2'}, {'type': {'value': 56, 'displayName': 'Zone'}, 'value': 'Left'}, {'type': {'value': 140, 'displayName': 'PassEndX'}, 'value': '69.9'}, {'type': {'value': 213, 'displayName': 'Angle'}, 'value': '0.31'}]","[91, 120, 29, 36, 37, 217, 218]",True,334087.0,69.9,83.2,,,,,,,,,
2762473147.0,409,67,49.0,165,33.8,11.3,69,"{'value': 2, 'displayName': 'SecondHalf'}","{'value': 49, 'displayName': 'BallRecovery'}","{'value': 1, 'displayName': 'Successful'}",[],[93],False,362826.0,,,,,,,,,,,
2762473155.0,410,67,49.0,165,33.8,11.3,69,"{'value': 2, 'displayName': 'SecondHalf'}","{'value': 1, 'displayName': 'Pass'}","{'value': 1, 'displayName': 'Successful'}","[{'type': {'value': 141, 'displayName': 'PassEndY'}, 'value': '6.5'}, {'type': {'value': 140, 'displayName': 'PassEndX'}, 'value': '44.6'}, {'type': {'value': 56, 'displayName': 'Zone'}, 'value': 'Back'}, {'type': {'value': 178, 'displayName': 'StandingSave'}}, {'type': {'value': 212, 'displayName': 'Length'}, 'value': '11.8'}, {'type': {'value': 213, 'displayName': 'Angle'}, 'value': '6.00'}]","[91, 117, 30, 36, 38, 216, 218]",True,362826.0,44.6,6.5,,,,,,,,,
2762473159.0,411,67,51.0,165,46.8,8.3,69,"{'value': 2, 'displayName': 'SecondHalf'}","{'value': 50, 'displayName': 'Dispossessed'}","{'value': 1, 'displayName': 'Successful'}","[{'type': {'value': 233, 'displayName': 'OppositeRelatedEvent'}, 'value': '799'}, {'type': {'value': 56, 'displayName': 'Zone'}, 'value': 'Back'}, {'type': {'value': 286, 'displayName': 'Offensive'}}]","[91, 70]",True,349484.0,,,,,,,,,,,
2762473161.0,799,67,52.0,13,53.2,91.7,69,"{'value': 2, 'displayName': 'SecondHalf'}","{'value': 7, 'displayName': 'Tackle'}","{'value': 1, 'displayName': 'Successful'}","[{'type': {'value': 233, 'displayName': 'OppositeRelatedEvent'}, 'value': '411'}, {'type': {'value': 285, 'displayName': 'Defensive'}}, {'type': {'value': 56, 'displayName': 'Zone'}, 'value': 'Left'}, {'type': {'value': 178, 'displayName': 'StandingSave'}}]","[91, 143]",True,113994.0,,,,,,,,,,,
2762473163.0,800,67,53.0,13,45.2,79.9,69,"{'value': 2, 'displayName': 'SecondHalf'}","{'value': 49, 'displayName': 'BallRecovery'}","{'value': 1, 'displayName': 'Successful'}",[],[93],False,113994.0,,,,,,,,,,,
2762473179.0,801,67,58.0,13,52.7,43.9,69,"{'value': 2, 'displayName': 'SecondHalf'}","{'value': 1, 'displayName': 'Pass'}","{'value': 1, 'displayName': 'Successful'}","[{'type': {'value': 140, 'displayName': 'PassEndX'}, 'value': '58.4'}, {'type': {'value': 213, 'displayName': 'Angle'}, 'value': '5.03'}, {'type': {'value': 212, 'displayName': 'Length'}, 'value': '19.2'}, {'type': {'value': 141, 'displayName': 'PassEndY'}, 'value': '17.0'}, {'type': {'value': 56, 'displayName': 'Zone'}, 'value': 'Right'}, {'type': {'value': 178, 'displayName': 'StandingSave'}}]","[91, 119, 117, 30, 36, 38, 216, 218]",True,113994.0,58.4,17.0,,,,,,,,,
2762473185.0,802,68,0.0,13,58.5,16.4,70,"{'value': 2, 'displayName': 'SecondHalf'}","{'value': 1, 'displayName': 'Pass'}","{'value': 1, 'displayName': 'Successful'}","[{'type': {'value': 178, 'displayName': 'StandingSave'}}, {'type': {'value': 213, 'displayName': 'Angle'}, 'value': '5.41'}, {'type': {'value': 56, 'displayName': 'Zone'}, 'value': 'Right'}, {'type': {'value': 141, 'displayName': 'PassEndY'}, 'value': '4.9'}, {'type': {'value': 212, 'displayName': 'Length'}, 'value': '10.2'}, {'type': {'value': 140, 'displayName': 'PassEndX'}, 'value': '64.7'}]","[91, 119, 117, 30, 36, 38, 216, 218]",True,388650.0,64.7,4.9,,,,,,,,,
2762473189.0,803,68,3.0,13,64.9,4.6,70,"{'value': 2, 'displayName': 'SecondHalf'}","{'value': 1, 'displayName': 'Pass'}","{'value': 0, 'displayName': 'Unsuccessful'}","[{'type': {'value': 141, 'displayName': 'PassEndY'}, 'value': '13.9'}, {'type': {'value': 178, 'displayName': 'StandingSave'}}, {'type': {'value': 212, 'displayName': 'Length'}, 'value': '6.3'}, {'type': {'value': 213, 'displayName': 'Angle'}, 'value': '1.52'}, {'type': {'value': 140, 'displayName': 'PassEndX'}, 'value': '65.2'}, {'type': {'value': 56, 'displayName': 'Zone'}, 'value': 'Right'}]","[91, 120, 29, 36, 37, 216, 218]",True,380706.0,65.2,13.9,,,,,,,,,
2762473191.0,412,68,3.0,165,25.3,89.7,70,"{'value': 2, 'displayName': 'SecondHalf'}","{'value': 8, 'displayName': 'Interception'}","{'value': 1, 'displayName': 'Successful'}","[{'type': {'value': 56, 'displayName': 'Zone'}, 'value': 'Back'}, {'type': {'value': 178, 'displayName': 'StandingSave'}}]","[91, 101, 56]",True,404108.0,,,,,,,,,,,
2762473193.0,413,68,4.0,165,24.4,88.9,70,"{'value': 2, 'displayName': 'SecondHalf'}","{'value': 49, 'displayName': 'BallRecovery'}","{'value': 1, 'displayName': 'Successful'}",[],[93],False,404108.0,,,,,,,,,,,
2762473197.0,414,68,5.0,165,24.4,88.9,70,"{'value': 2, 'displayName': 'SecondHalf'}","{'value': 1, 'displayName': 'Pass'}","{'value': 1, 'displayName': 'Successful'}","[{'type': {'value': 141, 'displayName': 'PassEndY'}, 'value': '85.3'}, {'type': {'value': 212, 'displayName': 'Length'}, 'value': '10.9'}, {'type': {'value': 56, 'displayName': 'Zone'}, 'value': 'Back'}, {'type': {'value': 178, 'displayName': 'StandingSave'}}, {'type': {'value': 213, 'displayName': 'Angle'}, 'value': '3.37'}, {'type': {'value': 140, 'displayName': 'PassEndX'}, 'value': '14.3'}]","[91, 117, 30, 35, 38, 215, 218]",True,404108.0,14.3,85.3,,,,,,,,,
2762473199.0,415,68,6.0,165,14.3,85.3,70,"{'value': 2, 'displayName': 'SecondHalf'}","{'value': 1, 'displayName': 'Pass'}","{'value': 1, 'displayName': 'Successful'}","[{'type': {'value': 56, 'displayName': 'Zone'}, 'value': 'Back'}, {'type': {'value': 178, 'displayName': 'StandingSave'}}, {'type': {'value': 212, 'displayName': 'Length'}, 'value': '11.3'}, {'type': {'value': 141, 'displayName': 'PassEndY'}, 'value': '73.3'}, {'type': {'value': 140, 'displayName': 'PassEndX'}, 'value': '21.8'}, {'type': {'value': 213, 'displayName': 'Angle'}, 'value': '5.48'}]","[91, 117, 30, 36, 38, 215, 218]",True,381161.0,21.8,73.3,,,,,,,,,
2762473209.0,416,68,7.0,165,21.8,73.3,70,"{'value': 2, 'displayName': 'SecondHalf'}","{'value': 1, 'displayName': 'Pass'}","{'value': 1, 'displayName': 'Successful'}","[{'type': {'value': 140, 'displayName': 'PassEndX'}, 'value': '24.6'}, {'type': {'value': 56, 'displayName': 'Zone'}, 'value': 'Back'}, {'type': {'value': 213, 'displayName': 'Angle'}, 'value': '1.39'}, {'type': {'value': 212, 'displayName': 'Length'}, 'value': '16.0'}, {'type': {'value': 178, 'displayName': 'StandingSave'}}, {'type': {'value': 141, 'displayName': 'PassEndY'}, 'value': '96.5'}]","[91, 117, 30, 36, 37, 215, 218]",True,270446.0,24.6,96.5,,,,,,,,,
2762473211.0,417,68,9.0,165,20.5,95.9,70,"{'value': 2, 'displayName': 'SecondHalf'}","{'value': 1, 'displayName': 'Pass'}","{'value': 1, 'displayName': 'Successful'}","[{'type': {'value': 178, 'displayName': 'StandingSave'}}, {'type': {'value': 141, 'displayName': 'PassEndY'}, 'value': '86.0'}, {'type': {'value': 140, 'displayName': 'PassEndX'}, 'value': '25.2'}, {'type': {'value': 212, 'displayName': 'Length'}, 'value': '8.3'}, {'type': {'value': 56, 'displayName': 'Zone'}, 'value': 'Back'}, {'type': {'value': 213, 'displayName': 'Angle'}, 'value': '5.34'}]","[91, 117, 30, 36, 38, 215, 218]",True,366211.0,25.2,86.0,,,,,,,,,
2762473215.0,418,68,11.0,165,31.2,82.1,70,"{'value': 2, 'displayName': 'SecondHalf'}","{'value': 3, 'displayName': 'TakeOn'}","{'value': 1, 'displayName': 'Successful'}","[{'type': {'value': 285, 'displayName': 'Defensive'}}, {'type': {'value': 56, 'displayName': 'Zone'}, 'value': 'Back'}, {'type': {'value': 233, 'displayName': 'OppositeRelatedEvent'}, 'value': '804'}, {'type': {'value': 178, 'displayName': 'StandingSave'}}]","[91, 54]",True,404108.0,,,,,,,,,,,
2762473213.0,804,68,11.0,13,68.8,17.9,70,"{'value': 2, 'displayName': 'SecondHalf'}","{'value': 45, 'displayName': 'Challenge'}","{'value': 0, 'displayName': 'Unsuccessful'}","[{'type': {'value': 233, 'displayName': 'OppositeRelatedEvent'}, 'value': '418'}, {'type': {'value': 56, 'displayName': 'Zone'}, 'value': 'Right'}, {'type': {'value': 286, 'displayName': 'Offensive'}}]",[55],False,113994.0,,,,,,,,,,,
2762473223.0,419,68,15.0,165,36.9,68.8,70,"{'value': 2, 'displayName': 'SecondHalf'}","{'value': 1, 'displayName': 'Pass'}","{'value': 1, 'displayName': 'Successful'}","[{'type': {'value': 56, 'displayName': 'Zone'}, 'value': 'Back'}, {'type': {'value': 212, 'displayName': 'Length'}, 'value': '17.6'}, {'type': {'value': 213, 'displayName': 'Angle'}, 'value': '4.15'}, {'type': {'value': 140, 'displayName': 'PassEndX'}, 'value': '28.0'}, {'type': {'value': 141, 'displayName': 'PassEndY'}, 'value': '46.9'}, {'type': {'value': 178, 'displayName': 'StandingSave'}}]","[91, 117, 30, 35, 38, 215, 218]",True,404108.0,28.0,46.9,,,,,,,,,
2762473227.0,420,68,19.0,165,29.8,34.6,70,"{'value': 2, 'displayName': 'SecondHalf'}","{'value': 1, 'displayName': 'Pass'}","{'value': 1, 'displayName': 'Successful'}","[{'type': {'value': 212, 'displayName': 'Length'}, 'value': '10.7'}, {'type': {'value': 56, 'displayName': 'Zone'}, 'value': 'Back'}, {'type': {'value': 140, 'displayName': 'PassEndX'}, 'value': '39.7'}, {'type': {'value': 178, 'displayName': 'StandingSave'}}, {'type': {'value': 213, 'displayName': 'Angle'}, 'value': '6.05'}, {'type': {'value': 141, 'displayName': 'PassEndY'}, 'value': '30.9'}]","[91, 117, 30, 36, 38, 216, 218]",True,356599.0,39.7,30.9,,,,,,,,,
2762473237.0,421,68,20.0,165,39.7,30.9,70,"{'value': 2, 'displayName': 'SecondHalf'}","{'value': 1, 'displayName': 'Pass'}","{'value': 1, 'displayName': 'Successful'}","[{'type': {'value': 178, 'displayName': 'StandingSave'}}, {'type': {'value': 56, 'displayName': 'Zone'}, 'value': 'Back'}, {'type': {'value': 212, 'displayName': 'Length'}, 'value': '10.7'}, {'type': {'value': 141, 'displayName': 'PassEndY'}, 'value': '45.5'}, {'type': {'value': 140, 'displayName': 'PassEndX'}, 'value': '35.9'}, {'type': {'value': 213, 'displayName': 'Angle'}, 'value': '1.95'}]","[91, 117, 30, 35, 37, 216, 218]",True,430908.0,35.9,45.5,,,,,,,,,
2762473245.0,422,68,24.0,165,36.6,55.7,70,"{'value': 2, 'displayName': 'SecondHalf'}","{'value': 1, 'displayName': 'Pass'}","{'value': 1, 'displayName': 'Successful'}","[{'type': {'value': 212, 'displayName': 'Length'}, 'value': '10.4'}, {'type': {'value': 213, 'displayName': 'Angle'}, 'value': '1.71'}, {'type': {'value': 140, 'displayName': 'PassEndX'}, 'value': '35.2'}, {'type': {'value': 178, 'displayName': 'StandingSave'}}, {'type': {'value': 141, 'displayName': 'PassEndY'}, 'value': '70.8'}, {'type': {'value': 56, 'displayName': 'Zone'}, 'value': 'Back'}]","[91, 117, 30, 35, 37, 216, 218]",True,270446.0,35.2,70.8,,,,,,,,,
2762473255.0,423,68,27.0,165,36.8,70.3,70,"{'value': 2, 'displayName': 'SecondHalf'}","{'value': 1, 'displayName': 'Pass'}","{'value': 1, 'displayName': 'Successful'}","[{'type': {'value': 141, 'displayName': 'PassEndY'}, 'value': '42.2'}, {'type': {'value': 140, 'displayName': 'PassEndX'}, 'value': '29.8'}, {'type': {'value': 56, 'displayName': 'Zone'}, 'value': 'Back'}, {'type': {'value': 212, 'displayName': 'Length'}, 'value': '20.5'}, {'type': {'value': 213, 'displayName': 'Angle'}, 'value': '4.35'}, {'type': {'value': 178, 'displayName': 'StandingSave'}}]","[91, 117, 30, 35, 38, 215, 218]",True,381161.0,29.8,42.2,,,,,,,,,
2762473263.0,424,68,32.0,165,31.9,37.3,70,"{'value': 2, 'displayName': 'SecondHalf'}","{'value': 1, 'displayName': 'Pass'}","{'value': 1, 'displayName': 'Successful'}","[{'type': {'value': 178, 'displayName': 'StandingSave'}}, {'type': {'value': 56, 'displayName': 'Zone'}, 'value': 'Back'}, {'type': {'value': 213, 'displayName': 'Angle'}, 'value': '1.22'}, {'type': {'value': 140, 'displayName': 'PassEndX'}, 'value': '35.1'}, {'type': {'value': 141, 'displayName': 'PassEndY'}, 'value': '50.9'}, {'type': {'value': 212, 'displayName': 'Length'}, 'value': '9.8'}]","[91, 117, 30, 36, 37, 216, 218]",True,356599.0,35.1,50.9,,,,,,,,,
2762473269.0,425,68,37.0,165,35.1,54.3,70,"{'value': 2, 'displayName': 'SecondHalf'}","{'value': 1, 'displayName': 'Pass'}","{'value': 1, 'displayName': 'Successful'}","[{'type': {'value': 140, 'displayName': 'PassEndX'}, 'value': '31.8'}, {'type': {'value': 141, 'displayName': 'PassEndY'}, 'value': '39.8'}, {'type': {'value': 56, 'displayName': 'Zone'}, 'value': 'Back'}, {'type': {'value': 213, 'displayName': 'Angle'}, 'value': '4.37'}, {'type': {'value': 178, 'displayName': 'StandingSave'}}, {'type': {'value': 212, 'displayName': 'Length'}, 'value': '10.5'}]","[91, 117, 30, 35, 38, 215, 218]",True,270446.0,31.8,39.8,,,,,,,,,
2762473273.0,426,68,40.0,165,31.4,37.3,70,"{'value': 2, 'displayName': 'SecondHalf'}","{'value': 1, 'displayName': 'Pass'}","{'value': 1, 'displayName': 'Successful'}","[{'type': {'value': 178, 'displayName': 'StandingSave'}}, {'type': {'value': 140, 'displayName': 'PassEndX'}, 'value': '40.2'}, {'type': {'value': 141, 'displayName': 'PassEndY'}, 'value': '31.6'}, {'type': {'value': 212, 'displayName': 'Length'}, 'value': '10.0'}, {'type': {'value': 56, 'displayName': 'Zone'}, 'value': 'Back'}, {'type': {'value': 213, 'displayName': 'Angle'}, 'value': '5.89'}]","[91, 117, 30, 36, 38, 216, 218]",True,356599.0,40.2,31.6,,,,,,,,,
2762473275.0,427,68,40.0,165,40.2,31.6,70,"{'value': 2, 'displayName': 'SecondHalf'}","{'value': 1, 'displayName': 'Pass'}","{'value': 1, 'displayName': 'Successful'}","[{'type': {'value': 178, 'displayName': 'StandingSave'}}, {'type': {'value': 212, 'displayName': 'Length'}, 'value': '20.8'}, {'type': {'value': 156, 'displayName': 'LayOff'}}, {'type': {'value': 213, 'displayName': 'Angle'}, 'value': '3.88'}, {'type': {'value': 140, 'displayName': 'PassEndX'}, 'value': '25.5'}, {'type': {'value': 56, 'displayName': 'Zone'}, 'value': 'Back'}, {'type': {'value': 141, 'displayName': 'PassEndY'}, 'value': '11.1'}]","[91, 117, 30, 35, 38, 215, 218]",True,430908.0,25.5,11.1,,,,,,,,,
2762473281.0,428,68,42.0,165,25.5,11.1,70,"{'value': 2, 'displayName': 'SecondHalf'}","{'value': 1, 'displayName': 'Pass'}","{'value': 1, 'displayName': 'Successful'}","[{'type': {'value': 140, 'displayName': 'PassEndX'}, 'value': '31.3'}, {'type': {'value': 213, 'displayName': 'Angle'}, 'value': '0.63'}, {'type': {'value': 212, 'displayName': 'Length'}, 'value': '7.5'}, {'type': {'value': 141, 'displayName': 'PassEndY'}, 'value': '17.6'}, {'type': {'value': 56, 'displayName': 'Zone'}, 'value': 'Back'}, {'type': {'value': 178, 'displayName': 'StandingSave'}}]","[91, 117, 30, 36, 37, 215, 218]",True,362826.0,31.3,17.6,,,,,,,,,
2762473289.0,429,68,44.0,165,31.3,17.6,70,"{'value': 2, 'displayName': 'SecondHalf'}","{'value': 1, 'displayName': 'Pass'}","{'value': 1, 'displayName': 'Successful'}","[{'type': {'value': 56, 'displayName': 'Zone'}, 'value': 'Back'}, {'type': {'value': 141, 'displayName': 'PassEndY'}, 'value': '42.1'}, {'type': {'value': 213, 'displayName': 'Angle'}, 'value': '1.96'}, {'type': {'value': 140, 'displayName': 'PassEndX'}, 'value': '24.8'}, {'type': {'value': 178, 'displayName': 'StandingSave'}}, {'type': {'value': 212, 'displayName': 'Length'}, 'value': '18.0'}]","[91, 117, 30, 35, 37, 215, 218]",True,430908.0,24.8,42.1,,,,,,,,,
2762473293.0,430,68,48.0,165,30.3,49.6,70,"{'value': 2, 'displayName': 'SecondHalf'}","{'value': 1, 'displayName': 'Pass'}","{'value': 1, 'displayName': 'Successful'}","[{'type': {'value': 178, 'displayName': 'StandingSave'}}, {'type': {'value': 212, 'displayName': 'Length'}, 'value': '25.7'}, {'type': {'value': 141, 'displayName': 'PassEndY'}, 'value': '86.6'}, {'type': {'value': 56, 'displayName': 'Zone'}, 'value': 'Back'}, {'type': {'value': 140, 'displayName': 'PassEndX'}, 'value': '25.1'}, {'type': {'value': 213, 'displayName': 'Angle'}, 'value': '1.78'}]","[91, 117, 30, 35, 37, 215, 218]",True,356599.0,25.1,86.6,,,,,,,,,
2762473297.0,431,68,51.0,165,25.1,86.6,70,"{'value': 2, 'displayName': 'SecondHalf'}","{'value': 1, 'displayName': 'Pass'}","{'value': 1, 'displayName': 'Successful'}","[{'type': {'value': 56, 'displayName': 'Zone'}, 'value': 'Back'}, {'type': {'value': 178, 'displayName': 'StandingSave'}}, {'type': {'value': 140, 'displayName': 'PassEndX'}, 'value': '33.8'}, {'type': {'value': 141, 'displayName': 'PassEndY'}, 'value': '93.0'}, {'type': {'value': 213, 'displayName': 'Angle'}, 'value': '0.44'}, {'type': {'value': 212, 'displayName': 'Length'}, 'value': '10.1'}]","[91, 117, 30, 36, 37, 216, 218]",True,381161.0,33.8,93.0,,,,,,,,,
2762473299.0,432,68,53.0,165,34.1,93.2,70,"{'value': 2, 'displayName': 'SecondHalf'}","{'value': 1, 'displayName': 'Pass'}","{'value': 1, 'displayName': 'Successful'}","[{'type': {'value': 212, 'displayName': 'Length'}, 'value': '18.1'}, {'type': {'value': 141, 'displayName': 'PassEndY'}, 'value': '96.3'}, {'type': {'value': 140, 'displayName': 'PassEndX'}, 'value': '51.2'}, {'type': {'value': 56, 'displayName': 'Zone'}, 'value': 'Left'}, {'type': {'value': 178, 'displayName': 'StandingSave'}}, {'type': {'value': 213, 'displayName': 'Angle'}, 'value': '0.12'}]","[91, 119, 117, 30, 36, 37, 216, 218]",True,366211.0,51.2,96.3,,,,,,,,,
2762473305.0,433,68,54.0,165,51.2,96.5,70,"{'value': 2, 'displayName': 'SecondHalf'}","{'value': 1, 'displayName': 'Pass'}","{'value': 1, 'displayName': 'Successful'}","[{'type': {'value': 212, 'displayName': 'Length'}, 'value': '8.6'}, {'type': {'value': 141, 'displayName': 'PassEndY'}, 'value': '85.6'}, {'type': {'value': 178, 'displayName': 'StandingSave'}}, {'type': {'value': 140, 'displayName': 'PassEndX'}, 'value': '47.0'}, {'type': {'value': 56, 'displayName': 'Zone'}, 'value': 'Back'}, {'type': {'value': 156, 'displayName': 'LayOff'}}, {'type': {'value': 213, 'displayName': 'Angle'}, 'value': '4.18'}]","[91, 117, 30, 35, 38, 216, 218]",True,138686.0,47.0,85.6,,,,,,,,,
2762473313.0,434,68,56.0,165,47.0,85.6,70,"{'value': 2, 'displayName': 'SecondHalf'}","{'value': 1, 'displayName': 'Pass'}","{'value': 1, 'displayName': 'Successful'}","[{'type': {'value': 213, 'displayName': 'Angle'}, 'value': '3.93'}, {'type': {'value': 178, 'displayName': 'StandingSave'}}, {'type': {'value': 212, 'displayName': 'Length'}, 'value': '6.0'}, {'type': {'value': 56, 'displayName': 'Zone'}, 'value': 'Back'}, {'type': {'value': 140, 'displayName': 'PassEndX'}, 'value': '43.0'}, {'type': {'value': 141, 'displayName': 'PassEndY'}, 'value': '79.4'}]","[91, 117, 30, 35, 38, 216, 218]",True,366211.0,43.0,79.4,,,,,,,,,
2762473319.0,435,68,58.0,165,41.5,75.1,70,"{'value': 2, 'displayName': 'SecondHalf'}","{'value': 1, 'displayName': 'Pass'}","{'value': 1, 'displayName': 'Successful'}","[{'type': {'value': 140, 'displayName': 'PassEndX'}, 'value': '66.2'}, {'type': {'value': 141, 'displayName': 'PassEndY'}, 'value': '7.6'}, {'type': {'value': 56, 'displayName': 'Zone'}, 'value': 'Right'}, {'type': {'value': 213, 'displayName': 'Angle'}, 'value': '5.23'}, {'type': {'value': 155, 'displayName': 'Chipped'}}, {'type': {'value': 178, 'displayName': 'StandingSave'}}, {'type': {'value': 1, 'displayName': 'Longball'}}, {'type': {'value': 212, 'displayName': 'Length'}, 'value': '52.7'}]","[91, 119, 117, 124, 127, 36, 38, 216, 218]",True,404108.0,66.2,7.6,,,,,,,,,
2762473327.0,436,69,3.0,165,67.5,11.0,71,"{'value': 2, 'displayName': 'SecondHalf'}","{'value': 1, 'displayName': 'Pass'}","{'value': 1, 'displayName': 'Successful'}","[{'type': {'value': 56, 'displayName': 'Zone'}, 'value': 'Center'}, {'type': {'value': 141, 'displayName': 'PassEndY'}, 'value': '25.9'}, {'type': {'value': 140, 'displayName': 'PassEndX'}, 'value': '61.3'}, {'type': {'value': 213, 'displayName': 'Angle'}, 'value': '2.14'}, {'type': {'value': 212, 'displayName': 'Length'}, 'value': '12.0'}, {'type': {'value': 178, 'displayName': 'StandingSave'}}]","[91, 119, 117, 30, 35, 37, 216, 218]",True,349484.0,61.3,25.9,,,,,,,,,
2762473329.0,437,69,5.0,165,61.3,25.9,71,"{'value': 2, 'displayName': 'SecondHalf'}","{'value': 1, 'displayName': 'Pass'}","{'value': 1, 'displayName': 'Successful'}","[{'type': {'value': 56, 'displayName': 'Zone'}, 'value': 'Center'}, {'type': {'value': 178, 'displayName': 'StandingSave'}}, {'type': {'value': 141, 'displayName': 'PassEndY'}, 'value': '28.6'}, {'type': {'value': 213, 'displayName': 'Angle'}, 'value': '0.32'}, {'type': {'value': 140, 'displayName': 'PassEndX'}, 'value': '66.6'}, {'type': {'value': 212, 'displayName': 'Length'}, 'value': '5.9'}]","[91, 119, 117, 30, 36, 37, 216, 218]",True,270446.0,66.6,28.6,,,,,,,,,
2762473333.0,438,69,7.0,165,67.5,28.3,71,"{'value': 2, 'displayName': 'SecondHalf'}","{'value': 1, 'displayName': 'Pass'}","{'value': 1, 'displayName': 'Successful'}","[{'type': {'value': 140, 'displayName': 'PassEndX'}, 'value': '62.7'}, {'type': {'value': 141, 'displayName': 'PassEndY'}, 'value': '43.0'}, {'type': {'value': 212, 'displayName': 'Length'}, 'value': '11.2'}, {'type': {'value': 56, 'displayName': 'Zone'}, 'value': 'Center'}, {'type': {'value': 213, 'displayName': 'Angle'}, 'value': '2.04'}, {'type': {'value': 178, 'displayName': 'StandingSave'}}]","[91, 119, 117, 30, 35, 37, 216, 218]",True,430908.0,62.7,43.0,,,,,,,,,
2762473337.0,439,69,9.0,165,62.7,43.0,71,"{'value': 2, 'displayName': 'SecondHalf'}","{'value': 1, 'displayName': 'Pass'}","{'value': 1, 'displayName': 'Successful'}","[{'type': {'value': 140, 'displayName': 'PassEndX'}, 'value': '66.7'}, {'type': {'value': 213, 'displayName': 'Angle'}, 'value': '1.34'}, {'type': {'value': 212, 'displayName': 'Length'}, 'value': '18.4'}, {'type': {'value': 56, 'displayName': 'Zone'}, 'value': 'Center'}, {'type': {'value': 178, 'displayName': 'StandingSave'}}, {'type': {'value': 141, 'displayName': 'PassEndY'}, 'value': '69.4'}]","[91, 119, 117, 30, 205, 36, 37, 217, 218]",True,404108.0,66.7,69.4,,,,,,,,,
2762473339.0,440,69,12.0,165,67.7,73.5,71,"{'value': 2, 'displayName': 'SecondHalf'}","{'value': 1, 'displayName': 'Pass'}","{'value': 1, 'displayName': 'Successful'}","[{'type': {'value': 213, 'displayName': 'Angle'}, 'value': '0.77'}, {'type': {'value': 56, 'displayName': 'Zone'}, 'value': 'Left'}, {'type': {'value': 212, 'displayName': 'Length'}, 'value': '19.4'}, {'type': {'value': 141, 'displayName': 'PassEndY'}, 'value': '93.3'}, {'type': {'value': 140, 'displayName': 'PassEndX'}, 'value': '81.0'}, {'type': {'value': 178, 'displayName': 'StandingSave'}}]","[91, 119, 117, 30, 205, 36, 37, 217, 218]",True,381161.0,81.0,93.3,,,,,,,,,
2762473347.0,441,69,15.0,165,78.4,81.4,71,"{'value': 2, 'displayName': 'SecondHalf'}","{'value': 1, 'displayName': 'Pass'}","{'value': 1, 'displayName': 'Successful'}","[{'type': {'value': 140, 'displayName': 'PassEndX'}, 'value': '70.6'}, {'type': {'value': 212, 'displayName': 'Length'}, 'value': '11.6'}, {'type': {'value': 56, 'displayName': 'Zone'}, 'value': 'Center'}, {'type': {'value': 213, 'displayName': 'Angle'}, 'value': '3.93'}, {'type': {'value': 178, 'displayName': 'StandingSave'}}, {'type': {'value': 141, 'displayName': 'PassEndY'}, 'value': '69.4'}]","[91, 119, 117, 30, 205, 35, 38, 217, 218]",True,366211.0,70.6,69.4,,,,,,,,,
2762473353.0,442,69,18.0,165,71.5,66.9,71,"{'value': 2, 'displayName': 'SecondHalf'}","{'value': 1, 'displayName': 'Pass'}","{'value': 1, 'displayName': 'Successful'}","[{'type': {'value': 212, 'displayName': 'Length'}, 'value': '14.4'}, {'type': {'value': 178, 'displayName': 'StandingSave'}}, {'type': {'value': 140, 'displayName': 'PassEndX'}, 'value': '71.4'}, {'type': {'value': 213, 'displayName': 'Angle'}, 'value': '4.71'}, {'type': {'value': 56, 'displayName': 'Zone'}, 'value': 'Center'}, {'type': {'value': 141, 'displayName': 'PassEndY'}, 'value': '45.7'}]","[91, 119, 117, 30, 205, 35, 38, 217, 218]",True,404108.0,71.4,45.7,,,,,,,,,
2762473355.0,443,69,21.0,165,72.3,40.6,71,"{'value': 2, 'displayName': 'SecondHalf'}","{'value': 1, 'displayName': 'Pass'}","{'value': 1, 'displayName': 'Successful'}","[{'type': {'value': 141, 'displayName': 'PassEndY'}, 'value': '28.3'}, {'type': {'value': 178, 'displayName': 'StandingSave'}}, {'type': {'value': 212, 'displayName': 'Length'}, 'value': '10.4'}, {'type': {'value': 56, 'displayName': 'Zone'}, 'value': 'Center'}, {'type': {'value': 213, 'displayName': 'Angle'}, 'value': '4.07'}, {'type': {'value': 140, 'displayName': 'PassEndX'}, 'value': '66.4'}]","[91, 119, 117, 30, 35, 38, 216, 218]",True,270446.0,66.4,28.3,,,,,,,,,
2762473363.0,444,69,23.0,165,67.6,30.3,71,"{'value': 2, 'displayName': 'SecondHalf'}","{'value': 1, 'displayName': 'Pass'}","{'value': 1, 'displayName': 'Successful'}","[{'type': {'value': 178, 'displayName': 'StandingSave'}}, {'type': {'value': 213, 'displayName': 'Angle'}, 'value': '1.89'}, {'type': {'value': 140, 'displayName': 'PassEndX'}, 'value': '62.9'}, {'type': {'value': 56, 'displayName': 'Zone'}, 'value': 'Center'}, {'type': {'value': 212, 'displayName': 'Length'}, 'value': '15.8'}, {'type': {'value': 141, 'displayName': 'PassEndY'}, 'value': '52.4'}]","[91, 119, 117, 30, 35, 37, 216, 218]",True,362826.0,62.9,52.4,,,,,,,,,
2762473367.0,445,69,26.0,165,62.8,50.7,71,"{'value': 2, 'displayName': 'SecondHalf'}","{'value': 1, 'displayName': 'Pass'}","{'value': 1, 'displayName': 'Successful'}","[{'type': {'value': 213, 'displayName': 'Angle'}, 'value': '5.17'}, {'type': {'value': 178, 'displayName': 'StandingSave'}}, {'type': {'value': 56, 'displayName': 'Zone'}, 'value': 'Center'}, {'type': {'value': 212, 'displayName': 'Length'}, 'value': '10.1'}, {'type': {'value': 141, 'displayName': 'PassEndY'}, 'value': '37.4'}, {'type': {'value': 140, 'displayName': 'PassEndX'}, 'value': '67.0'}]","[91, 119, 117, 30, 205, 36, 38, 217, 218]",True,356599.0,67.0,37.4,,,,,,,,,
2762473375.0,446,69,27.0,165,67.0,37.4,71,"{'value': 2, 'displayName': 'SecondHalf'}","{'value': 1, 'displayName': 'Pass'}","{'value': 1, 'displayName': 'Successful'}","[{'type': {'value': 213, 'displayName': 'Angle'}, 'value': '2.12'}, {'type': {'value': 56, 'displayName': 'Zone'}, 'value': 'Center'}, {'type': {'value': 178, 'displayName': 'StandingSave'}}, {'type': {'value': 212, 'displayName': 'Length'}, 'value': '12.4'}, {'type': {'value': 141, 'displayName': 'PassEndY'}, 'value': '53.0'}, {'type': {'value': 140, 'displayName': 'PassEndX'}, 'value': '60.8'}]","[91, 119, 117, 30, 35, 37, 216, 218]",True,270446.0,60.8,53.0,,,,,,,,,
2762473377.0,447,69,30.0,165,61.5,54.5,71,"{'value': 2, 'displayName': 'SecondHalf'}","{'value': 1, 'displayName': 'Pass'}","{'value': 1, 'displayName': 'Successful'}","[{'type': {'value': 212, 'displayName': 'Length'}, 'value': '15.1'}, {'type': {'value': 56, 'displayName': 'Zone'}, 'value': 'Center'}, {'type': {'value': 178, 'displayName': 'StandingSave'}}, {'type': {'value': 140, 'displayName': 'PassEndX'}, 'value': '58.1'}, {'type': {'value': 141, 'displayName': 'PassEndY'}, 'value': '76.1'}, {'type': {'value': 213, 'displayName': 'Angle'}, 'value': '1.81'}]","[91, 119, 117, 30, 35, 37, 216, 218]",True,356599.0,58.1,76.1,,,,,,,,,
2762473381.0,448,69,32.0,165,58.1,76.1,71,"{'value': 2, 'displayName': 'SecondHalf'}","{'value': 1, 'displayName': 'Pass'}","{'value': 1, 'displayName': 'Successful'}","[{'type': {'value': 212, 'displayName': 'Length'}, 'value': '11.1'}, {'type': {'value': 140, 'displayName': 'PassEndX'}, 'value': '57.2'}, {'type': {'value': 213, 'displayName': 'Angle'}, 'value': '1.66'}, {'type': {'value': 178, 'displayName': 'StandingSave'}}, {'type': {'value': 141, 'displayName': 'PassEndY'}, 'value': '92.3'}, {'type': {'value': 56, 'displayName': 'Zone'}, 'value': 'Left'}]","[91, 119, 117, 30, 35, 37, 216, 218]",True,404108.0,57.2,92.3,,,,,,,,,
2762473385.0,449,69,36.0,165,55.1,94.2,71,"{'value': 2, 'displayName': 'SecondHalf'}","{'value': 1, 'displayName': 'Pass'}","{'value': 1, 'displayName': 'Successful'}","[{'type': {'value': 213, 'displayName': 'Angle'}, 'value': '3.40'}, {'type': {'value': 140, 'displayName': 'PassEndX'}, 'value': '40.7'}, {'type': {'value': 56, 'displayName': 'Zone'}, 'value': 'Back'}, {'type': {'value': 212, 'displayName': 'Length'}, 'value': '15.6'}, {'type': {'value': 178, 'displayName': 'StandingSave'}}, {'type': {'value': 141, 'displayName': 'PassEndY'}, 'value': '88.4'}]","[91, 117, 30, 35, 38, 216, 218]",True,381161.0,40.7,88.4,,,,,,,,,
2762473389.0,450,69,39.0,165,41.9,92.3,71,"{'value': 2, 'displayName': 'SecondHalf'}","{'value': 1, 'displayName': 'Pass'}","{'value': 1, 'displayName': 'Successful'}","[{'type': {'value': 212, 'displayName': 'Length'}, 'value': '4.0'}, {'type': {'value': 56, 'displayName': 'Zone'}, 'value': 'Back'}, {'type': {'value': 213, 'displayName': 'Angle'}, 'value': '0.79'}, {'type': {'value': 141, 'displayName': 'PassEndY'}, 'value': '96.5'}, {'type': {'value': 178, 'displayName': 'StandingSave'}}, {'type': {'value': 140, 'displayName': 'PassEndX'}, 'value': '44.6'}]","[91, 117, 30, 36, 37, 216, 218]",True,356599.0,44.6,96.5,,,,,,,,,
2762473401.0,451,69,40.0,165,41.8,96.5,71,"{'value': 2, 'displayName': 'SecondHalf'}","{'value': 1, 'displayName': 'Pass'}","{'value': 1, 'displayName': 'Successful'}","[{'type': {'value': 56, 'displayName': 'Zone'}, 'value': 'Back'}, {'type': {'value': 212, 'displayName': 'Length'}, 'value': '23.4'}, {'type': {'value': 213, 'displayName': 'Angle'}, 'value': '3.65'}, {'type': {'value': 140, 'displayName': 'PassEndX'}, 'value': '22.3'}, {'type': {'value': 141, 'displayName': 'PassEndY'}, 'value': '79.9'}, {'type': {'value': 178, 'displayName': 'StandingSave'}}]","[91, 117, 30, 35, 38, 215, 218]",True,381161.0,22.3,79.9,,,,,,,,,
2762473403.0,452,69,43.0,165,23.8,76.6,71,"{'value': 2, 'displayName': 'SecondHalf'}","{'value': 1, 'displayName': 'Pass'}","{'value': 1, 'displayName': 'Successful'}","[{'type': {'value': 141, 'displayName': 'PassEndY'}, 'value': '57.2'}, {'type': {'value': 212, 'displayName': 'Length'}, 'value': '14.3'}, {'type': {'value': 140, 'displayName': 'PassEndX'}, 'value': '29.1'}, {'type': {'value': 213, 'displayName': 'Angle'}, 'value': '5.11'}, {'type': {'value': 178, 'displayName': 'StandingSave'}}, {'type': {'value': 56, 'displayName': 'Zone'}, 'value': 'Back'}]","[91, 117, 30, 36, 38, 215, 218]",True,362426.0,29.1,57.2,,,,,,,,,
2762473421.0,453,69,47.0,165,33.3,50.4,71,"{'value': 2, 'displayName': 'SecondHalf'}","{'value': 1, 'displayName': 'Pass'}","{'value': 1, 'displayName': 'Successful'}","[{'type': {'value': 140, 'displayName': 'PassEndX'}, 'value': '86.7'}, {'type': {'value': 56, 'displayName': 'Zone'}, 'value': 'Left'}, {'type': {'value': 213, 'displayName': 'Angle'}, 'value': '0.37'}, {'type': {'value': 1, 'displayName': 'Longball'}}, {'type': {'value': 178, 'displayName': 'StandingSave'}}, {'type': {'value': 155, 'displayName': 'Chipped'}}, {'type': {'value': 141, 'displayName': 'PassEndY'}, 'value': '82.3'}, {'type': {'value': 212, 'displayName': 'Length'}, 'value': '60.1'}]","[91, 119, 117, 124, 127, 205, 36, 37, 217, 218]",True,270446.0,86.7,82.3,,,,,,,,,
2762473423.0,454,69,52.0,165,90.4,79.4,71,"{'value': 2, 'displayName': 'SecondHalf'}","{'value': 50, 'displayName': 'Dispossessed'}","{'value': 1, 'displayName': 'Successful'}","[{'type': {'value': 56, 'displayName': 'Zone'}, 'value': 'Left'}, {'type': {'value': 233, 'displayName': 'OppositeRelatedEvent'}, 'value': '806'}, {'type': {'value': 286, 'displayName': 'Offensive'}}]","[91, 70]",True,401254.0,,,,,,,,,,,
2762473431.0,806,69,53.0,13,9.6,20.6,71,"{'value': 2, 'displayName': 'SecondHalf'}","{'value': 7, 'displayName': 'Tackle'}","{'value': 1, 'displayName': 'Successful'}","[{'type': {'value': 56, 'displayName': 'Zone'}, 'value': 'Back'}, {'type': {'value': 178, 'displayName': 'StandingSave'}}, {'type': {'value': 285, 'displayName': 'Defensive'}}, {'type': {'value': 233, 'displayName': 'OppositeRelatedEvent'}, 'value': '454'}]","[91, 143]",True,361822.0,,,,,,,,,,,
2762473433.0,807,69,53.0,13,6.4,22.7,71,"{'value': 2, 'displayName': 'SecondHalf'}","{'value': 49, 'displayName': 'BallRecovery'}","{'value': 1, 'displayName': 'Successful'}",[],[93],False,361822.0,,,,,,,,,,,
2762473443.0,808,69,56.0,13,3.8,26.6,71,"{'value': 2, 'displayName': 'SecondHalf'}","{'value': 1, 'displayName': 'Pass'}","{'value': 1, 'displayName': 'Successful'}","[{'type': {'value': 212, 'displayName': 'Length'}, 'value': '7.2'}, {'type': {'value': 56, 'displayName': 'Zone'}, 'value': 'Back'}, {'type': {'value': 141, 'displayName': 'PassEndY'}, 'value': '31.4'}, {'type': {'value': 140, 'displayName': 'PassEndX'}, 'value': '9.9'}, {'type': {'value': 178, 'displayName': 'StandingSave'}}, {'type': {'value': 213, 'displayName': 'Angle'}, 'value': '0.47'}]","[91, 117, 30, 36, 37, 215, 218]",True,361822.0,9.9,31.4,,,,,,,,,
2762473451.0,809,69,58.0,13,11.8,27.6,71,"{'value': 2, 'displayName': 'SecondHalf'}","{'value': 1, 'displayName': 'Pass'}","{'value': 1, 'displayName': 'Successful'}","[{'type': {'value': 140, 'displayName': 'PassEndX'}, 'value': '11.5'}, {'type': {'value': 212, 'displayName': 'Length'}, 'value': '10.7'}, {'type': {'value': 56, 'displayName': 'Zone'}, 'value': 'Back'}, {'type': {'value': 178, 'displayName': 'StandingSave'}}, {'type': {'value': 213, 'displayName': 'Angle'}, 'value': '4.68'}, {'type': {'value': 141, 'displayName': 'PassEndY'}, 'value': '11.8'}]","[91, 117, 30, 35, 38, 215, 218]",True,332325.0,11.5,11.8,,,,,,,,,
2762478091.0,1014,70,0.0,13,14.5,10.1,72,"{'value': 2, 'displayName': 'SecondHalf'}","{'value': 3, 'displayName': 'TakeOn'}","{'value': 0, 'displayName': 'Unsuccessful'}","[{'type': {'value': 56, 'displayName': 'Zone'}, 'value': 'Back'}, {'type': {'value': 285, 'displayName': 'Defensive'}}, {'type': {'value': 178, 'displayName': 'StandingSave'}}]","[91, 53]",True,388650.0,,,,,,,,,,,
2762473455.0,810,70,1.0,13,18.2,12.3,72,"{'value': 2, 'displayName': 'SecondHalf'}","{'value': 4, 'displayName': 'Foul'}","{'value': 1, 'displayName': 'Successful'}","[{'type': {'value': 233, 'displayName': 'OppositeRelatedEvent'}, 'value': '455'}, {'type': {'value': 13, 'displayName': 'Foul'}}, {'type': {'value': 285, 'displayName': 'Defensive'}}, {'type': {'value': 56, 'displayName': 'Zone'}, 'value': 'Back'}]","[91, 63]",True,388650.0,,,,,,,,,,,
2762473447.0,455,70,1.0,165,81.8,87.7,72,"{'value': 2, 'displayName': 'SecondHalf'}","{'value': 4, 'displayName': 'Foul'}","{'value': 0, 'displayName': 'Unsuccessful'}","[{'type': {'value': 233, 'displayName': 'OppositeRelatedEvent'}, 'value': '810'}, {'type': {'value': 13, 'displayName': 'Foul'}}, {'type': {'value': 286, 'displayName': 'Offensive'}}, {'type': {'value': 178, 'displayName': 'StandingSave'}}, {'type': {'value': 56, 'displayName': 'Zone'}, 'value': 'Left'}]",[64],False,430908.0,,,,,,,,,,,
2762473511.0,456,70,37.0,165,0.0,0.0,72,"{'value': 2, 'displayName': 'SecondHalf'}","{'value': 18, 'displayName': 'SubstitutionOff'}","{'value': 1, 'displayName': 'Successful'}","[{'type': {'value': 59, 'displayName': 'JerseyNumber'}, 'value': '23'}, {'type': {'value': 44, 'displayName': 'PlayerPosition'}, 'value': 'Midfielder'}, {'type': {'value': 55, 'displayName': 'RelatedEventId'}, 'value': '457'}]",[214],False,138686.0,,,457.0,363516.0,,,,,,,
2762473513.0,457,70,37.0,165,0.0,0.0,72,"{'value': 2, 'displayName': 'SecondHalf'}","{'value': 19, 'displayName': 'SubstitutionOn'}","{'value': 1, 'displayName': 'Successful'}","[{'type': {'value': 59, 'displayName': 'JerseyNumber'}, 'value': '47'}, {'type': {'value': 145, 'displayName': 'FormationSlot'}, 'value': '11'}, {'type': {'value': 55, 'displayName': 'RelatedEventId'}, 'value': '456'}, {'type': {'value': 44, 'displayName': 'PlayerPosition'}, 'value': 'Midfielder'}]",[213],False,363516.0,,,456.0,138686.0,,,,,,,
2762473557.0,811,71,5.0,13,0.0,0.0,73,"{'value': 2, 'displayName': 'SecondHalf'}","{'value': 18, 'displayName': 'SubstitutionOff'}","{'value': 1, 'displayName': 'Successful'}","[{'type': {'value': 59, 'displayName': 'JerseyNumber'}, 'value': '9'}, {'type': {'value': 55, 'displayName': 'RelatedEventId'}, 'value': '812'}, {'type': {'value': 44, 'displayName': 'PlayerPosition'}, 'value': 'Forward'}]",[214],False,279379.0,,,812.0,238916.0,,,,,,,
2762473559.0,812,71,5.0,13,0.0,0.0,73,"{'value': 2, 'displayName': 'SecondHalf'}","{'value': 19, 'displayName': 'SubstitutionOn'}","{'value': 1, 'displayName': 'Successful'}","[{'type': {'value': 59, 'displayName': 'JerseyNumber'}, 'value': '23'}, {'type': {'value': 55, 'displayName': 'RelatedEventId'}, 'value': '811'}, {'type': {'value': 44, 'displayName': 'PlayerPosition'}, 'value': 'Midfielder'}, {'type': {'value': 145, 'displayName': 'FormationSlot'}, 'value': '9'}]",[213],False,238916.0,,,811.0,279379.0,,,,,,,
2762473567.0,813,71,7.0,13,0.0,0.0,73,"{'value': 2, 'displayName': 'SecondHalf'}","{'value': 40, 'displayName': 'FormationChange'}","{'value': 1, 'displayName': 'Successful'}","[{'type': {'value': 130, 'displayName': 'TeamFormation'}, 'value': '4'}, {'type': {'value': 59, 'displayName': 'JerseyNumber'}, 'value': '22, 12, 49, 41, 2, 6, 8, 23, 29, 11, 19, 32, 3, 5, 15, 17, 20, 33, 53'}, {'type': {'value': 194, 'displayName': 'CaptainPlayerId'}, 'value': '247454'}, {'type': {'value': 44, 'displayName': 'PlayerPosition'}, 'value': '1, 2, 2, 3, 2, 2, 3, 3, 4, 4, 4, 5, 5, 5, 5, 5, 5, 5, 5'}, {'type': {'value': 131, 'displayName': 'TeamPlayerFormation'}, 'value': '1, 2, 3, 4, 5, 6, 7, 8, 9, 10, 11, 0, 0, 0, 0, 0, 0, 0, 0'}, {'type': {'value': 30, 'displayName': 'InvolvedPlayers'}, 'value': '276366,388650,467918,332325,361822,334087,247454,238916,326413,380706,113994,76202,297403,238940,424462,273257,106968,386519,456771'}]",[],False,,,,,,,,,,,,
2762473609.0,814,71,26.0,13,22.9,17.5,73,"{'value': 2, 'displayName': 'SecondHalf'}","{'value': 1, 'displayName': 'Pass'}","{'value': 0, 'displayName': 'Unsuccessful'}","[{'type': {'value': 140, 'displayName': 'PassEndX'}, 'value': '68.9'}, {'type': {'value': 213, 'displayName': 'Angle'}, 'value': '6.20'}, {'type': {'value': 212, 'displayName': 'Length'}, 'value': '48.5'}, {'type': {'value': 141, 'displayName': 'PassEndY'}, 'value': '11.5'}, {'type': {'value': 178, 'displayName': 'StandingSave'}}, {'type': {'value': 1, 'displayName': 'Longball'}}, {'type': {'value': 56, 'displayName': 'Zone'}, 'value': 'Right'}, {'type': {'value': 5, 'displayName': 'FreekickTaken'}}]","[91, 120, 128, 133, 36, 38, 217, 218]",True,276366.0,68.9,11.5,,,,,,,,,
2762473613.0,458,71,29.0,165,30.7,88.7,73,"{'value': 2, 'displayName': 'SecondHalf'}","{'value': 44, 'displayName': 'Aerial'}","{'value': 1, 'displayName': 'Successful'}","[{'type': {'value': 285, 'displayName': 'Defensive'}}, {'type': {'value': 56, 'displayName': 'Zone'}, 'value': 'Back'}, {'type': {'value': 233, 'displayName': 'OppositeRelatedEvent'}, 'value': '815'}]","[197, 200]",False,381161.0,,,,,,,,,,,
2762473611.0,815,71,29.0,13,69.3,11.3,73,"{'value': 2, 'displayName': 'SecondHalf'}","{'value': 44, 'displayName': 'Aerial'}","{'value': 0, 'displayName': 'Unsuccessful'}","[{'type': {'value': 233, 'displayName': 'OppositeRelatedEvent'}, 'value': '458'}, {'type': {'value': 286, 'displayName': 'Offensive'}}, {'type': {'value': 56, 'displayName': 'Zone'}, 'value': 'Right'}]","[198, 199]",False,326413.0,,,,,,,,,,,
2762473615.0,459,71,29.0,165,30.0,89.0,73,"{'value': 2, 'displayName': 'SecondHalf'}","{'value': 1, 'displayName': 'Pass'}","{'value': 0, 'displayName': 'Unsuccessful'}","[{'type': {'value': 213, 'displayName': 'Angle'}, 'value': '5.30'}, {'type': {'value': 3, 'displayName': 'HeadPass'}}, {'type': {'value': 56, 'displayName': 'Zone'}, 'value': 'Back'}, {'type': {'value': 141, 'displayName': 'PassEndY'}, 'value': '85.3'}, {'type': {'value': 140, 'displayName': 'PassEndX'}, 'value': '31.6'}, {'type': {'value': 212, 'displayName': 'Length'}, 'value': '3.0'}]","[91, 118, 120, 29, 139, 36, 38, 215, 218]",True,381161.0,31.6,85.3,,,,,,,,,
2762473617.0,816,71,30.0,13,68.9,11.5,73,"{'value': 2, 'displayName': 'SecondHalf'}","{'value': 61, 'displayName': 'BallTouch'}","{'value': 1, 'displayName': 'Successful'}","[{'type': {'value': 56, 'displayName': 'Zone'}, 'value': 'Right'}, {'type': {'value': 15, 'displayName': 'Head'}}]",[91],True,326413.0,,,,,,,,,,,
2762473619.0,817,71,31.0,13,69.8,20.6,73,"{'value': 2, 'displayName': 'SecondHalf'}","{'value': 44, 'displayName': 'Aerial'}","{'value': 1, 'displayName': 'Successful'}","[{'type': {'value': 233, 'displayName': 'OppositeRelatedEvent'}, 'value': '460'}, {'type': {'value': 286, 'displayName': 'Offensive'}}, {'type': {'value': 56, 'displayName': 'Zone'}, 'value': 'Right'}]","[197, 199]",False,238916.0,,,,,,,,,,,
2762473621.0,460,71,31.0,165,30.2,79.4,73,"{'value': 2, 'displayName': 'SecondHalf'}","{'value': 44, 'displayName': 'Aerial'}","{'value': 0, 'displayName': 'Unsuccessful'}","[{'type': {'value': 233, 'displayName': 'OppositeRelatedEvent'}, 'value': '817'}, {'type': {'value': 56, 'displayName': 'Zone'}, 'value': 'Back'}, {'type': {'value': 285, 'displayName': 'Defensive'}}]","[198, 200]",False,270446.0,,,,,,,,,,,
2762473623.0,818,71,31.0,13,68.5,18.5,73,"{'value': 2, 'displayName': 'SecondHalf'}","{'value': 1, 'displayName': 'Pass'}","{'value': 0, 'displayName': 'Unsuccessful'}","[{'type': {'value': 141, 'displayName': 'PassEndY'}, 'value': '28.6'}, {'type': {'value': 213, 'displayName': 'Angle'}, 'value': '0.73'}, {'type': {'value': 3, 'displayName': 'HeadPass'}}, {'type': {'value': 140, 'displayName': 'PassEndX'}, 'value': '75.8'}, {'type': {'value': 212, 'displayName': 'Length'}, 'value': '10.3'}, {'type': {'value': 56, 'displayName': 'Zone'}, 'value': 'Center'}]","[91, 120, 29, 139, 36, 37, 217, 218]",True,238916.0,75.8,28.6,,,,,,,,,
2762473631.0,461,71,33.0,165,26.3,75.1,73,"{'value': 2, 'displayName': 'SecondHalf'}","{'value': 1, 'displayName': 'Pass'}","{'value': 0, 'displayName': 'Unsuccessful'}","[{'type': {'value': 212, 'displayName': 'Length'}, 'value': '18.2'}, {'type': {'value': 213, 'displayName': 'Angle'}, 'value': '0.41'}, {'type': {'value': 56, 'displayName': 'Zone'}, 'value': 'Back'}, {'type': {'value': 1, 'displayName': 'Longball'}}, {'type': {'value': 141, 'displayName': 'PassEndY'}, 'value': '85.9'}, {'type': {'value': 178, 'displayName': 'StandingSave'}}, {'type': {'value': 140, 'displayName': 'PassEndX'}, 'value': '42.2'}]","[91, 118, 120, 128, 36, 37, 216, 218]",True,362826.0,42.2,85.9,,,,,,,,,
2762473635.0,819,71,35.0,13,58.5,16.2,73,"{'value': 2, 'displayName': 'SecondHalf'}","{'value': 1, 'displayName': 'Pass'}","{'value': 1, 'displayName': 'Successful'}","[{'type': {'value': 178, 'displayName': 'StandingSave'}}, {'type': {'value': 140, 'displayName': 'PassEndX'}, 'value': '69.7'}, {'type': {'value': 213, 'displayName': 'Angle'}, 'value': '5.70'}, {'type': {'value': 56, 'displayName': 'Zone'}, 'value': 'Right'}, {'type': {'value': 3, 'displayName': 'HeadPass'}}, {'type': {'value': 212, 'displayName': 'Length'}, 'value': '14.1'}, {'type': {'value': 141, 'displayName': 'PassEndY'}, 'value': '4.7'}]","[91, 119, 117, 30, 139, 205, 36, 38, 217, 218]",True,388650.0,69.7,4.7,,,,,,,,,
2762473637.0,820,71,39.0,13,69.0,6.4,73,"{'value': 2, 'displayName': 'SecondHalf'}","{'value': 1, 'displayName': 'Pass'}","{'value': 1, 'displayName': 'Successful'}","[{'type': {'value': 141, 'displayName': 'PassEndY'}, 'value': '30.0'}, {'type': {'value': 212, 'displayName': 'Length'}, 'value': '16.3'}, {'type': {'value': 140, 'displayName': 'PassEndX'}, 'value': '66.5'}, {'type': {'value': 213, 'displayName': 'Angle'}, 'value': '1.73'}, {'type': {'value': 178, 'displayName': 'StandingSave'}}, {'type': {'value': 56, 'displayName': 'Zone'}, 'value': 'Center'}]","[91, 119, 117, 30, 35, 37, 216, 218]",True,326413.0,66.5,30.0,,,,,,,,,
2762473639.0,821,71,40.0,13,66.5,30.0,73,"{'value': 2, 'displayName': 'SecondHalf'}","{'value': 1, 'displayName': 'Pass'}","{'value': 1, 'displayName': 'Successful'}","[{'type': {'value': 213, 'displayName': 'Angle'}, 'value': '3.48'}, {'type': {'value': 178, 'displayName': 'StandingSave'}}, {'type': {'value': 140, 'displayName': 'PassEndX'}, 'value': '59.5'}, {'type': {'value': 141, 'displayName': 'PassEndY'}, 'value': '26.2'}, {'type': {'value': 212, 'displayName': 'Length'}, 'value': '7.8'}, {'type': {'value': 56, 'displayName': 'Zone'}, 'value': 'Center'}]","[91, 119, 117, 30, 35, 38, 216, 218]",True,238916.0,59.5,26.2,,,,,,,,,
2762473643.0,822,71,41.0,13,59.8,26.2,73,"{'value': 2, 'displayName': 'SecondHalf'}","{'value': 1, 'displayName': 'Pass'}","{'value': 1, 'displayName': 'Successful'}","[{'type': {'value': 141, 'displayName': 'PassEndY'}, 'value': '49.3'}, {'type': {'value': 178, 'displayName': 'StandingSave'}}, {'type': {'value': 212, 'displayName': 'Length'}, 'value': '16.9'}, {'type': {'value': 213, 'displayName': 'Angle'}, 'value': '1.95'}, {'type': {'value': 56, 'displayName': 'Zone'}, 'value': 'Center'}, {'type': {'value': 140, 'displayName': 'PassEndX'}, 'value': '53.8'}]","[91, 119, 117, 30, 35, 37, 216, 218]",True,332325.0,53.8,49.3,,,,,,,,,
2762473645.0,823,71,46.0,13,52.4,54.1,73,"{'value': 2, 'displayName': 'SecondHalf'}","{'value': 1, 'displayName': 'Pass'}","{'value': 1, 'displayName': 'Successful'}","[{'type': {'value': 141, 'displayName': 'PassEndY'}, 'value': '43.8'}, {'type': {'value': 178, 'displayName': 'StandingSave'}}, {'type': {'value': 56, 'displayName': 'Zone'}, 'value': 'Center'}, {'type': {'value': 212, 'displayName': 'Length'}, 'value': '7.0'}, {'type': {'value': 213, 'displayName': 'Angle'}, 'value': '4.68'}, {'type': {'value': 140, 'displayName': 'PassEndX'}, 'value': '52.2'}]","[91, 119, 117, 30, 35, 38, 216, 218]",True,334087.0,52.2,43.8,,,,,,,,,
2762473649.0,824,71,48.0,13,52.2,42.9,73,"{'value': 2, 'displayName': 'SecondHalf'}","{'value': 1, 'displayName': 'Pass'}","{'value': 1, 'displayName': 'Successful'}","[{'type': {'value': 140, 'displayName': 'PassEndX'}, 'value': '60.2'}, {'type': {'value': 141, 'displayName': 'PassEndY'}, 'value': '7.0'}, {'type': {'value': 178, 'displayName': 'StandingSave'}}, {'type': {'value': 212, 'displayName': 'Length'}, 'value': '25.8'}, {'type': {'value': 213, 'displayName': 'Angle'}, 'value': '5.04'}, {'type': {'value': 56, 'displayName': 'Zone'}, 'value': 'Right'}]","[91, 119, 117, 30, 36, 38, 216, 218]",True,332325.0,60.2,7.0,,,,,,,,,
2762473651.0,825,71,51.0,13,63.1,7.2,73,"{'value': 2, 'displayName': 'SecondHalf'}","{'value': 1, 'displayName': 'Pass'}","{'value': 1, 'displayName': 'Successful'}","[{'type': {'value': 212, 'displayName': 'Length'}, 'value': '8.6'}, {'type': {'value': 141, 'displayName': 'PassEndY'}, 'value': '15.3'}, {'type': {'value': 140, 'displayName': 'PassEndX'}, 'value': '69.4'}, {'type': {'value': 213, 'displayName': 'Angle'}, 'value': '0.69'}, {'type': {'value': 56, 'displayName': 'Zone'}, 'value': 'Right'}, {'type': {'value': 178, 'displayName': 'StandingSave'}}]","[91, 119, 117, 30, 205, 36, 37, 217, 218]",True,247454.0,69.4,15.3,,,,,,,,,
2762473655.0,826,71,52.0,13,69.4,15.3,73,"{'value': 2, 'displayName': 'SecondHalf'}","{'value': 1, 'displayName': 'Pass'}","{'value': 1, 'displayName': 'Successful'}","[{'type': {'value': 56, 'displayName': 'Zone'}, 'value': 'Right'}, {'type': {'value': 212, 'displayName': 'Length'}, 'value': '7.0'}, {'type': {'value': 213, 'displayName': 'Angle'}, 'value': '4.82'}, {'type': {'value': 140, 'displayName': 'PassEndX'}, 'value': '70.1'}, {'type': {'value': 178, 'displayName': 'StandingSave'}}, {'type': {'value': 141, 'displayName': 'PassEndY'}, 'value': '5.0'}]","[91, 119, 117, 30, 205, 36, 38, 217, 218]",True,388650.0,70.1,5.0,,,,,,,,,
2762473667.0,827,71,55.0,13,72.2,6.0,73,"{'value': 2, 'displayName': 'SecondHalf'}","{'value': 1, 'displayName': 'Pass'}","{'value': 1, 'displayName': 'Successful'}","[{'type': {'value': 210, 'displayName': 'ShotAssist'}, 'value': '15'}, {'type': {'value': 141, 'displayName': 'PassEndY'}, 'value': '14.7'}, {'type': {'value': 212, 'displayName': 'Length'}, 'value': '6.8'}, {'type': {'value': 213, 'displayName': 'Angle'}, 'value': '2.09'}, {'type': {'value': 56, 'displayName': 'Zone'}, 'value': 'Right'}, {'type': {'value': 140, 'displayName': 'PassEndX'}, 'value': '69.0'}, {'type': {'value': 178, 'displayName': 'StandingSave'}}, {'type': {'value': 11113, 'displayName': 'KeyPass'}}]","[91, 119, 117, 30, 123, 205, 40, 46, 35, 37, 217, 218]",True,326413.0,69.0,14.7,,,,,,,,,
2762473669.0,828,72,3.0,13,91.6,33.4,74,"{'value': 2, 'displayName': 'SecondHalf'}","{'value': 15, 'displayName': 'SavedShot'}","{'value': 1, 'displayName': 'Successful'}","[{'type': {'value': 102, 'displayName': 'GoalMouthY'}, 'value': '48.6'}, {'type': {'value': 79, 'displayName': 'HighCentre'}}, {'type': {'value': 22, 'displayName': 'RegularPlay'}}, {'type': {'value': 56, 'displayName': 'Zone'}, 'value': 'Center'}, {'type': {'value': 146, 'displayName': 'BlockedX'}, 'value': '98.6'}, {'type': {'value': 215, 'displayName': 'IndividualPlay'}}, {'type': {'value': 55, 'displayName': 'RelatedEventId'}, 'value': '827'}, {'type': {'value': 29, 'displayName': 'Assisted'}}, {'type': {'value': 178, 'displayName': 'StandingSave'}}, {'type': {'value': 233, 'displayName': 'OppositeRelatedEvent'}, 'value': '463'}, {'type': {'value': 72, 'displayName': 'LeftFoot'}}, {'type': {'value': 103, 'displayName': 'GoalMouthZ'}, 'value': '31.6'}, {'type': {'value': 147, 'displayName': 'BlockedY'}, 'value': '46.4'}, {'type': {'value': 63, 'displayName': 'BoxRight'}}]","[91, 9, 10, 1, 3, 13]",True,247454.0,,,827.0,326413.0,98.6,46.4,31.6,48.6,True,,
2762473671.0,463,72,3.0,165,2.1,54.3,74,"{'value': 2, 'displayName': 'SecondHalf'}","{'value': 10, 'displayName': 'Save'}","{'value': 1, 'displayName': 'Successful'}","[{'type': {'value': 56, 'displayName': 'Zone'}, 'value': 'Back'}, {'type': {'value': 182, 'displayName': 'Hands'}}, {'type': {'value': 233, 'displayName': 'OppositeRelatedEvent'}, 'value': '828'}, {'type': {'value': 11115, 'displayName': 'KeeperSaveInTheBox'}}]","[91, 113, 112, 77, 79, 81]",True,362426.0,,,,,,,,,,,
2762473685.0,464,72,4.0,165,2.2,49.6,74,"{'value': 2, 'displayName': 'SecondHalf'}","{'value': 6, 'displayName': 'CornerAwarded'}","{'value': 0, 'displayName': 'Unsuccessful'}","[{'type': {'value': 73, 'displayName': 'MissLeft'}}, {'type': {'value': 233, 'displayName': 'OppositeRelatedEvent'}, 'value': '829'}, {'type': {'value': 56, 'displayName': 'Zone'}, 'value': 'Back'}]",[122],False,362426.0,,,,,,,,,,,
2762473673.0,829,72,4.0,13,97.8,50.4,74,"{'value': 2, 'displayName': 'SecondHalf'}","{'value': 6, 'displayName': 'CornerAwarded'}","{'value': 1, 'displayName': 'Successful'}","[{'type': {'value': 233, 'displayName': 'OppositeRelatedEvent'}, 'value': '464'}, {'type': {'value': 56, 'displayName': 'Zone'}, 'value': 'Center'}, {'type': {'value': 75, 'displayName': 'MissRight'}}]",[122],False,247454.0,,,,,,,,,,,
2762473707.0,830,72,59.0,13,99.5,0.5,74,"{'value': 2, 'displayName': 'SecondHalf'}","{'value': 1, 'displayName': 'Pass'}","{'value': 1, 'displayName': 'Successful'}","[{'type': {'value': 56, 'displayName': 'Zone'}, 'value': 'Center'}, {'type': {'value': 140, 'displayName': 'PassEndX'}, 'value': '86.2'}, {'type': {'value': 1, 'displayName': 'Longball'}}, {'type': {'value': 178, 'displayName': 'StandingSave'}}, {'type': {'value': 154, 'displayName': 'IntentionalAssist'}}, {'type': {'value': 212, 'displayName': 'Length'}, 'value': '36.2'}, {'type': {'value': 6, 'displayName': 'CornerTaken'}}, {'type': {'value': 210, 'displayName': 'ShotAssist'}, 'value': '15'}, {'type': {'value': 213, 'displayName': 'Angle'}, 'value': '1.97'}, {'type': {'value': 155, 'displayName': 'Chipped'}}, {'type': {'value': 141, 'displayName': 'PassEndY'}, 'value': '49.6'}, {'type': {'value': 11113, 'displayName': 'KeyPass'}}]","[91, 119, 117, 123, 124, 127, 205, 31, 32, 34, 39, 42, 35, 37, 217, 218]",True,247454.0,86.2,49.6,,,,,,,,,
2762473711.0,831,73,1.0,13,86.6,46.9,75,"{'value': 2, 'displayName': 'SecondHalf'}","{'value': 15, 'displayName': 'SavedShot'}","{'value': 1, 'displayName': 'Successful'}","[{'type': {'value': 55, 'displayName': 'RelatedEventId'}, 'value': '830'}, {'type': {'value': 76, 'displayName': 'LowLeft'}}, {'type': {'value': 146, 'displayName': 'BlockedX'}, 'value': '95.2'}, {'type': {'value': 328, 'displayName': 'FirstTouch'}}, {'type': {'value': 147, 'displayName': 'BlockedY'}, 'value': '50.2'}, {'type': {'value': 102, 'displayName': 'GoalMouthY'}, 'value': '52.0'}, {'type': {'value': 82, 'displayName': 'Blocked'}}, {'type': {'value': 56, 'displayName': 'Zone'}, 'value': 'Center'}, {'type': {'value': 178, 'displayName': 'StandingSave'}}, {'type': {'value': 20, 'displayName': 'RightFoot'}}, {'type': {'value': 29, 'displayName': 'Assisted'}}, {'type': {'value': 103, 'displayName': 'GoalMouthZ'}, 'value': '19'}, {'type': {'value': 17, 'displayName': 'BoxCentre'}}, {'type': {'value': 108, 'displayName': 'Volley'}}, {'type': {'value': 154, 'displayName': 'IntentionalAssist'}}, {'type': {'value': 100, 'displayName': 'SixYardBlock'}}, {'type': {'value': 233, 'displayName': 'OppositeRelatedEvent'}, 'value': '465'}, {'type': {'value': 25, 'displayName': 'FromCorner'}}]","[91, 10, 140, 1, 5, 11, 12]",True,332325.0,,,830.0,247454.0,95.2,50.2,19.0,52.0,True,,
2762473705.0,465,73,1.0,165,3.8,48.7,75,"{'value': 2, 'displayName': 'SecondHalf'}","{'value': 10, 'displayName': 'Save'}","{'value': 1, 'displayName': 'Successful'}","[{'type': {'value': 56, 'displayName': 'Zone'}, 'value': 'Back'}, {'type': {'value': 233, 'displayName': 'OppositeRelatedEvent'}, 'value': '831'}, {'type': {'value': 94, 'displayName': 'OutfielderBlock'}}, {'type': {'value': 178, 'displayName': 'StandingSave'}}]","[91, 58]",True,362826.0,,,,,,,,,,,
2762473715.0,466,73,3.0,165,9.3,50.1,75,"{'value': 2, 'displayName': 'SecondHalf'}","{'value': 12, 'displayName': 'Clearance'}","{'value': 1, 'displayName': 'Successful'}","[{'type': {'value': 213, 'displayName': 'Angle'}, 'value': '0.65'}, {'type': {'value': 178, 'displayName': 'StandingSave'}}, {'type': {'value': 141, 'displayName': 'PassEndY'}, 'value': '89.7'}, {'type': {'value': 56, 'displayName': 'Zone'}, 'value': 'Back'}, {'type': {'value': 140, 'displayName': 'PassEndX'}, 'value': '43.3'}, {'type': {'value': 212, 'displayName': 'Length'}, 'value': '44.7'}]","[91, 94, 95, 216]",True,270446.0,43.3,89.7,,,,,,,,,
2762473729.0,832,73,10.0,13,62.0,11.8,75,"{'value': 2, 'displayName': 'SecondHalf'}","{'value': 1, 'displayName': 'Pass'}","{'value': 1, 'displayName': 'Successful'}","[{'type': {'value': 141, 'displayName': 'PassEndY'}, 'value': '9.8'}, {'type': {'value': 178, 'displayName': 'StandingSave'}}, {'type': {'value': 56, 'displayName': 'Zone'}, 'value': 'Right'}, {'type': {'value': 212, 'displayName': 'Length'}, 'value': '9.8'}, {'type': {'value': 213, 'displayName': 'Angle'}, 'value': '6.14'}, {'type': {'value': 140, 'displayName': 'PassEndX'}, 'value': '71.2'}]","[91, 119, 117, 30, 205, 36, 38, 217, 218]",True,467918.0,71.2,9.8,,,,,,,,,
2762473737.0,833,73,14.0,13,77.0,18.2,75,"{'value': 2, 'displayName': 'SecondHalf'}","{'value': 1, 'displayName': 'Pass'}","{'value': 1, 'displayName': 'Successful'}","[{'type': {'value': 178, 'displayName': 'StandingSave'}}, {'type': {'value': 213, 'displayName': 'Angle'}, 'value': '5.99'}, {'type': {'value': 56, 'displayName': 'Zone'}, 'value': 'Right'}, {'type': {'value': 212, 'displayName': 'Length'}, 'value': '15.7'}, {'type': {'value': 141, 'displayName': 'PassEndY'}, 'value': '11.5'}, {'type': {'value': 140, 'displayName': 'PassEndX'}, 'value': '91.3'}]","[91, 119, 117, 30, 205, 36, 38, 217, 218]",True,247454.0,91.3,11.5,,,,,,,,,
2762473739.0,834,73,17.0,13,91.8,18.7,75,"{'value': 2, 'displayName': 'SecondHalf'}","{'value': 1, 'displayName': 'Pass'}","{'value': 0, 'displayName': 'Unsuccessful'}","[{'type': {'value': 286, 'displayName': 'Offensive'}}, {'type': {'value': 213, 'displayName': 'Angle'}, 'value': '1.47'}, {'type': {'value': 178, 'displayName': 'StandingSave'}}, {'type': {'value': 56, 'displayName': 'Zone'}, 'value': 'Center'}, {'type': {'value': 72, 'displayName': 'LeftFoot'}}, {'type': {'value': 141, 'displayName': 'PassEndY'}, 'value': '24.7'}, {'type': {'value': 155, 'displayName': 'Chipped'}}, {'type': {'value': 212, 'displayName': 'Length'}, 'value': '4.1'}, {'type': {'value': 233, 'displayName': 'OppositeRelatedEvent'}, 'value': '467'}, {'type': {'value': 140, 'displayName': 'PassEndX'}, 'value': '92.2'}, {'type': {'value': 2, 'displayName': 'Cross'}}]","[91, 138, 124, 126, 36, 37, 217, 218]",True,113994.0,92.2,24.7,,,,,,,,,
2762473741.0,467,73,17.0,165,9.2,76.6,75,"{'value': 2, 'displayName': 'SecondHalf'}","{'value': 12, 'displayName': 'Clearance'}","{'value': 1, 'displayName': 'Successful'}","[{'type': {'value': 185, 'displayName': 'BlockedCross'}}, {'type': {'value': 233, 'displayName': 'OppositeRelatedEvent'}, 'value': '834'}, {'type': {'value': 56, 'displayName': 'Zone'}, 'value': 'Back'}, {'type': {'value': 178, 'displayName': 'StandingSave'}}]","[91, 59]",True,363516.0,,,,,,,,,,,
2762473743.0,468,73,19.0,165,2.0,79.0,75,"{'value': 2, 'displayName': 'SecondHalf'}","{'value': 6, 'displayName': 'CornerAwarded'}","{'value': 0, 'displayName': 'Unsuccessful'}","[{'type': {'value': 73, 'displayName': 'MissLeft'}}, {'type': {'value': 56, 'displayName': 'Zone'}, 'value': 'Back'}, {'type': {'value': 233, 'displayName': 'OppositeRelatedEvent'}, 'value': '835'}]",[122],False,363516.0,,,,,,,,,,,
2762473745.0,835,73,19.0,13,98.0,21.0,75,"{'value': 2, 'displayName': 'SecondHalf'}","{'value': 6, 'displayName': 'CornerAwarded'}","{'value': 1, 'displayName': 'Successful'}","[{'type': {'value': 233, 'displayName': 'OppositeRelatedEvent'}, 'value': '468'}, {'type': {'value': 75, 'displayName': 'MissRight'}}, {'type': {'value': 56, 'displayName': 'Zone'}, 'value': 'Right'}]",[122],False,113994.0,,,,,,,,,,,
2762473777.0,836,74,3.0,13,99.5,0.5,76,"{'value': 2, 'displayName': 'SecondHalf'}","{'value': 1, 'displayName': 'Pass'}","{'value': 0, 'displayName': 'Unsuccessful'}","[{'type': {'value': 56, 'displayName': 'Zone'}, 'value': 'Center'}, {'type': {'value': 1, 'displayName': 'Longball'}}, {'type': {'value': 141, 'displayName': 'PassEndY'}, 'value': '51.9'}, {'type': {'value': 6, 'displayName': 'CornerTaken'}}, {'type': {'value': 178, 'displayName': 'StandingSave'}}, {'type': {'value': 213, 'displayName': 'Angle'}, 'value': '1.63'}, {'type': {'value': 2, 'displayName': 'Cross'}}, {'type': {'value': 212, 'displayName': 'Length'}, 'value': '35.0'}, {'type': {'value': 72, 'displayName': 'LeftFoot'}}, {'type': {'value': 140, 'displayName': 'PassEndX'}, 'value': '97.6'}, {'type': {'value': 155, 'displayName': 'Chipped'}}]","[91, 138, 124, 126, 31, 33, 34, 35, 37, 217, 218]",True,247454.0,97.6,51.9,,,,,,,,,
2762473783.0,469,74,5.0,165,3.0,47.0,76,"{'value': 2, 'displayName': 'SecondHalf'}","{'value': 12, 'displayName': 'Clearance'}","{'value': 1, 'displayName': 'Successful'}","[{'type': {'value': 213, 'displayName': 'Angle'}, 'value': '0.31'}, {'type': {'value': 56, 'displayName': 'Zone'}, 'value': 'Back'}, {'type': {'value': 15, 'displayName': 'Head'}}, {'type': {'value': 212, 'displayName': 'Length'}, 'value': '10.3'}, {'type': {'value': 141, 'displayName': 'PassEndY'}, 'value': '51.6'}, {'type': {'value': 140, 'displayName': 'PassEndX'}, 'value': '12.3'}]","[91, 94, 95, 57, 215]",True,362826.0,12.3,51.6,,,,,,,,,
2762473789.0,837,74,7.0,13,88.1,46.1,76,"{'value': 2, 'displayName': 'SecondHalf'}","{'value': 61, 'displayName': 'BallTouch'}","{'value': 1, 'displayName': 'Successful'}","[{'type': {'value': 56, 'displayName': 'Zone'}, 'value': 'Center'}, {'type': {'value': 178, 'displayName': 'StandingSave'}}]",[91],True,467918.0,,,,,,,,,,,
2762473799.0,838,74,8.0,13,86.4,41.0,76,"{'value': 2, 'displayName': 'SecondHalf'}","{'value': 1, 'displayName': 'Pass'}","{'value': 1, 'displayName': 'Successful'}","[{'type': {'value': 140, 'displayName': 'PassEndX'}, 'value': '89.9'}, {'type': {'value': 213, 'displayName': 'Angle'}, 'value': '4.94'}, {'type': {'value': 212, 'displayName': 'Length'}, 'value': '16.1'}, {'type': {'value': 178, 'displayName': 'StandingSave'}}, {'type': {'value': 56, 'displayName': 'Zone'}, 'value': 'Right'}, {'type': {'value': 141, 'displayName': 'PassEndY'}, 'value': '17.9'}]","[91, 119, 117, 30, 205, 36, 38, 217, 218]",True,334087.0,89.9,17.9,,,,,,,,,
2762473805.0,839,74,13.0,13,95.4,24.4,76,"{'value': 2, 'displayName': 'SecondHalf'}","{'value': 3, 'displayName': 'TakeOn'}","{'value': 0, 'displayName': 'Unsuccessful'}","[{'type': {'value': 286, 'displayName': 'Offensive'}}, {'type': {'value': 233, 'displayName': 'OppositeRelatedEvent'}, 'value': '471'}, {'type': {'value': 56, 'displayName': 'Zone'}, 'value': 'Center'}, {'type': {'value': 178, 'displayName': 'StandingSave'}}]","[91, 53]",True,247454.0,,,,,,,,,,,
2762473801.0,471,74,13.0,165,4.6,75.6,76,"{'value': 2, 'displayName': 'SecondHalf'}","{'value': 7, 'displayName': 'Tackle'}","{'value': 1, 'displayName': 'Successful'}","[{'type': {'value': 285, 'displayName': 'Defensive'}}, {'type': {'value': 233, 'displayName': 'OppositeRelatedEvent'}, 'value': '839'}, {'type': {'value': 178, 'displayName': 'StandingSave'}}, {'type': {'value': 56, 'displayName': 'Zone'}, 'value': 'Back'}]","[91, 143]",True,404108.0,,,,,,,,,,,
2762473807.0,472,74,15.0,165,4.6,76.3,76,"{'value': 2, 'displayName': 'SecondHalf'}","{'value': 49, 'displayName': 'BallRecovery'}","{'value': 1, 'displayName': 'Successful'}",[],[93],False,404108.0,,,,,,,,,,,
2762473811.0,473,74,18.0,165,14.6,95.4,76,"{'value': 2, 'displayName': 'SecondHalf'}","{'value': 1, 'displayName': 'Pass'}","{'value': 0, 'displayName': 'Unsuccessful'}","[{'type': {'value': 1, 'displayName': 'Longball'}}, {'type': {'value': 56, 'displayName': 'Zone'}, 'value': 'Back'}, {'type': {'value': 213, 'displayName': 'Angle'}, 'value': '5.77'}, {'type': {'value': 141, 'displayName': 'PassEndY'}, 'value': '71.1'}, {'type': {'value': 178, 'displayName': 'StandingSave'}}, {'type': {'value': 212, 'displayName': 'Length'}, 'value': '33.5'}, {'type': {'value': 140, 'displayName': 'PassEndX'}, 'value': '42.3'}]","[91, 118, 120, 128, 36, 38, 216, 218]",True,404108.0,42.3,71.1,,,,,,,,,
2762473813.0,840,74,20.0,13,60.2,20.7,76,"{'value': 2, 'displayName': 'SecondHalf'}","{'value': 49, 'displayName': 'BallRecovery'}","{'value': 1, 'displayName': 'Successful'}",[],[93],False,361822.0,,,,,,,,,,,
2762473815.0,841,74,21.0,13,61.1,21.0,76,"{'value': 2, 'displayName': 'SecondHalf'}","{'value': 1, 'displayName': 'Pass'}","{'value': 1, 'displayName': 'Successful'}","[{'type': {'value': 178, 'displayName': 'StandingSave'}}, {'type': {'value': 213, 'displayName': 'Angle'}, 'value': '5.86'}, {'type': {'value': 56, 'displayName': 'Zone'}, 'value': 'Right'}, {'type': {'value': 140, 'displayName': 'PassEndX'}, 'value': '75.9'}, {'type': {'value': 141, 'displayName': 'PassEndY'}, 'value': '10.7'}, {'type': {'value': 212, 'displayName': 'Length'}, 'value': '17.0'}]","[91, 119, 117, 30, 205, 36, 38, 217, 218]",True,361822.0,75.9,10.7,,,,,,,,,
2762473817.0,842,74,25.0,13,76.0,23.0,76,"{'value': 2, 'displayName': 'SecondHalf'}","{'value': 1, 'displayName': 'Pass'}","{'value': 1, 'displayName': 'Successful'}","[{'type': {'value': 212, 'displayName': 'Length'}, 'value': '8.3'}, {'type': {'value': 140, 'displayName': 'PassEndX'}, 'value': '79.2'}, {'type': {'value': 178, 'displayName': 'StandingSave'}}, {'type': {'value': 56, 'displayName': 'Zone'}, 'value': 'Center'}, {'type': {'value': 213, 'displayName': 'Angle'}, 'value': '1.15'}, {'type': {'value': 141, 'displayName': 'PassEndY'}, 'value': '34.1'}]","[91, 119, 117, 30, 205, 36, 37, 217, 218]",True,247454.0,79.2,34.1,,,,,,,,,
2762473819.0,843,74,27.0,13,79.6,36.6,76,"{'value': 2, 'displayName': 'SecondHalf'}","{'value': 1, 'displayName': 'Pass'}","{'value': 1, 'displayName': 'Successful'}","[{'type': {'value': 213, 'displayName': 'Angle'}, 'value': '1.81'}, {'type': {'value': 56, 'displayName': 'Zone'}, 'value': 'Center'}, {'type': {'value': 212, 'displayName': 'Length'}, 'value': '8.3'}, {'type': {'value': 141, 'displayName': 'PassEndY'}, 'value': '48.5'}, {'type': {'value': 140, 'displayName': 'PassEndX'}, 'value': '77.7'}, {'type': {'value': 178, 'displayName': 'StandingSave'}}]","[91, 119, 117, 30, 205, 35, 37, 217, 218]",True,326413.0,77.7,48.5,,,,,,,,,
2762473821.0,844,74,28.0,13,77.7,48.2,76,"{'value': 2, 'displayName': 'SecondHalf'}","{'value': 1, 'displayName': 'Pass'}","{'value': 1, 'displayName': 'Successful'}","[{'type': {'value': 56, 'displayName': 'Zone'}, 'value': 'Center'}, {'type': {'value': 140, 'displayName': 'PassEndX'}, 'value': '90.6'}, {'type': {'value': 213, 'displayName': 'Angle'}, 'value': '5.46'}, {'type': {'value': 155, 'displayName': 'Chipped'}}, {'type': {'value': 141, 'displayName': 'PassEndY'}, 'value': '26.6'}, {'type': {'value': 178, 'displayName': 'StandingSave'}}, {'type': {'value': 212, 'displayName': 'Length'}, 'value': '20.0'}]","[91, 119, 117, 30, 124, 205, 36, 38, 217, 218]",True,238916.0,90.6,26.6,,,,,,,,,
2762473823.0,845,74,30.0,13,90.6,26.6,76,"{'value': 2, 'displayName': 'SecondHalf'}","{'value': 1, 'displayName': 'Pass'}","{'value': 1, 'displayName': 'Successful'}","[{'type': {'value': 141, 'displayName': 'PassEndY'}, 'value': '36.3'}, {'type': {'value': 3, 'displayName': 'HeadPass'}}, {'type': {'value': 213, 'displayName': 'Angle'}, 'value': '1.21'}, {'type': {'value': 56, 'displayName': 'Zone'}, 'value': 'Center'}, {'type': {'value': 210, 'displayName': 'ShotAssist'}, 'value': '15'}, {'type': {'value': 212, 'displayName': 'Length'}, 'value': '7.1'}, {'type': {'value': 154, 'displayName': 'IntentionalAssist'}}, {'type': {'value': 140, 'displayName': 'PassEndX'}, 'value': '93.0'}, {'type': {'value': 11112, 'displayName': 'BigChanceCreated'}}, {'type': {'value': 11113, 'displayName': 'KeyPass'}}]","[91, 119, 117, 30, 123, 139, 203, 205, 40, 46, 36, 37, 217, 218]",True,113994.0,93.0,36.3,,,,,,,,,
2762473825.0,846,74,31.0,13,93.1,43.0,76,"{'value': 2, 'displayName': 'SecondHalf'}","{'value': 15, 'displayName': 'SavedShot'}","{'value': 1, 'displayName': 'Successful'}","[{'type': {'value': 55, 'displayName': 'RelatedEventId'}, 'value': '845'}, {'type': {'value': 154, 'displayName': 'IntentionalAssist'}}, {'type': {'value': 17, 'displayName': 'BoxCentre'}}, {'type': {'value': 56, 'displayName': 'Zone'}, 'value': 'Center'}, {'type': {'value': 22, 'displayName': 'RegularPlay'}}, {'type': {'value': 103, 'displayName': 'GoalMouthZ'}, 'value': '8.9'}, {'type': {'value': 78, 'displayName': 'LowCentre'}}, {'type': {'value': 146, 'displayName': 'BlockedX'}, 'value': '97.8'}, {'type': {'value': 233, 'displayName': 'OppositeRelatedEvent'}, 'value': '474'}, {'type': {'value': 147, 'displayName': 'BlockedY'}, 'value': '47.1'}, {'type': {'value': 29, 'displayName': 'Assisted'}}, {'type': {'value': 20, 'displayName': 'RightFoot'}}, {'type': {'value': 102, 'displayName': 'GoalMouthY'}, 'value': '49.2'}, {'type': {'value': 214, 'displayName': 'BigChance'}}, {'type': {'value': 328, 'displayName': 'FirstTouch'}}, {'type': {'value': 178, 'displayName': 'StandingSave'}}]","[91, 9, 10, 201, 1, 3, 12]",True,326413.0,,,845.0,113994.0,97.8,47.1,8.9,49.2,True,,
2762473827.0,474,74,31.0,165,3.8,53.8,76,"{'value': 2, 'displayName': 'SecondHalf'}","{'value': 10, 'displayName': 'Save'}","{'value': 1, 'displayName': 'Successful'}","[{'type': {'value': 174, 'displayName': 'ParriedDanger'}}, {'type': {'value': 183, 'displayName': 'Feet'}}, {'type': {'value': 233, 'displayName': 'OppositeRelatedEvent'}, 'value': '846'}, {'type': {'value': 56, 'displayName': 'Zone'}, 'value': 'Back'}, {'type': {'value': 11115, 'displayName': 'KeeperSaveInTheBox'}}]","[91, 108, 113, 112, 78, 79, 81]",True,362426.0,,,,,,,,,,,
2762473829.0,847,74,31.0,13,95.2,41.0,76,"{'value': 2, 'displayName': 'SecondHalf'}","{'value': 61, 'displayName': 'BallTouch'}","{'value': 1, 'displayName': 'Successful'}","[{'type': {'value': 56, 'displayName': 'Zone'}, 'value': 'Center'}, {'type': {'value': 178, 'displayName': 'StandingSave'}}]",[91],True,326413.0,,,,,,,,,,,
2762473859.0,476,75,14.0,165,3.6,56.7,77,"{'value': 2, 'displayName': 'SecondHalf'}","{'value': 1, 'displayName': 'Pass'}","{'value': 0, 'displayName': 'Unsuccessful'}","[{'type': {'value': 74, 'displayName': 'MissHigh'}}, {'type': {'value': 141, 'displayName': 'PassEndY'}, 'value': '0.0'}, {'type': {'value': 212, 'displayName': 'Length'}, 'value': '52.8'}, {'type': {'value': 140, 'displayName': 'PassEndX'}, 'value': '36.5'}, {'type': {'value': 56, 'displayName': 'Zone'}, 'value': 'Back'}, {'type': {'value': 1, 'displayName': 'Longball'}}, {'type': {'value': 124, 'displayName': 'GoalKick'}}, {'type': {'value': 213, 'displayName': 'Angle'}, 'value': '5.43'}]","[91, 118, 120, 128, 36, 38, 216, 218]",True,362426.0,36.5,0.0,,,,,,,,,
2762473873.0,850,75,26.0,13,53.7,100.0,77,"{'value': 2, 'displayName': 'SecondHalf'}","{'value': 1, 'displayName': 'Pass'}","{'value': 1, 'displayName': 'Successful'}","[{'type': {'value': 212, 'displayName': 'Length'}, 'value': '21.3'}, {'type': {'value': 56, 'displayName': 'Zone'}, 'value': 'Back'}, {'type': {'value': 213, 'displayName': 'Angle'}, 'value': '3.43'}, {'type': {'value': 107, 'displayName': 'ThrowIn'}}, {'type': {'value': 141, 'displayName': 'PassEndY'}, 'value': '92.5'}, {'type': {'value': 140, 'displayName': 'PassEndX'}, 'value': '34.3'}]","[91, 212, 35, 38, 216]",True,467918.0,34.3,92.5,,,,,,,,,
2762473879.0,851,75,28.0,13,32.6,93.3,77,"{'value': 2, 'displayName': 'SecondHalf'}","{'value': 1, 'displayName': 'Pass'}","{'value': 1, 'displayName': 'Successful'}","[{'type': {'value': 141, 'displayName': 'PassEndY'}, 'value': '68.0'}, {'type': {'value': 212, 'displayName': 'Length'}, 'value': '20.5'}, {'type': {'value': 56, 'displayName': 'Zone'}, 'value': 'Back'}, {'type': {'value': 213, 'displayName': 'Angle'}, 'value': '4.13'}, {'type': {'value': 140, 'displayName': 'PassEndX'}, 'value': '21.9'}, {'type': {'value': 178, 'displayName': 'StandingSave'}}]","[91, 117, 30, 35, 38, 215, 218]",True,334087.0,21.9,68.0,,,,,,,,,
2762473883.0,852,75,34.0,13,21.3,66.6,77,"{'value': 2, 'displayName': 'SecondHalf'}","{'value': 1, 'displayName': 'Pass'}","{'value': 1, 'displayName': 'Successful'}","[{'type': {'value': 212, 'displayName': 'Length'}, 'value': '19.0'}, {'type': {'value': 178, 'displayName': 'StandingSave'}}, {'type': {'value': 213, 'displayName': 'Angle'}, 'value': '5.23'}, {'type': {'value': 56, 'displayName': 'Zone'}, 'value': 'Back'}, {'type': {'value': 140, 'displayName': 'PassEndX'}, 'value': '30.3'}, {'type': {'value': 141, 'displayName': 'PassEndY'}, 'value': '42.3'}]","[91, 117, 30, 36, 38, 215, 218]",True,276366.0,30.3,42.3,,,,,,,,,
2762473885.0,853,75,38.0,13,35.9,32.8,77,"{'value': 2, 'displayName': 'SecondHalf'}","{'value': 1, 'displayName': 'Pass'}","{'value': 1, 'displayName': 'Successful'}","[{'type': {'value': 212, 'displayName': 'Length'}, 'value': '19.1'}, {'type': {'value': 140, 'displayName': 'PassEndX'}, 'value': '45.7'}, {'type': {'value': 213, 'displayName': 'Angle'}, 'value': '5.28'}, {'type': {'value': 178, 'displayName': 'StandingSave'}}, {'type': {'value': 141, 'displayName': 'PassEndY'}, 'value': '9.2'}, {'type': {'value': 56, 'displayName': 'Zone'}, 'value': 'Back'}]","[91, 117, 30, 36, 38, 216, 218]",True,247454.0,45.7,9.2,,,,,,,,,
2762473889.0,854,75,41.0,13,45.9,9.9,77,"{'value': 2, 'displayName': 'SecondHalf'}","{'value': 1, 'displayName': 'Pass'}","{'value': 1, 'displayName': 'Successful'}","[{'type': {'value': 140, 'displayName': 'PassEndX'}, 'value': '41.9'}, {'type': {'value': 212, 'displayName': 'Length'}, 'value': '7.2'}, {'type': {'value': 178, 'displayName': 'StandingSave'}}, {'type': {'value': 141, 'displayName': 'PassEndY'}, 'value': '18.5'}, {'type': {'value': 213, 'displayName': 'Angle'}, 'value': '2.19'}, {'type': {'value': 56, 'displayName': 'Zone'}, 'value': 'Back'}]","[91, 117, 30, 35, 37, 216, 218]",True,388650.0,41.9,18.5,,,,,,,,,
2762473893.0,855,75,43.0,13,42.6,22.8,77,"{'value': 2, 'displayName': 'SecondHalf'}","{'value': 1, 'displayName': 'Pass'}","{'value': 1, 'displayName': 'Successful'}","[{'type': {'value': 56, 'displayName': 'Zone'}, 'value': 'Back'}, {'type': {'value': 141, 'displayName': 'PassEndY'}, 'value': '30.0'}, {'type': {'value': 212, 'displayName': 'Length'}, 'value': '5.5'}, {'type': {'value': 178, 'displayName': 'StandingSave'}}, {'type': {'value': 213, 'displayName': 'Angle'}, 'value': '1.10'}, {'type': {'value': 140, 'displayName': 'PassEndX'}, 'value': '45.0'}]","[91, 117, 30, 36, 37, 216, 218]",True,247454.0,45.0,30.0,,,,,,,,,
2762473897.0,856,75,44.0,13,45.0,30.0,77,"{'value': 2, 'displayName': 'SecondHalf'}","{'value': 1, 'displayName': 'Pass'}","{'value': 1, 'displayName': 'Successful'}","[{'type': {'value': 213, 'displayName': 'Angle'}, 'value': '3.66'}, {'type': {'value': 178, 'displayName': 'StandingSave'}}, {'type': {'value': 212, 'displayName': 'Length'}, 'value': '3.3'}, {'type': {'value': 56, 'displayName': 'Zone'}, 'value': 'Back'}, {'type': {'value': 140, 'displayName': 'PassEndX'}, 'value': '42.3'}, {'type': {'value': 141, 'displayName': 'PassEndY'}, 'value': '27.6'}]","[91, 117, 30, 35, 38, 216, 218]",True,326413.0,42.3,27.6,,,,,,,,,
2762473907.0,857,75,47.0,13,48.2,32.2,77,"{'value': 2, 'displayName': 'SecondHalf'}","{'value': 1, 'displayName': 'Pass'}","{'value': 1, 'displayName': 'Successful'}","[{'type': {'value': 140, 'displayName': 'PassEndX'}, 'value': '59.1'}, {'type': {'value': 213, 'displayName': 'Angle'}, 'value': '5.32'}, {'type': {'value': 56, 'displayName': 'Zone'}, 'value': 'Right'}, {'type': {'value': 212, 'displayName': 'Length'}, 'value': '20.0'}, {'type': {'value': 141, 'displayName': 'PassEndY'}, 'value': '8.0'}, {'type': {'value': 178, 'displayName': 'StandingSave'}}]","[91, 119, 117, 30, 36, 38, 216, 218]",True,247454.0,59.1,8.0,,,,,,,,,
2762473909.0,858,75,51.0,13,60.7,8.9,77,"{'value': 2, 'displayName': 'SecondHalf'}","{'value': 1, 'displayName': 'Pass'}","{'value': 1, 'displayName': 'Successful'}","[{'type': {'value': 56, 'displayName': 'Zone'}, 'value': 'Right'}, {'type': {'value': 212, 'displayName': 'Length'}, 'value': '7.8'}, {'type': {'value': 178, 'displayName': 'StandingSave'}}, {'type': {'value': 213, 'displayName': 'Angle'}, 'value': '1.94'}, {'type': {'value': 140, 'displayName': 'PassEndX'}, 'value': '58.0'}, {'type': {'value': 141, 'displayName': 'PassEndY'}, 'value': '19.6'}]","[91, 119, 117, 30, 35, 37, 216, 218]",True,388650.0,58.0,19.6,,,,,,,,,
2762473911.0,859,75,54.0,13,61.4,23.7,77,"{'value': 2, 'displayName': 'SecondHalf'}","{'value': 1, 'displayName': 'Pass'}","{'value': 1, 'displayName': 'Successful'}","[{'type': {'value': 141, 'displayName': 'PassEndY'}, 'value': '29.4'}, {'type': {'value': 56, 'displayName': 'Zone'}, 'value': 'Center'}, {'type': {'value': 213, 'displayName': 'Angle'}, 'value': '0.67'}, {'type': {'value': 212, 'displayName': 'Length'}, 'value': '6.3'}, {'type': {'value': 140, 'displayName': 'PassEndX'}, 'value': '66.1'}, {'type': {'value': 178, 'displayName': 'StandingSave'}}]","[91, 119, 117, 30, 36, 37, 216, 218]",True,247454.0,66.1,29.4,,,,,,,,,
2762473913.0,860,75,56.0,13,65.7,29.6,77,"{'value': 2, 'displayName': 'SecondHalf'}","{'value': 1, 'displayName': 'Pass'}","{'value': 1, 'displayName': 'Successful'}","[{'type': {'value': 213, 'displayName': 'Angle'}, 'value': '3.61'}, {'type': {'value': 178, 'displayName': 'StandingSave'}}, {'type': {'value': 56, 'displayName': 'Zone'}, 'value': 'Center'}, {'type': {'value': 212, 'displayName': 'Length'}, 'value': '8.5'}, {'type': {'value': 141, 'displayName': 'PassEndY'}, 'value': '24.0'}, {'type': {'value': 140, 'displayName': 'PassEndX'}, 'value': '58.5'}]","[91, 119, 117, 30, 35, 38, 216, 218]",True,380706.0,58.5,24.0,,,,,,,,,
2762473915.0,861,75,57.0,13,58.5,24.0,77,"{'value': 2, 'displayName': 'SecondHalf'}","{'value': 1, 'displayName': 'Pass'}","{'value': 1, 'displayName': 'Successful'}","[{'type': {'value': 178, 'displayName': 'StandingSave'}}, {'type': {'value': 141, 'displayName': 'PassEndY'}, 'value': '20.7'}, {'type': {'value': 140, 'displayName': 'PassEndX'}, 'value': '61.2'}, {'type': {'value': 213, 'displayName': 'Angle'}, 'value': '5.61'}, {'type': {'value': 56, 'displayName': 'Zone'}, 'value': 'Right'}, {'type': {'value': 212, 'displayName': 'Length'}, 'value': '3.6'}]","[91, 119, 117, 30, 36, 38, 216, 218]",True,332325.0,61.2,20.7,,,,,,,,,
2762473917.0,862,76,1.0,13,66.7,34.0,78,"{'value': 2, 'displayName': 'SecondHalf'}","{'value': 1, 'displayName': 'Pass'}","{'value': 1, 'displayName': 'Successful'}","[{'type': {'value': 141, 'displayName': 'PassEndY'}, 'value': '29.6'}, {'type': {'value': 210, 'displayName': 'ShotAssist'}, 'value': '15'}, {'type': {'value': 212, 'displayName': 'Length'}, 'value': '7.5'}, {'type': {'value': 178, 'displayName': 'StandingSave'}}, {'type': {'value': 140, 'displayName': 'PassEndX'}, 'value': '73.2'}, {'type': {'value': 56, 'displayName': 'Zone'}, 'value': 'Center'}, {'type': {'value': 213, 'displayName': 'Angle'}, 'value': '5.87'}, {'type': {'value': 11113, 'displayName': 'KeyPass'}}]","[91, 119, 117, 30, 123, 205, 40, 46, 36, 38, 217, 218]",True,247454.0,73.2,29.6,,,,,,,,,
2762473919.0,863,76,5.0,13,85.3,33.1,78,"{'value': 2, 'displayName': 'SecondHalf'}","{'value': 15, 'displayName': 'SavedShot'}","{'value': 1, 'displayName': 'Successful'}","[{'type': {'value': 102, 'displayName': 'GoalMouthY'}, 'value': '51.1'}, {'type': {'value': 146, 'displayName': 'BlockedX'}, 'value': '98.2'}, {'type': {'value': 78, 'displayName': 'LowCentre'}}, {'type': {'value': 178, 'displayName': 'StandingSave'}}, {'type': {'value': 22, 'displayName': 'RegularPlay'}}, {'type': {'value': 72, 'displayName': 'LeftFoot'}}, {'type': {'value': 56, 'displayName': 'Zone'}, 'value': 'Center'}, {'type': {'value': 147, 'displayName': 'BlockedY'}, 'value': '48.0'}, {'type': {'value': 233, 'displayName': 'OppositeRelatedEvent'}, 'value': '478'}, {'type': {'value': 55, 'displayName': 'RelatedEventId'}, 'value': '862'}, {'type': {'value': 63, 'displayName': 'BoxRight'}}, {'type': {'value': 215, 'displayName': 'IndividualPlay'}}, {'type': {'value': 29, 'displayName': 'Assisted'}}, {'type': {'value': 103, 'displayName': 'GoalMouthZ'}, 'value': '2.5'}]","[91, 9, 10, 1, 3, 13]",True,238916.0,,,862.0,247454.0,98.2,48.0,2.5,51.1,True,,
2762473921.0,478,76,6.0,165,3.1,50.0,78,"{'value': 2, 'displayName': 'SecondHalf'}","{'value': 10, 'displayName': 'Save'}","{'value': 1, 'displayName': 'Successful'}","[{'type': {'value': 173, 'displayName': 'ParriedSafe'}}, {'type': {'value': 233, 'displayName': 'OppositeRelatedEvent'}, 'value': '863'}, {'type': {'value': 56, 'displayName': 'Zone'}, 'value': 'Back'}, {'type': {'value': 182, 'displayName': 'Hands'}}, {'type': {'value': 179, 'displayName': 'DivingSave'}}, {'type': {'value': 11115, 'displayName': 'KeeperSaveInTheBox'}}]","[91, 109, 113, 112, 83, 77, 79, 81]",True,362426.0,,,,,,,,,,,
2762473925.0,864,76,13.0,13,81.5,84.7,78,"{'value': 2, 'displayName': 'SecondHalf'}","{'value': 1, 'displayName': 'Pass'}","{'value': 1, 'displayName': 'Successful'}","[{'type': {'value': 56, 'displayName': 'Zone'}, 'value': 'Center'}, {'type': {'value': 213, 'displayName': 'Angle'}, 'value': '4.21'}, {'type': {'value': 212, 'displayName': 'Length'}, 'value': '12.3'}, {'type': {'value': 141, 'displayName': 'PassEndY'}, 'value': '68.8'}, {'type': {'value': 210, 'displayName': 'ShotAssist'}, 'value': '13'}, {'type': {'value': 178, 'displayName': 'StandingSave'}}, {'type': {'value': 140, 'displayName': 'PassEndX'}, 'value': '75.9'}, {'type': {'value': 11113, 'displayName': 'KeyPass'}}]","[91, 119, 117, 30, 123, 205, 40, 46, 35, 38, 217, 218]",True,467918.0,75.9,68.8,,,,,,,,,
2762473927.0,865,76,17.0,13,78.3,60.5,78,"{'value': 2, 'displayName': 'SecondHalf'}","{'value': 13, 'displayName': 'MissedShots'}","{'value': 1, 'displayName': 'Successful'}","[{'type': {'value': 102, 'displayName': 'GoalMouthY'}, 'value': '40'}, {'type': {'value': 103, 'displayName': 'GoalMouthZ'}, 'value': '68.1'}, {'type': {'value': 22, 'displayName': 'RegularPlay'}}, {'type': {'value': 81, 'displayName': 'HighRight'}}, {'type': {'value': 56, 'displayName': 'Zone'}, 'value': 'Center'}, {'type': {'value': 20, 'displayName': 'RightFoot'}}, {'type': {'value': 178, 'displayName': 'StandingSave'}}, {'type': {'value': 55, 'displayName': 'RelatedEventId'}, 'value': '864'}, {'type': {'value': 29, 'displayName': 'Assisted'}}, {'type': {'value': 215, 'displayName': 'IndividualPlay'}}, {'type': {'value': 18, 'displayName': 'OutOfBoxCentre'}}]","[91, 7, 10, 2, 3, 12]",True,247454.0,,,864.0,467918.0,,,68.1,40.0,True,,
2762473947.0,480,76,49.0,165,5.0,52.7,78,"{'value': 2, 'displayName': 'SecondHalf'}","{'value': 1, 'displayName': 'Pass'}","{'value': 0, 'displayName': 'Unsuccessful'}","[{'type': {'value': 140, 'displayName': 'PassEndX'}, 'value': '61.1'}, {'type': {'value': 1, 'displayName': 'Longball'}}, {'type': {'value': 124, 'displayName': 'GoalKick'}}, {'type': {'value': 212, 'displayName': 'Length'}, 'value': '59.6'}, {'type': {'value': 141, 'displayName': 'PassEndY'}, 'value': '39.4'}, {'type': {'value': 213, 'displayName': 'Angle'}, 'value': '6.13'}, {'type': {'value': 56, 'displayName': 'Zone'}, 'value': 'Center'}, {'type': {'value': 74, 'displayName': 'MissHigh'}}]","[91, 120, 128, 36, 38, 216, 218]",True,362426.0,61.1,39.4,,,,,,,,,
2762478635.0,1024,76,52.0,13,36.7,65.1,78,"{'value': 2, 'displayName': 'SecondHalf'}","{'value': 44, 'displayName': 'Aerial'}","{'value': 1, 'displayName': 'Successful'}","[{'type': {'value': 56, 'displayName': 'Zone'}, 'value': 'Back'}, {'type': {'value': 233, 'displayName': 'OppositeRelatedEvent'}, 'value': '679'}, {'type': {'value': 285, 'displayName': 'Defensive'}}]","[197, 200]",False,334087.0,,,,,,,,,,,
2762478639.0,679,76,52.0,165,63.3,34.9,78,"{'value': 2, 'displayName': 'SecondHalf'}","{'value': 44, 'displayName': 'Aerial'}","{'value': 0, 'displayName': 'Unsuccessful'}","[{'type': {'value': 233, 'displayName': 'OppositeRelatedEvent'}, 'value': '1024'}, {'type': {'value': 286, 'displayName': 'Offensive'}}, {'type': {'value': 56, 'displayName': 'Zone'}, 'value': 'Center'}]","[198, 199]",False,430908.0,,,,,,,,,,,
2762473959.0,869,76,52.0,13,37.3,65.0,78,"{'value': 2, 'displayName': 'SecondHalf'}","{'value': 1, 'displayName': 'Pass'}","{'value': 1, 'displayName': 'Successful'}","[{'type': {'value': 3, 'displayName': 'HeadPass'}}, {'type': {'value': 213, 'displayName': 'Angle'}, 'value': '6.26'}, {'type': {'value': 140, 'displayName': 'PassEndX'}, 'value': '52.4'}, {'type': {'value': 212, 'displayName': 'Length'}, 'value': '15.9'}, {'type': {'value': 141, 'displayName': 'PassEndY'}, 'value': '64.4'}, {'type': {'value': 56, 'displayName': 'Zone'}, 'value': 'Center'}]","[91, 119, 117, 30, 139, 36, 38, 216, 218]",True,334087.0,52.4,64.4,,,,,,,,,
2762478099.0,1015,76,55.0,13,54.4,67.4,78,"{'value': 2, 'displayName': 'SecondHalf'}","{'value': 44, 'displayName': 'Aerial'}","{'value': 1, 'displayName': 'Successful'}","[{'type': {'value': 286, 'displayName': 'Offensive'}}, {'type': {'value': 233, 'displayName': 'OppositeRelatedEvent'}, 'value': '671'}, {'type': {'value': 56, 'displayName': 'Zone'}, 'value': 'Center'}]","[197, 199]",False,326413.0,,,,,,,,,,,
2762478097.0,671,76,55.0,165,45.6,32.6,78,"{'value': 2, 'displayName': 'SecondHalf'}","{'value': 44, 'displayName': 'Aerial'}","{'value': 0, 'displayName': 'Unsuccessful'}","[{'type': {'value': 233, 'displayName': 'OppositeRelatedEvent'}, 'value': '1015'}, {'type': {'value': 285, 'displayName': 'Defensive'}}, {'type': {'value': 56, 'displayName': 'Zone'}, 'value': 'Back'}]","[198, 200]",False,270446.0,,,,,,,,,,,
2762473953.0,867,76,55.0,13,54.8,68.2,78,"{'value': 2, 'displayName': 'SecondHalf'}","{'value': 1, 'displayName': 'Pass'}","{'value': 0, 'displayName': 'Unsuccessful'}","[{'type': {'value': 213, 'displayName': 'Angle'}, 'value': '0.40'}, {'type': {'value': 140, 'displayName': 'PassEndX'}, 'value': '65.1'}, {'type': {'value': 141, 'displayName': 'PassEndY'}, 'value': '75.0'}, {'type': {'value': 212, 'displayName': 'Length'}, 'value': '11.8'}, {'type': {'value': 3, 'displayName': 'HeadPass'}}, {'type': {'value': 56, 'displayName': 'Zone'}, 'value': 'Center'}]","[91, 120, 29, 139, 36, 37, 216, 218]",True,326413.0,65.1,75.0,,,,,,,,,
2762473955.0,481,76,57.0,165,35.4,32.2,78,"{'value': 2, 'displayName': 'SecondHalf'}","{'value': 1, 'displayName': 'Pass'}","{'value': 0, 'displayName': 'Unsuccessful'}","[{'type': {'value': 141, 'displayName': 'PassEndY'}, 'value': '60.9'}, {'type': {'value': 212, 'displayName': 'Length'}, 'value': '31.1'}, {'type': {'value': 178, 'displayName': 'StandingSave'}}, {'type': {'value': 56, 'displayName': 'Zone'}, 'value': 'Center'}, {'type': {'value': 213, 'displayName': 'Angle'}, 'value': '0.68'}, {'type': {'value': 140, 'displayName': 'PassEndX'}, 'value': '58.5'}, {'type': {'value': 1, 'displayName': 'Longball'}}]","[91, 120, 128, 36, 37, 216, 218]",True,356599.0,58.5,60.9,,,,,,,,,
2762473957.0,868,76,58.0,13,39.8,38.1,78,"{'value': 2, 'displayName': 'SecondHalf'}","{'value': 12, 'displayName': 'Clearance'}","{'value': 1, 'displayName': 'Successful'}","[{'type': {'value': 212, 'displayName': 'Length'}, 'value': '14.8'}, {'type': {'value': 141, 'displayName': 'PassEndY'}, 'value': '18.8'}, {'type': {'value': 140, 'displayName': 'PassEndX'}, 'value': '46.4'}, {'type': {'value': 213, 'displayName': 'Angle'}, 'value': '5.20'}, {'type': {'value': 15, 'displayName': 'Head'}}, {'type': {'value': 56, 'displayName': 'Zone'}, 'value': 'Back'}]","[91, 94, 95, 57, 216]",True,388650.0,46.4,18.8,,,,,,,,,
2762473963.0,483,77,3.0,165,63.3,88.7,79,"{'value': 2, 'displayName': 'SecondHalf'}","{'value': 1, 'displayName': 'Pass'}","{'value': 1, 'displayName': 'Successful'}","[{'type': {'value': 212, 'displayName': 'Length'}, 'value': '15.3'}, {'type': {'value': 213, 'displayName': 'Angle'}, 'value': '0.04'}, {'type': {'value': 140, 'displayName': 'PassEndX'}, 'value': '77.9'}, {'type': {'value': 178, 'displayName': 'StandingSave'}}, {'type': {'value': 141, 'displayName': 'PassEndY'}, 'value': '89.7'}, {'type': {'value': 56, 'displayName': 'Zone'}, 'value': 'Left'}]","[91, 119, 117, 30, 205, 36, 37, 217, 218]",True,366211.0,77.9,89.7,,,,,,,,,
2762473965.0,484,77,8.0,165,73.9,72.1,79,"{'value': 2, 'displayName': 'SecondHalf'}","{'value': 1, 'displayName': 'Pass'}","{'value': 0, 'displayName': 'Unsuccessful'}","[{'type': {'value': 178, 'displayName': 'StandingSave'}}, {'type': {'value': 212, 'displayName': 'Length'}, 'value': '12.5'}, {'type': {'value': 213, 'displayName': 'Angle'}, 'value': '4.73'}, {'type': {'value': 56, 'displayName': 'Zone'}, 'value': 'Center'}, {'type': {'value': 141, 'displayName': 'PassEndY'}, 'value': '53.7'}, {'type': {'value': 140, 'displayName': 'PassEndX'}, 'value': '74.1'}]","[91, 120, 29, 36, 38, 217, 218]",True,401254.0,74.1,53.7,,,,,,,,,
2762473967.0,870,77,9.0,13,28.1,50.2,79,"{'value': 2, 'displayName': 'SecondHalf'}","{'value': 49, 'displayName': 'BallRecovery'}","{'value': 1, 'displayName': 'Successful'}",[],[93],False,238916.0,,,,,,,,,,,
2762473969.0,871,77,10.0,13,28.1,50.2,79,"{'value': 2, 'displayName': 'SecondHalf'}","{'value': 1, 'displayName': 'Pass'}","{'value': 1, 'displayName': 'Successful'}","[{'type': {'value': 56, 'displayName': 'Zone'}, 'value': 'Back'}, {'type': {'value': 212, 'displayName': 'Length'}, 'value': '10.4'}, {'type': {'value': 140, 'displayName': 'PassEndX'}, 'value': '33.1'}, {'type': {'value': 178, 'displayName': 'StandingSave'}}, {'type': {'value': 141, 'displayName': 'PassEndY'}, 'value': '63.4'}, {'type': {'value': 213, 'displayName': 'Angle'}, 'value': '1.04'}]","[91, 117, 30, 36, 37, 215, 218]",True,238916.0,33.1,63.4,,,,,,,,,
2762473971.0,872,77,11.0,13,33.1,63.6,79,"{'value': 2, 'displayName': 'SecondHalf'}","{'value': 1, 'displayName': 'Pass'}","{'value': 1, 'displayName': 'Successful'}","[{'type': {'value': 212, 'displayName': 'Length'}, 'value': '13.9'}, {'type': {'value': 56, 'displayName': 'Zone'}, 'value': 'Back'}, {'type': {'value': 140, 'displayName': 'PassEndX'}, 'value': '25.0'}, {'type': {'value': 178, 'displayName': 'StandingSave'}}, {'type': {'value': 213, 'displayName': 'Angle'}, 'value': '2.23'}, {'type': {'value': 156, 'displayName': 'LayOff'}}, {'type': {'value': 141, 'displayName': 'PassEndY'}, 'value': '79.8'}]","[91, 117, 30, 35, 37, 215, 218]",True,326413.0,25.0,79.8,,,,,,,,,
2762473973.0,873,77,16.0,13,22.9,86.5,79,"{'value': 2, 'displayName': 'SecondHalf'}","{'value': 1, 'displayName': 'Pass'}","{'value': 1, 'displayName': 'Successful'}","[{'type': {'value': 213, 'displayName': 'Angle'}, 'value': '4.20'}, {'type': {'value': 56, 'displayName': 'Zone'}, 'value': 'Back'}, {'type': {'value': 212, 'displayName': 'Length'}, 'value': '21.1'}, {'type': {'value': 141, 'displayName': 'PassEndY'}, 'value': '59.4'}, {'type': {'value': 178, 'displayName': 'StandingSave'}}, {'type': {'value': 140, 'displayName': 'PassEndX'}, 'value': '13.1'}]","[91, 117, 30, 35, 38, 215, 218]",True,113994.0,13.1,59.4,,,,,,,,,
2762473975.0,874,77,19.0,13,13.1,59.4,79,"{'value': 2, 'displayName': 'SecondHalf'}","{'value': 1, 'displayName': 'Pass'}","{'value': 1, 'displayName': 'Successful'}","[{'type': {'value': 56, 'displayName': 'Zone'}, 'value': 'Back'}, {'type': {'value': 141, 'displayName': 'PassEndY'}, 'value': '33.7'}, {'type': {'value': 178, 'displayName': 'StandingSave'}}, {'type': {'value': 212, 'displayName': 'Length'}, 'value': '18.2'}, {'type': {'value': 140, 'displayName': 'PassEndX'}, 'value': '17.8'}, {'type': {'value': 213, 'displayName': 'Angle'}, 'value': '4.99'}]","[91, 117, 30, 36, 38, 215, 218]",True,334087.0,17.8,33.7,,,,,,,,,
2762473979.0,875,77,21.0,13,18.4,32.0,79,"{'value': 2, 'displayName': 'SecondHalf'}","{'value': 1, 'displayName': 'Pass'}","{'value': 1, 'displayName': 'Successful'}","[{'type': {'value': 212, 'displayName': 'Length'}, 'value': '12.5'}, {'type': {'value': 140, 'displayName': 'PassEndX'}, 'value': '28.0'}, {'type': {'value': 213, 'displayName': 'Angle'}, 'value': '5.65'}, {'type': {'value': 141, 'displayName': 'PassEndY'}, 'value': '21.1'}, {'type': {'value': 56, 'displayName': 'Zone'}, 'value': 'Back'}, {'type': {'value': 178, 'displayName': 'StandingSave'}}]","[91, 117, 30, 36, 38, 215, 218]",True,361822.0,28.0,21.1,,,,,,,,,
2762473981.0,876,77,25.0,13,38.8,21.0,79,"{'value': 2, 'displayName': 'SecondHalf'}","{'value': 1, 'displayName': 'Pass'}","{'value': 1, 'displayName': 'Successful'}","[{'type': {'value': 178, 'displayName': 'StandingSave'}}, {'type': {'value': 140, 'displayName': 'PassEndX'}, 'value': '53.6'}, {'type': {'value': 213, 'displayName': 'Angle'}, 'value': '5.70'}, {'type': {'value': 56, 'displayName': 'Zone'}, 'value': 'Right'}, {'type': {'value': 212, 'displayName': 'Length'}, 'value': '18.6'}, {'type': {'value': 141, 'displayName': 'PassEndY'}, 'value': '6.0'}]","[91, 119, 117, 30, 36, 38, 216, 218]",True,247454.0,53.6,6.0,,,,,,,,,
2762473985.0,877,77,29.0,13,53.6,6.0,79,"{'value': 2, 'displayName': 'SecondHalf'}","{'value': 1, 'displayName': 'Pass'}","{'value': 1, 'displayName': 'Successful'}","[{'type': {'value': 178, 'displayName': 'StandingSave'}}, {'type': {'value': 212, 'displayName': 'Length'}, 'value': '8.1'}, {'type': {'value': 213, 'displayName': 'Angle'}, 'value': '2.21'}, {'type': {'value': 56, 'displayName': 'Zone'}, 'value': 'Back'}, {'type': {'value': 140, 'displayName': 'PassEndX'}, 'value': '49.0'}, {'type': {'value': 141, 'displayName': 'PassEndY'}, 'value': '15.6'}]","[91, 117, 30, 35, 37, 216, 218]",True,388650.0,49.0,15.6,,,,,,,,,
2762473987.0,878,77,33.0,13,53.9,26.6,79,"{'value': 2, 'displayName': 'SecondHalf'}","{'value': 1, 'displayName': 'Pass'}","{'value': 1, 'displayName': 'Successful'}","[{'type': {'value': 212, 'displayName': 'Length'}, 'value': '24.1'}, {'type': {'value': 56, 'displayName': 'Zone'}, 'value': 'Center'}, {'type': {'value': 213, 'displayName': 'Angle'}, 'value': '1.02'}, {'type': {'value': 141, 'displayName': 'PassEndY'}, 'value': '56.7'}, {'type': {'value': 178, 'displayName': 'StandingSave'}}, {'type': {'value': 140, 'displayName': 'PassEndX'}, 'value': '66.0'}]","[91, 119, 117, 30, 36, 37, 216, 218]",True,247454.0,66.0,56.7,,,,,,,,,
2762473989.0,879,77,36.0,13,66.0,56.7,79,"{'value': 2, 'displayName': 'SecondHalf'}","{'value': 1, 'displayName': 'Pass'}","{'value': 1, 'displayName': 'Successful'}","[{'type': {'value': 213, 'displayName': 'Angle'}, 'value': '2.01'}, {'type': {'value': 56, 'displayName': 'Zone'}, 'value': 'Center'}, {'type': {'value': 178, 'displayName': 'StandingSave'}}, {'type': {'value': 140, 'displayName': 'PassEndX'}, 'value': '61.1'}, {'type': {'value': 141, 'displayName': 'PassEndY'}, 'value': '72.9'}, {'type': {'value': 212, 'displayName': 'Length'}, 'value': '12.2'}]","[91, 119, 117, 30, 35, 37, 216, 218]",True,238916.0,61.1,72.9,,,,,,,,,
2762473991.0,880,77,38.0,13,61.1,73.1,79,"{'value': 2, 'displayName': 'SecondHalf'}","{'value': 1, 'displayName': 'Pass'}","{'value': 1, 'displayName': 'Successful'}","[{'type': {'value': 213, 'displayName': 'Angle'}, 'value': '1.00'}, {'type': {'value': 178, 'displayName': 'StandingSave'}}, {'type': {'value': 56, 'displayName': 'Zone'}, 'value': 'Left'}, {'type': {'value': 212, 'displayName': 'Length'}, 'value': '16.8'}, {'type': {'value': 141, 'displayName': 'PassEndY'}, 'value': '94.0'}, {'type': {'value': 140, 'displayName': 'PassEndX'}, 'value': '69.7'}]","[91, 119, 117, 30, 205, 36, 37, 217, 218]",True,467918.0,69.7,94.0,,,,,,,,,
2762473993.0,881,77,45.0,13,61.7,85.6,79,"{'value': 2, 'displayName': 'SecondHalf'}","{'value': 1, 'displayName': 'Pass'}","{'value': 1, 'displayName': 'Successful'}","[{'type': {'value': 141, 'displayName': 'PassEndY'}, 'value': '72.0'}, {'type': {'value': 178, 'displayName': 'StandingSave'}}, {'type': {'value': 56, 'displayName': 'Zone'}, 'value': 'Center'}, {'type': {'value': 213, 'displayName': 'Angle'}, 'value': '4.06'}, {'type': {'value': 212, 'displayName': 'Length'}, 'value': '11.6'}, {'type': {'value': 140, 'displayName': 'PassEndX'}, 'value': '55.0'}]","[91, 119, 117, 30, 35, 38, 216, 218]",True,113994.0,55.0,72.0,,,,,,,,,
2762473995.0,882,77,47.0,13,55.0,72.0,79,"{'value': 2, 'displayName': 'SecondHalf'}","{'value': 1, 'displayName': 'Pass'}","{'value': 1, 'displayName': 'Successful'}","[{'type': {'value': 212, 'displayName': 'Length'}, 'value': '8.8'}, {'type': {'value': 213, 'displayName': 'Angle'}, 'value': '5.18'}, {'type': {'value': 140, 'displayName': 'PassEndX'}, 'value': '58.8'}, {'type': {'value': 141, 'displayName': 'PassEndY'}, 'value': '60.5'}, {'type': {'value': 56, 'displayName': 'Zone'}, 'value': 'Center'}, {'type': {'value': 178, 'displayName': 'StandingSave'}}]","[91, 119, 117, 30, 36, 38, 216, 218]",True,334087.0,58.8,60.5,,,,,,,,,
2762473997.0,883,77,49.0,13,57.1,56.4,79,"{'value': 2, 'displayName': 'SecondHalf'}","{'value': 1, 'displayName': 'Pass'}","{'value': 1, 'displayName': 'Successful'}","[{'type': {'value': 140, 'displayName': 'PassEndX'}, 'value': '58.6'}, {'type': {'value': 141, 'displayName': 'PassEndY'}, 'value': '30.5'}, {'type': {'value': 56, 'displayName': 'Zone'}, 'value': 'Center'}, {'type': {'value': 213, 'displayName': 'Angle'}, 'value': '4.80'}, {'type': {'value': 178, 'displayName': 'StandingSave'}}, {'type': {'value': 212, 'displayName': 'Length'}, 'value': '17.7'}]","[91, 119, 117, 30, 36, 38, 216, 218]",True,332325.0,58.6,30.5,,,,,,,,,
2762473999.0,884,77,55.0,13,63.9,30.8,79,"{'value': 2, 'displayName': 'SecondHalf'}","{'value': 1, 'displayName': 'Pass'}","{'value': 0, 'displayName': 'Unsuccessful'}","[{'type': {'value': 212, 'displayName': 'Length'}, 'value': '13.2'}, {'type': {'value': 178, 'displayName': 'StandingSave'}}, {'type': {'value': 140, 'displayName': 'PassEndX'}, 'value': '76.5'}, {'type': {'value': 213, 'displayName': 'Angle'}, 'value': '0.02'}, {'type': {'value': 56, 'displayName': 'Zone'}, 'value': 'Center'}, {'type': {'value': 141, 'displayName': 'PassEndY'}, 'value': '31.1'}]","[91, 120, 29, 36, 37, 217, 218]",True,247454.0,76.5,31.1,,,,,,,,,
2762474001.0,485,77,56.0,165,25.5,67.0,79,"{'value': 2, 'displayName': 'SecondHalf'}","{'value': 1, 'displayName': 'Pass'}","{'value': 1, 'displayName': 'Successful'}","[{'type': {'value': 213, 'displayName': 'Angle'}, 'value': '0.62'}, {'type': {'value': 140, 'displayName': 'PassEndX'}, 'value': '32.0'}, {'type': {'value': 178, 'displayName': 'StandingSave'}}, {'type': {'value': 212, 'displayName': 'Length'}, 'value': '8.4'}, {'type': {'value': 56, 'displayName': 'Zone'}, 'value': 'Back'}, {'type': {'value': 141, 'displayName': 'PassEndY'}, 'value': '74.1'}]","[91, 117, 30, 36, 37, 215, 218]",True,356599.0,32.0,74.1,,,,,,,,,
2762474003.0,486,77,57.0,165,32.0,74.1,79,"{'value': 2, 'displayName': 'SecondHalf'}","{'value': 49, 'displayName': 'BallRecovery'}","{'value': 1, 'displayName': 'Successful'}",[],[93],False,363516.0,,,,,,,,,,,
2762474005.0,487,77,57.0,165,32.0,74.1,79,"{'value': 2, 'displayName': 'SecondHalf'}","{'value': 1, 'displayName': 'Pass'}","{'value': 1, 'displayName': 'Successful'}","[{'type': {'value': 140, 'displayName': 'PassEndX'}, 'value': '26.5'}, {'type': {'value': 141, 'displayName': 'PassEndY'}, 'value': '96.0'}, {'type': {'value': 213, 'displayName': 'Angle'}, 'value': '1.94'}, {'type': {'value': 56, 'displayName': 'Zone'}, 'value': 'Back'}, {'type': {'value': 178, 'displayName': 'StandingSave'}}, {'type': {'value': 212, 'displayName': 'Length'}, 'value': '16.0'}]","[91, 117, 30, 35, 37, 215, 218]",True,363516.0,26.5,96.0,,,,,,,,,
2762474009.0,488,77,59.0,165,26.4,96.2,79,"{'value': 2, 'displayName': 'SecondHalf'}","{'value': 1, 'displayName': 'Pass'}","{'value': 0, 'displayName': 'Unsuccessful'}","[{'type': {'value': 56, 'displayName': 'Zone'}, 'value': 'Back'}, {'type': {'value': 213, 'displayName': 'Angle'}, 'value': '6.15'}, {'type': {'value': 212, 'displayName': 'Length'}, 'value': '13.6'}, {'type': {'value': 141, 'displayName': 'PassEndY'}, 'value': '93.6'}, {'type': {'value': 178, 'displayName': 'StandingSave'}}, {'type': {'value': 155, 'displayName': 'Chipped'}}, {'type': {'value': 140, 'displayName': 'PassEndX'}, 'value': '39.2'}]","[91, 118, 120, 29, 124, 36, 38, 216, 218]",True,366211.0,39.2,93.6,,,,,,,,,
2762478101.0,1016,78,0.0,13,60.4,6.1,80,"{'value': 2, 'displayName': 'SecondHalf'}","{'value': 44, 'displayName': 'Aerial'}","{'value': 1, 'displayName': 'Successful'}","[{'type': {'value': 233, 'displayName': 'OppositeRelatedEvent'}, 'value': '672'}, {'type': {'value': 286, 'displayName': 'Offensive'}}, {'type': {'value': 56, 'displayName': 'Zone'}, 'value': 'Right'}]","[197, 199]",False,247454.0,,,,,,,,,,,
2762478103.0,672,78,0.0,165,39.6,93.9,80,"{'value': 2, 'displayName': 'SecondHalf'}","{'value': 44, 'displayName': 'Aerial'}","{'value': 0, 'displayName': 'Unsuccessful'}","[{'type': {'value': 56, 'displayName': 'Zone'}, 'value': 'Back'}, {'type': {'value': 233, 'displayName': 'OppositeRelatedEvent'}, 'value': '1016'}, {'type': {'value': 285, 'displayName': 'Defensive'}}]","[198, 200]",False,363516.0,,,,,,,,,,,
2762474011.0,885,78,1.0,13,63.8,13.0,80,"{'value': 2, 'displayName': 'SecondHalf'}","{'value': 61, 'displayName': 'BallTouch'}","{'value': 1, 'displayName': 'Successful'}","[{'type': {'value': 21, 'displayName': 'OtherBodyPart'}}, {'type': {'value': 178, 'displayName': 'StandingSave'}}, {'type': {'value': 56, 'displayName': 'Zone'}, 'value': 'Right'}]",[91],True,247454.0,,,,,,,,,,,
2762474013.0,886,78,2.0,13,66.2,18.8,80,"{'value': 2, 'displayName': 'SecondHalf'}","{'value': 49, 'displayName': 'BallRecovery'}","{'value': 1, 'displayName': 'Successful'}",[],[93],False,388650.0,,,,,,,,,,,
2762474017.0,887,78,5.0,13,66.6,31.1,80,"{'value': 2, 'displayName': 'SecondHalf'}","{'value': 1, 'displayName': 'Pass'}","{'value': 1, 'displayName': 'Successful'}","[{'type': {'value': 212, 'displayName': 'Length'}, 'value': '8.3'}, {'type': {'value': 141, 'displayName': 'PassEndY'}, 'value': '24.0'}, {'type': {'value': 213, 'displayName': 'Angle'}, 'value': '5.66'}, {'type': {'value': 140, 'displayName': 'PassEndX'}, 'value': '73.0'}, {'type': {'value': 178, 'displayName': 'StandingSave'}}, {'type': {'value': 56, 'displayName': 'Zone'}, 'value': 'Center'}]","[91, 119, 117, 30, 205, 36, 38, 217, 218]",True,388650.0,73.0,24.0,,,,,,,,,
2762474019.0,888,78,7.0,13,73.0,24.0,80,"{'value': 2, 'displayName': 'SecondHalf'}","{'value': 1, 'displayName': 'Pass'}","{'value': 1, 'displayName': 'Successful'}","[{'type': {'value': 141, 'displayName': 'PassEndY'}, 'value': '6.7'}, {'type': {'value': 56, 'displayName': 'Zone'}, 'value': 'Right'}, {'type': {'value': 178, 'displayName': 'StandingSave'}}, {'type': {'value': 213, 'displayName': 'Angle'}, 'value': '5.00'}, {'type': {'value': 140, 'displayName': 'PassEndX'}, 'value': '76.3'}, {'type': {'value': 212, 'displayName': 'Length'}, 'value': '12.3'}]","[91, 119, 117, 30, 205, 36, 38, 217, 218]",True,380706.0,76.3,6.7,,,,,,,,,
2762474021.0,889,78,9.0,13,79.6,9.2,80,"{'value': 2, 'displayName': 'SecondHalf'}","{'value': 1, 'displayName': 'Pass'}","{'value': 1, 'displayName': 'Successful'}","[{'type': {'value': 56, 'displayName': 'Zone'}, 'value': 'Right'}, {'type': {'value': 178, 'displayName': 'StandingSave'}}, {'type': {'value': 140, 'displayName': 'PassEndX'}, 'value': '73.8'}, {'type': {'value': 141, 'displayName': 'PassEndY'}, 'value': '20.7'}, {'type': {'value': 213, 'displayName': 'Angle'}, 'value': '2.23'}, {'type': {'value': 212, 'displayName': 'Length'}, 'value': '9.9'}]","[91, 119, 117, 30, 205, 35, 37, 217, 218]",True,326413.0,73.8,20.7,,,,,,,,,
2762474023.0,890,78,12.0,13,72.9,22.7,80,"{'value': 2, 'displayName': 'SecondHalf'}","{'value': 1, 'displayName': 'Pass'}","{'value': 1, 'displayName': 'Successful'}","[{'type': {'value': 140, 'displayName': 'PassEndX'}, 'value': '74.0'}, {'type': {'value': 141, 'displayName': 'PassEndY'}, 'value': '32.3'}, {'type': {'value': 213, 'displayName': 'Angle'}, 'value': '1.40'}, {'type': {'value': 56, 'displayName': 'Zone'}, 'value': 'Center'}, {'type': {'value': 212, 'displayName': 'Length'}, 'value': '6.6'}, {'type': {'value': 178, 'displayName': 'StandingSave'}}]","[91, 119, 117, 30, 205, 36, 37, 217, 218]",True,247454.0,74.0,32.3,,,,,,,,,
2762474025.0,891,78,13.0,13,74.0,32.3,80,"{'value': 2, 'displayName': 'SecondHalf'}","{'value': 1, 'displayName': 'Pass'}","{'value': 1, 'displayName': 'Successful'}","[{'type': {'value': 213, 'displayName': 'Angle'}, 'value': '5.92'}, {'type': {'value': 56, 'displayName': 'Zone'}, 'value': 'Center'}, {'type': {'value': 140, 'displayName': 'PassEndX'}, 'value': '80.3'}, {'type': {'value': 141, 'displayName': 'PassEndY'}, 'value': '28.6'}, {'type': {'value': 178, 'displayName': 'StandingSave'}}, {'type': {'value': 212, 'displayName': 'Length'}, 'value': '7.1'}]","[91, 119, 117, 30, 205, 36, 38, 217, 218]",True,388650.0,80.3,28.6,,,,,,,,,
2762474029.0,892,78,14.0,13,80.3,28.6,80,"{'value': 2, 'displayName': 'SecondHalf'}","{'value': 1, 'displayName': 'Pass'}","{'value': 0, 'displayName': 'Unsuccessful'}","[{'type': {'value': 178, 'displayName': 'StandingSave'}}, {'type': {'value': 212, 'displayName': 'Length'}, 'value': '5.9'}, {'type': {'value': 213, 'displayName': 'Angle'}, 'value': '0.33'}, {'type': {'value': 56, 'displayName': 'Zone'}, 'value': 'Center'}, {'type': {'value': 141, 'displayName': 'PassEndY'}, 'value': '31.4'}, {'type': {'value': 140, 'displayName': 'PassEndX'}, 'value': '85.6'}]","[91, 120, 29, 36, 37, 217, 218]",True,238916.0,85.6,31.4,,,,,,,,,
2762474027.0,489,78,14.0,165,13.1,67.3,80,"{'value': 2, 'displayName': 'SecondHalf'}","{'value': 8, 'displayName': 'Interception'}","{'value': 1, 'displayName': 'Successful'}","[{'type': {'value': 56, 'displayName': 'Zone'}, 'value': 'Back'}]","[91, 101, 102, 56]",True,381161.0,,,,,,,,,,,
2762474031.0,490,78,15.0,165,21.3,72.4,80,"{'value': 2, 'displayName': 'SecondHalf'}","{'value': 49, 'displayName': 'BallRecovery'}","{'value': 1, 'displayName': 'Successful'}",[],[93],False,363516.0,,,,,,,,,,,
2762474035.0,491,78,17.0,165,30.6,83.0,80,"{'value': 2, 'displayName': 'SecondHalf'}","{'value': 3, 'displayName': 'TakeOn'}","{'value': 1, 'displayName': 'Successful'}","[{'type': {'value': 178, 'displayName': 'StandingSave'}}, {'type': {'value': 233, 'displayName': 'OppositeRelatedEvent'}, 'value': '893'}, {'type': {'value': 285, 'displayName': 'Defensive'}}, {'type': {'value': 56, 'displayName': 'Zone'}, 'value': 'Back'}]","[91, 54]",True,363516.0,,,,,,,,,,,
2762474033.0,893,78,17.0,13,69.4,17.0,80,"{'value': 2, 'displayName': 'SecondHalf'}","{'value': 45, 'displayName': 'Challenge'}","{'value': 0, 'displayName': 'Unsuccessful'}","[{'type': {'value': 233, 'displayName': 'OppositeRelatedEvent'}, 'value': '491'}, {'type': {'value': 56, 'displayName': 'Zone'}, 'value': 'Right'}, {'type': {'value': 286, 'displayName': 'Offensive'}}]",[55],False,247454.0,,,,,,,,,,,
2762474037.0,492,78,25.0,165,55.4,83.2,80,"{'value': 2, 'displayName': 'SecondHalf'}","{'value': 1, 'displayName': 'Pass'}","{'value': 1, 'displayName': 'Successful'}","[{'type': {'value': 141, 'displayName': 'PassEndY'}, 'value': '55.2'}, {'type': {'value': 56, 'displayName': 'Zone'}, 'value': 'Center'}, {'type': {'value': 213, 'displayName': 'Angle'}, 'value': '4.76'}, {'type': {'value': 140, 'displayName': 'PassEndX'}, 'value': '56.2'}, {'type': {'value': 212, 'displayName': 'Length'}, 'value': '19.1'}, {'type': {'value': 178, 'displayName': 'StandingSave'}}]","[91, 119, 117, 30, 36, 38, 216, 218]",True,363516.0,56.2,55.2,,,,,,,,,
2762474039.0,493,78,27.0,165,55.5,53.4,80,"{'value': 2, 'displayName': 'SecondHalf'}","{'value': 1, 'displayName': 'Pass'}","{'value': 1, 'displayName': 'Successful'}","[{'type': {'value': 141, 'displayName': 'PassEndY'}, 'value': '42.8'}, {'type': {'value': 56, 'displayName': 'Zone'}, 'value': 'Back'}, {'type': {'value': 178, 'displayName': 'StandingSave'}}, {'type': {'value': 212, 'displayName': 'Length'}, 'value': '12.3'}, {'type': {'value': 140, 'displayName': 'PassEndX'}, 'value': '46.0'}, {'type': {'value': 213, 'displayName': 'Angle'}, 'value': '3.77'}]","[91, 117, 30, 35, 38, 216, 218]",True,430908.0,46.0,42.8,,,,,,,,,
2762474049.0,496,79,13.0,165,0.0,0.0,81,"{'value': 2, 'displayName': 'SecondHalf'}","{'value': 18, 'displayName': 'SubstitutionOff'}","{'value': 1, 'displayName': 'Successful'}","[{'type': {'value': 44, 'displayName': 'PlayerPosition'}, 'value': 'Midfielder'}, {'type': {'value': 59, 'displayName': 'JerseyNumber'}, 'value': '12'}, {'type': {'value': 55, 'displayName': 'RelatedEventId'}, 'value': '497'}]",[214],False,404108.0,,,497.0,323713.0,,,,,,,
2762474051.0,497,79,13.0,165,0.0,0.0,81,"{'value': 2, 'displayName': 'SecondHalf'}","{'value': 19, 'displayName': 'SubstitutionOn'}","{'value': 1, 'displayName': 'Successful'}","[{'type': {'value': 44, 'displayName': 'PlayerPosition'}, 'value': 'Midfielder'}, {'type': {'value': 55, 'displayName': 'RelatedEventId'}, 'value': '496'}, {'type': {'value': 145, 'displayName': 'FormationSlot'}, 'value': '10'}, {'type': {'value': 59, 'displayName': 'JerseyNumber'}, 'value': '14'}]",[213],False,323713.0,,,496.0,404108.0,,,,,,,
2762474055.0,498,79,16.0,165,0.0,0.0,81,"{'value': 2, 'displayName': 'SecondHalf'}","{'value': 18, 'displayName': 'SubstitutionOff'}","{'value': 1, 'displayName': 'Successful'}","[{'type': {'value': 55, 'displayName': 'RelatedEventId'}, 'value': '499'}, {'type': {'value': 44, 'displayName': 'PlayerPosition'}, 'value': 'Defender'}, {'type': {'value': 59, 'displayName': 'JerseyNumber'}, 'value': '18'}]",[214],False,349484.0,,,499.0,349671.0,,,,,,,
2762474057.0,499,79,16.0,165,0.0,0.0,81,"{'value': 2, 'displayName': 'SecondHalf'}","{'value': 19, 'displayName': 'SubstitutionOn'}","{'value': 1, 'displayName': 'Successful'}","[{'type': {'value': 44, 'displayName': 'PlayerPosition'}, 'value': 'Forward'}, {'type': {'value': 145, 'displayName': 'FormationSlot'}, 'value': '2'}, {'type': {'value': 55, 'displayName': 'RelatedEventId'}, 'value': '498'}, {'type': {'value': 59, 'displayName': 'JerseyNumber'}, 'value': '33'}]",[213],False,349671.0,,,498.0,349484.0,,,,,,,
2762474059.0,500,79,32.0,165,0.0,0.0,81,"{'value': 2, 'displayName': 'SecondHalf'}","{'value': 18, 'displayName': 'SubstitutionOff'}","{'value': 1, 'displayName': 'Successful'}","[{'type': {'value': 55, 'displayName': 'RelatedEventId'}, 'value': '501'}, {'type': {'value': 44, 'displayName': 'PlayerPosition'}, 'value': 'Forward'}, {'type': {'value': 59, 'displayName': 'JerseyNumber'}, 'value': '19'}]",[214],False,401254.0,,,501.0,429636.0,,,,,,,
2762474061.0,501,79,32.0,165,0.0,0.0,81,"{'value': 2, 'displayName': 'SecondHalf'}","{'value': 19, 'displayName': 'SubstitutionOn'}","{'value': 1, 'displayName': 'Successful'}","[{'type': {'value': 55, 'displayName': 'RelatedEventId'}, 'value': '500'}, {'type': {'value': 59, 'displayName': 'JerseyNumber'}, 'value': '16'}, {'type': {'value': 145, 'displayName': 'FormationSlot'}, 'value': '9'}, {'type': {'value': 44, 'displayName': 'PlayerPosition'}, 'value': 'Forward'}]",[213],False,429636.0,,,500.0,401254.0,,,,,,,
2762478105.0,673,79,46.0,165,0.0,0.0,81,"{'value': 2, 'displayName': 'SecondHalf'}","{'value': 40, 'displayName': 'FormationChange'}","{'value': 1, 'displayName': 'Successful'}","[{'type': {'value': 194, 'displayName': 'CaptainPlayerId'}, 'value': '362826'}, {'type': {'value': 30, 'displayName': 'InvolvedPlayers'}, 'value': '362426,362826,366211,270446,356599,381161,430908,323713,429636,349671,363516,140906,135729,256129,108640,404080'}, {'type': {'value': 59, 'displayName': 'JerseyNumber'}, 'value': '1, 26, 3, 8, 6, 24, 20, 14, 16, 33, 47, 28, 7, 10, 22, 2'}, {'type': {'value': 130, 'displayName': 'TeamFormation'}, 'value': '6'}, {'type': {'value': 131, 'displayName': 'TeamPlayerFormation'}, 'value': '1, 2, 3, 4, 5, 6, 7, 8, 9, 10, 11, 0, 0, 0, 0, 0'}, {'type': {'value': 44, 'displayName': 'PlayerPosition'}, 'value': '1, 2, 2, 3, 2, 2, 3, 3, 4, 4, 3, 5, 5, 5, 5, 5'}]",[],False,,,,,,,,,,,,
2762474073.0,504,79,50.0,165,44.8,44.2,81,"{'value': 2, 'displayName': 'SecondHalf'}","{'value': 1, 'displayName': 'Pass'}","{'value': 1, 'displayName': 'Successful'}","[{'type': {'value': 178, 'displayName': 'StandingSave'}}, {'type': {'value': 140, 'displayName': 'PassEndX'}, 'value': '39.5'}, {'type': {'value': 141, 'displayName': 'PassEndY'}, 'value': '22.8'}, {'type': {'value': 212, 'displayName': 'Length'}, 'value': '15.6'}, {'type': {'value': 56, 'displayName': 'Zone'}, 'value': 'Back'}, {'type': {'value': 213, 'displayName': 'Angle'}, 'value': '4.35'}]","[91, 117, 30, 35, 38, 216, 218]",True,356599.0,39.5,22.8,,,,,,,,,
2762474075.0,505,79,52.0,165,39.5,22.8,81,"{'value': 2, 'displayName': 'SecondHalf'}","{'value': 1, 'displayName': 'Pass'}","{'value': 1, 'displayName': 'Successful'}","[{'type': {'value': 56, 'displayName': 'Zone'}, 'value': 'Back'}, {'type': {'value': 178, 'displayName': 'StandingSave'}}, {'type': {'value': 213, 'displayName': 'Angle'}, 'value': '0.35'}, {'type': {'value': 141, 'displayName': 'PassEndY'}, 'value': '26.8'}, {'type': {'value': 140, 'displayName': 'PassEndX'}, 'value': '46.5'}, {'type': {'value': 212, 'displayName': 'Length'}, 'value': '7.8'}]","[91, 117, 30, 36, 37, 216, 218]",True,362826.0,46.5,26.8,,,,,,,,,
2762474077.0,506,79,53.0,165,46.5,26.8,81,"{'value': 2, 'displayName': 'SecondHalf'}","{'value': 1, 'displayName': 'Pass'}","{'value': 1, 'displayName': 'Successful'}","[{'type': {'value': 56, 'displayName': 'Zone'}, 'value': 'Back'}, {'type': {'value': 213, 'displayName': 'Angle'}, 'value': '3.35'}, {'type': {'value': 140, 'displayName': 'PassEndX'}, 'value': '37.7'}, {'type': {'value': 156, 'displayName': 'LayOff'}}, {'type': {'value': 141, 'displayName': 'PassEndY'}, 'value': '23.9'}, {'type': {'value': 212, 'displayName': 'Length'}, 'value': '9.4'}, {'type': {'value': 178, 'displayName': 'StandingSave'}}]","[91, 117, 30, 35, 38, 216, 218]",True,270446.0,37.7,23.9,,,,,,,,,
2762474079.0,507,79,56.0,165,37.7,23.9,81,"{'value': 2, 'displayName': 'SecondHalf'}","{'value': 1, 'displayName': 'Pass'}","{'value': 1, 'displayName': 'Successful'}","[{'type': {'value': 140, 'displayName': 'PassEndX'}, 'value': '32.5'}, {'type': {'value': 178, 'displayName': 'StandingSave'}}, {'type': {'value': 141, 'displayName': 'PassEndY'}, 'value': '56.9'}, {'type': {'value': 212, 'displayName': 'Length'}, 'value': '23.1'}, {'type': {'value': 213, 'displayName': 'Angle'}, 'value': '1.81'}, {'type': {'value': 56, 'displayName': 'Zone'}, 'value': 'Back'}]","[91, 117, 30, 35, 37, 215, 218]",True,362826.0,32.5,56.9,,,,,,,,,
2762474081.0,508,79,59.0,165,32.4,58.2,81,"{'value': 2, 'displayName': 'SecondHalf'}","{'value': 1, 'displayName': 'Pass'}","{'value': 1, 'displayName': 'Successful'}","[{'type': {'value': 212, 'displayName': 'Length'}, 'value': '26.8'}, {'type': {'value': 56, 'displayName': 'Zone'}, 'value': 'Back'}, {'type': {'value': 140, 'displayName': 'PassEndX'}, 'value': '40.2'}, {'type': {'value': 141, 'displayName': 'PassEndY'}, 'value': '95.7'}, {'type': {'value': 178, 'displayName': 'StandingSave'}}, {'type': {'value': 155, 'displayName': 'Chipped'}}, {'type': {'value': 213, 'displayName': 'Angle'}, 'value': '1.26'}]","[91, 117, 30, 124, 36, 37, 216, 218]",True,356599.0,40.2,95.7,,,,,,,,,
2762474083.0,509,80,2.0,165,39.8,94.7,82,"{'value': 2, 'displayName': 'SecondHalf'}","{'value': 1, 'displayName': 'Pass'}","{'value': 1, 'displayName': 'Successful'}","[{'type': {'value': 213, 'displayName': 'Angle'}, 'value': '5.39'}, {'type': {'value': 56, 'displayName': 'Zone'}, 'value': 'Back'}, {'type': {'value': 141, 'displayName': 'PassEndY'}, 'value': '81.4'}, {'type': {'value': 140, 'displayName': 'PassEndX'}, 'value': '46.7'}, {'type': {'value': 212, 'displayName': 'Length'}, 'value': '11.6'}, {'type': {'value': 178, 'displayName': 'StandingSave'}}]","[91, 117, 30, 36, 38, 216, 218]",True,366211.0,46.7,81.4,,,,,,,,,
2762474085.0,510,80,6.0,165,53.0,82.1,82,"{'value': 2, 'displayName': 'SecondHalf'}","{'value': 1, 'displayName': 'Pass'}","{'value': 1, 'displayName': 'Successful'}","[{'type': {'value': 140, 'displayName': 'PassEndX'}, 'value': '90.1'}, {'type': {'value': 155, 'displayName': 'Chipped'}}, {'type': {'value': 212, 'displayName': 'Length'}, 'value': '64.5'}, {'type': {'value': 141, 'displayName': 'PassEndY'}, 'value': '6.5'}, {'type': {'value': 1, 'displayName': 'Longball'}}, {'type': {'value': 178, 'displayName': 'StandingSave'}}, {'type': {'value': 213, 'displayName': 'Angle'}, 'value': '5.36'}, {'type': {'value': 56, 'displayName': 'Zone'}, 'value': 'Right'}]","[91, 119, 117, 124, 127, 205, 36, 38, 217, 218]",True,323713.0,90.1,6.5,,,,,,,,,
2762474087.0,511,80,18.0,165,84.7,17.0,82,"{'value': 2, 'displayName': 'SecondHalf'}","{'value': 1, 'displayName': 'Pass'}","{'value': 1, 'displayName': 'Successful'}","[{'type': {'value': 140, 'displayName': 'PassEndX'}, 'value': '74.4'}, {'type': {'value': 212, 'displayName': 'Length'}, 'value': '11.3'}, {'type': {'value': 141, 'displayName': 'PassEndY'}, 'value': '12.3'}, {'type': {'value': 178, 'displayName': 'StandingSave'}}, {'type': {'value': 213, 'displayName': 'Angle'}, 'value': '3.43'}, {'type': {'value': 56, 'displayName': 'Zone'}, 'value': 'Right'}]","[91, 119, 117, 30, 205, 35, 38, 217, 218]",True,430908.0,74.4,12.3,,,,,,,,,
2762474089.0,512,80,20.0,165,78.3,13.7,82,"{'value': 2, 'displayName': 'SecondHalf'}","{'value': 1, 'displayName': 'Pass'}","{'value': 1, 'displayName': 'Successful'}","[{'type': {'value': 140, 'displayName': 'PassEndX'}, 'value': '87.1'}, {'type': {'value': 213, 'displayName': 'Angle'}, 'value': '5.72'}, {'type': {'value': 212, 'displayName': 'Length'}, 'value': '10.9'}, {'type': {'value': 141, 'displayName': 'PassEndY'}, 'value': '5.2'}, {'type': {'value': 56, 'displayName': 'Zone'}, 'value': 'Right'}, {'type': {'value': 178, 'displayName': 'StandingSave'}}]","[91, 119, 117, 30, 205, 36, 38, 217, 218]",True,362826.0,87.1,5.2,,,,,,,,,
2762474091.0,513,80,21.0,165,87.1,3.8,82,"{'value': 2, 'displayName': 'SecondHalf'}","{'value': 61, 'displayName': 'BallTouch'}","{'value': 0, 'displayName': 'Unsuccessful'}","[{'type': {'value': 178, 'displayName': 'StandingSave'}}, {'type': {'value': 56, 'displayName': 'Zone'}, 'value': 'Right'}]","[91, 69]",True,430908.0,,,,,,,,,,,
2762474097.0,898,80,49.0,13,22.8,100.0,82,"{'value': 2, 'displayName': 'SecondHalf'}","{'value': 1, 'displayName': 'Pass'}","{'value': 0, 'displayName': 'Unsuccessful'}","[{'type': {'value': 107, 'displayName': 'ThrowIn'}}, {'type': {'value': 212, 'displayName': 'Length'}, 'value': '14.2'}, {'type': {'value': 213, 'displayName': 'Angle'}, 'value': '5.87'}, {'type': {'value': 141, 'displayName': 'PassEndY'}, 'value': '93.4'}, {'type': {'value': 56, 'displayName': 'Zone'}, 'value': 'Back'}, {'type': {'value': 140, 'displayName': 'PassEndX'}, 'value': '35.2'}]","[91, 212, 36, 38, 216]",True,467918.0,35.2,93.4,,,,,,,,,
2762474099.0,515,80,50.0,165,59.2,7.0,82,"{'value': 2, 'displayName': 'SecondHalf'}","{'value': 1, 'displayName': 'Pass'}","{'value': 0, 'displayName': 'Unsuccessful'}","[{'type': {'value': 140, 'displayName': 'PassEndX'}, 'value': '65.0'}, {'type': {'value': 141, 'displayName': 'PassEndY'}, 'value': '14.1'}, {'type': {'value': 212, 'displayName': 'Length'}, 'value': '7.8'}, {'type': {'value': 56, 'displayName': 'Zone'}, 'value': 'Right'}, {'type': {'value': 213, 'displayName': 'Angle'}, 'value': '0.67'}, {'type': {'value': 3, 'displayName': 'HeadPass'}}]","[91, 120, 29, 139, 36, 37, 216, 218]",True,362826.0,65.0,14.1,,,,,,,,,
2762474103.0,899,80,52.0,13,31.3,82.8,82,"{'value': 2, 'displayName': 'SecondHalf'}","{'value': 12, 'displayName': 'Clearance'}","{'value': 1, 'displayName': 'Successful'}","[{'type': {'value': 213, 'displayName': 'Angle'}, 'value': '5.91'}, {'type': {'value': 141, 'displayName': 'PassEndY'}, 'value': '74.2'}, {'type': {'value': 140, 'displayName': 'PassEndX'}, 'value': '45.7'}, {'type': {'value': 212, 'displayName': 'Length'}, 'value': '16.2'}, {'type': {'value': 178, 'displayName': 'StandingSave'}}, {'type': {'value': 56, 'displayName': 'Zone'}, 'value': 'Back'}]","[91, 94, 95, 216]",True,332325.0,45.7,74.2,,,,,,,,,
2762474107.0,900,80,54.0,13,42.1,84.6,82,"{'value': 2, 'displayName': 'SecondHalf'}","{'value': 44, 'displayName': 'Aerial'}","{'value': 1, 'displayName': 'Successful'}","[{'type': {'value': 56, 'displayName': 'Zone'}, 'value': 'Back'}, {'type': {'value': 285, 'displayName': 'Defensive'}}, {'type': {'value': 233, 'displayName': 'OppositeRelatedEvent'}, 'value': '516'}]","[197, 200]",False,326413.0,,,,,,,,,,,
2762474105.0,516,80,54.0,165,57.9,15.4,82,"{'value': 2, 'displayName': 'SecondHalf'}","{'value': 44, 'displayName': 'Aerial'}","{'value': 0, 'displayName': 'Unsuccessful'}","[{'type': {'value': 233, 'displayName': 'OppositeRelatedEvent'}, 'value': '900'}, {'type': {'value': 56, 'displayName': 'Zone'}, 'value': 'Right'}, {'type': {'value': 286, 'displayName': 'Offensive'}}]","[198, 199]",False,381161.0,,,,,,,,,,,
2762474109.0,901,80,54.0,13,39.5,86.5,82,"{'value': 2, 'displayName': 'SecondHalf'}","{'value': 61, 'displayName': 'BallTouch'}","{'value': 1, 'displayName': 'Successful'}","[{'type': {'value': 56, 'displayName': 'Zone'}, 'value': 'Back'}, {'type': {'value': 21, 'displayName': 'OtherBodyPart'}}]",[91],True,326413.0,,,,,,,,,,,
2762474115.0,902,81,4.0,13,93.8,95.2,83,"{'value': 2, 'displayName': 'SecondHalf'}","{'value': 4, 'displayName': 'Foul'}","{'value': 1, 'displayName': 'Successful'}","[{'type': {'value': 233, 'displayName': 'OppositeRelatedEvent'}, 'value': '517'}, {'type': {'value': 286, 'displayName': 'Offensive'}}, {'type': {'value': 13, 'displayName': 'Foul'}}, {'type': {'value': 56, 'displayName': 'Zone'}, 'value': 'Left'}]","[91, 63]",True,380706.0,,,,,,,,,,,
2762474113.0,517,81,4.0,165,6.2,4.8,83,"{'value': 2, 'displayName': 'SecondHalf'}","{'value': 4, 'displayName': 'Foul'}","{'value': 0, 'displayName': 'Unsuccessful'}","[{'type': {'value': 178, 'displayName': 'StandingSave'}}, {'type': {'value': 285, 'displayName': 'Defensive'}}, {'type': {'value': 233, 'displayName': 'OppositeRelatedEvent'}, 'value': '902'}, {'type': {'value': 13, 'displayName': 'Foul'}}, {'type': {'value': 56, 'displayName': 'Zone'}, 'value': 'Back'}]",[64],False,362826.0,,,,,,,,,,,
2762474131.0,903,82,2.0,13,95.6,92.8,84,"{'value': 2, 'displayName': 'SecondHalf'}","{'value': 1, 'displayName': 'Pass'}","{'value': 0, 'displayName': 'Unsuccessful'}","[{'type': {'value': 2, 'displayName': 'Cross'}}, {'type': {'value': 178, 'displayName': 'StandingSave'}}, {'type': {'value': 56, 'displayName': 'Zone'}, 'value': 'Center'}, {'type': {'value': 212, 'displayName': 'Length'}, 'value': '29.3'}, {'type': {'value': 140, 'displayName': 'PassEndX'}, 'value': '97.8'}, {'type': {'value': 233, 'displayName': 'OppositeRelatedEvent'}, 'value': '518'}, {'type': {'value': 155, 'displayName': 'Chipped'}}, {'type': {'value': 20, 'displayName': 'RightFoot'}}, {'type': {'value': 5, 'displayName': 'FreekickTaken'}}, {'type': {'value': 141, 'displayName': 'PassEndY'}, 'value': '49.9'}, {'type': {'value': 213, 'displayName': 'Angle'}, 'value': '4.79'}]","[91, 137, 124, 126, 36, 38, 217, 218]",True,332325.0,97.8,49.9,,,,,,,,,
2762474129.0,518,82,3.0,165,2.5,49.7,84,"{'value': 2, 'displayName': 'SecondHalf'}","{'value': 11, 'displayName': 'Claim'}","{'value': 1, 'displayName': 'Successful'}","[{'type': {'value': 88, 'displayName': 'HighClaim'}}, {'type': {'value': 233, 'displayName': 'OppositeRelatedEvent'}, 'value': '903'}, {'type': {'value': 56, 'displayName': 'Zone'}, 'value': 'Back'}]","[91, 93, 104]",True,362426.0,,,,,,,,,,,
2762474135.0,519,82,9.0,165,11.9,48.2,84,"{'value': 2, 'displayName': 'SecondHalf'}","{'value': 1, 'displayName': 'Pass'}","{'value': 1, 'displayName': 'Successful'}","[{'type': {'value': 141, 'displayName': 'PassEndY'}, 'value': '12.8'}, {'type': {'value': 56, 'displayName': 'Zone'}, 'value': 'Back'}, {'type': {'value': 213, 'displayName': 'Angle'}, 'value': '5.04'}, {'type': {'value': 123, 'displayName': 'KeeperThrow'}}, {'type': {'value': 212, 'displayName': 'Length'}, 'value': '25.5'}, {'type': {'value': 140, 'displayName': 'PassEndX'}, 'value': '19.8'}, {'type': {'value': 178, 'displayName': 'StandingSave'}}]","[91, 36, 38, 215, 218]",True,362426.0,19.8,12.8,,,,,,,,,
2762474137.0,520,82,12.0,165,20.3,11.0,84,"{'value': 2, 'displayName': 'SecondHalf'}","{'value': 1, 'displayName': 'Pass'}","{'value': 1, 'displayName': 'Successful'}","[{'type': {'value': 178, 'displayName': 'StandingSave'}}, {'type': {'value': 212, 'displayName': 'Length'}, 'value': '16.8'}, {'type': {'value': 56, 'displayName': 'Zone'}, 'value': 'Back'}, {'type': {'value': 140, 'displayName': 'PassEndX'}, 'value': '9.2'}, {'type': {'value': 141, 'displayName': 'PassEndY'}, 'value': '28.8'}, {'type': {'value': 213, 'displayName': 'Angle'}, 'value': '2.34'}]","[91, 117, 30, 35, 37, 215, 218]",True,430908.0,9.2,28.8,,,,,,,,,
2762474139.0,521,82,15.0,165,9.2,28.3,84,"{'value': 2, 'displayName': 'SecondHalf'}","{'value': 1, 'displayName': 'Pass'}","{'value': 1, 'displayName': 'Successful'}","[{'type': {'value': 178, 'displayName': 'StandingSave'}}, {'type': {'value': 212, 'displayName': 'Length'}, 'value': '12.2'}, {'type': {'value': 56, 'displayName': 'Zone'}, 'value': 'Back'}, {'type': {'value': 140, 'displayName': 'PassEndX'}, 'value': '11.6'}, {'type': {'value': 213, 'displayName': 'Angle'}, 'value': '4.92'}, {'type': {'value': 141, 'displayName': 'PassEndY'}, 'value': '10.7'}]","[91, 117, 30, 36, 38, 215, 218]",True,362826.0,11.6,10.7,,,,,,,,,
2762474141.0,522,82,17.0,165,11.6,9.2,84,"{'value': 2, 'displayName': 'SecondHalf'}","{'value': 1, 'displayName': 'Pass'}","{'value': 1, 'displayName': 'Successful'}","[{'type': {'value': 212, 'displayName': 'Length'}, 'value': '12.3'}, {'type': {'value': 56, 'displayName': 'Zone'}, 'value': 'Back'}, {'type': {'value': 213, 'displayName': 'Angle'}, 'value': '1.93'}, {'type': {'value': 141, 'displayName': 'PassEndY'}, 'value': '26.1'}, {'type': {'value': 178, 'displayName': 'StandingSave'}}, {'type': {'value': 140, 'displayName': 'PassEndX'}, 'value': '7.5'}]","[91, 117, 30, 35, 37, 215, 218]",True,430908.0,7.5,26.1,,,,,,,,,
2762474143.0,523,82,18.0,165,7.1,27.9,84,"{'value': 2, 'displayName': 'SecondHalf'}","{'value': 1, 'displayName': 'Pass'}","{'value': 1, 'displayName': 'Successful'}","[{'type': {'value': 212, 'displayName': 'Length'}, 'value': '16.4'}, {'type': {'value': 178, 'displayName': 'StandingSave'}}, {'type': {'value': 141, 'displayName': 'PassEndY'}, 'value': '51.2'}, {'type': {'value': 140, 'displayName': 'PassEndX'}, 'value': '3.1'}, {'type': {'value': 213, 'displayName': 'Angle'}, 'value': '1.83'}, {'type': {'value': 56, 'displayName': 'Zone'}, 'value': 'Back'}]","[91, 117, 30, 35, 37, 215, 218]",True,362826.0,3.1,51.2,,,,,,,,,
2762474145.0,524,82,19.0,165,3.1,51.2,84,"{'value': 2, 'displayName': 'SecondHalf'}","{'value': 1, 'displayName': 'Pass'}","{'value': 1, 'displayName': 'Successful'}","[{'type': {'value': 213, 'displayName': 'Angle'}, 'value': '0.05'}, {'type': {'value': 178, 'displayName': 'StandingSave'}}, {'type': {'value': 141, 'displayName': 'PassEndY'}, 'value': '53.7'}, {'type': {'value': 1, 'displayName': 'Longball'}}, {'type': {'value': 140, 'displayName': 'PassEndX'}, 'value': '38.5'}, {'type': {'value': 212, 'displayName': 'Length'}, 'value': '37.2'}, {'type': {'value': 56, 'displayName': 'Zone'}, 'value': 'Back'}]","[91, 117, 127, 36, 37, 216, 218]",True,362426.0,38.5,53.7,,,,,,,,,
2762474147.0,525,82,21.0,165,37.6,53.0,84,"{'value': 2, 'displayName': 'SecondHalf'}","{'value': 1, 'displayName': 'Pass'}","{'value': 1, 'displayName': 'Successful'}","[{'type': {'value': 140, 'displayName': 'PassEndX'}, 'value': '46.4'}, {'type': {'value': 141, 'displayName': 'PassEndY'}, 'value': '55.2'}, {'type': {'value': 213, 'displayName': 'Angle'}, 'value': '0.16'}, {'type': {'value': 178, 'displayName': 'StandingSave'}}, {'type': {'value': 212, 'displayName': 'Length'}, 'value': '9.4'}, {'type': {'value': 56, 'displayName': 'Zone'}, 'value': 'Back'}]","[91, 117, 30, 36, 37, 216, 218]",True,363516.0,46.4,55.2,,,,,,,,,
2762474153.0,526,82,26.0,165,53.5,70.2,84,"{'value': 2, 'displayName': 'SecondHalf'}","{'value': 1, 'displayName': 'Pass'}","{'value': 1, 'displayName': 'Successful'}","[{'type': {'value': 212, 'displayName': 'Length'}, 'value': '14.7'}, {'type': {'value': 56, 'displayName': 'Zone'}, 'value': 'Left'}, {'type': {'value': 213, 'displayName': 'Angle'}, 'value': '0.96'}, {'type': {'value': 178, 'displayName': 'StandingSave'}}, {'type': {'value': 140, 'displayName': 'PassEndX'}, 'value': '61.5'}, {'type': {'value': 141, 'displayName': 'PassEndY'}, 'value': '88.0'}]","[91, 119, 117, 30, 36, 37, 216, 218]",True,429636.0,61.5,88.0,,,,,,,,,
2762474155.0,527,82,30.0,165,64.4,91.4,84,"{'value': 2, 'displayName': 'SecondHalf'}","{'value': 1, 'displayName': 'Pass'}","{'value': 1, 'displayName': 'Successful'}","[{'type': {'value': 140, 'displayName': 'PassEndX'}, 'value': '55.2'}, {'type': {'value': 178, 'displayName': 'StandingSave'}}, {'type': {'value': 141, 'displayName': 'PassEndY'}, 'value': '81.5'}, {'type': {'value': 212, 'displayName': 'Length'}, 'value': '11.8'}, {'type': {'value': 56, 'displayName': 'Zone'}, 'value': 'Left'}, {'type': {'value': 213, 'displayName': 'Angle'}, 'value': '3.75'}]","[91, 119, 117, 30, 35, 38, 216, 218]",True,366211.0,55.2,81.5,,,,,,,,,
2762474157.0,528,82,34.0,165,58.3,69.7,84,"{'value': 2, 'displayName': 'SecondHalf'}","{'value': 1, 'displayName': 'Pass'}","{'value': 1, 'displayName': 'Successful'}","[{'type': {'value': 178, 'displayName': 'StandingSave'}}, {'type': {'value': 212, 'displayName': 'Length'}, 'value': '28.6'}, {'type': {'value': 56, 'displayName': 'Zone'}, 'value': 'Center'}, {'type': {'value': 140, 'displayName': 'PassEndX'}, 'value': '56.4'}, {'type': {'value': 213, 'displayName': 'Angle'}, 'value': '4.64'}, {'type': {'value': 141, 'displayName': 'PassEndY'}, 'value': '27.7'}]","[91, 119, 117, 30, 35, 38, 216, 218]",True,323713.0,56.4,27.7,,,,,,,,,
2762474159.0,529,82,36.0,165,59.1,25.6,84,"{'value': 2, 'displayName': 'SecondHalf'}","{'value': 1, 'displayName': 'Pass'}","{'value': 1, 'displayName': 'Successful'}","[{'type': {'value': 56, 'displayName': 'Zone'}, 'value': 'Right'}, {'type': {'value': 141, 'displayName': 'PassEndY'}, 'value': '5.3'}, {'type': {'value': 140, 'displayName': 'PassEndX'}, 'value': '77.6'}, {'type': {'value': 213, 'displayName': 'Angle'}, 'value': '5.67'}, {'type': {'value': 212, 'displayName': 'Length'}, 'value': '23.8'}, {'type': {'value': 178, 'displayName': 'StandingSave'}}]","[91, 119, 117, 30, 205, 36, 38, 217, 218]",True,362826.0,77.6,5.3,,,,,,,,,
2762474161.0,530,82,42.0,165,79.4,10.1,84,"{'value': 2, 'displayName': 'SecondHalf'}","{'value': 1, 'displayName': 'Pass'}","{'value': 1, 'displayName': 'Successful'}","[{'type': {'value': 56, 'displayName': 'Zone'}, 'value': 'Right'}, {'type': {'value': 178, 'displayName': 'StandingSave'}}, {'type': {'value': 140, 'displayName': 'PassEndX'}, 'value': '76.3'}, {'type': {'value': 141, 'displayName': 'PassEndY'}, 'value': '20.4'}, {'type': {'value': 213, 'displayName': 'Angle'}, 'value': '2.01'}, {'type': {'value': 212, 'displayName': 'Length'}, 'value': '7.7'}]","[91, 119, 117, 30, 205, 35, 37, 217, 218]",True,430908.0,76.3,20.4,,,,,,,,,
2762474163.0,531,82,43.0,165,76.3,20.4,84,"{'value': 2, 'displayName': 'SecondHalf'}","{'value': 1, 'displayName': 'Pass'}","{'value': 1, 'displayName': 'Successful'}","[{'type': {'value': 141, 'displayName': 'PassEndY'}, 'value': '7.1'}, {'type': {'value': 140, 'displayName': 'PassEndX'}, 'value': '75.3'}, {'type': {'value': 212, 'displayName': 'Length'}, 'value': '9.1'}, {'type': {'value': 178, 'displayName': 'StandingSave'}}, {'type': {'value': 56, 'displayName': 'Zone'}, 'value': 'Right'}, {'type': {'value': 213, 'displayName': 'Angle'}, 'value': '4.60'}]","[91, 119, 117, 30, 205, 35, 38, 217, 218]",True,349671.0,75.3,7.1,,,,,,,,,
2762474165.0,532,82,46.0,165,75.3,7.1,84,"{'value': 2, 'displayName': 'SecondHalf'}","{'value': 1, 'displayName': 'Pass'}","{'value': 1, 'displayName': 'Successful'}","[{'type': {'value': 212, 'displayName': 'Length'}, 'value': '17.6'}, {'type': {'value': 140, 'displayName': 'PassEndX'}, 'value': '60.6'}, {'type': {'value': 56, 'displayName': 'Zone'}, 'value': 'Right'}, {'type': {'value': 178, 'displayName': 'StandingSave'}}, {'type': {'value': 213, 'displayName': 'Angle'}, 'value': '2.64'}, {'type': {'value': 141, 'displayName': 'PassEndY'}, 'value': '19.5'}]","[91, 119, 117, 30, 35, 37, 216, 218]",True,430908.0,60.6,19.5,,,,,,,,,
2762474167.0,533,82,49.0,165,60.6,19.5,84,"{'value': 2, 'displayName': 'SecondHalf'}","{'value': 1, 'displayName': 'Pass'}","{'value': 1, 'displayName': 'Successful'}","[{'type': {'value': 141, 'displayName': 'PassEndY'}, 'value': '50.1'}, {'type': {'value': 178, 'displayName': 'StandingSave'}}, {'type': {'value': 212, 'displayName': 'Length'}, 'value': '23.1'}, {'type': {'value': 56, 'displayName': 'Zone'}, 'value': 'Center'}, {'type': {'value': 140, 'displayName': 'PassEndX'}, 'value': '51.1'}, {'type': {'value': 213, 'displayName': 'Angle'}, 'value': '2.02'}]","[91, 119, 117, 30, 35, 37, 216, 218]",True,362826.0,51.1,50.1,,,,,,,,,
2762474169.0,534,82,53.0,165,52.8,55.2,84,"{'value': 2, 'displayName': 'SecondHalf'}","{'value': 1, 'displayName': 'Pass'}","{'value': 1, 'displayName': 'Successful'}","[{'type': {'value': 212, 'displayName': 'Length'}, 'value': '16.8'}, {'type': {'value': 56, 'displayName': 'Zone'}, 'value': 'Left'}, {'type': {'value': 213, 'displayName': 'Angle'}, 'value': '1.69'}, {'type': {'value': 141, 'displayName': 'PassEndY'}, 'value': '79.7'}, {'type': {'value': 178, 'displayName': 'StandingSave'}}, {'type': {'value': 140, 'displayName': 'PassEndX'}, 'value': '50.9'}]","[91, 119, 117, 30, 35, 37, 216, 218]",True,356599.0,50.9,79.7,,,,,,,,,
2762474171.0,535,82,56.0,165,48.6,78.4,84,"{'value': 2, 'displayName': 'SecondHalf'}","{'value': 1, 'displayName': 'Pass'}","{'value': 1, 'displayName': 'Successful'}","[{'type': {'value': 213, 'displayName': 'Angle'}, 'value': '4.20'}, {'type': {'value': 141, 'displayName': 'PassEndY'}, 'value': '58.7'}, {'type': {'value': 178, 'displayName': 'StandingSave'}}, {'type': {'value': 140, 'displayName': 'PassEndX'}, 'value': '41.4'}, {'type': {'value': 56, 'displayName': 'Zone'}, 'value': 'Back'}, {'type': {'value': 212, 'displayName': 'Length'}, 'value': '15.4'}]","[91, 117, 30, 35, 38, 216, 218]",True,381161.0,41.4,58.7,,,,,,,,,
2762474173.0,536,82,58.0,165,42.0,62.4,84,"{'value': 2, 'displayName': 'SecondHalf'}","{'value': 1, 'displayName': 'Pass'}","{'value': 1, 'displayName': 'Successful'}","[{'type': {'value': 213, 'displayName': 'Angle'}, 'value': '1.75'}, {'type': {'value': 56, 'displayName': 'Zone'}, 'value': 'Back'}, {'type': {'value': 140, 'displayName': 'PassEndX'}, 'value': '39.1'}, {'type': {'value': 141, 'displayName': 'PassEndY'}, 'value': '87.2'}, {'type': {'value': 178, 'displayName': 'StandingSave'}}, {'type': {'value': 212, 'displayName': 'Length'}, 'value': '17.1'}]","[91, 117, 30, 35, 37, 216, 218]",True,356599.0,39.1,87.2,,,,,,,,,
2762474175.0,537,83,0.0,165,39.7,87.2,85,"{'value': 2, 'displayName': 'SecondHalf'}","{'value': 1, 'displayName': 'Pass'}","{'value': 1, 'displayName': 'Successful'}","[{'type': {'value': 141, 'displayName': 'PassEndY'}, 'value': '95.7'}, {'type': {'value': 212, 'displayName': 'Length'}, 'value': '15.0'}, {'type': {'value': 178, 'displayName': 'StandingSave'}}, {'type': {'value': 213, 'displayName': 'Angle'}, 'value': '0.40'}, {'type': {'value': 56, 'displayName': 'Zone'}, 'value': 'Left'}, {'type': {'value': 140, 'displayName': 'PassEndX'}, 'value': '52.9'}]","[91, 119, 117, 30, 36, 37, 216, 218]",True,381161.0,52.9,95.7,,,,,,,,,
2762474177.0,538,83,4.0,165,54.6,90.8,85,"{'value': 2, 'displayName': 'SecondHalf'}","{'value': 1, 'displayName': 'Pass'}","{'value': 1, 'displayName': 'Successful'}","[{'type': {'value': 56, 'displayName': 'Zone'}, 'value': 'Center'}, {'type': {'value': 213, 'displayName': 'Angle'}, 'value': '4.46'}, {'type': {'value': 178, 'displayName': 'StandingSave'}}, {'type': {'value': 140, 'displayName': 'PassEndX'}, 'value': '51.9'}, {'type': {'value': 141, 'displayName': 'PassEndY'}, 'value': '74.4'}, {'type': {'value': 212, 'displayName': 'Length'}, 'value': '11.5'}]","[91, 119, 117, 30, 35, 38, 216, 218]",True,366211.0,51.9,74.4,,,,,,,,,
2762474179.0,539,83,7.0,165,53.3,70.9,85,"{'value': 2, 'displayName': 'SecondHalf'}","{'value': 1, 'displayName': 'Pass'}","{'value': 1, 'displayName': 'Successful'}","[{'type': {'value': 213, 'displayName': 'Angle'}, 'value': '4.38'}, {'type': {'value': 140, 'displayName': 'PassEndX'}, 'value': '44.7'}, {'type': {'value': 178, 'displayName': 'StandingSave'}}, {'type': {'value': 141, 'displayName': 'PassEndY'}, 'value': '32.7'}, {'type': {'value': 212, 'displayName': 'Length'}, 'value': '27.5'}, {'type': {'value': 56, 'displayName': 'Zone'}, 'value': 'Back'}]","[91, 117, 30, 35, 38, 216, 218]",True,270446.0,44.7,32.7,,,,,,,,,
2762474183.0,540,83,11.0,165,53.8,26.4,85,"{'value': 2, 'displayName': 'SecondHalf'}","{'value': 1, 'displayName': 'Pass'}","{'value': 1, 'displayName': 'Successful'}","[{'type': {'value': 178, 'displayName': 'StandingSave'}}, {'type': {'value': 212, 'displayName': 'Length'}, 'value': '17.1'}, {'type': {'value': 140, 'displayName': 'PassEndX'}, 'value': '61.7'}, {'type': {'value': 56, 'displayName': 'Zone'}, 'value': 'Right'}, {'type': {'value': 213, 'displayName': 'Angle'}, 'value': '5.22'}, {'type': {'value': 141, 'displayName': 'PassEndY'}, 'value': '4.4'}]","[91, 119, 117, 30, 36, 38, 216, 218]",True,362826.0,61.7,4.4,,,,,,,,,
2762474185.0,541,83,15.0,165,62.9,4.9,85,"{'value': 2, 'displayName': 'SecondHalf'}","{'value': 1, 'displayName': 'Pass'}","{'value': 1, 'displayName': 'Successful'}","[{'type': {'value': 56, 'displayName': 'Zone'}, 'value': 'Right'}, {'type': {'value': 141, 'displayName': 'PassEndY'}, 'value': '14.0'}, {'type': {'value': 212, 'displayName': 'Length'}, 'value': '6.9'}, {'type': {'value': 213, 'displayName': 'Angle'}, 'value': '1.11'}, {'type': {'value': 140, 'displayName': 'PassEndX'}, 'value': '65.8'}, {'type': {'value': 178, 'displayName': 'StandingSave'}}]","[91, 119, 117, 30, 36, 37, 216, 218]",True,430908.0,65.8,14.0,,,,,,,,,
2762474187.0,542,83,16.0,165,65.8,14.0,85,"{'value': 2, 'displayName': 'SecondHalf'}","{'value': 1, 'displayName': 'Pass'}","{'value': 1, 'displayName': 'Successful'}","[{'type': {'value': 178, 'displayName': 'StandingSave'}}, {'type': {'value': 141, 'displayName': 'PassEndY'}, 'value': '14.6'}, {'type': {'value': 56, 'displayName': 'Zone'}, 'value': 'Right'}, {'type': {'value': 213, 'displayName': 'Angle'}, 'value': '3.11'}, {'type': {'value': 212, 'displayName': 'Length'}, 'value': '12.5'}, {'type': {'value': 140, 'displayName': 'PassEndX'}, 'value': '53.9'}]","[91, 119, 117, 30, 35, 37, 216, 218]",True,349671.0,53.9,14.6,,,,,,,,,
2762474189.0,543,83,21.0,165,56.1,15.2,85,"{'value': 2, 'displayName': 'SecondHalf'}","{'value': 1, 'displayName': 'Pass'}","{'value': 1, 'displayName': 'Successful'}","[{'type': {'value': 140, 'displayName': 'PassEndX'}, 'value': '61.5'}, {'type': {'value': 56, 'displayName': 'Zone'}, 'value': 'Right'}, {'type': {'value': 213, 'displayName': 'Angle'}, 'value': '0.47'}, {'type': {'value': 178, 'displayName': 'StandingSave'}}, {'type': {'value': 141, 'displayName': 'PassEndY'}, 'value': '19.4'}, {'type': {'value': 212, 'displayName': 'Length'}, 'value': '6.3'}]","[91, 119, 117, 30, 36, 37, 216, 218]",True,362826.0,61.5,19.4,,,,,,,,,
2762474193.0,544,83,23.0,165,58.1,17.1,85,"{'value': 2, 'displayName': 'SecondHalf'}","{'value': 1, 'displayName': 'Pass'}","{'value': 1, 'displayName': 'Successful'}","[{'type': {'value': 212, 'displayName': 'Length'}, 'value': '12.7'}, {'type': {'value': 56, 'displayName': 'Zone'}, 'value': 'Back'}, {'type': {'value': 213, 'displayName': 'Angle'}, 'value': '3.54'}, {'type': {'value': 178, 'displayName': 'StandingSave'}}, {'type': {'value': 140, 'displayName': 'PassEndX'}, 'value': '47.0'}, {'type': {'value': 141, 'displayName': 'PassEndY'}, 'value': '9.8'}]","[91, 117, 30, 35, 38, 216, 218]",True,349671.0,47.0,9.8,,,,,,,,,
2762474195.0,545,83,26.0,165,45.9,14.7,85,"{'value': 2, 'displayName': 'SecondHalf'}","{'value': 1, 'displayName': 'Pass'}","{'value': 1, 'displayName': 'Successful'}","[{'type': {'value': 141, 'displayName': 'PassEndY'}, 'value': '53.6'}, {'type': {'value': 212, 'displayName': 'Length'}, 'value': '27.5'}, {'type': {'value': 213, 'displayName': 'Angle'}, 'value': '1.85'}, {'type': {'value': 178, 'displayName': 'StandingSave'}}, {'type': {'value': 56, 'displayName': 'Zone'}, 'value': 'Back'}, {'type': {'value': 140, 'displayName': 'PassEndX'}, 'value': '38.6'}]","[91, 117, 30, 35, 37, 216, 218]",True,362826.0,38.6,53.6,,,,,,,,,
2762474197.0,546,83,31.0,165,43.5,64.6,85,"{'value': 2, 'displayName': 'SecondHalf'}","{'value': 1, 'displayName': 'Pass'}","{'value': 1, 'displayName': 'Successful'}","[{'type': {'value': 213, 'displayName': 'Angle'}, 'value': '1.88'}, {'type': {'value': 140, 'displayName': 'PassEndX'}, 'value': '38.7'}, {'type': {'value': 178, 'displayName': 'StandingSave'}}, {'type': {'value': 141, 'displayName': 'PassEndY'}, 'value': '87.7'}, {'type': {'value': 212, 'displayName': 'Length'}, 'value': '16.5'}, {'type': {'value': 56, 'displayName': 'Zone'}, 'value': 'Back'}]","[91, 117, 30, 35, 37, 216, 218]",True,356599.0,38.7,87.7,,,,,,,,,
2762474199.0,547,83,33.0,165,39.6,91.4,85,"{'value': 2, 'displayName': 'SecondHalf'}","{'value': 1, 'displayName': 'Pass'}","{'value': 1, 'displayName': 'Successful'}","[{'type': {'value': 213, 'displayName': 'Angle'}, 'value': '0.31'}, {'type': {'value': 140, 'displayName': 'PassEndX'}, 'value': '51.2'}, {'type': {'value': 178, 'displayName': 'StandingSave'}}, {'type': {'value': 141, 'displayName': 'PassEndY'}, 'value': '97.2'}, {'type': {'value': 212, 'displayName': 'Length'}, 'value': '12.8'}, {'type': {'value': 56, 'displayName': 'Zone'}, 'value': 'Left'}]","[91, 119, 117, 30, 36, 37, 216, 218]",True,381161.0,51.2,97.2,,,,,,,,,
2762474201.0,548,83,35.0,165,51.8,97.2,85,"{'value': 2, 'displayName': 'SecondHalf'}","{'value': 1, 'displayName': 'Pass'}","{'value': 1, 'displayName': 'Successful'}","[{'type': {'value': 213, 'displayName': 'Angle'}, 'value': '5.62'}, {'type': {'value': 141, 'displayName': 'PassEndY'}, 'value': '83.9'}, {'type': {'value': 212, 'displayName': 'Length'}, 'value': '14.8'}, {'type': {'value': 140, 'displayName': 'PassEndX'}, 'value': '62.9'}, {'type': {'value': 56, 'displayName': 'Zone'}, 'value': 'Left'}, {'type': {'value': 178, 'displayName': 'StandingSave'}}]","[91, 119, 117, 30, 36, 38, 216, 218]",True,366211.0,62.9,83.9,,,,,,,,,
2762474203.0,549,83,36.0,165,65.0,76.8,85,"{'value': 2, 'displayName': 'SecondHalf'}","{'value': 3, 'displayName': 'TakeOn'}","{'value': 0, 'displayName': 'Unsuccessful'}","[{'type': {'value': 178, 'displayName': 'StandingSave'}}, {'type': {'value': 286, 'displayName': 'Offensive'}}, {'type': {'value': 233, 'displayName': 'OppositeRelatedEvent'}, 'value': '904'}, {'type': {'value': 56, 'displayName': 'Zone'}, 'value': 'Center'}]","[91, 53]",True,429636.0,,,,,,,,,,,
2762474205.0,904,83,36.0,13,35.0,23.2,85,"{'value': 2, 'displayName': 'SecondHalf'}","{'value': 7, 'displayName': 'Tackle'}","{'value': 0, 'displayName': 'Unsuccessful'}","[{'type': {'value': 56, 'displayName': 'Zone'}, 'value': 'Back'}, {'type': {'value': 233, 'displayName': 'OppositeRelatedEvent'}, 'value': '549'}, {'type': {'value': 178, 'displayName': 'StandingSave'}}, {'type': {'value': 285, 'displayName': 'Defensive'}}]","[91, 142]",True,332325.0,,,,,,,,,,,
2762474207.0,550,83,45.0,165,72.7,23.4,85,"{'value': 2, 'displayName': 'SecondHalf'}","{'value': 1, 'displayName': 'Pass'}","{'value': 1, 'displayName': 'Successful'}","[{'type': {'value': 141, 'displayName': 'PassEndY'}, 'value': '34.3'}, {'type': {'value': 212, 'displayName': 'Length'}, 'value': '8.7'}, {'type': {'value': 178, 'displayName': 'StandingSave'}}, {'type': {'value': 56, 'displayName': 'Zone'}, 'value': 'Center'}, {'type': {'value': 140, 'displayName': 'PassEndX'}, 'value': '68.4'}, {'type': {'value': 213, 'displayName': 'Angle'}, 'value': '2.12'}]","[91, 119, 117, 30, 205, 35, 37, 217, 218]",True,349671.0,68.4,34.3,,,,,,,,,
2762474209.0,551,83,47.0,165,68.9,35.8,85,"{'value': 2, 'displayName': 'SecondHalf'}","{'value': 1, 'displayName': 'Pass'}","{'value': 1, 'displayName': 'Successful'}","[{'type': {'value': 140, 'displayName': 'PassEndX'}, 'value': '67.6'}, {'type': {'value': 212, 'displayName': 'Length'}, 'value': '25.9'}, {'type': {'value': 213, 'displayName': 'Angle'}, 'value': '1.62'}, {'type': {'value': 141, 'displayName': 'PassEndY'}, 'value': '73.8'}, {'type': {'value': 56, 'displayName': 'Zone'}, 'value': 'Center'}, {'type': {'value': 178, 'displayName': 'StandingSave'}}]","[91, 119, 117, 30, 205, 35, 37, 217, 218]",True,270446.0,67.6,73.8,,,,,,,,,
2762474213.0,552,83,51.0,165,71.2,77.3,85,"{'value': 2, 'displayName': 'SecondHalf'}","{'value': 1, 'displayName': 'Pass'}","{'value': 1, 'displayName': 'Successful'}","[{'type': {'value': 178, 'displayName': 'StandingSave'}}, {'type': {'value': 213, 'displayName': 'Angle'}, 'value': '0.71'}, {'type': {'value': 56, 'displayName': 'Zone'}, 'value': 'Left'}, {'type': {'value': 140, 'displayName': 'PassEndX'}, 'value': '82.8'}, {'type': {'value': 141, 'displayName': 'PassEndY'}, 'value': '92.7'}, {'type': {'value': 212, 'displayName': 'Length'}, 'value': '16.1'}]","[91, 119, 117, 30, 205, 36, 37, 217, 218]",True,381161.0,82.8,92.7,,,,,,,,,
2762474215.0,553,83,54.0,165,85.7,86.0,85,"{'value': 2, 'displayName': 'SecondHalf'}","{'value': 50, 'displayName': 'Dispossessed'}","{'value': 1, 'displayName': 'Successful'}","[{'type': {'value': 56, 'displayName': 'Zone'}, 'value': 'Left'}, {'type': {'value': 286, 'displayName': 'Offensive'}}, {'type': {'value': 233, 'displayName': 'OppositeRelatedEvent'}, 'value': '905'}]","[91, 70]",True,363516.0,,,,,,,,,,,
2762474217.0,905,83,54.0,13,14.3,14.0,85,"{'value': 2, 'displayName': 'SecondHalf'}","{'value': 7, 'displayName': 'Tackle'}","{'value': 1, 'displayName': 'Successful'}","[{'type': {'value': 178, 'displayName': 'StandingSave'}}, {'type': {'value': 285, 'displayName': 'Defensive'}}, {'type': {'value': 56, 'displayName': 'Zone'}, 'value': 'Back'}, {'type': {'value': 233, 'displayName': 'OppositeRelatedEvent'}, 'value': '553'}]","[91, 143]",True,380706.0,,,,,,,,,,,
2762474219.0,906,83,55.0,13,18.6,20.8,85,"{'value': 2, 'displayName': 'SecondHalf'}","{'value': 49, 'displayName': 'BallRecovery'}","{'value': 1, 'displayName': 'Successful'}",[],[93],False,247454.0,,,,,,,,,,,
2762474227.0,907,83,55.0,13,18.6,20.8,85,"{'value': 2, 'displayName': 'SecondHalf'}","{'value': 1, 'displayName': 'Pass'}","{'value': 1, 'displayName': 'Successful'}","[{'type': {'value': 178, 'displayName': 'StandingSave'}}, {'type': {'value': 213, 'displayName': 'Angle'}, 'value': '5.34'}, {'type': {'value': 212, 'displayName': 'Length'}, 'value': '11.4'}, {'type': {'value': 56, 'displayName': 'Zone'}, 'value': 'Back'}, {'type': {'value': 140, 'displayName': 'PassEndX'}, 'value': '25.0'}, {'type': {'value': 141, 'displayName': 'PassEndY'}, 'value': '7.3'}]","[91, 117, 30, 36, 38, 215, 218]",True,247454.0,25.0,7.3,,,,,,,,,
2762478107.0,674,84,3.0,165,65.5,96.0,86,"{'value': 2, 'displayName': 'SecondHalf'}","{'value': 45, 'displayName': 'Challenge'}","{'value': 0, 'displayName': 'Unsuccessful'}","[{'type': {'value': 56, 'displayName': 'Zone'}, 'value': 'Left'}, {'type': {'value': 285, 'displayName': 'Defensive'}}, {'type': {'value': 233, 'displayName': 'OppositeRelatedEvent'}, 'value': '1017'}]",[55],False,363516.0,,,,,,,,,,,
2762478109.0,1017,84,3.0,13,34.5,4.0,86,"{'value': 2, 'displayName': 'SecondHalf'}","{'value': 3, 'displayName': 'TakeOn'}","{'value': 1, 'displayName': 'Successful'}","[{'type': {'value': 178, 'displayName': 'StandingSave'}}, {'type': {'value': 56, 'displayName': 'Zone'}, 'value': 'Back'}, {'type': {'value': 286, 'displayName': 'Offensive'}}, {'type': {'value': 233, 'displayName': 'OppositeRelatedEvent'}, 'value': '674'}]","[91, 54]",True,380706.0,,,,,,,,,,,
2762474229.0,908,84,5.0,13,42.0,9.2,86,"{'value': 2, 'displayName': 'SecondHalf'}","{'value': 1, 'displayName': 'Pass'}","{'value': 1, 'displayName': 'Successful'}","[{'type': {'value': 140, 'displayName': 'PassEndX'}, 'value': '27.0'}, {'type': {'value': 56, 'displayName': 'Zone'}, 'value': 'Back'}, {'type': {'value': 141, 'displayName': 'PassEndY'}, 'value': '13.0'}, {'type': {'value': 178, 'displayName': 'StandingSave'}}, {'type': {'value': 213, 'displayName': 'Angle'}, 'value': '2.98'}, {'type': {'value': 212, 'displayName': 'Length'}, 'value': '16.0'}]","[91, 117, 30, 35, 37, 215, 218]",True,380706.0,27.0,13.0,,,,,,,,,
2762474231.0,909,84,8.0,13,27.0,13.5,86,"{'value': 2, 'displayName': 'SecondHalf'}","{'value': 1, 'displayName': 'Pass'}","{'value': 1, 'displayName': 'Successful'}","[{'type': {'value': 178, 'displayName': 'StandingSave'}}, {'type': {'value': 212, 'displayName': 'Length'}, 'value': '4.8'}, {'type': {'value': 213, 'displayName': 'Angle'}, 'value': '0.44'}, {'type': {'value': 56, 'displayName': 'Zone'}, 'value': 'Back'}, {'type': {'value': 140, 'displayName': 'PassEndX'}, 'value': '31.1'}, {'type': {'value': 141, 'displayName': 'PassEndY'}, 'value': '16.5'}]","[91, 117, 30, 36, 37, 215, 218]",True,388650.0,31.1,16.5,,,,,,,,,
2762474233.0,910,84,9.0,13,31.1,16.5,86,"{'value': 2, 'displayName': 'SecondHalf'}","{'value': 1, 'displayName': 'Pass'}","{'value': 1, 'displayName': 'Successful'}","[{'type': {'value': 212, 'displayName': 'Length'}, 'value': '10.6'}, {'type': {'value': 141, 'displayName': 'PassEndY'}, 'value': '2.4'}, {'type': {'value': 178, 'displayName': 'StandingSave'}}, {'type': {'value': 213, 'displayName': 'Angle'}, 'value': '5.15'}, {'type': {'value': 56, 'displayName': 'Zone'}, 'value': 'Back'}, {'type': {'value': 140, 'displayName': 'PassEndX'}, 'value': '35.4'}]","[91, 117, 30, 36, 38, 216, 218]",True,332325.0,35.4,2.4,,,,,,,,,
2762474235.0,911,84,12.0,13,37.1,3.5,86,"{'value': 2, 'displayName': 'SecondHalf'}","{'value': 1, 'displayName': 'Pass'}","{'value': 1, 'displayName': 'Successful'}","[{'type': {'value': 140, 'displayName': 'PassEndX'}, 'value': '25.8'}, {'type': {'value': 213, 'displayName': 'Angle'}, 'value': '3.03'}, {'type': {'value': 212, 'displayName': 'Length'}, 'value': '11.9'}, {'type': {'value': 178, 'displayName': 'StandingSave'}}, {'type': {'value': 56, 'displayName': 'Zone'}, 'value': 'Back'}, {'type': {'value': 141, 'displayName': 'PassEndY'}, 'value': '5.5'}]","[91, 117, 30, 35, 37, 215, 218]",True,380706.0,25.8,5.5,,,,,,,,,
2762474237.0,912,84,14.0,13,26.3,6.9,86,"{'value': 2, 'displayName': 'SecondHalf'}","{'value': 1, 'displayName': 'Pass'}","{'value': 1, 'displayName': 'Successful'}","[{'type': {'value': 178, 'displayName': 'StandingSave'}}, {'type': {'value': 140, 'displayName': 'PassEndX'}, 'value': '22.0'}, {'type': {'value': 212, 'displayName': 'Length'}, 'value': '14.1'}, {'type': {'value': 56, 'displayName': 'Zone'}, 'value': 'Back'}, {'type': {'value': 213, 'displayName': 'Angle'}, 'value': '1.90'}, {'type': {'value': 141, 'displayName': 'PassEndY'}, 'value': '26.6'}]","[91, 117, 30, 35, 37, 215, 218]",True,388650.0,22.0,26.6,,,,,,,,,
2762474239.0,913,84,17.0,13,21.7,28.3,86,"{'value': 2, 'displayName': 'SecondHalf'}","{'value': 1, 'displayName': 'Pass'}","{'value': 1, 'displayName': 'Successful'}","[{'type': {'value': 212, 'displayName': 'Length'}, 'value': '24.5'}, {'type': {'value': 178, 'displayName': 'StandingSave'}}, {'type': {'value': 141, 'displayName': 'PassEndY'}, 'value': '64.3'}, {'type': {'value': 213, 'displayName': 'Angle'}, 'value': '1.52'}, {'type': {'value': 56, 'displayName': 'Zone'}, 'value': 'Back'}, {'type': {'value': 140, 'displayName': 'PassEndX'}, 'value': '22.8'}]","[91, 117, 30, 36, 37, 215, 218]",True,361822.0,22.8,64.3,,,,,,,,,
2762474241.0,914,84,22.0,13,27.5,66.5,86,"{'value': 2, 'displayName': 'SecondHalf'}","{'value': 1, 'displayName': 'Pass'}","{'value': 1, 'displayName': 'Successful'}","[{'type': {'value': 56, 'displayName': 'Zone'}, 'value': 'Back'}, {'type': {'value': 141, 'displayName': 'PassEndY'}, 'value': '37.2'}, {'type': {'value': 213, 'displayName': 'Angle'}, 'value': '4.96'}, {'type': {'value': 140, 'displayName': 'PassEndX'}, 'value': '32.2'}, {'type': {'value': 212, 'displayName': 'Length'}, 'value': '20.5'}, {'type': {'value': 178, 'displayName': 'StandingSave'}}]","[91, 117, 30, 36, 38, 215, 218]",True,334087.0,32.2,37.2,,,,,,,,,
2762474243.0,915,84,25.0,13,32.2,37.2,86,"{'value': 2, 'displayName': 'SecondHalf'}","{'value': 1, 'displayName': 'Pass'}","{'value': 1, 'displayName': 'Successful'}","[{'type': {'value': 140, 'displayName': 'PassEndX'}, 'value': '29.5'}, {'type': {'value': 178, 'displayName': 'StandingSave'}}, {'type': {'value': 141, 'displayName': 'PassEndY'}, 'value': '20.4'}, {'type': {'value': 213, 'displayName': 'Angle'}, 'value': '4.47'}, {'type': {'value': 56, 'displayName': 'Zone'}, 'value': 'Back'}, {'type': {'value': 212, 'displayName': 'Length'}, 'value': '11.8'}]","[91, 117, 30, 35, 38, 215, 218]",True,332325.0,29.5,20.4,,,,,,,,,
2762474245.0,916,84,27.0,13,29.5,20.4,86,"{'value': 2, 'displayName': 'SecondHalf'}","{'value': 1, 'displayName': 'Pass'}","{'value': 1, 'displayName': 'Successful'}","[{'type': {'value': 141, 'displayName': 'PassEndY'}, 'value': '6.1'}, {'type': {'value': 212, 'displayName': 'Length'}, 'value': '15.4'}, {'type': {'value': 140, 'displayName': 'PassEndX'}, 'value': '40.9'}, {'type': {'value': 56, 'displayName': 'Zone'}, 'value': 'Back'}, {'type': {'value': 178, 'displayName': 'StandingSave'}}, {'type': {'value': 213, 'displayName': 'Angle'}, 'value': '5.60'}]","[91, 117, 30, 36, 38, 216, 218]",True,388650.0,40.9,6.1,,,,,,,,,
2762474247.0,917,84,36.0,13,39.6,35.5,86,"{'value': 2, 'displayName': 'SecondHalf'}","{'value': 1, 'displayName': 'Pass'}","{'value': 1, 'displayName': 'Successful'}","[{'type': {'value': 178, 'displayName': 'StandingSave'}}, {'type': {'value': 213, 'displayName': 'Angle'}, 'value': '1.68'}, {'type': {'value': 141, 'displayName': 'PassEndY'}, 'value': '61.9'}, {'type': {'value': 212, 'displayName': 'Length'}, 'value': '18.1'}, {'type': {'value': 56, 'displayName': 'Zone'}, 'value': 'Back'}, {'type': {'value': 140, 'displayName': 'PassEndX'}, 'value': '37.7'}]","[91, 117, 30, 35, 37, 216, 218]",True,247454.0,37.7,61.9,,,,,,,,,
2762474249.0,918,84,40.0,13,39.2,67.4,86,"{'value': 2, 'displayName': 'SecondHalf'}","{'value': 1, 'displayName': 'Pass'}","{'value': 1, 'displayName': 'Successful'}","[{'type': {'value': 56, 'displayName': 'Zone'}, 'value': 'Back'}, {'type': {'value': 141, 'displayName': 'PassEndY'}, 'value': '57.3'}, {'type': {'value': 140, 'displayName': 'PassEndX'}, 'value': '36.3'}, {'type': {'value': 212, 'displayName': 'Length'}, 'value': '7.5'}, {'type': {'value': 178, 'displayName': 'StandingSave'}}, {'type': {'value': 213, 'displayName': 'Angle'}, 'value': '4.30'}]","[91, 117, 30, 35, 38, 216, 218]",True,334087.0,36.3,57.3,,,,,,,,,
2762474251.0,919,84,45.0,13,40.2,43.2,86,"{'value': 2, 'displayName': 'SecondHalf'}","{'value': 1, 'displayName': 'Pass'}","{'value': 1, 'displayName': 'Successful'}","[{'type': {'value': 213, 'displayName': 'Angle'}, 'value': '4.77'}, {'type': {'value': 141, 'displayName': 'PassEndY'}, 'value': '17.8'}, {'type': {'value': 56, 'displayName': 'Zone'}, 'value': 'Back'}, {'type': {'value': 178, 'displayName': 'StandingSave'}}, {'type': {'value': 212, 'displayName': 'Length'}, 'value': '17.3'}, {'type': {'value': 140, 'displayName': 'PassEndX'}, 'value': '41.2'}]","[91, 117, 30, 36, 38, 216, 218]",True,247454.0,41.2,17.8,,,,,,,,,
2762474253.0,920,84,47.0,13,41.2,17.9,86,"{'value': 2, 'displayName': 'SecondHalf'}","{'value': 1, 'displayName': 'Pass'}","{'value': 1, 'displayName': 'Successful'}","[{'type': {'value': 178, 'displayName': 'StandingSave'}}, {'type': {'value': 140, 'displayName': 'PassEndX'}, 'value': '38.2'}, {'type': {'value': 212, 'displayName': 'Length'}, 'value': '7.2'}, {'type': {'value': 56, 'displayName': 'Zone'}, 'value': 'Back'}, {'type': {'value': 213, 'displayName': 'Angle'}, 'value': '2.02'}, {'type': {'value': 141, 'displayName': 'PassEndY'}, 'value': '27.4'}]","[91, 117, 30, 35, 37, 216, 218]",True,388650.0,38.2,27.4,,,,,,,,,
2762474255.0,921,84,51.0,13,40.9,18.7,86,"{'value': 2, 'displayName': 'SecondHalf'}","{'value': 1, 'displayName': 'Pass'}","{'value': 1, 'displayName': 'Successful'}","[{'type': {'value': 212, 'displayName': 'Length'}, 'value': '9.1'}, {'type': {'value': 141, 'displayName': 'PassEndY'}, 'value': '7.0'}, {'type': {'value': 178, 'displayName': 'StandingSave'}}, {'type': {'value': 140, 'displayName': 'PassEndX'}, 'value': '36.6'}, {'type': {'value': 213, 'displayName': 'Angle'}, 'value': '4.20'}, {'type': {'value': 56, 'displayName': 'Zone'}, 'value': 'Back'}]","[91, 117, 30, 35, 38, 216, 218]",True,247454.0,36.6,7.0,,,,,,,,,
2762474259.0,922,84,53.0,13,36.5,8.1,86,"{'value': 2, 'displayName': 'SecondHalf'}","{'value': 1, 'displayName': 'Pass'}","{'value': 1, 'displayName': 'Successful'}","[{'type': {'value': 141, 'displayName': 'PassEndY'}, 'value': '29.4'}, {'type': {'value': 213, 'displayName': 'Angle'}, 'value': '2.07'}, {'type': {'value': 212, 'displayName': 'Length'}, 'value': '16.5'}, {'type': {'value': 178, 'displayName': 'StandingSave'}}, {'type': {'value': 56, 'displayName': 'Zone'}, 'value': 'Back'}, {'type': {'value': 140, 'displayName': 'PassEndX'}, 'value': '28.9'}]","[91, 117, 30, 35, 37, 215, 218]",True,388650.0,28.9,29.4,,,,,,,,,
2762474261.0,923,84,58.0,13,29.3,31.5,86,"{'value': 2, 'displayName': 'SecondHalf'}","{'value': 1, 'displayName': 'Pass'}","{'value': 1, 'displayName': 'Successful'}","[{'type': {'value': 56, 'displayName': 'Zone'}, 'value': 'Back'}, {'type': {'value': 178, 'displayName': 'StandingSave'}}, {'type': {'value': 141, 'displayName': 'PassEndY'}, 'value': '50.8'}, {'type': {'value': 212, 'displayName': 'Length'}, 'value': '16.8'}, {'type': {'value': 140, 'displayName': 'PassEndX'}, 'value': '19.3'}, {'type': {'value': 213, 'displayName': 'Angle'}, 'value': '2.25'}]","[91, 117, 30, 35, 37, 215, 218]",True,361822.0,19.3,50.8,,,,,,,,,
2762474263.0,924,85,0.0,13,19.2,51.0,87,"{'value': 2, 'displayName': 'SecondHalf'}","{'value': 1, 'displayName': 'Pass'}","{'value': 1, 'displayName': 'Successful'}","[{'type': {'value': 140, 'displayName': 'PassEndX'}, 'value': '21.8'}, {'type': {'value': 141, 'displayName': 'PassEndY'}, 'value': '25.6'}, {'type': {'value': 56, 'displayName': 'Zone'}, 'value': 'Back'}, {'type': {'value': 213, 'displayName': 'Angle'}, 'value': '4.87'}, {'type': {'value': 212, 'displayName': 'Length'}, 'value': '17.5'}, {'type': {'value': 178, 'displayName': 'StandingSave'}}]","[91, 117, 30, 36, 38, 215, 218]",True,276366.0,21.8,25.6,,,,,,,,,
2762474265.0,925,85,2.0,13,21.8,25.6,87,"{'value': 2, 'displayName': 'SecondHalf'}","{'value': 1, 'displayName': 'Pass'}","{'value': 1, 'displayName': 'Successful'}","[{'type': {'value': 213, 'displayName': 'Angle'}, 'value': '4.92'}, {'type': {'value': 178, 'displayName': 'StandingSave'}}, {'type': {'value': 140, 'displayName': 'PassEndX'}, 'value': '23.9'}, {'type': {'value': 56, 'displayName': 'Zone'}, 'value': 'Back'}, {'type': {'value': 212, 'displayName': 'Length'}, 'value': '10.9'}, {'type': {'value': 141, 'displayName': 'PassEndY'}, 'value': '9.9'}]","[91, 117, 30, 36, 38, 215, 218]",True,361822.0,23.9,9.9,,,,,,,,,
2762474267.0,926,85,4.0,13,23.7,9.8,87,"{'value': 2, 'displayName': 'SecondHalf'}","{'value': 1, 'displayName': 'Pass'}","{'value': 1, 'displayName': 'Successful'}","[{'type': {'value': 141, 'displayName': 'PassEndY'}, 'value': '4.3'}, {'type': {'value': 212, 'displayName': 'Length'}, 'value': '12.7'}, {'type': {'value': 213, 'displayName': 'Angle'}, 'value': '5.99'}, {'type': {'value': 56, 'displayName': 'Zone'}, 'value': 'Back'}, {'type': {'value': 140, 'displayName': 'PassEndX'}, 'value': '35.3'}, {'type': {'value': 178, 'displayName': 'StandingSave'}}]","[91, 117, 30, 36, 38, 216, 218]",True,388650.0,35.3,4.3,,,,,,,,,
2762474269.0,927,85,11.0,13,56.9,28.9,87,"{'value': 2, 'displayName': 'SecondHalf'}","{'value': 1, 'displayName': 'Pass'}","{'value': 1, 'displayName': 'Successful'}","[{'type': {'value': 178, 'displayName': 'StandingSave'}}, {'type': {'value': 56, 'displayName': 'Zone'}, 'value': 'Right'}, {'type': {'value': 141, 'displayName': 'PassEndY'}, 'value': '2.3'}, {'type': {'value': 212, 'displayName': 'Length'}, 'value': '21.1'}, {'type': {'value': 213, 'displayName': 'Angle'}, 'value': '5.26'}, {'type': {'value': 140, 'displayName': 'PassEndX'}, 'value': '67.3'}]","[91, 119, 117, 30, 205, 36, 38, 217, 218]",True,247454.0,67.3,2.3,,,,,,,,,
2762474271.0,928,85,15.0,13,72.2,7.6,87,"{'value': 2, 'displayName': 'SecondHalf'}","{'value': 1, 'displayName': 'Pass'}","{'value': 1, 'displayName': 'Successful'}","[{'type': {'value': 213, 'displayName': 'Angle'}, 'value': '1.96'}, {'type': {'value': 212, 'displayName': 'Length'}, 'value': '9.6'}, {'type': {'value': 56, 'displayName': 'Zone'}, 'value': 'Right'}, {'type': {'value': 178, 'displayName': 'StandingSave'}}, {'type': {'value': 140, 'displayName': 'PassEndX'}, 'value': '68.7'}, {'type': {'value': 141, 'displayName': 'PassEndY'}, 'value': '20.7'}]","[91, 119, 117, 30, 205, 35, 37, 217, 218]",True,326413.0,68.7,20.7,,,,,,,,,
2762474273.0,929,85,19.0,13,70.5,19.7,87,"{'value': 2, 'displayName': 'SecondHalf'}","{'value': 1, 'displayName': 'Pass'}","{'value': 1, 'displayName': 'Successful'}","[{'type': {'value': 56, 'displayName': 'Zone'}, 'value': 'Right'}, {'type': {'value': 212, 'displayName': 'Length'}, 'value': '12.6'}, {'type': {'value': 140, 'displayName': 'PassEndX'}, 'value': '79.1'}, {'type': {'value': 178, 'displayName': 'StandingSave'}}, {'type': {'value': 213, 'displayName': 'Angle'}, 'value': '5.51'}, {'type': {'value': 141, 'displayName': 'PassEndY'}, 'value': '6.7'}]","[91, 119, 117, 30, 205, 36, 38, 217, 218]",True,247454.0,79.1,6.7,,,,,,,,,
2762474275.0,930,85,21.0,13,80.0,8.7,87,"{'value': 2, 'displayName': 'SecondHalf'}","{'value': 1, 'displayName': 'Pass'}","{'value': 1, 'displayName': 'Successful'}","[{'type': {'value': 140, 'displayName': 'PassEndX'}, 'value': '78.9'}, {'type': {'value': 213, 'displayName': 'Angle'}, 'value': '1.66'}, {'type': {'value': 212, 'displayName': 'Length'}, 'value': '13.0'}, {'type': {'value': 56, 'displayName': 'Zone'}, 'value': 'Center'}, {'type': {'value': 178, 'displayName': 'StandingSave'}}, {'type': {'value': 141, 'displayName': 'PassEndY'}, 'value': '27.7'}]","[91, 119, 117, 30, 205, 35, 37, 217, 218]",True,388650.0,78.9,27.7,,,,,,,,,
2762474277.0,931,85,24.0,13,75.3,29.9,87,"{'value': 2, 'displayName': 'SecondHalf'}","{'value': 1, 'displayName': 'Pass'}","{'value': 1, 'displayName': 'Successful'}","[{'type': {'value': 212, 'displayName': 'Length'}, 'value': '20.4'}, {'type': {'value': 213, 'displayName': 'Angle'}, 'value': '2.14'}, {'type': {'value': 56, 'displayName': 'Zone'}, 'value': 'Center'}, {'type': {'value': 141, 'displayName': 'PassEndY'}, 'value': '55.1'}, {'type': {'value': 178, 'displayName': 'StandingSave'}}, {'type': {'value': 140, 'displayName': 'PassEndX'}, 'value': '64.8'}]","[91, 119, 117, 30, 35, 37, 216, 218]",True,326413.0,64.8,55.1,,,,,,,,,
2762474279.0,932,85,26.0,13,63.9,57.4,87,"{'value': 2, 'displayName': 'SecondHalf'}","{'value': 1, 'displayName': 'Pass'}","{'value': 1, 'displayName': 'Successful'}","[{'type': {'value': 213, 'displayName': 'Angle'}, 'value': '0.76'}, {'type': {'value': 56, 'displayName': 'Zone'}, 'value': 'Center'}, {'type': {'value': 212, 'displayName': 'Length'}, 'value': '10.3'}, {'type': {'value': 178, 'displayName': 'StandingSave'}}, {'type': {'value': 141, 'displayName': 'PassEndY'}, 'value': '67.8'}, {'type': {'value': 140, 'displayName': 'PassEndX'}, 'value': '71.0'}]","[91, 119, 117, 30, 205, 36, 37, 217, 218]",True,334087.0,71.0,67.8,,,,,,,,,
2762474281.0,933,85,28.0,13,72.0,68.5,87,"{'value': 2, 'displayName': 'SecondHalf'}","{'value': 1, 'displayName': 'Pass'}","{'value': 1, 'displayName': 'Successful'}","[{'type': {'value': 213, 'displayName': 'Angle'}, 'value': '0.70'}, {'type': {'value': 140, 'displayName': 'PassEndX'}, 'value': '85.0'}, {'type': {'value': 178, 'displayName': 'StandingSave'}}, {'type': {'value': 56, 'displayName': 'Zone'}, 'value': 'Left'}, {'type': {'value': 212, 'displayName': 'Length'}, 'value': '17.9'}, {'type': {'value': 141, 'displayName': 'PassEndY'}, 'value': '85.5'}]","[91, 119, 117, 30, 205, 36, 37, 217, 218]",True,467918.0,85.0,85.5,,,,,,,,,
2762474285.0,934,85,32.0,13,92.3,80.9,87,"{'value': 2, 'displayName': 'SecondHalf'}","{'value': 3, 'displayName': 'TakeOn'}","{'value': 0, 'displayName': 'Unsuccessful'}","[{'type': {'value': 178, 'displayName': 'StandingSave'}}, {'type': {'value': 286, 'displayName': 'Offensive'}}, {'type': {'value': 56, 'displayName': 'Zone'}, 'value': 'Left'}, {'type': {'value': 211, 'displayName': 'OverRun'}}]","[91, 204]",True,113994.0,,,,,,,,,,,
2762474293.0,936,86,7.0,13,0.0,0.0,88,"{'value': 2, 'displayName': 'SecondHalf'}","{'value': 18, 'displayName': 'SubstitutionOff'}","{'value': 1, 'displayName': 'Successful'}","[{'type': {'value': 59, 'displayName': 'JerseyNumber'}, 'value': '41'}, {'type': {'value': 55, 'displayName': 'RelatedEventId'}, 'value': '937'}, {'type': {'value': 44, 'displayName': 'PlayerPosition'}, 'value': 'Midfielder'}]",[214],False,332325.0,,,937.0,238940.0,,,,,,,
2762474295.0,937,86,7.0,13,0.0,0.0,88,"{'value': 2, 'displayName': 'SecondHalf'}","{'value': 19, 'displayName': 'SubstitutionOn'}","{'value': 1, 'displayName': 'Successful'}","[{'type': {'value': 59, 'displayName': 'JerseyNumber'}, 'value': '5'}, {'type': {'value': 55, 'displayName': 'RelatedEventId'}, 'value': '936'}, {'type': {'value': 145, 'displayName': 'FormationSlot'}, 'value': '4'}, {'type': {'value': 44, 'displayName': 'PlayerPosition'}, 'value': 'Midfielder'}]",[213],False,238940.0,,,936.0,332325.0,,,,,,,
2762474299.0,559,86,16.0,165,4.9,59.6,88,"{'value': 2, 'displayName': 'SecondHalf'}","{'value': 1, 'displayName': 'Pass'}","{'value': 1, 'displayName': 'Successful'}","[{'type': {'value': 124, 'displayName': 'GoalKick'}}, {'type': {'value': 213, 'displayName': 'Angle'}, 'value': '4.49'}, {'type': {'value': 212, 'displayName': 'Length'}, 'value': '4.8'}, {'type': {'value': 56, 'displayName': 'Zone'}, 'value': 'Back'}, {'type': {'value': 140, 'displayName': 'PassEndX'}, 'value': '3.9'}, {'type': {'value': 141, 'displayName': 'PassEndY'}, 'value': '52.7'}]","[91, 117, 30, 35, 38, 215, 218]",True,381161.0,3.9,52.7,,,,,,,,,
2762474301.0,560,86,20.0,165,3.6,51.8,88,"{'value': 2, 'displayName': 'SecondHalf'}","{'value': 1, 'displayName': 'Pass'}","{'value': 1, 'displayName': 'Successful'}","[{'type': {'value': 141, 'displayName': 'PassEndY'}, 'value': '19.4'}, {'type': {'value': 56, 'displayName': 'Zone'}, 'value': 'Back'}, {'type': {'value': 178, 'displayName': 'StandingSave'}}, {'type': {'value': 212, 'displayName': 'Length'}, 'value': '23.4'}, {'type': {'value': 213, 'displayName': 'Angle'}, 'value': '5.06'}, {'type': {'value': 140, 'displayName': 'PassEndX'}, 'value': '11.2'}]","[91, 117, 30, 36, 38, 215, 218]",True,362426.0,11.2,19.4,,,,,,,,,
2762474303.0,561,86,23.0,165,11.4,15.3,88,"{'value': 2, 'displayName': 'SecondHalf'}","{'value': 1, 'displayName': 'Pass'}","{'value': 0, 'displayName': 'Unsuccessful'}","[{'type': {'value': 56, 'displayName': 'Zone'}, 'value': 'Back'}, {'type': {'value': 1, 'displayName': 'Longball'}}, {'type': {'value': 178, 'displayName': 'StandingSave'}}, {'type': {'value': 140, 'displayName': 'PassEndX'}, 'value': '41.4'}, {'type': {'value': 212, 'displayName': 'Length'}, 'value': '32.9'}, {'type': {'value': 213, 'displayName': 'Angle'}, 'value': '0.30'}, {'type': {'value': 141, 'displayName': 'PassEndY'}, 'value': '29.4'}]","[91, 118, 120, 128, 36, 37, 216, 218]",True,356599.0,41.4,29.4,,,,,,,,,
2762474305.0,938,86,25.0,13,56.7,69.2,88,"{'value': 2, 'displayName': 'SecondHalf'}","{'value': 1, 'displayName': 'Pass'}","{'value': 1, 'displayName': 'Successful'}","[{'type': {'value': 212, 'displayName': 'Length'}, 'value': '12.4'}, {'type': {'value': 3, 'displayName': 'HeadPass'}}, {'type': {'value': 213, 'displayName': 'Angle'}, 'value': '1.40'}, {'type': {'value': 140, 'displayName': 'PassEndX'}, 'value': '58.7'}, {'type': {'value': 56, 'displayName': 'Zone'}, 'value': 'Left'}, {'type': {'value': 141, 'displayName': 'PassEndY'}, 'value': '87.1'}]","[91, 119, 117, 30, 139, 36, 37, 216, 218]",True,334087.0,58.7,87.1,,,,,,,,,
2762474307.0,939,86,27.0,13,57.9,87.3,88,"{'value': 2, 'displayName': 'SecondHalf'}","{'value': 1, 'displayName': 'Pass'}","{'value': 0, 'displayName': 'Unsuccessful'}","[{'type': {'value': 213, 'displayName': 'Angle'}, 'value': '3.69'}, {'type': {'value': 140, 'displayName': 'PassEndX'}, 'value': '45.7'}, {'type': {'value': 212, 'displayName': 'Length'}, 'value': '15.0'}, {'type': {'value': 178, 'displayName': 'StandingSave'}}, {'type': {'value': 56, 'displayName': 'Zone'}, 'value': 'Back'}, {'type': {'value': 141, 'displayName': 'PassEndY'}, 'value': '75.7'}]","[91, 118, 120, 29, 35, 38, 216, 218]",True,113994.0,45.7,75.7,,,,,,,,,
2762474309.0,562,86,30.0,165,59.0,17.0,88,"{'value': 2, 'displayName': 'SecondHalf'}","{'value': 3, 'displayName': 'TakeOn'}","{'value': 0, 'displayName': 'Unsuccessful'}","[{'type': {'value': 233, 'displayName': 'OppositeRelatedEvent'}, 'value': '940'}, {'type': {'value': 286, 'displayName': 'Offensive'}}, {'type': {'value': 56, 'displayName': 'Zone'}, 'value': 'Right'}, {'type': {'value': 178, 'displayName': 'StandingSave'}}]","[91, 53]",True,429636.0,,,,,,,,,,,
2762474313.0,940,86,30.0,13,41.0,83.0,88,"{'value': 2, 'displayName': 'SecondHalf'}","{'value': 7, 'displayName': 'Tackle'}","{'value': 0, 'displayName': 'Unsuccessful'}","[{'type': {'value': 56, 'displayName': 'Zone'}, 'value': 'Back'}, {'type': {'value': 178, 'displayName': 'StandingSave'}}, {'type': {'value': 285, 'displayName': 'Defensive'}}, {'type': {'value': 233, 'displayName': 'OppositeRelatedEvent'}, 'value': '562'}]","[91, 142]",True,467918.0,,,,,,,,,,,
2762474311.0,563,86,31.0,165,59.3,15.9,88,"{'value': 2, 'displayName': 'SecondHalf'}","{'value': 61, 'displayName': 'BallTouch'}","{'value': 1, 'displayName': 'Successful'}","[{'type': {'value': 56, 'displayName': 'Zone'}, 'value': 'Right'}, {'type': {'value': 178, 'displayName': 'StandingSave'}}]",[91],True,429636.0,,,,,,,,,,,
2762474317.0,941,86,31.0,13,39.4,81.3,88,"{'value': 2, 'displayName': 'SecondHalf'}","{'value': 61, 'displayName': 'BallTouch'}","{'value': 1, 'displayName': 'Successful'}","[{'type': {'value': 56, 'displayName': 'Zone'}, 'value': 'Back'}, {'type': {'value': 178, 'displayName': 'StandingSave'}}]",[91],True,467918.0,,,,,,,,,,,
2762474315.0,564,86,33.0,165,73.9,29.5,88,"{'value': 2, 'displayName': 'SecondHalf'}","{'value': 3, 'displayName': 'TakeOn'}","{'value': 0, 'displayName': 'Unsuccessful'}","[{'type': {'value': 286, 'displayName': 'Offensive'}}, {'type': {'value': 233, 'displayName': 'OppositeRelatedEvent'}, 'value': '943'}, {'type': {'value': 178, 'displayName': 'StandingSave'}}, {'type': {'value': 56, 'displayName': 'Zone'}, 'value': 'Center'}]","[91, 53]",True,349671.0,,,,,,,,,,,
2762474321.0,943,86,33.0,13,26.1,70.5,88,"{'value': 2, 'displayName': 'SecondHalf'}","{'value': 7, 'displayName': 'Tackle'}","{'value': 0, 'displayName': 'Unsuccessful'}","[{'type': {'value': 233, 'displayName': 'OppositeRelatedEvent'}, 'value': '564'}, {'type': {'value': 285, 'displayName': 'Defensive'}}, {'type': {'value': 178, 'displayName': 'StandingSave'}}, {'type': {'value': 56, 'displayName': 'Zone'}, 'value': 'Back'}]","[91, 142]",True,334087.0,,,,,,,,,,,
2762474323.0,565,86,37.0,165,74.9,56.6,88,"{'value': 2, 'displayName': 'SecondHalf'}","{'value': 1, 'displayName': 'Pass'}","{'value': 1, 'displayName': 'Successful'}","[{'type': {'value': 141, 'displayName': 'PassEndY'}, 'value': '74.8'}, {'type': {'value': 212, 'displayName': 'Length'}, 'value': '17.8'}, {'type': {'value': 140, 'displayName': 'PassEndX'}, 'value': '87.1'}, {'type': {'value': 178, 'displayName': 'StandingSave'}}, {'type': {'value': 213, 'displayName': 'Angle'}, 'value': '0.77'}, {'type': {'value': 56, 'displayName': 'Zone'}, 'value': 'Center'}]","[91, 119, 117, 30, 205, 36, 37, 217, 218]",True,323713.0,87.1,74.8,,,,,,,,,
2762474325.0,566,86,39.0,165,89.4,74.7,88,"{'value': 2, 'displayName': 'SecondHalf'}","{'value': 50, 'displayName': 'Dispossessed'}","{'value': 1, 'displayName': 'Successful'}","[{'type': {'value': 56, 'displayName': 'Zone'}, 'value': 'Center'}, {'type': {'value': 286, 'displayName': 'Offensive'}}, {'type': {'value': 233, 'displayName': 'OppositeRelatedEvent'}, 'value': '944'}]","[91, 70]",True,366211.0,,,,,,,,,,,
2762474329.0,944,86,39.0,13,10.6,25.3,88,"{'value': 2, 'displayName': 'SecondHalf'}","{'value': 7, 'displayName': 'Tackle'}","{'value': 1, 'displayName': 'Successful'}","[{'type': {'value': 233, 'displayName': 'OppositeRelatedEvent'}, 'value': '566'}, {'type': {'value': 56, 'displayName': 'Zone'}, 'value': 'Back'}, {'type': {'value': 285, 'displayName': 'Defensive'}}, {'type': {'value': 178, 'displayName': 'StandingSave'}}]","[91, 143]",True,388650.0,,,,,,,,,,,
2762478111.0,1018,86,41.0,13,2.8,21.3,88,"{'value': 2, 'displayName': 'SecondHalf'}","{'value': 3, 'displayName': 'TakeOn'}","{'value': 0, 'displayName': 'Unsuccessful'}","[{'type': {'value': 178, 'displayName': 'StandingSave'}}, {'type': {'value': 56, 'displayName': 'Zone'}, 'value': 'Back'}, {'type': {'value': 285, 'displayName': 'Defensive'}}]","[91, 53]",True,388650.0,,,,,,,,,,,
2762474331.0,945,86,42.0,13,4.5,14.9,88,"{'value': 2, 'displayName': 'SecondHalf'}","{'value': 4, 'displayName': 'Foul'}","{'value': 1, 'displayName': 'Successful'}","[{'type': {'value': 56, 'displayName': 'Zone'}, 'value': 'Back'}, {'type': {'value': 13, 'displayName': 'Foul'}}, {'type': {'value': 285, 'displayName': 'Defensive'}}, {'type': {'value': 233, 'displayName': 'OppositeRelatedEvent'}, 'value': '567'}]","[91, 63]",True,388650.0,,,,,,,,,,,
2762474327.0,567,86,42.0,165,95.5,85.1,88,"{'value': 2, 'displayName': 'SecondHalf'}","{'value': 4, 'displayName': 'Foul'}","{'value': 0, 'displayName': 'Unsuccessful'}","[{'type': {'value': 13, 'displayName': 'Foul'}}, {'type': {'value': 286, 'displayName': 'Offensive'}}, {'type': {'value': 233, 'displayName': 'OppositeRelatedEvent'}, 'value': '945'}, {'type': {'value': 56, 'displayName': 'Zone'}, 'value': 'Left'}, {'type': {'value': 178, 'displayName': 'StandingSave'}}]",[64],False,366211.0,,,,,,,,,,,
2762474335.0,946,87,21.0,13,13.0,16.8,89,"{'value': 2, 'displayName': 'SecondHalf'}","{'value': 1, 'displayName': 'Pass'}","{'value': 0, 'displayName': 'Unsuccessful'}","[{'type': {'value': 1, 'displayName': 'Longball'}}, {'type': {'value': 212, 'displayName': 'Length'}, 'value': '45.1'}, {'type': {'value': 140, 'displayName': 'PassEndX'}, 'value': '55.8'}, {'type': {'value': 178, 'displayName': 'StandingSave'}}, {'type': {'value': 141, 'displayName': 'PassEndY'}, 'value': '10.6'}, {'type': {'value': 213, 'displayName': 'Angle'}, 'value': '6.19'}, {'type': {'value': 5, 'displayName': 'FreekickTaken'}}, {'type': {'value': 56, 'displayName': 'Zone'}, 'value': 'Right'}]","[91, 120, 128, 133, 36, 38, 216, 218]",True,276366.0,55.8,10.6,,,,,,,,,
2762474333.0,568,87,24.0,165,42.6,90.0,89,"{'value': 2, 'displayName': 'SecondHalf'}","{'value': 44, 'displayName': 'Aerial'}","{'value': 1, 'displayName': 'Successful'}","[{'type': {'value': 285, 'displayName': 'Defensive'}}, {'type': {'value': 56, 'displayName': 'Zone'}, 'value': 'Back'}, {'type': {'value': 233, 'displayName': 'OppositeRelatedEvent'}, 'value': '947'}]","[197, 200]",False,381161.0,,,,,,,,,,,
2762474337.0,947,87,24.0,13,57.4,10.0,89,"{'value': 2, 'displayName': 'SecondHalf'}","{'value': 44, 'displayName': 'Aerial'}","{'value': 0, 'displayName': 'Unsuccessful'}","[{'type': {'value': 233, 'displayName': 'OppositeRelatedEvent'}, 'value': '568'}, {'type': {'value': 286, 'displayName': 'Offensive'}}, {'type': {'value': 56, 'displayName': 'Zone'}, 'value': 'Right'}]","[198, 199]",False,326413.0,,,,,,,,,,,
2762474339.0,569,87,24.0,165,39.9,91.1,89,"{'value': 2, 'displayName': 'SecondHalf'}","{'value': 1, 'displayName': 'Pass'}","{'value': 0, 'displayName': 'Unsuccessful'}","[{'type': {'value': 213, 'displayName': 'Angle'}, 'value': '0.14'}, {'type': {'value': 56, 'displayName': 'Zone'}, 'value': 'Left'}, {'type': {'value': 140, 'displayName': 'PassEndX'}, 'value': '64.2'}, {'type': {'value': 141, 'displayName': 'PassEndY'}, 'value': '96.3'}, {'type': {'value': 3, 'displayName': 'HeadPass'}}, {'type': {'value': 212, 'displayName': 'Length'}, 'value': '25.8'}]","[91, 120, 29, 139, 36, 37, 216, 218]",True,381161.0,64.2,96.3,,,,,,,,,
2762474341.0,948,87,27.0,13,37.4,6.1,89,"{'value': 2, 'displayName': 'SecondHalf'}","{'value': 1, 'displayName': 'Pass'}","{'value': 0, 'displayName': 'Unsuccessful'}","[{'type': {'value': 213, 'displayName': 'Angle'}, 'value': '5.93'}, {'type': {'value': 178, 'displayName': 'StandingSave'}}, {'type': {'value': 140, 'displayName': 'PassEndX'}, 'value': '51.3'}, {'type': {'value': 1, 'displayName': 'Longball'}}, {'type': {'value': 141, 'displayName': 'PassEndY'}, 'value': '0.0'}, {'type': {'value': 212, 'displayName': 'Length'}, 'value': '15.6'}, {'type': {'value': 56, 'displayName': 'Zone'}, 'value': 'Right'}]","[91, 120, 128, 36, 38, 216, 218]",True,361822.0,51.3,0.0,,,,,,,,,
2762474353.0,951,88,14.0,13,53.5,0.0,90,"{'value': 2, 'displayName': 'SecondHalf'}","{'value': 1, 'displayName': 'Pass'}","{'value': 1, 'displayName': 'Successful'}","[{'type': {'value': 107, 'displayName': 'ThrowIn'}}, {'type': {'value': 213, 'displayName': 'Angle'}, 'value': '0.37'}, {'type': {'value': 212, 'displayName': 'Length'}, 'value': '16.0'}, {'type': {'value': 56, 'displayName': 'Zone'}, 'value': 'Right'}, {'type': {'value': 141, 'displayName': 'PassEndY'}, 'value': '6.6'}, {'type': {'value': 140, 'displayName': 'PassEndX'}, 'value': '67.7'}]","[91, 212, 36, 37, 217]",True,388650.0,67.7,6.6,,,,,,,,,
2762478115.0,1019,88,15.0,13,66.9,8.7,90,"{'value': 2, 'displayName': 'SecondHalf'}","{'value': 44, 'displayName': 'Aerial'}","{'value': 1, 'displayName': 'Successful'}","[{'type': {'value': 56, 'displayName': 'Zone'}, 'value': 'Right'}, {'type': {'value': 233, 'displayName': 'OppositeRelatedEvent'}, 'value': '675'}, {'type': {'value': 286, 'displayName': 'Offensive'}}]","[197, 199]",False,380706.0,,,,,,,,,,,
2762478113.0,675,88,15.0,165,33.1,91.3,90,"{'value': 2, 'displayName': 'SecondHalf'}","{'value': 44, 'displayName': 'Aerial'}","{'value': 0, 'displayName': 'Unsuccessful'}","[{'type': {'value': 233, 'displayName': 'OppositeRelatedEvent'}, 'value': '1019'}, {'type': {'value': 285, 'displayName': 'Defensive'}}, {'type': {'value': 56, 'displayName': 'Zone'}, 'value': 'Back'}]","[198, 200]",False,323713.0,,,,,,,,,,,
2762474355.0,952,88,15.0,13,67.7,6.6,90,"{'value': 2, 'displayName': 'SecondHalf'}","{'value': 1, 'displayName': 'Pass'}","{'value': 1, 'displayName': 'Successful'}","[{'type': {'value': 212, 'displayName': 'Length'}, 'value': '5.3'}, {'type': {'value': 213, 'displayName': 'Angle'}, 'value': '5.71'}, {'type': {'value': 56, 'displayName': 'Zone'}, 'value': 'Right'}, {'type': {'value': 3, 'displayName': 'HeadPass'}}, {'type': {'value': 141, 'displayName': 'PassEndY'}, 'value': '2.4'}, {'type': {'value': 140, 'displayName': 'PassEndX'}, 'value': '71.9'}]","[91, 119, 117, 30, 139, 205, 36, 38, 217, 218]",True,380706.0,71.9,2.4,,,,,,,,,
2762474359.0,953,88,17.0,13,70.0,4.8,90,"{'value': 2, 'displayName': 'SecondHalf'}","{'value': 44, 'displayName': 'Aerial'}","{'value': 1, 'displayName': 'Successful'}","[{'type': {'value': 56, 'displayName': 'Zone'}, 'value': 'Right'}, {'type': {'value': 286, 'displayName': 'Offensive'}}, {'type': {'value': 233, 'displayName': 'OppositeRelatedEvent'}, 'value': '572'}]","[197, 199]",False,326413.0,,,,,,,,,,,
2762474357.0,572,88,17.0,165,30.0,95.2,90,"{'value': 2, 'displayName': 'SecondHalf'}","{'value': 44, 'displayName': 'Aerial'}","{'value': 0, 'displayName': 'Unsuccessful'}","[{'type': {'value': 56, 'displayName': 'Zone'}, 'value': 'Back'}, {'type': {'value': 285, 'displayName': 'Defensive'}}, {'type': {'value': 233, 'displayName': 'OppositeRelatedEvent'}, 'value': '953'}]","[198, 200]",False,366211.0,,,,,,,,,,,
2762474363.0,954,88,17.0,13,71.9,2.4,90,"{'value': 2, 'displayName': 'SecondHalf'}","{'value': 1, 'displayName': 'Pass'}","{'value': 0, 'displayName': 'Unsuccessful'}","[{'type': {'value': 141, 'displayName': 'PassEndY'}, 'value': '8.1'}, {'type': {'value': 213, 'displayName': 'Angle'}, 'value': '1.49'}, {'type': {'value': 212, 'displayName': 'Length'}, 'value': '3.9'}, {'type': {'value': 3, 'displayName': 'HeadPass'}}, {'type': {'value': 140, 'displayName': 'PassEndX'}, 'value': '72.2'}, {'type': {'value': 56, 'displayName': 'Zone'}, 'value': 'Right'}]","[91, 120, 29, 139, 36, 37, 217, 218]",True,326413.0,72.2,8.1,,,,,,,,,
2762474361.0,573,88,19.0,165,31.4,90.0,90,"{'value': 2, 'displayName': 'SecondHalf'}","{'value': 49, 'displayName': 'BallRecovery'}","{'value': 1, 'displayName': 'Successful'}",[],[93],False,323713.0,,,,,,,,,,,
2762474365.0,574,88,22.0,165,41.9,91.5,90,"{'value': 2, 'displayName': 'SecondHalf'}","{'value': 1, 'displayName': 'Pass'}","{'value': 1, 'displayName': 'Successful'}","[{'type': {'value': 140, 'displayName': 'PassEndX'}, 'value': '44.5'}, {'type': {'value': 141, 'displayName': 'PassEndY'}, 'value': '90.6'}, {'type': {'value': 213, 'displayName': 'Angle'}, 'value': '6.06'}, {'type': {'value': 56, 'displayName': 'Zone'}, 'value': 'Back'}, {'type': {'value': 212, 'displayName': 'Length'}, 'value': '2.8'}, {'type': {'value': 178, 'displayName': 'StandingSave'}}]","[91, 117, 30, 36, 38, 216, 218]",True,323713.0,44.5,90.6,,,,,,,,,
2762474367.0,575,88,22.0,165,44.5,90.6,90,"{'value': 2, 'displayName': 'SecondHalf'}","{'value': 1, 'displayName': 'Pass'}","{'value': 1, 'displayName': 'Successful'}","[{'type': {'value': 178, 'displayName': 'StandingSave'}}, {'type': {'value': 212, 'displayName': 'Length'}, 'value': '8.1'}, {'type': {'value': 156, 'displayName': 'LayOff'}}, {'type': {'value': 141, 'displayName': 'PassEndY'}, 'value': '83.6'}, {'type': {'value': 140, 'displayName': 'PassEndX'}, 'value': '38.3'}, {'type': {'value': 213, 'displayName': 'Angle'}, 'value': '3.77'}, {'type': {'value': 56, 'displayName': 'Zone'}, 'value': 'Back'}]","[91, 117, 30, 35, 38, 216, 218]",True,429636.0,38.3,83.6,,,,,,,,,
2762474371.0,576,88,24.0,165,36.8,78.2,90,"{'value': 2, 'displayName': 'SecondHalf'}","{'value': 3, 'displayName': 'TakeOn'}","{'value': 1, 'displayName': 'Successful'}","[{'type': {'value': 233, 'displayName': 'OppositeRelatedEvent'}, 'value': '955'}, {'type': {'value': 286, 'displayName': 'Offensive'}}, {'type': {'value': 56, 'displayName': 'Zone'}, 'value': 'Back'}, {'type': {'value': 178, 'displayName': 'StandingSave'}}]","[91, 54]",True,349671.0,,,,,,,,,,,
2762474369.0,955,88,24.0,13,63.2,21.8,90,"{'value': 2, 'displayName': 'SecondHalf'}","{'value': 45, 'displayName': 'Challenge'}","{'value': 0, 'displayName': 'Unsuccessful'}","[{'type': {'value': 56, 'displayName': 'Zone'}, 'value': 'Center'}, {'type': {'value': 233, 'displayName': 'OppositeRelatedEvent'}, 'value': '576'}, {'type': {'value': 285, 'displayName': 'Defensive'}}]",[55],False,238940.0,,,,,,,,,,,
2762474375.0,577,88,25.0,165,41.6,82.2,90,"{'value': 2, 'displayName': 'SecondHalf'}","{'value': 3, 'displayName': 'TakeOn'}","{'value': 1, 'displayName': 'Successful'}","[{'type': {'value': 286, 'displayName': 'Offensive'}}, {'type': {'value': 233, 'displayName': 'OppositeRelatedEvent'}, 'value': '956'}, {'type': {'value': 56, 'displayName': 'Zone'}, 'value': 'Back'}, {'type': {'value': 178, 'displayName': 'StandingSave'}}]","[91, 54]",True,349671.0,,,,,,,,,,,
2762474373.0,956,88,25.0,13,58.4,17.8,90,"{'value': 2, 'displayName': 'SecondHalf'}","{'value': 45, 'displayName': 'Challenge'}","{'value': 0, 'displayName': 'Unsuccessful'}","[{'type': {'value': 233, 'displayName': 'OppositeRelatedEvent'}, 'value': '577'}, {'type': {'value': 285, 'displayName': 'Defensive'}}, {'type': {'value': 56, 'displayName': 'Zone'}, 'value': 'Right'}]",[55],False,238916.0,,,,,,,,,,,
2762474379.0,578,88,30.0,165,67.2,83.5,90,"{'value': 2, 'displayName': 'SecondHalf'}","{'value': 1, 'displayName': 'Pass'}","{'value': 1, 'displayName': 'Successful'}","[{'type': {'value': 141, 'displayName': 'PassEndY'}, 'value': '92.1'}, {'type': {'value': 212, 'displayName': 'Length'}, 'value': '17.1'}, {'type': {'value': 213, 'displayName': 'Angle'}, 'value': '0.35'}, {'type': {'value': 140, 'displayName': 'PassEndX'}, 'value': '82.5'}, {'type': {'value': 178, 'displayName': 'StandingSave'}}, {'type': {'value': 56, 'displayName': 'Zone'}, 'value': 'Left'}]","[91, 119, 117, 30, 205, 36, 37, 217, 218]",True,349671.0,82.5,92.1,,,,,,,,,
2762474381.0,579,88,38.0,165,81.1,65.1,90,"{'value': 2, 'displayName': 'SecondHalf'}","{'value': 1, 'displayName': 'Pass'}","{'value': 1, 'displayName': 'Successful'}","[{'type': {'value': 213, 'displayName': 'Angle'}, 'value': '3.75'}, {'type': {'value': 56, 'displayName': 'Zone'}, 'value': 'Center'}, {'type': {'value': 178, 'displayName': 'StandingSave'}}, {'type': {'value': 141, 'displayName': 'PassEndY'}, 'value': '57.2'}, {'type': {'value': 212, 'displayName': 'Length'}, 'value': '9.4'}, {'type': {'value': 140, 'displayName': 'PassEndX'}, 'value': '73.8'}]","[91, 119, 117, 30, 205, 35, 38, 217, 218]",True,363516.0,73.8,57.2,,,,,,,,,
2762474383.0,580,88,40.0,165,71.6,54.2,90,"{'value': 2, 'displayName': 'SecondHalf'}","{'value': 1, 'displayName': 'Pass'}","{'value': 1, 'displayName': 'Successful'}","[{'type': {'value': 56, 'displayName': 'Zone'}, 'value': 'Right'}, {'type': {'value': 141, 'displayName': 'PassEndY'}, 'value': '12.3'}, {'type': {'value': 140, 'displayName': 'PassEndX'}, 'value': '80.1'}, {'type': {'value': 213, 'displayName': 'Angle'}, 'value': '5.02'}, {'type': {'value': 178, 'displayName': 'StandingSave'}}, {'type': {'value': 212, 'displayName': 'Length'}, 'value': '29.9'}]","[91, 119, 117, 30, 205, 36, 38, 217, 218]",True,270446.0,80.1,12.3,,,,,,,,,
2762474385.0,581,88,45.0,165,81.5,5.9,90,"{'value': 2, 'displayName': 'SecondHalf'}","{'value': 1, 'displayName': 'Pass'}","{'value': 1, 'displayName': 'Successful'}","[{'type': {'value': 212, 'displayName': 'Length'}, 'value': '14.6'}, {'type': {'value': 56, 'displayName': 'Zone'}, 'value': 'Right'}, {'type': {'value': 213, 'displayName': 'Angle'}, 'value': '2.82'}, {'type': {'value': 141, 'displayName': 'PassEndY'}, 'value': '12.8'}, {'type': {'value': 178, 'displayName': 'StandingSave'}}, {'type': {'value': 140, 'displayName': 'PassEndX'}, 'value': '68.3'}]","[91, 119, 117, 30, 205, 35, 37, 217, 218]",True,362826.0,68.3,12.8,,,,,,,,,
2762474387.0,582,88,48.0,165,68.3,12.8,90,"{'value': 2, 'displayName': 'SecondHalf'}","{'value': 1, 'displayName': 'Pass'}","{'value': 1, 'displayName': 'Successful'}","[{'type': {'value': 178, 'displayName': 'StandingSave'}}, {'type': {'value': 56, 'displayName': 'Zone'}, 'value': 'Center'}, {'type': {'value': 141, 'displayName': 'PassEndY'}, 'value': '42.8'}, {'type': {'value': 212, 'displayName': 'Length'}, 'value': '20.9'}, {'type': {'value': 213, 'displayName': 'Angle'}, 'value': '1.78'}, {'type': {'value': 140, 'displayName': 'PassEndX'}, 'value': '64.1'}]","[91, 119, 117, 30, 35, 37, 216, 218]",True,270446.0,64.1,42.8,,,,,,,,,
2762474391.0,583,88,51.0,165,64.1,42.8,90,"{'value': 2, 'displayName': 'SecondHalf'}","{'value': 1, 'displayName': 'Pass'}","{'value': 1, 'displayName': 'Successful'}","[{'type': {'value': 56, 'displayName': 'Zone'}, 'value': 'Center'}, {'type': {'value': 213, 'displayName': 'Angle'}, 'value': '6.04'}, {'type': {'value': 141, 'displayName': 'PassEndY'}, 'value': '40.1'}, {'type': {'value': 140, 'displayName': 'PassEndX'}, 'value': '71.2'}, {'type': {'value': 212, 'displayName': 'Length'}, 'value': '7.7'}, {'type': {'value': 178, 'displayName': 'StandingSave'}}]","[91, 119, 117, 30, 205, 36, 38, 217, 218]",True,356599.0,71.2,40.1,,,,,,,,,
2762474393.0,584,88,52.0,165,71.2,40.1,90,"{'value': 2, 'displayName': 'SecondHalf'}","{'value': 1, 'displayName': 'Pass'}","{'value': 1, 'displayName': 'Successful'}","[{'type': {'value': 56, 'displayName': 'Zone'}, 'value': 'Center'}, {'type': {'value': 140, 'displayName': 'PassEndX'}, 'value': '67.8'}, {'type': {'value': 213, 'displayName': 'Angle'}, 'value': '2.00'}, {'type': {'value': 212, 'displayName': 'Length'}, 'value': '8.5'}, {'type': {'value': 178, 'displayName': 'StandingSave'}}, {'type': {'value': 141, 'displayName': 'PassEndY'}, 'value': '51.5'}]","[91, 119, 117, 30, 205, 35, 37, 217, 218]",True,349671.0,67.8,51.5,,,,,,,,,
2762474395.0,585,88,53.0,165,67.8,51.5,90,"{'value': 2, 'displayName': 'SecondHalf'}","{'value': 1, 'displayName': 'Pass'}","{'value': 1, 'displayName': 'Successful'}","[{'type': {'value': 141, 'displayName': 'PassEndY'}, 'value': '44.9'}, {'type': {'value': 212, 'displayName': 'Length'}, 'value': '8.2'}, {'type': {'value': 178, 'displayName': 'StandingSave'}}, {'type': {'value': 56, 'displayName': 'Zone'}, 'value': 'Center'}, {'type': {'value': 140, 'displayName': 'PassEndX'}, 'value': '61.3'}, {'type': {'value': 213, 'displayName': 'Angle'}, 'value': '3.72'}]","[91, 119, 117, 30, 35, 38, 216, 218]",True,323713.0,61.3,44.9,,,,,,,,,
2762474399.0,586,88,57.0,165,61.5,46.3,90,"{'value': 2, 'displayName': 'SecondHalf'}","{'value': 1, 'displayName': 'Pass'}","{'value': 1, 'displayName': 'Successful'}","[{'type': {'value': 178, 'displayName': 'StandingSave'}}, {'type': {'value': 140, 'displayName': 'PassEndX'}, 'value': '61.9'}, {'type': {'value': 213, 'displayName': 'Angle'}, 'value': '1.55'}, {'type': {'value': 56, 'displayName': 'Zone'}, 'value': 'Center'}, {'type': {'value': 212, 'displayName': 'Length'}, 'value': '16.9'}, {'type': {'value': 141, 'displayName': 'PassEndY'}, 'value': '71.1'}]","[91, 119, 117, 30, 36, 37, 216, 218]",True,356599.0,61.9,71.1,,,,,,,,,
2762474401.0,587,88,59.0,165,61.9,71.1,90,"{'value': 2, 'displayName': 'SecondHalf'}","{'value': 1, 'displayName': 'Pass'}","{'value': 1, 'displayName': 'Successful'}","[{'type': {'value': 212, 'displayName': 'Length'}, 'value': '21.6'}, {'type': {'value': 140, 'displayName': 'PassEndX'}, 'value': '78.0'}, {'type': {'value': 141, 'displayName': 'PassEndY'}, 'value': '90.8'}, {'type': {'value': 56, 'displayName': 'Zone'}, 'value': 'Left'}, {'type': {'value': 178, 'displayName': 'StandingSave'}}, {'type': {'value': 213, 'displayName': 'Angle'}, 'value': '0.67'}]","[91, 119, 117, 30, 205, 36, 37, 217, 218]",True,381161.0,78.0,90.8,,,,,,,,,
2762474403.0,588,89,3.0,165,78.6,89.4,91,"{'value': 2, 'displayName': 'SecondHalf'}","{'value': 1, 'displayName': 'Pass'}","{'value': 1, 'displayName': 'Successful'}","[{'type': {'value': 212, 'displayName': 'Length'}, 'value': '7.0'}, {'type': {'value': 140, 'displayName': 'PassEndX'}, 'value': '72.7'}, {'type': {'value': 56, 'displayName': 'Zone'}, 'value': 'Left'}, {'type': {'value': 213, 'displayName': 'Angle'}, 'value': '3.64'}, {'type': {'value': 141, 'displayName': 'PassEndY'}, 'value': '84.5'}, {'type': {'value': 178, 'displayName': 'StandingSave'}}]","[91, 119, 117, 30, 205, 35, 38, 217, 218]",True,366211.0,72.7,84.5,,,,,,,,,
2762474405.0,589,89,5.0,165,72.7,84.5,91,"{'value': 2, 'displayName': 'SecondHalf'}","{'value': 1, 'displayName': 'Pass'}","{'value': 1, 'displayName': 'Successful'}","[{'type': {'value': 210, 'displayName': 'ShotAssist'}, 'value': '15'}, {'type': {'value': 178, 'displayName': 'StandingSave'}}, {'type': {'value': 140, 'displayName': 'PassEndX'}, 'value': '68.9'}, {'type': {'value': 212, 'displayName': 'Length'}, 'value': '9.8'}, {'type': {'value': 56, 'displayName': 'Zone'}, 'value': 'Center'}, {'type': {'value': 213, 'displayName': 'Angle'}, 'value': '4.29'}, {'type': {'value': 141, 'displayName': 'PassEndY'}, 'value': '71.4'}, {'type': {'value': 11113, 'displayName': 'KeyPass'}}]","[91, 119, 117, 30, 123, 205, 40, 46, 35, 38, 217, 218]",True,381161.0,68.9,71.4,,,,,,,,,
2762474407.0,590,89,8.0,165,71.8,64.6,91,"{'value': 2, 'displayName': 'SecondHalf'}","{'value': 15, 'displayName': 'SavedShot'}","{'value': 1, 'displayName': 'Successful'}","[{'type': {'value': 29, 'displayName': 'Assisted'}}, {'type': {'value': 146, 'displayName': 'BlockedX'}, 'value': '78.9'}, {'type': {'value': 233, 'displayName': 'OppositeRelatedEvent'}, 'value': '958'}, {'type': {'value': 103, 'displayName': 'GoalMouthZ'}, 'value': '19'}, {'type': {'value': 82, 'displayName': 'Blocked'}}, {'type': {'value': 22, 'displayName': 'RegularPlay'}}, {'type': {'value': 147, 'displayName': 'BlockedY'}, 'value': '61.2'}, {'type': {'value': 56, 'displayName': 'Zone'}, 'value': 'Center'}, {'type': {'value': 55, 'displayName': 'RelatedEventId'}, 'value': '589'}, {'type': {'value': 20, 'displayName': 'RightFoot'}}, {'type': {'value': 178, 'displayName': 'StandingSave'}}, {'type': {'value': 215, 'displayName': 'IndividualPlay'}}, {'type': {'value': 102, 'displayName': 'GoalMouthY'}, 'value': '51.1'}, {'type': {'value': 18, 'displayName': 'OutOfBoxCentre'}}, {'type': {'value': 78, 'displayName': 'LowCentre'}}]","[91, 10, 2, 3, 11, 12]",True,323713.0,,,589.0,381161.0,78.9,61.2,19.0,51.1,True,,
2762474409.0,958,89,8.0,13,22.0,38.3,91,"{'value': 2, 'displayName': 'SecondHalf'}","{'value': 10, 'displayName': 'Save'}","{'value': 1, 'displayName': 'Successful'}","[{'type': {'value': 21, 'displayName': 'OtherBodyPart'}}, {'type': {'value': 94, 'displayName': 'OutfielderBlock'}}, {'type': {'value': 178, 'displayName': 'StandingSave'}}, {'type': {'value': 233, 'displayName': 'OppositeRelatedEvent'}, 'value': '590'}, {'type': {'value': 56, 'displayName': 'Zone'}, 'value': 'Back'}]","[91, 58]",True,238940.0,,,,,,,,,,,
2762474411.0,959,89,10.0,13,11.1,60.5,91,"{'value': 2, 'displayName': 'SecondHalf'}","{'value': 12, 'displayName': 'Clearance'}","{'value': 1, 'displayName': 'Successful'}","[{'type': {'value': 141, 'displayName': 'PassEndY'}, 'value': '63.9'}, {'type': {'value': 56, 'displayName': 'Zone'}, 'value': 'Back'}, {'type': {'value': 178, 'displayName': 'StandingSave'}}, {'type': {'value': 212, 'displayName': 'Length'}, 'value': '20.0'}, {'type': {'value': 213, 'displayName': 'Angle'}, 'value': '0.12'}, {'type': {'value': 140, 'displayName': 'PassEndX'}, 'value': '30.0'}]","[91, 94, 95, 215]",True,467918.0,30.0,63.9,,,,,,,,,
2762474413.0,591,89,13.0,165,68.8,33.1,91,"{'value': 2, 'displayName': 'SecondHalf'}","{'value': 1, 'displayName': 'Pass'}","{'value': 1, 'displayName': 'Successful'}","[{'type': {'value': 141, 'displayName': 'PassEndY'}, 'value': '7.3'}, {'type': {'value': 178, 'displayName': 'StandingSave'}}, {'type': {'value': 56, 'displayName': 'Zone'}, 'value': 'Right'}, {'type': {'value': 212, 'displayName': 'Length'}, 'value': '22.2'}, {'type': {'value': 3, 'displayName': 'HeadPass'}}, {'type': {'value': 213, 'displayName': 'Angle'}, 'value': '5.37'}, {'type': {'value': 140, 'displayName': 'PassEndX'}, 'value': '81.8'}]","[91, 119, 117, 30, 139, 205, 36, 38, 217, 218]",True,270446.0,81.8,7.3,,,,,,,,,
2762474415.0,592,89,19.0,165,85.2,6.7,91,"{'value': 2, 'displayName': 'SecondHalf'}","{'value': 1, 'displayName': 'Pass'}","{'value': 1, 'displayName': 'Successful'}","[{'type': {'value': 178, 'displayName': 'StandingSave'}}, {'type': {'value': 213, 'displayName': 'Angle'}, 'value': '3.19'}, {'type': {'value': 56, 'displayName': 'Zone'}, 'value': 'Right'}, {'type': {'value': 141, 'displayName': 'PassEndY'}, 'value': '5.9'}, {'type': {'value': 140, 'displayName': 'PassEndX'}, 'value': '73.4'}, {'type': {'value': 212, 'displayName': 'Length'}, 'value': '12.4'}]","[91, 119, 117, 30, 205, 35, 38, 217, 218]",True,430908.0,73.4,5.9,,,,,,,,,
2762474417.0,593,89,21.0,165,73.4,5.9,91,"{'value': 2, 'displayName': 'SecondHalf'}","{'value': 1, 'displayName': 'Pass'}","{'value': 1, 'displayName': 'Successful'}","[{'type': {'value': 141, 'displayName': 'PassEndY'}, 'value': '2.5'}, {'type': {'value': 213, 'displayName': 'Angle'}, 'value': '6.07'}, {'type': {'value': 140, 'displayName': 'PassEndX'}, 'value': '83.4'}, {'type': {'value': 56, 'displayName': 'Zone'}, 'value': 'Right'}, {'type': {'value': 212, 'displayName': 'Length'}, 'value': '10.8'}, {'type': {'value': 178, 'displayName': 'StandingSave'}}]","[91, 119, 117, 30, 205, 36, 38, 217, 218]",True,362826.0,83.4,2.5,,,,,,,,,
2762474419.0,594,89,25.0,165,77.7,12.0,91,"{'value': 2, 'displayName': 'SecondHalf'}","{'value': 1, 'displayName': 'Pass'}","{'value': 0, 'displayName': 'Unsuccessful'}","[{'type': {'value': 233, 'displayName': 'OppositeRelatedEvent'}, 'value': '960'}, {'type': {'value': 141, 'displayName': 'PassEndY'}, 'value': '54.2'}, {'type': {'value': 212, 'displayName': 'Length'}, 'value': '35.0'}, {'type': {'value': 2, 'displayName': 'Cross'}}, {'type': {'value': 1, 'displayName': 'Longball'}}, {'type': {'value': 56, 'displayName': 'Zone'}, 'value': 'Center'}, {'type': {'value': 213, 'displayName': 'Angle'}, 'value': '0.96'}, {'type': {'value': 155, 'displayName': 'Chipped'}}, {'type': {'value': 140, 'displayName': 'PassEndX'}, 'value': '96.8'}, {'type': {'value': 72, 'displayName': 'LeftFoot'}}, {'type': {'value': 178, 'displayName': 'StandingSave'}}]","[91, 138, 124, 126, 36, 37, 217, 218]",True,430908.0,96.8,54.2,,,,,,,,,
2762474421.0,960,89,28.0,13,2.7,46.1,91,"{'value': 2, 'displayName': 'SecondHalf'}","{'value': 11, 'displayName': 'Claim'}","{'value': 1, 'displayName': 'Successful'}","[{'type': {'value': 233, 'displayName': 'OppositeRelatedEvent'}, 'value': '594'}, {'type': {'value': 88, 'displayName': 'HighClaim'}}, {'type': {'value': 56, 'displayName': 'Zone'}, 'value': 'Back'}]","[91, 93, 104]",True,276366.0,,,,,,,,,,,
2762474423.0,961,89,54.0,13,15.6,31.7,91,"{'value': 2, 'displayName': 'SecondHalf'}","{'value': 1, 'displayName': 'Pass'}","{'value': 0, 'displayName': 'Unsuccessful'}","[{'type': {'value': 213, 'displayName': 'Angle'}, 'value': '6.15'}, {'type': {'value': 56, 'displayName': 'Zone'}, 'value': 'Right'}, {'type': {'value': 1, 'displayName': 'Longball'}}, {'type': {'value': 212, 'displayName': 'Length'}, 'value': '57.6'}, {'type': {'value': 141, 'displayName': 'PassEndY'}, 'value': '20.8'}, {'type': {'value': 140, 'displayName': 'PassEndX'}, 'value': '70.0'}]","[91, 120, 128, 36, 38, 217, 218]",True,276366.0,70.0,20.8,,,,,,,,,
2762474425.0,595,89,57.0,165,34.8,73.3,91,"{'value': 2, 'displayName': 'SecondHalf'}","{'value': 61, 'displayName': 'BallTouch'}","{'value': 1, 'displayName': 'Successful'}","[{'type': {'value': 56, 'displayName': 'Zone'}, 'value': 'Back'}, {'type': {'value': 178, 'displayName': 'StandingSave'}}]",[91],True,381161.0,,,,,,,,,,,
2762474429.0,962,89,59.0,13,61.2,23.4,91,"{'value': 2, 'displayName': 'SecondHalf'}","{'value': 1, 'displayName': 'Pass'}","{'value': 0, 'displayName': 'Unsuccessful'}","[{'type': {'value': 178, 'displayName': 'StandingSave'}}, {'type': {'value': 141, 'displayName': 'PassEndY'}, 'value': '30.5'}, {'type': {'value': 213, 'displayName': 'Angle'}, 'value': '1.01'}, {'type': {'value': 140, 'displayName': 'PassEndX'}, 'value': '64.1'}, {'type': {'value': 56, 'displayName': 'Zone'}, 'value': 'Center'}, {'type': {'value': 212, 'displayName': 'Length'}, 'value': '5.7'}]","[91, 120, 29, 36, 37, 216, 218]",True,247454.0,64.1,30.5,,,,,,,,,
2762474427.0,596,90,0.0,165,37.2,69.6,92,"{'value': 2, 'displayName': 'SecondHalf'}","{'value': 8, 'displayName': 'Interception'}","{'value': 1, 'displayName': 'Successful'}","[{'type': {'value': 56, 'displayName': 'Zone'}, 'value': 'Back'}, {'type': {'value': 178, 'displayName': 'StandingSave'}}]","[91, 101, 56]",True,349671.0,,,,,,,,,,,
2762474431.0,597,90,1.0,165,35.2,71.5,92,"{'value': 2, 'displayName': 'SecondHalf'}","{'value': 1, 'displayName': 'Pass'}","{'value': 1, 'displayName': 'Successful'}","[{'type': {'value': 178, 'displayName': 'StandingSave'}}, {'type': {'value': 140, 'displayName': 'PassEndX'}, 'value': '38.4'}, {'type': {'value': 212, 'displayName': 'Length'}, 'value': '3.4'}, {'type': {'value': 213, 'displayName': 'Angle'}, 'value': '0.00'}, {'type': {'value': 56, 'displayName': 'Zone'}, 'value': 'Back'}, {'type': {'value': 3, 'displayName': 'HeadPass'}}, {'type': {'value': 141, 'displayName': 'PassEndY'}, 'value': '71.5'}]","[91, 117, 30, 139, 36, 216, 218]",True,270446.0,38.4,71.5,,,,,,,,,
2762474433.0,598,90,1.0,165,36.5,72.2,92,"{'value': 2, 'displayName': 'SecondHalf'}","{'value': 50, 'displayName': 'Dispossessed'}","{'value': 1, 'displayName': 'Successful'}","[{'type': {'value': 56, 'displayName': 'Zone'}, 'value': 'Back'}, {'type': {'value': 233, 'displayName': 'OppositeRelatedEvent'}, 'value': '963'}, {'type': {'value': 286, 'displayName': 'Offensive'}}]","[91, 70]",True,323713.0,,,,,,,,,,,
2762474435.0,963,90,2.0,13,63.5,27.8,92,"{'value': 2, 'displayName': 'SecondHalf'}","{'value': 7, 'displayName': 'Tackle'}","{'value': 1, 'displayName': 'Successful'}","[{'type': {'value': 178, 'displayName': 'StandingSave'}}, {'type': {'value': 285, 'displayName': 'Defensive'}}, {'type': {'value': 233, 'displayName': 'OppositeRelatedEvent'}, 'value': '598'}, {'type': {'value': 56, 'displayName': 'Zone'}, 'value': 'Center'}]","[91, 143]",True,238916.0,,,,,,,,,,,
2762474437.0,964,90,3.0,13,61.1,27.4,92,"{'value': 2, 'displayName': 'SecondHalf'}","{'value': 1, 'displayName': 'Pass'}","{'value': 0, 'displayName': 'Unsuccessful'}","[{'type': {'value': 56, 'displayName': 'Zone'}, 'value': 'Center'}, {'type': {'value': 212, 'displayName': 'Length'}, 'value': '2.1'}, {'type': {'value': 141, 'displayName': 'PassEndY'}, 'value': '26.6'}, {'type': {'value': 140, 'displayName': 'PassEndX'}, 'value': '63.0'}, {'type': {'value': 213, 'displayName': 'Angle'}, 'value': '6.02'}, {'type': {'value': 178, 'displayName': 'StandingSave'}}]","[91, 120, 29, 36, 38, 216, 218]",True,247454.0,63.0,26.6,,,,,,,,,
2762474651.0,659,90,3.0,165,35.3,79.7,92,"{'value': 2, 'displayName': 'SecondHalf'}","{'value': 61, 'displayName': 'BallTouch'}","{'value': 1, 'displayName': 'Successful'}","[{'type': {'value': 56, 'displayName': 'Zone'}, 'value': 'Back'}, {'type': {'value': 178, 'displayName': 'StandingSave'}}]",[91],True,270446.0,,,,,,,,,,,
2762474439.0,965,90,10.0,13,91.0,5.2,92,"{'value': 2, 'displayName': 'SecondHalf'}","{'value': 50, 'displayName': 'Dispossessed'}","{'value': 1, 'displayName': 'Successful'}","[{'type': {'value': 286, 'displayName': 'Offensive'}}, {'type': {'value': 56, 'displayName': 'Zone'}, 'value': 'Right'}, {'type': {'value': 233, 'displayName': 'OppositeRelatedEvent'}, 'value': '599'}]","[91, 70]",True,380706.0,,,,,,,,,,,
2762474441.0,599,90,10.0,165,9.0,94.8,92,"{'value': 2, 'displayName': 'SecondHalf'}","{'value': 7, 'displayName': 'Tackle'}","{'value': 1, 'displayName': 'Successful'}","[{'type': {'value': 56, 'displayName': 'Zone'}, 'value': 'Back'}, {'type': {'value': 285, 'displayName': 'Defensive'}}, {'type': {'value': 178, 'displayName': 'StandingSave'}}, {'type': {'value': 233, 'displayName': 'OppositeRelatedEvent'}, 'value': '965'}]","[91, 143]",True,366211.0,,,,,,,,,,,
2762474449.0,601,90,33.0,165,0.0,0.0,92,"{'value': 2, 'displayName': 'SecondHalf'}","{'value': 18, 'displayName': 'SubstitutionOff'}","{'value': 1, 'displayName': 'Successful'}","[{'type': {'value': 59, 'displayName': 'JerseyNumber'}, 'value': '6'}, {'type': {'value': 44, 'displayName': 'PlayerPosition'}, 'value': 'Defender'}, {'type': {'value': 55, 'displayName': 'RelatedEventId'}, 'value': '602'}]",[214],False,356599.0,,,602.0,404080.0,,,,,,,
2762474451.0,602,90,33.0,165,0.0,0.0,92,"{'value': 2, 'displayName': 'SecondHalf'}","{'value': 19, 'displayName': 'SubstitutionOn'}","{'value': 1, 'displayName': 'Successful'}","[{'type': {'value': 145, 'displayName': 'FormationSlot'}, 'value': '5'}, {'type': {'value': 44, 'displayName': 'PlayerPosition'}, 'value': 'Defender'}, {'type': {'value': 59, 'displayName': 'JerseyNumber'}, 'value': '2'}, {'type': {'value': 55, 'displayName': 'RelatedEventId'}, 'value': '601'}]",[213],False,404080.0,,,601.0,356599.0,,,,,,,
2762474661.0,660,90,35.0,165,0.0,0.0,92,"{'value': 2, 'displayName': 'SecondHalf'}","{'value': 40, 'displayName': 'FormationChange'}","{'value': 1, 'displayName': 'Successful'}","[{'type': {'value': 44, 'displayName': 'PlayerPosition'}, 'value': '1, 2, 2, 3, 2, 2, 3, 3, 4, 4, 3, 5, 5, 5, 5'}, {'type': {'value': 194, 'displayName': 'CaptainPlayerId'}, 'value': '362826'}, {'type': {'value': 59, 'displayName': 'JerseyNumber'}, 'value': '1, 2, 3, 8, 26, 24, 20, 14, 16, 33, 47, 28, 7, 10, 22'}, {'type': {'value': 130, 'displayName': 'TeamFormation'}, 'value': '6'}, {'type': {'value': 131, 'displayName': 'TeamPlayerFormation'}, 'value': '1, 2, 3, 4, 5, 6, 7, 8, 9, 10, 11, 0, 0, 0, 0'}, {'type': {'value': 30, 'displayName': 'InvolvedPlayers'}, 'value': '362426,404080,366211,270446,362826,381161,430908,323713,429636,349671,363516,140906,135729,256129,108640'}]",[],False,,,,,,,,,,,,
2762474455.0,968,90,47.0,13,88.7,0.0,92,"{'value': 2, 'displayName': 'SecondHalf'}","{'value': 1, 'displayName': 'Pass'}","{'value': 1, 'displayName': 'Successful'}","[{'type': {'value': 212, 'displayName': 'Length'}, 'value': '8.9'}, {'type': {'value': 107, 'displayName': 'ThrowIn'}}, {'type': {'value': 56, 'displayName': 'Zone'}, 'value': 'Right'}, {'type': {'value': 213, 'displayName': 'Angle'}, 'value': '0.83'}, {'type': {'value': 140, 'displayName': 'PassEndX'}, 'value': '94.4'}, {'type': {'value': 141, 'displayName': 'PassEndY'}, 'value': '8.4'}]","[91, 212, 36, 37, 217]",True,388650.0,94.4,8.4,,,,,,,,,
2762474459.0,970,90,50.0,13,94.9,6.6,92,"{'value': 2, 'displayName': 'SecondHalf'}","{'value': 1, 'displayName': 'Pass'}","{'value': 0, 'displayName': 'Unsuccessful'}","[{'type': {'value': 56, 'displayName': 'Zone'}, 'value': 'Right'}, {'type': {'value': 213, 'displayName': 'Angle'}, 'value': '2.37'}, {'type': {'value': 178, 'displayName': 'StandingSave'}}, {'type': {'value': 212, 'displayName': 'Length'}, 'value': '1.8'}, {'type': {'value': 141, 'displayName': 'PassEndY'}, 'value': '8.4'}, {'type': {'value': 140, 'displayName': 'PassEndX'}, 'value': '93.7'}]","[91, 120, 29, 35, 37, 217, 218]",True,247454.0,93.7,8.4,,,,,,,,,
2762474463.0,605,90,51.0,165,1.3,97.2,92,"{'value': 2, 'displayName': 'SecondHalf'}","{'value': 61, 'displayName': 'BallTouch'}","{'value': 1, 'displayName': 'Successful'}","[{'type': {'value': 178, 'displayName': 'StandingSave'}}, {'type': {'value': 56, 'displayName': 'Zone'}, 'value': 'Back'}]",[91],True,363516.0,,,,,,,,,,,
2762474467.0,971,90,51.0,13,93.0,9.3,92,"{'value': 2, 'displayName': 'SecondHalf'}","{'value': 1, 'displayName': 'Pass'}","{'value': 0, 'displayName': 'Unsuccessful'}","[{'type': {'value': 140, 'displayName': 'PassEndX'}, 'value': '92.6'}, {'type': {'value': 213, 'displayName': 'Angle'}, 'value': '1.68'}, {'type': {'value': 178, 'displayName': 'StandingSave'}}, {'type': {'value': 212, 'displayName': 'Length'}, 'value': '4.0'}, {'type': {'value': 141, 'displayName': 'PassEndY'}, 'value': '15.2'}, {'type': {'value': 56, 'displayName': 'Zone'}, 'value': 'Right'}]","[91, 120, 29, 35, 37, 217, 218]",True,247454.0,92.6,15.2,,,,,,,,,
2762474465.0,606,90,51.0,165,1.7,96.5,92,"{'value': 2, 'displayName': 'SecondHalf'}","{'value': 61, 'displayName': 'BallTouch'}","{'value': 1, 'displayName': 'Successful'}","[{'type': {'value': 56, 'displayName': 'Zone'}, 'value': 'Back'}, {'type': {'value': 178, 'displayName': 'StandingSave'}}]",[91],True,363516.0,,,,,,,,,,,
2762474469.0,972,90,53.0,13,95.4,11.0,92,"{'value': 2, 'displayName': 'SecondHalf'}","{'value': 50, 'displayName': 'Dispossessed'}","{'value': 1, 'displayName': 'Successful'}","[{'type': {'value': 233, 'displayName': 'OppositeRelatedEvent'}, 'value': '607'}, {'type': {'value': 286, 'displayName': 'Offensive'}}, {'type': {'value': 56, 'displayName': 'Zone'}, 'value': 'Right'}]","[91, 70]",True,388650.0,,,,,,,,,,,
2762474471.0,607,90,53.0,165,4.6,89.0,92,"{'value': 2, 'displayName': 'SecondHalf'}","{'value': 7, 'displayName': 'Tackle'}","{'value': 1, 'displayName': 'Successful'}","[{'type': {'value': 178, 'displayName': 'StandingSave'}}, {'type': {'value': 56, 'displayName': 'Zone'}, 'value': 'Back'}, {'type': {'value': 285, 'displayName': 'Defensive'}}, {'type': {'value': 233, 'displayName': 'OppositeRelatedEvent'}, 'value': '972'}]","[91, 143]",True,323713.0,,,,,,,,,,,
2762474473.0,608,90,55.0,165,2.8,75.3,92,"{'value': 2, 'displayName': 'SecondHalf'}","{'value': 49, 'displayName': 'BallRecovery'}","{'value': 1, 'displayName': 'Successful'}",[],[93],False,363516.0,,,,,,,,,,,
2762474475.0,609,90,56.0,165,3.0,74.2,92,"{'value': 2, 'displayName': 'SecondHalf'}","{'value': 12, 'displayName': 'Clearance'}","{'value': 1, 'displayName': 'Successful'}","[{'type': {'value': 141, 'displayName': 'PassEndY'}, 'value': '69.1'}, {'type': {'value': 212, 'displayName': 'Length'}, 'value': '33.3'}, {'type': {'value': 56, 'displayName': 'Zone'}, 'value': 'Back'}, {'type': {'value': 213, 'displayName': 'Angle'}, 'value': '6.18'}, {'type': {'value': 178, 'displayName': 'StandingSave'}}, {'type': {'value': 140, 'displayName': 'PassEndX'}, 'value': '34.5'}]","[91, 94, 95, 216]",True,363516.0,34.5,69.1,,,,,,,,,
2762474477.0,610,90,58.0,165,35.1,70.2,92,"{'value': 2, 'displayName': 'SecondHalf'}","{'value': 1, 'displayName': 'Pass'}","{'value': 0, 'displayName': 'Unsuccessful'}","[{'type': {'value': 212, 'displayName': 'Length'}, 'value': '18.6'}, {'type': {'value': 56, 'displayName': 'Zone'}, 'value': 'Back'}, {'type': {'value': 140, 'displayName': 'PassEndX'}, 'value': '20.4'}, {'type': {'value': 141, 'displayName': 'PassEndY'}, 'value': '85.4'}, {'type': {'value': 3, 'displayName': 'HeadPass'}}, {'type': {'value': 213, 'displayName': 'Angle'}, 'value': '2.55'}]","[91, 118, 120, 29, 139, 35, 37, 215, 218]",True,429636.0,20.4,85.4,,,,,,,,,
2762474479.0,973,91,0.0,13,82.8,14.1,93,"{'value': 2, 'displayName': 'SecondHalf'}","{'value': 49, 'displayName': 'BallRecovery'}","{'value': 1, 'displayName': 'Successful'}",[],[93],False,388650.0,,,,,,,,,,,
2762474483.0,974,91,0.0,13,82.8,14.1,93,"{'value': 2, 'displayName': 'SecondHalf'}","{'value': 1, 'displayName': 'Pass'}","{'value': 1, 'displayName': 'Successful'}","[{'type': {'value': 178, 'displayName': 'StandingSave'}}, {'type': {'value': 212, 'displayName': 'Length'}, 'value': '8.1'}, {'type': {'value': 140, 'displayName': 'PassEndX'}, 'value': '78.3'}, {'type': {'value': 213, 'displayName': 'Angle'}, 'value': '4.09'}, {'type': {'value': 141, 'displayName': 'PassEndY'}, 'value': '4.4'}, {'type': {'value': 56, 'displayName': 'Zone'}, 'value': 'Right'}]","[91, 119, 117, 30, 205, 35, 38, 217, 218]",True,388650.0,78.3,4.4,,,,,,,,,
2762474485.0,975,91,7.0,13,95.9,1.4,93,"{'value': 2, 'displayName': 'SecondHalf'}","{'value': 1, 'displayName': 'Pass'}","{'value': 1, 'displayName': 'Successful'}","[{'type': {'value': 212, 'displayName': 'Length'}, 'value': '7.3'}, {'type': {'value': 141, 'displayName': 'PassEndY'}, 'value': '6.9'}, {'type': {'value': 178, 'displayName': 'StandingSave'}}, {'type': {'value': 56, 'displayName': 'Zone'}, 'value': 'Right'}, {'type': {'value': 213, 'displayName': 'Angle'}, 'value': '2.61'}, {'type': {'value': 140, 'displayName': 'PassEndX'}, 'value': '89.9'}]","[91, 119, 117, 30, 205, 35, 37, 217, 218]",True,326413.0,89.9,6.9,,,,,,,,,
2762474489.0,976,91,9.0,13,89.1,7.8,93,"{'value': 2, 'displayName': 'SecondHalf'}","{'value': 1, 'displayName': 'Pass'}","{'value': 0, 'displayName': 'Unsuccessful'}","[{'type': {'value': 178, 'displayName': 'StandingSave'}}, {'type': {'value': 140, 'displayName': 'PassEndX'}, 'value': '88.6'}, {'type': {'value': 212, 'displayName': 'Length'}, 'value': '3.0'}, {'type': {'value': 141, 'displayName': 'PassEndY'}, 'value': '12.1'}, {'type': {'value': 286, 'displayName': 'Offensive'}}, {'type': {'value': 213, 'displayName': 'Angle'}, 'value': '1.75'}, {'type': {'value': 56, 'displayName': 'Zone'}, 'value': 'Right'}, {'type': {'value': 233, 'displayName': 'OppositeRelatedEvent'}, 'value': '611'}]","[91, 120, 29, 35, 37, 217, 218]",True,247454.0,88.6,12.1,,,,,,,,,
2762474487.0,611,91,10.0,165,12.2,83.5,93,"{'value': 2, 'displayName': 'SecondHalf'}","{'value': 74, 'displayName': 'BlockedPass'}","{'value': 1, 'displayName': 'Successful'}","[{'type': {'value': 178, 'displayName': 'StandingSave'}}, {'type': {'value': 233, 'displayName': 'OppositeRelatedEvent'}, 'value': '976'}, {'type': {'value': 56, 'displayName': 'Zone'}, 'value': 'Back'}, {'type': {'value': 285, 'displayName': 'Defensive'}}]","[91, 60]",True,270446.0,,,,,,,,,,,
2762474491.0,977,91,13.0,13,74.0,3.1,93,"{'value': 2, 'displayName': 'SecondHalf'}","{'value': 1, 'displayName': 'Pass'}","{'value': 1, 'displayName': 'Successful'}","[{'type': {'value': 141, 'displayName': 'PassEndY'}, 'value': '9.3'}, {'type': {'value': 140, 'displayName': 'PassEndX'}, 'value': '46.2'}, {'type': {'value': 212, 'displayName': 'Length'}, 'value': '29.5'}, {'type': {'value': 56, 'displayName': 'Zone'}, 'value': 'Back'}, {'type': {'value': 178, 'displayName': 'StandingSave'}}, {'type': {'value': 213, 'displayName': 'Angle'}, 'value': '3.00'}]","[91, 117, 30, 35, 37, 216, 218]",True,238940.0,46.2,9.3,,,,,,,,,
2762474493.0,978,91,17.0,13,44.5,11.2,93,"{'value': 2, 'displayName': 'SecondHalf'}","{'value': 1, 'displayName': 'Pass'}","{'value': 1, 'displayName': 'Successful'}","[{'type': {'value': 212, 'displayName': 'Length'}, 'value': '25.5'}, {'type': {'value': 178, 'displayName': 'StandingSave'}}, {'type': {'value': 56, 'displayName': 'Zone'}, 'value': 'Back'}, {'type': {'value': 213, 'displayName': 'Angle'}, 'value': '2.10'}, {'type': {'value': 140, 'displayName': 'PassEndX'}, 'value': '32.3'}, {'type': {'value': 141, 'displayName': 'PassEndY'}, 'value': '43.6'}]","[91, 117, 30, 35, 37, 215, 218]",True,361822.0,32.3,43.6,,,,,,,,,
2762474495.0,979,91,20.0,13,32.6,42.6,93,"{'value': 2, 'displayName': 'SecondHalf'}","{'value': 1, 'displayName': 'Pass'}","{'value': 1, 'displayName': 'Successful'}","[{'type': {'value': 56, 'displayName': 'Zone'}, 'value': 'Right'}, {'type': {'value': 178, 'displayName': 'StandingSave'}}, {'type': {'value': 1, 'displayName': 'Longball'}}, {'type': {'value': 140, 'displayName': 'PassEndX'}, 'value': '77.5'}, {'type': {'value': 155, 'displayName': 'Chipped'}}, {'type': {'value': 213, 'displayName': 'Angle'}, 'value': '5.75'}, {'type': {'value': 212, 'displayName': 'Length'}, 'value': '54.7'}, {'type': {'value': 141, 'displayName': 'PassEndY'}, 'value': '1.8'}]","[91, 119, 117, 124, 127, 205, 36, 38, 217, 218]",True,276366.0,77.5,1.8,,,,,,,,,
2762474497.0,980,91,24.0,13,77.5,1.8,93,"{'value': 2, 'displayName': 'SecondHalf'}","{'value': 1, 'displayName': 'Pass'}","{'value': 1, 'displayName': 'Successful'}","[{'type': {'value': 212, 'displayName': 'Length'}, 'value': '7.4'}, {'type': {'value': 140, 'displayName': 'PassEndX'}, 'value': '77.8'}, {'type': {'value': 213, 'displayName': 'Angle'}, 'value': '1.53'}, {'type': {'value': 141, 'displayName': 'PassEndY'}, 'value': '12.7'}, {'type': {'value': 56, 'displayName': 'Zone'}, 'value': 'Right'}, {'type': {'value': 3, 'displayName': 'HeadPass'}}]","[91, 119, 117, 30, 139, 205, 36, 37, 217, 218]",True,326413.0,77.8,12.7,,,,,,,,,
2762474499.0,981,91,25.0,13,77.8,12.7,93,"{'value': 2, 'displayName': 'SecondHalf'}","{'value': 1, 'displayName': 'Pass'}","{'value': 1, 'displayName': 'Successful'}","[{'type': {'value': 141, 'displayName': 'PassEndY'}, 'value': '2.6'}, {'type': {'value': 212, 'displayName': 'Length'}, 'value': '7.2'}, {'type': {'value': 3, 'displayName': 'HeadPass'}}, {'type': {'value': 140, 'displayName': 'PassEndX'}, 'value': '75.7'}, {'type': {'value': 213, 'displayName': 'Angle'}, 'value': '4.40'}, {'type': {'value': 56, 'displayName': 'Zone'}, 'value': 'Right'}]","[91, 119, 117, 30, 139, 205, 35, 38, 217, 218]",True,380706.0,75.7,2.6,,,,,,,,,
2762474501.0,982,91,29.0,13,76.0,2.7,93,"{'value': 2, 'displayName': 'SecondHalf'}","{'value': 1, 'displayName': 'Pass'}","{'value': 1, 'displayName': 'Successful'}","[{'type': {'value': 178, 'displayName': 'StandingSave'}}, {'type': {'value': 212, 'displayName': 'Length'}, 'value': '21.7'}, {'type': {'value': 141, 'displayName': 'PassEndY'}, 'value': '7.2'}, {'type': {'value': 56, 'displayName': 'Zone'}, 'value': 'Right'}, {'type': {'value': 213, 'displayName': 'Angle'}, 'value': '0.14'}, {'type': {'value': 140, 'displayName': 'PassEndX'}, 'value': '96.5'}]","[91, 119, 117, 30, 205, 36, 37, 217, 218]",True,326413.0,96.5,7.2,,,,,,,,,
2762474503.0,983,91,34.0,13,96.0,5.5,93,"{'value': 2, 'displayName': 'SecondHalf'}","{'value': 3, 'displayName': 'TakeOn'}","{'value': 0, 'displayName': 'Unsuccessful'}","[{'type': {'value': 286, 'displayName': 'Offensive'}}, {'type': {'value': 56, 'displayName': 'Zone'}, 'value': 'Right'}, {'type': {'value': 178, 'displayName': 'StandingSave'}}, {'type': {'value': 233, 'displayName': 'OppositeRelatedEvent'}, 'value': '612'}]","[91, 53]",True,380706.0,,,,,,,,,,,
2762474505.0,612,91,34.0,165,4.0,94.5,93,"{'value': 2, 'displayName': 'SecondHalf'}","{'value': 7, 'displayName': 'Tackle'}","{'value': 1, 'displayName': 'Successful'}","[{'type': {'value': 56, 'displayName': 'Zone'}, 'value': 'Back'}, {'type': {'value': 233, 'displayName': 'OppositeRelatedEvent'}, 'value': '983'}, {'type': {'value': 285, 'displayName': 'Defensive'}}, {'type': {'value': 178, 'displayName': 'StandingSave'}}]","[91, 143]",True,381161.0,,,,,,,,,,,
2762474507.0,613,91,36.0,165,4.6,93.2,93,"{'value': 2, 'displayName': 'SecondHalf'}","{'value': 49, 'displayName': 'BallRecovery'}","{'value': 1, 'displayName': 'Successful'}",[],[93],False,381161.0,,,,,,,,,,,
2762474509.0,614,91,36.0,165,4.9,92.3,93,"{'value': 2, 'displayName': 'SecondHalf'}","{'value': 1, 'displayName': 'Pass'}","{'value': 1, 'displayName': 'Successful'}","[{'type': {'value': 213, 'displayName': 'Angle'}, 'value': '5.23'}, {'type': {'value': 141, 'displayName': 'PassEndY'}, 'value': '82.7'}, {'type': {'value': 178, 'displayName': 'StandingSave'}}, {'type': {'value': 140, 'displayName': 'PassEndX'}, 'value': '8.4'}, {'type': {'value': 56, 'displayName': 'Zone'}, 'value': 'Back'}, {'type': {'value': 212, 'displayName': 'Length'}, 'value': '7.5'}]","[91, 117, 30, 36, 38, 215, 218]",True,381161.0,8.4,82.7,,,,,,,,,
2762474511.0,615,91,37.0,165,8.5,82.7,93,"{'value': 2, 'displayName': 'SecondHalf'}","{'value': 1, 'displayName': 'Pass'}","{'value': 0, 'displayName': 'Unsuccessful'}","[{'type': {'value': 155, 'displayName': 'Chipped'}}, {'type': {'value': 212, 'displayName': 'Length'}, 'value': '14.7'}, {'type': {'value': 213, 'displayName': 'Angle'}, 'value': '0.59'}, {'type': {'value': 56, 'displayName': 'Zone'}, 'value': 'Back'}, {'type': {'value': 141, 'displayName': 'PassEndY'}, 'value': '94.7'}, {'type': {'value': 178, 'displayName': 'StandingSave'}}, {'type': {'value': 140, 'displayName': 'PassEndX'}, 'value': '20.2'}]","[91, 118, 120, 29, 124, 36, 37, 215, 218]",True,366211.0,20.2,94.7,,,,,,,,,
2762474513.0,984,91,38.0,13,87.0,6.7,93,"{'value': 2, 'displayName': 'SecondHalf'}","{'value': 1, 'displayName': 'Pass'}","{'value': 1, 'displayName': 'Successful'}","[{'type': {'value': 141, 'displayName': 'PassEndY'}, 'value': '13.2'}, {'type': {'value': 212, 'displayName': 'Length'}, 'value': '5.3'}, {'type': {'value': 3, 'displayName': 'HeadPass'}}, {'type': {'value': 140, 'displayName': 'PassEndX'}, 'value': '89.8'}, {'type': {'value': 213, 'displayName': 'Angle'}, 'value': '0.98'}, {'type': {'value': 56, 'displayName': 'Zone'}, 'value': 'Right'}]","[91, 119, 117, 30, 139, 205, 36, 37, 217, 218]",True,247454.0,89.8,13.2,,,,,,,,,
2762474515.0,985,91,40.0,13,89.8,13.3,93,"{'value': 2, 'displayName': 'SecondHalf'}","{'value': 1, 'displayName': 'Pass'}","{'value': 1, 'displayName': 'Successful'}","[{'type': {'value': 178, 'displayName': 'StandingSave'}}, {'type': {'value': 212, 'displayName': 'Length'}, 'value': '6.5'}, {'type': {'value': 155, 'displayName': 'Chipped'}}, {'type': {'value': 141, 'displayName': 'PassEndY'}, 'value': '13.5'}, {'type': {'value': 140, 'displayName': 'PassEndX'}, 'value': '83.6'}, {'type': {'value': 213, 'displayName': 'Angle'}, 'value': '3.12'}, {'type': {'value': 56, 'displayName': 'Zone'}, 'value': 'Right'}]","[91, 119, 117, 30, 124, 205, 35, 37, 217, 218]",True,326413.0,83.6,13.5,,,,,,,,,
2762474517.0,986,91,41.0,13,83.5,13.5,93,"{'value': 2, 'displayName': 'SecondHalf'}","{'value': 49, 'displayName': 'BallRecovery'}","{'value': 1, 'displayName': 'Successful'}",[],[93],False,388650.0,,,,,,,,,,,
2762474519.0,987,91,42.0,13,83.5,13.5,93,"{'value': 2, 'displayName': 'SecondHalf'}","{'value': 1, 'displayName': 'Pass'}","{'value': 0, 'displayName': 'Unsuccessful'}","[{'type': {'value': 141, 'displayName': 'PassEndY'}, 'value': '7.5'}, {'type': {'value': 212, 'displayName': 'Length'}, 'value': '4.5'}, {'type': {'value': 213, 'displayName': 'Angle'}, 'value': '5.17'}, {'type': {'value': 178, 'displayName': 'StandingSave'}}, {'type': {'value': 140, 'displayName': 'PassEndX'}, 'value': '85.4'}, {'type': {'value': 56, 'displayName': 'Zone'}, 'value': 'Right'}]","[91, 120, 29, 36, 38, 217, 218]",True,388650.0,85.4,7.5,,,,,,,,,
2762474521.0,616,91,43.0,165,20.0,93.5,93,"{'value': 2, 'displayName': 'SecondHalf'}","{'value': 8, 'displayName': 'Interception'}","{'value': 1, 'displayName': 'Successful'}","[{'type': {'value': 56, 'displayName': 'Zone'}, 'value': 'Back'}, {'type': {'value': 178, 'displayName': 'StandingSave'}}]","[91, 101, 56]",True,363516.0,,,,,,,,,,,
2762474523.0,617,91,43.0,165,26.0,92.0,93,"{'value': 2, 'displayName': 'SecondHalf'}","{'value': 49, 'displayName': 'BallRecovery'}","{'value': 1, 'displayName': 'Successful'}",[],[93],False,363516.0,,,,,,,,,,,
2762474525.0,618,91,46.0,165,29.2,86.0,93,"{'value': 2, 'displayName': 'SecondHalf'}","{'value': 1, 'displayName': 'Pass'}","{'value': 0, 'displayName': 'Unsuccessful'}","[{'type': {'value': 178, 'displayName': 'StandingSave'}}, {'type': {'value': 141, 'displayName': 'PassEndY'}, 'value': '56.3'}, {'type': {'value': 1, 'displayName': 'Longball'}}, {'type': {'value': 213, 'displayName': 'Angle'}, 'value': '5.84'}, {'type': {'value': 56, 'displayName': 'Zone'}, 'value': 'Center'}, {'type': {'value': 212, 'displayName': 'Length'}, 'value': '47.5'}, {'type': {'value': 140, 'displayName': 'PassEndX'}, 'value': '70.1'}]","[91, 120, 128, 36, 38, 217, 218]",True,363516.0,70.1,56.3,,,,,,,,,
2762474527.0,988,91,58.0,13,8.1,46.8,93,"{'value': 2, 'displayName': 'SecondHalf'}","{'value': 52, 'displayName': 'KeeperPickup'}","{'value': 1, 'displayName': 'Successful'}","[{'type': {'value': 178, 'displayName': 'StandingSave'}}]",[93],False,276366.0,,,,,,,,,,,
2762474529.0,989,92,12.0,13,13.1,47.9,94,"{'value': 2, 'displayName': 'SecondHalf'}","{'value': 1, 'displayName': 'Pass'}","{'value': 1, 'displayName': 'Successful'}","[{'type': {'value': 141, 'displayName': 'PassEndY'}, 'value': '29.9'}, {'type': {'value': 212, 'displayName': 'Length'}, 'value': '57.9'}, {'type': {'value': 213, 'displayName': 'Angle'}, 'value': '6.07'}, {'type': {'value': 56, 'displayName': 'Zone'}, 'value': 'Center'}, {'type': {'value': 140, 'displayName': 'PassEndX'}, 'value': '67.0'}, {'type': {'value': 1, 'displayName': 'Longball'}}]","[91, 119, 117, 127, 205, 36, 38, 217, 218]",True,276366.0,67.0,29.9,,,,,,,,,
2762474531.0,990,92,16.0,13,67.0,29.9,94,"{'value': 2, 'displayName': 'SecondHalf'}","{'value': 61, 'displayName': 'BallTouch'}","{'value': 0, 'displayName': 'Unsuccessful'}","[{'type': {'value': 178, 'displayName': 'StandingSave'}}, {'type': {'value': 56, 'displayName': 'Zone'}, 'value': 'Center'}, {'type': {'value': 21, 'displayName': 'OtherBodyPart'}}]","[91, 69]",True,326413.0,,,,,,,,,,,
2762474533.0,619,92,17.0,165,35.3,69.0,94,"{'value': 2, 'displayName': 'SecondHalf'}","{'value': 61, 'displayName': 'BallTouch'}","{'value': 0, 'displayName': 'Unsuccessful'}","[{'type': {'value': 21, 'displayName': 'OtherBodyPart'}}, {'type': {'value': 178, 'displayName': 'StandingSave'}}, {'type': {'value': 56, 'displayName': 'Zone'}, 'value': 'Back'}]","[91, 69]",True,270446.0,,,,,,,,,,,
2762474603.0,1003,92,18.0,13,67.9,28.6,94,"{'value': 2, 'displayName': 'SecondHalf'}","{'value': 1, 'displayName': 'Pass'}","{'value': 0, 'displayName': 'Unsuccessful'}","[{'type': {'value': 140, 'displayName': 'PassEndX'}, 'value': '63.9'}, {'type': {'value': 178, 'displayName': 'StandingSave'}}, {'type': {'value': 212, 'displayName': 'Length'}, 'value': '4.5'}, {'type': {'value': 213, 'displayName': 'Angle'}, 'value': '2.79'}, {'type': {'value': 141, 'displayName': 'PassEndY'}, 'value': '30.9'}, {'type': {'value': 56, 'displayName': 'Zone'}, 'value': 'Center'}]","[91, 120, 29, 35, 37, 216, 218]",True,326413.0,63.9,30.9,,,,,,,,,
2762474537.0,620,92,19.0,165,35.2,72.9,94,"{'value': 2, 'displayName': 'SecondHalf'}","{'value': 1, 'displayName': 'Pass'}","{'value': 1, 'displayName': 'Successful'}","[{'type': {'value': 212, 'displayName': 'Length'}, 'value': '11.5'}, {'type': {'value': 213, 'displayName': 'Angle'}, 'value': '2.35'}, {'type': {'value': 178, 'displayName': 'StandingSave'}}, {'type': {'value': 56, 'displayName': 'Zone'}, 'value': 'Back'}, {'type': {'value': 140, 'displayName': 'PassEndX'}, 'value': '27.5'}, {'type': {'value': 141, 'displayName': 'PassEndY'}, 'value': '85.0'}]","[91, 117, 30, 35, 37, 215, 218]",True,323713.0,27.5,85.0,,,,,,,,,
2762474547.0,625,92,53.0,165,30.6,74.7,94,"{'value': 2, 'displayName': 'SecondHalf'}","{'value': 49, 'displayName': 'BallRecovery'}","{'value': 1, 'displayName': 'Successful'}",[],[93],False,362426.0,,,,,,,,,,,
2762474555.0,626,92,57.0,165,39.0,53.0,94,"{'value': 2, 'displayName': 'SecondHalf'}","{'value': 1, 'displayName': 'Pass'}","{'value': 0, 'displayName': 'Unsuccessful'}","[{'type': {'value': 178, 'displayName': 'StandingSave'}}, {'type': {'value': 212, 'displayName': 'Length'}, 'value': '42.1'}, {'type': {'value': 1, 'displayName': 'Longball'}}, {'type': {'value': 141, 'displayName': 'PassEndY'}, 'value': '15.8'}, {'type': {'value': 155, 'displayName': 'Chipped'}}, {'type': {'value': 56, 'displayName': 'Zone'}, 'value': 'Right'}, {'type': {'value': 140, 'displayName': 'PassEndX'}, 'value': '71.1'}, {'type': {'value': 213, 'displayName': 'Angle'}, 'value': '5.64'}]","[91, 120, 124, 128, 36, 38, 217, 218]",True,362426.0,71.1,15.8,,,,,,,,,
2762474559.0,995,93,0.0,13,29.8,84.6,95,"{'value': 2, 'displayName': 'SecondHalf'}","{'value': 44, 'displayName': 'Aerial'}","{'value': 1, 'displayName': 'Successful'}","[{'type': {'value': 285, 'displayName': 'Defensive'}}, {'type': {'value': 233, 'displayName': 'OppositeRelatedEvent'}, 'value': '627'}, {'type': {'value': 56, 'displayName': 'Zone'}, 'value': 'Back'}]","[197, 200]",False,334087.0,,,,,,,,,,,
2762474557.0,627,93,0.0,165,70.2,15.4,95,"{'value': 2, 'displayName': 'SecondHalf'}","{'value': 44, 'displayName': 'Aerial'}","{'value': 0, 'displayName': 'Unsuccessful'}","[{'type': {'value': 233, 'displayName': 'OppositeRelatedEvent'}, 'value': '995'}, {'type': {'value': 56, 'displayName': 'Zone'}, 'value': 'Right'}, {'type': {'value': 286, 'displayName': 'Offensive'}}]","[198, 199]",False,362826.0,,,,,,,,,,,
2762474561.0,996,93,0.0,13,29.9,85.6,95,"{'value': 2, 'displayName': 'SecondHalf'}","{'value': 1, 'displayName': 'Pass'}","{'value': 1, 'displayName': 'Successful'}","[{'type': {'value': 141, 'displayName': 'PassEndY'}, 'value': '89.9'}, {'type': {'value': 3, 'displayName': 'HeadPass'}}, {'type': {'value': 56, 'displayName': 'Zone'}, 'value': 'Back'}, {'type': {'value': 213, 'displayName': 'Angle'}, 'value': '0.38'}, {'type': {'value': 212, 'displayName': 'Length'}, 'value': '7.8'}, {'type': {'value': 140, 'displayName': 'PassEndX'}, 'value': '36.8'}]","[91, 117, 30, 139, 36, 37, 216, 218]",True,334087.0,36.8,89.9,,,,,,,,,
2762474563.0,997,93,0.0,13,37.6,89.7,95,"{'value': 2, 'displayName': 'SecondHalf'}","{'value': 1, 'displayName': 'Pass'}","{'value': 0, 'displayName': 'Unsuccessful'}","[{'type': {'value': 56, 'displayName': 'Zone'}, 'value': 'Center'}, {'type': {'value': 213, 'displayName': 'Angle'}, 'value': '5.73'}, {'type': {'value': 141, 'displayName': 'PassEndY'}, 'value': '75.2'}, {'type': {'value': 212, 'displayName': 'Length'}, 'value': '18.7'}, {'type': {'value': 140, 'displayName': 'PassEndX'}, 'value': '52.7'}, {'type': {'value': 178, 'displayName': 'StandingSave'}}]","[91, 120, 29, 36, 38, 216, 218]",True,113994.0,52.7,75.2,,,,,,,,,
2762474565.0,628,93,4.0,165,45.9,9.5,95,"{'value': 2, 'displayName': 'SecondHalf'}","{'value': 1, 'displayName': 'Pass'}","{'value': 1, 'displayName': 'Successful'}","[{'type': {'value': 212, 'displayName': 'Length'}, 'value': '13.4'}, {'type': {'value': 213, 'displayName': 'Angle'}, 'value': '6.00'}, {'type': {'value': 141, 'displayName': 'PassEndY'}, 'value': '4.0'}, {'type': {'value': 140, 'displayName': 'PassEndX'}, 'value': '58.2'}, {'type': {'value': 56, 'displayName': 'Zone'}, 'value': 'Right'}, {'type': {'value': 178, 'displayName': 'StandingSave'}}]","[91, 119, 117, 30, 36, 38, 216, 218]",True,404080.0,58.2,4.0,,,,,,,,,
2762474567.0,629,93,7.0,165,62.8,4.8,95,"{'value': 2, 'displayName': 'SecondHalf'}","{'value': 3, 'displayName': 'TakeOn'}","{'value': 1, 'displayName': 'Successful'}","[{'type': {'value': 233, 'displayName': 'OppositeRelatedEvent'}, 'value': '998'}, {'type': {'value': 178, 'displayName': 'StandingSave'}}, {'type': {'value': 286, 'displayName': 'Offensive'}}, {'type': {'value': 56, 'displayName': 'Zone'}, 'value': 'Right'}]","[91, 54]",True,430908.0,,,,,,,,,,,
2762474569.0,998,93,7.0,13,37.2,95.2,95,"{'value': 2, 'displayName': 'SecondHalf'}","{'value': 45, 'displayName': 'Challenge'}","{'value': 0, 'displayName': 'Unsuccessful'}","[{'type': {'value': 56, 'displayName': 'Zone'}, 'value': 'Back'}, {'type': {'value': 285, 'displayName': 'Defensive'}}, {'type': {'value': 233, 'displayName': 'OppositeRelatedEvent'}, 'value': '629'}]",[55],False,113994.0,,,,,,,,,,,
2762474571.0,630,93,8.0,165,59.6,7.3,95,"{'value': 2, 'displayName': 'SecondHalf'}","{'value': 1, 'displayName': 'Pass'}","{'value': 1, 'displayName': 'Successful'}","[{'type': {'value': 56, 'displayName': 'Zone'}, 'value': 'Right'}, {'type': {'value': 213, 'displayName': 'Angle'}, 'value': '0.20'}, {'type': {'value': 212, 'displayName': 'Length'}, 'value': '9.3'}, {'type': {'value': 140, 'displayName': 'PassEndX'}, 'value': '68.3'}, {'type': {'value': 178, 'displayName': 'StandingSave'}}, {'type': {'value': 141, 'displayName': 'PassEndY'}, 'value': '10.0'}]","[91, 119, 117, 30, 205, 36, 37, 217, 218]",True,430908.0,68.3,10.0,,,,,,,,,
2762474573.0,631,93,9.0,165,72.3,11.4,95,"{'value': 2, 'displayName': 'SecondHalf'}","{'value': 1, 'displayName': 'Pass'}","{'value': 1, 'displayName': 'Successful'}","[{'type': {'value': 212, 'displayName': 'Length'}, 'value': '10.5'}, {'type': {'value': 213, 'displayName': 'Angle'}, 'value': '1.97'}, {'type': {'value': 140, 'displayName': 'PassEndX'}, 'value': '68.4'}, {'type': {'value': 56, 'displayName': 'Zone'}, 'value': 'Center'}, {'type': {'value': 141, 'displayName': 'PassEndY'}, 'value': '25.6'}, {'type': {'value': 178, 'displayName': 'StandingSave'}}]","[91, 119, 117, 30, 205, 35, 37, 217, 218]",True,349671.0,68.4,25.6,,,,,,,,,
2762474575.0,632,93,11.0,165,67.4,28.2,95,"{'value': 2, 'displayName': 'SecondHalf'}","{'value': 1, 'displayName': 'Pass'}","{'value': 1, 'displayName': 'Successful'}","[{'type': {'value': 140, 'displayName': 'PassEndX'}, 'value': '67.8'}, {'type': {'value': 178, 'displayName': 'StandingSave'}}, {'type': {'value': 141, 'displayName': 'PassEndY'}, 'value': '34.2'}, {'type': {'value': 56, 'displayName': 'Zone'}, 'value': 'Center'}, {'type': {'value': 213, 'displayName': 'Angle'}, 'value': '1.47'}, {'type': {'value': 212, 'displayName': 'Length'}, 'value': '4.1'}]","[91, 119, 117, 30, 205, 36, 37, 217, 218]",True,430908.0,67.8,34.2,,,,,,,,,
2762474579.0,633,93,12.0,165,67.8,34.2,95,"{'value': 2, 'displayName': 'SecondHalf'}","{'value': 1, 'displayName': 'Pass'}","{'value': 1, 'displayName': 'Successful'}","[{'type': {'value': 141, 'displayName': 'PassEndY'}, 'value': '32.8'}, {'type': {'value': 212, 'displayName': 'Length'}, 'value': '6.2'}, {'type': {'value': 178, 'displayName': 'StandingSave'}}, {'type': {'value': 56, 'displayName': 'Zone'}, 'value': 'Center'}, {'type': {'value': 213, 'displayName': 'Angle'}, 'value': '6.13'}, {'type': {'value': 140, 'displayName': 'PassEndX'}, 'value': '73.6'}]","[91, 119, 117, 30, 205, 36, 38, 217, 218]",True,323713.0,73.6,32.8,,,,,,,,,
2762474581.0,634,93,13.0,165,72.2,33.7,95,"{'value': 2, 'displayName': 'SecondHalf'}","{'value': 50, 'displayName': 'Dispossessed'}","{'value': 1, 'displayName': 'Successful'}","[{'type': {'value': 286, 'displayName': 'Offensive'}}, {'type': {'value': 56, 'displayName': 'Zone'}, 'value': 'Center'}, {'type': {'value': 233, 'displayName': 'OppositeRelatedEvent'}, 'value': '999'}]","[91, 70]",True,429636.0,,,,,,,,,,,
2762474577.0,999,93,13.0,13,27.8,66.3,95,"{'value': 2, 'displayName': 'SecondHalf'}","{'value': 7, 'displayName': 'Tackle'}","{'value': 1, 'displayName': 'Successful'}","[{'type': {'value': 233, 'displayName': 'OppositeRelatedEvent'}, 'value': '634'}, {'type': {'value': 178, 'displayName': 'StandingSave'}}, {'type': {'value': 285, 'displayName': 'Defensive'}}, {'type': {'value': 56, 'displayName': 'Zone'}, 'value': 'Back'}]","[91, 143]",True,334087.0,,,,,,,,,,,
2762474583.0,1000,93,14.0,13,28.4,61.0,95,"{'value': 2, 'displayName': 'SecondHalf'}","{'value': 1, 'displayName': 'Pass'}","{'value': 1, 'displayName': 'Successful'}","[{'type': {'value': 212, 'displayName': 'Length'}, 'value': '11.2'}, {'type': {'value': 140, 'displayName': 'PassEndX'}, 'value': '35.0'}, {'type': {'value': 178, 'displayName': 'StandingSave'}}, {'type': {'value': 56, 'displayName': 'Zone'}, 'value': 'Back'}, {'type': {'value': 141, 'displayName': 'PassEndY'}, 'value': '48.1'}, {'type': {'value': 213, 'displayName': 'Angle'}, 'value': '5.38'}]","[91, 117, 30, 36, 38, 216, 218]",True,326413.0,35.0,48.1,,,,,,,,,
2762474585.0,1001,93,15.0,13,35.5,48.1,95,"{'value': 2, 'displayName': 'SecondHalf'}","{'value': 49, 'displayName': 'BallRecovery'}","{'value': 1, 'displayName': 'Successful'}",[],[93],False,380706.0,,,,,,,,,,,
2762478205.0,676,93,19.0,165,44.2,63.7,95,"{'value': 2, 'displayName': 'SecondHalf'}","{'value': 45, 'displayName': 'Challenge'}","{'value': 0, 'displayName': 'Unsuccessful'}","[{'type': {'value': 285, 'displayName': 'Defensive'}}, {'type': {'value': 56, 'displayName': 'Zone'}, 'value': 'Back'}, {'type': {'value': 233, 'displayName': 'OppositeRelatedEvent'}, 'value': '1020'}]",[55],False,270446.0,,,,,,,,,,,
2762478207.0,1020,93,19.0,13,55.8,36.3,95,"{'value': 2, 'displayName': 'SecondHalf'}","{'value': 3, 'displayName': 'TakeOn'}","{'value': 1, 'displayName': 'Successful'}","[{'type': {'value': 178, 'displayName': 'StandingSave'}}, {'type': {'value': 286, 'displayName': 'Offensive'}}, {'type': {'value': 56, 'displayName': 'Zone'}, 'value': 'Center'}, {'type': {'value': 233, 'displayName': 'OppositeRelatedEvent'}, 'value': '676'}]","[91, 54]",True,380706.0,,,,,,,,,,,
2762474589.0,1002,93,21.0,13,62.1,37.5,95,"{'value': 2, 'displayName': 'SecondHalf'}","{'value': 3, 'displayName': 'TakeOn'}","{'value': 0, 'displayName': 'Unsuccessful'}","[{'type': {'value': 56, 'displayName': 'Zone'}, 'value': 'Center'}, {'type': {'value': 286, 'displayName': 'Offensive'}}, {'type': {'value': 233, 'displayName': 'OppositeRelatedEvent'}, 'value': '636'}, {'type': {'value': 178, 'displayName': 'StandingSave'}}]","[91, 53]",True,380706.0,,,,,,,,,,,
2762474591.0,636,93,21.0,165,37.9,62.5,95,"{'value': 2, 'displayName': 'SecondHalf'}","{'value': 7, 'displayName': 'Tackle'}","{'value': 1, 'displayName': 'Successful'}","[{'type': {'value': 56, 'displayName': 'Zone'}, 'value': 'Back'}, {'type': {'value': 285, 'displayName': 'Defensive'}}, {'type': {'value': 233, 'displayName': 'OppositeRelatedEvent'}, 'value': '1002'}]","[91, 143]",True,362826.0,,,,,,,,,,,
2762474593.0,637,93,24.0,165,42.8,83.3,95,"{'value': 2, 'displayName': 'SecondHalf'}","{'value': 49, 'displayName': 'BallRecovery'}","{'value': 1, 'displayName': 'Successful'}",[],[93],False,363516.0,,,,,,,,,,,
2762474595.0,638,93,30.0,165,64.7,82.3,95,"{'value': 2, 'displayName': 'SecondHalf'}","{'value': 1, 'displayName': 'Pass'}","{'value': 1, 'displayName': 'Successful'}","[{'type': {'value': 213, 'displayName': 'Angle'}, 'value': '4.53'}, {'type': {'value': 178, 'displayName': 'StandingSave'}}, {'type': {'value': 212, 'displayName': 'Length'}, 'value': '13.6'}, {'type': {'value': 56, 'displayName': 'Zone'}, 'value': 'Center'}, {'type': {'value': 140, 'displayName': 'PassEndX'}, 'value': '62.4'}, {'type': {'value': 141, 'displayName': 'PassEndY'}, 'value': '62.6'}]","[91, 119, 117, 30, 35, 38, 216, 218]",True,363516.0,62.4,62.6,,,,,,,,,
2762474597.0,639,93,33.0,165,64.0,65.7,95,"{'value': 2, 'displayName': 'SecondHalf'}","{'value': 1, 'displayName': 'Pass'}","{'value': 1, 'displayName': 'Successful'}","[{'type': {'value': 213, 'displayName': 'Angle'}, 'value': '2.47'}, {'type': {'value': 56, 'displayName': 'Zone'}, 'value': 'Center'}, {'type': {'value': 178, 'displayName': 'StandingSave'}}, {'type': {'value': 140, 'displayName': 'PassEndX'}, 'value': '58.8'}, {'type': {'value': 141, 'displayName': 'PassEndY'}, 'value': '72.1'}, {'type': {'value': 212, 'displayName': 'Length'}, 'value': '7.0'}]","[91, 119, 117, 30, 35, 37, 216, 218]",True,270446.0,58.8,72.1,,,,,,,,,
2762474599.0,640,93,34.0,165,58.8,72.1,95,"{'value': 2, 'displayName': 'SecondHalf'}","{'value': 1, 'displayName': 'Pass'}","{'value': 1, 'displayName': 'Successful'}","[{'type': {'value': 140, 'displayName': 'PassEndX'}, 'value': '64.2'}, {'type': {'value': 213, 'displayName': 'Angle'}, 'value': '5.35'}, {'type': {'value': 212, 'displayName': 'Length'}, 'value': '9.5'}, {'type': {'value': 56, 'displayName': 'Zone'}, 'value': 'Center'}, {'type': {'value': 141, 'displayName': 'PassEndY'}, 'value': '60.9'}, {'type': {'value': 178, 'displayName': 'StandingSave'}}]","[91, 119, 117, 30, 36, 38, 216, 218]",True,381161.0,64.2,60.9,,,,,,,,,
2762474601.0,641,93,35.0,165,64.2,60.9,95,"{'value': 2, 'displayName': 'SecondHalf'}","{'value': 1, 'displayName': 'Pass'}","{'value': 1, 'displayName': 'Successful'}","[{'type': {'value': 178, 'displayName': 'StandingSave'}}, {'type': {'value': 140, 'displayName': 'PassEndX'}, 'value': '53.5'}, {'type': {'value': 212, 'displayName': 'Length'}, 'value': '12.4'}, {'type': {'value': 213, 'displayName': 'Angle'}, 'value': '3.57'}, {'type': {'value': 56, 'displayName': 'Zone'}, 'value': 'Center'}, {'type': {'value': 141, 'displayName': 'PassEndY'}, 'value': '53.3'}]","[91, 119, 117, 30, 35, 38, 216, 218]",True,270446.0,53.5,53.3,,,,,,,,,
2762474605.0,642,93,37.0,165,53.4,51.8,95,"{'value': 2, 'displayName': 'SecondHalf'}","{'value': 1, 'displayName': 'Pass'}","{'value': 1, 'displayName': 'Successful'}","[{'type': {'value': 178, 'displayName': 'StandingSave'}}, {'type': {'value': 141, 'displayName': 'PassEndY'}, 'value': '13.2'}, {'type': {'value': 212, 'displayName': 'Length'}, 'value': '26.9'}, {'type': {'value': 140, 'displayName': 'PassEndX'}, 'value': '59.2'}, {'type': {'value': 213, 'displayName': 'Angle'}, 'value': '4.94'}, {'type': {'value': 56, 'displayName': 'Zone'}, 'value': 'Right'}]","[91, 119, 117, 30, 36, 38, 216, 218]",True,362826.0,59.2,13.2,,,,,,,,,
2762474607.0,643,93,42.0,165,66.7,17.3,95,"{'value': 2, 'displayName': 'SecondHalf'}","{'value': 1, 'displayName': 'Pass'}","{'value': 1, 'displayName': 'Successful'}","[{'type': {'value': 178, 'displayName': 'StandingSave'}}, {'type': {'value': 213, 'displayName': 'Angle'}, 'value': '0.29'}, {'type': {'value': 56, 'displayName': 'Zone'}, 'value': 'Right'}, {'type': {'value': 212, 'displayName': 'Length'}, 'value': '7.2'}, {'type': {'value': 141, 'displayName': 'PassEndY'}, 'value': '20.3'}, {'type': {'value': 140, 'displayName': 'PassEndX'}, 'value': '73.3'}]","[91, 119, 117, 30, 205, 36, 37, 217, 218]",True,404080.0,73.3,20.3,,,,,,,,,
2762474609.0,644,93,43.0,165,73.3,20.3,95,"{'value': 2, 'displayName': 'SecondHalf'}","{'value': 1, 'displayName': 'Pass'}","{'value': 1, 'displayName': 'Successful'}","[{'type': {'value': 56, 'displayName': 'Zone'}, 'value': 'Right'}, {'type': {'value': 140, 'displayName': 'PassEndX'}, 'value': '66.8'}, {'type': {'value': 178, 'displayName': 'StandingSave'}}, {'type': {'value': 212, 'displayName': 'Length'}, 'value': '6.9'}, {'type': {'value': 141, 'displayName': 'PassEndY'}, 'value': '18.9'}, {'type': {'value': 156, 'displayName': 'LayOff'}}, {'type': {'value': 213, 'displayName': 'Angle'}, 'value': '3.28'}]","[91, 119, 117, 30, 205, 35, 38, 217, 218]",True,349671.0,66.8,18.9,,,,,,,,,
2762474611.0,645,93,45.0,165,66.8,20.7,95,"{'value': 2, 'displayName': 'SecondHalf'}","{'value': 1, 'displayName': 'Pass'}","{'value': 1, 'displayName': 'Successful'}","[{'type': {'value': 141, 'displayName': 'PassEndY'}, 'value': '43.0'}, {'type': {'value': 213, 'displayName': 'Angle'}, 'value': '1.82'}, {'type': {'value': 56, 'displayName': 'Zone'}, 'value': 'Center'}, {'type': {'value': 212, 'displayName': 'Length'}, 'value': '15.6'}, {'type': {'value': 140, 'displayName': 'PassEndX'}, 'value': '63.2'}, {'type': {'value': 178, 'displayName': 'StandingSave'}}]","[91, 119, 117, 30, 35, 37, 216, 218]",True,404080.0,63.2,43.0,,,,,,,,,
2762474613.0,646,93,48.0,165,63.1,43.9,95,"{'value': 2, 'displayName': 'SecondHalf'}","{'value': 1, 'displayName': 'Pass'}","{'value': 1, 'displayName': 'Successful'}","[{'type': {'value': 56, 'displayName': 'Zone'}, 'value': 'Left'}, {'type': {'value': 212, 'displayName': 'Length'}, 'value': '38.6'}, {'type': {'value': 141, 'displayName': 'PassEndY'}, 'value': '91.4'}, {'type': {'value': 178, 'displayName': 'StandingSave'}}, {'type': {'value': 140, 'displayName': 'PassEndX'}, 'value': '83.2'}, {'type': {'value': 1, 'displayName': 'Longball'}}, {'type': {'value': 155, 'displayName': 'Chipped'}}, {'type': {'value': 213, 'displayName': 'Angle'}, 'value': '0.99'}]","[91, 119, 117, 124, 127, 205, 36, 37, 217, 218]",True,270446.0,83.2,91.4,,,,,,,,,
2762474615.0,647,93,52.0,165,82.2,92.9,95,"{'value': 2, 'displayName': 'SecondHalf'}","{'value': 1, 'displayName': 'Pass'}","{'value': 1, 'displayName': 'Successful'}","[{'type': {'value': 213, 'displayName': 'Angle'}, 'value': '4.31'}, {'type': {'value': 178, 'displayName': 'StandingSave'}}, {'type': {'value': 140, 'displayName': 'PassEndX'}, 'value': '79.2'}, {'type': {'value': 212, 'displayName': 'Length'}, 'value': '8.0'}, {'type': {'value': 141, 'displayName': 'PassEndY'}, 'value': '82.1'}, {'type': {'value': 56, 'displayName': 'Zone'}, 'value': 'Left'}]","[91, 119, 117, 30, 205, 35, 38, 217, 218]",True,366211.0,79.2,82.1,,,,,,,,,
2762474617.0,648,93,54.0,165,78.5,82.3,95,"{'value': 2, 'displayName': 'SecondHalf'}","{'value': 1, 'displayName': 'Pass'}","{'value': 1, 'displayName': 'Successful'}","[{'type': {'value': 178, 'displayName': 'StandingSave'}}, {'type': {'value': 56, 'displayName': 'Zone'}, 'value': 'Left'}, {'type': {'value': 213, 'displayName': 'Angle'}, 'value': '2.04'}, {'type': {'value': 141, 'displayName': 'PassEndY'}, 'value': '92.1'}, {'type': {'value': 212, 'displayName': 'Length'}, 'value': '7.5'}, {'type': {'value': 140, 'displayName': 'PassEndX'}, 'value': '75.3'}]","[91, 119, 117, 30, 205, 35, 37, 217, 218]",True,381161.0,75.3,92.1,,,,,,,,,
2762474619.0,649,93,55.0,165,74.9,90.6,95,"{'value': 2, 'displayName': 'SecondHalf'}","{'value': 1, 'displayName': 'Pass'}","{'value': 1, 'displayName': 'Successful'}","[{'type': {'value': 212, 'displayName': 'Length'}, 'value': '17.8'}, {'type': {'value': 178, 'displayName': 'StandingSave'}}, {'type': {'value': 213, 'displayName': 'Angle'}, 'value': '4.27'}, {'type': {'value': 140, 'displayName': 'PassEndX'}, 'value': '67.6'}, {'type': {'value': 56, 'displayName': 'Zone'}, 'value': 'Center'}, {'type': {'value': 141, 'displayName': 'PassEndY'}, 'value': '67.0'}]","[91, 119, 117, 30, 205, 35, 38, 217, 218]",True,366211.0,67.6,67.0,,,,,,,,,
2762474621.0,650,93,58.0,165,67.7,64.0,95,"{'value': 2, 'displayName': 'SecondHalf'}","{'value': 1, 'displayName': 'Pass'}","{'value': 1, 'displayName': 'Successful'}","[{'type': {'value': 178, 'displayName': 'StandingSave'}}, {'type': {'value': 141, 'displayName': 'PassEndY'}, 'value': '46.0'}, {'type': {'value': 56, 'displayName': 'Zone'}, 'value': 'Center'}, {'type': {'value': 212, 'displayName': 'Length'}, 'value': '12.3'}, {'type': {'value': 140, 'displayName': 'PassEndX'}, 'value': '67.2'}, {'type': {'value': 213, 'displayName': 'Angle'}, 'value': '4.67'}]","[91, 119, 117, 30, 205, 35, 38, 217, 218]",True,362826.0,67.2,46.0,,,,,,,,,
2762474623.0,651,94,0.0,165,67.0,42.4,96,"{'value': 2, 'displayName': 'SecondHalf'}","{'value': 1, 'displayName': 'Pass'}","{'value': 1, 'displayName': 'Successful'}","[{'type': {'value': 140, 'displayName': 'PassEndX'}, 'value': '76.5'}, {'type': {'value': 212, 'displayName': 'Length'}, 'value': '25.9'}, {'type': {'value': 213, 'displayName': 'Angle'}, 'value': '5.11'}, {'type': {'value': 56, 'displayName': 'Zone'}, 'value': 'Right'}, {'type': {'value': 141, 'displayName': 'PassEndY'}, 'value': '7.3'}, {'type': {'value': 178, 'displayName': 'StandingSave'}}]","[91, 119, 117, 30, 205, 36, 38, 217, 218]",True,270446.0,76.5,7.3,,,,,,,,,
2762474625.0,652,94,6.0,165,85.4,17.0,96,"{'value': 2, 'displayName': 'SecondHalf'}","{'value': 1, 'displayName': 'Pass'}","{'value': 1, 'displayName': 'Successful'}","[{'type': {'value': 178, 'displayName': 'StandingSave'}}, {'type': {'value': 210, 'displayName': 'ShotAssist'}, 'value': '15'}, {'type': {'value': 140, 'displayName': 'PassEndX'}, 'value': '79.2'}, {'type': {'value': 141, 'displayName': 'PassEndY'}, 'value': '27.7'}, {'type': {'value': 212, 'displayName': 'Length'}, 'value': '9.8'}, {'type': {'value': 213, 'displayName': 'Angle'}, 'value': '2.30'}, {'type': {'value': 56, 'displayName': 'Zone'}, 'value': 'Center'}, {'type': {'value': 11113, 'displayName': 'KeyPass'}}]","[91, 119, 117, 30, 123, 205, 40, 46, 35, 37, 217, 218]",True,430908.0,79.2,27.7,,,,,,,,,
2762474627.0,653,94,10.0,165,81.6,46.4,96,"{'value': 2, 'displayName': 'SecondHalf'}","{'value': 15, 'displayName': 'SavedShot'}","{'value': 1, 'displayName': 'Successful'}","[{'type': {'value': 55, 'displayName': 'RelatedEventId'}, 'value': '652'}, {'type': {'value': 215, 'displayName': 'IndividualPlay'}}, {'type': {'value': 178, 'displayName': 'StandingSave'}}, {'type': {'value': 78, 'displayName': 'LowCentre'}}, {'type': {'value': 233, 'displayName': 'OppositeRelatedEvent'}, 'value': '1004'}, {'type': {'value': 22, 'displayName': 'RegularPlay'}}, {'type': {'value': 147, 'displayName': 'BlockedY'}, 'value': '48.0'}, {'type': {'value': 82, 'displayName': 'Blocked'}}, {'type': {'value': 102, 'displayName': 'GoalMouthY'}, 'value': '51.2'}, {'type': {'value': 72, 'displayName': 'LeftFoot'}}, {'type': {'value': 29, 'displayName': 'Assisted'}}, {'type': {'value': 146, 'displayName': 'BlockedX'}, 'value': '89.3'}, {'type': {'value': 103, 'displayName': 'GoalMouthZ'}, 'value': '19'}, {'type': {'value': 56, 'displayName': 'Zone'}, 'value': 'Center'}, {'type': {'value': 18, 'displayName': 'OutOfBoxCentre'}}]","[91, 10, 2, 3, 11, 13]",True,349671.0,,,652.0,430908.0,89.3,48.0,19.0,51.2,True,,
2762474629.0,1004,94,10.0,13,10.7,52.0,96,"{'value': 2, 'displayName': 'SecondHalf'}","{'value': 10, 'displayName': 'Save'}","{'value': 1, 'displayName': 'Successful'}","[{'type': {'value': 233, 'displayName': 'OppositeRelatedEvent'}, 'value': '653'}, {'type': {'value': 56, 'displayName': 'Zone'}, 'value': 'Back'}, {'type': {'value': 94, 'displayName': 'OutfielderBlock'}}, {'type': {'value': 178, 'displayName': 'StandingSave'}}]","[91, 58]",True,326413.0,,,,,,,,,,,
2762474631.0,654,94,10.0,165,88.6,46.0,96,"{'value': 2, 'displayName': 'SecondHalf'}","{'value': 61, 'displayName': 'BallTouch'}","{'value': 1, 'displayName': 'Successful'}","[{'type': {'value': 56, 'displayName': 'Zone'}, 'value': 'Center'}]",[91],True,429636.0,,,,,,,,,,,
2762474635.0,1005,94,12.0,13,11.6,64.7,96,"{'value': 2, 'displayName': 'SecondHalf'}","{'value': 4, 'displayName': 'Foul'}","{'value': 1, 'displayName': 'Successful'}","[{'type': {'value': 285, 'displayName': 'Defensive'}}, {'type': {'value': 56, 'displayName': 'Zone'}, 'value': 'Back'}, {'type': {'value': 13, 'displayName': 'Foul'}}, {'type': {'value': 233, 'displayName': 'OppositeRelatedEvent'}, 'value': '655'}]","[91, 63]",True,467918.0,,,,,,,,,,,
2762474633.0,655,94,12.0,165,88.4,35.3,96,"{'value': 2, 'displayName': 'SecondHalf'}","{'value': 4, 'displayName': 'Foul'}","{'value': 0, 'displayName': 'Unsuccessful'}","[{'type': {'value': 13, 'displayName': 'Foul'}}, {'type': {'value': 286, 'displayName': 'Offensive'}}, {'type': {'value': 233, 'displayName': 'OppositeRelatedEvent'}, 'value': '1005'}, {'type': {'value': 178, 'displayName': 'StandingSave'}}, {'type': {'value': 56, 'displayName': 'Zone'}, 'value': 'Center'}]",[64],False,429636.0,,,,,,,,,,,
2762474637.0,656,94,36.0,165,0.0,0.0,96,"{'value': 2, 'displayName': 'SecondHalf'}","{'value': 30, 'displayName': 'End'}","{'value': 1, 'displayName': 'Successful'}",[],[],False,,,,,,,,,,,,
2762474639.0,1006,94,36.0,13,0.0,0.0,96,"{'value': 2, 'displayName': 'SecondHalf'}","{'value': 30, 'displayName': 'End'}","{'value': 1, 'displayName': 'Successful'}",[],[],False,,,,,,,,,,,,
2762474643.0,657,0,0.0,165,0.0,0.0,6,"{'value': 14, 'displayName': 'PostGame'}","{'value': 30, 'displayName': 'End'}","{'value': 1, 'displayName': 'Successful'}",[],[],False,,,,,,,,,,,,
2762474647.0,1007,0,0.0,13,0.0,0.0,6,"{'value': 14, 'displayName': 'PostGame'}","{'value': 30, 'displayName': 'End'}","{'value': 1, 'displayName': 'Successful'}",[],[],False,,,,,,,,,,,,
2762456549.0,2,0,0.0,165,0.0,0.0,0,"{'value': 16, 'displayName': 'PreMatch'}","{'value': 34, 'displayName': 'FormationSet'}","{'value': 1, 'displayName': 'Successful'}","[{'type': {'value': 59, 'displayName': 'JerseyNumber'}, 'value': '1, 18, 3, 24, 6, 26, 20, 8, 19, 12, 23, 28, 2, 7, 10, 14, 16, 22, 33, 47'}, {'type': {'value': 194, 'displayName': 'CaptainPlayerId'}, 'value': '362826'}, {'type': {'value': 30, 'displayName': 'InvolvedPlayers'}, 'value': '362426,349484,366211,381161,356599,362826,430908,270446,401254,404108,138686,140906,404080,135729,256129,323713,429636,108640,349671,363516'}, {'type': {'value': 131, 'displayName': 'TeamPlayerFormation'}, 'value': '1, 2, 3, 4, 5, 6, 7, 8, 9, 10, 11, 0, 0, 0, 0, 0, 0, 0, 0, 0'}, {'type': {'value': 44, 'displayName': 'PlayerPosition'}, 'value': '1, 2, 2, 2, 2, 2, 3, 3, 4, 3, 3, 5, 5, 5, 5, 5, 5, 5, 5, 5'}, {'type': {'value': 130, 'displayName': 'TeamFormation'}, 'value': '11'}]",[],False,,,,,,,,,,,,
2762456551.0,2,0,0.0,13,0.0,0.0,0,"{'value': 16, 'displayName': 'PreMatch'}","{'value': 34, 'displayName': 'FormationSet'}","{'value': 1, 'displayName': 'Successful'}","[{'type': {'value': 130, 'displayName': 'TeamFormation'}, 'value': '4'}, {'type': {'value': 44, 'displayName': 'PlayerPosition'}, 'value': '1, 2, 2, 3, 2, 2, 3, 3, 4, 4, 4, 5, 5, 5, 5, 5, 5, 5, 5, 5'}, {'type': {'value': 59, 'displayName': 'JerseyNumber'}, 'value': '22, 12, 49, 41, 2, 6, 8, 29, 9, 11, 19, 32, 3, 5, 15, 17, 20, 23, 33, 53'}, {'type': {'value': 194, 'displayName': 'CaptainPlayerId'}, 'value': '247454'}, {'type': {'value': 30, 'displayName': 'InvolvedPlayers'}, 'value': '276366,388650,467918,332325,361822,334087,247454,326413,279379,380706,113994,76202,297403,238940,424462,273257,106968,238916,386519,456771'}, {'type': {'value': 131, 'displayName': 'TeamPlayerFormation'}, 'value': '1, 2, 3, 4, 5, 6, 7, 8, 9, 10, 11, 0, 0, 0, 0, 0, 0, 0, 0, 0'}]",[],False,,,,,,,,,,,,
